ts,episode,step,thr,delay,jitter,loss,numUe,stepEnergyJ,txPowerDbm,sinr,rew,act_m
1771585700.1793685,0,0,0.0,0.0,0.0,0.0,1.0,0.0,23.0,0.0,1.75,1.0
1771585700.1928756,0,1,960000.0,0.005769630515,0.0,0.5294117647058824,1.0,7.619952623149688,23.0,8.804985870897262,-1.5119952623149688,1.0
1771585700.2117648,0,2,2160000.0,0.023880741626111115,0.012538336274929361,0.09999999999999998,1.0,7.619952623149688,23.0,11.234200541743819,0.33800473768503125,1.0
1771585700.2277033,0,3,2280000.0,0.027453841041315787,0.010448130689412685,0.050000000000000044,1.0,7.619952623149688,23.0,11.234200541743819,0.33800473768503125,1.0
1771585700.2606878,0,4,2280000.0,0.021611735778157896,0.012376816859268258,0.050000000000000044,1.0,7.619952623149688,23.0,10.119959086474898,0.33800473768503125,1.0
1771585700.298406,0,5,1320000.0,0.017860539605909092,0.012131510776445295,0.44999999999999996,1.0,7.619952623149688,23.0,11.234200541743819,-1.661995262314969,1.0
1771585700.3202133,0,6,1440000.0,0.03843629718166666,0.005821416398857657,0.4,1.0,7.619952623149688,23.0,11.234200541743819,-1.661995262314969,1.0
1771585700.3524354,0,7,1440000.0,0.03418629718166666,0.005544642058379963,0.4,1.0,7.619952623149688,23.0,11.234200541743819,-1.661995262314969,1.0
1771585700.3684716,0,8,2160000.0,0.025158519403888892,0.01188901869088019,0.09999999999999998,1.0,7.619952623149688,23.0,11.234200541743819,0.33800473768503125,1.0
1771585700.3958106,0,9,2280000.0,0.026085419988684206,0.01049336949335626,0.050000000000000044,1.0,7.619952623149688,23.0,11.234200541743819,0.33800473768503125,1.0
1771585700.4140542,0,10,1920000.0,0.014082130515000006,0.011514766335015227,0.19999999999999996,1.0,7.619952623149688,23.0,11.234200541743819,0.23800473768503116,1.0
1771585700.42974,0,11,2400000.0,0.025519630514999996,0.011652789365641177,0.0,1.0,7.619952623149688,23.0,11.234200541743819,0.8380047376850313,1.0
1771585700.4440353,0,12,1800000.0,0.029302963848333325,0.009149620514292165,0.25,1.0,7.619952623149688,23.0,11.234200541743819,0.21300473768503114,1.0
1771585700.4583333,0,13,1920000.0,0.030707130514999993,0.007948810838735585,0.19999999999999996,1.0,7.619952623149688,23.0,10.119959086474898,0.23800473768503116,1.0
1771585700.4720783,0,14,1560000.0,0.024231168976538462,0.014221410644168151,0.35,1.0,7.619952623149688,23.0,11.234200541743819,-1.661995262314969,1.0
1771585700.4856367,0,15,1920000.0,0.028082130514999994,0.010657853618341744,0.19999999999999996,1.0,7.619952623149688,23.0,11.234200541743819,0.23800473768503116,1.0
1771585700.5001342,0,16,2160000.0,0.025491852737222216,0.012232949837565565,0.09999999999999998,1.0,7.619952623149688,23.0,7.488309859724464,0.33800473768503125,1.0
1771585700.5133529,0,17,2640000.0,0.011815085060454554,0.01049448891183659,0.0,1.0,7.619952623149688,23.0,11.234200541743819,0.8380047376850313,1.0
1771585700.5256295,0,18,2040000.0,0.01359315992676471,0.011340895773924446,0.15000000000000002,1.0,7.619952623149688,23.0,8.804985870897262,0.2630047376850313,1.0
1771585700.5403302,0,19,1320000.0,0.03576963051499999,0.00393122696553457,0.44999999999999996,1.0,7.619952623149688,23.0,11.234200541743819,-1.5119952623149688,1.0
1771585700.5545444,0,20,2040000.0,0.029887277573823524,0.008784226190040049,0.15000000000000002,1.0,7.619952623149688,23.0,11.234200541743819,0.2630047376850313,1.0
1771585700.5679314,0,21,2280000.0,0.012769630515000007,0.010992820623623306,0.050000000000000044,1.0,7.619952623149688,23.0,11.234200541743819,0.33800473768503125,1.0
1771585700.581912,0,22,1800000.0,0.027569630514999995,0.012410748030101445,0.25,1.0,7.619952623149688,23.0,10.119959086474898,0.21300473768503114,1.0
1771585700.59659,0,23,2040000.0,0.031240218750294108,0.006589810736002399,0.15000000000000002,1.0,7.619952623149688,23.0,11.234200541743819,0.2630047376850313,1.0
1771585700.6112878,0,24,2640000.0,0.017315085060454552,0.013523472095606979,0.0,1.0,7.619952623149688,23.0,11.234200541743819,0.8380047376850313,1.0
1771585700.6251132,0,25,1560000.0,0.022846553591923075,0.013176094544880184,0.35,1.0,7.619952623149688,23.0,10.119959086474898,-1.661995262314969,1.0
1771585700.6397014,0,26,1680000.0,0.02762677337214286,0.011115350665101078,0.30000000000000004,1.0,7.619952623149688,23.0,11.234200541743819,-1.661995262314969,1.0
1771585700.6604261,0,27,1680000.0,0.03312677337214285,0.006913828202100755,0.30000000000000004,1.0,7.619952623149688,23.0,11.234200541743819,-1.661995262314969,1.0
1771585700.6756017,0,28,2280000.0,0.028822262093947365,0.010169477988002952,0.050000000000000044,1.0,7.619952623149688,23.0,7.488309859724464,0.33800473768503125,1.0
1771585700.6925015,0,29,1080000.0,0.03154740829277777,0.00848237097066325,0.55,1.0,7.619952623149688,23.0,11.234200541743819,-1.661995262314969,1.0
1771585700.7082393,0,30,1920000.0,0.026019630515,0.01203380654655874,0.19999999999999996,1.0,7.619952623149688,23.0,11.234200541743819,0.23800473768503116,1.0
1771585700.7257342,0,31,2400000.0,0.030169630515,0.01017054570807289,0.0,1.0,7.619952623149688,23.0,8.01463970507455,0.8380047376850313,1.0
1771585700.7431524,0,32,1320000.0,0.0336787214240909,0.006748124930871147,0.44999999999999996,1.0,7.619952623149688,23.0,11.234200541743819,-1.661995262314969,1.0
1771585700.7647862,0,33,2640000.0,0.019724175969545454,0.01279018541598231,0.0,1.0,7.619952623149688,23.0,7.995247647281745,0.8380047376850313,1.0
1771585700.7805316,0,34,1320000.0,0.03558781233318181,0.004950999565160071,0.44999999999999996,1.0,7.619952623149688,23.0,7.488309859724464,-1.5119952623149688,1.0
1771585700.793174,0,35,2160000.0,0.019436297181666673,0.013063945294843596,0.09999999999999998,1.0,7.619952623149688,23.0,8.804985870897262,0.33800473768503125,1.0
1771585700.8101487,0,36,1800000.0,0.03023629718166666,0.007898241717130626,0.25,1.0,7.619952623149688,23.0,11.234200541743819,0.21300473768503114,1.0
1771585700.8245783,0,37,1800000.0,0.02983629718166666,0.009341425063780294,0.25,1.0,7.619952623149688,23.0,7.995247647281745,0.21300473768503114,1.0
1771585700.841194,0,38,1560000.0,0.021308092053461545,0.013781902205514538,0.35,1.0,7.619952623149688,23.0,11.234200541743819,-1.661995262314969,1.0
1771585700.855186,0,39,3000000.0,0.016689630515000005,0.012240653577321759,0.0,1.0,7.619952623149688,23.0,11.234200541743819,0.8380047376850313,1.0
1771585700.8701923,0,40,1560000.0,0.024231168976538455,0.011862127093046921,0.35,1.0,7.619952623149688,23.0,10.119959086474898,-1.661995262314969,1.0
1771585700.8847666,0,41,1560000.0,0.025231168976538463,0.010499929557385565,0.35,1.0,7.619952623149688,23.0,8.804985870897262,-1.661995262314969,1.0
1771585700.8972456,0,42,2280000.0,0.022032788409736846,0.013388298525059914,0.050000000000000044,1.0,7.619952623149688,23.0,11.234200541743819,0.33800473768503125,1.0
1771585700.9118834,0,43,2640000.0,0.025360539605909085,0.01192270214533104,0.0,1.0,7.619952623149688,23.0,10.119959086474898,0.8380047376850313,1.0
1771585700.9269333,0,44,840000.0,0.03305534480071429,0.007923099785064011,0.65,1.0,7.619952623149688,23.0,11.94933268341769,-1.661995262314969,1.0
1771585700.942372,0,45,1800000.0,0.03216963051499999,0.009485427419643973,0.25,1.0,7.619952623149688,23.0,11.234200541743819,0.21300473768503114,1.0
1771585700.956678,0,46,2760000.0,0.02698702181934783,0.009663722038091186,0.0,1.0,7.619952623149688,23.0,10.119959086474898,0.8380047376850313,1.0
1771585700.9708352,0,47,1200000.0,0.033169630515,0.00984073168011402,0.5,1.0,7.619952623149688,23.0,11.234200541743819,-1.661995262314969,1.0
1771585700.985211,0,48,1680000.0,0.03041248765785714,0.009309036645394952,0.30000000000000004,1.0,7.619952623149688,23.0,11.234200541743819,-1.661995262314969,1.0
1771585701.0014799,0,49,2040000.0,0.029122571691470586,0.010437157470085584,0.15000000000000002,1.0,7.619952623149688,23.0,10.119959086474898,0.2630047376850313,1.0
1771585701.0160158,0,50,1800000.0,0.027369630515,0.012186331140530623,0.25,1.0,7.619952623149688,23.0,11.234200541743819,0.21300473768503114,1.0
1771585701.0298653,0,51,2280000.0,0.016822262093947372,0.013713127341924779,0.050000000000000044,1.0,7.619952623149688,23.0,8.98872730332345,0.33800473768503125,1.0
1771585701.0432813,0,52,2520000.0,0.013769630515000006,0.01216552506059644,0.0,1.0,7.619952623149688,23.0,11.234200541743819,0.8380047376850313,1.0
1771585701.056007,0,53,1560000.0,0.005769630515,1.1641532182693481e-10,0.35,1.0,7.619952623149688,23.0,11.234200541743819,-1.5119952623149688,1.0
1771585701.070387,0,54,2280000.0,0.026769630514999997,0.012594902895511679,0.050000000000000044,1.0,7.619952623149688,23.0,11.234200541743819,0.33800473768503125,1.0
1771585701.0875418,0,55,1680000.0,0.031269630514999994,0.009439657984119072,0.30000000000000004,1.0,7.619952623149688,23.0,10.119959086474898,-1.661995262314969,1.0
1771585701.0995145,0,56,1920000.0,0.014082130515000006,0.011514766335015227,0.19999999999999996,1.0,7.619952623149688,23.0,7.995247647281745,0.23800473768503116,1.0
1771585701.1139455,0,57,1680000.0,0.034983916229285705,0.006084859094842058,0.30000000000000004,1.0,7.619952623149688,23.0,11.234200541743819,-1.661995262314969,1.0
1771585701.1288376,0,58,1440000.0,0.03660296384833332,0.005177408189003061,0.4,1.0,7.619952623149688,23.0,10.119959086474898,-1.661995262314969,1.0
1771585701.1427932,0,59,1920000.0,0.03301963051499999,0.007344215410784246,0.19999999999999996,1.0,7.619952623149688,23.0,8.804985870897262,0.23800473768503116,1.0
1771585701.158676,0,60,1320000.0,0.03576963051499999,0.004861724348044028,0.44999999999999996,1.0,7.619952623149688,23.0,8.804985870897262,-1.5119952623149688,1.0
1771585701.1727397,0,61,2280000.0,0.02250647262026316,0.013575683002157531,0.050000000000000044,1.0,7.619952623149688,23.0,10.119959086474898,0.33800473768503125,1.0
1771585701.189205,0,62,1440000.0,0.02568629718166666,0.010804770037143582,0.4,1.0,7.619952623149688,23.0,11.234200541743819,-1.661995262314969,1.0
1771585701.2016487,0,63,2280000.0,0.019874893672894738,0.012400741645232374,0.050000000000000044,1.0,7.619952623149688,23.0,11.234200541743819,0.33800473768503125,1.0
1771585701.2152972,0,64,1920000.0,0.030207130515,0.009062068955266222,0.19999999999999996,1.0,7.619952623149688,23.0,10.119959086474898,0.23800473768503116,1.0
1771585701.2279422,0,65,2160000.0,0.020825186070555557,0.012117353131504428,0.09999999999999998,1.0,7.619952623149688,23.0,11.234200541743819,0.33800473768503125,1.0
1771585701.2409003,0,66,2520000.0,0.0266743924197619,0.01207872889049081,0.0,1.0,7.619952623149688,23.0,11.234200541743819,0.8380047376850313,1.0
1771585701.2530186,0,67,1320000.0,0.005769630515,8.231806349783991e-11,0.44999999999999996,1.0,7.619952623149688,23.0,10.119959086474898,-1.5119952623149688,1.0
1771585701.266323,0,68,2040000.0,0.03241668933852941,0.009158353155778154,0.15000000000000002,1.0,7.619952623149688,23.0,11.234200541743819,0.2630047376850313,1.0
1771585701.2801638,0,69,1800000.0,0.027102963848333328,0.012391753530294078,0.25,1.0,7.619952623149688,23.0,9.209854982705023,0.21300473768503114,1.0
1771585701.292796,0,70,2160000.0,0.027214074959444445,0.009592950086288599,0.09999999999999998,1.0,7.619952623149688,23.0,7.699637833474825,0.33800473768503125,1.0
1771585701.307371,0,71,2160000.0,0.026825186070555552,0.012803958685683558,0.09999999999999998,1.0,7.619952623149688,23.0,11.234200541743819,0.33800473768503125,1.0
1771585701.3255115,0,72,2040000.0,0.027769630514999998,0.010369638940903673,0.15000000000000002,1.0,7.619952623149688,23.0,8.804985870897262,0.2630047376850313,1.0
1771585701.3408077,0,73,1920000.0,0.020582130515000005,0.013947305967461944,0.19999999999999996,1.0,7.619952623149688,23.0,11.234200541743819,0.23800473768503116,1.0
1771585701.3554575,0,74,1680000.0,0.015269630515000002,0.01184271928232701,0.30000000000000004,1.0,7.619952623149688,23.0,7.995247647281745,-1.661995262314969,1.0
1771585701.369375,0,75,1920000.0,0.019519630515000008,0.013169567191065904,0.19999999999999996,1.0,7.619952623149688,23.0,11.234200541743819,0.23800473768503116,1.0
1771585701.3830311,0,76,2040000.0,0.017769630515000003,0.013941052369762858,0.15000000000000002,1.0,7.619952623149688,23.0,10.119959086474898,0.2630047376850313,1.0
1771585701.396377,0,77,2040000.0,0.02494610110323529,0.012372813147797534,0.15000000000000002,1.0,7.619952623149688,23.0,11.234200541743819,0.2630047376850313,1.0
1771585701.4089127,0,78,1800000.0,0.03196963051499999,0.007790592617595513,0.25,1.0,7.619952623149688,23.0,11.234200541743819,0.21300473768503114,1.0
1771585701.422818,0,79,2400000.0,0.019419630515,0.012248571345263075,0.0,1.0,7.619952623149688,23.0,10.119959086474898,0.8380047376850313,1.0
1771585701.4366896,0,80,1200000.0,0.029369630515,0.010258654882585708,0.5,1.0,7.619952623149688,23.0,8.804985870897262,-1.661995262314969,1.0
1771585701.4526215,0,81,1440000.0,0.033436297181666665,0.00848855438549789,0.4,1.0,7.619952623149688,23.0,11.234200541743819,-1.661995262314969,1.0
1771585701.4679787,0,82,1320000.0,0.03186053960590909,0.008638755649603355,0.44999999999999996,1.0,7.619952623149688,23.0,9.975595763354864,-1.661995262314969,1.0
1771585701.4841864,0,83,1680000.0,0.031841059086428564,0.009482798605251282,0.30000000000000004,1.0,7.619952623149688,23.0,11.234200541743819,-1.661995262314969,1.0
1771585701.4975674,0,84,2880000.0,0.021894630515000003,0.012683034928596532,0.0,1.0,7.619952623149688,23.0,11.234200541743819,0.8380047376850313,1.0
1771585701.5123248,0,85,2160000.0,0.01504740829277778,0.012546825873748819,0.09999999999999998,1.0,7.619952623149688,23.0,10.119959086474898,0.33800473768503125,1.0
1771585701.5289936,0,86,1920000.0,0.016269630515,0.012961481396815723,0.19999999999999996,1.0,7.619952623149688,23.0,11.234200541743819,0.23800473768503116,1.0
1771585701.5455475,0,87,1320000.0,0.032769630514999995,0.006281285334590814,0.44999999999999996,1.0,7.619952623149688,23.0,11.234200541743819,-1.661995262314969,1.0
1771585701.5634582,0,88,1560000.0,0.035154245899615376,0.00535707241430162,0.35,1.0,7.619952623149688,23.0,11.234200541743819,-1.661995262314969,1.0
1771585701.578239,0,89,1680000.0,0.02634105908642857,0.010880613728188354,0.30000000000000004,1.0,7.619952623149688,23.0,9.209854982705023,-1.661995262314969,1.0
1771585701.5949483,0,90,2160000.0,0.021214074959444443,0.013557376926817463,0.09999999999999998,1.0,7.619952623149688,23.0,11.234200541743819,0.33800473768503125,1.0
1771585701.6097863,0,91,2280000.0,0.02945384104131579,0.010959507439848727,0.050000000000000044,1.0,7.619952623149688,23.0,9.638747790027777,0.33800473768503125,1.0
1771585701.6231494,0,92,1560000.0,0.016000399745769237,0.011981741533579945,0.35,1.0,7.619952623149688,23.0,9.975595763354864,-1.661995262314969,1.0
1771585701.636511,0,93,2280000.0,0.02466436735710526,0.011488643073382944,0.050000000000000044,1.0,7.619952623149688,23.0,11.234200541743819,0.33800473768503125,1.0
1771585701.6498408,0,94,2160000.0,0.021714074959444444,0.012773550025224532,0.09999999999999998,1.0,7.619952623149688,23.0,11.234200541743819,0.33800473768503125,1.0
1771585701.6654446,0,95,1440000.0,0.03468629718166666,0.004645039169790642,0.4,1.0,7.619952623149688,23.0,11.234200541743819,-1.5119952623149688,1.0
1771585701.680819,0,96,1800000.0,0.03183629718166666,0.009327140802816053,0.25,1.0,7.619952623149688,23.0,11.234200541743819,0.21300473768503114,1.0
1771585701.6953695,0,97,2520000.0,0.029531535276904764,0.01021625577626987,0.0,1.0,7.619952623149688,23.0,7.488309859724464,0.8380047376850313,1.0
1771585701.708606,0,98,1560000.0,0.015538861284230768,0.01205853573298469,0.35,1.0,7.619952623149688,23.0,11.94933268341769,-1.661995262314969,1.0
1771585701.7233226,0,99,2040000.0,0.02600492463264706,0.012900202514437313,0.15000000000000002,1.0,7.619952623149688,23.0,7.995247647281745,0.2630047376850313,1.0
1771585701.7386587,0,100,1440000.0,0.03635296384833333,0.005040805711612227,0.4,1.0,7.619952623149688,23.0,10.119959086474898,-1.661995262314969,1.0
1771585701.7533934,0,101,1560000.0,0.032692707438076916,0.008241186793375935,0.35,1.0,7.619952623149688,23.0,9.209854982705023,-1.661995262314969,1.0
1771585701.768089,0,102,1920000.0,0.023269630515,0.014815532390029041,0.19999999999999996,1.0,7.619952623149688,23.0,11.234200541743819,0.23800473768503116,1.0
1771585701.7842233,0,103,2040000.0,0.027240218750294115,0.01227679612860746,0.15000000000000002,1.0,7.619952623149688,23.0,10.119959086474898,0.2630047376850313,1.0
1771585701.796253,0,104,2040000.0,0.021828454044411767,0.011739679263257237,0.15000000000000002,1.0,7.619952623149688,23.0,11.234200541743819,0.2630047376850313,1.0
1771585701.8115547,0,105,720000.0,0.039269630514999994,0.0030956959368345052,0.7,1.0,7.619952623149688,23.0,8.804985870897262,-1.5119952623149688,1.0
1771585701.8246017,0,106,2160000.0,0.027269630514999997,0.011884864324004712,0.09999999999999998,1.0,7.619952623149688,23.0,9.638747790027777,0.33800473768503125,1.0
1771585701.839598,0,107,1200000.0,0.03746963051499999,0.004100000000000069,0.5,1.0,7.619952623149688,23.0,11.234200541743819,-1.5119952623149688,1.0
1771585701.8527262,0,108,2040000.0,0.027828454044411765,0.011859325386206274,0.15000000000000002,1.0,7.619952623149688,23.0,11.234200541743819,0.2630047376850313,1.0
1771585701.8680687,0,109,2280000.0,0.021401209462368426,0.014499402987040845,0.050000000000000044,1.0,7.619952623149688,23.0,10.119959086474898,0.33800473768503125,1.0
1771585701.8793933,0,110,2160000.0,0.01315851940388889,0.011166113861385801,0.09999999999999998,1.0,7.619952623149688,23.0,11.234200541743819,0.33800473768503125,1.0
1771585701.8922853,0,111,1920000.0,0.022832130515,0.01137139365909034,0.19999999999999996,1.0,7.619952623149688,23.0,11.234200541743819,0.23800473768503116,1.0
1771585701.9074311,0,112,1560000.0,0.033846553591923074,0.0063423065260996446,0.35,1.0,7.619952623149688,23.0,11.234200541743819,-1.661995262314969,1.0
1771585701.9226897,0,113,1560000.0,0.03169270743807692,0.008334003917792153,0.35,1.0,7.619952623149688,23.0,11.234200541743819,-1.661995262314969,1.0
1771585701.9356883,0,114,2280000.0,0.018559104199210537,0.01311720022825962,0.050000000000000044,1.0,7.619952623149688,23.0,11.234200541743819,0.33800473768503125,1.0
1771585701.9514916,0,115,1680000.0,0.02869820194357143,0.011725821845789046,0.30000000000000004,1.0,7.619952623149688,23.0,11.234200541743819,-1.661995262314969,1.0
1771585701.9639497,0,116,2280000.0,0.019769630515,0.011986834883584393,0.050000000000000044,1.0,7.619952623149688,23.0,11.234200541743819,0.33800473768503125,1.0
1771585701.9769092,0,117,2040000.0,0.026887277573823525,0.010028678600078271,0.15000000000000002,1.0,7.619952623149688,23.0,11.234200541743819,0.2630047376850313,1.0
1771585701.9893403,0,118,2400000.0,0.018769630515000003,0.01274754878398196,0.0,1.0,7.619952623149688,23.0,10.119959086474898,0.8380047376850313,1.0
1771585702.0056233,0,119,1320000.0,0.03486053960590909,0.006331085580538243,0.44999999999999996,1.0,7.619952623149688,23.0,8.804985870897262,-1.661995262314969,1.0
1771585702.0208826,0,120,2280000.0,0.030032788409736836,0.008502891800738696,0.050000000000000044,1.0,7.619952623149688,23.0,11.234200541743819,0.33800473768503125,1.0
1771585702.0364437,0,121,1680000.0,0.030841059086428566,0.00818940330736083,0.30000000000000004,1.0,7.619952623149688,23.0,7.976653541553818,-1.661995262314969,1.0
1771585702.053236,0,122,1320000.0,0.035405994151363626,0.006314092856067438,0.44999999999999996,1.0,7.619952623149688,23.0,7.995247647281745,-1.661995262314969,1.0
1771585702.0798852,0,123,1920000.0,0.030144630515,0.00788095013307405,0.19999999999999996,1.0,7.619952623149688,23.0,11.234200541743819,0.23800473768503116,1.0
1771585702.0964196,0,124,2760000.0,0.022639195732391305,0.012694758753555102,0.0,1.0,7.619952623149688,23.0,7.488309859724464,0.8380047376850313,1.0
1771585702.1100838,0,125,1320000.0,0.01695144869681818,0.015056367917795882,0.44999999999999996,1.0,7.619952623149688,23.0,11.234200541743819,-1.661995262314969,1.0
1771585702.1249347,0,126,1800000.0,0.03190296384833333,0.00705092586512976,0.25,1.0,7.619952623149688,23.0,11.234200541743819,0.21300473768503114,1.0
1771585702.140033,0,127,1920000.0,0.030019630514999996,0.0087927526975345,0.19999999999999996,1.0,7.619952623149688,23.0,10.119959086474898,0.23800473768503116,1.0
1771585702.1540692,0,128,2640000.0,0.01817872142409091,0.01187686479485945,0.0,1.0,7.619952623149688,23.0,11.234200541743819,0.8380047376850313,1.0
1771585702.168913,0,129,1680000.0,0.022626773372142854,0.013590212564600326,0.30000000000000004,1.0,7.619952623149688,23.0,11.234200541743819,-1.661995262314969,1.0
1771585702.1828303,0,130,1920000.0,0.026769630514999997,0.010210288928331077,0.19999999999999996,1.0,7.619952623149688,23.0,11.234200541743819,0.23800473768503116,1.0
1771585702.1958344,0,131,2160000.0,0.03165851940388889,0.007309726312621545,0.09999999999999998,1.0,7.619952623149688,23.0,11.234200541743819,0.33800473768503125,1.0
1771585702.2089388,0,132,2040000.0,0.021181395220882356,0.011882061732016879,0.15000000000000002,1.0,7.619952623149688,23.0,11.234200541743819,0.2630047376850313,1.0
1771585702.2235105,0,133,1680000.0,0.029555344800714284,0.00861210586017954,0.30000000000000004,1.0,7.619952623149688,23.0,9.638747790027777,-1.661995262314969,1.0
1771585702.237845,0,134,2520000.0,0.024579154324523813,0.012140522651411379,0.0,1.0,7.619952623149688,23.0,11.234200541743819,0.8380047376850313,1.0
1771585702.2498736,0,135,2280000.0,0.012769630515000005,0.010992820623623308,0.050000000000000044,1.0,7.619952623149688,23.0,11.234200541743819,0.33800473768503125,1.0
1771585702.2631161,0,136,1320000.0,0.025951448696818178,0.011937855615403246,0.44999999999999996,1.0,7.619952623149688,23.0,7.488309859724464,-1.661995262314969,1.0
1771585702.276081,0,137,2760000.0,0.022769630515,0.01176213526902987,0.0,1.0,7.619952623149688,23.0,11.234200541743819,0.8380047376850313,1.0
1771585702.2902644,0,138,1680000.0,0.021269630515000002,0.011733651240281997,0.30000000000000004,1.0,7.619952623149688,23.0,11.234200541743819,-1.661995262314969,1.0
1771585702.3034508,0,139,2040000.0,0.013593159926764712,0.011340895773924442,0.15000000000000002,1.0,7.619952623149688,23.0,10.119959086474898,0.2630047376850313,1.0
1771585702.3176155,0,140,1680000.0,0.030841059086428563,0.009176556199003524,0.30000000000000004,1.0,7.619952623149688,23.0,8.804985870897262,-1.661995262314969,1.0
1771585702.3302605,0,141,2160000.0,0.018158519403888893,0.013363045598003508,0.09999999999999998,1.0,7.619952623149688,23.0,11.234200541743819,0.33800473768503125,1.0
1771585702.347045,0,142,1680000.0,0.027198201943571424,0.013205595598156143,0.30000000000000004,1.0,7.619952623149688,23.0,8.804985870897262,-1.661995262314969,1.0
1771585702.3612165,0,143,2520000.0,0.019293440038809527,0.01374121034254276,0.0,1.0,7.619952623149688,23.0,11.234200541743819,0.8380047376850313,1.0
1771585702.3747468,0,144,2040000.0,0.029181395220882346,0.010666378312134727,0.15000000000000002,1.0,7.619952623149688,23.0,8.804985870897262,0.2630047376850313,1.0
1771585702.3863134,0,145,2040000.0,0.005769630515,1.1641532182693481e-10,0.15000000000000002,1.0,7.619952623149688,23.0,10.119959086474898,0.4130047376850312,1.0
1771585702.399311,0,146,2040000.0,0.02665198345617647,0.010464968749798352,0.15000000000000002,1.0,7.619952623149688,23.0,11.234200541743819,0.2630047376850313,1.0
1771585702.410877,0,147,2400000.0,0.018069630515000008,0.013054118124178263,0.0,1.0,7.619952623149688,23.0,11.234200541743819,0.8380047376850313,1.0
1771585702.4224916,0,148,1920000.0,0.014207130515,0.012082884330738253,0.19999999999999996,1.0,7.619952623149688,23.0,10.119959086474898,0.23800473768503116,1.0
1771585702.434515,0,149,1800000.0,0.023236297181666664,0.011140716115024003,0.25,1.0,7.619952623149688,23.0,11.234200541743819,0.21300473768503114,1.0
1771585702.446753,0,150,2520000.0,0.02238867813404762,0.012365374815631986,0.0,1.0,7.619952623149688,23.0,11.234200541743819,0.8380047376850313,1.0
1771585702.4605327,0,151,1080000.0,0.031769630515,0.009475113602367921,0.55,1.0,7.619952623149688,23.0,9.638747790027777,-1.661995262314969,1.0
1771585702.4724667,0,152,2160000.0,0.022325186070555558,0.014735528577867012,0.09999999999999998,1.0,7.619952623149688,23.0,11.234200541743819,0.33800473768503125,1.0
1771585702.487381,0,153,2400000.0,0.026419630514999997,0.011934299309134158,0.0,1.0,7.619952623149688,23.0,11.234200541743819,0.8380047376850313,1.0
1771585702.5008607,0,154,1440000.0,0.022852963848333335,0.013300741416260305,0.4,1.0,7.619952623149688,23.0,11.234200541743819,-1.661995262314969,1.0
1771585702.51521,0,155,1560000.0,0.03338501513038462,0.007426961916800807,0.35,1.0,7.619952623149688,23.0,11.234200541743819,-1.661995262314969,1.0
1771585702.5275054,0,156,2040000.0,0.025416689338529412,0.011565370096418356,0.15000000000000002,1.0,7.619952623149688,23.0,11.234200541743819,0.2630047376850313,1.0
1771585702.5409858,0,157,1920000.0,0.030644630514999993,0.008774074025217704,0.19999999999999996,1.0,7.619952623149688,23.0,11.234200541743819,0.23800473768503116,1.0
1771585702.5523074,0,158,1920000.0,0.014082130515000006,0.011514766335015227,0.19999999999999996,1.0,7.619952623149688,23.0,11.234200541743819,0.23800473768503116,1.0
1771585702.5679035,0,159,1920000.0,0.026082130515,0.010704664579051507,0.19999999999999996,1.0,7.619952623149688,23.0,11.234200541743819,0.23800473768503116,1.0
1771585702.5884347,0,160,1920000.0,0.025144630515,0.01085630577130177,0.19999999999999996,1.0,7.619952623149688,23.0,10.119959086474898,0.23800473768503116,1.0
1771585702.6069434,0,161,2520000.0,0.02391248765785714,0.011646727373103622,0.0,1.0,7.619952623149688,23.0,9.209854982705023,0.8380047376850313,1.0
1771585702.6248176,0,162,2160000.0,0.022880741626111107,0.012050306076743863,0.09999999999999998,1.0,7.619952623149688,23.0,8.804985870897262,0.33800473768503125,1.0
1771585702.6396954,0,163,2280000.0,0.012769630515,0.010992820623623306,0.050000000000000044,1.0,7.619952623149688,23.0,11.234200541743819,0.33800473768503125,1.0
1771585702.6575606,0,164,1440000.0,0.016186297181666667,0.013143175246322922,0.4,1.0,7.619952623149688,23.0,11.234200541743819,-1.661995262314969,1.0
1771585702.6741736,0,165,1800000.0,0.034302963848333326,0.00559603033904887,0.25,1.0,7.619952623149688,23.0,11.234200541743819,0.21300473768503114,1.0
1771585702.6897142,0,166,2160000.0,0.02782518607055555,0.011582900338296698,0.09999999999999998,1.0,7.619952623149688,23.0,10.119959086474898,0.33800473768503125,1.0
1771585702.7037983,0,167,1680000.0,0.02148391622928572,0.012936264483053433,0.30000000000000004,1.0,7.619952623149688,23.0,11.234200541743819,-1.661995262314969,1.0
1771585702.720351,0,168,2520000.0,0.022912487657857143,0.01219010416098985,0.0,1.0,7.619952623149688,23.0,8.804985870897262,0.8380047376850313,1.0
1771585702.7351754,0,169,2280000.0,0.012769630515000005,0.010992820623623306,0.050000000000000044,1.0,7.619952623149688,23.0,10.119959086474898,0.33800473768503125,1.0
1771585702.749406,0,170,1680000.0,0.021769630514999996,0.014530755559944479,0.30000000000000004,1.0,7.619952623149688,23.0,11.234200541743819,-1.661995262314969,1.0
1771585702.7706895,0,171,2280000.0,0.027138051567631577,0.010936229150545493,0.050000000000000044,1.0,7.619952623149688,23.0,11.234200541743819,0.33800473768503125,1.0
1771585702.7872784,0,172,1560000.0,0.025231168976538456,0.01255520354652504,0.35,1.0,7.619952623149688,23.0,10.119959086474898,-1.661995262314969,1.0
1771585702.8081088,0,173,1560000.0,0.031769630515,0.008814324006542276,0.35,1.0,7.619952623149688,23.0,9.209854982705023,-1.661995262314969,1.0
1771585702.8437107,0,174,2040000.0,0.03229904227970588,0.006903687395441604,0.15000000000000002,1.0,7.619952623149688,23.0,11.234200541743819,0.2630047376850313,1.0
1771585702.8776066,0,175,2040000.0,0.028181395220882345,0.010123117536140707,0.15000000000000002,1.0,7.619952623149688,23.0,9.638747790027777,0.2630047376850313,1.0
1771585702.914886,0,176,2400000.0,0.01581963051500001,0.01326452034564384,0.0,1.0,7.619952623149688,23.0,11.234200541743819,0.8380047376850313,1.0
1771585702.9582272,0,177,1200000.0,0.03136963051499999,0.009748846085563175,0.5,1.0,7.619952623149688,23.0,7.995247647281745,-1.661995262314969,1.0
1771585703.0036423,0,178,2760000.0,0.023552239210652172,0.011802566123845707,0.0,1.0,7.619952623149688,23.0,10.119959086474898,0.8380047376850313,1.0
1771585703.049872,0,179,1320000.0,0.02286053960590909,0.014009441916433265,0.44999999999999996,1.0,7.619952623149688,23.0,11.234200541743819,-1.661995262314969,1.0
1771585703.0920565,0,180,3000000.0,0.016089630515000005,0.012552991675293966,0.0,1.0,7.619952623149688,23.0,11.234200541743819,0.8380047376850313,1.0
1771585703.1343772,0,181,1560000.0,0.023846553591923073,0.012079617533817602,0.35,1.0,7.619952623149688,23.0,10.20212241284837,-1.661995262314969,1.0
1771585703.1833158,0,182,1560000.0,0.031231168976538458,0.010330056106894954,0.35,1.0,7.619952623149688,23.0,11.234200541743819,-1.661995262314969,1.0
1771585703.2273712,0,183,1920000.0,0.02839463051499999,0.010723076750634605,0.19999999999999996,1.0,7.619952623149688,23.0,11.234200541743819,0.23800473768503116,1.0
1771585703.2703776,0,184,1800000.0,0.031236297181666657,0.009017513823419185,0.25,1.0,7.619952623149688,23.0,10.119959086474898,0.21300473768503114,1.0
1771585703.2980757,0,185,2160000.0,0.019436297181666666,0.013063945294843624,0.09999999999999998,1.0,7.619952623149688,23.0,11.234200541743819,0.33800473768503125,1.0
1771585703.3174813,0,186,1800000.0,0.02983629718166666,0.011624495210067805,0.25,1.0,7.619952623149688,23.0,11.234200541743819,0.21300473768503114,1.0
1771585703.334462,0,187,2160000.0,0.025769630515,0.010801234497346431,0.09999999999999998,1.0,7.619952623149688,23.0,10.119959086474898,0.33800473768503125,1.0
1771585703.3521442,0,188,1680000.0,0.03305534480071428,0.0062954470104373715,0.30000000000000004,1.0,7.619952623149688,23.0,11.234200541743819,-1.661995262314969,1.0
1771585703.370689,0,189,1800000.0,0.032636297181666656,0.007191352832086318,0.25,1.0,7.619952623149688,23.0,11.234200541743819,0.21300473768503114,1.0
1771585703.3863833,0,190,3000000.0,0.015609630515000007,0.012670217046286123,0.0,1.0,7.619952623149688,23.0,10.119959086474898,0.8380047376850313,1.0
1771585703.403311,0,191,1080000.0,0.032880741626111105,0.010587670444063647,0.55,1.0,7.619952623149688,23.0,11.234200541743819,-1.661995262314969,1.0
1771585703.4172945,0,192,2760000.0,0.022247891384565215,0.012843098519598809,0.0,1.0,7.619952623149688,23.0,11.234200541743819,0.8380047376850313,1.0
1771585703.4330726,0,193,1320000.0,0.031133266878636358,0.007289752798810722,0.44999999999999996,1.0,7.619952623149688,23.0,11.234200541743819,-1.661995262314969,1.0
1771585703.4464402,0,194,2880000.0,0.015394630515000009,0.01326905076986793,0.0,1.0,7.619952623149688,23.0,11.234200541743819,0.8380047376850313,1.0
1771585703.4594586,0,195,2160000.0,0.013158519403888892,0.0111661138613858,0.09999999999999998,1.0,7.619952623149688,23.0,11.234200541743819,0.33800473768503125,1.0
1771585703.4748728,0,196,1560000.0,0.021308092053461538,0.013815350351165323,0.35,1.0,7.619952623149688,23.0,7.488309859724464,-1.661995262314969,1.0
1771585703.491015,0,197,2280000.0,0.031032788409736844,0.010371225909689072,0.050000000000000044,1.0,7.619952623149688,23.0,11.234200541743819,0.33800473768503125,1.0
1771585703.504347,0,198,1200000.0,0.014469630514999998,0.01347627544984147,0.5,1.0,7.619952623149688,23.0,11.234200541743819,-1.661995262314969,1.0
1771585703.5186737,0,199,3120000.0,0.016000399745769237,0.011981741533579945,0.0,1.0,7.619952623149688,23.0,8.804985870897262,0.8380047376850313,1.0
1771585703.5325475,0,200,1440000.0,0.016186297181666667,0.013143175246322922,0.4,1.0,7.619952623149688,23.0,11.234200541743819,-1.661995262314969,1.0
1771585703.8362324,1,0,0.0,0.0,0.0,0.0,1.0,0.0,23.0,0.0,1.75,1.0
1771585703.8513167,1,1,960000.0,0.005769630515,0.0,0.5294117647058824,1.0,7.619952623149688,23.0,8.804985870897262,-1.5119952623149688,1.0
1771585703.8848395,1,2,2160000.0,0.023880741626111115,0.012538336274929361,0.09999999999999998,1.0,7.619952623149688,23.0,11.234200541743819,0.33800473768503125,1.0
1771585703.9003737,1,3,2280000.0,0.027453841041315787,0.010448130689412685,0.050000000000000044,1.0,7.619952623149688,23.0,11.234200541743819,0.33800473768503125,1.0
1771585703.9152436,1,4,2280000.0,0.021611735778157896,0.012376816859268258,0.050000000000000044,1.0,7.619952623149688,23.0,10.119959086474898,0.33800473768503125,1.0
1771585703.9310243,1,5,1320000.0,0.017860539605909092,0.012131510776445295,0.44999999999999996,1.0,7.619952623149688,23.0,11.234200541743819,-1.661995262314969,1.0
1771585703.9483023,1,6,1440000.0,0.03843629718166666,0.005821416398857657,0.4,1.0,7.619952623149688,23.0,11.234200541743819,-1.661995262314969,1.0
1771585703.9651315,1,7,1440000.0,0.03418629718166666,0.005544642058379963,0.4,1.0,7.619952623149688,23.0,11.234200541743819,-1.661995262314969,1.0
1771585703.979151,1,8,2160000.0,0.025158519403888892,0.01188901869088019,0.09999999999999998,1.0,7.619952623149688,23.0,11.234200541743819,0.33800473768503125,1.0
1771585703.9940417,1,9,2280000.0,0.026085419988684206,0.01049336949335626,0.050000000000000044,1.0,7.619952623149688,23.0,11.234200541743819,0.33800473768503125,1.0
1771585704.007149,1,10,1920000.0,0.014082130515000006,0.011514766335015227,0.19999999999999996,1.0,7.619952623149688,23.0,11.234200541743819,0.23800473768503116,1.0
1771585704.0372667,1,11,2400000.0,0.025519630514999996,0.011652789365641177,0.0,1.0,7.619952623149688,23.0,11.234200541743819,0.8380047376850313,1.0
1771585704.0567825,1,12,1800000.0,0.029302963848333325,0.009149620514292165,0.25,1.0,7.619952623149688,23.0,11.234200541743819,0.21300473768503114,1.0
1771585704.073204,1,13,1920000.0,0.030707130514999993,0.007948810838735585,0.19999999999999996,1.0,7.619952623149688,23.0,10.119959086474898,0.23800473768503116,1.0
1771585704.0881805,1,14,1560000.0,0.024231168976538462,0.014221410644168151,0.35,1.0,7.619952623149688,23.0,11.234200541743819,-1.661995262314969,1.0
1771585704.102225,1,15,1920000.0,0.028082130514999994,0.010657853618341744,0.19999999999999996,1.0,7.619952623149688,23.0,11.234200541743819,0.23800473768503116,1.0
1771585704.117022,1,16,2160000.0,0.025491852737222216,0.012232949837565565,0.09999999999999998,1.0,7.619952623149688,23.0,7.488309859724464,0.33800473768503125,1.0
1771585704.1370616,1,17,2640000.0,0.011815085060454554,0.01049448891183659,0.0,1.0,7.619952623149688,23.0,11.234200541743819,0.8380047376850313,1.0
1771585704.1544075,1,18,2040000.0,0.01359315992676471,0.011340895773924446,0.15000000000000002,1.0,7.619952623149688,23.0,8.804985870897262,0.2630047376850313,1.0
1771585704.169887,1,19,1320000.0,0.03576963051499999,0.00393122696553457,0.44999999999999996,1.0,7.619952623149688,23.0,11.234200541743819,-1.5119952623149688,1.0
1771585704.1845987,1,20,2040000.0,0.029887277573823524,0.008784226190040049,0.15000000000000002,1.0,7.619952623149688,23.0,11.234200541743819,0.2630047376850313,1.0
1771585704.1997356,1,21,2280000.0,0.012769630515000007,0.010992820623623306,0.050000000000000044,1.0,7.619952623149688,23.0,11.234200541743819,0.33800473768503125,1.0
1771585704.2143302,1,22,1800000.0,0.027569630514999995,0.012410748030101445,0.25,1.0,7.619952623149688,23.0,10.119959086474898,0.21300473768503114,1.0
1771585704.2286897,1,23,2040000.0,0.031240218750294108,0.006589810736002399,0.15000000000000002,1.0,7.619952623149688,23.0,11.234200541743819,0.2630047376850313,1.0
1771585704.2607367,1,24,2640000.0,0.017315085060454552,0.013523472095606979,0.0,1.0,7.619952623149688,23.0,11.234200541743819,0.8380047376850313,1.0
1771585704.2752726,1,25,1560000.0,0.022846553591923075,0.013176094544880184,0.35,1.0,7.619952623149688,23.0,10.119959086474898,-1.661995262314969,1.0
1771585704.290011,1,26,1680000.0,0.02762677337214286,0.011115350665101078,0.30000000000000004,1.0,7.619952623149688,23.0,11.234200541743819,-1.661995262314969,1.0
1771585704.305377,1,27,1680000.0,0.03312677337214285,0.006913828202100755,0.30000000000000004,1.0,7.619952623149688,23.0,11.234200541743819,-1.661995262314969,1.0
1771585704.32032,1,28,2280000.0,0.028822262093947365,0.010169477988002952,0.050000000000000044,1.0,7.619952623149688,23.0,7.488309859724464,0.33800473768503125,1.0
1771585704.3354037,1,29,1080000.0,0.03154740829277777,0.00848237097066325,0.55,1.0,7.619952623149688,23.0,11.234200541743819,-1.661995262314969,1.0
1771585704.3500652,1,30,1920000.0,0.026019630515,0.01203380654655874,0.19999999999999996,1.0,7.619952623149688,23.0,11.234200541743819,0.23800473768503116,1.0
1771585704.365744,1,31,2400000.0,0.030169630515,0.01017054570807289,0.0,1.0,7.619952623149688,23.0,8.01463970507455,0.8380047376850313,1.0
1771585704.3811538,1,32,1320000.0,0.0336787214240909,0.006748124930871147,0.44999999999999996,1.0,7.619952623149688,23.0,11.234200541743819,-1.661995262314969,1.0
1771585704.3951478,1,33,2640000.0,0.019724175969545454,0.01279018541598231,0.0,1.0,7.619952623149688,23.0,7.995247647281745,0.8380047376850313,1.0
1771585704.408867,1,34,1320000.0,0.03558781233318181,0.004950999565160071,0.44999999999999996,1.0,7.619952623149688,23.0,7.488309859724464,-1.5119952623149688,1.0
1771585704.4199648,1,35,2160000.0,0.019436297181666673,0.013063945294843596,0.09999999999999998,1.0,7.619952623149688,23.0,8.804985870897262,0.33800473768503125,1.0
1771585704.432193,1,36,1800000.0,0.03023629718166666,0.007898241717130626,0.25,1.0,7.619952623149688,23.0,11.234200541743819,0.21300473768503114,1.0
1771585704.445323,1,37,1800000.0,0.02983629718166666,0.009341425063780294,0.25,1.0,7.619952623149688,23.0,7.995247647281745,0.21300473768503114,1.0
1771585704.4602911,1,38,1560000.0,0.021308092053461545,0.013781902205514538,0.35,1.0,7.619952623149688,23.0,11.234200541743819,-1.661995262314969,1.0
1771585704.4735234,1,39,3000000.0,0.016689630515000005,0.012240653577321759,0.0,1.0,7.619952623149688,23.0,11.234200541743819,0.8380047376850313,1.0
1771585704.4875395,1,40,1560000.0,0.024231168976538455,0.011862127093046921,0.35,1.0,7.619952623149688,23.0,10.119959086474898,-1.661995262314969,1.0
1771585704.5013924,1,41,1560000.0,0.025231168976538463,0.010499929557385565,0.35,1.0,7.619952623149688,23.0,8.804985870897262,-1.661995262314969,1.0
1771585704.5129163,1,42,2280000.0,0.022032788409736846,0.013388298525059914,0.050000000000000044,1.0,7.619952623149688,23.0,11.234200541743819,0.33800473768503125,1.0
1771585704.526144,1,43,2640000.0,0.025360539605909085,0.01192270214533104,0.0,1.0,7.619952623149688,23.0,10.119959086474898,0.8380047376850313,1.0
1771585704.5402539,1,44,840000.0,0.03305534480071429,0.007923099785064011,0.65,1.0,7.619952623149688,23.0,11.94933268341769,-1.661995262314969,1.0
1771585704.5547168,1,45,1800000.0,0.03216963051499999,0.009485427419643973,0.25,1.0,7.619952623149688,23.0,11.234200541743819,0.21300473768503114,1.0
1771585704.5686412,1,46,2760000.0,0.02698702181934783,0.009663722038091186,0.0,1.0,7.619952623149688,23.0,10.119959086474898,0.8380047376850313,1.0
1771585704.581256,1,47,1200000.0,0.033169630515,0.00984073168011402,0.5,1.0,7.619952623149688,23.0,11.234200541743819,-1.661995262314969,1.0
1771585704.5942316,1,48,1680000.0,0.03041248765785714,0.009309036645394952,0.30000000000000004,1.0,7.619952623149688,23.0,11.234200541743819,-1.661995262314969,1.0
1771585704.608765,1,49,2040000.0,0.029122571691470586,0.010437157470085584,0.15000000000000002,1.0,7.619952623149688,23.0,10.119959086474898,0.2630047376850313,1.0
1771585704.6220946,1,50,1800000.0,0.027369630515,0.012186331140530623,0.25,1.0,7.619952623149688,23.0,11.234200541743819,0.21300473768503114,1.0
1771585704.634676,1,51,2280000.0,0.016822262093947372,0.013713127341924779,0.050000000000000044,1.0,7.619952623149688,23.0,8.98872730332345,0.33800473768503125,1.0
1771585704.6465635,1,52,2520000.0,0.013769630515000006,0.01216552506059644,0.0,1.0,7.619952623149688,23.0,11.234200541743819,0.8380047376850313,1.0
1771585704.6576276,1,53,1560000.0,0.005769630515,1.1641532182693481e-10,0.35,1.0,7.619952623149688,23.0,11.234200541743819,-1.5119952623149688,1.0
1771585704.6700969,1,54,2280000.0,0.026769630514999997,0.012594902895511679,0.050000000000000044,1.0,7.619952623149688,23.0,11.234200541743819,0.33800473768503125,1.0
1771585704.68406,1,55,1680000.0,0.031269630514999994,0.009439657984119072,0.30000000000000004,1.0,7.619952623149688,23.0,10.119959086474898,-1.661995262314969,1.0
1771585704.6951332,1,56,1920000.0,0.014082130515000006,0.011514766335015227,0.19999999999999996,1.0,7.619952623149688,23.0,7.995247647281745,0.23800473768503116,1.0
1771585704.7089024,1,57,1680000.0,0.034983916229285705,0.006084859094842058,0.30000000000000004,1.0,7.619952623149688,23.0,11.234200541743819,-1.661995262314969,1.0
1771585704.7231293,1,58,1440000.0,0.03660296384833332,0.005177408189003061,0.4,1.0,7.619952623149688,23.0,10.119959086474898,-1.661995262314969,1.0
1771585704.7364962,1,59,1920000.0,0.03301963051499999,0.007344215410784246,0.19999999999999996,1.0,7.619952623149688,23.0,8.804985870897262,0.23800473768503116,1.0
1771585704.7529788,1,60,1320000.0,0.03576963051499999,0.004861724348044028,0.44999999999999996,1.0,7.619952623149688,23.0,8.804985870897262,-1.5119952623149688,1.0
1771585704.7673712,1,61,2280000.0,0.02250647262026316,0.013575683002157531,0.050000000000000044,1.0,7.619952623149688,23.0,10.119959086474898,0.33800473768503125,1.0
1771585704.7808094,1,62,1440000.0,0.02568629718166666,0.010804770037143582,0.4,1.0,7.619952623149688,23.0,11.234200541743819,-1.661995262314969,1.0
1771585704.7927709,1,63,2280000.0,0.019874893672894738,0.012400741645232374,0.050000000000000044,1.0,7.619952623149688,23.0,11.234200541743819,0.33800473768503125,1.0
1771585704.8066819,1,64,1920000.0,0.030207130515,0.009062068955266222,0.19999999999999996,1.0,7.619952623149688,23.0,10.119959086474898,0.23800473768503116,1.0
1771585704.819925,1,65,2160000.0,0.020825186070555557,0.012117353131504428,0.09999999999999998,1.0,7.619952623149688,23.0,11.234200541743819,0.33800473768503125,1.0
1771585704.8324528,1,66,2520000.0,0.0266743924197619,0.01207872889049081,0.0,1.0,7.619952623149688,23.0,11.234200541743819,0.8380047376850313,1.0
1771585704.845127,1,67,1320000.0,0.005769630515,8.231806349783991e-11,0.44999999999999996,1.0,7.619952623149688,23.0,10.119959086474898,-1.5119952623149688,1.0
1771585704.857875,1,68,2040000.0,0.03241668933852941,0.009158353155778154,0.15000000000000002,1.0,7.619952623149688,23.0,11.234200541743819,0.2630047376850313,1.0
1771585704.8722284,1,69,1800000.0,0.027102963848333328,0.012391753530294078,0.25,1.0,7.619952623149688,23.0,9.209854982705023,0.21300473768503114,1.0
1771585704.8851652,1,70,2160000.0,0.027214074959444445,0.009592950086288599,0.09999999999999998,1.0,7.619952623149688,23.0,7.699637833474825,0.33800473768503125,1.0
1771585704.8986754,1,71,2160000.0,0.026825186070555552,0.012803958685683558,0.09999999999999998,1.0,7.619952623149688,23.0,11.234200541743819,0.33800473768503125,1.0
1771585704.9139326,1,72,2040000.0,0.027769630514999998,0.010369638940903673,0.15000000000000002,1.0,7.619952623149688,23.0,8.804985870897262,0.2630047376850313,1.0
1771585704.9301386,1,73,1920000.0,0.020582130515000005,0.013947305967461944,0.19999999999999996,1.0,7.619952623149688,23.0,11.234200541743819,0.23800473768503116,1.0
1771585704.9431114,1,74,1680000.0,0.015269630515000002,0.01184271928232701,0.30000000000000004,1.0,7.619952623149688,23.0,7.995247647281745,-1.661995262314969,1.0
1771585704.9571507,1,75,1920000.0,0.019519630515000008,0.013169567191065904,0.19999999999999996,1.0,7.619952623149688,23.0,11.234200541743819,0.23800473768503116,1.0
1771585704.969937,1,76,2040000.0,0.017769630515000003,0.013941052369762858,0.15000000000000002,1.0,7.619952623149688,23.0,10.119959086474898,0.2630047376850313,1.0
1771585704.9834213,1,77,2040000.0,0.02494610110323529,0.012372813147797534,0.15000000000000002,1.0,7.619952623149688,23.0,11.234200541743819,0.2630047376850313,1.0
1771585704.9961236,1,78,1800000.0,0.03196963051499999,0.007790592617595513,0.25,1.0,7.619952623149688,23.0,11.234200541743819,0.21300473768503114,1.0
1771585705.0090435,1,79,2400000.0,0.019419630515,0.012248571345263075,0.0,1.0,7.619952623149688,23.0,10.119959086474898,0.8380047376850313,1.0
1771585705.0220861,1,80,1200000.0,0.029369630515,0.010258654882585708,0.5,1.0,7.619952623149688,23.0,8.804985870897262,-1.661995262314969,1.0
1771585705.0368607,1,81,1440000.0,0.033436297181666665,0.00848855438549789,0.4,1.0,7.619952623149688,23.0,11.234200541743819,-1.661995262314969,1.0
1771585705.0511322,1,82,1320000.0,0.03186053960590909,0.008638755649603355,0.44999999999999996,1.0,7.619952623149688,23.0,9.975595763354864,-1.661995262314969,1.0
1771585705.0652976,1,83,1680000.0,0.031841059086428564,0.009482798605251282,0.30000000000000004,1.0,7.619952623149688,23.0,11.234200541743819,-1.661995262314969,1.0
1771585705.077622,1,84,2880000.0,0.021894630515000003,0.012683034928596532,0.0,1.0,7.619952623149688,23.0,11.234200541743819,0.8380047376850313,1.0
1771585705.0891476,1,85,2160000.0,0.01504740829277778,0.012546825873748819,0.09999999999999998,1.0,7.619952623149688,23.0,10.119959086474898,0.33800473768503125,1.0
1771585705.101505,1,86,1920000.0,0.016269630515,0.012961481396815723,0.19999999999999996,1.0,7.619952623149688,23.0,11.234200541743819,0.23800473768503116,1.0
1771585705.1144793,1,87,1320000.0,0.032769630514999995,0.006281285334590814,0.44999999999999996,1.0,7.619952623149688,23.0,11.234200541743819,-1.661995262314969,1.0
1771585705.1307573,1,88,1560000.0,0.035154245899615376,0.00535707241430162,0.35,1.0,7.619952623149688,23.0,11.234200541743819,-1.661995262314969,1.0
1771585705.143898,1,89,1680000.0,0.02634105908642857,0.010880613728188354,0.30000000000000004,1.0,7.619952623149688,23.0,9.209854982705023,-1.661995262314969,1.0
1771585705.1556695,1,90,2160000.0,0.021214074959444443,0.013557376926817463,0.09999999999999998,1.0,7.619952623149688,23.0,11.234200541743819,0.33800473768503125,1.0
1771585705.1689131,1,91,2280000.0,0.02945384104131579,0.010959507439848727,0.050000000000000044,1.0,7.619952623149688,23.0,9.638747790027777,0.33800473768503125,1.0
1771585705.1804445,1,92,1560000.0,0.016000399745769237,0.011981741533579945,0.35,1.0,7.619952623149688,23.0,9.975595763354864,-1.661995262314969,1.0
1771585705.1930006,1,93,2280000.0,0.02466436735710526,0.011488643073382944,0.050000000000000044,1.0,7.619952623149688,23.0,11.234200541743819,0.33800473768503125,1.0
1771585705.205257,1,94,2160000.0,0.021714074959444444,0.012773550025224532,0.09999999999999998,1.0,7.619952623149688,23.0,11.234200541743819,0.33800473768503125,1.0
1771585705.2203686,1,95,1440000.0,0.03468629718166666,0.004645039169790642,0.4,1.0,7.619952623149688,23.0,11.234200541743819,-1.5119952623149688,1.0
1771585705.2347639,1,96,1800000.0,0.03183629718166666,0.009327140802816053,0.25,1.0,7.619952623149688,23.0,11.234200541743819,0.21300473768503114,1.0
1771585705.24762,1,97,2520000.0,0.029531535276904764,0.01021625577626987,0.0,1.0,7.619952623149688,23.0,7.488309859724464,0.8380047376850313,1.0
1771585705.260057,1,98,1560000.0,0.015538861284230768,0.01205853573298469,0.35,1.0,7.619952623149688,23.0,11.94933268341769,-1.661995262314969,1.0
1771585705.2735589,1,99,2040000.0,0.02600492463264706,0.012900202514437313,0.15000000000000002,1.0,7.619952623149688,23.0,7.995247647281745,0.2630047376850313,1.0
1771585705.2874486,1,100,1440000.0,0.03635296384833333,0.005040805711612227,0.4,1.0,7.619952623149688,23.0,10.119959086474898,-1.661995262314969,1.0
1771585705.302036,1,101,1560000.0,0.032692707438076916,0.008241186793375935,0.35,1.0,7.619952623149688,23.0,9.209854982705023,-1.661995262314969,1.0
1771585705.3162267,1,102,1920000.0,0.023269630515,0.014815532390029041,0.19999999999999996,1.0,7.619952623149688,23.0,11.234200541743819,0.23800473768503116,1.0
1771585705.3313706,1,103,2040000.0,0.027240218750294115,0.01227679612860746,0.15000000000000002,1.0,7.619952623149688,23.0,10.119959086474898,0.2630047376850313,1.0
1771585705.3431063,1,104,2040000.0,0.021828454044411767,0.011739679263257237,0.15000000000000002,1.0,7.619952623149688,23.0,11.234200541743819,0.2630047376850313,1.0
1771585705.3570192,1,105,720000.0,0.039269630514999994,0.0030956959368345052,0.7,1.0,7.619952623149688,23.0,8.804985870897262,-1.5119952623149688,1.0
1771585705.369401,1,106,2160000.0,0.027269630514999997,0.011884864324004712,0.09999999999999998,1.0,7.619952623149688,23.0,9.638747790027777,0.33800473768503125,1.0
1771585705.384131,1,107,1200000.0,0.03746963051499999,0.004100000000000069,0.5,1.0,7.619952623149688,23.0,11.234200541743819,-1.5119952623149688,1.0
1771585705.3967643,1,108,2040000.0,0.027828454044411765,0.011859325386206274,0.15000000000000002,1.0,7.619952623149688,23.0,11.234200541743819,0.2630047376850313,1.0
1771585705.4107184,1,109,2280000.0,0.021401209462368426,0.014499402987040845,0.050000000000000044,1.0,7.619952623149688,23.0,10.119959086474898,0.33800473768503125,1.0
1771585705.4218724,1,110,2160000.0,0.01315851940388889,0.011166113861385801,0.09999999999999998,1.0,7.619952623149688,23.0,11.234200541743819,0.33800473768503125,1.0
1771585705.4339721,1,111,1920000.0,0.022832130515,0.01137139365909034,0.19999999999999996,1.0,7.619952623149688,23.0,11.234200541743819,0.23800473768503116,1.0
1771585705.4483035,1,112,1560000.0,0.033846553591923074,0.0063423065260996446,0.35,1.0,7.619952623149688,23.0,11.234200541743819,-1.661995262314969,1.0
1771585705.462153,1,113,1560000.0,0.03169270743807692,0.008334003917792153,0.35,1.0,7.619952623149688,23.0,11.234200541743819,-1.661995262314969,1.0
1771585705.4740808,1,114,2280000.0,0.018559104199210537,0.01311720022825962,0.050000000000000044,1.0,7.619952623149688,23.0,11.234200541743819,0.33800473768503125,1.0
1771585705.4890344,1,115,1680000.0,0.02869820194357143,0.011725821845789046,0.30000000000000004,1.0,7.619952623149688,23.0,11.234200541743819,-1.661995262314969,1.0
1771585705.501012,1,116,2280000.0,0.019769630515,0.011986834883584393,0.050000000000000044,1.0,7.619952623149688,23.0,11.234200541743819,0.33800473768503125,1.0
1771585705.512942,1,117,2040000.0,0.026887277573823525,0.010028678600078271,0.15000000000000002,1.0,7.619952623149688,23.0,11.234200541743819,0.2630047376850313,1.0
1771585705.5243611,1,118,2400000.0,0.018769630515000003,0.01274754878398196,0.0,1.0,7.619952623149688,23.0,10.119959086474898,0.8380047376850313,1.0
1771585705.5367641,1,119,1320000.0,0.03486053960590909,0.006331085580538243,0.44999999999999996,1.0,7.619952623149688,23.0,8.804985870897262,-1.661995262314969,1.0
1771585705.548993,1,120,2280000.0,0.030032788409736836,0.008502891800738696,0.050000000000000044,1.0,7.619952623149688,23.0,11.234200541743819,0.33800473768503125,1.0
1771585705.5629442,1,121,1680000.0,0.030841059086428566,0.00818940330736083,0.30000000000000004,1.0,7.619952623149688,23.0,7.976653541553818,-1.661995262314969,1.0
1771585705.5773485,1,122,1320000.0,0.035405994151363626,0.006314092856067438,0.44999999999999996,1.0,7.619952623149688,23.0,7.995247647281745,-1.661995262314969,1.0
1771585705.5907807,1,123,1920000.0,0.030144630515,0.00788095013307405,0.19999999999999996,1.0,7.619952623149688,23.0,11.234200541743819,0.23800473768503116,1.0
1771585705.6024103,1,124,2760000.0,0.022639195732391305,0.012694758753555102,0.0,1.0,7.619952623149688,23.0,7.488309859724464,0.8380047376850313,1.0
1771585705.6140604,1,125,1320000.0,0.01695144869681818,0.015056367917795882,0.44999999999999996,1.0,7.619952623149688,23.0,11.234200541743819,-1.661995262314969,1.0
1771585705.6267326,1,126,1800000.0,0.03190296384833333,0.00705092586512976,0.25,1.0,7.619952623149688,23.0,11.234200541743819,0.21300473768503114,1.0
1771585705.6396132,1,127,1920000.0,0.030019630514999996,0.0087927526975345,0.19999999999999996,1.0,7.619952623149688,23.0,10.119959086474898,0.23800473768503116,1.0
1771585705.652423,1,128,2640000.0,0.01817872142409091,0.01187686479485945,0.0,1.0,7.619952623149688,23.0,11.234200541743819,0.8380047376850313,1.0
1771585705.6652238,1,129,1680000.0,0.022626773372142854,0.013590212564600326,0.30000000000000004,1.0,7.619952623149688,23.0,11.234200541743819,-1.661995262314969,1.0
1771585705.6780913,1,130,1920000.0,0.026769630514999997,0.010210288928331077,0.19999999999999996,1.0,7.619952623149688,23.0,11.234200541743819,0.23800473768503116,1.0
1771585705.690146,1,131,2160000.0,0.03165851940388889,0.007309726312621545,0.09999999999999998,1.0,7.619952623149688,23.0,11.234200541743819,0.33800473768503125,1.0
1771585705.7021325,1,132,2040000.0,0.021181395220882356,0.011882061732016879,0.15000000000000002,1.0,7.619952623149688,23.0,11.234200541743819,0.2630047376850313,1.0
1771585705.7153993,1,133,1680000.0,0.029555344800714284,0.00861210586017954,0.30000000000000004,1.0,7.619952623149688,23.0,9.638747790027777,-1.661995262314969,1.0
1771585705.7288785,1,134,2520000.0,0.024579154324523813,0.012140522651411379,0.0,1.0,7.619952623149688,23.0,11.234200541743819,0.8380047376850313,1.0
1771585705.739843,1,135,2280000.0,0.012769630515000005,0.010992820623623308,0.050000000000000044,1.0,7.619952623149688,23.0,11.234200541743819,0.33800473768503125,1.0
1771585705.751812,1,136,1320000.0,0.025951448696818178,0.011937855615403246,0.44999999999999996,1.0,7.619952623149688,23.0,7.488309859724464,-1.661995262314969,1.0
1771585705.7632225,1,137,2760000.0,0.022769630515,0.01176213526902987,0.0,1.0,7.619952623149688,23.0,11.234200541743819,0.8380047376850313,1.0
1771585705.7763646,1,138,1680000.0,0.021269630515000002,0.011733651240281997,0.30000000000000004,1.0,7.619952623149688,23.0,11.234200541743819,-1.661995262314969,1.0
1771585705.7875032,1,139,2040000.0,0.013593159926764712,0.011340895773924442,0.15000000000000002,1.0,7.619952623149688,23.0,10.119959086474898,0.2630047376850313,1.0
1771585705.7996807,1,140,1680000.0,0.030841059086428563,0.009176556199003524,0.30000000000000004,1.0,7.619952623149688,23.0,8.804985870897262,-1.661995262314969,1.0
1771585705.8113036,1,141,2160000.0,0.018158519403888893,0.013363045598003508,0.09999999999999998,1.0,7.619952623149688,23.0,11.234200541743819,0.33800473768503125,1.0
1771585705.8269863,1,142,1680000.0,0.027198201943571424,0.013205595598156143,0.30000000000000004,1.0,7.619952623149688,23.0,8.804985870897262,-1.661995262314969,1.0
1771585705.8437326,1,143,2520000.0,0.019293440038809527,0.01374121034254276,0.0,1.0,7.619952623149688,23.0,11.234200541743819,0.8380047376850313,1.0
1771585705.859829,1,144,2040000.0,0.029181395220882346,0.010666378312134727,0.15000000000000002,1.0,7.619952623149688,23.0,8.804985870897262,0.2630047376850313,1.0
1771585705.8704097,1,145,2040000.0,0.005769630515,1.1641532182693481e-10,0.15000000000000002,1.0,7.619952623149688,23.0,10.119959086474898,0.4130047376850312,1.0
1771585705.8831153,1,146,2040000.0,0.02665198345617647,0.010464968749798352,0.15000000000000002,1.0,7.619952623149688,23.0,11.234200541743819,0.2630047376850313,1.0
1771585705.893983,1,147,2400000.0,0.018069630515000008,0.013054118124178263,0.0,1.0,7.619952623149688,23.0,11.234200541743819,0.8380047376850313,1.0
1771585705.9049156,1,148,1920000.0,0.014207130515,0.012082884330738253,0.19999999999999996,1.0,7.619952623149688,23.0,10.119959086474898,0.23800473768503116,1.0
1771585705.916401,1,149,1800000.0,0.023236297181666664,0.011140716115024003,0.25,1.0,7.619952623149688,23.0,11.234200541743819,0.21300473768503114,1.0
1771585705.9332929,1,150,2520000.0,0.02238867813404762,0.012365374815631986,0.0,1.0,7.619952623149688,23.0,11.234200541743819,0.8380047376850313,1.0
1771585705.9458582,1,151,1080000.0,0.031769630515,0.009475113602367921,0.55,1.0,7.619952623149688,23.0,9.638747790027777,-1.661995262314969,1.0
1771585705.9577756,1,152,2160000.0,0.022325186070555558,0.014735528577867012,0.09999999999999998,1.0,7.619952623149688,23.0,11.234200541743819,0.33800473768503125,1.0
1771585705.9716733,1,153,2400000.0,0.026419630514999997,0.011934299309134158,0.0,1.0,7.619952623149688,23.0,11.234200541743819,0.8380047376850313,1.0
1771585705.9845092,1,154,1440000.0,0.022852963848333335,0.013300741416260305,0.4,1.0,7.619952623149688,23.0,11.234200541743819,-1.661995262314969,1.0
1771585705.9995773,1,155,1560000.0,0.03338501513038462,0.007426961916800807,0.35,1.0,7.619952623149688,23.0,11.234200541743819,-1.661995262314969,1.0
1771585706.011821,1,156,2040000.0,0.025416689338529412,0.011565370096418356,0.15000000000000002,1.0,7.619952623149688,23.0,11.234200541743819,0.2630047376850313,1.0
1771585706.0248208,1,157,1920000.0,0.030644630514999993,0.008774074025217704,0.19999999999999996,1.0,7.619952623149688,23.0,11.234200541743819,0.23800473768503116,1.0
1771585706.035869,1,158,1920000.0,0.014082130515000006,0.011514766335015227,0.19999999999999996,1.0,7.619952623149688,23.0,11.234200541743819,0.23800473768503116,1.0
1771585706.0474455,1,159,1920000.0,0.026082130515,0.010704664579051507,0.19999999999999996,1.0,7.619952623149688,23.0,11.234200541743819,0.23800473768503116,1.0
1771585706.0612428,1,160,1920000.0,0.025144630515,0.01085630577130177,0.19999999999999996,1.0,7.619952623149688,23.0,10.119959086474898,0.23800473768503116,1.0
1771585706.0746472,1,161,2520000.0,0.02391248765785714,0.011646727373103622,0.0,1.0,7.619952623149688,23.0,9.209854982705023,0.8380047376850313,1.0
1771585706.0878623,1,162,2160000.0,0.022880741626111107,0.012050306076743863,0.09999999999999998,1.0,7.619952623149688,23.0,8.804985870897262,0.33800473768503125,1.0
1771585706.0997994,1,163,2280000.0,0.012769630515,0.010992820623623306,0.050000000000000044,1.0,7.619952623149688,23.0,11.234200541743819,0.33800473768503125,1.0
1771585706.110935,1,164,1440000.0,0.016186297181666667,0.013143175246322922,0.4,1.0,7.619952623149688,23.0,11.234200541743819,-1.661995262314969,1.0
1771585706.12429,1,165,1800000.0,0.034302963848333326,0.00559603033904887,0.25,1.0,7.619952623149688,23.0,11.234200541743819,0.21300473768503114,1.0
1771585706.136839,1,166,2160000.0,0.02782518607055555,0.011582900338296698,0.09999999999999998,1.0,7.619952623149688,23.0,10.119959086474898,0.33800473768503125,1.0
1771585706.148304,1,167,1680000.0,0.02148391622928572,0.012936264483053433,0.30000000000000004,1.0,7.619952623149688,23.0,11.234200541743819,-1.661995262314969,1.0
1771585706.161408,1,168,2520000.0,0.022912487657857143,0.01219010416098985,0.0,1.0,7.619952623149688,23.0,8.804985870897262,0.8380047376850313,1.0
1771585706.1729918,1,169,2280000.0,0.012769630515000005,0.010992820623623306,0.050000000000000044,1.0,7.619952623149688,23.0,10.119959086474898,0.33800473768503125,1.0
1771585706.1840277,1,170,1680000.0,0.021769630514999996,0.014530755559944479,0.30000000000000004,1.0,7.619952623149688,23.0,11.234200541743819,-1.661995262314969,1.0
1771585706.1952195,1,171,2280000.0,0.027138051567631577,0.010936229150545493,0.050000000000000044,1.0,7.619952623149688,23.0,11.234200541743819,0.33800473768503125,1.0
1771585706.2078404,1,172,1560000.0,0.025231168976538456,0.01255520354652504,0.35,1.0,7.619952623149688,23.0,10.119959086474898,-1.661995262314969,1.0
1771585706.2205105,1,173,1560000.0,0.031769630515,0.008814324006542276,0.35,1.0,7.619952623149688,23.0,9.209854982705023,-1.661995262314969,1.0
1771585706.234881,1,174,2040000.0,0.03229904227970588,0.006903687395441604,0.15000000000000002,1.0,7.619952623149688,23.0,11.234200541743819,0.2630047376850313,1.0
1771585706.2482312,1,175,2040000.0,0.028181395220882345,0.010123117536140707,0.15000000000000002,1.0,7.619952623149688,23.0,9.638747790027777,0.2630047376850313,1.0
1771585706.2604373,1,176,2400000.0,0.01581963051500001,0.01326452034564384,0.0,1.0,7.619952623149688,23.0,11.234200541743819,0.8380047376850313,1.0
1771585706.2733245,1,177,1200000.0,0.03136963051499999,0.009748846085563175,0.5,1.0,7.619952623149688,23.0,7.995247647281745,-1.661995262314969,1.0
1771585706.2846544,1,178,2760000.0,0.023552239210652172,0.011802566123845707,0.0,1.0,7.619952623149688,23.0,10.119959086474898,0.8380047376850313,1.0
1771585706.2964568,1,179,1320000.0,0.02286053960590909,0.014009441916433265,0.44999999999999996,1.0,7.619952623149688,23.0,11.234200541743819,-1.661995262314969,1.0
1771585706.308125,1,180,3000000.0,0.016089630515000005,0.012552991675293966,0.0,1.0,7.619952623149688,23.0,11.234200541743819,0.8380047376850313,1.0
1771585706.3201811,1,181,1560000.0,0.023846553591923073,0.012079617533817602,0.35,1.0,7.619952623149688,23.0,10.20212241284837,-1.661995262314969,1.0
1771585706.3335032,1,182,1560000.0,0.031231168976538458,0.010330056106894954,0.35,1.0,7.619952623149688,23.0,11.234200541743819,-1.661995262314969,1.0
1771585706.3456979,1,183,1920000.0,0.02839463051499999,0.010723076750634605,0.19999999999999996,1.0,7.619952623149688,23.0,11.234200541743819,0.23800473768503116,1.0
1771585706.3584664,1,184,1800000.0,0.031236297181666657,0.009017513823419185,0.25,1.0,7.619952623149688,23.0,10.119959086474898,0.21300473768503114,1.0
1771585706.3702128,1,185,2160000.0,0.019436297181666666,0.013063945294843624,0.09999999999999998,1.0,7.619952623149688,23.0,11.234200541743819,0.33800473768503125,1.0
1771585706.384554,1,186,1800000.0,0.02983629718166666,0.011624495210067805,0.25,1.0,7.619952623149688,23.0,11.234200541743819,0.21300473768503114,1.0
1771585706.3973742,1,187,2160000.0,0.025769630515,0.010801234497346431,0.09999999999999998,1.0,7.619952623149688,23.0,10.119959086474898,0.33800473768503125,1.0
1771585706.4106245,1,188,1680000.0,0.03305534480071428,0.0062954470104373715,0.30000000000000004,1.0,7.619952623149688,23.0,11.234200541743819,-1.661995262314969,1.0
1771585706.4241269,1,189,1800000.0,0.032636297181666656,0.007191352832086318,0.25,1.0,7.619952623149688,23.0,11.234200541743819,0.21300473768503114,1.0
1771585706.4362676,1,190,3000000.0,0.015609630515000007,0.012670217046286123,0.0,1.0,7.619952623149688,23.0,10.119959086474898,0.8380047376850313,1.0
1771585706.4486113,1,191,1080000.0,0.032880741626111105,0.010587670444063647,0.55,1.0,7.619952623149688,23.0,11.234200541743819,-1.661995262314969,1.0
1771585706.46047,1,192,2760000.0,0.022247891384565215,0.012843098519598809,0.0,1.0,7.619952623149688,23.0,11.234200541743819,0.8380047376850313,1.0
1771585706.473504,1,193,1320000.0,0.031133266878636358,0.007289752798810722,0.44999999999999996,1.0,7.619952623149688,23.0,11.234200541743819,-1.661995262314969,1.0
1771585706.4840758,1,194,2880000.0,0.015394630515000009,0.01326905076986793,0.0,1.0,7.619952623149688,23.0,11.234200541743819,0.8380047376850313,1.0
1771585706.4962592,1,195,2160000.0,0.013158519403888892,0.0111661138613858,0.09999999999999998,1.0,7.619952623149688,23.0,11.234200541743819,0.33800473768503125,1.0
1771585706.5090551,1,196,1560000.0,0.021308092053461538,0.013815350351165323,0.35,1.0,7.619952623149688,23.0,7.488309859724464,-1.661995262314969,1.0
1771585706.5237868,1,197,2280000.0,0.031032788409736844,0.010371225909689072,0.050000000000000044,1.0,7.619952623149688,23.0,11.234200541743819,0.33800473768503125,1.0
1771585706.5442324,1,198,1200000.0,0.014469630514999998,0.01347627544984147,0.5,1.0,7.619952623149688,23.0,11.234200541743819,-1.661995262314969,1.0
1771585706.5583048,1,199,3120000.0,0.016000399745769237,0.011981741533579945,0.0,1.0,7.619952623149688,23.0,8.804985870897262,0.8380047376850313,1.0
1771585706.5699108,1,200,1440000.0,0.016186297181666667,0.013143175246322922,0.4,1.0,7.619952623149688,23.0,11.234200541743819,-1.661995262314969,1.0
1771585706.81634,2,0,0.0,0.0,0.0,0.0,1.0,0.0,23.0,0.0,1.75,1.0
1771585706.8293452,2,1,960000.0,0.005769630515,0.0,0.5294117647058824,1.0,7.619952623149688,23.0,8.804985870897262,-1.5119952623149688,1.0
1771585706.843116,2,2,2160000.0,0.023880741626111115,0.012538336274929361,0.09999999999999998,1.0,7.619952623149688,23.0,11.234200541743819,0.33800473768503125,1.0
1771585706.8631392,2,3,2280000.0,0.027453841041315787,0.010448130689412685,0.050000000000000044,1.0,7.619952623149688,23.0,11.234200541743819,0.33800473768503125,1.0
1771585706.8767788,2,4,2280000.0,0.021611735778157896,0.012376816859268258,0.050000000000000044,1.0,7.619952623149688,23.0,10.119959086474898,0.33800473768503125,1.0
1771585706.8906426,2,5,1320000.0,0.017860539605909092,0.012131510776445295,0.44999999999999996,1.0,7.619952623149688,23.0,11.234200541743819,-1.661995262314969,1.0
1771585706.905782,2,6,1440000.0,0.03843629718166666,0.005821416398857657,0.4,1.0,7.619952623149688,23.0,11.234200541743819,-1.661995262314969,1.0
1771585706.9207456,2,7,1440000.0,0.03418629718166666,0.005544642058379963,0.4,1.0,7.619952623149688,23.0,11.234200541743819,-1.661995262314969,1.0
1771585706.932897,2,8,2160000.0,0.025158519403888892,0.01188901869088019,0.09999999999999998,1.0,7.619952623149688,23.0,11.234200541743819,0.33800473768503125,1.0
1771585706.945687,2,9,2280000.0,0.026085419988684206,0.01049336949335626,0.050000000000000044,1.0,7.619952623149688,23.0,11.234200541743819,0.33800473768503125,1.0
1771585706.957903,2,10,1920000.0,0.014082130515000006,0.011514766335015227,0.19999999999999996,1.0,7.619952623149688,23.0,11.234200541743819,0.23800473768503116,1.0
1771585706.9717774,2,11,2400000.0,0.025519630514999996,0.011652789365641177,0.0,1.0,7.619952623149688,23.0,11.234200541743819,0.8380047376850313,1.0
1771585706.9844968,2,12,1800000.0,0.029302963848333325,0.009149620514292165,0.25,1.0,7.619952623149688,23.0,11.234200541743819,0.21300473768503114,1.0
1771585706.9986467,2,13,1920000.0,0.030707130514999993,0.007948810838735585,0.19999999999999996,1.0,7.619952623149688,23.0,10.119959086474898,0.23800473768503116,1.0
1771585707.0119503,2,14,1560000.0,0.024231168976538462,0.014221410644168151,0.35,1.0,7.619952623149688,23.0,11.234200541743819,-1.661995262314969,1.0
1771585707.024646,2,15,1920000.0,0.028082130514999994,0.010657853618341744,0.19999999999999996,1.0,7.619952623149688,23.0,11.234200541743819,0.23800473768503116,1.0
1771585707.0376983,2,16,2160000.0,0.025491852737222216,0.012232949837565565,0.09999999999999998,1.0,7.619952623149688,23.0,7.488309859724464,0.33800473768503125,1.0
1771585707.0501137,2,17,2640000.0,0.011815085060454554,0.01049448891183659,0.0,1.0,7.619952623149688,23.0,11.234200541743819,0.8380047376850313,1.0
1771585707.0614376,2,18,2040000.0,0.01359315992676471,0.011340895773924446,0.15000000000000002,1.0,7.619952623149688,23.0,8.804985870897262,0.2630047376850313,1.0
1771585707.0747385,2,19,1320000.0,0.03576963051499999,0.00393122696553457,0.44999999999999996,1.0,7.619952623149688,23.0,11.234200541743819,-1.5119952623149688,1.0
1771585707.086901,2,20,2040000.0,0.029887277573823524,0.008784226190040049,0.15000000000000002,1.0,7.619952623149688,23.0,11.234200541743819,0.2630047376850313,1.0
1771585707.0991824,2,21,2280000.0,0.012769630515000007,0.010992820623623306,0.050000000000000044,1.0,7.619952623149688,23.0,11.234200541743819,0.33800473768503125,1.0
1771585707.1124327,2,22,1800000.0,0.027569630514999995,0.012410748030101445,0.25,1.0,7.619952623149688,23.0,10.119959086474898,0.21300473768503114,1.0
1771585707.1250753,2,23,2040000.0,0.031240218750294108,0.006589810736002399,0.15000000000000002,1.0,7.619952623149688,23.0,11.234200541743819,0.2630047376850313,1.0
1771585707.1377053,2,24,2640000.0,0.017315085060454552,0.013523472095606979,0.0,1.0,7.619952623149688,23.0,11.234200541743819,0.8380047376850313,1.0
1771585707.149487,2,25,1560000.0,0.022846553591923075,0.013176094544880184,0.35,1.0,7.619952623149688,23.0,10.119959086474898,-1.661995262314969,1.0
1771585707.16267,2,26,1680000.0,0.02762677337214286,0.011115350665101078,0.30000000000000004,1.0,7.619952623149688,23.0,11.234200541743819,-1.661995262314969,1.0
1771585707.1763434,2,27,1680000.0,0.03312677337214285,0.006913828202100755,0.30000000000000004,1.0,7.619952623149688,23.0,11.234200541743819,-1.661995262314969,1.0
1771585707.1889813,2,28,2280000.0,0.028822262093947365,0.010169477988002952,0.050000000000000044,1.0,7.619952623149688,23.0,7.488309859724464,0.33800473768503125,1.0
1771585707.202364,2,29,1080000.0,0.03154740829277777,0.00848237097066325,0.55,1.0,7.619952623149688,23.0,11.234200541743819,-1.661995262314969,1.0
1771585707.215351,2,30,1920000.0,0.026019630515,0.01203380654655874,0.19999999999999996,1.0,7.619952623149688,23.0,11.234200541743819,0.23800473768503116,1.0
1771585707.2297263,2,31,2400000.0,0.030169630515,0.01017054570807289,0.0,1.0,7.619952623149688,23.0,8.01463970507455,0.8380047376850313,1.0
1771585707.2434587,2,32,1320000.0,0.0336787214240909,0.006748124930871147,0.44999999999999996,1.0,7.619952623149688,23.0,11.234200541743819,-1.661995262314969,1.0
1771585707.2559426,2,33,2640000.0,0.019724175969545454,0.01279018541598231,0.0,1.0,7.619952623149688,23.0,7.995247647281745,0.8380047376850313,1.0
1771585707.2681625,2,34,1320000.0,0.03558781233318181,0.004950999565160071,0.44999999999999996,1.0,7.619952623149688,23.0,7.488309859724464,-1.5119952623149688,1.0
1771585707.279219,2,35,2160000.0,0.019436297181666673,0.013063945294843596,0.09999999999999998,1.0,7.619952623149688,23.0,8.804985870897262,0.33800473768503125,1.0
1771585707.2907407,2,36,1800000.0,0.03023629718166666,0.007898241717130626,0.25,1.0,7.619952623149688,23.0,11.234200541743819,0.21300473768503114,1.0
1771585707.3030868,2,37,1800000.0,0.02983629718166666,0.009341425063780294,0.25,1.0,7.619952623149688,23.0,7.995247647281745,0.21300473768503114,1.0
1771585707.3177614,2,38,1560000.0,0.021308092053461545,0.013781902205514538,0.35,1.0,7.619952623149688,23.0,11.234200541743819,-1.661995262314969,1.0
1771585707.329885,2,39,3000000.0,0.016689630515000005,0.012240653577321759,0.0,1.0,7.619952623149688,23.0,11.234200541743819,0.8380047376850313,1.0
1771585707.3434083,2,40,1560000.0,0.024231168976538455,0.011862127093046921,0.35,1.0,7.619952623149688,23.0,10.119959086474898,-1.661995262314969,1.0
1771585707.3571718,2,41,1560000.0,0.025231168976538463,0.010499929557385565,0.35,1.0,7.619952623149688,23.0,8.804985870897262,-1.661995262314969,1.0
1771585707.3687563,2,42,2280000.0,0.022032788409736846,0.013388298525059914,0.050000000000000044,1.0,7.619952623149688,23.0,11.234200541743819,0.33800473768503125,1.0
1771585707.3827035,2,43,2640000.0,0.025360539605909085,0.01192270214533104,0.0,1.0,7.619952623149688,23.0,10.119959086474898,0.8380047376850313,1.0
1771585707.3966188,2,44,840000.0,0.03305534480071429,0.007923099785064011,0.65,1.0,7.619952623149688,23.0,11.94933268341769,-1.661995262314969,1.0
1771585707.411406,2,45,1800000.0,0.03216963051499999,0.009485427419643973,0.25,1.0,7.619952623149688,23.0,11.234200541743819,0.21300473768503114,1.0
1771585707.425826,2,46,2760000.0,0.02698702181934783,0.009663722038091186,0.0,1.0,7.619952623149688,23.0,10.119959086474898,0.8380047376850313,1.0
1771585707.4389198,2,47,1200000.0,0.033169630515,0.00984073168011402,0.5,1.0,7.619952623149688,23.0,11.234200541743819,-1.661995262314969,1.0
1771585707.4519143,2,48,1680000.0,0.03041248765785714,0.009309036645394952,0.30000000000000004,1.0,7.619952623149688,23.0,11.234200541743819,-1.661995262314969,1.0
1771585707.4665813,2,49,2040000.0,0.029122571691470586,0.010437157470085584,0.15000000000000002,1.0,7.619952623149688,23.0,10.119959086474898,0.2630047376850313,1.0
1771585707.4794164,2,50,1800000.0,0.027369630515,0.012186331140530623,0.25,1.0,7.619952623149688,23.0,11.234200541743819,0.21300473768503114,1.0
1771585707.4922597,2,51,2280000.0,0.016822262093947372,0.013713127341924779,0.050000000000000044,1.0,7.619952623149688,23.0,8.98872730332345,0.33800473768503125,1.0
1771585707.5048466,2,52,2520000.0,0.013769630515000006,0.01216552506059644,0.0,1.0,7.619952623149688,23.0,11.234200541743819,0.8380047376850313,1.0
1771585707.5159929,2,53,1560000.0,0.005769630515,1.1641532182693481e-10,0.35,1.0,7.619952623149688,23.0,11.234200541743819,-1.5119952623149688,1.0
1771585707.5287733,2,54,2280000.0,0.026769630514999997,0.012594902895511679,0.050000000000000044,1.0,7.619952623149688,23.0,11.234200541743819,0.33800473768503125,1.0
1771585707.5428228,2,55,1680000.0,0.031269630514999994,0.009439657984119072,0.30000000000000004,1.0,7.619952623149688,23.0,10.119959086474898,-1.661995262314969,1.0
1771585707.5533884,2,56,1920000.0,0.014082130515000006,0.011514766335015227,0.19999999999999996,1.0,7.619952623149688,23.0,7.995247647281745,0.23800473768503116,1.0
1771585707.5674317,2,57,1680000.0,0.034983916229285705,0.006084859094842058,0.30000000000000004,1.0,7.619952623149688,23.0,11.234200541743819,-1.661995262314969,1.0
1771585707.5820796,2,58,1440000.0,0.03660296384833332,0.005177408189003061,0.4,1.0,7.619952623149688,23.0,10.119959086474898,-1.661995262314969,1.0
1771585707.5960016,2,59,1920000.0,0.03301963051499999,0.007344215410784246,0.19999999999999996,1.0,7.619952623149688,23.0,8.804985870897262,0.23800473768503116,1.0
1771585707.611351,2,60,1320000.0,0.03576963051499999,0.004861724348044028,0.44999999999999996,1.0,7.619952623149688,23.0,8.804985870897262,-1.5119952623149688,1.0
1771585707.6249328,2,61,2280000.0,0.02250647262026316,0.013575683002157531,0.050000000000000044,1.0,7.619952623149688,23.0,10.119959086474898,0.33800473768503125,1.0
1771585707.6387556,2,62,1440000.0,0.02568629718166666,0.010804770037143582,0.4,1.0,7.619952623149688,23.0,11.234200541743819,-1.661995262314969,1.0
1771585707.6504877,2,63,2280000.0,0.019874893672894738,0.012400741645232374,0.050000000000000044,1.0,7.619952623149688,23.0,11.234200541743819,0.33800473768503125,1.0
1771585707.6641953,2,64,1920000.0,0.030207130515,0.009062068955266222,0.19999999999999996,1.0,7.619952623149688,23.0,10.119959086474898,0.23800473768503116,1.0
1771585707.6800923,2,65,2160000.0,0.020825186070555557,0.012117353131504428,0.09999999999999998,1.0,7.619952623149688,23.0,11.234200541743819,0.33800473768503125,1.0
1771585707.6929338,2,66,2520000.0,0.0266743924197619,0.01207872889049081,0.0,1.0,7.619952623149688,23.0,11.234200541743819,0.8380047376850313,1.0
1771585707.7054858,2,67,1320000.0,0.005769630515,8.231806349783991e-11,0.44999999999999996,1.0,7.619952623149688,23.0,10.119959086474898,-1.5119952623149688,1.0
1771585707.7187285,2,68,2040000.0,0.03241668933852941,0.009158353155778154,0.15000000000000002,1.0,7.619952623149688,23.0,11.234200541743819,0.2630047376850313,1.0
1771585707.7327826,2,69,1800000.0,0.027102963848333328,0.012391753530294078,0.25,1.0,7.619952623149688,23.0,9.209854982705023,0.21300473768503114,1.0
1771585707.7453609,2,70,2160000.0,0.027214074959444445,0.009592950086288599,0.09999999999999998,1.0,7.619952623149688,23.0,7.699637833474825,0.33800473768503125,1.0
1771585707.7605586,2,71,2160000.0,0.026825186070555552,0.012803958685683558,0.09999999999999998,1.0,7.619952623149688,23.0,11.234200541743819,0.33800473768503125,1.0
1771585707.7760384,2,72,2040000.0,0.027769630514999998,0.010369638940903673,0.15000000000000002,1.0,7.619952623149688,23.0,8.804985870897262,0.2630047376850313,1.0
1771585707.7922668,2,73,1920000.0,0.020582130515000005,0.013947305967461944,0.19999999999999996,1.0,7.619952623149688,23.0,11.234200541743819,0.23800473768503116,1.0
1771585707.8057973,2,74,1680000.0,0.015269630515000002,0.01184271928232701,0.30000000000000004,1.0,7.619952623149688,23.0,7.995247647281745,-1.661995262314969,1.0
1771585707.8207076,2,75,1920000.0,0.019519630515000008,0.013169567191065904,0.19999999999999996,1.0,7.619952623149688,23.0,11.234200541743819,0.23800473768503116,1.0
1771585707.834806,2,76,2040000.0,0.017769630515000003,0.013941052369762858,0.15000000000000002,1.0,7.619952623149688,23.0,10.119959086474898,0.2630047376850313,1.0
1771585707.8487394,2,77,2040000.0,0.02494610110323529,0.012372813147797534,0.15000000000000002,1.0,7.619952623149688,23.0,11.234200541743819,0.2630047376850313,1.0
1771585707.8616118,2,78,1800000.0,0.03196963051499999,0.007790592617595513,0.25,1.0,7.619952623149688,23.0,11.234200541743819,0.21300473768503114,1.0
1771585707.8742573,2,79,2400000.0,0.019419630515,0.012248571345263075,0.0,1.0,7.619952623149688,23.0,10.119959086474898,0.8380047376850313,1.0
1771585707.88788,2,80,1200000.0,0.029369630515,0.010258654882585708,0.5,1.0,7.619952623149688,23.0,8.804985870897262,-1.661995262314969,1.0
1771585707.9032512,2,81,1440000.0,0.033436297181666665,0.00848855438549789,0.4,1.0,7.619952623149688,23.0,11.234200541743819,-1.661995262314969,1.0
1771585707.917984,2,82,1320000.0,0.03186053960590909,0.008638755649603355,0.44999999999999996,1.0,7.619952623149688,23.0,9.975595763354864,-1.661995262314969,1.0
1771585707.9321373,2,83,1680000.0,0.031841059086428564,0.009482798605251282,0.30000000000000004,1.0,7.619952623149688,23.0,11.234200541743819,-1.661995262314969,1.0
1771585707.9438646,2,84,2880000.0,0.021894630515000003,0.012683034928596532,0.0,1.0,7.619952623149688,23.0,11.234200541743819,0.8380047376850313,1.0
1771585707.9561102,2,85,2160000.0,0.01504740829277778,0.012546825873748819,0.09999999999999998,1.0,7.619952623149688,23.0,10.119959086474898,0.33800473768503125,1.0
1771585707.9688625,2,86,1920000.0,0.016269630515,0.012961481396815723,0.19999999999999996,1.0,7.619952623149688,23.0,11.234200541743819,0.23800473768503116,1.0
1771585707.9819393,2,87,1320000.0,0.032769630514999995,0.006281285334590814,0.44999999999999996,1.0,7.619952623149688,23.0,11.234200541743819,-1.661995262314969,1.0
1771585707.9982116,2,88,1560000.0,0.035154245899615376,0.00535707241430162,0.35,1.0,7.619952623149688,23.0,11.234200541743819,-1.661995262314969,1.0
1771585708.0115373,2,89,1680000.0,0.02634105908642857,0.010880613728188354,0.30000000000000004,1.0,7.619952623149688,23.0,9.209854982705023,-1.661995262314969,1.0
1771585708.0241365,2,90,2160000.0,0.021214074959444443,0.013557376926817463,0.09999999999999998,1.0,7.619952623149688,23.0,11.234200541743819,0.33800473768503125,1.0
1771585708.0373433,2,91,2280000.0,0.02945384104131579,0.010959507439848727,0.050000000000000044,1.0,7.619952623149688,23.0,9.638747790027777,0.33800473768503125,1.0
1771585708.0496285,2,92,1560000.0,0.016000399745769237,0.011981741533579945,0.35,1.0,7.619952623149688,23.0,9.975595763354864,-1.661995262314969,1.0
1771585708.0630112,2,93,2280000.0,0.02466436735710526,0.011488643073382944,0.050000000000000044,1.0,7.619952623149688,23.0,11.234200541743819,0.33800473768503125,1.0
1771585708.07549,2,94,2160000.0,0.021714074959444444,0.012773550025224532,0.09999999999999998,1.0,7.619952623149688,23.0,11.234200541743819,0.33800473768503125,1.0
1771585708.091439,2,95,1440000.0,0.03468629718166666,0.004645039169790642,0.4,1.0,7.619952623149688,23.0,11.234200541743819,-1.5119952623149688,1.0
1771585708.106935,2,96,1800000.0,0.03183629718166666,0.009327140802816053,0.25,1.0,7.619952623149688,23.0,11.234200541743819,0.21300473768503114,1.0
1771585708.1200974,2,97,2520000.0,0.029531535276904764,0.01021625577626987,0.0,1.0,7.619952623149688,23.0,7.488309859724464,0.8380047376850313,1.0
1771585708.1481988,2,98,1560000.0,0.015538861284230768,0.01205853573298469,0.35,1.0,7.619952623149688,23.0,11.94933268341769,-1.661995262314969,1.0
1771585708.167126,2,99,2040000.0,0.02600492463264706,0.012900202514437313,0.15000000000000002,1.0,7.619952623149688,23.0,7.995247647281745,0.2630047376850313,1.0
1771585708.1822665,2,100,1440000.0,0.03635296384833333,0.005040805711612227,0.4,1.0,7.619952623149688,23.0,10.119959086474898,-1.661995262314969,1.0
1771585708.197468,2,101,1560000.0,0.032692707438076916,0.008241186793375935,0.35,1.0,7.619952623149688,23.0,9.209854982705023,-1.661995262314969,1.0
1771585708.2116005,2,102,1920000.0,0.023269630515,0.014815532390029041,0.19999999999999996,1.0,7.619952623149688,23.0,11.234200541743819,0.23800473768503116,1.0
1771585708.228287,2,103,2040000.0,0.027240218750294115,0.01227679612860746,0.15000000000000002,1.0,7.619952623149688,23.0,10.119959086474898,0.2630047376850313,1.0
1771585708.2407248,2,104,2040000.0,0.021828454044411767,0.011739679263257237,0.15000000000000002,1.0,7.619952623149688,23.0,11.234200541743819,0.2630047376850313,1.0
1771585708.2548418,2,105,720000.0,0.039269630514999994,0.0030956959368345052,0.7,1.0,7.619952623149688,23.0,8.804985870897262,-1.5119952623149688,1.0
1771585708.2678456,2,106,2160000.0,0.027269630514999997,0.011884864324004712,0.09999999999999998,1.0,7.619952623149688,23.0,9.638747790027777,0.33800473768503125,1.0
1771585708.2832813,2,107,1200000.0,0.03746963051499999,0.004100000000000069,0.5,1.0,7.619952623149688,23.0,11.234200541743819,-1.5119952623149688,1.0
1771585708.2968378,2,108,2040000.0,0.027828454044411765,0.011859325386206274,0.15000000000000002,1.0,7.619952623149688,23.0,11.234200541743819,0.2630047376850313,1.0
1771585708.31188,2,109,2280000.0,0.021401209462368426,0.014499402987040845,0.050000000000000044,1.0,7.619952623149688,23.0,10.119959086474898,0.33800473768503125,1.0
1771585708.3236532,2,110,2160000.0,0.01315851940388889,0.011166113861385801,0.09999999999999998,1.0,7.619952623149688,23.0,11.234200541743819,0.33800473768503125,1.0
1771585708.3367035,2,111,1920000.0,0.022832130515,0.01137139365909034,0.19999999999999996,1.0,7.619952623149688,23.0,11.234200541743819,0.23800473768503116,1.0
1771585708.351871,2,112,1560000.0,0.033846553591923074,0.0063423065260996446,0.35,1.0,7.619952623149688,23.0,11.234200541743819,-1.661995262314969,1.0
1771585708.3653016,2,113,1560000.0,0.03169270743807692,0.008334003917792153,0.35,1.0,7.619952623149688,23.0,11.234200541743819,-1.661995262314969,1.0
1771585708.3776047,2,114,2280000.0,0.018559104199210537,0.01311720022825962,0.050000000000000044,1.0,7.619952623149688,23.0,11.234200541743819,0.33800473768503125,1.0
1771585708.393853,2,115,1680000.0,0.02869820194357143,0.011725821845789046,0.30000000000000004,1.0,7.619952623149688,23.0,11.234200541743819,-1.661995262314969,1.0
1771585708.4064484,2,116,2280000.0,0.019769630515,0.011986834883584393,0.050000000000000044,1.0,7.619952623149688,23.0,11.234200541743819,0.33800473768503125,1.0
1771585708.418936,2,117,2040000.0,0.026887277573823525,0.010028678600078271,0.15000000000000002,1.0,7.619952623149688,23.0,11.234200541743819,0.2630047376850313,1.0
1771585708.4312983,2,118,2400000.0,0.018769630515000003,0.01274754878398196,0.0,1.0,7.619952623149688,23.0,10.119959086474898,0.8380047376850313,1.0
1771585708.4445612,2,119,1320000.0,0.03486053960590909,0.006331085580538243,0.44999999999999996,1.0,7.619952623149688,23.0,8.804985870897262,-1.661995262314969,1.0
1771585708.457779,2,120,2280000.0,0.030032788409736836,0.008502891800738696,0.050000000000000044,1.0,7.619952623149688,23.0,11.234200541743819,0.33800473768503125,1.0
1771585708.4723244,2,121,1680000.0,0.030841059086428566,0.00818940330736083,0.30000000000000004,1.0,7.619952623149688,23.0,7.976653541553818,-1.661995262314969,1.0
1771585708.4876928,2,122,1320000.0,0.035405994151363626,0.006314092856067438,0.44999999999999996,1.0,7.619952623149688,23.0,7.995247647281745,-1.661995262314969,1.0
1771585708.502322,2,123,1920000.0,0.030144630515,0.00788095013307405,0.19999999999999996,1.0,7.619952623149688,23.0,11.234200541743819,0.23800473768503116,1.0
1771585708.5147197,2,124,2760000.0,0.022639195732391305,0.012694758753555102,0.0,1.0,7.619952623149688,23.0,7.488309859724464,0.8380047376850313,1.0
1771585708.5279639,2,125,1320000.0,0.01695144869681818,0.015056367917795882,0.44999999999999996,1.0,7.619952623149688,23.0,11.234200541743819,-1.661995262314969,1.0
1771585708.542186,2,126,1800000.0,0.03190296384833333,0.00705092586512976,0.25,1.0,7.619952623149688,23.0,11.234200541743819,0.21300473768503114,1.0
1771585708.5558298,2,127,1920000.0,0.030019630514999996,0.0087927526975345,0.19999999999999996,1.0,7.619952623149688,23.0,10.119959086474898,0.23800473768503116,1.0
1771585708.5681455,2,128,2640000.0,0.01817872142409091,0.01187686479485945,0.0,1.0,7.619952623149688,23.0,11.234200541743819,0.8380047376850313,1.0
1771585708.5810916,2,129,1680000.0,0.022626773372142854,0.013590212564600326,0.30000000000000004,1.0,7.619952623149688,23.0,11.234200541743819,-1.661995262314969,1.0
1771585708.593803,2,130,1920000.0,0.026769630514999997,0.010210288928331077,0.19999999999999996,1.0,7.619952623149688,23.0,11.234200541743819,0.23800473768503116,1.0
1771585708.6055152,2,131,2160000.0,0.03165851940388889,0.007309726312621545,0.09999999999999998,1.0,7.619952623149688,23.0,11.234200541743819,0.33800473768503125,1.0
1771585708.6174164,2,132,2040000.0,0.021181395220882356,0.011882061732016879,0.15000000000000002,1.0,7.619952623149688,23.0,11.234200541743819,0.2630047376850313,1.0
1771585708.6305947,2,133,1680000.0,0.029555344800714284,0.00861210586017954,0.30000000000000004,1.0,7.619952623149688,23.0,9.638747790027777,-1.661995262314969,1.0
1771585708.644444,2,134,2520000.0,0.024579154324523813,0.012140522651411379,0.0,1.0,7.619952623149688,23.0,11.234200541743819,0.8380047376850313,1.0
1771585708.6558359,2,135,2280000.0,0.012769630515000005,0.010992820623623308,0.050000000000000044,1.0,7.619952623149688,23.0,11.234200541743819,0.33800473768503125,1.0
1771585708.6684299,2,136,1320000.0,0.025951448696818178,0.011937855615403246,0.44999999999999996,1.0,7.619952623149688,23.0,7.488309859724464,-1.661995262314969,1.0
1771585708.6810625,2,137,2760000.0,0.022769630515,0.01176213526902987,0.0,1.0,7.619952623149688,23.0,11.234200541743819,0.8380047376850313,1.0
1771585708.6951287,2,138,1680000.0,0.021269630515000002,0.011733651240281997,0.30000000000000004,1.0,7.619952623149688,23.0,11.234200541743819,-1.661995262314969,1.0
1771585708.7101414,2,139,2040000.0,0.013593159926764712,0.011340895773924442,0.15000000000000002,1.0,7.619952623149688,23.0,10.119959086474898,0.2630047376850313,1.0
1771585708.72942,2,140,1680000.0,0.030841059086428563,0.009176556199003524,0.30000000000000004,1.0,7.619952623149688,23.0,8.804985870897262,-1.661995262314969,1.0
1771585708.7450306,2,141,2160000.0,0.018158519403888893,0.013363045598003508,0.09999999999999998,1.0,7.619952623149688,23.0,11.234200541743819,0.33800473768503125,1.0
1771585708.7640393,2,142,1680000.0,0.027198201943571424,0.013205595598156143,0.30000000000000004,1.0,7.619952623149688,23.0,8.804985870897262,-1.661995262314969,1.0
1771585708.7900655,2,143,2520000.0,0.019293440038809527,0.01374121034254276,0.0,1.0,7.619952623149688,23.0,11.234200541743819,0.8380047376850313,1.0
1771585708.8048735,2,144,2040000.0,0.029181395220882346,0.010666378312134727,0.15000000000000002,1.0,7.619952623149688,23.0,8.804985870897262,0.2630047376850313,1.0
1771585708.8187354,2,145,2040000.0,0.005769630515,1.1641532182693481e-10,0.15000000000000002,1.0,7.619952623149688,23.0,10.119959086474898,0.4130047376850312,1.0
1771585708.8343086,2,146,2040000.0,0.02665198345617647,0.010464968749798352,0.15000000000000002,1.0,7.619952623149688,23.0,11.234200541743819,0.2630047376850313,1.0
1771585708.8495884,2,147,2400000.0,0.018069630515000008,0.013054118124178263,0.0,1.0,7.619952623149688,23.0,11.234200541743819,0.8380047376850313,1.0
1771585708.8637242,2,148,1920000.0,0.014207130515,0.012082884330738253,0.19999999999999996,1.0,7.619952623149688,23.0,10.119959086474898,0.23800473768503116,1.0
1771585708.8793676,2,149,1800000.0,0.023236297181666664,0.011140716115024003,0.25,1.0,7.619952623149688,23.0,11.234200541743819,0.21300473768503114,1.0
1771585708.8935733,2,150,2520000.0,0.02238867813404762,0.012365374815631986,0.0,1.0,7.619952623149688,23.0,11.234200541743819,0.8380047376850313,1.0
1771585708.9097264,2,151,1080000.0,0.031769630515,0.009475113602367921,0.55,1.0,7.619952623149688,23.0,9.638747790027777,-1.661995262314969,1.0
1771585708.924313,2,152,2160000.0,0.022325186070555558,0.014735528577867012,0.09999999999999998,1.0,7.619952623149688,23.0,11.234200541743819,0.33800473768503125,1.0
1771585708.942177,2,153,2400000.0,0.026419630514999997,0.011934299309134158,0.0,1.0,7.619952623149688,23.0,11.234200541743819,0.8380047376850313,1.0
1771585708.9574952,2,154,1440000.0,0.022852963848333335,0.013300741416260305,0.4,1.0,7.619952623149688,23.0,11.234200541743819,-1.661995262314969,1.0
1771585708.9732726,2,155,1560000.0,0.03338501513038462,0.007426961916800807,0.35,1.0,7.619952623149688,23.0,11.234200541743819,-1.661995262314969,1.0
1771585708.9871101,2,156,2040000.0,0.025416689338529412,0.011565370096418356,0.15000000000000002,1.0,7.619952623149688,23.0,11.234200541743819,0.2630047376850313,1.0
1771585709.0017614,2,157,1920000.0,0.030644630514999993,0.008774074025217704,0.19999999999999996,1.0,7.619952623149688,23.0,11.234200541743819,0.23800473768503116,1.0
1771585709.015194,2,158,1920000.0,0.014082130515000006,0.011514766335015227,0.19999999999999996,1.0,7.619952623149688,23.0,11.234200541743819,0.23800473768503116,1.0
1771585709.0498316,2,159,1920000.0,0.026082130515,0.010704664579051507,0.19999999999999996,1.0,7.619952623149688,23.0,11.234200541743819,0.23800473768503116,1.0
1771585709.0708508,2,160,1920000.0,0.025144630515,0.01085630577130177,0.19999999999999996,1.0,7.619952623149688,23.0,10.119959086474898,0.23800473768503116,1.0
1771585709.1092615,2,161,2520000.0,0.02391248765785714,0.011646727373103622,0.0,1.0,7.619952623149688,23.0,9.209854982705023,0.8380047376850313,1.0
1771585709.1344168,2,162,2160000.0,0.022880741626111107,0.012050306076743863,0.09999999999999998,1.0,7.619952623149688,23.0,8.804985870897262,0.33800473768503125,1.0
1771585709.1707616,2,163,2280000.0,0.012769630515,0.010992820623623306,0.050000000000000044,1.0,7.619952623149688,23.0,11.234200541743819,0.33800473768503125,1.0
1771585709.2037768,2,164,1440000.0,0.016186297181666667,0.013143175246322922,0.4,1.0,7.619952623149688,23.0,11.234200541743819,-1.661995262314969,1.0
1771585709.24293,2,165,1800000.0,0.034302963848333326,0.00559603033904887,0.25,1.0,7.619952623149688,23.0,11.234200541743819,0.21300473768503114,1.0
1771585709.279256,2,166,2160000.0,0.02782518607055555,0.011582900338296698,0.09999999999999998,1.0,7.619952623149688,23.0,10.119959086474898,0.33800473768503125,1.0
1771585709.2940412,2,167,1680000.0,0.02148391622928572,0.012936264483053433,0.30000000000000004,1.0,7.619952623149688,23.0,11.234200541743819,-1.661995262314969,1.0
1771585709.3169482,2,168,2520000.0,0.022912487657857143,0.01219010416098985,0.0,1.0,7.619952623149688,23.0,8.804985870897262,0.8380047376850313,1.0
1771585709.3320012,2,169,2280000.0,0.012769630515000005,0.010992820623623306,0.050000000000000044,1.0,7.619952623149688,23.0,10.119959086474898,0.33800473768503125,1.0
1771585709.3607378,2,170,1680000.0,0.021769630514999996,0.014530755559944479,0.30000000000000004,1.0,7.619952623149688,23.0,11.234200541743819,-1.661995262314969,1.0
1771585709.392189,2,171,2280000.0,0.027138051567631577,0.010936229150545493,0.050000000000000044,1.0,7.619952623149688,23.0,11.234200541743819,0.33800473768503125,1.0
1771585709.446542,2,172,1560000.0,0.025231168976538456,0.01255520354652504,0.35,1.0,7.619952623149688,23.0,10.119959086474898,-1.661995262314969,1.0
1771585709.4674268,2,173,1560000.0,0.031769630515,0.008814324006542276,0.35,1.0,7.619952623149688,23.0,9.209854982705023,-1.661995262314969,1.0
1771585709.4942863,2,174,2040000.0,0.03229904227970588,0.006903687395441604,0.15000000000000002,1.0,7.619952623149688,23.0,11.234200541743819,0.2630047376850313,1.0
1771585709.5389876,2,175,2040000.0,0.028181395220882345,0.010123117536140707,0.15000000000000002,1.0,7.619952623149688,23.0,9.638747790027777,0.2630047376850313,1.0
1771585709.5808327,2,176,2400000.0,0.01581963051500001,0.01326452034564384,0.0,1.0,7.619952623149688,23.0,11.234200541743819,0.8380047376850313,1.0
1771585709.6120002,2,177,1200000.0,0.03136963051499999,0.009748846085563175,0.5,1.0,7.619952623149688,23.0,7.995247647281745,-1.661995262314969,1.0
1771585709.629863,2,178,2760000.0,0.023552239210652172,0.011802566123845707,0.0,1.0,7.619952623149688,23.0,10.119959086474898,0.8380047376850313,1.0
1771585709.6492114,2,179,1320000.0,0.02286053960590909,0.014009441916433265,0.44999999999999996,1.0,7.619952623149688,23.0,11.234200541743819,-1.661995262314969,1.0
1771585709.6665056,2,180,3000000.0,0.016089630515000005,0.012552991675293966,0.0,1.0,7.619952623149688,23.0,11.234200541743819,0.8380047376850313,1.0
1771585709.6873667,2,181,1560000.0,0.023846553591923073,0.012079617533817602,0.35,1.0,7.619952623149688,23.0,10.20212241284837,-1.661995262314969,1.0
1771585709.705146,2,182,1560000.0,0.031231168976538458,0.010330056106894954,0.35,1.0,7.619952623149688,23.0,11.234200541743819,-1.661995262314969,1.0
1771585709.720497,2,183,1920000.0,0.02839463051499999,0.010723076750634605,0.19999999999999996,1.0,7.619952623149688,23.0,11.234200541743819,0.23800473768503116,1.0
1771585709.7504952,2,184,1800000.0,0.031236297181666657,0.009017513823419185,0.25,1.0,7.619952623149688,23.0,10.119959086474898,0.21300473768503114,1.0
1771585709.766541,2,185,2160000.0,0.019436297181666666,0.013063945294843624,0.09999999999999998,1.0,7.619952623149688,23.0,11.234200541743819,0.33800473768503125,1.0
1771585709.7838898,2,186,1800000.0,0.02983629718166666,0.011624495210067805,0.25,1.0,7.619952623149688,23.0,11.234200541743819,0.21300473768503114,1.0
1771585709.8084037,2,187,2160000.0,0.025769630515,0.010801234497346431,0.09999999999999998,1.0,7.619952623149688,23.0,10.119959086474898,0.33800473768503125,1.0
1771585709.8337402,2,188,1680000.0,0.03305534480071428,0.0062954470104373715,0.30000000000000004,1.0,7.619952623149688,23.0,11.234200541743819,-1.661995262314969,1.0
1771585709.8515832,2,189,1800000.0,0.032636297181666656,0.007191352832086318,0.25,1.0,7.619952623149688,23.0,11.234200541743819,0.21300473768503114,1.0
1771585709.8651412,2,190,3000000.0,0.015609630515000007,0.012670217046286123,0.0,1.0,7.619952623149688,23.0,10.119959086474898,0.8380047376850313,1.0
1771585709.8858945,2,191,1080000.0,0.032880741626111105,0.010587670444063647,0.55,1.0,7.619952623149688,23.0,11.234200541743819,-1.661995262314969,1.0
1771585709.8997335,2,192,2760000.0,0.022247891384565215,0.012843098519598809,0.0,1.0,7.619952623149688,23.0,11.234200541743819,0.8380047376850313,1.0
1771585709.9148324,2,193,1320000.0,0.031133266878636358,0.007289752798810722,0.44999999999999996,1.0,7.619952623149688,23.0,11.234200541743819,-1.661995262314969,1.0
1771585709.9276202,2,194,2880000.0,0.015394630515000009,0.01326905076986793,0.0,1.0,7.619952623149688,23.0,11.234200541743819,0.8380047376850313,1.0
1771585709.9401245,2,195,2160000.0,0.013158519403888892,0.0111661138613858,0.09999999999999998,1.0,7.619952623149688,23.0,11.234200541743819,0.33800473768503125,1.0
1771585709.9542427,2,196,1560000.0,0.021308092053461538,0.013815350351165323,0.35,1.0,7.619952623149688,23.0,7.488309859724464,-1.661995262314969,1.0
1771585709.973355,2,197,2280000.0,0.031032788409736844,0.010371225909689072,0.050000000000000044,1.0,7.619952623149688,23.0,11.234200541743819,0.33800473768503125,1.0
1771585709.9929004,2,198,1200000.0,0.014469630514999998,0.01347627544984147,0.5,1.0,7.619952623149688,23.0,11.234200541743819,-1.661995262314969,1.0
1771585710.0065694,2,199,3120000.0,0.016000399745769237,0.011981741533579945,0.0,1.0,7.619952623149688,23.0,8.804985870897262,0.8380047376850313,1.0
1771585710.0211723,2,200,1440000.0,0.016186297181666667,0.013143175246322922,0.4,1.0,7.619952623149688,23.0,11.234200541743819,-1.661995262314969,1.0
1771585710.2512124,3,0,0.0,0.0,0.0,0.0,1.0,0.0,23.0,0.0,1.75,1.0
1771585710.2718215,3,1,960000.0,0.005769630515,0.0,0.5294117647058824,1.0,7.619952623149688,23.0,8.804985870897262,-1.5119952623149688,1.0
1771585710.2893,3,2,2160000.0,0.023880741626111115,0.012538336274929361,0.09999999999999998,1.0,7.619952623149688,23.0,11.234200541743819,0.33800473768503125,1.0
1771585710.3067439,3,3,2280000.0,0.027453841041315787,0.010448130689412685,0.050000000000000044,1.0,7.619952623149688,23.0,11.234200541743819,0.33800473768503125,1.0
1771585710.3250864,3,4,2280000.0,0.021611735778157896,0.012376816859268258,0.050000000000000044,1.0,7.619952623149688,23.0,10.119959086474898,0.33800473768503125,1.0
1771585710.3395848,3,5,1320000.0,0.017860539605909092,0.012131510776445295,0.44999999999999996,1.0,7.619952623149688,23.0,11.234200541743819,-1.661995262314969,1.0
1771585710.3560953,3,6,1440000.0,0.03843629718166666,0.005821416398857657,0.4,1.0,7.619952623149688,23.0,11.234200541743819,-1.661995262314969,1.0
1771585710.3735728,3,7,1440000.0,0.03418629718166666,0.005544642058379963,0.4,1.0,7.619952623149688,23.0,11.234200541743819,-1.661995262314969,1.0
1771585710.3866467,3,8,2160000.0,0.025158519403888892,0.01188901869088019,0.09999999999999998,1.0,7.619952623149688,23.0,11.234200541743819,0.33800473768503125,1.0
1771585710.4072247,3,9,2280000.0,0.026085419988684206,0.01049336949335626,0.050000000000000044,1.0,7.619952623149688,23.0,11.234200541743819,0.33800473768503125,1.0
1771585710.42038,3,10,1920000.0,0.014082130515000006,0.011514766335015227,0.19999999999999996,1.0,7.619952623149688,23.0,11.234200541743819,0.23800473768503116,1.0
1771585710.4407694,3,11,2400000.0,0.025519630514999996,0.011652789365641177,0.0,1.0,7.619952623149688,23.0,11.234200541743819,0.8380047376850313,1.0
1771585710.4545417,3,12,1800000.0,0.029302963848333325,0.009149620514292165,0.25,1.0,7.619952623149688,23.0,11.234200541743819,0.21300473768503114,1.0
1771585710.4786918,3,13,1920000.0,0.030707130514999993,0.007948810838735585,0.19999999999999996,1.0,7.619952623149688,23.0,10.119959086474898,0.23800473768503116,1.0
1771585710.5009027,3,14,1560000.0,0.024231168976538462,0.014221410644168151,0.35,1.0,7.619952623149688,23.0,11.234200541743819,-1.661995262314969,1.0
1771585710.5165043,3,15,1920000.0,0.028082130514999994,0.010657853618341744,0.19999999999999996,1.0,7.619952623149688,23.0,11.234200541743819,0.23800473768503116,1.0
1771585710.535115,3,16,2160000.0,0.025491852737222216,0.012232949837565565,0.09999999999999998,1.0,7.619952623149688,23.0,7.488309859724464,0.33800473768503125,1.0
1771585710.5507262,3,17,2640000.0,0.011815085060454554,0.01049448891183659,0.0,1.0,7.619952623149688,23.0,11.234200541743819,0.8380047376850313,1.0
1771585710.5651703,3,18,2040000.0,0.01359315992676471,0.011340895773924446,0.15000000000000002,1.0,7.619952623149688,23.0,8.804985870897262,0.2630047376850313,1.0
1771585710.5836043,3,19,1320000.0,0.03576963051499999,0.00393122696553457,0.44999999999999996,1.0,7.619952623149688,23.0,11.234200541743819,-1.5119952623149688,1.0
1771585710.5988595,3,20,2040000.0,0.029887277573823524,0.008784226190040049,0.15000000000000002,1.0,7.619952623149688,23.0,11.234200541743819,0.2630047376850313,1.0
1771585710.6132703,3,21,2280000.0,0.012769630515000007,0.010992820623623306,0.050000000000000044,1.0,7.619952623149688,23.0,11.234200541743819,0.33800473768503125,1.0
1771585710.6303647,3,22,1800000.0,0.027569630514999995,0.012410748030101445,0.25,1.0,7.619952623149688,23.0,10.119959086474898,0.21300473768503114,1.0
1771585710.6456246,3,23,2040000.0,0.031240218750294108,0.006589810736002399,0.15000000000000002,1.0,7.619952623149688,23.0,11.234200541743819,0.2630047376850313,1.0
1771585710.6620731,3,24,2640000.0,0.017315085060454552,0.013523472095606979,0.0,1.0,7.619952623149688,23.0,11.234200541743819,0.8380047376850313,1.0
1771585710.6760905,3,25,1560000.0,0.022846553591923075,0.013176094544880184,0.35,1.0,7.619952623149688,23.0,10.119959086474898,-1.661995262314969,1.0
1771585710.6917796,3,26,1680000.0,0.02762677337214286,0.011115350665101078,0.30000000000000004,1.0,7.619952623149688,23.0,11.234200541743819,-1.661995262314969,1.0
1771585710.7085629,3,27,1680000.0,0.03312677337214285,0.006913828202100755,0.30000000000000004,1.0,7.619952623149688,23.0,11.234200541743819,-1.661995262314969,1.0
1771585710.7235157,3,28,2280000.0,0.028822262093947365,0.010169477988002952,0.050000000000000044,1.0,7.619952623149688,23.0,7.488309859724464,0.33800473768503125,1.0
1771585710.7401423,3,29,1080000.0,0.03154740829277777,0.00848237097066325,0.55,1.0,7.619952623149688,23.0,11.234200541743819,-1.661995262314969,1.0
1771585710.7573268,3,30,1920000.0,0.026019630515,0.01203380654655874,0.19999999999999996,1.0,7.619952623149688,23.0,11.234200541743819,0.23800473768503116,1.0
1771585710.7774546,3,31,2400000.0,0.030169630515,0.01017054570807289,0.0,1.0,7.619952623149688,23.0,8.01463970507455,0.8380047376850313,1.0
1771585710.7946813,3,32,1320000.0,0.0336787214240909,0.006748124930871147,0.44999999999999996,1.0,7.619952623149688,23.0,11.234200541743819,-1.661995262314969,1.0
1771585710.815197,3,33,2640000.0,0.019724175969545454,0.01279018541598231,0.0,1.0,7.619952623149688,23.0,7.995247647281745,0.8380047376850313,1.0
1771585710.8294811,3,34,1320000.0,0.03558781233318181,0.004950999565160071,0.44999999999999996,1.0,7.619952623149688,23.0,7.488309859724464,-1.5119952623149688,1.0
1771585710.8413053,3,35,2160000.0,0.019436297181666673,0.013063945294843596,0.09999999999999998,1.0,7.619952623149688,23.0,8.804985870897262,0.33800473768503125,1.0
1771585710.85459,3,36,1800000.0,0.03023629718166666,0.007898241717130626,0.25,1.0,7.619952623149688,23.0,11.234200541743819,0.21300473768503114,1.0
1771585710.8684063,3,37,1800000.0,0.02983629718166666,0.009341425063780294,0.25,1.0,7.619952623149688,23.0,7.995247647281745,0.21300473768503114,1.0
1771585710.884549,3,38,1560000.0,0.021308092053461545,0.013781902205514538,0.35,1.0,7.619952623149688,23.0,11.234200541743819,-1.661995262314969,1.0
1771585710.8977082,3,39,3000000.0,0.016689630515000005,0.012240653577321759,0.0,1.0,7.619952623149688,23.0,11.234200541743819,0.8380047376850313,1.0
1771585710.912132,3,40,1560000.0,0.024231168976538455,0.011862127093046921,0.35,1.0,7.619952623149688,23.0,10.119959086474898,-1.661995262314969,1.0
1771585710.9263945,3,41,1560000.0,0.025231168976538463,0.010499929557385565,0.35,1.0,7.619952623149688,23.0,8.804985870897262,-1.661995262314969,1.0
1771585710.9384253,3,42,2280000.0,0.022032788409736846,0.013388298525059914,0.050000000000000044,1.0,7.619952623149688,23.0,11.234200541743819,0.33800473768503125,1.0
1771585710.952769,3,43,2640000.0,0.025360539605909085,0.01192270214533104,0.0,1.0,7.619952623149688,23.0,10.119959086474898,0.8380047376850313,1.0
1771585710.9684544,3,44,840000.0,0.03305534480071429,0.007923099785064011,0.65,1.0,7.619952623149688,23.0,11.94933268341769,-1.661995262314969,1.0
1771585710.9843202,3,45,1800000.0,0.03216963051499999,0.009485427419643973,0.25,1.0,7.619952623149688,23.0,11.234200541743819,0.21300473768503114,1.0
1771585711.0002155,3,46,2760000.0,0.02698702181934783,0.009663722038091186,0.0,1.0,7.619952623149688,23.0,10.119959086474898,0.8380047376850313,1.0
1771585711.013775,3,47,1200000.0,0.033169630515,0.00984073168011402,0.5,1.0,7.619952623149688,23.0,11.234200541743819,-1.661995262314969,1.0
1771585711.0280073,3,48,1680000.0,0.03041248765785714,0.009309036645394952,0.30000000000000004,1.0,7.619952623149688,23.0,11.234200541743819,-1.661995262314969,1.0
1771585711.043905,3,49,2040000.0,0.029122571691470586,0.010437157470085584,0.15000000000000002,1.0,7.619952623149688,23.0,10.119959086474898,0.2630047376850313,1.0
1771585711.0582073,3,50,1800000.0,0.027369630515,0.012186331140530623,0.25,1.0,7.619952623149688,23.0,11.234200541743819,0.21300473768503114,1.0
1771585711.07148,3,51,2280000.0,0.016822262093947372,0.013713127341924779,0.050000000000000044,1.0,7.619952623149688,23.0,8.98872730332345,0.33800473768503125,1.0
1771585711.0844553,3,52,2520000.0,0.013769630515000006,0.01216552506059644,0.0,1.0,7.619952623149688,23.0,11.234200541743819,0.8380047376850313,1.0
1771585711.0963714,3,53,1560000.0,0.005769630515,1.1641532182693481e-10,0.35,1.0,7.619952623149688,23.0,11.234200541743819,-1.5119952623149688,1.0
1771585711.1103368,3,54,2280000.0,0.026769630514999997,0.012594902895511679,0.050000000000000044,1.0,7.619952623149688,23.0,11.234200541743819,0.33800473768503125,1.0
1771585711.1257293,3,55,1680000.0,0.031269630514999994,0.009439657984119072,0.30000000000000004,1.0,7.619952623149688,23.0,10.119959086474898,-1.661995262314969,1.0
1771585711.1378129,3,56,1920000.0,0.014082130515000006,0.011514766335015227,0.19999999999999996,1.0,7.619952623149688,23.0,7.995247647281745,0.23800473768503116,1.0
1771585711.1528609,3,57,1680000.0,0.034983916229285705,0.006084859094842058,0.30000000000000004,1.0,7.619952623149688,23.0,11.234200541743819,-1.661995262314969,1.0
1771585711.1684241,3,58,1440000.0,0.03660296384833332,0.005177408189003061,0.4,1.0,7.619952623149688,23.0,10.119959086474898,-1.661995262314969,1.0
1771585711.1822767,3,59,1920000.0,0.03301963051499999,0.007344215410784246,0.19999999999999996,1.0,7.619952623149688,23.0,8.804985870897262,0.23800473768503116,1.0
1771585711.1984584,3,60,1320000.0,0.03576963051499999,0.004861724348044028,0.44999999999999996,1.0,7.619952623149688,23.0,8.804985870897262,-1.5119952623149688,1.0
1771585711.2123163,3,61,2280000.0,0.02250647262026316,0.013575683002157531,0.050000000000000044,1.0,7.619952623149688,23.0,10.119959086474898,0.33800473768503125,1.0
1771585711.2271042,3,62,1440000.0,0.02568629718166666,0.010804770037143582,0.4,1.0,7.619952623149688,23.0,11.234200541743819,-1.661995262314969,1.0
1771585711.2396395,3,63,2280000.0,0.019874893672894738,0.012400741645232374,0.050000000000000044,1.0,7.619952623149688,23.0,11.234200541743819,0.33800473768503125,1.0
1771585711.2539043,3,64,1920000.0,0.030207130515,0.009062068955266222,0.19999999999999996,1.0,7.619952623149688,23.0,10.119959086474898,0.23800473768503116,1.0
1771585711.2667391,3,65,2160000.0,0.020825186070555557,0.012117353131504428,0.09999999999999998,1.0,7.619952623149688,23.0,11.234200541743819,0.33800473768503125,1.0
1771585711.2797856,3,66,2520000.0,0.0266743924197619,0.01207872889049081,0.0,1.0,7.619952623149688,23.0,11.234200541743819,0.8380047376850313,1.0
1771585711.2928581,3,67,1320000.0,0.005769630515,8.231806349783991e-11,0.44999999999999996,1.0,7.619952623149688,23.0,10.119959086474898,-1.5119952623149688,1.0
1771585711.3066273,3,68,2040000.0,0.03241668933852941,0.009158353155778154,0.15000000000000002,1.0,7.619952623149688,23.0,11.234200541743819,0.2630047376850313,1.0
1771585711.3209262,3,69,1800000.0,0.027102963848333328,0.012391753530294078,0.25,1.0,7.619952623149688,23.0,9.209854982705023,0.21300473768503114,1.0
1771585711.333209,3,70,2160000.0,0.027214074959444445,0.009592950086288599,0.09999999999999998,1.0,7.619952623149688,23.0,7.699637833474825,0.33800473768503125,1.0
1771585711.3475556,3,71,2160000.0,0.026825186070555552,0.012803958685683558,0.09999999999999998,1.0,7.619952623149688,23.0,11.234200541743819,0.33800473768503125,1.0
1771585711.3632193,3,72,2040000.0,0.027769630514999998,0.010369638940903673,0.15000000000000002,1.0,7.619952623149688,23.0,8.804985870897262,0.2630047376850313,1.0
1771585711.379406,3,73,1920000.0,0.020582130515000005,0.013947305967461944,0.19999999999999996,1.0,7.619952623149688,23.0,11.234200541743819,0.23800473768503116,1.0
1771585711.3929656,3,74,1680000.0,0.015269630515000002,0.01184271928232701,0.30000000000000004,1.0,7.619952623149688,23.0,7.995247647281745,-1.661995262314969,1.0
1771585711.4081018,3,75,1920000.0,0.019519630515000008,0.013169567191065904,0.19999999999999996,1.0,7.619952623149688,23.0,11.234200541743819,0.23800473768503116,1.0
1771585711.42215,3,76,2040000.0,0.017769630515000003,0.013941052369762858,0.15000000000000002,1.0,7.619952623149688,23.0,10.119959086474898,0.2630047376850313,1.0
1771585711.4363642,3,77,2040000.0,0.02494610110323529,0.012372813147797534,0.15000000000000002,1.0,7.619952623149688,23.0,11.234200541743819,0.2630047376850313,1.0
1771585711.4495287,3,78,1800000.0,0.03196963051499999,0.007790592617595513,0.25,1.0,7.619952623149688,23.0,11.234200541743819,0.21300473768503114,1.0
1771585711.4626231,3,79,2400000.0,0.019419630515,0.012248571345263075,0.0,1.0,7.619952623149688,23.0,10.119959086474898,0.8380047376850313,1.0
1771585711.47654,3,80,1200000.0,0.029369630515,0.010258654882585708,0.5,1.0,7.619952623149688,23.0,8.804985870897262,-1.661995262314969,1.0
1771585711.491402,3,81,1440000.0,0.033436297181666665,0.00848855438549789,0.4,1.0,7.619952623149688,23.0,11.234200541743819,-1.661995262314969,1.0
1771585711.5061436,3,82,1320000.0,0.03186053960590909,0.008638755649603355,0.44999999999999996,1.0,7.619952623149688,23.0,9.975595763354864,-1.661995262314969,1.0
1771585711.520619,3,83,1680000.0,0.031841059086428564,0.009482798605251282,0.30000000000000004,1.0,7.619952623149688,23.0,11.234200541743819,-1.661995262314969,1.0
1771585711.5326793,3,84,2880000.0,0.021894630515000003,0.012683034928596532,0.0,1.0,7.619952623149688,23.0,11.234200541743819,0.8380047376850313,1.0
1771585711.5452352,3,85,2160000.0,0.01504740829277778,0.012546825873748819,0.09999999999999998,1.0,7.619952623149688,23.0,10.119959086474898,0.33800473768503125,1.0
1771585711.557632,3,86,1920000.0,0.016269630515,0.012961481396815723,0.19999999999999996,1.0,7.619952623149688,23.0,11.234200541743819,0.23800473768503116,1.0
1771585711.5711865,3,87,1320000.0,0.032769630514999995,0.006281285334590814,0.44999999999999996,1.0,7.619952623149688,23.0,11.234200541743819,-1.661995262314969,1.0
1771585711.5879936,3,88,1560000.0,0.035154245899615376,0.00535707241430162,0.35,1.0,7.619952623149688,23.0,11.234200541743819,-1.661995262314969,1.0
1771585711.6010566,3,89,1680000.0,0.02634105908642857,0.010880613728188354,0.30000000000000004,1.0,7.619952623149688,23.0,9.209854982705023,-1.661995262314969,1.0
1771585711.6132004,3,90,2160000.0,0.021214074959444443,0.013557376926817463,0.09999999999999998,1.0,7.619952623149688,23.0,11.234200541743819,0.33800473768503125,1.0
1771585711.6262112,3,91,2280000.0,0.02945384104131579,0.010959507439848727,0.050000000000000044,1.0,7.619952623149688,23.0,9.638747790027777,0.33800473768503125,1.0
1771585711.6382818,3,92,1560000.0,0.016000399745769237,0.011981741533579945,0.35,1.0,7.619952623149688,23.0,9.975595763354864,-1.661995262314969,1.0
1771585711.6509132,3,93,2280000.0,0.02466436735710526,0.011488643073382944,0.050000000000000044,1.0,7.619952623149688,23.0,11.234200541743819,0.33800473768503125,1.0
1771585711.6627743,3,94,2160000.0,0.021714074959444444,0.012773550025224532,0.09999999999999998,1.0,7.619952623149688,23.0,11.234200541743819,0.33800473768503125,1.0
1771585711.6773126,3,95,1440000.0,0.03468629718166666,0.004645039169790642,0.4,1.0,7.619952623149688,23.0,11.234200541743819,-1.5119952623149688,1.0
1771585711.6915038,3,96,1800000.0,0.03183629718166666,0.009327140802816053,0.25,1.0,7.619952623149688,23.0,11.234200541743819,0.21300473768503114,1.0
1771585711.7039917,3,97,2520000.0,0.029531535276904764,0.01021625577626987,0.0,1.0,7.619952623149688,23.0,7.488309859724464,0.8380047376850313,1.0
1771585711.715618,3,98,1560000.0,0.015538861284230768,0.01205853573298469,0.35,1.0,7.619952623149688,23.0,11.94933268341769,-1.661995262314969,1.0
1771585711.7288425,3,99,2040000.0,0.02600492463264706,0.012900202514437313,0.15000000000000002,1.0,7.619952623149688,23.0,7.995247647281745,0.2630047376850313,1.0
1771585711.7429872,3,100,1440000.0,0.03635296384833333,0.005040805711612227,0.4,1.0,7.619952623149688,23.0,10.119959086474898,-1.661995262314969,1.0
1771585711.7575092,3,101,1560000.0,0.032692707438076916,0.008241186793375935,0.35,1.0,7.619952623149688,23.0,9.209854982705023,-1.661995262314969,1.0
1771585711.771387,3,102,1920000.0,0.023269630515,0.014815532390029041,0.19999999999999996,1.0,7.619952623149688,23.0,11.234200541743819,0.23800473768503116,1.0
1771585711.7870395,3,103,2040000.0,0.027240218750294115,0.01227679612860746,0.15000000000000002,1.0,7.619952623149688,23.0,10.119959086474898,0.2630047376850313,1.0
1771585711.7981145,3,104,2040000.0,0.021828454044411767,0.011739679263257237,0.15000000000000002,1.0,7.619952623149688,23.0,11.234200541743819,0.2630047376850313,1.0
1771585711.8115427,3,105,720000.0,0.039269630514999994,0.0030956959368345052,0.7,1.0,7.619952623149688,23.0,8.804985870897262,-1.5119952623149688,1.0
1771585711.8242016,3,106,2160000.0,0.027269630514999997,0.011884864324004712,0.09999999999999998,1.0,7.619952623149688,23.0,9.638747790027777,0.33800473768503125,1.0
1771585711.8389435,3,107,1200000.0,0.03746963051499999,0.004100000000000069,0.5,1.0,7.619952623149688,23.0,11.234200541743819,-1.5119952623149688,1.0
1771585711.8523822,3,108,2040000.0,0.027828454044411765,0.011859325386206274,0.15000000000000002,1.0,7.619952623149688,23.0,11.234200541743819,0.2630047376850313,1.0
1771585711.8669927,3,109,2280000.0,0.021401209462368426,0.014499402987040845,0.050000000000000044,1.0,7.619952623149688,23.0,10.119959086474898,0.33800473768503125,1.0
1771585711.877282,3,110,2160000.0,0.01315851940388889,0.011166113861385801,0.09999999999999998,1.0,7.619952623149688,23.0,11.234200541743819,0.33800473768503125,1.0
1771585711.8890078,3,111,1920000.0,0.022832130515,0.01137139365909034,0.19999999999999996,1.0,7.619952623149688,23.0,11.234200541743819,0.23800473768503116,1.0
1771585711.9026864,3,112,1560000.0,0.033846553591923074,0.0063423065260996446,0.35,1.0,7.619952623149688,23.0,11.234200541743819,-1.661995262314969,1.0
1771585711.9176652,3,113,1560000.0,0.03169270743807692,0.008334003917792153,0.35,1.0,7.619952623149688,23.0,11.234200541743819,-1.661995262314969,1.0
1771585711.929365,3,114,2280000.0,0.018559104199210537,0.01311720022825962,0.050000000000000044,1.0,7.619952623149688,23.0,11.234200541743819,0.33800473768503125,1.0
1771585711.9446895,3,115,1680000.0,0.02869820194357143,0.011725821845789046,0.30000000000000004,1.0,7.619952623149688,23.0,11.234200541743819,-1.661995262314969,1.0
1771585711.9560304,3,116,2280000.0,0.019769630515,0.011986834883584393,0.050000000000000044,1.0,7.619952623149688,23.0,11.234200541743819,0.33800473768503125,1.0
1771585711.9681022,3,117,2040000.0,0.026887277573823525,0.010028678600078271,0.15000000000000002,1.0,7.619952623149688,23.0,11.234200541743819,0.2630047376850313,1.0
1771585711.9798172,3,118,2400000.0,0.018769630515000003,0.01274754878398196,0.0,1.0,7.619952623149688,23.0,10.119959086474898,0.8380047376850313,1.0
1771585711.9941788,3,119,1320000.0,0.03486053960590909,0.006331085580538243,0.44999999999999996,1.0,7.619952623149688,23.0,8.804985870897262,-1.661995262314969,1.0
1771585712.006087,3,120,2280000.0,0.030032788409736836,0.008502891800738696,0.050000000000000044,1.0,7.619952623149688,23.0,11.234200541743819,0.33800473768503125,1.0
1771585712.0195465,3,121,1680000.0,0.030841059086428566,0.00818940330736083,0.30000000000000004,1.0,7.619952623149688,23.0,7.976653541553818,-1.661995262314969,1.0
1771585712.03353,3,122,1320000.0,0.035405994151363626,0.006314092856067438,0.44999999999999996,1.0,7.619952623149688,23.0,7.995247647281745,-1.661995262314969,1.0
1771585712.0471835,3,123,1920000.0,0.030144630515,0.00788095013307405,0.19999999999999996,1.0,7.619952623149688,23.0,11.234200541743819,0.23800473768503116,1.0
1771585712.0588586,3,124,2760000.0,0.022639195732391305,0.012694758753555102,0.0,1.0,7.619952623149688,23.0,7.488309859724464,0.8380047376850313,1.0
1771585712.070674,3,125,1320000.0,0.01695144869681818,0.015056367917795882,0.44999999999999996,1.0,7.619952623149688,23.0,11.234200541743819,-1.661995262314969,1.0
1771585712.0852573,3,126,1800000.0,0.03190296384833333,0.00705092586512976,0.25,1.0,7.619952623149688,23.0,11.234200541743819,0.21300473768503114,1.0
1771585712.0981746,3,127,1920000.0,0.030019630514999996,0.0087927526975345,0.19999999999999996,1.0,7.619952623149688,23.0,10.119959086474898,0.23800473768503116,1.0
1771585712.110155,3,128,2640000.0,0.01817872142409091,0.01187686479485945,0.0,1.0,7.619952623149688,23.0,11.234200541743819,0.8380047376850313,1.0
1771585712.122796,3,129,1680000.0,0.022626773372142854,0.013590212564600326,0.30000000000000004,1.0,7.619952623149688,23.0,11.234200541743819,-1.661995262314969,1.0
1771585712.1358376,3,130,1920000.0,0.026769630514999997,0.010210288928331077,0.19999999999999996,1.0,7.619952623149688,23.0,11.234200541743819,0.23800473768503116,1.0
1771585712.1502225,3,131,2160000.0,0.03165851940388889,0.007309726312621545,0.09999999999999998,1.0,7.619952623149688,23.0,11.234200541743819,0.33800473768503125,1.0
1771585712.1627903,3,132,2040000.0,0.021181395220882356,0.011882061732016879,0.15000000000000002,1.0,7.619952623149688,23.0,11.234200541743819,0.2630047376850313,1.0
1771585712.177614,3,133,1680000.0,0.029555344800714284,0.00861210586017954,0.30000000000000004,1.0,7.619952623149688,23.0,9.638747790027777,-1.661995262314969,1.0
1771585712.192623,3,134,2520000.0,0.024579154324523813,0.012140522651411379,0.0,1.0,7.619952623149688,23.0,11.234200541743819,0.8380047376850313,1.0
1771585712.2042644,3,135,2280000.0,0.012769630515000005,0.010992820623623308,0.050000000000000044,1.0,7.619952623149688,23.0,11.234200541743819,0.33800473768503125,1.0
1771585712.2158854,3,136,1320000.0,0.025951448696818178,0.011937855615403246,0.44999999999999996,1.0,7.619952623149688,23.0,7.488309859724464,-1.661995262314969,1.0
1771585712.2279997,3,137,2760000.0,0.022769630515,0.01176213526902987,0.0,1.0,7.619952623149688,23.0,11.234200541743819,0.8380047376850313,1.0
1771585712.24141,3,138,1680000.0,0.021269630515000002,0.011733651240281997,0.30000000000000004,1.0,7.619952623149688,23.0,11.234200541743819,-1.661995262314969,1.0
1771585712.2528162,3,139,2040000.0,0.013593159926764712,0.011340895773924442,0.15000000000000002,1.0,7.619952623149688,23.0,10.119959086474898,0.2630047376850313,1.0
1771585712.2652562,3,140,1680000.0,0.030841059086428563,0.009176556199003524,0.30000000000000004,1.0,7.619952623149688,23.0,8.804985870897262,-1.661995262314969,1.0
1771585712.2776906,3,141,2160000.0,0.018158519403888893,0.013363045598003508,0.09999999999999998,1.0,7.619952623149688,23.0,11.234200541743819,0.33800473768503125,1.0
1771585712.2933674,3,142,1680000.0,0.027198201943571424,0.013205595598156143,0.30000000000000004,1.0,7.619952623149688,23.0,8.804985870897262,-1.661995262314969,1.0
1771585712.3071067,3,143,2520000.0,0.019293440038809527,0.01374121034254276,0.0,1.0,7.619952623149688,23.0,11.234200541743819,0.8380047376850313,1.0
1771585712.3195195,3,144,2040000.0,0.029181395220882346,0.010666378312134727,0.15000000000000002,1.0,7.619952623149688,23.0,8.804985870897262,0.2630047376850313,1.0
1771585712.330788,3,145,2040000.0,0.005769630515,1.1641532182693481e-10,0.15000000000000002,1.0,7.619952623149688,23.0,10.119959086474898,0.4130047376850312,1.0
1771585712.344177,3,146,2040000.0,0.02665198345617647,0.010464968749798352,0.15000000000000002,1.0,7.619952623149688,23.0,11.234200541743819,0.2630047376850313,1.0
1771585712.3558502,3,147,2400000.0,0.018069630515000008,0.013054118124178263,0.0,1.0,7.619952623149688,23.0,11.234200541743819,0.8380047376850313,1.0
1771585712.3665674,3,148,1920000.0,0.014207130515,0.012082884330738253,0.19999999999999996,1.0,7.619952623149688,23.0,10.119959086474898,0.23800473768503116,1.0
1771585712.3783894,3,149,1800000.0,0.023236297181666664,0.011140716115024003,0.25,1.0,7.619952623149688,23.0,11.234200541743819,0.21300473768503114,1.0
1771585712.3894665,3,150,2520000.0,0.02238867813404762,0.012365374815631986,0.0,1.0,7.619952623149688,23.0,11.234200541743819,0.8380047376850313,1.0
1771585712.4026384,3,151,1080000.0,0.031769630515,0.009475113602367921,0.55,1.0,7.619952623149688,23.0,9.638747790027777,-1.661995262314969,1.0
1771585712.4147165,3,152,2160000.0,0.022325186070555558,0.014735528577867012,0.09999999999999998,1.0,7.619952623149688,23.0,11.234200541743819,0.33800473768503125,1.0
1771585712.4293904,3,153,2400000.0,0.026419630514999997,0.011934299309134158,0.0,1.0,7.619952623149688,23.0,11.234200541743819,0.8380047376850313,1.0
1771585712.4431937,3,154,1440000.0,0.022852963848333335,0.013300741416260305,0.4,1.0,7.619952623149688,23.0,11.234200541743819,-1.661995262314969,1.0
1771585712.4563198,3,155,1560000.0,0.03338501513038462,0.007426961916800807,0.35,1.0,7.619952623149688,23.0,11.234200541743819,-1.661995262314969,1.0
1771585712.4687436,3,156,2040000.0,0.025416689338529412,0.011565370096418356,0.15000000000000002,1.0,7.619952623149688,23.0,11.234200541743819,0.2630047376850313,1.0
1771585712.4811451,3,157,1920000.0,0.030644630514999993,0.008774074025217704,0.19999999999999996,1.0,7.619952623149688,23.0,11.234200541743819,0.23800473768503116,1.0
1771585712.4923775,3,158,1920000.0,0.014082130515000006,0.011514766335015227,0.19999999999999996,1.0,7.619952623149688,23.0,11.234200541743819,0.23800473768503116,1.0
1771585712.5039485,3,159,1920000.0,0.026082130515,0.010704664579051507,0.19999999999999996,1.0,7.619952623149688,23.0,11.234200541743819,0.23800473768503116,1.0
1771585712.5173013,3,160,1920000.0,0.025144630515,0.01085630577130177,0.19999999999999996,1.0,7.619952623149688,23.0,10.119959086474898,0.23800473768503116,1.0
1771585712.5305214,3,161,2520000.0,0.02391248765785714,0.011646727373103622,0.0,1.0,7.619952623149688,23.0,9.209854982705023,0.8380047376850313,1.0
1771585712.5439541,3,162,2160000.0,0.022880741626111107,0.012050306076743863,0.09999999999999998,1.0,7.619952623149688,23.0,8.804985870897262,0.33800473768503125,1.0
1771585712.5563455,3,163,2280000.0,0.012769630515,0.010992820623623306,0.050000000000000044,1.0,7.619952623149688,23.0,11.234200541743819,0.33800473768503125,1.0
1771585712.5685258,3,164,1440000.0,0.016186297181666667,0.013143175246322922,0.4,1.0,7.619952623149688,23.0,11.234200541743819,-1.661995262314969,1.0
1771585712.5817842,3,165,1800000.0,0.034302963848333326,0.00559603033904887,0.25,1.0,7.619952623149688,23.0,11.234200541743819,0.21300473768503114,1.0
1771585712.5960758,3,166,2160000.0,0.02782518607055555,0.011582900338296698,0.09999999999999998,1.0,7.619952623149688,23.0,10.119959086474898,0.33800473768503125,1.0
1771585712.6172493,3,167,1680000.0,0.02148391622928572,0.012936264483053433,0.30000000000000004,1.0,7.619952623149688,23.0,11.234200541743819,-1.661995262314969,1.0
1771585712.6303797,3,168,2520000.0,0.022912487657857143,0.01219010416098985,0.0,1.0,7.619952623149688,23.0,8.804985870897262,0.8380047376850313,1.0
1771585712.6419175,3,169,2280000.0,0.012769630515000005,0.010992820623623306,0.050000000000000044,1.0,7.619952623149688,23.0,10.119959086474898,0.33800473768503125,1.0
1771585712.652894,3,170,1680000.0,0.021769630514999996,0.014530755559944479,0.30000000000000004,1.0,7.619952623149688,23.0,11.234200541743819,-1.661995262314969,1.0
1771585712.6647232,3,171,2280000.0,0.027138051567631577,0.010936229150545493,0.050000000000000044,1.0,7.619952623149688,23.0,11.234200541743819,0.33800473768503125,1.0
1771585712.677471,3,172,1560000.0,0.025231168976538456,0.01255520354652504,0.35,1.0,7.619952623149688,23.0,10.119959086474898,-1.661995262314969,1.0
1771585712.6903412,3,173,1560000.0,0.031769630515,0.008814324006542276,0.35,1.0,7.619952623149688,23.0,9.209854982705023,-1.661995262314969,1.0
1771585712.7045639,3,174,2040000.0,0.03229904227970588,0.006903687395441604,0.15000000000000002,1.0,7.619952623149688,23.0,11.234200541743819,0.2630047376850313,1.0
1771585712.7170799,3,175,2040000.0,0.028181395220882345,0.010123117536140707,0.15000000000000002,1.0,7.619952623149688,23.0,9.638747790027777,0.2630047376850313,1.0
1771585712.733878,3,176,2400000.0,0.01581963051500001,0.01326452034564384,0.0,1.0,7.619952623149688,23.0,11.234200541743819,0.8380047376850313,1.0
1771585712.749452,3,177,1200000.0,0.03136963051499999,0.009748846085563175,0.5,1.0,7.619952623149688,23.0,7.995247647281745,-1.661995262314969,1.0
1771585712.7610278,3,178,2760000.0,0.023552239210652172,0.011802566123845707,0.0,1.0,7.619952623149688,23.0,10.119959086474898,0.8380047376850313,1.0
1771585712.7726316,3,179,1320000.0,0.02286053960590909,0.014009441916433265,0.44999999999999996,1.0,7.619952623149688,23.0,11.234200541743819,-1.661995262314969,1.0
1771585712.7842538,3,180,3000000.0,0.016089630515000005,0.012552991675293966,0.0,1.0,7.619952623149688,23.0,11.234200541743819,0.8380047376850313,1.0
1771585712.7963502,3,181,1560000.0,0.023846553591923073,0.012079617533817602,0.35,1.0,7.619952623149688,23.0,10.20212241284837,-1.661995262314969,1.0
1771585712.8105333,3,182,1560000.0,0.031231168976538458,0.010330056106894954,0.35,1.0,7.619952623149688,23.0,11.234200541743819,-1.661995262314969,1.0
1771585712.8227677,3,183,1920000.0,0.02839463051499999,0.010723076750634605,0.19999999999999996,1.0,7.619952623149688,23.0,11.234200541743819,0.23800473768503116,1.0
1771585712.8357584,3,184,1800000.0,0.031236297181666657,0.009017513823419185,0.25,1.0,7.619952623149688,23.0,10.119959086474898,0.21300473768503114,1.0
1771585712.8478937,3,185,2160000.0,0.019436297181666666,0.013063945294843624,0.09999999999999998,1.0,7.619952623149688,23.0,11.234200541743819,0.33800473768503125,1.0
1771585712.862401,3,186,1800000.0,0.02983629718166666,0.011624495210067805,0.25,1.0,7.619952623149688,23.0,11.234200541743819,0.21300473768503114,1.0
1771585712.875747,3,187,2160000.0,0.025769630515,0.010801234497346431,0.09999999999999998,1.0,7.619952623149688,23.0,10.119959086474898,0.33800473768503125,1.0
1771585712.8896525,3,188,1680000.0,0.03305534480071428,0.0062954470104373715,0.30000000000000004,1.0,7.619952623149688,23.0,11.234200541743819,-1.661995262314969,1.0
1771585712.9042687,3,189,1800000.0,0.032636297181666656,0.007191352832086318,0.25,1.0,7.619952623149688,23.0,11.234200541743819,0.21300473768503114,1.0
1771585712.9208179,3,190,3000000.0,0.015609630515000007,0.012670217046286123,0.0,1.0,7.619952623149688,23.0,10.119959086474898,0.8380047376850313,1.0
1771585712.93405,3,191,1080000.0,0.032880741626111105,0.010587670444063647,0.55,1.0,7.619952623149688,23.0,11.234200541743819,-1.661995262314969,1.0
1771585712.9460044,3,192,2760000.0,0.022247891384565215,0.012843098519598809,0.0,1.0,7.619952623149688,23.0,11.234200541743819,0.8380047376850313,1.0
1771585712.9631965,3,193,1320000.0,0.031133266878636358,0.007289752798810722,0.44999999999999996,1.0,7.619952623149688,23.0,11.234200541743819,-1.661995262314969,1.0
1771585712.9745338,3,194,2880000.0,0.015394630515000009,0.01326905076986793,0.0,1.0,7.619952623149688,23.0,11.234200541743819,0.8380047376850313,1.0
1771585712.9859009,3,195,2160000.0,0.013158519403888892,0.0111661138613858,0.09999999999999998,1.0,7.619952623149688,23.0,11.234200541743819,0.33800473768503125,1.0
1771585712.9981732,3,196,1560000.0,0.021308092053461538,0.013815350351165323,0.35,1.0,7.619952623149688,23.0,7.488309859724464,-1.661995262314969,1.0
1771585713.0119393,3,197,2280000.0,0.031032788409736844,0.010371225909689072,0.050000000000000044,1.0,7.619952623149688,23.0,11.234200541743819,0.33800473768503125,1.0
1771585713.0308838,3,198,1200000.0,0.014469630514999998,0.01347627544984147,0.5,1.0,7.619952623149688,23.0,11.234200541743819,-1.661995262314969,1.0
1771585713.0429096,3,199,3120000.0,0.016000399745769237,0.011981741533579945,0.0,1.0,7.619952623149688,23.0,8.804985870897262,0.8380047376850313,1.0
1771585713.0550253,3,200,1440000.0,0.016186297181666667,0.013143175246322922,0.4,1.0,7.619952623149688,23.0,11.234200541743819,-1.661995262314969,1.0
1771585713.258111,4,0,0.0,0.0,0.0,0.0,1.0,0.0,23.0,0.0,1.75,1.0
1771585713.270232,4,1,960000.0,0.005769630515,0.0,0.5294117647058824,1.0,7.619952623149688,23.0,8.804985870897262,-1.5119952623149688,1.0
1771585713.2829962,4,2,2160000.0,0.023880741626111115,0.012538336274929361,0.09999999999999998,1.0,7.619952623149688,23.0,11.234200541743819,0.33800473768503125,1.0
1771585713.301152,4,3,2280000.0,0.027453841041315787,0.010448130689412685,0.050000000000000044,1.0,7.619952623149688,23.0,11.234200541743819,0.33800473768503125,1.0
1771585713.3138433,4,4,2280000.0,0.021611735778157896,0.012376816859268258,0.050000000000000044,1.0,7.619952623149688,23.0,10.119959086474898,0.33800473768503125,1.0
1771585713.3309124,4,5,1320000.0,0.017860539605909092,0.012131510776445295,0.44999999999999996,1.0,7.619952623149688,23.0,11.234200541743819,-1.661995262314969,1.0
1771585713.3464031,4,6,1440000.0,0.03843629718166666,0.005821416398857657,0.4,1.0,7.619952623149688,23.0,11.234200541743819,-1.661995262314969,1.0
1771585713.3605475,4,7,1440000.0,0.03418629718166666,0.005544642058379963,0.4,1.0,7.619952623149688,23.0,11.234200541743819,-1.661995262314969,1.0
1771585713.3722973,4,8,2160000.0,0.025158519403888892,0.01188901869088019,0.09999999999999998,1.0,7.619952623149688,23.0,11.234200541743819,0.33800473768503125,1.0
1771585713.3851335,4,9,2280000.0,0.026085419988684206,0.01049336949335626,0.050000000000000044,1.0,7.619952623149688,23.0,11.234200541743819,0.33800473768503125,1.0
1771585713.3974612,4,10,1920000.0,0.014082130515000006,0.011514766335015227,0.19999999999999996,1.0,7.619952623149688,23.0,11.234200541743819,0.23800473768503116,1.0
1771585713.4120436,4,11,2400000.0,0.025519630514999996,0.011652789365641177,0.0,1.0,7.619952623149688,23.0,11.234200541743819,0.8380047376850313,1.0
1771585713.4258347,4,12,1800000.0,0.029302963848333325,0.009149620514292165,0.25,1.0,7.619952623149688,23.0,11.234200541743819,0.21300473768503114,1.0
1771585713.439942,4,13,1920000.0,0.030707130514999993,0.007948810838735585,0.19999999999999996,1.0,7.619952623149688,23.0,10.119959086474898,0.23800473768503116,1.0
1771585713.4531178,4,14,1560000.0,0.024231168976538462,0.014221410644168151,0.35,1.0,7.619952623149688,23.0,11.234200541743819,-1.661995262314969,1.0
1771585713.4662166,4,15,1920000.0,0.028082130514999994,0.010657853618341744,0.19999999999999996,1.0,7.619952623149688,23.0,11.234200541743819,0.23800473768503116,1.0
1771585713.4793386,4,16,2160000.0,0.025491852737222216,0.012232949837565565,0.09999999999999998,1.0,7.619952623149688,23.0,7.488309859724464,0.33800473768503125,1.0
1771585713.491505,4,17,2640000.0,0.011815085060454554,0.01049448891183659,0.0,1.0,7.619952623149688,23.0,11.234200541743819,0.8380047376850313,1.0
1771585713.502733,4,18,2040000.0,0.01359315992676471,0.011340895773924446,0.15000000000000002,1.0,7.619952623149688,23.0,8.804985870897262,0.2630047376850313,1.0
1771585713.5162725,4,19,1320000.0,0.03576963051499999,0.00393122696553457,0.44999999999999996,1.0,7.619952623149688,23.0,11.234200541743819,-1.5119952623149688,1.0
1771585713.5289629,4,20,2040000.0,0.029887277573823524,0.008784226190040049,0.15000000000000002,1.0,7.619952623149688,23.0,11.234200541743819,0.2630047376850313,1.0
1771585713.5413792,4,21,2280000.0,0.012769630515000007,0.010992820623623306,0.050000000000000044,1.0,7.619952623149688,23.0,11.234200541743819,0.33800473768503125,1.0
1771585713.5542393,4,22,1800000.0,0.027569630514999995,0.012410748030101445,0.25,1.0,7.619952623149688,23.0,10.119959086474898,0.21300473768503114,1.0
1771585713.5668726,4,23,2040000.0,0.031240218750294108,0.006589810736002399,0.15000000000000002,1.0,7.619952623149688,23.0,11.234200541743819,0.2630047376850313,1.0
1771585713.5797956,4,24,2640000.0,0.017315085060454552,0.013523472095606979,0.0,1.0,7.619952623149688,23.0,11.234200541743819,0.8380047376850313,1.0
1771585713.5917888,4,25,1560000.0,0.022846553591923075,0.013176094544880184,0.35,1.0,7.619952623149688,23.0,10.119959086474898,-1.661995262314969,1.0
1771585713.6054633,4,26,1680000.0,0.02762677337214286,0.011115350665101078,0.30000000000000004,1.0,7.619952623149688,23.0,11.234200541743819,-1.661995262314969,1.0
1771585713.6198096,4,27,1680000.0,0.03312677337214285,0.006913828202100755,0.30000000000000004,1.0,7.619952623149688,23.0,11.234200541743819,-1.661995262314969,1.0
1771585713.633406,4,28,2280000.0,0.028822262093947365,0.010169477988002952,0.050000000000000044,1.0,7.619952623149688,23.0,7.488309859724464,0.33800473768503125,1.0
1771585713.6487498,4,29,1080000.0,0.03154740829277777,0.00848237097066325,0.55,1.0,7.619952623149688,23.0,11.234200541743819,-1.661995262314969,1.0
1771585713.6627166,4,30,1920000.0,0.026019630515,0.01203380654655874,0.19999999999999996,1.0,7.619952623149688,23.0,11.234200541743819,0.23800473768503116,1.0
1771585713.6781154,4,31,2400000.0,0.030169630515,0.01017054570807289,0.0,1.0,7.619952623149688,23.0,8.01463970507455,0.8380047376850313,1.0
1771585713.6925383,4,32,1320000.0,0.0336787214240909,0.006748124930871147,0.44999999999999996,1.0,7.619952623149688,23.0,11.234200541743819,-1.661995262314969,1.0
1771585713.7061844,4,33,2640000.0,0.019724175969545454,0.01279018541598231,0.0,1.0,7.619952623149688,23.0,7.995247647281745,0.8380047376850313,1.0
1771585713.7195876,4,34,1320000.0,0.03558781233318181,0.004950999565160071,0.44999999999999996,1.0,7.619952623149688,23.0,7.488309859724464,-1.5119952623149688,1.0
1771585713.7300909,4,35,2160000.0,0.019436297181666673,0.013063945294843596,0.09999999999999998,1.0,7.619952623149688,23.0,8.804985870897262,0.33800473768503125,1.0
1771585713.7441866,4,36,1800000.0,0.03023629718166666,0.007898241717130626,0.25,1.0,7.619952623149688,23.0,11.234200541743819,0.21300473768503114,1.0
1771585713.7573576,4,37,1800000.0,0.02983629718166666,0.009341425063780294,0.25,1.0,7.619952623149688,23.0,7.995247647281745,0.21300473768503114,1.0
1771585713.7726812,4,38,1560000.0,0.021308092053461545,0.013781902205514538,0.35,1.0,7.619952623149688,23.0,11.234200541743819,-1.661995262314969,1.0
1771585713.7850964,4,39,3000000.0,0.016689630515000005,0.012240653577321759,0.0,1.0,7.619952623149688,23.0,11.234200541743819,0.8380047376850313,1.0
1771585713.7983947,4,40,1560000.0,0.024231168976538455,0.011862127093046921,0.35,1.0,7.619952623149688,23.0,10.119959086474898,-1.661995262314969,1.0
1771585713.8253067,4,41,1560000.0,0.025231168976538463,0.010499929557385565,0.35,1.0,7.619952623149688,23.0,8.804985870897262,-1.661995262314969,1.0
1771585713.838006,4,42,2280000.0,0.022032788409736846,0.013388298525059914,0.050000000000000044,1.0,7.619952623149688,23.0,11.234200541743819,0.33800473768503125,1.0
1771585713.8527718,4,43,2640000.0,0.025360539605909085,0.01192270214533104,0.0,1.0,7.619952623149688,23.0,10.119959086474898,0.8380047376850313,1.0
1771585713.8675792,4,44,840000.0,0.03305534480071429,0.007923099785064011,0.65,1.0,7.619952623149688,23.0,11.94933268341769,-1.661995262314969,1.0
1771585713.8824527,4,45,1800000.0,0.03216963051499999,0.009485427419643973,0.25,1.0,7.619952623149688,23.0,11.234200541743819,0.21300473768503114,1.0
1771585713.8967063,4,46,2760000.0,0.02698702181934783,0.009663722038091186,0.0,1.0,7.619952623149688,23.0,10.119959086474898,0.8380047376850313,1.0
1771585713.90971,4,47,1200000.0,0.033169630515,0.00984073168011402,0.5,1.0,7.619952623149688,23.0,11.234200541743819,-1.661995262314969,1.0
1771585713.9232159,4,48,1680000.0,0.03041248765785714,0.009309036645394952,0.30000000000000004,1.0,7.619952623149688,23.0,11.234200541743819,-1.661995262314969,1.0
1771585713.9386644,4,49,2040000.0,0.029122571691470586,0.010437157470085584,0.15000000000000002,1.0,7.619952623149688,23.0,10.119959086474898,0.2630047376850313,1.0
1771585713.9530194,4,50,1800000.0,0.027369630515,0.012186331140530623,0.25,1.0,7.619952623149688,23.0,11.234200541743819,0.21300473768503114,1.0
1771585713.965698,4,51,2280000.0,0.016822262093947372,0.013713127341924779,0.050000000000000044,1.0,7.619952623149688,23.0,8.98872730332345,0.33800473768503125,1.0
1771585713.9780211,4,52,2520000.0,0.013769630515000006,0.01216552506059644,0.0,1.0,7.619952623149688,23.0,11.234200541743819,0.8380047376850313,1.0
1771585713.9891415,4,53,1560000.0,0.005769630515,1.1641532182693481e-10,0.35,1.0,7.619952623149688,23.0,11.234200541743819,-1.5119952623149688,1.0
1771585714.00267,4,54,2280000.0,0.026769630514999997,0.012594902895511679,0.050000000000000044,1.0,7.619952623149688,23.0,11.234200541743819,0.33800473768503125,1.0
1771585714.016913,4,55,1680000.0,0.031269630514999994,0.009439657984119072,0.30000000000000004,1.0,7.619952623149688,23.0,10.119959086474898,-1.661995262314969,1.0
1771585714.0406907,4,56,1920000.0,0.014082130515000006,0.011514766335015227,0.19999999999999996,1.0,7.619952623149688,23.0,7.995247647281745,0.23800473768503116,1.0
1771585714.0627675,4,57,1680000.0,0.034983916229285705,0.006084859094842058,0.30000000000000004,1.0,7.619952623149688,23.0,11.234200541743819,-1.661995262314969,1.0
1771585714.079569,4,58,1440000.0,0.03660296384833332,0.005177408189003061,0.4,1.0,7.619952623149688,23.0,10.119959086474898,-1.661995262314969,1.0
1771585714.0954335,4,59,1920000.0,0.03301963051499999,0.007344215410784246,0.19999999999999996,1.0,7.619952623149688,23.0,8.804985870897262,0.23800473768503116,1.0
1771585714.113756,4,60,1320000.0,0.03576963051499999,0.004861724348044028,0.44999999999999996,1.0,7.619952623149688,23.0,8.804985870897262,-1.5119952623149688,1.0
1771585714.137015,4,61,2280000.0,0.02250647262026316,0.013575683002157531,0.050000000000000044,1.0,7.619952623149688,23.0,10.119959086474898,0.33800473768503125,1.0
1771585714.1531687,4,62,1440000.0,0.02568629718166666,0.010804770037143582,0.4,1.0,7.619952623149688,23.0,11.234200541743819,-1.661995262314969,1.0
1771585714.1663475,4,63,2280000.0,0.019874893672894738,0.012400741645232374,0.050000000000000044,1.0,7.619952623149688,23.0,11.234200541743819,0.33800473768503125,1.0
1771585714.1814208,4,64,1920000.0,0.030207130515,0.009062068955266222,0.19999999999999996,1.0,7.619952623149688,23.0,10.119959086474898,0.23800473768503116,1.0
1771585714.197427,4,65,2160000.0,0.020825186070555557,0.012117353131504428,0.09999999999999998,1.0,7.619952623149688,23.0,11.234200541743819,0.33800473768503125,1.0
1771585714.211448,4,66,2520000.0,0.0266743924197619,0.01207872889049081,0.0,1.0,7.619952623149688,23.0,11.234200541743819,0.8380047376850313,1.0
1771585714.2252467,4,67,1320000.0,0.005769630515,8.231806349783991e-11,0.44999999999999996,1.0,7.619952623149688,23.0,10.119959086474898,-1.5119952623149688,1.0
1771585714.2431712,4,68,2040000.0,0.03241668933852941,0.009158353155778154,0.15000000000000002,1.0,7.619952623149688,23.0,11.234200541743819,0.2630047376850313,1.0
1771585714.259638,4,69,1800000.0,0.027102963848333328,0.012391753530294078,0.25,1.0,7.619952623149688,23.0,9.209854982705023,0.21300473768503114,1.0
1771585714.2740448,4,70,2160000.0,0.027214074959444445,0.009592950086288599,0.09999999999999998,1.0,7.619952623149688,23.0,7.699637833474825,0.33800473768503125,1.0
1771585714.2895374,4,71,2160000.0,0.026825186070555552,0.012803958685683558,0.09999999999999998,1.0,7.619952623149688,23.0,11.234200541743819,0.33800473768503125,1.0
1771585714.3107898,4,72,2040000.0,0.027769630514999998,0.010369638940903673,0.15000000000000002,1.0,7.619952623149688,23.0,8.804985870897262,0.2630047376850313,1.0
1771585714.3294683,4,73,1920000.0,0.020582130515000005,0.013947305967461944,0.19999999999999996,1.0,7.619952623149688,23.0,11.234200541743819,0.23800473768503116,1.0
1771585714.3434818,4,74,1680000.0,0.015269630515000002,0.01184271928232701,0.30000000000000004,1.0,7.619952623149688,23.0,7.995247647281745,-1.661995262314969,1.0
1771585714.3589115,4,75,1920000.0,0.019519630515000008,0.013169567191065904,0.19999999999999996,1.0,7.619952623149688,23.0,11.234200541743819,0.23800473768503116,1.0
1771585714.373655,4,76,2040000.0,0.017769630515000003,0.013941052369762858,0.15000000000000002,1.0,7.619952623149688,23.0,10.119959086474898,0.2630047376850313,1.0
1771585714.388802,4,77,2040000.0,0.02494610110323529,0.012372813147797534,0.15000000000000002,1.0,7.619952623149688,23.0,11.234200541743819,0.2630047376850313,1.0
1771585714.4030914,4,78,1800000.0,0.03196963051499999,0.007790592617595513,0.25,1.0,7.619952623149688,23.0,11.234200541743819,0.21300473768503114,1.0
1771585714.424371,4,79,2400000.0,0.019419630515,0.012248571345263075,0.0,1.0,7.619952623149688,23.0,10.119959086474898,0.8380047376850313,1.0
1771585714.4383383,4,80,1200000.0,0.029369630515,0.010258654882585708,0.5,1.0,7.619952623149688,23.0,8.804985870897262,-1.661995262314969,1.0
1771585714.4534104,4,81,1440000.0,0.033436297181666665,0.00848855438549789,0.4,1.0,7.619952623149688,23.0,11.234200541743819,-1.661995262314969,1.0
1771585714.4683645,4,82,1320000.0,0.03186053960590909,0.008638755649603355,0.44999999999999996,1.0,7.619952623149688,23.0,9.975595763354864,-1.661995262314969,1.0
1771585714.4831824,4,83,1680000.0,0.031841059086428564,0.009482798605251282,0.30000000000000004,1.0,7.619952623149688,23.0,11.234200541743819,-1.661995262314969,1.0
1771585714.4953024,4,84,2880000.0,0.021894630515000003,0.012683034928596532,0.0,1.0,7.619952623149688,23.0,11.234200541743819,0.8380047376850313,1.0
1771585714.5076473,4,85,2160000.0,0.01504740829277778,0.012546825873748819,0.09999999999999998,1.0,7.619952623149688,23.0,10.119959086474898,0.33800473768503125,1.0
1771585714.5207431,4,86,1920000.0,0.016269630515,0.012961481396815723,0.19999999999999996,1.0,7.619952623149688,23.0,11.234200541743819,0.23800473768503116,1.0
1771585714.5338829,4,87,1320000.0,0.032769630514999995,0.006281285334590814,0.44999999999999996,1.0,7.619952623149688,23.0,11.234200541743819,-1.661995262314969,1.0
1771585714.550325,4,88,1560000.0,0.035154245899615376,0.00535707241430162,0.35,1.0,7.619952623149688,23.0,11.234200541743819,-1.661995262314969,1.0
1771585714.5641558,4,89,1680000.0,0.02634105908642857,0.010880613728188354,0.30000000000000004,1.0,7.619952623149688,23.0,9.209854982705023,-1.661995262314969,1.0
1771585714.5770037,4,90,2160000.0,0.021214074959444443,0.013557376926817463,0.09999999999999998,1.0,7.619952623149688,23.0,11.234200541743819,0.33800473768503125,1.0
1771585714.5904996,4,91,2280000.0,0.02945384104131579,0.010959507439848727,0.050000000000000044,1.0,7.619952623149688,23.0,9.638747790027777,0.33800473768503125,1.0
1771585714.6023924,4,92,1560000.0,0.016000399745769237,0.011981741533579945,0.35,1.0,7.619952623149688,23.0,9.975595763354864,-1.661995262314969,1.0
1771585714.6150582,4,93,2280000.0,0.02466436735710526,0.011488643073382944,0.050000000000000044,1.0,7.619952623149688,23.0,11.234200541743819,0.33800473768503125,1.0
1771585714.6276765,4,94,2160000.0,0.021714074959444444,0.012773550025224532,0.09999999999999998,1.0,7.619952623149688,23.0,11.234200541743819,0.33800473768503125,1.0
1771585714.6429002,4,95,1440000.0,0.03468629718166666,0.004645039169790642,0.4,1.0,7.619952623149688,23.0,11.234200541743819,-1.5119952623149688,1.0
1771585714.657887,4,96,1800000.0,0.03183629718166666,0.009327140802816053,0.25,1.0,7.619952623149688,23.0,11.234200541743819,0.21300473768503114,1.0
1771585714.671549,4,97,2520000.0,0.029531535276904764,0.01021625577626987,0.0,1.0,7.619952623149688,23.0,7.488309859724464,0.8380047376850313,1.0
1771585714.684215,4,98,1560000.0,0.015538861284230768,0.01205853573298469,0.35,1.0,7.619952623149688,23.0,11.94933268341769,-1.661995262314969,1.0
1771585714.698446,4,99,2040000.0,0.02600492463264706,0.012900202514437313,0.15000000000000002,1.0,7.619952623149688,23.0,7.995247647281745,0.2630047376850313,1.0
1771585714.714214,4,100,1440000.0,0.03635296384833333,0.005040805711612227,0.4,1.0,7.619952623149688,23.0,10.119959086474898,-1.661995262314969,1.0
1771585714.7294867,4,101,1560000.0,0.032692707438076916,0.008241186793375935,0.35,1.0,7.619952623149688,23.0,9.209854982705023,-1.661995262314969,1.0
1771585714.7445593,4,102,1920000.0,0.023269630515,0.014815532390029041,0.19999999999999996,1.0,7.619952623149688,23.0,11.234200541743819,0.23800473768503116,1.0
1771585714.7612863,4,103,2040000.0,0.027240218750294115,0.01227679612860746,0.15000000000000002,1.0,7.619952623149688,23.0,10.119959086474898,0.2630047376850313,1.0
1771585714.7733078,4,104,2040000.0,0.021828454044411767,0.011739679263257237,0.15000000000000002,1.0,7.619952623149688,23.0,11.234200541743819,0.2630047376850313,1.0
1771585714.7882493,4,105,720000.0,0.039269630514999994,0.0030956959368345052,0.7,1.0,7.619952623149688,23.0,8.804985870897262,-1.5119952623149688,1.0
1771585714.8026962,4,106,2160000.0,0.027269630514999997,0.011884864324004712,0.09999999999999998,1.0,7.619952623149688,23.0,9.638747790027777,0.33800473768503125,1.0
1771585714.8249216,4,107,1200000.0,0.03746963051499999,0.004100000000000069,0.5,1.0,7.619952623149688,23.0,11.234200541743819,-1.5119952623149688,1.0
1771585714.838506,4,108,2040000.0,0.027828454044411765,0.011859325386206274,0.15000000000000002,1.0,7.619952623149688,23.0,11.234200541743819,0.2630047376850313,1.0
1771585714.8538325,4,109,2280000.0,0.021401209462368426,0.014499402987040845,0.050000000000000044,1.0,7.619952623149688,23.0,10.119959086474898,0.33800473768503125,1.0
1771585714.8651247,4,110,2160000.0,0.01315851940388889,0.011166113861385801,0.09999999999999998,1.0,7.619952623149688,23.0,11.234200541743819,0.33800473768503125,1.0
1771585714.877719,4,111,1920000.0,0.022832130515,0.01137139365909034,0.19999999999999996,1.0,7.619952623149688,23.0,11.234200541743819,0.23800473768503116,1.0
1771585714.8923771,4,112,1560000.0,0.033846553591923074,0.0063423065260996446,0.35,1.0,7.619952623149688,23.0,11.234200541743819,-1.661995262314969,1.0
1771585714.9062598,4,113,1560000.0,0.03169270743807692,0.008334003917792153,0.35,1.0,7.619952623149688,23.0,11.234200541743819,-1.661995262314969,1.0
1771585714.9183283,4,114,2280000.0,0.018559104199210537,0.01311720022825962,0.050000000000000044,1.0,7.619952623149688,23.0,11.234200541743819,0.33800473768503125,1.0
1771585714.9333606,4,115,1680000.0,0.02869820194357143,0.011725821845789046,0.30000000000000004,1.0,7.619952623149688,23.0,11.234200541743819,-1.661995262314969,1.0
1771585714.9451396,4,116,2280000.0,0.019769630515,0.011986834883584393,0.050000000000000044,1.0,7.619952623149688,23.0,11.234200541743819,0.33800473768503125,1.0
1771585714.9570925,4,117,2040000.0,0.026887277573823525,0.010028678600078271,0.15000000000000002,1.0,7.619952623149688,23.0,11.234200541743819,0.2630047376850313,1.0
1771585714.9693277,4,118,2400000.0,0.018769630515000003,0.01274754878398196,0.0,1.0,7.619952623149688,23.0,10.119959086474898,0.8380047376850313,1.0
1771585714.982322,4,119,1320000.0,0.03486053960590909,0.006331085580538243,0.44999999999999996,1.0,7.619952623149688,23.0,8.804985870897262,-1.661995262314969,1.0
1771585714.9947934,4,120,2280000.0,0.030032788409736836,0.008502891800738696,0.050000000000000044,1.0,7.619952623149688,23.0,11.234200541743819,0.33800473768503125,1.0
1771585715.0098317,4,121,1680000.0,0.030841059086428566,0.00818940330736083,0.30000000000000004,1.0,7.619952623149688,23.0,7.976653541553818,-1.661995262314969,1.0
1771585715.02448,4,122,1320000.0,0.035405994151363626,0.006314092856067438,0.44999999999999996,1.0,7.619952623149688,23.0,7.995247647281745,-1.661995262314969,1.0
1771585715.0384104,4,123,1920000.0,0.030144630515,0.00788095013307405,0.19999999999999996,1.0,7.619952623149688,23.0,11.234200541743819,0.23800473768503116,1.0
1771585715.0516303,4,124,2760000.0,0.022639195732391305,0.012694758753555102,0.0,1.0,7.619952623149688,23.0,7.488309859724464,0.8380047376850313,1.0
1771585715.0641701,4,125,1320000.0,0.01695144869681818,0.015056367917795882,0.44999999999999996,1.0,7.619952623149688,23.0,11.234200541743819,-1.661995262314969,1.0
1771585715.0778599,4,126,1800000.0,0.03190296384833333,0.00705092586512976,0.25,1.0,7.619952623149688,23.0,11.234200541743819,0.21300473768503114,1.0
1771585715.091397,4,127,1920000.0,0.030019630514999996,0.0087927526975345,0.19999999999999996,1.0,7.619952623149688,23.0,10.119959086474898,0.23800473768503116,1.0
1771585715.1042154,4,128,2640000.0,0.01817872142409091,0.01187686479485945,0.0,1.0,7.619952623149688,23.0,11.234200541743819,0.8380047376850313,1.0
1771585715.1175408,4,129,1680000.0,0.022626773372142854,0.013590212564600326,0.30000000000000004,1.0,7.619952623149688,23.0,11.234200541743819,-1.661995262314969,1.0
1771585715.1306298,4,130,1920000.0,0.026769630514999997,0.010210288928331077,0.19999999999999996,1.0,7.619952623149688,23.0,11.234200541743819,0.23800473768503116,1.0
1771585715.1429143,4,131,2160000.0,0.03165851940388889,0.007309726312621545,0.09999999999999998,1.0,7.619952623149688,23.0,11.234200541743819,0.33800473768503125,1.0
1771585715.1554427,4,132,2040000.0,0.021181395220882356,0.011882061732016879,0.15000000000000002,1.0,7.619952623149688,23.0,11.234200541743819,0.2630047376850313,1.0
1771585715.169362,4,133,1680000.0,0.029555344800714284,0.00861210586017954,0.30000000000000004,1.0,7.619952623149688,23.0,9.638747790027777,-1.661995262314969,1.0
1771585715.1833882,4,134,2520000.0,0.024579154324523813,0.012140522651411379,0.0,1.0,7.619952623149688,23.0,11.234200541743819,0.8380047376850313,1.0
1771585715.1956706,4,135,2280000.0,0.012769630515000005,0.010992820623623308,0.050000000000000044,1.0,7.619952623149688,23.0,11.234200541743819,0.33800473768503125,1.0
1771585715.2087288,4,136,1320000.0,0.025951448696818178,0.011937855615403246,0.44999999999999996,1.0,7.619952623149688,23.0,7.488309859724464,-1.661995262314969,1.0
1771585715.222052,4,137,2760000.0,0.022769630515,0.01176213526902987,0.0,1.0,7.619952623149688,23.0,11.234200541743819,0.8380047376850313,1.0
1771585715.23728,4,138,1680000.0,0.021269630515000002,0.011733651240281997,0.30000000000000004,1.0,7.619952623149688,23.0,11.234200541743819,-1.661995262314969,1.0
1771585715.2526727,4,139,2040000.0,0.013593159926764712,0.011340895773924442,0.15000000000000002,1.0,7.619952623149688,23.0,10.119959086474898,0.2630047376850313,1.0
1771585715.2673159,4,140,1680000.0,0.030841059086428563,0.009176556199003524,0.30000000000000004,1.0,7.619952623149688,23.0,8.804985870897262,-1.661995262314969,1.0
1771585715.2799728,4,141,2160000.0,0.018158519403888893,0.013363045598003508,0.09999999999999998,1.0,7.619952623149688,23.0,11.234200541743819,0.33800473768503125,1.0
1771585715.2970564,4,142,1680000.0,0.027198201943571424,0.013205595598156143,0.30000000000000004,1.0,7.619952623149688,23.0,8.804985870897262,-1.661995262314969,1.0
1771585715.3167558,4,143,2520000.0,0.019293440038809527,0.01374121034254276,0.0,1.0,7.619952623149688,23.0,11.234200541743819,0.8380047376850313,1.0
1771585715.3333209,4,144,2040000.0,0.029181395220882346,0.010666378312134727,0.15000000000000002,1.0,7.619952623149688,23.0,8.804985870897262,0.2630047376850313,1.0
1771585715.3495054,4,145,2040000.0,0.005769630515,1.1641532182693481e-10,0.15000000000000002,1.0,7.619952623149688,23.0,10.119959086474898,0.4130047376850312,1.0
1771585715.366816,4,146,2040000.0,0.02665198345617647,0.010464968749798352,0.15000000000000002,1.0,7.619952623149688,23.0,11.234200541743819,0.2630047376850313,1.0
1771585715.3841376,4,147,2400000.0,0.018069630515000008,0.013054118124178263,0.0,1.0,7.619952623149688,23.0,11.234200541743819,0.8380047376850313,1.0
1771585715.3990805,4,148,1920000.0,0.014207130515,0.012082884330738253,0.19999999999999996,1.0,7.619952623149688,23.0,10.119959086474898,0.23800473768503116,1.0
1771585715.41571,4,149,1800000.0,0.023236297181666664,0.011140716115024003,0.25,1.0,7.619952623149688,23.0,11.234200541743819,0.21300473768503114,1.0
1771585715.4313357,4,150,2520000.0,0.02238867813404762,0.012365374815631986,0.0,1.0,7.619952623149688,23.0,11.234200541743819,0.8380047376850313,1.0
1771585715.4586833,4,151,1080000.0,0.031769630515,0.009475113602367921,0.55,1.0,7.619952623149688,23.0,9.638747790027777,-1.661995262314969,1.0
1771585715.4780626,4,152,2160000.0,0.022325186070555558,0.014735528577867012,0.09999999999999998,1.0,7.619952623149688,23.0,11.234200541743819,0.33800473768503125,1.0
1771585715.503669,4,153,2400000.0,0.026419630514999997,0.011934299309134158,0.0,1.0,7.619952623149688,23.0,11.234200541743819,0.8380047376850313,1.0
1771585715.523894,4,154,1440000.0,0.022852963848333335,0.013300741416260305,0.4,1.0,7.619952623149688,23.0,11.234200541743819,-1.661995262314969,1.0
1771585715.54336,4,155,1560000.0,0.03338501513038462,0.007426961916800807,0.35,1.0,7.619952623149688,23.0,11.234200541743819,-1.661995262314969,1.0
1771585715.559863,4,156,2040000.0,0.025416689338529412,0.011565370096418356,0.15000000000000002,1.0,7.619952623149688,23.0,11.234200541743819,0.2630047376850313,1.0
1771585715.5764015,4,157,1920000.0,0.030644630514999993,0.008774074025217704,0.19999999999999996,1.0,7.619952623149688,23.0,11.234200541743819,0.23800473768503116,1.0
1771585715.5908601,4,158,1920000.0,0.014082130515000006,0.011514766335015227,0.19999999999999996,1.0,7.619952623149688,23.0,11.234200541743819,0.23800473768503116,1.0
1771585715.606641,4,159,1920000.0,0.026082130515,0.010704664579051507,0.19999999999999996,1.0,7.619952623149688,23.0,11.234200541743819,0.23800473768503116,1.0
1771585715.6233046,4,160,1920000.0,0.025144630515,0.01085630577130177,0.19999999999999996,1.0,7.619952623149688,23.0,10.119959086474898,0.23800473768503116,1.0
1771585715.6419392,4,161,2520000.0,0.02391248765785714,0.011646727373103622,0.0,1.0,7.619952623149688,23.0,9.209854982705023,0.8380047376850313,1.0
1771585715.660669,4,162,2160000.0,0.022880741626111107,0.012050306076743863,0.09999999999999998,1.0,7.619952623149688,23.0,8.804985870897262,0.33800473768503125,1.0
1771585715.7044108,4,163,2280000.0,0.012769630515,0.010992820623623306,0.050000000000000044,1.0,7.619952623149688,23.0,11.234200541743819,0.33800473768503125,1.0
1771585715.7531998,4,164,1440000.0,0.016186297181666667,0.013143175246322922,0.4,1.0,7.619952623149688,23.0,11.234200541743819,-1.661995262314969,1.0
1771585715.7817013,4,165,1800000.0,0.034302963848333326,0.00559603033904887,0.25,1.0,7.619952623149688,23.0,11.234200541743819,0.21300473768503114,1.0
1771585715.8347418,4,166,2160000.0,0.02782518607055555,0.011582900338296698,0.09999999999999998,1.0,7.619952623149688,23.0,10.119959086474898,0.33800473768503125,1.0
1771585715.876024,4,167,1680000.0,0.02148391622928572,0.012936264483053433,0.30000000000000004,1.0,7.619952623149688,23.0,11.234200541743819,-1.661995262314969,1.0
1771585715.8966942,4,168,2520000.0,0.022912487657857143,0.01219010416098985,0.0,1.0,7.619952623149688,23.0,8.804985870897262,0.8380047376850313,1.0
1771585715.915561,4,169,2280000.0,0.012769630515000005,0.010992820623623306,0.050000000000000044,1.0,7.619952623149688,23.0,10.119959086474898,0.33800473768503125,1.0
1771585715.931416,4,170,1680000.0,0.021769630514999996,0.014530755559944479,0.30000000000000004,1.0,7.619952623149688,23.0,11.234200541743819,-1.661995262314969,1.0
1771585715.9477367,4,171,2280000.0,0.027138051567631577,0.010936229150545493,0.050000000000000044,1.0,7.619952623149688,23.0,11.234200541743819,0.33800473768503125,1.0
1771585715.9643142,4,172,1560000.0,0.025231168976538456,0.01255520354652504,0.35,1.0,7.619952623149688,23.0,10.119959086474898,-1.661995262314969,1.0
1771585715.985215,4,173,1560000.0,0.031769630515,0.008814324006542276,0.35,1.0,7.619952623149688,23.0,9.209854982705023,-1.661995262314969,1.0
1771585716.0162365,4,174,2040000.0,0.03229904227970588,0.006903687395441604,0.15000000000000002,1.0,7.619952623149688,23.0,11.234200541743819,0.2630047376850313,1.0
1771585716.034463,4,175,2040000.0,0.028181395220882345,0.010123117536140707,0.15000000000000002,1.0,7.619952623149688,23.0,9.638747790027777,0.2630047376850313,1.0
1771585716.0498278,4,176,2400000.0,0.01581963051500001,0.01326452034564384,0.0,1.0,7.619952623149688,23.0,11.234200541743819,0.8380047376850313,1.0
1771585716.065356,4,177,1200000.0,0.03136963051499999,0.009748846085563175,0.5,1.0,7.619952623149688,23.0,7.995247647281745,-1.661995262314969,1.0
1771585716.089817,4,178,2760000.0,0.023552239210652172,0.011802566123845707,0.0,1.0,7.619952623149688,23.0,10.119959086474898,0.8380047376850313,1.0
1771585716.1287248,4,179,1320000.0,0.02286053960590909,0.014009441916433265,0.44999999999999996,1.0,7.619952623149688,23.0,11.234200541743819,-1.661995262314969,1.0
1771585716.1609883,4,180,3000000.0,0.016089630515000005,0.012552991675293966,0.0,1.0,7.619952623149688,23.0,11.234200541743819,0.8380047376850313,1.0
1771585716.195614,4,181,1560000.0,0.023846553591923073,0.012079617533817602,0.35,1.0,7.619952623149688,23.0,10.20212241284837,-1.661995262314969,1.0
1771585716.232114,4,182,1560000.0,0.031231168976538458,0.010330056106894954,0.35,1.0,7.619952623149688,23.0,11.234200541743819,-1.661995262314969,1.0
1771585716.2737901,4,183,1920000.0,0.02839463051499999,0.010723076750634605,0.19999999999999996,1.0,7.619952623149688,23.0,11.234200541743819,0.23800473768503116,1.0
1771585716.3398886,4,184,1800000.0,0.031236297181666657,0.009017513823419185,0.25,1.0,7.619952623149688,23.0,10.119959086474898,0.21300473768503114,1.0
1771585716.3661454,4,185,2160000.0,0.019436297181666666,0.013063945294843624,0.09999999999999998,1.0,7.619952623149688,23.0,11.234200541743819,0.33800473768503125,1.0
1771585716.4097683,4,186,1800000.0,0.02983629718166666,0.011624495210067805,0.25,1.0,7.619952623149688,23.0,11.234200541743819,0.21300473768503114,1.0
1771585716.4327533,4,187,2160000.0,0.025769630515,0.010801234497346431,0.09999999999999998,1.0,7.619952623149688,23.0,10.119959086474898,0.33800473768503125,1.0
1771585716.45514,4,188,1680000.0,0.03305534480071428,0.0062954470104373715,0.30000000000000004,1.0,7.619952623149688,23.0,11.234200541743819,-1.661995262314969,1.0
1771585716.4791431,4,189,1800000.0,0.032636297181666656,0.007191352832086318,0.25,1.0,7.619952623149688,23.0,11.234200541743819,0.21300473768503114,1.0
1771585716.51093,4,190,3000000.0,0.015609630515000007,0.012670217046286123,0.0,1.0,7.619952623149688,23.0,10.119959086474898,0.8380047376850313,1.0
1771585716.5364769,4,191,1080000.0,0.032880741626111105,0.010587670444063647,0.55,1.0,7.619952623149688,23.0,11.234200541743819,-1.661995262314969,1.0
1771585716.553517,4,192,2760000.0,0.022247891384565215,0.012843098519598809,0.0,1.0,7.619952623149688,23.0,11.234200541743819,0.8380047376850313,1.0
1771585716.5738297,4,193,1320000.0,0.031133266878636358,0.007289752798810722,0.44999999999999996,1.0,7.619952623149688,23.0,11.234200541743819,-1.661995262314969,1.0
1771585716.5947056,4,194,2880000.0,0.015394630515000009,0.01326905076986793,0.0,1.0,7.619952623149688,23.0,11.234200541743819,0.8380047376850313,1.0
1771585716.6192698,4,195,2160000.0,0.013158519403888892,0.0111661138613858,0.09999999999999998,1.0,7.619952623149688,23.0,11.234200541743819,0.33800473768503125,1.0
1771585716.6394634,4,196,1560000.0,0.021308092053461538,0.013815350351165323,0.35,1.0,7.619952623149688,23.0,7.488309859724464,-1.661995262314969,1.0
1771585716.6620958,4,197,2280000.0,0.031032788409736844,0.010371225909689072,0.050000000000000044,1.0,7.619952623149688,23.0,11.234200541743819,0.33800473768503125,1.0
1771585716.6806104,4,198,1200000.0,0.014469630514999998,0.01347627544984147,0.5,1.0,7.619952623149688,23.0,11.234200541743819,-1.661995262314969,1.0
1771585716.7005186,4,199,3120000.0,0.016000399745769237,0.011981741533579945,0.0,1.0,7.619952623149688,23.0,8.804985870897262,0.8380047376850313,1.0
1771585716.7237968,4,200,1440000.0,0.016186297181666667,0.013143175246322922,0.4,1.0,7.619952623149688,23.0,11.234200541743819,-1.661995262314969,1.0
1771585717.0241337,5,0,0.0,0.0,0.0,0.0,1.0,0.0,23.0,0.0,1.75,1.0
1771585717.0606263,5,1,960000.0,0.005769630515,0.0,0.5294117647058824,1.0,7.619952623149688,23.0,8.804985870897262,-1.5119952623149688,1.0
1771585717.0969098,5,2,2160000.0,0.023880741626111115,0.012538336274929361,0.09999999999999998,1.0,7.619952623149688,23.0,11.234200541743819,0.33800473768503125,1.0
1771585717.1159484,5,3,2280000.0,0.027453841041315787,0.010448130689412685,0.050000000000000044,1.0,7.619952623149688,23.0,11.234200541743819,0.33800473768503125,1.0
1771585717.141556,5,4,2280000.0,0.021611735778157896,0.012376816859268258,0.050000000000000044,1.0,7.619952623149688,23.0,10.119959086474898,0.33800473768503125,1.0
1771585717.1589222,5,5,1320000.0,0.017860539605909092,0.012131510776445295,0.44999999999999996,1.0,7.619952623149688,23.0,11.234200541743819,-1.661995262314969,1.0
1771585717.1905057,5,6,1440000.0,0.03843629718166666,0.005821416398857657,0.4,1.0,7.619952623149688,23.0,11.234200541743819,-1.661995262314969,1.0
1771585717.2115865,5,7,1440000.0,0.03418629718166666,0.005544642058379963,0.4,1.0,7.619952623149688,23.0,11.234200541743819,-1.661995262314969,1.0
1771585717.2263432,5,8,2160000.0,0.025158519403888892,0.01188901869088019,0.09999999999999998,1.0,7.619952623149688,23.0,11.234200541743819,0.33800473768503125,1.0
1771585717.2492769,5,9,2280000.0,0.026085419988684206,0.01049336949335626,0.050000000000000044,1.0,7.619952623149688,23.0,11.234200541743819,0.33800473768503125,1.0
1771585717.2647312,5,10,1920000.0,0.014082130515000006,0.011514766335015227,0.19999999999999996,1.0,7.619952623149688,23.0,11.234200541743819,0.23800473768503116,1.0
1771585717.297669,5,11,2400000.0,0.025519630514999996,0.011652789365641177,0.0,1.0,7.619952623149688,23.0,11.234200541743819,0.8380047376850313,1.0
1771585717.3137765,5,12,1800000.0,0.029302963848333325,0.009149620514292165,0.25,1.0,7.619952623149688,23.0,11.234200541743819,0.21300473768503114,1.0
1771585717.3329353,5,13,1920000.0,0.030707130514999993,0.007948810838735585,0.19999999999999996,1.0,7.619952623149688,23.0,10.119959086474898,0.23800473768503116,1.0
1771585717.3605008,5,14,1560000.0,0.024231168976538462,0.014221410644168151,0.35,1.0,7.619952623149688,23.0,11.234200541743819,-1.661995262314969,1.0
1771585717.3995764,5,15,1920000.0,0.028082130514999994,0.010657853618341744,0.19999999999999996,1.0,7.619952623149688,23.0,11.234200541743819,0.23800473768503116,1.0
1771585717.427846,5,16,2160000.0,0.025491852737222216,0.012232949837565565,0.09999999999999998,1.0,7.619952623149688,23.0,7.488309859724464,0.33800473768503125,1.0
1771585717.4630482,5,17,2640000.0,0.011815085060454554,0.01049448891183659,0.0,1.0,7.619952623149688,23.0,11.234200541743819,0.8380047376850313,1.0
1771585717.4866846,5,18,2040000.0,0.01359315992676471,0.011340895773924446,0.15000000000000002,1.0,7.619952623149688,23.0,8.804985870897262,0.2630047376850313,1.0
1771585717.50709,5,19,1320000.0,0.03576963051499999,0.00393122696553457,0.44999999999999996,1.0,7.619952623149688,23.0,11.234200541743819,-1.5119952623149688,1.0
1771585717.524572,5,20,2040000.0,0.029887277573823524,0.008784226190040049,0.15000000000000002,1.0,7.619952623149688,23.0,11.234200541743819,0.2630047376850313,1.0
1771585717.5407805,5,21,2280000.0,0.012769630515000007,0.010992820623623306,0.050000000000000044,1.0,7.619952623149688,23.0,11.234200541743819,0.33800473768503125,1.0
1771585717.5587838,5,22,1800000.0,0.027569630514999995,0.012410748030101445,0.25,1.0,7.619952623149688,23.0,10.119959086474898,0.21300473768503114,1.0
1771585717.5812912,5,23,2040000.0,0.031240218750294108,0.006589810736002399,0.15000000000000002,1.0,7.619952623149688,23.0,11.234200541743819,0.2630047376850313,1.0
1771585717.5997221,5,24,2640000.0,0.017315085060454552,0.013523472095606979,0.0,1.0,7.619952623149688,23.0,11.234200541743819,0.8380047376850313,1.0
1771585717.616854,5,25,1560000.0,0.022846553591923075,0.013176094544880184,0.35,1.0,7.619952623149688,23.0,10.119959086474898,-1.661995262314969,1.0
1771585717.6350212,5,26,1680000.0,0.02762677337214286,0.011115350665101078,0.30000000000000004,1.0,7.619952623149688,23.0,11.234200541743819,-1.661995262314969,1.0
1771585717.6654146,5,27,1680000.0,0.03312677337214285,0.006913828202100755,0.30000000000000004,1.0,7.619952623149688,23.0,11.234200541743819,-1.661995262314969,1.0
1771585717.6930299,5,28,2280000.0,0.028822262093947365,0.010169477988002952,0.050000000000000044,1.0,7.619952623149688,23.0,7.488309859724464,0.33800473768503125,1.0
1771585717.715199,5,29,1080000.0,0.03154740829277777,0.00848237097066325,0.55,1.0,7.619952623149688,23.0,11.234200541743819,-1.661995262314969,1.0
1771585717.7345262,5,30,1920000.0,0.026019630515,0.01203380654655874,0.19999999999999996,1.0,7.619952623149688,23.0,11.234200541743819,0.23800473768503116,1.0
1771585717.7583706,5,31,2400000.0,0.030169630515,0.01017054570807289,0.0,1.0,7.619952623149688,23.0,8.01463970507455,0.8380047376850313,1.0
1771585717.7804458,5,32,1320000.0,0.0336787214240909,0.006748124930871147,0.44999999999999996,1.0,7.619952623149688,23.0,11.234200541743819,-1.661995262314969,1.0
1771585717.8028936,5,33,2640000.0,0.019724175969545454,0.01279018541598231,0.0,1.0,7.619952623149688,23.0,7.995247647281745,0.8380047376850313,1.0
1771585717.8251743,5,34,1320000.0,0.03558781233318181,0.004950999565160071,0.44999999999999996,1.0,7.619952623149688,23.0,7.488309859724464,-1.5119952623149688,1.0
1771585717.842431,5,35,2160000.0,0.019436297181666673,0.013063945294843596,0.09999999999999998,1.0,7.619952623149688,23.0,8.804985870897262,0.33800473768503125,1.0
1771585717.8609684,5,36,1800000.0,0.03023629718166666,0.007898241717130626,0.25,1.0,7.619952623149688,23.0,11.234200541743819,0.21300473768503114,1.0
1771585717.8791883,5,37,1800000.0,0.02983629718166666,0.009341425063780294,0.25,1.0,7.619952623149688,23.0,7.995247647281745,0.21300473768503114,1.0
1771585717.901074,5,38,1560000.0,0.021308092053461545,0.013781902205514538,0.35,1.0,7.619952623149688,23.0,11.234200541743819,-1.661995262314969,1.0
1771585717.9177444,5,39,3000000.0,0.016689630515000005,0.012240653577321759,0.0,1.0,7.619952623149688,23.0,11.234200541743819,0.8380047376850313,1.0
1771585717.9346428,5,40,1560000.0,0.024231168976538455,0.011862127093046921,0.35,1.0,7.619952623149688,23.0,10.119959086474898,-1.661995262314969,1.0
1771585717.9517848,5,41,1560000.0,0.025231168976538463,0.010499929557385565,0.35,1.0,7.619952623149688,23.0,8.804985870897262,-1.661995262314969,1.0
1771585717.9665647,5,42,2280000.0,0.022032788409736846,0.013388298525059914,0.050000000000000044,1.0,7.619952623149688,23.0,11.234200541743819,0.33800473768503125,1.0
1771585717.9832542,5,43,2640000.0,0.025360539605909085,0.01192270214533104,0.0,1.0,7.619952623149688,23.0,10.119959086474898,0.8380047376850313,1.0
1771585718.0006366,5,44,840000.0,0.03305534480071429,0.007923099785064011,0.65,1.0,7.619952623149688,23.0,11.94933268341769,-1.661995262314969,1.0
1771585718.0183296,5,45,1800000.0,0.03216963051499999,0.009485427419643973,0.25,1.0,7.619952623149688,23.0,11.234200541743819,0.21300473768503114,1.0
1771585718.034955,5,46,2760000.0,0.02698702181934783,0.009663722038091186,0.0,1.0,7.619952623149688,23.0,10.119959086474898,0.8380047376850313,1.0
1771585718.050439,5,47,1200000.0,0.033169630515,0.00984073168011402,0.5,1.0,7.619952623149688,23.0,11.234200541743819,-1.661995262314969,1.0
1771585718.0655847,5,48,1680000.0,0.03041248765785714,0.009309036645394952,0.30000000000000004,1.0,7.619952623149688,23.0,11.234200541743819,-1.661995262314969,1.0
1771585718.0836935,5,49,2040000.0,0.029122571691470586,0.010437157470085584,0.15000000000000002,1.0,7.619952623149688,23.0,10.119959086474898,0.2630047376850313,1.0
1771585718.0988684,5,50,1800000.0,0.027369630515,0.012186331140530623,0.25,1.0,7.619952623149688,23.0,11.234200541743819,0.21300473768503114,1.0
1771585718.1132839,5,51,2280000.0,0.016822262093947372,0.013713127341924779,0.050000000000000044,1.0,7.619952623149688,23.0,8.98872730332345,0.33800473768503125,1.0
1771585718.127691,5,52,2520000.0,0.013769630515000006,0.01216552506059644,0.0,1.0,7.619952623149688,23.0,11.234200541743819,0.8380047376850313,1.0
1771585718.1407382,5,53,1560000.0,0.005769630515,1.1641532182693481e-10,0.35,1.0,7.619952623149688,23.0,11.234200541743819,-1.5119952623149688,1.0
1771585718.1551223,5,54,2280000.0,0.026769630514999997,0.012594902895511679,0.050000000000000044,1.0,7.619952623149688,23.0,11.234200541743819,0.33800473768503125,1.0
1771585718.1717088,5,55,1680000.0,0.031269630514999994,0.009439657984119072,0.30000000000000004,1.0,7.619952623149688,23.0,10.119959086474898,-1.661995262314969,1.0
1771585718.184716,5,56,1920000.0,0.014082130515000006,0.011514766335015227,0.19999999999999996,1.0,7.619952623149688,23.0,7.995247647281745,0.23800473768503116,1.0
1771585718.1999128,5,57,1680000.0,0.034983916229285705,0.006084859094842058,0.30000000000000004,1.0,7.619952623149688,23.0,11.234200541743819,-1.661995262314969,1.0
1771585718.2157712,5,58,1440000.0,0.03660296384833332,0.005177408189003061,0.4,1.0,7.619952623149688,23.0,10.119959086474898,-1.661995262314969,1.0
1771585718.2319727,5,59,1920000.0,0.03301963051499999,0.007344215410784246,0.19999999999999996,1.0,7.619952623149688,23.0,8.804985870897262,0.23800473768503116,1.0
1771585718.2513306,5,60,1320000.0,0.03576963051499999,0.004861724348044028,0.44999999999999996,1.0,7.619952623149688,23.0,8.804985870897262,-1.5119952623149688,1.0
1771585718.2719069,5,61,2280000.0,0.02250647262026316,0.013575683002157531,0.050000000000000044,1.0,7.619952623149688,23.0,10.119959086474898,0.33800473768503125,1.0
1771585718.2878685,5,62,1440000.0,0.02568629718166666,0.010804770037143582,0.4,1.0,7.619952623149688,23.0,11.234200541743819,-1.661995262314969,1.0
1771585718.3018825,5,63,2280000.0,0.019874893672894738,0.012400741645232374,0.050000000000000044,1.0,7.619952623149688,23.0,11.234200541743819,0.33800473768503125,1.0
1771585718.3229785,5,64,1920000.0,0.030207130515,0.009062068955266222,0.19999999999999996,1.0,7.619952623149688,23.0,10.119959086474898,0.23800473768503116,1.0
1771585718.338811,5,65,2160000.0,0.020825186070555557,0.012117353131504428,0.09999999999999998,1.0,7.619952623149688,23.0,11.234200541743819,0.33800473768503125,1.0
1771585718.354704,5,66,2520000.0,0.0266743924197619,0.01207872889049081,0.0,1.0,7.619952623149688,23.0,11.234200541743819,0.8380047376850313,1.0
1771585718.3724253,5,67,1320000.0,0.005769630515,8.231806349783991e-11,0.44999999999999996,1.0,7.619952623149688,23.0,10.119959086474898,-1.5119952623149688,1.0
1771585718.3958194,5,68,2040000.0,0.03241668933852941,0.009158353155778154,0.15000000000000002,1.0,7.619952623149688,23.0,11.234200541743819,0.2630047376850313,1.0
1771585718.4191704,5,69,1800000.0,0.027102963848333328,0.012391753530294078,0.25,1.0,7.619952623149688,23.0,9.209854982705023,0.21300473768503114,1.0
1771585718.4376898,5,70,2160000.0,0.027214074959444445,0.009592950086288599,0.09999999999999998,1.0,7.619952623149688,23.0,7.699637833474825,0.33800473768503125,1.0
1771585718.4554985,5,71,2160000.0,0.026825186070555552,0.012803958685683558,0.09999999999999998,1.0,7.619952623149688,23.0,11.234200541743819,0.33800473768503125,1.0
1771585718.4787211,5,72,2040000.0,0.027769630514999998,0.010369638940903673,0.15000000000000002,1.0,7.619952623149688,23.0,8.804985870897262,0.2630047376850313,1.0
1771585718.5055337,5,73,1920000.0,0.020582130515000005,0.013947305967461944,0.19999999999999996,1.0,7.619952623149688,23.0,11.234200541743819,0.23800473768503116,1.0
1771585718.5267534,5,74,1680000.0,0.015269630515000002,0.01184271928232701,0.30000000000000004,1.0,7.619952623149688,23.0,7.995247647281745,-1.661995262314969,1.0
1771585718.5457585,5,75,1920000.0,0.019519630515000008,0.013169567191065904,0.19999999999999996,1.0,7.619952623149688,23.0,11.234200541743819,0.23800473768503116,1.0
1771585718.565324,5,76,2040000.0,0.017769630515000003,0.013941052369762858,0.15000000000000002,1.0,7.619952623149688,23.0,10.119959086474898,0.2630047376850313,1.0
1771585718.5842505,5,77,2040000.0,0.02494610110323529,0.012372813147797534,0.15000000000000002,1.0,7.619952623149688,23.0,11.234200541743819,0.2630047376850313,1.0
1771585718.6012123,5,78,1800000.0,0.03196963051499999,0.007790592617595513,0.25,1.0,7.619952623149688,23.0,11.234200541743819,0.21300473768503114,1.0
1771585718.6187048,5,79,2400000.0,0.019419630515,0.012248571345263075,0.0,1.0,7.619952623149688,23.0,10.119959086474898,0.8380047376850313,1.0
1771585718.636084,5,80,1200000.0,0.029369630515,0.010258654882585708,0.5,1.0,7.619952623149688,23.0,8.804985870897262,-1.661995262314969,1.0
1771585718.6575727,5,81,1440000.0,0.033436297181666665,0.00848855438549789,0.4,1.0,7.619952623149688,23.0,11.234200541743819,-1.661995262314969,1.0
1771585718.6794832,5,82,1320000.0,0.03186053960590909,0.008638755649603355,0.44999999999999996,1.0,7.619952623149688,23.0,9.975595763354864,-1.661995262314969,1.0
1771585718.6983573,5,83,1680000.0,0.031841059086428564,0.009482798605251282,0.30000000000000004,1.0,7.619952623149688,23.0,11.234200541743819,-1.661995262314969,1.0
1771585718.713782,5,84,2880000.0,0.021894630515000003,0.012683034928596532,0.0,1.0,7.619952623149688,23.0,11.234200541743819,0.8380047376850313,1.0
1771585718.7295656,5,85,2160000.0,0.01504740829277778,0.012546825873748819,0.09999999999999998,1.0,7.619952623149688,23.0,10.119959086474898,0.33800473768503125,1.0
1771585718.7460918,5,86,1920000.0,0.016269630515,0.012961481396815723,0.19999999999999996,1.0,7.619952623149688,23.0,11.234200541743819,0.23800473768503116,1.0
1771585718.7727501,5,87,1320000.0,0.032769630514999995,0.006281285334590814,0.44999999999999996,1.0,7.619952623149688,23.0,11.234200541743819,-1.661995262314969,1.0
1771585718.7978394,5,88,1560000.0,0.035154245899615376,0.00535707241430162,0.35,1.0,7.619952623149688,23.0,11.234200541743819,-1.661995262314969,1.0
1771585718.8192596,5,89,1680000.0,0.02634105908642857,0.010880613728188354,0.30000000000000004,1.0,7.619952623149688,23.0,9.209854982705023,-1.661995262314969,1.0
1771585718.8360822,5,90,2160000.0,0.021214074959444443,0.013557376926817463,0.09999999999999998,1.0,7.619952623149688,23.0,11.234200541743819,0.33800473768503125,1.0
1771585718.8524604,5,91,2280000.0,0.02945384104131579,0.010959507439848727,0.050000000000000044,1.0,7.619952623149688,23.0,9.638747790027777,0.33800473768503125,1.0
1771585718.8670802,5,92,1560000.0,0.016000399745769237,0.011981741533579945,0.35,1.0,7.619952623149688,23.0,9.975595763354864,-1.661995262314969,1.0
1771585718.8825378,5,93,2280000.0,0.02466436735710526,0.011488643073382944,0.050000000000000044,1.0,7.619952623149688,23.0,11.234200541743819,0.33800473768503125,1.0
1771585718.8971925,5,94,2160000.0,0.021714074959444444,0.012773550025224532,0.09999999999999998,1.0,7.619952623149688,23.0,11.234200541743819,0.33800473768503125,1.0
1771585718.91518,5,95,1440000.0,0.03468629718166666,0.004645039169790642,0.4,1.0,7.619952623149688,23.0,11.234200541743819,-1.5119952623149688,1.0
1771585718.9325414,5,96,1800000.0,0.03183629718166666,0.009327140802816053,0.25,1.0,7.619952623149688,23.0,11.234200541743819,0.21300473768503114,1.0
1771585718.9481657,5,97,2520000.0,0.029531535276904764,0.01021625577626987,0.0,1.0,7.619952623149688,23.0,7.488309859724464,0.8380047376850313,1.0
1771585718.962715,5,98,1560000.0,0.015538861284230768,0.01205853573298469,0.35,1.0,7.619952623149688,23.0,11.94933268341769,-1.661995262314969,1.0
1771585718.9779818,5,99,2040000.0,0.02600492463264706,0.012900202514437313,0.15000000000000002,1.0,7.619952623149688,23.0,7.995247647281745,0.2630047376850313,1.0
1771585718.9944,5,100,1440000.0,0.03635296384833333,0.005040805711612227,0.4,1.0,7.619952623149688,23.0,10.119959086474898,-1.661995262314969,1.0
1771585719.0109005,5,101,1560000.0,0.032692707438076916,0.008241186793375935,0.35,1.0,7.619952623149688,23.0,9.209854982705023,-1.661995262314969,1.0
1771585719.0270152,5,102,1920000.0,0.023269630515,0.014815532390029041,0.19999999999999996,1.0,7.619952623149688,23.0,11.234200541743819,0.23800473768503116,1.0
1771585719.0471888,5,103,2040000.0,0.027240218750294115,0.01227679612860746,0.15000000000000002,1.0,7.619952623149688,23.0,10.119959086474898,0.2630047376850313,1.0
1771585719.0627327,5,104,2040000.0,0.021828454044411767,0.011739679263257237,0.15000000000000002,1.0,7.619952623149688,23.0,11.234200541743819,0.2630047376850313,1.0
1771585719.0822847,5,105,720000.0,0.039269630514999994,0.0030956959368345052,0.7,1.0,7.619952623149688,23.0,8.804985870897262,-1.5119952623149688,1.0
1771585719.1003242,5,106,2160000.0,0.027269630514999997,0.011884864324004712,0.09999999999999998,1.0,7.619952623149688,23.0,9.638747790027777,0.33800473768503125,1.0
1771585719.1237912,5,107,1200000.0,0.03746963051499999,0.004100000000000069,0.5,1.0,7.619952623149688,23.0,11.234200541743819,-1.5119952623149688,1.0
1771585719.143033,5,108,2040000.0,0.027828454044411765,0.011859325386206274,0.15000000000000002,1.0,7.619952623149688,23.0,11.234200541743819,0.2630047376850313,1.0
1771585719.1635485,5,109,2280000.0,0.021401209462368426,0.014499402987040845,0.050000000000000044,1.0,7.619952623149688,23.0,10.119959086474898,0.33800473768503125,1.0
1771585719.178602,5,110,2160000.0,0.01315851940388889,0.011166113861385801,0.09999999999999998,1.0,7.619952623149688,23.0,11.234200541743819,0.33800473768503125,1.0
1771585719.19454,5,111,1920000.0,0.022832130515,0.01137139365909034,0.19999999999999996,1.0,7.619952623149688,23.0,11.234200541743819,0.23800473768503116,1.0
1771585719.2128654,5,112,1560000.0,0.033846553591923074,0.0063423065260996446,0.35,1.0,7.619952623149688,23.0,11.234200541743819,-1.661995262314969,1.0
1771585719.2302032,5,113,1560000.0,0.03169270743807692,0.008334003917792153,0.35,1.0,7.619952623149688,23.0,11.234200541743819,-1.661995262314969,1.0
1771585719.2451913,5,114,2280000.0,0.018559104199210537,0.01311720022825962,0.050000000000000044,1.0,7.619952623149688,23.0,11.234200541743819,0.33800473768503125,1.0
1771585719.2677827,5,115,1680000.0,0.02869820194357143,0.011725821845789046,0.30000000000000004,1.0,7.619952623149688,23.0,11.234200541743819,-1.661995262314969,1.0
1771585719.2880495,5,116,2280000.0,0.019769630515,0.011986834883584393,0.050000000000000044,1.0,7.619952623149688,23.0,11.234200541743819,0.33800473768503125,1.0
1771585719.3039184,5,117,2040000.0,0.026887277573823525,0.010028678600078271,0.15000000000000002,1.0,7.619952623149688,23.0,11.234200541743819,0.2630047376850313,1.0
1771585719.3182988,5,118,2400000.0,0.018769630515000003,0.01274754878398196,0.0,1.0,7.619952623149688,23.0,10.119959086474898,0.8380047376850313,1.0
1771585719.3339095,5,119,1320000.0,0.03486053960590909,0.006331085580538243,0.44999999999999996,1.0,7.619952623149688,23.0,8.804985870897262,-1.661995262314969,1.0
1771585719.3489785,5,120,2280000.0,0.030032788409736836,0.008502891800738696,0.050000000000000044,1.0,7.619952623149688,23.0,11.234200541743819,0.33800473768503125,1.0
1771585719.3657002,5,121,1680000.0,0.030841059086428566,0.00818940330736083,0.30000000000000004,1.0,7.619952623149688,23.0,7.976653541553818,-1.661995262314969,1.0
1771585719.3832412,5,122,1320000.0,0.035405994151363626,0.006314092856067438,0.44999999999999996,1.0,7.619952623149688,23.0,7.995247647281745,-1.661995262314969,1.0
1771585719.399534,5,123,1920000.0,0.030144630515,0.00788095013307405,0.19999999999999996,1.0,7.619952623149688,23.0,11.234200541743819,0.23800473768503116,1.0
1771585719.4137375,5,124,2760000.0,0.022639195732391305,0.012694758753555102,0.0,1.0,7.619952623149688,23.0,7.488309859724464,0.8380047376850313,1.0
1771585719.4289765,5,125,1320000.0,0.01695144869681818,0.015056367917795882,0.44999999999999996,1.0,7.619952623149688,23.0,11.234200541743819,-1.661995262314969,1.0
1771585719.4443603,5,126,1800000.0,0.03190296384833333,0.00705092586512976,0.25,1.0,7.619952623149688,23.0,11.234200541743819,0.21300473768503114,1.0
1771585719.4598722,5,127,1920000.0,0.030019630514999996,0.0087927526975345,0.19999999999999996,1.0,7.619952623149688,23.0,10.119959086474898,0.23800473768503116,1.0
1771585719.4747617,5,128,2640000.0,0.01817872142409091,0.01187686479485945,0.0,1.0,7.619952623149688,23.0,11.234200541743819,0.8380047376850313,1.0
1771585719.490487,5,129,1680000.0,0.022626773372142854,0.013590212564600326,0.30000000000000004,1.0,7.619952623149688,23.0,11.234200541743819,-1.661995262314969,1.0
1771585719.5050685,5,130,1920000.0,0.026769630514999997,0.010210288928331077,0.19999999999999996,1.0,7.619952623149688,23.0,11.234200541743819,0.23800473768503116,1.0
1771585719.5187998,5,131,2160000.0,0.03165851940388889,0.007309726312621545,0.09999999999999998,1.0,7.619952623149688,23.0,11.234200541743819,0.33800473768503125,1.0
1771585719.5321982,5,132,2040000.0,0.021181395220882356,0.011882061732016879,0.15000000000000002,1.0,7.619952623149688,23.0,11.234200541743819,0.2630047376850313,1.0
1771585719.5463533,5,133,1680000.0,0.029555344800714284,0.00861210586017954,0.30000000000000004,1.0,7.619952623149688,23.0,9.638747790027777,-1.661995262314969,1.0
1771585719.5619128,5,134,2520000.0,0.024579154324523813,0.012140522651411379,0.0,1.0,7.619952623149688,23.0,11.234200541743819,0.8380047376850313,1.0
1771585719.5748117,5,135,2280000.0,0.012769630515000005,0.010992820623623308,0.050000000000000044,1.0,7.619952623149688,23.0,11.234200541743819,0.33800473768503125,1.0
1771585719.5877182,5,136,1320000.0,0.025951448696818178,0.011937855615403246,0.44999999999999996,1.0,7.619952623149688,23.0,7.488309859724464,-1.661995262314969,1.0
1771585719.6012611,5,137,2760000.0,0.022769630515,0.01176213526902987,0.0,1.0,7.619952623149688,23.0,11.234200541743819,0.8380047376850313,1.0
1771585719.6158595,5,138,1680000.0,0.021269630515000002,0.011733651240281997,0.30000000000000004,1.0,7.619952623149688,23.0,11.234200541743819,-1.661995262314969,1.0
1771585719.628773,5,139,2040000.0,0.013593159926764712,0.011340895773924442,0.15000000000000002,1.0,7.619952623149688,23.0,10.119959086474898,0.2630047376850313,1.0
1771585719.6420903,5,140,1680000.0,0.030841059086428563,0.009176556199003524,0.30000000000000004,1.0,7.619952623149688,23.0,8.804985870897262,-1.661995262314969,1.0
1771585719.6547701,5,141,2160000.0,0.018158519403888893,0.013363045598003508,0.09999999999999998,1.0,7.619952623149688,23.0,11.234200541743819,0.33800473768503125,1.0
1771585719.6727142,5,142,1680000.0,0.027198201943571424,0.013205595598156143,0.30000000000000004,1.0,7.619952623149688,23.0,8.804985870897262,-1.661995262314969,1.0
1771585719.686881,5,143,2520000.0,0.019293440038809527,0.01374121034254276,0.0,1.0,7.619952623149688,23.0,11.234200541743819,0.8380047376850313,1.0
1771585719.700097,5,144,2040000.0,0.029181395220882346,0.010666378312134727,0.15000000000000002,1.0,7.619952623149688,23.0,8.804985870897262,0.2630047376850313,1.0
1771585719.7118917,5,145,2040000.0,0.005769630515,1.1641532182693481e-10,0.15000000000000002,1.0,7.619952623149688,23.0,10.119959086474898,0.4130047376850312,1.0
1771585719.7250006,5,146,2040000.0,0.02665198345617647,0.010464968749798352,0.15000000000000002,1.0,7.619952623149688,23.0,11.234200541743819,0.2630047376850313,1.0
1771585719.7364874,5,147,2400000.0,0.018069630515000008,0.013054118124178263,0.0,1.0,7.619952623149688,23.0,11.234200541743819,0.8380047376850313,1.0
1771585719.747893,5,148,1920000.0,0.014207130515,0.012082884330738253,0.19999999999999996,1.0,7.619952623149688,23.0,10.119959086474898,0.23800473768503116,1.0
1771585719.7605965,5,149,1800000.0,0.023236297181666664,0.011140716115024003,0.25,1.0,7.619952623149688,23.0,11.234200541743819,0.21300473768503114,1.0
1771585719.774993,5,150,2520000.0,0.02238867813404762,0.012365374815631986,0.0,1.0,7.619952623149688,23.0,11.234200541743819,0.8380047376850313,1.0
1771585719.7964993,5,151,1080000.0,0.031769630515,0.009475113602367921,0.55,1.0,7.619952623149688,23.0,9.638747790027777,-1.661995262314969,1.0
1771585719.809855,5,152,2160000.0,0.022325186070555558,0.014735528577867012,0.09999999999999998,1.0,7.619952623149688,23.0,11.234200541743819,0.33800473768503125,1.0
1771585719.8269637,5,153,2400000.0,0.026419630514999997,0.011934299309134158,0.0,1.0,7.619952623149688,23.0,11.234200541743819,0.8380047376850313,1.0
1771585719.8412201,5,154,1440000.0,0.022852963848333335,0.013300741416260305,0.4,1.0,7.619952623149688,23.0,11.234200541743819,-1.661995262314969,1.0
1771585719.857875,5,155,1560000.0,0.03338501513038462,0.007426961916800807,0.35,1.0,7.619952623149688,23.0,11.234200541743819,-1.661995262314969,1.0
1771585719.8708045,5,156,2040000.0,0.025416689338529412,0.011565370096418356,0.15000000000000002,1.0,7.619952623149688,23.0,11.234200541743819,0.2630047376850313,1.0
1771585719.883672,5,157,1920000.0,0.030644630514999993,0.008774074025217704,0.19999999999999996,1.0,7.619952623149688,23.0,11.234200541743819,0.23800473768503116,1.0
1771585719.8964581,5,158,1920000.0,0.014082130515000006,0.011514766335015227,0.19999999999999996,1.0,7.619952623149688,23.0,11.234200541743819,0.23800473768503116,1.0
1771585719.9085307,5,159,1920000.0,0.026082130515,0.010704664579051507,0.19999999999999996,1.0,7.619952623149688,23.0,11.234200541743819,0.23800473768503116,1.0
1771585719.9287603,5,160,1920000.0,0.025144630515,0.01085630577130177,0.19999999999999996,1.0,7.619952623149688,23.0,10.119959086474898,0.23800473768503116,1.0
1771585719.9428766,5,161,2520000.0,0.02391248765785714,0.011646727373103622,0.0,1.0,7.619952623149688,23.0,9.209854982705023,0.8380047376850313,1.0
1771585719.9578025,5,162,2160000.0,0.022880741626111107,0.012050306076743863,0.09999999999999998,1.0,7.619952623149688,23.0,8.804985870897262,0.33800473768503125,1.0
1771585719.970152,5,163,2280000.0,0.012769630515,0.010992820623623306,0.050000000000000044,1.0,7.619952623149688,23.0,11.234200541743819,0.33800473768503125,1.0
1771585719.9918525,5,164,1440000.0,0.016186297181666667,0.013143175246322922,0.4,1.0,7.619952623149688,23.0,11.234200541743819,-1.661995262314969,1.0
1771585720.0067284,5,165,1800000.0,0.034302963848333326,0.00559603033904887,0.25,1.0,7.619952623149688,23.0,11.234200541743819,0.21300473768503114,1.0
1771585720.0249445,5,166,2160000.0,0.02782518607055555,0.011582900338296698,0.09999999999999998,1.0,7.619952623149688,23.0,10.119959086474898,0.33800473768503125,1.0
1771585720.0371525,5,167,1680000.0,0.02148391622928572,0.012936264483053433,0.30000000000000004,1.0,7.619952623149688,23.0,11.234200541743819,-1.661995262314969,1.0
1771585720.050665,5,168,2520000.0,0.022912487657857143,0.01219010416098985,0.0,1.0,7.619952623149688,23.0,8.804985870897262,0.8380047376850313,1.0
1771585720.0631154,5,169,2280000.0,0.012769630515000005,0.010992820623623306,0.050000000000000044,1.0,7.619952623149688,23.0,10.119959086474898,0.33800473768503125,1.0
1771585720.0766764,5,170,1680000.0,0.021769630514999996,0.014530755559944479,0.30000000000000004,1.0,7.619952623149688,23.0,11.234200541743819,-1.661995262314969,1.0
1771585720.088929,5,171,2280000.0,0.027138051567631577,0.010936229150545493,0.050000000000000044,1.0,7.619952623149688,23.0,11.234200541743819,0.33800473768503125,1.0
1771585720.1019995,5,172,1560000.0,0.025231168976538456,0.01255520354652504,0.35,1.0,7.619952623149688,23.0,10.119959086474898,-1.661995262314969,1.0
1771585720.1169848,5,173,1560000.0,0.031769630515,0.008814324006542276,0.35,1.0,7.619952623149688,23.0,9.209854982705023,-1.661995262314969,1.0
1771585720.1325388,5,174,2040000.0,0.03229904227970588,0.006903687395441604,0.15000000000000002,1.0,7.619952623149688,23.0,11.234200541743819,0.2630047376850313,1.0
1771585720.1462514,5,175,2040000.0,0.028181395220882345,0.010123117536140707,0.15000000000000002,1.0,7.619952623149688,23.0,9.638747790027777,0.2630047376850313,1.0
1771585720.1587367,5,176,2400000.0,0.01581963051500001,0.01326452034564384,0.0,1.0,7.619952623149688,23.0,11.234200541743819,0.8380047376850313,1.0
1771585720.1724477,5,177,1200000.0,0.03136963051499999,0.009748846085563175,0.5,1.0,7.619952623149688,23.0,7.995247647281745,-1.661995262314969,1.0
1771585720.1848047,5,178,2760000.0,0.023552239210652172,0.011802566123845707,0.0,1.0,7.619952623149688,23.0,10.119959086474898,0.8380047376850313,1.0
1771585720.1977525,5,179,1320000.0,0.02286053960590909,0.014009441916433265,0.44999999999999996,1.0,7.619952623149688,23.0,11.234200541743819,-1.661995262314969,1.0
1771585720.21029,5,180,3000000.0,0.016089630515000005,0.012552991675293966,0.0,1.0,7.619952623149688,23.0,11.234200541743819,0.8380047376850313,1.0
1771585720.222554,5,181,1560000.0,0.023846553591923073,0.012079617533817602,0.35,1.0,7.619952623149688,23.0,10.20212241284837,-1.661995262314969,1.0
1771585720.2365818,5,182,1560000.0,0.031231168976538458,0.010330056106894954,0.35,1.0,7.619952623149688,23.0,11.234200541743819,-1.661995262314969,1.0
1771585720.2497864,5,183,1920000.0,0.02839463051499999,0.010723076750634605,0.19999999999999996,1.0,7.619952623149688,23.0,11.234200541743819,0.23800473768503116,1.0
1771585720.263244,5,184,1800000.0,0.031236297181666657,0.009017513823419185,0.25,1.0,7.619952623149688,23.0,10.119959086474898,0.21300473768503114,1.0
1771585720.2827673,5,185,2160000.0,0.019436297181666666,0.013063945294843624,0.09999999999999998,1.0,7.619952623149688,23.0,11.234200541743819,0.33800473768503125,1.0
1771585720.2998576,5,186,1800000.0,0.02983629718166666,0.011624495210067805,0.25,1.0,7.619952623149688,23.0,11.234200541743819,0.21300473768503114,1.0
1771585720.3207245,5,187,2160000.0,0.025769630515,0.010801234497346431,0.09999999999999998,1.0,7.619952623149688,23.0,10.119959086474898,0.33800473768503125,1.0
1771585720.3410573,5,188,1680000.0,0.03305534480071428,0.0062954470104373715,0.30000000000000004,1.0,7.619952623149688,23.0,11.234200541743819,-1.661995262314969,1.0
1771585720.360952,5,189,1800000.0,0.032636297181666656,0.007191352832086318,0.25,1.0,7.619952623149688,23.0,11.234200541743819,0.21300473768503114,1.0
1771585720.3797581,5,190,3000000.0,0.015609630515000007,0.012670217046286123,0.0,1.0,7.619952623149688,23.0,10.119959086474898,0.8380047376850313,1.0
1771585720.395925,5,191,1080000.0,0.032880741626111105,0.010587670444063647,0.55,1.0,7.619952623149688,23.0,11.234200541743819,-1.661995262314969,1.0
1771585720.4100456,5,192,2760000.0,0.022247891384565215,0.012843098519598809,0.0,1.0,7.619952623149688,23.0,11.234200541743819,0.8380047376850313,1.0
1771585720.4284616,5,193,1320000.0,0.031133266878636358,0.007289752798810722,0.44999999999999996,1.0,7.619952623149688,23.0,11.234200541743819,-1.661995262314969,1.0
1771585720.4418354,5,194,2880000.0,0.015394630515000009,0.01326905076986793,0.0,1.0,7.619952623149688,23.0,11.234200541743819,0.8380047376850313,1.0
1771585720.4556592,5,195,2160000.0,0.013158519403888892,0.0111661138613858,0.09999999999999998,1.0,7.619952623149688,23.0,11.234200541743819,0.33800473768503125,1.0
1771585720.470407,5,196,1560000.0,0.021308092053461538,0.013815350351165323,0.35,1.0,7.619952623149688,23.0,7.488309859724464,-1.661995262314969,1.0
1771585720.4891412,5,197,2280000.0,0.031032788409736844,0.010371225909689072,0.050000000000000044,1.0,7.619952623149688,23.0,11.234200541743819,0.33800473768503125,1.0
1771585720.5023367,5,198,1200000.0,0.014469630514999998,0.01347627544984147,0.5,1.0,7.619952623149688,23.0,11.234200541743819,-1.661995262314969,1.0
1771585720.5158422,5,199,3120000.0,0.016000399745769237,0.011981741533579945,0.0,1.0,7.619952623149688,23.0,8.804985870897262,0.8380047376850313,1.0
1771585720.5298853,5,200,1440000.0,0.016186297181666667,0.013143175246322922,0.4,1.0,7.619952623149688,23.0,11.234200541743819,-1.661995262314969,1.0
1771585720.755543,6,0,0.0,0.0,0.0,0.0,1.0,0.0,23.0,0.0,1.75,1.0
1771585720.7686014,6,1,960000.0,0.005769630515,0.0,0.5294117647058824,1.0,7.619952623149688,23.0,8.804985870897262,-1.5119952623149688,1.0
1771585720.7865458,6,2,2160000.0,0.023880741626111115,0.012538336274929361,0.09999999999999998,1.0,7.619952623149688,23.0,11.234200541743819,0.33800473768503125,1.0
1771585720.8013537,6,3,2280000.0,0.027453841041315787,0.010448130689412685,0.050000000000000044,1.0,7.619952623149688,23.0,11.234200541743819,0.33800473768503125,1.0
1771585720.8180811,6,4,2280000.0,0.021611735778157896,0.012376816859268258,0.050000000000000044,1.0,7.619952623149688,23.0,10.119959086474898,0.33800473768503125,1.0
1771585720.833376,6,5,1320000.0,0.017860539605909092,0.012131510776445295,0.44999999999999996,1.0,7.619952623149688,23.0,11.234200541743819,-1.661995262314969,1.0
1771585720.851805,6,6,1440000.0,0.03843629718166666,0.005821416398857657,0.4,1.0,7.619952623149688,23.0,11.234200541743819,-1.661995262314969,1.0
1771585720.8755744,6,7,1440000.0,0.03418629718166666,0.005544642058379963,0.4,1.0,7.619952623149688,23.0,11.234200541743819,-1.661995262314969,1.0
1771585720.891879,6,8,2160000.0,0.025158519403888892,0.01188901869088019,0.09999999999999998,1.0,7.619952623149688,23.0,11.234200541743819,0.33800473768503125,1.0
1771585720.9082692,6,9,2280000.0,0.026085419988684206,0.01049336949335626,0.050000000000000044,1.0,7.619952623149688,23.0,11.234200541743819,0.33800473768503125,1.0
1771585720.9253006,6,10,1920000.0,0.014082130515000006,0.011514766335015227,0.19999999999999996,1.0,7.619952623149688,23.0,11.234200541743819,0.23800473768503116,1.0
1771585720.944085,6,11,2400000.0,0.025519630514999996,0.011652789365641177,0.0,1.0,7.619952623149688,23.0,11.234200541743819,0.8380047376850313,1.0
1771585720.9597883,6,12,1800000.0,0.029302963848333325,0.009149620514292165,0.25,1.0,7.619952623149688,23.0,11.234200541743819,0.21300473768503114,1.0
1771585720.977543,6,13,1920000.0,0.030707130514999993,0.007948810838735585,0.19999999999999996,1.0,7.619952623149688,23.0,10.119959086474898,0.23800473768503116,1.0
1771585720.9972014,6,14,1560000.0,0.024231168976538462,0.014221410644168151,0.35,1.0,7.619952623149688,23.0,11.234200541743819,-1.661995262314969,1.0
1771585721.0159233,6,15,1920000.0,0.028082130514999994,0.010657853618341744,0.19999999999999996,1.0,7.619952623149688,23.0,11.234200541743819,0.23800473768503116,1.0
1771585721.03385,6,16,2160000.0,0.025491852737222216,0.012232949837565565,0.09999999999999998,1.0,7.619952623149688,23.0,7.488309859724464,0.33800473768503125,1.0
1771585721.049985,6,17,2640000.0,0.011815085060454554,0.01049448891183659,0.0,1.0,7.619952623149688,23.0,11.234200541743819,0.8380047376850313,1.0
1771585721.065702,6,18,2040000.0,0.01359315992676471,0.011340895773924446,0.15000000000000002,1.0,7.619952623149688,23.0,8.804985870897262,0.2630047376850313,1.0
1771585721.083078,6,19,1320000.0,0.03576963051499999,0.00393122696553457,0.44999999999999996,1.0,7.619952623149688,23.0,11.234200541743819,-1.5119952623149688,1.0
1771585721.0981798,6,20,2040000.0,0.029887277573823524,0.008784226190040049,0.15000000000000002,1.0,7.619952623149688,23.0,11.234200541743819,0.2630047376850313,1.0
1771585721.112286,6,21,2280000.0,0.012769630515000007,0.010992820623623306,0.050000000000000044,1.0,7.619952623149688,23.0,11.234200541743819,0.33800473768503125,1.0
1771585721.1284142,6,22,1800000.0,0.027569630514999995,0.012410748030101445,0.25,1.0,7.619952623149688,23.0,10.119959086474898,0.21300473768503114,1.0
1771585721.142565,6,23,2040000.0,0.031240218750294108,0.006589810736002399,0.15000000000000002,1.0,7.619952623149688,23.0,11.234200541743819,0.2630047376850313,1.0
1771585721.1572611,6,24,2640000.0,0.017315085060454552,0.013523472095606979,0.0,1.0,7.619952623149688,23.0,11.234200541743819,0.8380047376850313,1.0
1771585721.1715958,6,25,1560000.0,0.022846553591923075,0.013176094544880184,0.35,1.0,7.619952623149688,23.0,10.119959086474898,-1.661995262314969,1.0
1771585721.197346,6,26,1680000.0,0.02762677337214286,0.011115350665101078,0.30000000000000004,1.0,7.619952623149688,23.0,11.234200541743819,-1.661995262314969,1.0
1771585721.2157526,6,27,1680000.0,0.03312677337214285,0.006913828202100755,0.30000000000000004,1.0,7.619952623149688,23.0,11.234200541743819,-1.661995262314969,1.0
1771585721.2311783,6,28,2280000.0,0.028822262093947365,0.010169477988002952,0.050000000000000044,1.0,7.619952623149688,23.0,7.488309859724464,0.33800473768503125,1.0
1771585721.2478936,6,29,1080000.0,0.03154740829277777,0.00848237097066325,0.55,1.0,7.619952623149688,23.0,11.234200541743819,-1.661995262314969,1.0
1771585721.2636337,6,30,1920000.0,0.026019630515,0.01203380654655874,0.19999999999999996,1.0,7.619952623149688,23.0,11.234200541743819,0.23800473768503116,1.0
1771585721.2858896,6,31,2400000.0,0.030169630515,0.01017054570807289,0.0,1.0,7.619952623149688,23.0,8.01463970507455,0.8380047376850313,1.0
1771585721.3153088,6,32,1320000.0,0.0336787214240909,0.006748124930871147,0.44999999999999996,1.0,7.619952623149688,23.0,11.234200541743819,-1.661995262314969,1.0
1771585721.332775,6,33,2640000.0,0.019724175969545454,0.01279018541598231,0.0,1.0,7.619952623149688,23.0,7.995247647281745,0.8380047376850313,1.0
1771585721.3500886,6,34,1320000.0,0.03558781233318181,0.004950999565160071,0.44999999999999996,1.0,7.619952623149688,23.0,7.488309859724464,-1.5119952623149688,1.0
1771585721.3629606,6,35,2160000.0,0.019436297181666673,0.013063945294843596,0.09999999999999998,1.0,7.619952623149688,23.0,8.804985870897262,0.33800473768503125,1.0
1771585721.377043,6,36,1800000.0,0.03023629718166666,0.007898241717130626,0.25,1.0,7.619952623149688,23.0,11.234200541743819,0.21300473768503114,1.0
1771585721.3923464,6,37,1800000.0,0.02983629718166666,0.009341425063780294,0.25,1.0,7.619952623149688,23.0,7.995247647281745,0.21300473768503114,1.0
1771585721.4113398,6,38,1560000.0,0.021308092053461545,0.013781902205514538,0.35,1.0,7.619952623149688,23.0,11.234200541743819,-1.661995262314969,1.0
1771585721.4261627,6,39,3000000.0,0.016689630515000005,0.012240653577321759,0.0,1.0,7.619952623149688,23.0,11.234200541743819,0.8380047376850313,1.0
1771585721.4444609,6,40,1560000.0,0.024231168976538455,0.011862127093046921,0.35,1.0,7.619952623149688,23.0,10.119959086474898,-1.661995262314969,1.0
1771585721.4603562,6,41,1560000.0,0.025231168976538463,0.010499929557385565,0.35,1.0,7.619952623149688,23.0,8.804985870897262,-1.661995262314969,1.0
1771585721.473835,6,42,2280000.0,0.022032788409736846,0.013388298525059914,0.050000000000000044,1.0,7.619952623149688,23.0,11.234200541743819,0.33800473768503125,1.0
1771585721.4904401,6,43,2640000.0,0.025360539605909085,0.01192270214533104,0.0,1.0,7.619952623149688,23.0,10.119959086474898,0.8380047376850313,1.0
1771585721.5079002,6,44,840000.0,0.03305534480071429,0.007923099785064011,0.65,1.0,7.619952623149688,23.0,11.94933268341769,-1.661995262314969,1.0
1771585721.524936,6,45,1800000.0,0.03216963051499999,0.009485427419643973,0.25,1.0,7.619952623149688,23.0,11.234200541743819,0.21300473768503114,1.0
1771585721.5408971,6,46,2760000.0,0.02698702181934783,0.009663722038091186,0.0,1.0,7.619952623149688,23.0,10.119959086474898,0.8380047376850313,1.0
1771585721.554736,6,47,1200000.0,0.033169630515,0.00984073168011402,0.5,1.0,7.619952623149688,23.0,11.234200541743819,-1.661995262314969,1.0
1771585721.5683856,6,48,1680000.0,0.03041248765785714,0.009309036645394952,0.30000000000000004,1.0,7.619952623149688,23.0,11.234200541743819,-1.661995262314969,1.0
1771585721.5841587,6,49,2040000.0,0.029122571691470586,0.010437157470085584,0.15000000000000002,1.0,7.619952623149688,23.0,10.119959086474898,0.2630047376850313,1.0
1771585721.5982943,6,50,1800000.0,0.027369630515,0.012186331140530623,0.25,1.0,7.619952623149688,23.0,11.234200541743819,0.21300473768503114,1.0
1771585721.6123443,6,51,2280000.0,0.016822262093947372,0.013713127341924779,0.050000000000000044,1.0,7.619952623149688,23.0,8.98872730332345,0.33800473768503125,1.0
1771585721.6250916,6,52,2520000.0,0.013769630515000006,0.01216552506059644,0.0,1.0,7.619952623149688,23.0,11.234200541743819,0.8380047376850313,1.0
1771585721.637563,6,53,1560000.0,0.005769630515,1.1641532182693481e-10,0.35,1.0,7.619952623149688,23.0,11.234200541743819,-1.5119952623149688,1.0
1771585721.650974,6,54,2280000.0,0.026769630514999997,0.012594902895511679,0.050000000000000044,1.0,7.619952623149688,23.0,11.234200541743819,0.33800473768503125,1.0
1771585721.6660998,6,55,1680000.0,0.031269630514999994,0.009439657984119072,0.30000000000000004,1.0,7.619952623149688,23.0,10.119959086474898,-1.661995262314969,1.0
1771585721.6781402,6,56,1920000.0,0.014082130515000006,0.011514766335015227,0.19999999999999996,1.0,7.619952623149688,23.0,7.995247647281745,0.23800473768503116,1.0
1771585721.69248,6,57,1680000.0,0.034983916229285705,0.006084859094842058,0.30000000000000004,1.0,7.619952623149688,23.0,11.234200541743819,-1.661995262314969,1.0
1771585721.708131,6,58,1440000.0,0.03660296384833332,0.005177408189003061,0.4,1.0,7.619952623149688,23.0,10.119959086474898,-1.661995262314969,1.0
1771585721.7222223,6,59,1920000.0,0.03301963051499999,0.007344215410784246,0.19999999999999996,1.0,7.619952623149688,23.0,8.804985870897262,0.23800473768503116,1.0
1771585721.7381155,6,60,1320000.0,0.03576963051499999,0.004861724348044028,0.44999999999999996,1.0,7.619952623149688,23.0,8.804985870897262,-1.5119952623149688,1.0
1771585721.7521715,6,61,2280000.0,0.02250647262026316,0.013575683002157531,0.050000000000000044,1.0,7.619952623149688,23.0,10.119959086474898,0.33800473768503125,1.0
1771585721.7663698,6,62,1440000.0,0.02568629718166666,0.010804770037143582,0.4,1.0,7.619952623149688,23.0,11.234200541743819,-1.661995262314969,1.0
1771585721.778442,6,63,2280000.0,0.019874893672894738,0.012400741645232374,0.050000000000000044,1.0,7.619952623149688,23.0,11.234200541743819,0.33800473768503125,1.0
1771585721.7924519,6,64,1920000.0,0.030207130515,0.009062068955266222,0.19999999999999996,1.0,7.619952623149688,23.0,10.119959086474898,0.23800473768503116,1.0
1771585721.8058345,6,65,2160000.0,0.020825186070555557,0.012117353131504428,0.09999999999999998,1.0,7.619952623149688,23.0,11.234200541743819,0.33800473768503125,1.0
1771585721.819208,6,66,2520000.0,0.0266743924197619,0.01207872889049081,0.0,1.0,7.619952623149688,23.0,11.234200541743819,0.8380047376850313,1.0
1771585721.8315372,6,67,1320000.0,0.005769630515,8.231806349783991e-11,0.44999999999999996,1.0,7.619952623149688,23.0,10.119959086474898,-1.5119952623149688,1.0
1771585721.844467,6,68,2040000.0,0.03241668933852941,0.009158353155778154,0.15000000000000002,1.0,7.619952623149688,23.0,11.234200541743819,0.2630047376850313,1.0
1771585721.8580015,6,69,1800000.0,0.027102963848333328,0.012391753530294078,0.25,1.0,7.619952623149688,23.0,9.209854982705023,0.21300473768503114,1.0
1771585721.8702784,6,70,2160000.0,0.027214074959444445,0.009592950086288599,0.09999999999999998,1.0,7.619952623149688,23.0,7.699637833474825,0.33800473768503125,1.0
1771585721.8841426,6,71,2160000.0,0.026825186070555552,0.012803958685683558,0.09999999999999998,1.0,7.619952623149688,23.0,11.234200541743819,0.33800473768503125,1.0
1771585721.8992465,6,72,2040000.0,0.027769630514999998,0.010369638940903673,0.15000000000000002,1.0,7.619952623149688,23.0,8.804985870897262,0.2630047376850313,1.0
1771585721.9157777,6,73,1920000.0,0.020582130515000005,0.013947305967461944,0.19999999999999996,1.0,7.619952623149688,23.0,11.234200541743819,0.23800473768503116,1.0
1771585721.9292638,6,74,1680000.0,0.015269630515000002,0.01184271928232701,0.30000000000000004,1.0,7.619952623149688,23.0,7.995247647281745,-1.661995262314969,1.0
1771585721.9438934,6,75,1920000.0,0.019519630515000008,0.013169567191065904,0.19999999999999996,1.0,7.619952623149688,23.0,11.234200541743819,0.23800473768503116,1.0
1771585721.957827,6,76,2040000.0,0.017769630515000003,0.013941052369762858,0.15000000000000002,1.0,7.619952623149688,23.0,10.119959086474898,0.2630047376850313,1.0
1771585721.9721463,6,77,2040000.0,0.02494610110323529,0.012372813147797534,0.15000000000000002,1.0,7.619952623149688,23.0,11.234200541743819,0.2630047376850313,1.0
1771585721.986129,6,78,1800000.0,0.03196963051499999,0.007790592617595513,0.25,1.0,7.619952623149688,23.0,11.234200541743819,0.21300473768503114,1.0
1771585721.9998972,6,79,2400000.0,0.019419630515,0.012248571345263075,0.0,1.0,7.619952623149688,23.0,10.119959086474898,0.8380047376850313,1.0
1771585722.0133805,6,80,1200000.0,0.029369630515,0.010258654882585708,0.5,1.0,7.619952623149688,23.0,8.804985870897262,-1.661995262314969,1.0
1771585722.02902,6,81,1440000.0,0.033436297181666665,0.00848855438549789,0.4,1.0,7.619952623149688,23.0,11.234200541743819,-1.661995262314969,1.0
1771585722.0438945,6,82,1320000.0,0.03186053960590909,0.008638755649603355,0.44999999999999996,1.0,7.619952623149688,23.0,9.975595763354864,-1.661995262314969,1.0
1771585722.0585291,6,83,1680000.0,0.031841059086428564,0.009482798605251282,0.30000000000000004,1.0,7.619952623149688,23.0,11.234200541743819,-1.661995262314969,1.0
1771585722.0707915,6,84,2880000.0,0.021894630515000003,0.012683034928596532,0.0,1.0,7.619952623149688,23.0,11.234200541743819,0.8380047376850313,1.0
1771585722.082919,6,85,2160000.0,0.01504740829277778,0.012546825873748819,0.09999999999999998,1.0,7.619952623149688,23.0,10.119959086474898,0.33800473768503125,1.0
1771585722.0953057,6,86,1920000.0,0.016269630515,0.012961481396815723,0.19999999999999996,1.0,7.619952623149688,23.0,11.234200541743819,0.23800473768503116,1.0
1771585722.1085777,6,87,1320000.0,0.032769630514999995,0.006281285334590814,0.44999999999999996,1.0,7.619952623149688,23.0,11.234200541743819,-1.661995262314969,1.0
1771585722.124582,6,88,1560000.0,0.035154245899615376,0.00535707241430162,0.35,1.0,7.619952623149688,23.0,11.234200541743819,-1.661995262314969,1.0
1771585722.1383343,6,89,1680000.0,0.02634105908642857,0.010880613728188354,0.30000000000000004,1.0,7.619952623149688,23.0,9.209854982705023,-1.661995262314969,1.0
1771585722.1502774,6,90,2160000.0,0.021214074959444443,0.013557376926817463,0.09999999999999998,1.0,7.619952623149688,23.0,11.234200541743819,0.33800473768503125,1.0
1771585722.172747,6,91,2280000.0,0.02945384104131579,0.010959507439848727,0.050000000000000044,1.0,7.619952623149688,23.0,9.638747790027777,0.33800473768503125,1.0
1771585722.1846223,6,92,1560000.0,0.016000399745769237,0.011981741533579945,0.35,1.0,7.619952623149688,23.0,9.975595763354864,-1.661995262314969,1.0
1771585722.1970787,6,93,2280000.0,0.02466436735710526,0.011488643073382944,0.050000000000000044,1.0,7.619952623149688,23.0,11.234200541743819,0.33800473768503125,1.0
1771585722.2101164,6,94,2160000.0,0.021714074959444444,0.012773550025224532,0.09999999999999998,1.0,7.619952623149688,23.0,11.234200541743819,0.33800473768503125,1.0
1771585722.2257411,6,95,1440000.0,0.03468629718166666,0.004645039169790642,0.4,1.0,7.619952623149688,23.0,11.234200541743819,-1.5119952623149688,1.0
1771585722.240885,6,96,1800000.0,0.03183629718166666,0.009327140802816053,0.25,1.0,7.619952623149688,23.0,11.234200541743819,0.21300473768503114,1.0
1771585722.254157,6,97,2520000.0,0.029531535276904764,0.01021625577626987,0.0,1.0,7.619952623149688,23.0,7.488309859724464,0.8380047376850313,1.0
1771585722.267083,6,98,1560000.0,0.015538861284230768,0.01205853573298469,0.35,1.0,7.619952623149688,23.0,11.94933268341769,-1.661995262314969,1.0
1771585722.281493,6,99,2040000.0,0.02600492463264706,0.012900202514437313,0.15000000000000002,1.0,7.619952623149688,23.0,7.995247647281745,0.2630047376850313,1.0
1771585722.2964249,6,100,1440000.0,0.03635296384833333,0.005040805711612227,0.4,1.0,7.619952623149688,23.0,10.119959086474898,-1.661995262314969,1.0
1771585722.3120453,6,101,1560000.0,0.032692707438076916,0.008241186793375935,0.35,1.0,7.619952623149688,23.0,9.209854982705023,-1.661995262314969,1.0
1771585722.3256943,6,102,1920000.0,0.023269630515,0.014815532390029041,0.19999999999999996,1.0,7.619952623149688,23.0,11.234200541743819,0.23800473768503116,1.0
1771585722.3412666,6,103,2040000.0,0.027240218750294115,0.01227679612860746,0.15000000000000002,1.0,7.619952623149688,23.0,10.119959086474898,0.2630047376850313,1.0
1771585722.3530052,6,104,2040000.0,0.021828454044411767,0.011739679263257237,0.15000000000000002,1.0,7.619952623149688,23.0,11.234200541743819,0.2630047376850313,1.0
1771585722.3669114,6,105,720000.0,0.039269630514999994,0.0030956959368345052,0.7,1.0,7.619952623149688,23.0,8.804985870897262,-1.5119952623149688,1.0
1771585722.3795664,6,106,2160000.0,0.027269630514999997,0.011884864324004712,0.09999999999999998,1.0,7.619952623149688,23.0,9.638747790027777,0.33800473768503125,1.0
1771585722.394238,6,107,1200000.0,0.03746963051499999,0.004100000000000069,0.5,1.0,7.619952623149688,23.0,11.234200541743819,-1.5119952623149688,1.0
1771585722.4068303,6,108,2040000.0,0.027828454044411765,0.011859325386206274,0.15000000000000002,1.0,7.619952623149688,23.0,11.234200541743819,0.2630047376850313,1.0
1771585722.4208102,6,109,2280000.0,0.021401209462368426,0.014499402987040845,0.050000000000000044,1.0,7.619952623149688,23.0,10.119959086474898,0.33800473768503125,1.0
1771585722.4315846,6,110,2160000.0,0.01315851940388889,0.011166113861385801,0.09999999999999998,1.0,7.619952623149688,23.0,11.234200541743819,0.33800473768503125,1.0
1771585722.4440699,6,111,1920000.0,0.022832130515,0.01137139365909034,0.19999999999999996,1.0,7.619952623149688,23.0,11.234200541743819,0.23800473768503116,1.0
1771585722.4582229,6,112,1560000.0,0.033846553591923074,0.0063423065260996446,0.35,1.0,7.619952623149688,23.0,11.234200541743819,-1.661995262314969,1.0
1771585722.4731746,6,113,1560000.0,0.03169270743807692,0.008334003917792153,0.35,1.0,7.619952623149688,23.0,11.234200541743819,-1.661995262314969,1.0
1771585722.4876552,6,114,2280000.0,0.018559104199210537,0.01311720022825962,0.050000000000000044,1.0,7.619952623149688,23.0,11.234200541743819,0.33800473768503125,1.0
1771585722.5048182,6,115,1680000.0,0.02869820194357143,0.011725821845789046,0.30000000000000004,1.0,7.619952623149688,23.0,11.234200541743819,-1.661995262314969,1.0
1771585722.520393,6,116,2280000.0,0.019769630515,0.011986834883584393,0.050000000000000044,1.0,7.619952623149688,23.0,11.234200541743819,0.33800473768503125,1.0
1771585722.5350266,6,117,2040000.0,0.026887277573823525,0.010028678600078271,0.15000000000000002,1.0,7.619952623149688,23.0,11.234200541743819,0.2630047376850313,1.0
1771585722.5513093,6,118,2400000.0,0.018769630515000003,0.01274754878398196,0.0,1.0,7.619952623149688,23.0,10.119959086474898,0.8380047376850313,1.0
1771585722.5667899,6,119,1320000.0,0.03486053960590909,0.006331085580538243,0.44999999999999996,1.0,7.619952623149688,23.0,8.804985870897262,-1.661995262314969,1.0
1771585722.5828393,6,120,2280000.0,0.030032788409736836,0.008502891800738696,0.050000000000000044,1.0,7.619952623149688,23.0,11.234200541743819,0.33800473768503125,1.0
1771585722.6024113,6,121,1680000.0,0.030841059086428566,0.00818940330736083,0.30000000000000004,1.0,7.619952623149688,23.0,7.976653541553818,-1.661995262314969,1.0
1771585722.6209064,6,122,1320000.0,0.035405994151363626,0.006314092856067438,0.44999999999999996,1.0,7.619952623149688,23.0,7.995247647281745,-1.661995262314969,1.0
1771585722.6403687,6,123,1920000.0,0.030144630515,0.00788095013307405,0.19999999999999996,1.0,7.619952623149688,23.0,11.234200541743819,0.23800473768503116,1.0
1771585722.6658137,6,124,2760000.0,0.022639195732391305,0.012694758753555102,0.0,1.0,7.619952623149688,23.0,7.488309859724464,0.8380047376850313,1.0
1771585722.6807618,6,125,1320000.0,0.01695144869681818,0.015056367917795882,0.44999999999999996,1.0,7.619952623149688,23.0,11.234200541743819,-1.661995262314969,1.0
1771585722.6971006,6,126,1800000.0,0.03190296384833333,0.00705092586512976,0.25,1.0,7.619952623149688,23.0,11.234200541743819,0.21300473768503114,1.0
1771585722.7223766,6,127,1920000.0,0.030019630514999996,0.0087927526975345,0.19999999999999996,1.0,7.619952623149688,23.0,10.119959086474898,0.23800473768503116,1.0
1771585722.7377312,6,128,2640000.0,0.01817872142409091,0.01187686479485945,0.0,1.0,7.619952623149688,23.0,11.234200541743819,0.8380047376850313,1.0
1771585722.7526803,6,129,1680000.0,0.022626773372142854,0.013590212564600326,0.30000000000000004,1.0,7.619952623149688,23.0,11.234200541743819,-1.661995262314969,1.0
1771585722.7685814,6,130,1920000.0,0.026769630514999997,0.010210288928331077,0.19999999999999996,1.0,7.619952623149688,23.0,11.234200541743819,0.23800473768503116,1.0
1771585722.7835445,6,131,2160000.0,0.03165851940388889,0.007309726312621545,0.09999999999999998,1.0,7.619952623149688,23.0,11.234200541743819,0.33800473768503125,1.0
1771585722.7980828,6,132,2040000.0,0.021181395220882356,0.011882061732016879,0.15000000000000002,1.0,7.619952623149688,23.0,11.234200541743819,0.2630047376850313,1.0
1771585722.8159375,6,133,1680000.0,0.029555344800714284,0.00861210586017954,0.30000000000000004,1.0,7.619952623149688,23.0,9.638747790027777,-1.661995262314969,1.0
1771585722.8341222,6,134,2520000.0,0.024579154324523813,0.012140522651411379,0.0,1.0,7.619952623149688,23.0,11.234200541743819,0.8380047376850313,1.0
1771585722.851577,6,135,2280000.0,0.012769630515000005,0.010992820623623308,0.050000000000000044,1.0,7.619952623149688,23.0,11.234200541743819,0.33800473768503125,1.0
1771585722.871699,6,136,1320000.0,0.025951448696818178,0.011937855615403246,0.44999999999999996,1.0,7.619952623149688,23.0,7.488309859724464,-1.661995262314969,1.0
1771585722.889552,6,137,2760000.0,0.022769630515,0.01176213526902987,0.0,1.0,7.619952623149688,23.0,11.234200541743819,0.8380047376850313,1.0
1771585722.9064913,6,138,1680000.0,0.021269630515000002,0.011733651240281997,0.30000000000000004,1.0,7.619952623149688,23.0,11.234200541743819,-1.661995262314969,1.0
1771585722.921656,6,139,2040000.0,0.013593159926764712,0.011340895773924442,0.15000000000000002,1.0,7.619952623149688,23.0,10.119959086474898,0.2630047376850313,1.0
1771585722.9377584,6,140,1680000.0,0.030841059086428563,0.009176556199003524,0.30000000000000004,1.0,7.619952623149688,23.0,8.804985870897262,-1.661995262314969,1.0
1771585722.951895,6,141,2160000.0,0.018158519403888893,0.013363045598003508,0.09999999999999998,1.0,7.619952623149688,23.0,11.234200541743819,0.33800473768503125,1.0
1771585722.9708323,6,142,1680000.0,0.027198201943571424,0.013205595598156143,0.30000000000000004,1.0,7.619952623149688,23.0,8.804985870897262,-1.661995262314969,1.0
1771585722.9881558,6,143,2520000.0,0.019293440038809527,0.01374121034254276,0.0,1.0,7.619952623149688,23.0,11.234200541743819,0.8380047376850313,1.0
1771585723.0047119,6,144,2040000.0,0.029181395220882346,0.010666378312134727,0.15000000000000002,1.0,7.619952623149688,23.0,8.804985870897262,0.2630047376850313,1.0
1771585723.0186064,6,145,2040000.0,0.005769630515,1.1641532182693481e-10,0.15000000000000002,1.0,7.619952623149688,23.0,10.119959086474898,0.4130047376850312,1.0
1771585723.0338962,6,146,2040000.0,0.02665198345617647,0.010464968749798352,0.15000000000000002,1.0,7.619952623149688,23.0,11.234200541743819,0.2630047376850313,1.0
1771585723.0480964,6,147,2400000.0,0.018069630515000008,0.013054118124178263,0.0,1.0,7.619952623149688,23.0,11.234200541743819,0.8380047376850313,1.0
1771585723.0613205,6,148,1920000.0,0.014207130515,0.012082884330738253,0.19999999999999996,1.0,7.619952623149688,23.0,10.119959086474898,0.23800473768503116,1.0
1771585723.0754554,6,149,1800000.0,0.023236297181666664,0.011140716115024003,0.25,1.0,7.619952623149688,23.0,11.234200541743819,0.21300473768503114,1.0
1771585723.0894794,6,150,2520000.0,0.02238867813404762,0.012365374815631986,0.0,1.0,7.619952623149688,23.0,11.234200541743819,0.8380047376850313,1.0
1771585723.1115098,6,151,1080000.0,0.031769630515,0.009475113602367921,0.55,1.0,7.619952623149688,23.0,9.638747790027777,-1.661995262314969,1.0
1771585723.126297,6,152,2160000.0,0.022325186070555558,0.014735528577867012,0.09999999999999998,1.0,7.619952623149688,23.0,11.234200541743819,0.33800473768503125,1.0
1771585723.1444325,6,153,2400000.0,0.026419630514999997,0.011934299309134158,0.0,1.0,7.619952623149688,23.0,11.234200541743819,0.8380047376850313,1.0
1771585723.1610084,6,154,1440000.0,0.022852963848333335,0.013300741416260305,0.4,1.0,7.619952623149688,23.0,11.234200541743819,-1.661995262314969,1.0
1771585723.1779447,6,155,1560000.0,0.03338501513038462,0.007426961916800807,0.35,1.0,7.619952623149688,23.0,11.234200541743819,-1.661995262314969,1.0
1771585723.1919274,6,156,2040000.0,0.025416689338529412,0.011565370096418356,0.15000000000000002,1.0,7.619952623149688,23.0,11.234200541743819,0.2630047376850313,1.0
1771585723.210662,6,157,1920000.0,0.030644630514999993,0.008774074025217704,0.19999999999999996,1.0,7.619952623149688,23.0,11.234200541743819,0.23800473768503116,1.0
1771585723.222848,6,158,1920000.0,0.014082130515000006,0.011514766335015227,0.19999999999999996,1.0,7.619952623149688,23.0,11.234200541743819,0.23800473768503116,1.0
1771585723.2359066,6,159,1920000.0,0.026082130515,0.010704664579051507,0.19999999999999996,1.0,7.619952623149688,23.0,11.234200541743819,0.23800473768503116,1.0
1771585723.2507007,6,160,1920000.0,0.025144630515,0.01085630577130177,0.19999999999999996,1.0,7.619952623149688,23.0,10.119959086474898,0.23800473768503116,1.0
1771585723.265743,6,161,2520000.0,0.02391248765785714,0.011646727373103622,0.0,1.0,7.619952623149688,23.0,9.209854982705023,0.8380047376850313,1.0
1771585723.2805188,6,162,2160000.0,0.022880741626111107,0.012050306076743863,0.09999999999999998,1.0,7.619952623149688,23.0,8.804985870897262,0.33800473768503125,1.0
1771585723.293738,6,163,2280000.0,0.012769630515,0.010992820623623306,0.050000000000000044,1.0,7.619952623149688,23.0,11.234200541743819,0.33800473768503125,1.0
1771585723.3065107,6,164,1440000.0,0.016186297181666667,0.013143175246322922,0.4,1.0,7.619952623149688,23.0,11.234200541743819,-1.661995262314969,1.0
1771585723.3213542,6,165,1800000.0,0.034302963848333326,0.00559603033904887,0.25,1.0,7.619952623149688,23.0,11.234200541743819,0.21300473768503114,1.0
1771585723.3352847,6,166,2160000.0,0.02782518607055555,0.011582900338296698,0.09999999999999998,1.0,7.619952623149688,23.0,10.119959086474898,0.33800473768503125,1.0
1771585723.3482156,6,167,1680000.0,0.02148391622928572,0.012936264483053433,0.30000000000000004,1.0,7.619952623149688,23.0,11.234200541743819,-1.661995262314969,1.0
1771585723.3629775,6,168,2520000.0,0.022912487657857143,0.01219010416098985,0.0,1.0,7.619952623149688,23.0,8.804985870897262,0.8380047376850313,1.0
1771585723.3761783,6,169,2280000.0,0.012769630515000005,0.010992820623623306,0.050000000000000044,1.0,7.619952623149688,23.0,10.119959086474898,0.33800473768503125,1.0
1771585723.3882215,6,170,1680000.0,0.021769630514999996,0.014530755559944479,0.30000000000000004,1.0,7.619952623149688,23.0,11.234200541743819,-1.661995262314969,1.0
1771585723.4015696,6,171,2280000.0,0.027138051567631577,0.010936229150545493,0.050000000000000044,1.0,7.619952623149688,23.0,11.234200541743819,0.33800473768503125,1.0
1771585723.415237,6,172,1560000.0,0.025231168976538456,0.01255520354652504,0.35,1.0,7.619952623149688,23.0,10.119959086474898,-1.661995262314969,1.0
1771585723.4293897,6,173,1560000.0,0.031769630515,0.008814324006542276,0.35,1.0,7.619952623149688,23.0,9.209854982705023,-1.661995262314969,1.0
1771585723.4453394,6,174,2040000.0,0.03229904227970588,0.006903687395441604,0.15000000000000002,1.0,7.619952623149688,23.0,11.234200541743819,0.2630047376850313,1.0
1771585723.4592526,6,175,2040000.0,0.028181395220882345,0.010123117536140707,0.15000000000000002,1.0,7.619952623149688,23.0,9.638747790027777,0.2630047376850313,1.0
1771585723.4714935,6,176,2400000.0,0.01581963051500001,0.01326452034564384,0.0,1.0,7.619952623149688,23.0,11.234200541743819,0.8380047376850313,1.0
1771585723.484012,6,177,1200000.0,0.03136963051499999,0.009748846085563175,0.5,1.0,7.619952623149688,23.0,7.995247647281745,-1.661995262314969,1.0
1771585723.4959948,6,178,2760000.0,0.023552239210652172,0.011802566123845707,0.0,1.0,7.619952623149688,23.0,10.119959086474898,0.8380047376850313,1.0
1771585723.5082226,6,179,1320000.0,0.02286053960590909,0.014009441916433265,0.44999999999999996,1.0,7.619952623149688,23.0,11.234200541743819,-1.661995262314969,1.0
1771585723.5212119,6,180,3000000.0,0.016089630515000005,0.012552991675293966,0.0,1.0,7.619952623149688,23.0,11.234200541743819,0.8380047376850313,1.0
1771585723.534909,6,181,1560000.0,0.023846553591923073,0.012079617533817602,0.35,1.0,7.619952623149688,23.0,10.20212241284837,-1.661995262314969,1.0
1771585723.5490997,6,182,1560000.0,0.031231168976538458,0.010330056106894954,0.35,1.0,7.619952623149688,23.0,11.234200541743819,-1.661995262314969,1.0
1771585723.5621886,6,183,1920000.0,0.02839463051499999,0.010723076750634605,0.19999999999999996,1.0,7.619952623149688,23.0,11.234200541743819,0.23800473768503116,1.0
1771585723.5760417,6,184,1800000.0,0.031236297181666657,0.009017513823419185,0.25,1.0,7.619952623149688,23.0,10.119959086474898,0.21300473768503114,1.0
1771585723.5886168,6,185,2160000.0,0.019436297181666666,0.013063945294843624,0.09999999999999998,1.0,7.619952623149688,23.0,11.234200541743819,0.33800473768503125,1.0
1771585723.6029716,6,186,1800000.0,0.02983629718166666,0.011624495210067805,0.25,1.0,7.619952623149688,23.0,11.234200541743819,0.21300473768503114,1.0
1771585723.615881,6,187,2160000.0,0.025769630515,0.010801234497346431,0.09999999999999998,1.0,7.619952623149688,23.0,10.119959086474898,0.33800473768503125,1.0
1771585723.6293123,6,188,1680000.0,0.03305534480071428,0.0062954470104373715,0.30000000000000004,1.0,7.619952623149688,23.0,11.234200541743819,-1.661995262314969,1.0
1771585723.6433897,6,189,1800000.0,0.032636297181666656,0.007191352832086318,0.25,1.0,7.619952623149688,23.0,11.234200541743819,0.21300473768503114,1.0
1771585723.6560657,6,190,3000000.0,0.015609630515000007,0.012670217046286123,0.0,1.0,7.619952623149688,23.0,10.119959086474898,0.8380047376850313,1.0
1771585723.668994,6,191,1080000.0,0.032880741626111105,0.010587670444063647,0.55,1.0,7.619952623149688,23.0,11.234200541743819,-1.661995262314969,1.0
1771585723.680746,6,192,2760000.0,0.022247891384565215,0.012843098519598809,0.0,1.0,7.619952623149688,23.0,11.234200541743819,0.8380047376850313,1.0
1771585723.6948564,6,193,1320000.0,0.031133266878636358,0.007289752798810722,0.44999999999999996,1.0,7.619952623149688,23.0,11.234200541743819,-1.661995262314969,1.0
1771585723.7060416,6,194,2880000.0,0.015394630515000009,0.01326905076986793,0.0,1.0,7.619952623149688,23.0,11.234200541743819,0.8380047376850313,1.0
1771585723.7179506,6,195,2160000.0,0.013158519403888892,0.0111661138613858,0.09999999999999998,1.0,7.619952623149688,23.0,11.234200541743819,0.33800473768503125,1.0
1771585723.7315538,6,196,1560000.0,0.021308092053461538,0.013815350351165323,0.35,1.0,7.619952623149688,23.0,7.488309859724464,-1.661995262314969,1.0
1771585723.746255,6,197,2280000.0,0.031032788409736844,0.010371225909689072,0.050000000000000044,1.0,7.619952623149688,23.0,11.234200541743819,0.33800473768503125,1.0
1771585723.7583802,6,198,1200000.0,0.014469630514999998,0.01347627544984147,0.5,1.0,7.619952623149688,23.0,11.234200541743819,-1.661995262314969,1.0
1771585723.7704654,6,199,3120000.0,0.016000399745769237,0.011981741533579945,0.0,1.0,7.619952623149688,23.0,8.804985870897262,0.8380047376850313,1.0
1771585723.7832634,6,200,1440000.0,0.016186297181666667,0.013143175246322922,0.4,1.0,7.619952623149688,23.0,11.234200541743819,-1.661995262314969,1.0
1771585724.002449,7,0,0.0,0.0,0.0,0.0,1.0,0.0,23.0,0.0,1.75,1.0
1771585724.0196168,7,1,960000.0,0.005769630515,0.0,0.5294117647058824,1.0,7.619952623149688,23.0,8.804985870897262,-1.5119952623149688,1.0
1771585724.0339055,7,2,2160000.0,0.023880741626111115,0.012538336274929361,0.09999999999999998,1.0,7.619952623149688,23.0,11.234200541743819,0.33800473768503125,1.0
1771585724.0479393,7,3,2280000.0,0.027453841041315787,0.010448130689412685,0.050000000000000044,1.0,7.619952623149688,23.0,11.234200541743819,0.33800473768503125,1.0
1771585724.0616503,7,4,2280000.0,0.021611735778157896,0.012376816859268258,0.050000000000000044,1.0,7.619952623149688,23.0,10.119959086474898,0.33800473768503125,1.0
1771585724.0767899,7,5,1320000.0,0.017860539605909092,0.012131510776445295,0.44999999999999996,1.0,7.619952623149688,23.0,11.234200541743819,-1.661995262314969,1.0
1771585724.0932224,7,6,1440000.0,0.03843629718166666,0.005821416398857657,0.4,1.0,7.619952623149688,23.0,11.234200541743819,-1.661995262314969,1.0
1771585724.109259,7,7,1440000.0,0.03418629718166666,0.005544642058379963,0.4,1.0,7.619952623149688,23.0,11.234200541743819,-1.661995262314969,1.0
1771585724.122183,7,8,2160000.0,0.025158519403888892,0.01188901869088019,0.09999999999999998,1.0,7.619952623149688,23.0,11.234200541743819,0.33800473768503125,1.0
1771585724.137033,7,9,2280000.0,0.026085419988684206,0.01049336949335626,0.050000000000000044,1.0,7.619952623149688,23.0,11.234200541743819,0.33800473768503125,1.0
1771585724.1507764,7,10,1920000.0,0.014082130515000006,0.011514766335015227,0.19999999999999996,1.0,7.619952623149688,23.0,11.234200541743819,0.23800473768503116,1.0
1771585724.1660845,7,11,2400000.0,0.025519630514999996,0.011652789365641177,0.0,1.0,7.619952623149688,23.0,11.234200541743819,0.8380047376850313,1.0
1771585724.1797369,7,12,1800000.0,0.029302963848333325,0.009149620514292165,0.25,1.0,7.619952623149688,23.0,11.234200541743819,0.21300473768503114,1.0
1771585724.1942859,7,13,1920000.0,0.030707130514999993,0.007948810838735585,0.19999999999999996,1.0,7.619952623149688,23.0,10.119959086474898,0.23800473768503116,1.0
1771585724.2095144,7,14,1560000.0,0.024231168976538462,0.014221410644168151,0.35,1.0,7.619952623149688,23.0,11.234200541743819,-1.661995262314969,1.0
1771585724.2244964,7,15,1920000.0,0.028082130514999994,0.010657853618341744,0.19999999999999996,1.0,7.619952623149688,23.0,11.234200541743819,0.23800473768503116,1.0
1771585724.2386074,7,16,2160000.0,0.025491852737222216,0.012232949837565565,0.09999999999999998,1.0,7.619952623149688,23.0,7.488309859724464,0.33800473768503125,1.0
1771585724.2523825,7,17,2640000.0,0.011815085060454554,0.01049448891183659,0.0,1.0,7.619952623149688,23.0,11.234200541743819,0.8380047376850313,1.0
1771585724.2652626,7,18,2040000.0,0.01359315992676471,0.011340895773924446,0.15000000000000002,1.0,7.619952623149688,23.0,8.804985870897262,0.2630047376850313,1.0
1771585724.2795293,7,19,1320000.0,0.03576963051499999,0.00393122696553457,0.44999999999999996,1.0,7.619952623149688,23.0,11.234200541743819,-1.5119952623149688,1.0
1771585724.2926416,7,20,2040000.0,0.029887277573823524,0.008784226190040049,0.15000000000000002,1.0,7.619952623149688,23.0,11.234200541743819,0.2630047376850313,1.0
1771585724.3055866,7,21,2280000.0,0.012769630515000007,0.010992820623623306,0.050000000000000044,1.0,7.619952623149688,23.0,11.234200541743819,0.33800473768503125,1.0
1771585724.3197637,7,22,1800000.0,0.027569630514999995,0.012410748030101445,0.25,1.0,7.619952623149688,23.0,10.119959086474898,0.21300473768503114,1.0
1771585724.3340628,7,23,2040000.0,0.031240218750294108,0.006589810736002399,0.15000000000000002,1.0,7.619952623149688,23.0,11.234200541743819,0.2630047376850313,1.0
1771585724.34768,7,24,2640000.0,0.017315085060454552,0.013523472095606979,0.0,1.0,7.619952623149688,23.0,11.234200541743819,0.8380047376850313,1.0
1771585724.3673108,7,25,1560000.0,0.022846553591923075,0.013176094544880184,0.35,1.0,7.619952623149688,23.0,10.119959086474898,-1.661995262314969,1.0
1771585724.382854,7,26,1680000.0,0.02762677337214286,0.011115350665101078,0.30000000000000004,1.0,7.619952623149688,23.0,11.234200541743819,-1.661995262314969,1.0
1771585724.3986475,7,27,1680000.0,0.03312677337214285,0.006913828202100755,0.30000000000000004,1.0,7.619952623149688,23.0,11.234200541743819,-1.661995262314969,1.0
1771585724.4158044,7,28,2280000.0,0.028822262093947365,0.010169477988002952,0.050000000000000044,1.0,7.619952623149688,23.0,7.488309859724464,0.33800473768503125,1.0
1771585724.4303381,7,29,1080000.0,0.03154740829277777,0.00848237097066325,0.55,1.0,7.619952623149688,23.0,11.234200541743819,-1.661995262314969,1.0
1771585724.444892,7,30,1920000.0,0.026019630515,0.01203380654655874,0.19999999999999996,1.0,7.619952623149688,23.0,11.234200541743819,0.23800473768503116,1.0
1771585724.4604623,7,31,2400000.0,0.030169630515,0.01017054570807289,0.0,1.0,7.619952623149688,23.0,8.01463970507455,0.8380047376850313,1.0
1771585724.475473,7,32,1320000.0,0.0336787214240909,0.006748124930871147,0.44999999999999996,1.0,7.619952623149688,23.0,11.234200541743819,-1.661995262314969,1.0
1771585724.48922,7,33,2640000.0,0.019724175969545454,0.01279018541598231,0.0,1.0,7.619952623149688,23.0,7.995247647281745,0.8380047376850313,1.0
1771585724.5141804,7,34,1320000.0,0.03558781233318181,0.004950999565160071,0.44999999999999996,1.0,7.619952623149688,23.0,7.488309859724464,-1.5119952623149688,1.0
1771585724.525785,7,35,2160000.0,0.019436297181666673,0.013063945294843596,0.09999999999999998,1.0,7.619952623149688,23.0,8.804985870897262,0.33800473768503125,1.0
1771585724.5384526,7,36,1800000.0,0.03023629718166666,0.007898241717130626,0.25,1.0,7.619952623149688,23.0,11.234200541743819,0.21300473768503114,1.0
1771585724.5516856,7,37,1800000.0,0.02983629718166666,0.009341425063780294,0.25,1.0,7.619952623149688,23.0,7.995247647281745,0.21300473768503114,1.0
1771585724.5666716,7,38,1560000.0,0.021308092053461545,0.013781902205514538,0.35,1.0,7.619952623149688,23.0,11.234200541743819,-1.661995262314969,1.0
1771585724.5789993,7,39,3000000.0,0.016689630515000005,0.012240653577321759,0.0,1.0,7.619952623149688,23.0,11.234200541743819,0.8380047376850313,1.0
1771585724.5962431,7,40,1560000.0,0.024231168976538455,0.011862127093046921,0.35,1.0,7.619952623149688,23.0,10.119959086474898,-1.661995262314969,1.0
1771585724.6098008,7,41,1560000.0,0.025231168976538463,0.010499929557385565,0.35,1.0,7.619952623149688,23.0,8.804985870897262,-1.661995262314969,1.0
1771585724.62073,7,42,2280000.0,0.022032788409736846,0.013388298525059914,0.050000000000000044,1.0,7.619952623149688,23.0,11.234200541743819,0.33800473768503125,1.0
1771585724.6336877,7,43,2640000.0,0.025360539605909085,0.01192270214533104,0.0,1.0,7.619952623149688,23.0,10.119959086474898,0.8380047376850313,1.0
1771585724.6468754,7,44,840000.0,0.03305534480071429,0.007923099785064011,0.65,1.0,7.619952623149688,23.0,11.94933268341769,-1.661995262314969,1.0
1771585724.6606302,7,45,1800000.0,0.03216963051499999,0.009485427419643973,0.25,1.0,7.619952623149688,23.0,11.234200541743819,0.21300473768503114,1.0
1771585724.6744087,7,46,2760000.0,0.02698702181934783,0.009663722038091186,0.0,1.0,7.619952623149688,23.0,10.119959086474898,0.8380047376850313,1.0
1771585724.6866512,7,47,1200000.0,0.033169630515,0.00984073168011402,0.5,1.0,7.619952623149688,23.0,11.234200541743819,-1.661995262314969,1.0
1771585724.6999009,7,48,1680000.0,0.03041248765785714,0.009309036645394952,0.30000000000000004,1.0,7.619952623149688,23.0,11.234200541743819,-1.661995262314969,1.0
1771585724.714416,7,49,2040000.0,0.029122571691470586,0.010437157470085584,0.15000000000000002,1.0,7.619952623149688,23.0,10.119959086474898,0.2630047376850313,1.0
1771585724.7286587,7,50,1800000.0,0.027369630515,0.012186331140530623,0.25,1.0,7.619952623149688,23.0,11.234200541743819,0.21300473768503114,1.0
1771585724.7407157,7,51,2280000.0,0.016822262093947372,0.013713127341924779,0.050000000000000044,1.0,7.619952623149688,23.0,8.98872730332345,0.33800473768503125,1.0
1771585724.752937,7,52,2520000.0,0.013769630515000006,0.01216552506059644,0.0,1.0,7.619952623149688,23.0,11.234200541743819,0.8380047376850313,1.0
1771585724.7668457,7,53,1560000.0,0.005769630515,1.1641532182693481e-10,0.35,1.0,7.619952623149688,23.0,11.234200541743819,-1.5119952623149688,1.0
1771585724.77952,7,54,2280000.0,0.026769630514999997,0.012594902895511679,0.050000000000000044,1.0,7.619952623149688,23.0,11.234200541743819,0.33800473768503125,1.0
1771585724.796993,7,55,1680000.0,0.031269630514999994,0.009439657984119072,0.30000000000000004,1.0,7.619952623149688,23.0,10.119959086474898,-1.661995262314969,1.0
1771585724.8138988,7,56,1920000.0,0.014082130515000006,0.011514766335015227,0.19999999999999996,1.0,7.619952623149688,23.0,7.995247647281745,0.23800473768503116,1.0
1771585724.8282135,7,57,1680000.0,0.034983916229285705,0.006084859094842058,0.30000000000000004,1.0,7.619952623149688,23.0,11.234200541743819,-1.661995262314969,1.0
1771585724.842348,7,58,1440000.0,0.03660296384833332,0.005177408189003061,0.4,1.0,7.619952623149688,23.0,10.119959086474898,-1.661995262314969,1.0
1771585724.8552897,7,59,1920000.0,0.03301963051499999,0.007344215410784246,0.19999999999999996,1.0,7.619952623149688,23.0,8.804985870897262,0.23800473768503116,1.0
1771585724.8703678,7,60,1320000.0,0.03576963051499999,0.004861724348044028,0.44999999999999996,1.0,7.619952623149688,23.0,8.804985870897262,-1.5119952623149688,1.0
1771585724.8850825,7,61,2280000.0,0.02250647262026316,0.013575683002157531,0.050000000000000044,1.0,7.619952623149688,23.0,10.119959086474898,0.33800473768503125,1.0
1771585724.9042225,7,62,1440000.0,0.02568629718166666,0.010804770037143582,0.4,1.0,7.619952623149688,23.0,11.234200541743819,-1.661995262314969,1.0
1771585724.9155576,7,63,2280000.0,0.019874893672894738,0.012400741645232374,0.050000000000000044,1.0,7.619952623149688,23.0,11.234200541743819,0.33800473768503125,1.0
1771585724.9321873,7,64,1920000.0,0.030207130515,0.009062068955266222,0.19999999999999996,1.0,7.619952623149688,23.0,10.119959086474898,0.23800473768503116,1.0
1771585724.9538713,7,65,2160000.0,0.020825186070555557,0.012117353131504428,0.09999999999999998,1.0,7.619952623149688,23.0,11.234200541743819,0.33800473768503125,1.0
1771585724.966371,7,66,2520000.0,0.0266743924197619,0.01207872889049081,0.0,1.0,7.619952623149688,23.0,11.234200541743819,0.8380047376850313,1.0
1771585724.9777868,7,67,1320000.0,0.005769630515,8.231806349783991e-11,0.44999999999999996,1.0,7.619952623149688,23.0,10.119959086474898,-1.5119952623149688,1.0
1771585724.9900434,7,68,2040000.0,0.03241668933852941,0.009158353155778154,0.15000000000000002,1.0,7.619952623149688,23.0,11.234200541743819,0.2630047376850313,1.0
1771585725.0031996,7,69,1800000.0,0.027102963848333328,0.012391753530294078,0.25,1.0,7.619952623149688,23.0,9.209854982705023,0.21300473768503114,1.0
1771585725.015477,7,70,2160000.0,0.027214074959444445,0.009592950086288599,0.09999999999999998,1.0,7.619952623149688,23.0,7.699637833474825,0.33800473768503125,1.0
1771585725.0283296,7,71,2160000.0,0.026825186070555552,0.012803958685683558,0.09999999999999998,1.0,7.619952623149688,23.0,11.234200541743819,0.33800473768503125,1.0
1771585725.0420153,7,72,2040000.0,0.027769630514999998,0.010369638940903673,0.15000000000000002,1.0,7.619952623149688,23.0,8.804985870897262,0.2630047376850313,1.0
1771585725.0572324,7,73,1920000.0,0.020582130515000005,0.013947305967461944,0.19999999999999996,1.0,7.619952623149688,23.0,11.234200541743819,0.23800473768503116,1.0
1771585725.069856,7,74,1680000.0,0.015269630515000002,0.01184271928232701,0.30000000000000004,1.0,7.619952623149688,23.0,7.995247647281745,-1.661995262314969,1.0
1771585725.0833778,7,75,1920000.0,0.019519630515000008,0.013169567191065904,0.19999999999999996,1.0,7.619952623149688,23.0,11.234200541743819,0.23800473768503116,1.0
1771585725.0966911,7,76,2040000.0,0.017769630515000003,0.013941052369762858,0.15000000000000002,1.0,7.619952623149688,23.0,10.119959086474898,0.2630047376850313,1.0
1771585725.109073,7,77,2040000.0,0.02494610110323529,0.012372813147797534,0.15000000000000002,1.0,7.619952623149688,23.0,11.234200541743819,0.2630047376850313,1.0
1771585725.1208913,7,78,1800000.0,0.03196963051499999,0.007790592617595513,0.25,1.0,7.619952623149688,23.0,11.234200541743819,0.21300473768503114,1.0
1771585725.133107,7,79,2400000.0,0.019419630515,0.012248571345263075,0.0,1.0,7.619952623149688,23.0,10.119959086474898,0.8380047376850313,1.0
1771585725.1479044,7,80,1200000.0,0.029369630515,0.010258654882585708,0.5,1.0,7.619952623149688,23.0,8.804985870897262,-1.661995262314969,1.0
1771585725.1628137,7,81,1440000.0,0.033436297181666665,0.00848855438549789,0.4,1.0,7.619952623149688,23.0,11.234200541743819,-1.661995262314969,1.0
1771585725.17719,7,82,1320000.0,0.03186053960590909,0.008638755649603355,0.44999999999999996,1.0,7.619952623149688,23.0,9.975595763354864,-1.661995262314969,1.0
1771585725.1911244,7,83,1680000.0,0.031841059086428564,0.009482798605251282,0.30000000000000004,1.0,7.619952623149688,23.0,11.234200541743819,-1.661995262314969,1.0
1771585725.2028477,7,84,2880000.0,0.021894630515000003,0.012683034928596532,0.0,1.0,7.619952623149688,23.0,11.234200541743819,0.8380047376850313,1.0
1771585725.2151217,7,85,2160000.0,0.01504740829277778,0.012546825873748819,0.09999999999999998,1.0,7.619952623149688,23.0,10.119959086474898,0.33800473768503125,1.0
1771585725.2280495,7,86,1920000.0,0.016269630515,0.012961481396815723,0.19999999999999996,1.0,7.619952623149688,23.0,11.234200541743819,0.23800473768503116,1.0
1771585725.2411766,7,87,1320000.0,0.032769630514999995,0.006281285334590814,0.44999999999999996,1.0,7.619952623149688,23.0,11.234200541743819,-1.661995262314969,1.0
1771585725.2580504,7,88,1560000.0,0.035154245899615376,0.00535707241430162,0.35,1.0,7.619952623149688,23.0,11.234200541743819,-1.661995262314969,1.0
1771585725.2708383,7,89,1680000.0,0.02634105908642857,0.010880613728188354,0.30000000000000004,1.0,7.619952623149688,23.0,9.209854982705023,-1.661995262314969,1.0
1771585725.2825897,7,90,2160000.0,0.021214074959444443,0.013557376926817463,0.09999999999999998,1.0,7.619952623149688,23.0,11.234200541743819,0.33800473768503125,1.0
1771585725.2946522,7,91,2280000.0,0.02945384104131579,0.010959507439848727,0.050000000000000044,1.0,7.619952623149688,23.0,9.638747790027777,0.33800473768503125,1.0
1771585725.3060203,7,92,1560000.0,0.016000399745769237,0.011981741533579945,0.35,1.0,7.619952623149688,23.0,9.975595763354864,-1.661995262314969,1.0
1771585725.3189816,7,93,2280000.0,0.02466436735710526,0.011488643073382944,0.050000000000000044,1.0,7.619952623149688,23.0,11.234200541743819,0.33800473768503125,1.0
1771585725.3308003,7,94,2160000.0,0.021714074959444444,0.012773550025224532,0.09999999999999998,1.0,7.619952623149688,23.0,11.234200541743819,0.33800473768503125,1.0
1771585725.3457646,7,95,1440000.0,0.03468629718166666,0.004645039169790642,0.4,1.0,7.619952623149688,23.0,11.234200541743819,-1.5119952623149688,1.0
1771585725.3598285,7,96,1800000.0,0.03183629718166666,0.009327140802816053,0.25,1.0,7.619952623149688,23.0,11.234200541743819,0.21300473768503114,1.0
1771585725.372202,7,97,2520000.0,0.029531535276904764,0.01021625577626987,0.0,1.0,7.619952623149688,23.0,7.488309859724464,0.8380047376850313,1.0
1771585725.3839371,7,98,1560000.0,0.015538861284230768,0.01205853573298469,0.35,1.0,7.619952623149688,23.0,11.94933268341769,-1.661995262314969,1.0
1771585725.3973014,7,99,2040000.0,0.02600492463264706,0.012900202514437313,0.15000000000000002,1.0,7.619952623149688,23.0,7.995247647281745,0.2630047376850313,1.0
1771585725.4117324,7,100,1440000.0,0.03635296384833333,0.005040805711612227,0.4,1.0,7.619952623149688,23.0,10.119959086474898,-1.661995262314969,1.0
1771585725.425387,7,101,1560000.0,0.032692707438076916,0.008241186793375935,0.35,1.0,7.619952623149688,23.0,9.209854982705023,-1.661995262314969,1.0
1771585725.4389708,7,102,1920000.0,0.023269630515,0.014815532390029041,0.19999999999999996,1.0,7.619952623149688,23.0,11.234200541743819,0.23800473768503116,1.0
1771585725.454409,7,103,2040000.0,0.027240218750294115,0.01227679612860746,0.15000000000000002,1.0,7.619952623149688,23.0,10.119959086474898,0.2630047376850313,1.0
1771585725.4655368,7,104,2040000.0,0.021828454044411767,0.011739679263257237,0.15000000000000002,1.0,7.619952623149688,23.0,11.234200541743819,0.2630047376850313,1.0
1771585725.4790728,7,105,720000.0,0.039269630514999994,0.0030956959368345052,0.7,1.0,7.619952623149688,23.0,8.804985870897262,-1.5119952623149688,1.0
1771585725.4914334,7,106,2160000.0,0.027269630514999997,0.011884864324004712,0.09999999999999998,1.0,7.619952623149688,23.0,9.638747790027777,0.33800473768503125,1.0
1771585725.5061307,7,107,1200000.0,0.03746963051499999,0.004100000000000069,0.5,1.0,7.619952623149688,23.0,11.234200541743819,-1.5119952623149688,1.0
1771585725.518977,7,108,2040000.0,0.027828454044411765,0.011859325386206274,0.15000000000000002,1.0,7.619952623149688,23.0,11.234200541743819,0.2630047376850313,1.0
1771585725.5332181,7,109,2280000.0,0.021401209462368426,0.014499402987040845,0.050000000000000044,1.0,7.619952623149688,23.0,10.119959086474898,0.33800473768503125,1.0
1771585725.544012,7,110,2160000.0,0.01315851940388889,0.011166113861385801,0.09999999999999998,1.0,7.619952623149688,23.0,11.234200541743819,0.33800473768503125,1.0
1771585725.5559084,7,111,1920000.0,0.022832130515,0.01137139365909034,0.19999999999999996,1.0,7.619952623149688,23.0,11.234200541743819,0.23800473768503116,1.0
1771585725.571744,7,112,1560000.0,0.033846553591923074,0.0063423065260996446,0.35,1.0,7.619952623149688,23.0,11.234200541743819,-1.661995262314969,1.0
1771585725.5854564,7,113,1560000.0,0.03169270743807692,0.008334003917792153,0.35,1.0,7.619952623149688,23.0,11.234200541743819,-1.661995262314969,1.0
1771585725.5976522,7,114,2280000.0,0.018559104199210537,0.01311720022825962,0.050000000000000044,1.0,7.619952623149688,23.0,11.234200541743819,0.33800473768503125,1.0
1771585725.6133227,7,115,1680000.0,0.02869820194357143,0.011725821845789046,0.30000000000000004,1.0,7.619952623149688,23.0,11.234200541743819,-1.661995262314969,1.0
1771585725.6252668,7,116,2280000.0,0.019769630515,0.011986834883584393,0.050000000000000044,1.0,7.619952623149688,23.0,11.234200541743819,0.33800473768503125,1.0
1771585725.637769,7,117,2040000.0,0.026887277573823525,0.010028678600078271,0.15000000000000002,1.0,7.619952623149688,23.0,11.234200541743819,0.2630047376850313,1.0
1771585725.6490493,7,118,2400000.0,0.018769630515000003,0.01274754878398196,0.0,1.0,7.619952623149688,23.0,10.119959086474898,0.8380047376850313,1.0
1771585725.6619341,7,119,1320000.0,0.03486053960590909,0.006331085580538243,0.44999999999999996,1.0,7.619952623149688,23.0,8.804985870897262,-1.661995262314969,1.0
1771585725.6748013,7,120,2280000.0,0.030032788409736836,0.008502891800738696,0.050000000000000044,1.0,7.619952623149688,23.0,11.234200541743819,0.33800473768503125,1.0
1771585725.6891234,7,121,1680000.0,0.030841059086428566,0.00818940330736083,0.30000000000000004,1.0,7.619952623149688,23.0,7.976653541553818,-1.661995262314969,1.0
1771585725.703749,7,122,1320000.0,0.035405994151363626,0.006314092856067438,0.44999999999999996,1.0,7.619952623149688,23.0,7.995247647281745,-1.661995262314969,1.0
1771585725.7183526,7,123,1920000.0,0.030144630515,0.00788095013307405,0.19999999999999996,1.0,7.619952623149688,23.0,11.234200541743819,0.23800473768503116,1.0
1771585725.7305512,7,124,2760000.0,0.022639195732391305,0.012694758753555102,0.0,1.0,7.619952623149688,23.0,7.488309859724464,0.8380047376850313,1.0
1771585725.7436955,7,125,1320000.0,0.01695144869681818,0.015056367917795882,0.44999999999999996,1.0,7.619952623149688,23.0,11.234200541743819,-1.661995262314969,1.0
1771585725.757238,7,126,1800000.0,0.03190296384833333,0.00705092586512976,0.25,1.0,7.619952623149688,23.0,11.234200541743819,0.21300473768503114,1.0
1771585725.7710564,7,127,1920000.0,0.030019630514999996,0.0087927526975345,0.19999999999999996,1.0,7.619952623149688,23.0,10.119959086474898,0.23800473768503116,1.0
1771585725.7839613,7,128,2640000.0,0.01817872142409091,0.01187686479485945,0.0,1.0,7.619952623149688,23.0,11.234200541743819,0.8380047376850313,1.0
1771585725.796854,7,129,1680000.0,0.022626773372142854,0.013590212564600326,0.30000000000000004,1.0,7.619952623149688,23.0,11.234200541743819,-1.661995262314969,1.0
1771585725.8124168,7,130,1920000.0,0.026769630514999997,0.010210288928331077,0.19999999999999996,1.0,7.619952623149688,23.0,11.234200541743819,0.23800473768503116,1.0
1771585725.8247669,7,131,2160000.0,0.03165851940388889,0.007309726312621545,0.09999999999999998,1.0,7.619952623149688,23.0,11.234200541743819,0.33800473768503125,1.0
1771585725.8368652,7,132,2040000.0,0.021181395220882356,0.011882061732016879,0.15000000000000002,1.0,7.619952623149688,23.0,11.234200541743819,0.2630047376850313,1.0
1771585725.85033,7,133,1680000.0,0.029555344800714284,0.00861210586017954,0.30000000000000004,1.0,7.619952623149688,23.0,9.638747790027777,-1.661995262314969,1.0
1771585725.865552,7,134,2520000.0,0.024579154324523813,0.012140522651411379,0.0,1.0,7.619952623149688,23.0,11.234200541743819,0.8380047376850313,1.0
1771585725.8777444,7,135,2280000.0,0.012769630515000005,0.010992820623623308,0.050000000000000044,1.0,7.619952623149688,23.0,11.234200541743819,0.33800473768503125,1.0
1771585725.8908787,7,136,1320000.0,0.025951448696818178,0.011937855615403246,0.44999999999999996,1.0,7.619952623149688,23.0,7.488309859724464,-1.661995262314969,1.0
1771585725.90432,7,137,2760000.0,0.022769630515,0.01176213526902987,0.0,1.0,7.619952623149688,23.0,11.234200541743819,0.8380047376850313,1.0
1771585725.9182975,7,138,1680000.0,0.021269630515000002,0.011733651240281997,0.30000000000000004,1.0,7.619952623149688,23.0,11.234200541743819,-1.661995262314969,1.0
1771585725.9306457,7,139,2040000.0,0.013593159926764712,0.011340895773924442,0.15000000000000002,1.0,7.619952623149688,23.0,10.119959086474898,0.2630047376850313,1.0
1771585725.9447935,7,140,1680000.0,0.030841059086428563,0.009176556199003524,0.30000000000000004,1.0,7.619952623149688,23.0,8.804985870897262,-1.661995262314969,1.0
1771585725.9575274,7,141,2160000.0,0.018158519403888893,0.013363045598003508,0.09999999999999998,1.0,7.619952623149688,23.0,11.234200541743819,0.33800473768503125,1.0
1771585725.974327,7,142,1680000.0,0.027198201943571424,0.013205595598156143,0.30000000000000004,1.0,7.619952623149688,23.0,8.804985870897262,-1.661995262314969,1.0
1771585725.9878116,7,143,2520000.0,0.019293440038809527,0.01374121034254276,0.0,1.0,7.619952623149688,23.0,11.234200541743819,0.8380047376850313,1.0
1771585726.000422,7,144,2040000.0,0.029181395220882346,0.010666378312134727,0.15000000000000002,1.0,7.619952623149688,23.0,8.804985870897262,0.2630047376850313,1.0
1771585726.0121877,7,145,2040000.0,0.005769630515,1.1641532182693481e-10,0.15000000000000002,1.0,7.619952623149688,23.0,10.119959086474898,0.4130047376850312,1.0
1771585726.0256026,7,146,2040000.0,0.02665198345617647,0.010464968749798352,0.15000000000000002,1.0,7.619952623149688,23.0,11.234200541743819,0.2630047376850313,1.0
1771585726.0372202,7,147,2400000.0,0.018069630515000008,0.013054118124178263,0.0,1.0,7.619952623149688,23.0,11.234200541743819,0.8380047376850313,1.0
1771585726.0491114,7,148,1920000.0,0.014207130515,0.012082884330738253,0.19999999999999996,1.0,7.619952623149688,23.0,10.119959086474898,0.23800473768503116,1.0
1771585726.0615103,7,149,1800000.0,0.023236297181666664,0.011140716115024003,0.25,1.0,7.619952623149688,23.0,11.234200541743819,0.21300473768503114,1.0
1771585726.0736291,7,150,2520000.0,0.02238867813404762,0.012365374815631986,0.0,1.0,7.619952623149688,23.0,11.234200541743819,0.8380047376850313,1.0
1771585726.0871267,7,151,1080000.0,0.031769630515,0.009475113602367921,0.55,1.0,7.619952623149688,23.0,9.638747790027777,-1.661995262314969,1.0
1771585726.0993764,7,152,2160000.0,0.022325186070555558,0.014735528577867012,0.09999999999999998,1.0,7.619952623149688,23.0,11.234200541743819,0.33800473768503125,1.0
1771585726.114042,7,153,2400000.0,0.026419630514999997,0.011934299309134158,0.0,1.0,7.619952623149688,23.0,11.234200541743819,0.8380047376850313,1.0
1771585726.127761,7,154,1440000.0,0.022852963848333335,0.013300741416260305,0.4,1.0,7.619952623149688,23.0,11.234200541743819,-1.661995262314969,1.0
1771585726.1416025,7,155,1560000.0,0.03338501513038462,0.007426961916800807,0.35,1.0,7.619952623149688,23.0,11.234200541743819,-1.661995262314969,1.0
1771585726.153784,7,156,2040000.0,0.025416689338529412,0.011565370096418356,0.15000000000000002,1.0,7.619952623149688,23.0,11.234200541743819,0.2630047376850313,1.0
1771585726.167445,7,157,1920000.0,0.030644630514999993,0.008774074025217704,0.19999999999999996,1.0,7.619952623149688,23.0,11.234200541743819,0.23800473768503116,1.0
1771585726.1791413,7,158,1920000.0,0.014082130515000006,0.011514766335015227,0.19999999999999996,1.0,7.619952623149688,23.0,11.234200541743819,0.23800473768503116,1.0
1771585726.1914964,7,159,1920000.0,0.026082130515,0.010704664579051507,0.19999999999999996,1.0,7.619952623149688,23.0,11.234200541743819,0.23800473768503116,1.0
1771585726.2050333,7,160,1920000.0,0.025144630515,0.01085630577130177,0.19999999999999996,1.0,7.619952623149688,23.0,10.119959086474898,0.23800473768503116,1.0
1771585726.218997,7,161,2520000.0,0.02391248765785714,0.011646727373103622,0.0,1.0,7.619952623149688,23.0,9.209854982705023,0.8380047376850313,1.0
1771585726.2329204,7,162,2160000.0,0.022880741626111107,0.012050306076743863,0.09999999999999998,1.0,7.619952623149688,23.0,8.804985870897262,0.33800473768503125,1.0
1771585726.2448804,7,163,2280000.0,0.012769630515,0.010992820623623306,0.050000000000000044,1.0,7.619952623149688,23.0,11.234200541743819,0.33800473768503125,1.0
1771585726.2570398,7,164,1440000.0,0.016186297181666667,0.013143175246322922,0.4,1.0,7.619952623149688,23.0,11.234200541743819,-1.661995262314969,1.0
1771585726.2703075,7,165,1800000.0,0.034302963848333326,0.00559603033904887,0.25,1.0,7.619952623149688,23.0,11.234200541743819,0.21300473768503114,1.0
1771585726.2830758,7,166,2160000.0,0.02782518607055555,0.011582900338296698,0.09999999999999998,1.0,7.619952623149688,23.0,10.119959086474898,0.33800473768503125,1.0
1771585726.295539,7,167,1680000.0,0.02148391622928572,0.012936264483053433,0.30000000000000004,1.0,7.619952623149688,23.0,11.234200541743819,-1.661995262314969,1.0
1771585726.3092937,7,168,2520000.0,0.022912487657857143,0.01219010416098985,0.0,1.0,7.619952623149688,23.0,8.804985870897262,0.8380047376850313,1.0
1771585726.3209755,7,169,2280000.0,0.012769630515000005,0.010992820623623306,0.050000000000000044,1.0,7.619952623149688,23.0,10.119959086474898,0.33800473768503125,1.0
1771585726.3322644,7,170,1680000.0,0.021769630514999996,0.014530755559944479,0.30000000000000004,1.0,7.619952623149688,23.0,11.234200541743819,-1.661995262314969,1.0
1771585726.3444943,7,171,2280000.0,0.027138051567631577,0.010936229150545493,0.050000000000000044,1.0,7.619952623149688,23.0,11.234200541743819,0.33800473768503125,1.0
1771585726.3574781,7,172,1560000.0,0.025231168976538456,0.01255520354652504,0.35,1.0,7.619952623149688,23.0,10.119959086474898,-1.661995262314969,1.0
1771585726.3709133,7,173,1560000.0,0.031769630515,0.008814324006542276,0.35,1.0,7.619952623149688,23.0,9.209854982705023,-1.661995262314969,1.0
1771585726.385495,7,174,2040000.0,0.03229904227970588,0.006903687395441604,0.15000000000000002,1.0,7.619952623149688,23.0,11.234200541743819,0.2630047376850313,1.0
1771585726.3982775,7,175,2040000.0,0.028181395220882345,0.010123117536140707,0.15000000000000002,1.0,7.619952623149688,23.0,9.638747790027777,0.2630047376850313,1.0
1771585726.4101386,7,176,2400000.0,0.01581963051500001,0.01326452034564384,0.0,1.0,7.619952623149688,23.0,11.234200541743819,0.8380047376850313,1.0
1771585726.4219487,7,177,1200000.0,0.03136963051499999,0.009748846085563175,0.5,1.0,7.619952623149688,23.0,7.995247647281745,-1.661995262314969,1.0
1771585726.4332492,7,178,2760000.0,0.023552239210652172,0.011802566123845707,0.0,1.0,7.619952623149688,23.0,10.119959086474898,0.8380047376850313,1.0
1771585726.4449205,7,179,1320000.0,0.02286053960590909,0.014009441916433265,0.44999999999999996,1.0,7.619952623149688,23.0,11.234200541743819,-1.661995262314969,1.0
1771585726.4557018,7,180,3000000.0,0.016089630515000005,0.012552991675293966,0.0,1.0,7.619952623149688,23.0,11.234200541743819,0.8380047376850313,1.0
1771585726.467267,7,181,1560000.0,0.023846553591923073,0.012079617533817602,0.35,1.0,7.619952623149688,23.0,10.20212241284837,-1.661995262314969,1.0
1771585726.480863,7,182,1560000.0,0.031231168976538458,0.010330056106894954,0.35,1.0,7.619952623149688,23.0,11.234200541743819,-1.661995262314969,1.0
1771585726.4935856,7,183,1920000.0,0.02839463051499999,0.010723076750634605,0.19999999999999996,1.0,7.619952623149688,23.0,11.234200541743819,0.23800473768503116,1.0
1771585726.5060096,7,184,1800000.0,0.031236297181666657,0.009017513823419185,0.25,1.0,7.619952623149688,23.0,10.119959086474898,0.21300473768503114,1.0
1771585726.518216,7,185,2160000.0,0.019436297181666666,0.013063945294843624,0.09999999999999998,1.0,7.619952623149688,23.0,11.234200541743819,0.33800473768503125,1.0
1771585726.5324845,7,186,1800000.0,0.02983629718166666,0.011624495210067805,0.25,1.0,7.619952623149688,23.0,11.234200541743819,0.21300473768503114,1.0
1771585726.5462058,7,187,2160000.0,0.025769630515,0.010801234497346431,0.09999999999999998,1.0,7.619952623149688,23.0,10.119959086474898,0.33800473768503125,1.0
1771585726.55934,7,188,1680000.0,0.03305534480071428,0.0062954470104373715,0.30000000000000004,1.0,7.619952623149688,23.0,11.234200541743819,-1.661995262314969,1.0
1771585726.573101,7,189,1800000.0,0.032636297181666656,0.007191352832086318,0.25,1.0,7.619952623149688,23.0,11.234200541743819,0.21300473768503114,1.0
1771585726.5852203,7,190,3000000.0,0.015609630515000007,0.012670217046286123,0.0,1.0,7.619952623149688,23.0,10.119959086474898,0.8380047376850313,1.0
1771585726.5980475,7,191,1080000.0,0.032880741626111105,0.010587670444063647,0.55,1.0,7.619952623149688,23.0,11.234200541743819,-1.661995262314969,1.0
1771585726.6095173,7,192,2760000.0,0.022247891384565215,0.012843098519598809,0.0,1.0,7.619952623149688,23.0,11.234200541743819,0.8380047376850313,1.0
1771585726.6226902,7,193,1320000.0,0.031133266878636358,0.007289752798810722,0.44999999999999996,1.0,7.619952623149688,23.0,11.234200541743819,-1.661995262314969,1.0
1771585726.6332986,7,194,2880000.0,0.015394630515000009,0.01326905076986793,0.0,1.0,7.619952623149688,23.0,11.234200541743819,0.8380047376850313,1.0
1771585726.6447418,7,195,2160000.0,0.013158519403888892,0.0111661138613858,0.09999999999999998,1.0,7.619952623149688,23.0,11.234200541743819,0.33800473768503125,1.0
1771585726.6576073,7,196,1560000.0,0.021308092053461538,0.013815350351165323,0.35,1.0,7.619952623149688,23.0,7.488309859724464,-1.661995262314969,1.0
1771585726.6710205,7,197,2280000.0,0.031032788409736844,0.010371225909689072,0.050000000000000044,1.0,7.619952623149688,23.0,11.234200541743819,0.33800473768503125,1.0
1771585726.6826441,7,198,1200000.0,0.014469630514999998,0.01347627544984147,0.5,1.0,7.619952623149688,23.0,11.234200541743819,-1.661995262314969,1.0
1771585726.695185,7,199,3120000.0,0.016000399745769237,0.011981741533579945,0.0,1.0,7.619952623149688,23.0,8.804985870897262,0.8380047376850313,1.0
1771585726.7071974,7,200,1440000.0,0.016186297181666667,0.013143175246322922,0.4,1.0,7.619952623149688,23.0,11.234200541743819,-1.661995262314969,1.0
1771585726.9410365,8,0,0.0,0.0,0.0,0.0,1.0,0.0,23.0,0.0,1.75,1.0
1771585726.9548848,8,1,960000.0,0.005769630515,0.0,0.5294117647058824,1.0,7.619952623149688,23.0,8.804985870897262,-1.5119952623149688,1.0
1771585726.9689925,8,2,2160000.0,0.023880741626111115,0.012538336274929361,0.09999999999999998,1.0,7.619952623149688,23.0,11.234200541743819,0.33800473768503125,1.0
1771585726.9826298,8,3,2280000.0,0.027453841041315787,0.010448130689412685,0.050000000000000044,1.0,7.619952623149688,23.0,11.234200541743819,0.33800473768503125,1.0
1771585726.996133,8,4,2280000.0,0.021611735778157896,0.012376816859268258,0.050000000000000044,1.0,7.619952623149688,23.0,10.119959086474898,0.33800473768503125,1.0
1771585727.0098326,8,5,1320000.0,0.017860539605909092,0.012131510776445295,0.44999999999999996,1.0,7.619952623149688,23.0,11.234200541743819,-1.661995262314969,1.0
1771585727.0250053,8,6,1440000.0,0.03843629718166666,0.005821416398857657,0.4,1.0,7.619952623149688,23.0,11.234200541743819,-1.661995262314969,1.0
1771585727.039881,8,7,1440000.0,0.03418629718166666,0.005544642058379963,0.4,1.0,7.619952623149688,23.0,11.234200541743819,-1.661995262314969,1.0
1771585727.0528948,8,8,2160000.0,0.025158519403888892,0.01188901869088019,0.09999999999999998,1.0,7.619952623149688,23.0,11.234200541743819,0.33800473768503125,1.0
1771585727.0670295,8,9,2280000.0,0.026085419988684206,0.01049336949335626,0.050000000000000044,1.0,7.619952623149688,23.0,11.234200541743819,0.33800473768503125,1.0
1771585727.079333,8,10,1920000.0,0.014082130515000006,0.011514766335015227,0.19999999999999996,1.0,7.619952623149688,23.0,11.234200541743819,0.23800473768503116,1.0
1771585727.0941525,8,11,2400000.0,0.025519630514999996,0.011652789365641177,0.0,1.0,7.619952623149688,23.0,11.234200541743819,0.8380047376850313,1.0
1771585727.114798,8,12,1800000.0,0.029302963848333325,0.009149620514292165,0.25,1.0,7.619952623149688,23.0,11.234200541743819,0.21300473768503114,1.0
1771585727.130608,8,13,1920000.0,0.030707130514999993,0.007948810838735585,0.19999999999999996,1.0,7.619952623149688,23.0,10.119959086474898,0.23800473768503116,1.0
1771585727.1683235,8,14,1560000.0,0.024231168976538462,0.014221410644168151,0.35,1.0,7.619952623149688,23.0,11.234200541743819,-1.661995262314969,1.0
1771585727.193658,8,15,1920000.0,0.028082130514999994,0.010657853618341744,0.19999999999999996,1.0,7.619952623149688,23.0,11.234200541743819,0.23800473768503116,1.0
1771585727.2097874,8,16,2160000.0,0.025491852737222216,0.012232949837565565,0.09999999999999998,1.0,7.619952623149688,23.0,7.488309859724464,0.33800473768503125,1.0
1771585727.2448332,8,17,2640000.0,0.011815085060454554,0.01049448891183659,0.0,1.0,7.619952623149688,23.0,11.234200541743819,0.8380047376850313,1.0
1771585727.2655807,8,18,2040000.0,0.01359315992676471,0.011340895773924446,0.15000000000000002,1.0,7.619952623149688,23.0,8.804985870897262,0.2630047376850313,1.0
1771585727.2895977,8,19,1320000.0,0.03576963051499999,0.00393122696553457,0.44999999999999996,1.0,7.619952623149688,23.0,11.234200541743819,-1.5119952623149688,1.0
1771585727.304997,8,20,2040000.0,0.029887277573823524,0.008784226190040049,0.15000000000000002,1.0,7.619952623149688,23.0,11.234200541743819,0.2630047376850313,1.0
1771585727.3196995,8,21,2280000.0,0.012769630515000007,0.010992820623623306,0.050000000000000044,1.0,7.619952623149688,23.0,11.234200541743819,0.33800473768503125,1.0
1771585727.335704,8,22,1800000.0,0.027569630514999995,0.012410748030101445,0.25,1.0,7.619952623149688,23.0,10.119959086474898,0.21300473768503114,1.0
1771585727.3523855,8,23,2040000.0,0.031240218750294108,0.006589810736002399,0.15000000000000002,1.0,7.619952623149688,23.0,11.234200541743819,0.2630047376850313,1.0
1771585727.3678396,8,24,2640000.0,0.017315085060454552,0.013523472095606979,0.0,1.0,7.619952623149688,23.0,11.234200541743819,0.8380047376850313,1.0
1771585727.3816438,8,25,1560000.0,0.022846553591923075,0.013176094544880184,0.35,1.0,7.619952623149688,23.0,10.119959086474898,-1.661995262314969,1.0
1771585727.397867,8,26,1680000.0,0.02762677337214286,0.011115350665101078,0.30000000000000004,1.0,7.619952623149688,23.0,11.234200541743819,-1.661995262314969,1.0
1771585727.416892,8,27,1680000.0,0.03312677337214285,0.006913828202100755,0.30000000000000004,1.0,7.619952623149688,23.0,11.234200541743819,-1.661995262314969,1.0
1771585727.4397967,8,28,2280000.0,0.028822262093947365,0.010169477988002952,0.050000000000000044,1.0,7.619952623149688,23.0,7.488309859724464,0.33800473768503125,1.0
1771585727.4570615,8,29,1080000.0,0.03154740829277777,0.00848237097066325,0.55,1.0,7.619952623149688,23.0,11.234200541743819,-1.661995262314969,1.0
1771585727.4722834,8,30,1920000.0,0.026019630515,0.01203380654655874,0.19999999999999996,1.0,7.619952623149688,23.0,11.234200541743819,0.23800473768503116,1.0
1771585727.4896379,8,31,2400000.0,0.030169630515,0.01017054570807289,0.0,1.0,7.619952623149688,23.0,8.01463970507455,0.8380047376850313,1.0
1771585727.505873,8,32,1320000.0,0.0336787214240909,0.006748124930871147,0.44999999999999996,1.0,7.619952623149688,23.0,11.234200541743819,-1.661995262314969,1.0
1771585727.5207684,8,33,2640000.0,0.019724175969545454,0.01279018541598231,0.0,1.0,7.619952623149688,23.0,7.995247647281745,0.8380047376850313,1.0
1771585727.5349405,8,34,1320000.0,0.03558781233318181,0.004950999565160071,0.44999999999999996,1.0,7.619952623149688,23.0,7.488309859724464,-1.5119952623149688,1.0
1771585727.55897,8,35,2160000.0,0.019436297181666673,0.013063945294843596,0.09999999999999998,1.0,7.619952623149688,23.0,8.804985870897262,0.33800473768503125,1.0
1771585727.5720675,8,36,1800000.0,0.03023629718166666,0.007898241717130626,0.25,1.0,7.619952623149688,23.0,11.234200541743819,0.21300473768503114,1.0
1771585727.5857058,8,37,1800000.0,0.02983629718166666,0.009341425063780294,0.25,1.0,7.619952623149688,23.0,7.995247647281745,0.21300473768503114,1.0
1771585727.6012735,8,38,1560000.0,0.021308092053461545,0.013781902205514538,0.35,1.0,7.619952623149688,23.0,11.234200541743819,-1.661995262314969,1.0
1771585727.614981,8,39,3000000.0,0.016689630515000005,0.012240653577321759,0.0,1.0,7.619952623149688,23.0,11.234200541743819,0.8380047376850313,1.0
1771585727.6294987,8,40,1560000.0,0.024231168976538455,0.011862127093046921,0.35,1.0,7.619952623149688,23.0,10.119959086474898,-1.661995262314969,1.0
1771585727.6478236,8,41,1560000.0,0.025231168976538463,0.010499929557385565,0.35,1.0,7.619952623149688,23.0,8.804985870897262,-1.661995262314969,1.0
1771585727.6636055,8,42,2280000.0,0.022032788409736846,0.013388298525059914,0.050000000000000044,1.0,7.619952623149688,23.0,11.234200541743819,0.33800473768503125,1.0
1771585727.679786,8,43,2640000.0,0.025360539605909085,0.01192270214533104,0.0,1.0,7.619952623149688,23.0,10.119959086474898,0.8380047376850313,1.0
1771585727.6944604,8,44,840000.0,0.03305534480071429,0.007923099785064011,0.65,1.0,7.619952623149688,23.0,11.94933268341769,-1.661995262314969,1.0
1771585727.709784,8,45,1800000.0,0.03216963051499999,0.009485427419643973,0.25,1.0,7.619952623149688,23.0,11.234200541743819,0.21300473768503114,1.0
1771585727.7238436,8,46,2760000.0,0.02698702181934783,0.009663722038091186,0.0,1.0,7.619952623149688,23.0,10.119959086474898,0.8380047376850313,1.0
1771585727.7369988,8,47,1200000.0,0.033169630515,0.00984073168011402,0.5,1.0,7.619952623149688,23.0,11.234200541743819,-1.661995262314969,1.0
1771585727.7503364,8,48,1680000.0,0.03041248765785714,0.009309036645394952,0.30000000000000004,1.0,7.619952623149688,23.0,11.234200541743819,-1.661995262314969,1.0
1771585727.7651982,8,49,2040000.0,0.029122571691470586,0.010437157470085584,0.15000000000000002,1.0,7.619952623149688,23.0,10.119959086474898,0.2630047376850313,1.0
1771585727.7785723,8,50,1800000.0,0.027369630515,0.012186331140530623,0.25,1.0,7.619952623149688,23.0,11.234200541743819,0.21300473768503114,1.0
1771585727.791209,8,51,2280000.0,0.016822262093947372,0.013713127341924779,0.050000000000000044,1.0,7.619952623149688,23.0,8.98872730332345,0.33800473768503125,1.0
1771585727.8032124,8,52,2520000.0,0.013769630515000006,0.01216552506059644,0.0,1.0,7.619952623149688,23.0,11.234200541743819,0.8380047376850313,1.0
1771585727.8154087,8,53,1560000.0,0.005769630515,1.1641532182693481e-10,0.35,1.0,7.619952623149688,23.0,11.234200541743819,-1.5119952623149688,1.0
1771585727.82824,8,54,2280000.0,0.026769630514999997,0.012594902895511679,0.050000000000000044,1.0,7.619952623149688,23.0,11.234200541743819,0.33800473768503125,1.0
1771585727.8425045,8,55,1680000.0,0.031269630514999994,0.009439657984119072,0.30000000000000004,1.0,7.619952623149688,23.0,10.119959086474898,-1.661995262314969,1.0
1771585727.8532424,8,56,1920000.0,0.014082130515000006,0.011514766335015227,0.19999999999999996,1.0,7.619952623149688,23.0,7.995247647281745,0.23800473768503116,1.0
1771585727.8668153,8,57,1680000.0,0.034983916229285705,0.006084859094842058,0.30000000000000004,1.0,7.619952623149688,23.0,11.234200541743819,-1.661995262314969,1.0
1771585727.8811786,8,58,1440000.0,0.03660296384833332,0.005177408189003061,0.4,1.0,7.619952623149688,23.0,10.119959086474898,-1.661995262314969,1.0
1771585727.8942008,8,59,1920000.0,0.03301963051499999,0.007344215410784246,0.19999999999999996,1.0,7.619952623149688,23.0,8.804985870897262,0.23800473768503116,1.0
1771585727.9112914,8,60,1320000.0,0.03576963051499999,0.004861724348044028,0.44999999999999996,1.0,7.619952623149688,23.0,8.804985870897262,-1.5119952623149688,1.0
1771585727.9246256,8,61,2280000.0,0.02250647262026316,0.013575683002157531,0.050000000000000044,1.0,7.619952623149688,23.0,10.119959086474898,0.33800473768503125,1.0
1771585727.937841,8,62,1440000.0,0.02568629718166666,0.010804770037143582,0.4,1.0,7.619952623149688,23.0,11.234200541743819,-1.661995262314969,1.0
1771585727.9489942,8,63,2280000.0,0.019874893672894738,0.012400741645232374,0.050000000000000044,1.0,7.619952623149688,23.0,11.234200541743819,0.33800473768503125,1.0
1771585727.9622514,8,64,1920000.0,0.030207130515,0.009062068955266222,0.19999999999999996,1.0,7.619952623149688,23.0,10.119959086474898,0.23800473768503116,1.0
1771585727.97419,8,65,2160000.0,0.020825186070555557,0.012117353131504428,0.09999999999999998,1.0,7.619952623149688,23.0,11.234200541743819,0.33800473768503125,1.0
1771585727.98609,8,66,2520000.0,0.0266743924197619,0.01207872889049081,0.0,1.0,7.619952623149688,23.0,11.234200541743819,0.8380047376850313,1.0
1771585727.9978988,8,67,1320000.0,0.005769630515,8.231806349783991e-11,0.44999999999999996,1.0,7.619952623149688,23.0,10.119959086474898,-1.5119952623149688,1.0
1771585728.01135,8,68,2040000.0,0.03241668933852941,0.009158353155778154,0.15000000000000002,1.0,7.619952623149688,23.0,11.234200541743819,0.2630047376850313,1.0
1771585728.025053,8,69,1800000.0,0.027102963848333328,0.012391753530294078,0.25,1.0,7.619952623149688,23.0,9.209854982705023,0.21300473768503114,1.0
1771585728.0366533,8,70,2160000.0,0.027214074959444445,0.009592950086288599,0.09999999999999998,1.0,7.619952623149688,23.0,7.699637833474825,0.33800473768503125,1.0
1771585728.0499,8,71,2160000.0,0.026825186070555552,0.012803958685683558,0.09999999999999998,1.0,7.619952623149688,23.0,11.234200541743819,0.33800473768503125,1.0
1771585728.0632777,8,72,2040000.0,0.027769630514999998,0.010369638940903673,0.15000000000000002,1.0,7.619952623149688,23.0,8.804985870897262,0.2630047376850313,1.0
1771585728.077786,8,73,1920000.0,0.020582130515000005,0.013947305967461944,0.19999999999999996,1.0,7.619952623149688,23.0,11.234200541743819,0.23800473768503116,1.0
1771585728.0891323,8,74,1680000.0,0.015269630515000002,0.01184271928232701,0.30000000000000004,1.0,7.619952623149688,23.0,7.995247647281745,-1.661995262314969,1.0
1771585728.1054597,8,75,1920000.0,0.019519630515000008,0.013169567191065904,0.19999999999999996,1.0,7.619952623149688,23.0,11.234200541743819,0.23800473768503116,1.0
1771585728.117801,8,76,2040000.0,0.017769630515000003,0.013941052369762858,0.15000000000000002,1.0,7.619952623149688,23.0,10.119959086474898,0.2630047376850313,1.0
1771585728.1333728,8,77,2040000.0,0.02494610110323529,0.012372813147797534,0.15000000000000002,1.0,7.619952623149688,23.0,11.234200541743819,0.2630047376850313,1.0
1771585728.1494846,8,78,1800000.0,0.03196963051499999,0.007790592617595513,0.25,1.0,7.619952623149688,23.0,11.234200541743819,0.21300473768503114,1.0
1771585728.1604276,8,79,2400000.0,0.019419630515,0.012248571345263075,0.0,1.0,7.619952623149688,23.0,10.119959086474898,0.8380047376850313,1.0
1771585728.1728098,8,80,1200000.0,0.029369630515,0.010258654882585708,0.5,1.0,7.619952623149688,23.0,8.804985870897262,-1.661995262314969,1.0
1771585728.1859744,8,81,1440000.0,0.033436297181666665,0.00848855438549789,0.4,1.0,7.619952623149688,23.0,11.234200541743819,-1.661995262314969,1.0
1771585728.1986403,8,82,1320000.0,0.03186053960590909,0.008638755649603355,0.44999999999999996,1.0,7.619952623149688,23.0,9.975595763354864,-1.661995262314969,1.0
1771585728.2118094,8,83,1680000.0,0.031841059086428564,0.009482798605251282,0.30000000000000004,1.0,7.619952623149688,23.0,11.234200541743819,-1.661995262314969,1.0
1771585728.2224112,8,84,2880000.0,0.021894630515000003,0.012683034928596532,0.0,1.0,7.619952623149688,23.0,11.234200541743819,0.8380047376850313,1.0
1771585728.2340639,8,85,2160000.0,0.01504740829277778,0.012546825873748819,0.09999999999999998,1.0,7.619952623149688,23.0,10.119959086474898,0.33800473768503125,1.0
1771585728.246207,8,86,1920000.0,0.016269630515,0.012961481396815723,0.19999999999999996,1.0,7.619952623149688,23.0,11.234200541743819,0.23800473768503116,1.0
1771585728.2629068,8,87,1320000.0,0.032769630514999995,0.006281285334590814,0.44999999999999996,1.0,7.619952623149688,23.0,11.234200541743819,-1.661995262314969,1.0
1771585728.277773,8,88,1560000.0,0.035154245899615376,0.00535707241430162,0.35,1.0,7.619952623149688,23.0,11.234200541743819,-1.661995262314969,1.0
1771585728.2900069,8,89,1680000.0,0.02634105908642857,0.010880613728188354,0.30000000000000004,1.0,7.619952623149688,23.0,9.209854982705023,-1.661995262314969,1.0
1771585728.3018851,8,90,2160000.0,0.021214074959444443,0.013557376926817463,0.09999999999999998,1.0,7.619952623149688,23.0,11.234200541743819,0.33800473768503125,1.0
1771585728.3143058,8,91,2280000.0,0.02945384104131579,0.010959507439848727,0.050000000000000044,1.0,7.619952623149688,23.0,9.638747790027777,0.33800473768503125,1.0
1771585728.3253987,8,92,1560000.0,0.016000399745769237,0.011981741533579945,0.35,1.0,7.619952623149688,23.0,9.975595763354864,-1.661995262314969,1.0
1771585728.337309,8,93,2280000.0,0.02466436735710526,0.011488643073382944,0.050000000000000044,1.0,7.619952623149688,23.0,11.234200541743819,0.33800473768503125,1.0
1771585728.348617,8,94,2160000.0,0.021714074959444444,0.012773550025224532,0.09999999999999998,1.0,7.619952623149688,23.0,11.234200541743819,0.33800473768503125,1.0
1771585728.362424,8,95,1440000.0,0.03468629718166666,0.004645039169790642,0.4,1.0,7.619952623149688,23.0,11.234200541743819,-1.5119952623149688,1.0
1771585728.375898,8,96,1800000.0,0.03183629718166666,0.009327140802816053,0.25,1.0,7.619952623149688,23.0,11.234200541743819,0.21300473768503114,1.0
1771585728.3877487,8,97,2520000.0,0.029531535276904764,0.01021625577626987,0.0,1.0,7.619952623149688,23.0,7.488309859724464,0.8380047376850313,1.0
1771585728.3992321,8,98,1560000.0,0.015538861284230768,0.01205853573298469,0.35,1.0,7.619952623149688,23.0,11.94933268341769,-1.661995262314969,1.0
1771585728.4126208,8,99,2040000.0,0.02600492463264706,0.012900202514437313,0.15000000000000002,1.0,7.619952623149688,23.0,7.995247647281745,0.2630047376850313,1.0
1771585728.426095,8,100,1440000.0,0.03635296384833333,0.005040805711612227,0.4,1.0,7.619952623149688,23.0,10.119959086474898,-1.661995262314969,1.0
1771585728.439949,8,101,1560000.0,0.032692707438076916,0.008241186793375935,0.35,1.0,7.619952623149688,23.0,9.209854982705023,-1.661995262314969,1.0
1771585728.4531777,8,102,1920000.0,0.023269630515,0.014815532390029041,0.19999999999999996,1.0,7.619952623149688,23.0,11.234200541743819,0.23800473768503116,1.0
1771585728.4679737,8,103,2040000.0,0.027240218750294115,0.01227679612860746,0.15000000000000002,1.0,7.619952623149688,23.0,10.119959086474898,0.2630047376850313,1.0
1771585728.4791899,8,104,2040000.0,0.021828454044411767,0.011739679263257237,0.15000000000000002,1.0,7.619952623149688,23.0,11.234200541743819,0.2630047376850313,1.0
1771585728.4925508,8,105,720000.0,0.039269630514999994,0.0030956959368345052,0.7,1.0,7.619952623149688,23.0,8.804985870897262,-1.5119952623149688,1.0
1771585728.5044174,8,106,2160000.0,0.027269630514999997,0.011884864324004712,0.09999999999999998,1.0,7.619952623149688,23.0,9.638747790027777,0.33800473768503125,1.0
1771585728.5190618,8,107,1200000.0,0.03746963051499999,0.004100000000000069,0.5,1.0,7.619952623149688,23.0,11.234200541743819,-1.5119952623149688,1.0
1771585728.5311213,8,108,2040000.0,0.027828454044411765,0.011859325386206274,0.15000000000000002,1.0,7.619952623149688,23.0,11.234200541743819,0.2630047376850313,1.0
1771585728.5447667,8,109,2280000.0,0.021401209462368426,0.014499402987040845,0.050000000000000044,1.0,7.619952623149688,23.0,10.119959086474898,0.33800473768503125,1.0
1771585728.5555594,8,110,2160000.0,0.01315851940388889,0.011166113861385801,0.09999999999999998,1.0,7.619952623149688,23.0,11.234200541743819,0.33800473768503125,1.0
1771585728.5669248,8,111,1920000.0,0.022832130515,0.01137139365909034,0.19999999999999996,1.0,7.619952623149688,23.0,11.234200541743819,0.23800473768503116,1.0
1771585728.580571,8,112,1560000.0,0.033846553591923074,0.0063423065260996446,0.35,1.0,7.619952623149688,23.0,11.234200541743819,-1.661995262314969,1.0
1771585728.5976732,8,113,1560000.0,0.03169270743807692,0.008334003917792153,0.35,1.0,7.619952623149688,23.0,11.234200541743819,-1.661995262314969,1.0
1771585728.611772,8,114,2280000.0,0.018559104199210537,0.01311720022825962,0.050000000000000044,1.0,7.619952623149688,23.0,11.234200541743819,0.33800473768503125,1.0
1771585728.626198,8,115,1680000.0,0.02869820194357143,0.011725821845789046,0.30000000000000004,1.0,7.619952623149688,23.0,11.234200541743819,-1.661995262314969,1.0
1771585728.6377635,8,116,2280000.0,0.019769630515,0.011986834883584393,0.050000000000000044,1.0,7.619952623149688,23.0,11.234200541743819,0.33800473768503125,1.0
1771585728.650009,8,117,2040000.0,0.026887277573823525,0.010028678600078271,0.15000000000000002,1.0,7.619952623149688,23.0,11.234200541743819,0.2630047376850313,1.0
1771585728.6622965,8,118,2400000.0,0.018769630515000003,0.01274754878398196,0.0,1.0,7.619952623149688,23.0,10.119959086474898,0.8380047376850313,1.0
1771585728.6748562,8,119,1320000.0,0.03486053960590909,0.006331085580538243,0.44999999999999996,1.0,7.619952623149688,23.0,8.804985870897262,-1.661995262314969,1.0
1771585728.6970422,8,120,2280000.0,0.030032788409736836,0.008502891800738696,0.050000000000000044,1.0,7.619952623149688,23.0,11.234200541743819,0.33800473768503125,1.0
1771585728.710822,8,121,1680000.0,0.030841059086428566,0.00818940330736083,0.30000000000000004,1.0,7.619952623149688,23.0,7.976653541553818,-1.661995262314969,1.0
1771585728.7254646,8,122,1320000.0,0.035405994151363626,0.006314092856067438,0.44999999999999996,1.0,7.619952623149688,23.0,7.995247647281745,-1.661995262314969,1.0
1771585728.7451944,8,123,1920000.0,0.030144630515,0.00788095013307405,0.19999999999999996,1.0,7.619952623149688,23.0,11.234200541743819,0.23800473768503116,1.0
1771585728.7569873,8,124,2760000.0,0.022639195732391305,0.012694758753555102,0.0,1.0,7.619952623149688,23.0,7.488309859724464,0.8380047376850313,1.0
1771585728.768688,8,125,1320000.0,0.01695144869681818,0.015056367917795882,0.44999999999999996,1.0,7.619952623149688,23.0,11.234200541743819,-1.661995262314969,1.0
1771585728.7813714,8,126,1800000.0,0.03190296384833333,0.00705092586512976,0.25,1.0,7.619952623149688,23.0,11.234200541743819,0.21300473768503114,1.0
1771585728.7945406,8,127,1920000.0,0.030019630514999996,0.0087927526975345,0.19999999999999996,1.0,7.619952623149688,23.0,10.119959086474898,0.23800473768503116,1.0
1771585728.8077588,8,128,2640000.0,0.01817872142409091,0.01187686479485945,0.0,1.0,7.619952623149688,23.0,11.234200541743819,0.8380047376850313,1.0
1771585728.8212812,8,129,1680000.0,0.022626773372142854,0.013590212564600326,0.30000000000000004,1.0,7.619952623149688,23.0,11.234200541743819,-1.661995262314969,1.0
1771585728.8343809,8,130,1920000.0,0.026769630514999997,0.010210288928331077,0.19999999999999996,1.0,7.619952623149688,23.0,11.234200541743819,0.23800473768503116,1.0
1771585728.8470283,8,131,2160000.0,0.03165851940388889,0.007309726312621545,0.09999999999999998,1.0,7.619952623149688,23.0,11.234200541743819,0.33800473768503125,1.0
1771585728.859048,8,132,2040000.0,0.021181395220882356,0.011882061732016879,0.15000000000000002,1.0,7.619952623149688,23.0,11.234200541743819,0.2630047376850313,1.0
1771585728.8728197,8,133,1680000.0,0.029555344800714284,0.00861210586017954,0.30000000000000004,1.0,7.619952623149688,23.0,9.638747790027777,-1.661995262314969,1.0
1771585728.8872006,8,134,2520000.0,0.024579154324523813,0.012140522651411379,0.0,1.0,7.619952623149688,23.0,11.234200541743819,0.8380047376850313,1.0
1771585728.8982894,8,135,2280000.0,0.012769630515000005,0.010992820623623308,0.050000000000000044,1.0,7.619952623149688,23.0,11.234200541743819,0.33800473768503125,1.0
1771585728.9122963,8,136,1320000.0,0.025951448696818178,0.011937855615403246,0.44999999999999996,1.0,7.619952623149688,23.0,7.488309859724464,-1.661995262314969,1.0
1771585728.9240074,8,137,2760000.0,0.022769630515,0.01176213526902987,0.0,1.0,7.619952623149688,23.0,11.234200541743819,0.8380047376850313,1.0
1771585728.9369087,8,138,1680000.0,0.021269630515000002,0.011733651240281997,0.30000000000000004,1.0,7.619952623149688,23.0,11.234200541743819,-1.661995262314969,1.0
1771585728.954817,8,139,2040000.0,0.013593159926764712,0.011340895773924442,0.15000000000000002,1.0,7.619952623149688,23.0,10.119959086474898,0.2630047376850313,1.0
1771585728.9673815,8,140,1680000.0,0.030841059086428563,0.009176556199003524,0.30000000000000004,1.0,7.619952623149688,23.0,8.804985870897262,-1.661995262314969,1.0
1771585728.9788473,8,141,2160000.0,0.018158519403888893,0.013363045598003508,0.09999999999999998,1.0,7.619952623149688,23.0,11.234200541743819,0.33800473768503125,1.0
1771585728.9945707,8,142,1680000.0,0.027198201943571424,0.013205595598156143,0.30000000000000004,1.0,7.619952623149688,23.0,8.804985870897262,-1.661995262314969,1.0
1771585729.0081294,8,143,2520000.0,0.019293440038809527,0.01374121034254276,0.0,1.0,7.619952623149688,23.0,11.234200541743819,0.8380047376850313,1.0
1771585729.0267591,8,144,2040000.0,0.029181395220882346,0.010666378312134727,0.15000000000000002,1.0,7.619952623149688,23.0,8.804985870897262,0.2630047376850313,1.0
1771585729.039692,8,145,2040000.0,0.005769630515,1.1641532182693481e-10,0.15000000000000002,1.0,7.619952623149688,23.0,10.119959086474898,0.4130047376850312,1.0
1771585729.0553052,8,146,2040000.0,0.02665198345617647,0.010464968749798352,0.15000000000000002,1.0,7.619952623149688,23.0,11.234200541743819,0.2630047376850313,1.0
1771585729.0680652,8,147,2400000.0,0.018069630515000008,0.013054118124178263,0.0,1.0,7.619952623149688,23.0,11.234200541743819,0.8380047376850313,1.0
1771585729.0813668,8,148,1920000.0,0.014207130515,0.012082884330738253,0.19999999999999996,1.0,7.619952623149688,23.0,10.119959086474898,0.23800473768503116,1.0
1771585729.0959165,8,149,1800000.0,0.023236297181666664,0.011140716115024003,0.25,1.0,7.619952623149688,23.0,11.234200541743819,0.21300473768503114,1.0
1771585729.109953,8,150,2520000.0,0.02238867813404762,0.012365374815631986,0.0,1.0,7.619952623149688,23.0,11.234200541743819,0.8380047376850313,1.0
1771585729.1249201,8,151,1080000.0,0.031769630515,0.009475113602367921,0.55,1.0,7.619952623149688,23.0,9.638747790027777,-1.661995262314969,1.0
1771585729.1382773,8,152,2160000.0,0.022325186070555558,0.014735528577867012,0.09999999999999998,1.0,7.619952623149688,23.0,11.234200541743819,0.33800473768503125,1.0
1771585729.1549842,8,153,2400000.0,0.026419630514999997,0.011934299309134158,0.0,1.0,7.619952623149688,23.0,11.234200541743819,0.8380047376850313,1.0
1771585729.1704612,8,154,1440000.0,0.022852963848333335,0.013300741416260305,0.4,1.0,7.619952623149688,23.0,11.234200541743819,-1.661995262314969,1.0
1771585729.1886861,8,155,1560000.0,0.03338501513038462,0.007426961916800807,0.35,1.0,7.619952623149688,23.0,11.234200541743819,-1.661995262314969,1.0
1771585729.2040827,8,156,2040000.0,0.025416689338529412,0.011565370096418356,0.15000000000000002,1.0,7.619952623149688,23.0,11.234200541743819,0.2630047376850313,1.0
1771585729.2206302,8,157,1920000.0,0.030644630514999993,0.008774074025217704,0.19999999999999996,1.0,7.619952623149688,23.0,11.234200541743819,0.23800473768503116,1.0
1771585729.2335372,8,158,1920000.0,0.014082130515000006,0.011514766335015227,0.19999999999999996,1.0,7.619952623149688,23.0,11.234200541743819,0.23800473768503116,1.0
1771585729.2475538,8,159,1920000.0,0.026082130515,0.010704664579051507,0.19999999999999996,1.0,7.619952623149688,23.0,11.234200541743819,0.23800473768503116,1.0
1771585729.2623239,8,160,1920000.0,0.025144630515,0.01085630577130177,0.19999999999999996,1.0,7.619952623149688,23.0,10.119959086474898,0.23800473768503116,1.0
1771585729.2782226,8,161,2520000.0,0.02391248765785714,0.011646727373103622,0.0,1.0,7.619952623149688,23.0,9.209854982705023,0.8380047376850313,1.0
1771585729.2934391,8,162,2160000.0,0.022880741626111107,0.012050306076743863,0.09999999999999998,1.0,7.619952623149688,23.0,8.804985870897262,0.33800473768503125,1.0
1771585729.306551,8,163,2280000.0,0.012769630515,0.010992820623623306,0.050000000000000044,1.0,7.619952623149688,23.0,11.234200541743819,0.33800473768503125,1.0
1771585729.3203843,8,164,1440000.0,0.016186297181666667,0.013143175246322922,0.4,1.0,7.619952623149688,23.0,11.234200541743819,-1.661995262314969,1.0
1771585729.3359094,8,165,1800000.0,0.034302963848333326,0.00559603033904887,0.25,1.0,7.619952623149688,23.0,11.234200541743819,0.21300473768503114,1.0
1771585729.3497388,8,166,2160000.0,0.02782518607055555,0.011582900338296698,0.09999999999999998,1.0,7.619952623149688,23.0,10.119959086474898,0.33800473768503125,1.0
1771585729.3624995,8,167,1680000.0,0.02148391622928572,0.012936264483053433,0.30000000000000004,1.0,7.619952623149688,23.0,11.234200541743819,-1.661995262314969,1.0
1771585729.3772304,8,168,2520000.0,0.022912487657857143,0.01219010416098985,0.0,1.0,7.619952623149688,23.0,8.804985870897262,0.8380047376850313,1.0
1771585729.390176,8,169,2280000.0,0.012769630515000005,0.010992820623623306,0.050000000000000044,1.0,7.619952623149688,23.0,10.119959086474898,0.33800473768503125,1.0
1771585729.4025154,8,170,1680000.0,0.021769630514999996,0.014530755559944479,0.30000000000000004,1.0,7.619952623149688,23.0,11.234200541743819,-1.661995262314969,1.0
1771585729.4171124,8,171,2280000.0,0.027138051567631577,0.010936229150545493,0.050000000000000044,1.0,7.619952623149688,23.0,11.234200541743819,0.33800473768503125,1.0
1771585729.431511,8,172,1560000.0,0.025231168976538456,0.01255520354652504,0.35,1.0,7.619952623149688,23.0,10.119959086474898,-1.661995262314969,1.0
1771585729.445493,8,173,1560000.0,0.031769630515,0.008814324006542276,0.35,1.0,7.619952623149688,23.0,9.209854982705023,-1.661995262314969,1.0
1771585729.4604945,8,174,2040000.0,0.03229904227970588,0.006903687395441604,0.15000000000000002,1.0,7.619952623149688,23.0,11.234200541743819,0.2630047376850313,1.0
1771585729.4742742,8,175,2040000.0,0.028181395220882345,0.010123117536140707,0.15000000000000002,1.0,7.619952623149688,23.0,9.638747790027777,0.2630047376850313,1.0
1771585729.4879162,8,176,2400000.0,0.01581963051500001,0.01326452034564384,0.0,1.0,7.619952623149688,23.0,11.234200541743819,0.8380047376850313,1.0
1771585729.5010598,8,177,1200000.0,0.03136963051499999,0.009748846085563175,0.5,1.0,7.619952623149688,23.0,7.995247647281745,-1.661995262314969,1.0
1771585729.5150354,8,178,2760000.0,0.023552239210652172,0.011802566123845707,0.0,1.0,7.619952623149688,23.0,10.119959086474898,0.8380047376850313,1.0
1771585729.5277634,8,179,1320000.0,0.02286053960590909,0.014009441916433265,0.44999999999999996,1.0,7.619952623149688,23.0,11.234200541743819,-1.661995262314969,1.0
1771585729.5414233,8,180,3000000.0,0.016089630515000005,0.012552991675293966,0.0,1.0,7.619952623149688,23.0,11.234200541743819,0.8380047376850313,1.0
1771585729.5552788,8,181,1560000.0,0.023846553591923073,0.012079617533817602,0.35,1.0,7.619952623149688,23.0,10.20212241284837,-1.661995262314969,1.0
1771585729.5698893,8,182,1560000.0,0.031231168976538458,0.010330056106894954,0.35,1.0,7.619952623149688,23.0,11.234200541743819,-1.661995262314969,1.0
1771585729.584173,8,183,1920000.0,0.02839463051499999,0.010723076750634605,0.19999999999999996,1.0,7.619952623149688,23.0,11.234200541743819,0.23800473768503116,1.0
1771585729.598871,8,184,1800000.0,0.031236297181666657,0.009017513823419185,0.25,1.0,7.619952623149688,23.0,10.119959086474898,0.21300473768503114,1.0
1771585729.6136382,8,185,2160000.0,0.019436297181666666,0.013063945294843624,0.09999999999999998,1.0,7.619952623149688,23.0,11.234200541743819,0.33800473768503125,1.0
1771585729.6345804,8,186,1800000.0,0.02983629718166666,0.011624495210067805,0.25,1.0,7.619952623149688,23.0,11.234200541743819,0.21300473768503114,1.0
1771585729.6505241,8,187,2160000.0,0.025769630515,0.010801234497346431,0.09999999999999998,1.0,7.619952623149688,23.0,10.119959086474898,0.33800473768503125,1.0
1771585729.666278,8,188,1680000.0,0.03305534480071428,0.0062954470104373715,0.30000000000000004,1.0,7.619952623149688,23.0,11.234200541743819,-1.661995262314969,1.0
1771585729.6831198,8,189,1800000.0,0.032636297181666656,0.007191352832086318,0.25,1.0,7.619952623149688,23.0,11.234200541743819,0.21300473768503114,1.0
1771585729.6975005,8,190,3000000.0,0.015609630515000007,0.012670217046286123,0.0,1.0,7.619952623149688,23.0,10.119959086474898,0.8380047376850313,1.0
1771585729.7124784,8,191,1080000.0,0.032880741626111105,0.010587670444063647,0.55,1.0,7.619952623149688,23.0,11.234200541743819,-1.661995262314969,1.0
1771585729.7253423,8,192,2760000.0,0.022247891384565215,0.012843098519598809,0.0,1.0,7.619952623149688,23.0,11.234200541743819,0.8380047376850313,1.0
1771585729.740772,8,193,1320000.0,0.031133266878636358,0.007289752798810722,0.44999999999999996,1.0,7.619952623149688,23.0,11.234200541743819,-1.661995262314969,1.0
1771585729.7540078,8,194,2880000.0,0.015394630515000009,0.01326905076986793,0.0,1.0,7.619952623149688,23.0,11.234200541743819,0.8380047376850313,1.0
1771585729.7712939,8,195,2160000.0,0.013158519403888892,0.0111661138613858,0.09999999999999998,1.0,7.619952623149688,23.0,11.234200541743819,0.33800473768503125,1.0
1771585729.7883353,8,196,1560000.0,0.021308092053461538,0.013815350351165323,0.35,1.0,7.619952623149688,23.0,7.488309859724464,-1.661995262314969,1.0
1771585729.8049903,8,197,2280000.0,0.031032788409736844,0.010371225909689072,0.050000000000000044,1.0,7.619952623149688,23.0,11.234200541743819,0.33800473768503125,1.0
1771585729.8195956,8,198,1200000.0,0.014469630514999998,0.01347627544984147,0.5,1.0,7.619952623149688,23.0,11.234200541743819,-1.661995262314969,1.0
1771585729.8338451,8,199,3120000.0,0.016000399745769237,0.011981741533579945,0.0,1.0,7.619952623149688,23.0,8.804985870897262,0.8380047376850313,1.0
1771585729.8492057,8,200,1440000.0,0.016186297181666667,0.013143175246322922,0.4,1.0,7.619952623149688,23.0,11.234200541743819,-1.661995262314969,1.0
1771585730.136484,9,0,0.0,0.0,0.0,0.0,1.0,0.0,23.0,0.0,1.75,1.0
1771585730.155854,9,1,960000.0,0.005769630515,0.0,0.5294117647058824,1.0,7.619952623149688,23.0,8.804985870897262,-1.5119952623149688,1.0
1771585730.1792169,9,2,2160000.0,0.023880741626111115,0.012538336274929361,0.09999999999999998,1.0,7.619952623149688,23.0,11.234200541743819,0.33800473768503125,1.0
1771585730.193861,9,3,2280000.0,0.027453841041315787,0.010448130689412685,0.050000000000000044,1.0,7.619952623149688,23.0,11.234200541743819,0.33800473768503125,1.0
1771585730.208271,9,4,2280000.0,0.021611735778157896,0.012376816859268258,0.050000000000000044,1.0,7.619952623149688,23.0,10.119959086474898,0.33800473768503125,1.0
1771585730.2267234,9,5,1320000.0,0.017860539605909092,0.012131510776445295,0.44999999999999996,1.0,7.619952623149688,23.0,11.234200541743819,-1.661995262314969,1.0
1771585730.2431662,9,6,1440000.0,0.03843629718166666,0.005821416398857657,0.4,1.0,7.619952623149688,23.0,11.234200541743819,-1.661995262314969,1.0
1771585730.2588406,9,7,1440000.0,0.03418629718166666,0.005544642058379963,0.4,1.0,7.619952623149688,23.0,11.234200541743819,-1.661995262314969,1.0
1771585730.271962,9,8,2160000.0,0.025158519403888892,0.01188901869088019,0.09999999999999998,1.0,7.619952623149688,23.0,11.234200541743819,0.33800473768503125,1.0
1771585730.286595,9,9,2280000.0,0.026085419988684206,0.01049336949335626,0.050000000000000044,1.0,7.619952623149688,23.0,11.234200541743819,0.33800473768503125,1.0
1771585730.2995176,9,10,1920000.0,0.014082130515000006,0.011514766335015227,0.19999999999999996,1.0,7.619952623149688,23.0,11.234200541743819,0.23800473768503116,1.0
1771585730.3146474,9,11,2400000.0,0.025519630514999996,0.011652789365641177,0.0,1.0,7.619952623149688,23.0,11.234200541743819,0.8380047376850313,1.0
1771585730.3286085,9,12,1800000.0,0.029302963848333325,0.009149620514292165,0.25,1.0,7.619952623149688,23.0,11.234200541743819,0.21300473768503114,1.0
1771585730.3426015,9,13,1920000.0,0.030707130514999993,0.007948810838735585,0.19999999999999996,1.0,7.619952623149688,23.0,10.119959086474898,0.23800473768503116,1.0
1771585730.3566058,9,14,1560000.0,0.024231168976538462,0.014221410644168151,0.35,1.0,7.619952623149688,23.0,11.234200541743819,-1.661995262314969,1.0
1771585730.3710816,9,15,1920000.0,0.028082130514999994,0.010657853618341744,0.19999999999999996,1.0,7.619952623149688,23.0,11.234200541743819,0.23800473768503116,1.0
1771585730.3848543,9,16,2160000.0,0.025491852737222216,0.012232949837565565,0.09999999999999998,1.0,7.619952623149688,23.0,7.488309859724464,0.33800473768503125,1.0
1771585730.3973103,9,17,2640000.0,0.011815085060454554,0.01049448891183659,0.0,1.0,7.619952623149688,23.0,11.234200541743819,0.8380047376850313,1.0
1771585730.4094167,9,18,2040000.0,0.01359315992676471,0.011340895773924446,0.15000000000000002,1.0,7.619952623149688,23.0,8.804985870897262,0.2630047376850313,1.0
1771585730.4244254,9,19,1320000.0,0.03576963051499999,0.00393122696553457,0.44999999999999996,1.0,7.619952623149688,23.0,11.234200541743819,-1.5119952623149688,1.0
1771585730.4380033,9,20,2040000.0,0.029887277573823524,0.008784226190040049,0.15000000000000002,1.0,7.619952623149688,23.0,11.234200541743819,0.2630047376850313,1.0
1771585730.4513085,9,21,2280000.0,0.012769630515000007,0.010992820623623306,0.050000000000000044,1.0,7.619952623149688,23.0,11.234200541743819,0.33800473768503125,1.0
1771585730.4663522,9,22,1800000.0,0.027569630514999995,0.012410748030101445,0.25,1.0,7.619952623149688,23.0,10.119959086474898,0.21300473768503114,1.0
1771585730.4806204,9,23,2040000.0,0.031240218750294108,0.006589810736002399,0.15000000000000002,1.0,7.619952623149688,23.0,11.234200541743819,0.2630047376850313,1.0
1771585730.4939044,9,24,2640000.0,0.017315085060454552,0.013523472095606979,0.0,1.0,7.619952623149688,23.0,11.234200541743819,0.8380047376850313,1.0
1771585730.5067537,9,25,1560000.0,0.022846553591923075,0.013176094544880184,0.35,1.0,7.619952623149688,23.0,10.119959086474898,-1.661995262314969,1.0
1771585730.5201402,9,26,1680000.0,0.02762677337214286,0.011115350665101078,0.30000000000000004,1.0,7.619952623149688,23.0,11.234200541743819,-1.661995262314969,1.0
1771585730.534286,9,27,1680000.0,0.03312677337214285,0.006913828202100755,0.30000000000000004,1.0,7.619952623149688,23.0,11.234200541743819,-1.661995262314969,1.0
1771585730.548005,9,28,2280000.0,0.028822262093947365,0.010169477988002952,0.050000000000000044,1.0,7.619952623149688,23.0,7.488309859724464,0.33800473768503125,1.0
1771585730.562692,9,29,1080000.0,0.03154740829277777,0.00848237097066325,0.55,1.0,7.619952623149688,23.0,11.234200541743819,-1.661995262314969,1.0
1771585730.5762508,9,30,1920000.0,0.026019630515,0.01203380654655874,0.19999999999999996,1.0,7.619952623149688,23.0,11.234200541743819,0.23800473768503116,1.0
1771585730.5915449,9,31,2400000.0,0.030169630515,0.01017054570807289,0.0,1.0,7.619952623149688,23.0,8.01463970507455,0.8380047376850313,1.0
1771585730.606274,9,32,1320000.0,0.0336787214240909,0.006748124930871147,0.44999999999999996,1.0,7.619952623149688,23.0,11.234200541743819,-1.661995262314969,1.0
1771585730.6198275,9,33,2640000.0,0.019724175969545454,0.01279018541598231,0.0,1.0,7.619952623149688,23.0,7.995247647281745,0.8380047376850313,1.0
1771585730.6325386,9,34,1320000.0,0.03558781233318181,0.004950999565160071,0.44999999999999996,1.0,7.619952623149688,23.0,7.488309859724464,-1.5119952623149688,1.0
1771585730.6440074,9,35,2160000.0,0.019436297181666673,0.013063945294843596,0.09999999999999998,1.0,7.619952623149688,23.0,8.804985870897262,0.33800473768503125,1.0
1771585730.656395,9,36,1800000.0,0.03023629718166666,0.007898241717130626,0.25,1.0,7.619952623149688,23.0,11.234200541743819,0.21300473768503114,1.0
1771585730.6697726,9,37,1800000.0,0.02983629718166666,0.009341425063780294,0.25,1.0,7.619952623149688,23.0,7.995247647281745,0.21300473768503114,1.0
1771585730.6848376,9,38,1560000.0,0.021308092053461545,0.013781902205514538,0.35,1.0,7.619952623149688,23.0,11.234200541743819,-1.661995262314969,1.0
1771585730.6975935,9,39,3000000.0,0.016689630515000005,0.012240653577321759,0.0,1.0,7.619952623149688,23.0,11.234200541743819,0.8380047376850313,1.0
1771585730.7106357,9,40,1560000.0,0.024231168976538455,0.011862127093046921,0.35,1.0,7.619952623149688,23.0,10.119959086474898,-1.661995262314969,1.0
1771585730.7240076,9,41,1560000.0,0.025231168976538463,0.010499929557385565,0.35,1.0,7.619952623149688,23.0,8.804985870897262,-1.661995262314969,1.0
1771585730.7354774,9,42,2280000.0,0.022032788409736846,0.013388298525059914,0.050000000000000044,1.0,7.619952623149688,23.0,11.234200541743819,0.33800473768503125,1.0
1771585730.7492032,9,43,2640000.0,0.025360539605909085,0.01192270214533104,0.0,1.0,7.619952623149688,23.0,10.119959086474898,0.8380047376850313,1.0
1771585730.762951,9,44,840000.0,0.03305534480071429,0.007923099785064011,0.65,1.0,7.619952623149688,23.0,11.94933268341769,-1.661995262314969,1.0
1771585730.7772775,9,45,1800000.0,0.03216963051499999,0.009485427419643973,0.25,1.0,7.619952623149688,23.0,11.234200541743819,0.21300473768503114,1.0
1771585730.791214,9,46,2760000.0,0.02698702181934783,0.009663722038091186,0.0,1.0,7.619952623149688,23.0,10.119959086474898,0.8380047376850313,1.0
1771585730.804049,9,47,1200000.0,0.033169630515,0.00984073168011402,0.5,1.0,7.619952623149688,23.0,11.234200541743819,-1.661995262314969,1.0
1771585730.8176486,9,48,1680000.0,0.03041248765785714,0.009309036645394952,0.30000000000000004,1.0,7.619952623149688,23.0,11.234200541743819,-1.661995262314969,1.0
1771585730.8339033,9,49,2040000.0,0.029122571691470586,0.010437157470085584,0.15000000000000002,1.0,7.619952623149688,23.0,10.119959086474898,0.2630047376850313,1.0
1771585730.8479257,9,50,1800000.0,0.027369630515,0.012186331140530623,0.25,1.0,7.619952623149688,23.0,11.234200541743819,0.21300473768503114,1.0
1771585730.8607376,9,51,2280000.0,0.016822262093947372,0.013713127341924779,0.050000000000000044,1.0,7.619952623149688,23.0,8.98872730332345,0.33800473768503125,1.0
1771585730.8742225,9,52,2520000.0,0.013769630515000006,0.01216552506059644,0.0,1.0,7.619952623149688,23.0,11.234200541743819,0.8380047376850313,1.0
1771585730.8911457,9,53,1560000.0,0.005769630515,1.1641532182693481e-10,0.35,1.0,7.619952623149688,23.0,11.234200541743819,-1.5119952623149688,1.0
1771585730.9043326,9,54,2280000.0,0.026769630514999997,0.012594902895511679,0.050000000000000044,1.0,7.619952623149688,23.0,11.234200541743819,0.33800473768503125,1.0
1771585730.918853,9,55,1680000.0,0.031269630514999994,0.009439657984119072,0.30000000000000004,1.0,7.619952623149688,23.0,10.119959086474898,-1.661995262314969,1.0
1771585730.931007,9,56,1920000.0,0.014082130515000006,0.011514766335015227,0.19999999999999996,1.0,7.619952623149688,23.0,7.995247647281745,0.23800473768503116,1.0
1771585730.9472184,9,57,1680000.0,0.034983916229285705,0.006084859094842058,0.30000000000000004,1.0,7.619952623149688,23.0,11.234200541743819,-1.661995262314969,1.0
1771585730.9627562,9,58,1440000.0,0.03660296384833332,0.005177408189003061,0.4,1.0,7.619952623149688,23.0,10.119959086474898,-1.661995262314969,1.0
1771585730.9771237,9,59,1920000.0,0.03301963051499999,0.007344215410784246,0.19999999999999996,1.0,7.619952623149688,23.0,8.804985870897262,0.23800473768503116,1.0
1771585730.9943142,9,60,1320000.0,0.03576963051499999,0.004861724348044028,0.44999999999999996,1.0,7.619952623149688,23.0,8.804985870897262,-1.5119952623149688,1.0
1771585731.0081897,9,61,2280000.0,0.02250647262026316,0.013575683002157531,0.050000000000000044,1.0,7.619952623149688,23.0,10.119959086474898,0.33800473768503125,1.0
1771585731.0218012,9,62,1440000.0,0.02568629718166666,0.010804770037143582,0.4,1.0,7.619952623149688,23.0,11.234200541743819,-1.661995262314969,1.0
1771585731.0338917,9,63,2280000.0,0.019874893672894738,0.012400741645232374,0.050000000000000044,1.0,7.619952623149688,23.0,11.234200541743819,0.33800473768503125,1.0
1771585731.047969,9,64,1920000.0,0.030207130515,0.009062068955266222,0.19999999999999996,1.0,7.619952623149688,23.0,10.119959086474898,0.23800473768503116,1.0
1771585731.0605953,9,65,2160000.0,0.020825186070555557,0.012117353131504428,0.09999999999999998,1.0,7.619952623149688,23.0,11.234200541743819,0.33800473768503125,1.0
1771585731.073487,9,66,2520000.0,0.0266743924197619,0.01207872889049081,0.0,1.0,7.619952623149688,23.0,11.234200541743819,0.8380047376850313,1.0
1771585731.0862348,9,67,1320000.0,0.005769630515,8.231806349783991e-11,0.44999999999999996,1.0,7.619952623149688,23.0,10.119959086474898,-1.5119952623149688,1.0
1771585731.1037729,9,68,2040000.0,0.03241668933852941,0.009158353155778154,0.15000000000000002,1.0,7.619952623149688,23.0,11.234200541743819,0.2630047376850313,1.0
1771585731.1178718,9,69,1800000.0,0.027102963848333328,0.012391753530294078,0.25,1.0,7.619952623149688,23.0,9.209854982705023,0.21300473768503114,1.0
1771585731.130407,9,70,2160000.0,0.027214074959444445,0.009592950086288599,0.09999999999999998,1.0,7.619952623149688,23.0,7.699637833474825,0.33800473768503125,1.0
1771585731.1442122,9,71,2160000.0,0.026825186070555552,0.012803958685683558,0.09999999999999998,1.0,7.619952623149688,23.0,11.234200541743819,0.33800473768503125,1.0
1771585731.1590967,9,72,2040000.0,0.027769630514999998,0.010369638940903673,0.15000000000000002,1.0,7.619952623149688,23.0,8.804985870897262,0.2630047376850313,1.0
1771585731.1751192,9,73,1920000.0,0.020582130515000005,0.013947305967461944,0.19999999999999996,1.0,7.619952623149688,23.0,11.234200541743819,0.23800473768503116,1.0
1771585731.1874726,9,74,1680000.0,0.015269630515000002,0.01184271928232701,0.30000000000000004,1.0,7.619952623149688,23.0,7.995247647281745,-1.661995262314969,1.0
1771585731.201413,9,75,1920000.0,0.019519630515000008,0.013169567191065904,0.19999999999999996,1.0,7.619952623149688,23.0,11.234200541743819,0.23800473768503116,1.0
1771585731.2148743,9,76,2040000.0,0.017769630515000003,0.013941052369762858,0.15000000000000002,1.0,7.619952623149688,23.0,10.119959086474898,0.2630047376850313,1.0
1771585731.227911,9,77,2040000.0,0.02494610110323529,0.012372813147797534,0.15000000000000002,1.0,7.619952623149688,23.0,11.234200541743819,0.2630047376850313,1.0
1771585731.2400753,9,78,1800000.0,0.03196963051499999,0.007790592617595513,0.25,1.0,7.619952623149688,23.0,11.234200541743819,0.21300473768503114,1.0
1771585731.2523792,9,79,2400000.0,0.019419630515,0.012248571345263075,0.0,1.0,7.619952623149688,23.0,10.119959086474898,0.8380047376850313,1.0
1771585731.2658556,9,80,1200000.0,0.029369630515,0.010258654882585708,0.5,1.0,7.619952623149688,23.0,8.804985870897262,-1.661995262314969,1.0
1771585731.2806797,9,81,1440000.0,0.033436297181666665,0.00848855438549789,0.4,1.0,7.619952623149688,23.0,11.234200541743819,-1.661995262314969,1.0
1771585731.2947526,9,82,1320000.0,0.03186053960590909,0.008638755649603355,0.44999999999999996,1.0,7.619952623149688,23.0,9.975595763354864,-1.661995262314969,1.0
1771585731.3102612,9,83,1680000.0,0.031841059086428564,0.009482798605251282,0.30000000000000004,1.0,7.619952623149688,23.0,11.234200541743819,-1.661995262314969,1.0
1771585731.3234944,9,84,2880000.0,0.021894630515000003,0.012683034928596532,0.0,1.0,7.619952623149688,23.0,11.234200541743819,0.8380047376850313,1.0
1771585731.336742,9,85,2160000.0,0.01504740829277778,0.012546825873748819,0.09999999999999998,1.0,7.619952623149688,23.0,10.119959086474898,0.33800473768503125,1.0
1771585731.349044,9,86,1920000.0,0.016269630515,0.012961481396815723,0.19999999999999996,1.0,7.619952623149688,23.0,11.234200541743819,0.23800473768503116,1.0
1771585731.3623233,9,87,1320000.0,0.032769630514999995,0.006281285334590814,0.44999999999999996,1.0,7.619952623149688,23.0,11.234200541743819,-1.661995262314969,1.0
1771585731.3788047,9,88,1560000.0,0.035154245899615376,0.00535707241430162,0.35,1.0,7.619952623149688,23.0,11.234200541743819,-1.661995262314969,1.0
1771585731.3917527,9,89,1680000.0,0.02634105908642857,0.010880613728188354,0.30000000000000004,1.0,7.619952623149688,23.0,9.209854982705023,-1.661995262314969,1.0
1771585731.4040039,9,90,2160000.0,0.021214074959444443,0.013557376926817463,0.09999999999999998,1.0,7.619952623149688,23.0,11.234200541743819,0.33800473768503125,1.0
1771585731.4176002,9,91,2280000.0,0.02945384104131579,0.010959507439848727,0.050000000000000044,1.0,7.619952623149688,23.0,9.638747790027777,0.33800473768503125,1.0
1771585731.4296064,9,92,1560000.0,0.016000399745769237,0.011981741533579945,0.35,1.0,7.619952623149688,23.0,9.975595763354864,-1.661995262314969,1.0
1771585731.4418652,9,93,2280000.0,0.02466436735710526,0.011488643073382944,0.050000000000000044,1.0,7.619952623149688,23.0,11.234200541743819,0.33800473768503125,1.0
1771585731.4540603,9,94,2160000.0,0.021714074959444444,0.012773550025224532,0.09999999999999998,1.0,7.619952623149688,23.0,11.234200541743819,0.33800473768503125,1.0
1771585731.4737563,9,95,1440000.0,0.03468629718166666,0.004645039169790642,0.4,1.0,7.619952623149688,23.0,11.234200541743819,-1.5119952623149688,1.0
1771585731.4885983,9,96,1800000.0,0.03183629718166666,0.009327140802816053,0.25,1.0,7.619952623149688,23.0,11.234200541743819,0.21300473768503114,1.0
1771585731.5017726,9,97,2520000.0,0.029531535276904764,0.01021625577626987,0.0,1.0,7.619952623149688,23.0,7.488309859724464,0.8380047376850313,1.0
1771585731.5140193,9,98,1560000.0,0.015538861284230768,0.01205853573298469,0.35,1.0,7.619952623149688,23.0,11.94933268341769,-1.661995262314969,1.0
1771585731.5283628,9,99,2040000.0,0.02600492463264706,0.012900202514437313,0.15000000000000002,1.0,7.619952623149688,23.0,7.995247647281745,0.2630047376850313,1.0
1771585731.5426087,9,100,1440000.0,0.03635296384833333,0.005040805711612227,0.4,1.0,7.619952623149688,23.0,10.119959086474898,-1.661995262314969,1.0
1771585731.5628238,9,101,1560000.0,0.032692707438076916,0.008241186793375935,0.35,1.0,7.619952623149688,23.0,9.209854982705023,-1.661995262314969,1.0
1771585731.5764341,9,102,1920000.0,0.023269630515,0.014815532390029041,0.19999999999999996,1.0,7.619952623149688,23.0,11.234200541743819,0.23800473768503116,1.0
1771585731.5917537,9,103,2040000.0,0.027240218750294115,0.01227679612860746,0.15000000000000002,1.0,7.619952623149688,23.0,10.119959086474898,0.2630047376850313,1.0
1771585731.6029644,9,104,2040000.0,0.021828454044411767,0.011739679263257237,0.15000000000000002,1.0,7.619952623149688,23.0,11.234200541743819,0.2630047376850313,1.0
1771585731.6271143,9,105,720000.0,0.039269630514999994,0.0030956959368345052,0.7,1.0,7.619952623149688,23.0,8.804985870897262,-1.5119952623149688,1.0
1771585731.6412752,9,106,2160000.0,0.027269630514999997,0.011884864324004712,0.09999999999999998,1.0,7.619952623149688,23.0,9.638747790027777,0.33800473768503125,1.0
1771585731.6549973,9,107,1200000.0,0.03746963051499999,0.004100000000000069,0.5,1.0,7.619952623149688,23.0,11.234200541743819,-1.5119952623149688,1.0
1771585731.6675792,9,108,2040000.0,0.027828454044411765,0.011859325386206274,0.15000000000000002,1.0,7.619952623149688,23.0,11.234200541743819,0.2630047376850313,1.0
1771585731.6811068,9,109,2280000.0,0.021401209462368426,0.014499402987040845,0.050000000000000044,1.0,7.619952623149688,23.0,10.119959086474898,0.33800473768503125,1.0
1771585731.691727,9,110,2160000.0,0.01315851940388889,0.011166113861385801,0.09999999999999998,1.0,7.619952623149688,23.0,11.234200541743819,0.33800473768503125,1.0
1771585731.7033255,9,111,1920000.0,0.022832130515,0.01137139365909034,0.19999999999999996,1.0,7.619952623149688,23.0,11.234200541743819,0.23800473768503116,1.0
1771585731.7165978,9,112,1560000.0,0.033846553591923074,0.0063423065260996446,0.35,1.0,7.619952623149688,23.0,11.234200541743819,-1.661995262314969,1.0
1771585731.7292576,9,113,1560000.0,0.03169270743807692,0.008334003917792153,0.35,1.0,7.619952623149688,23.0,11.234200541743819,-1.661995262314969,1.0
1771585731.7405028,9,114,2280000.0,0.018559104199210537,0.01311720022825962,0.050000000000000044,1.0,7.619952623149688,23.0,11.234200541743819,0.33800473768503125,1.0
1771585731.7550542,9,115,1680000.0,0.02869820194357143,0.011725821845789046,0.30000000000000004,1.0,7.619952623149688,23.0,11.234200541743819,-1.661995262314969,1.0
1771585731.7662985,9,116,2280000.0,0.019769630515,0.011986834883584393,0.050000000000000044,1.0,7.619952623149688,23.0,11.234200541743819,0.33800473768503125,1.0
1771585731.7788496,9,117,2040000.0,0.026887277573823525,0.010028678600078271,0.15000000000000002,1.0,7.619952623149688,23.0,11.234200541743819,0.2630047376850313,1.0
1771585731.789284,9,118,2400000.0,0.018769630515000003,0.01274754878398196,0.0,1.0,7.619952623149688,23.0,10.119959086474898,0.8380047376850313,1.0
1771585731.8014147,9,119,1320000.0,0.03486053960590909,0.006331085580538243,0.44999999999999996,1.0,7.619952623149688,23.0,8.804985870897262,-1.661995262314969,1.0
1771585731.813181,9,120,2280000.0,0.030032788409736836,0.008502891800738696,0.050000000000000044,1.0,7.619952623149688,23.0,11.234200541743819,0.33800473768503125,1.0
1771585731.8264582,9,121,1680000.0,0.030841059086428566,0.00818940330736083,0.30000000000000004,1.0,7.619952623149688,23.0,7.976653541553818,-1.661995262314969,1.0
1771585731.840551,9,122,1320000.0,0.035405994151363626,0.006314092856067438,0.44999999999999996,1.0,7.619952623149688,23.0,7.995247647281745,-1.661995262314969,1.0
1771585731.8539045,9,123,1920000.0,0.030144630515,0.00788095013307405,0.19999999999999996,1.0,7.619952623149688,23.0,11.234200541743819,0.23800473768503116,1.0
1771585731.8658402,9,124,2760000.0,0.022639195732391305,0.012694758753555102,0.0,1.0,7.619952623149688,23.0,7.488309859724464,0.8380047376850313,1.0
1771585731.8783412,9,125,1320000.0,0.01695144869681818,0.015056367917795882,0.44999999999999996,1.0,7.619952623149688,23.0,11.234200541743819,-1.661995262314969,1.0
1771585731.8909645,9,126,1800000.0,0.03190296384833333,0.00705092586512976,0.25,1.0,7.619952623149688,23.0,11.234200541743819,0.21300473768503114,1.0
1771585731.9036222,9,127,1920000.0,0.030019630514999996,0.0087927526975345,0.19999999999999996,1.0,7.619952623149688,23.0,10.119959086474898,0.23800473768503116,1.0
1771585731.9157867,9,128,2640000.0,0.01817872142409091,0.01187686479485945,0.0,1.0,7.619952623149688,23.0,11.234200541743819,0.8380047376850313,1.0
1771585731.927713,9,129,1680000.0,0.022626773372142854,0.013590212564600326,0.30000000000000004,1.0,7.619952623149688,23.0,11.234200541743819,-1.661995262314969,1.0
1771585731.9424763,9,130,1920000.0,0.026769630514999997,0.010210288928331077,0.19999999999999996,1.0,7.619952623149688,23.0,11.234200541743819,0.23800473768503116,1.0
1771585731.953926,9,131,2160000.0,0.03165851940388889,0.007309726312621545,0.09999999999999998,1.0,7.619952623149688,23.0,11.234200541743819,0.33800473768503125,1.0
1771585731.9652462,9,132,2040000.0,0.021181395220882356,0.011882061732016879,0.15000000000000002,1.0,7.619952623149688,23.0,11.234200541743819,0.2630047376850313,1.0
1771585731.978302,9,133,1680000.0,0.029555344800714284,0.00861210586017954,0.30000000000000004,1.0,7.619952623149688,23.0,9.638747790027777,-1.661995262314969,1.0
1771585731.9914832,9,134,2520000.0,0.024579154324523813,0.012140522651411379,0.0,1.0,7.619952623149688,23.0,11.234200541743819,0.8380047376850313,1.0
1771585732.0020108,9,135,2280000.0,0.012769630515000005,0.010992820623623308,0.050000000000000044,1.0,7.619952623149688,23.0,11.234200541743819,0.33800473768503125,1.0
1771585732.0149524,9,136,1320000.0,0.025951448696818178,0.011937855615403246,0.44999999999999996,1.0,7.619952623149688,23.0,7.488309859724464,-1.661995262314969,1.0
1771585732.0268183,9,137,2760000.0,0.022769630515,0.01176213526902987,0.0,1.0,7.619952623149688,23.0,11.234200541743819,0.8380047376850313,1.0
1771585732.039694,9,138,1680000.0,0.021269630515000002,0.011733651240281997,0.30000000000000004,1.0,7.619952623149688,23.0,11.234200541743819,-1.661995262314969,1.0
1771585732.0514076,9,139,2040000.0,0.013593159926764712,0.011340895773924442,0.15000000000000002,1.0,7.619952623149688,23.0,10.119959086474898,0.2630047376850313,1.0
1771585732.063769,9,140,1680000.0,0.030841059086428563,0.009176556199003524,0.30000000000000004,1.0,7.619952623149688,23.0,8.804985870897262,-1.661995262314969,1.0
1771585732.0748138,9,141,2160000.0,0.018158519403888893,0.013363045598003508,0.09999999999999998,1.0,7.619952623149688,23.0,11.234200541743819,0.33800473768503125,1.0
1771585732.0894907,9,142,1680000.0,0.027198201943571424,0.013205595598156143,0.30000000000000004,1.0,7.619952623149688,23.0,8.804985870897262,-1.661995262314969,1.0
1771585732.1024795,9,143,2520000.0,0.019293440038809527,0.01374121034254276,0.0,1.0,7.619952623149688,23.0,11.234200541743819,0.8380047376850313,1.0
1771585732.1150417,9,144,2040000.0,0.029181395220882346,0.010666378312134727,0.15000000000000002,1.0,7.619952623149688,23.0,8.804985870897262,0.2630047376850313,1.0
1771585732.1262004,9,145,2040000.0,0.005769630515,1.1641532182693481e-10,0.15000000000000002,1.0,7.619952623149688,23.0,10.119959086474898,0.4130047376850312,1.0
1771585732.1383054,9,146,2040000.0,0.02665198345617647,0.010464968749798352,0.15000000000000002,1.0,7.619952623149688,23.0,11.234200541743819,0.2630047376850313,1.0
1771585732.1491315,9,147,2400000.0,0.018069630515000008,0.013054118124178263,0.0,1.0,7.619952623149688,23.0,11.234200541743819,0.8380047376850313,1.0
1771585732.1598315,9,148,1920000.0,0.014207130515,0.012082884330738253,0.19999999999999996,1.0,7.619952623149688,23.0,10.119959086474898,0.23800473768503116,1.0
1771585732.1709876,9,149,1800000.0,0.023236297181666664,0.011140716115024003,0.25,1.0,7.619952623149688,23.0,11.234200541743819,0.21300473768503114,1.0
1771585732.1840382,9,150,2520000.0,0.02238867813404762,0.012365374815631986,0.0,1.0,7.619952623149688,23.0,11.234200541743819,0.8380047376850313,1.0
1771585732.1969948,9,151,1080000.0,0.031769630515,0.009475113602367921,0.55,1.0,7.619952623149688,23.0,9.638747790027777,-1.661995262314969,1.0
1771585732.208746,9,152,2160000.0,0.022325186070555558,0.014735528577867012,0.09999999999999998,1.0,7.619952623149688,23.0,11.234200541743819,0.33800473768503125,1.0
1771585732.223192,9,153,2400000.0,0.026419630514999997,0.011934299309134158,0.0,1.0,7.619952623149688,23.0,11.234200541743819,0.8380047376850313,1.0
1771585732.2364104,9,154,1440000.0,0.022852963848333335,0.013300741416260305,0.4,1.0,7.619952623149688,23.0,11.234200541743819,-1.661995262314969,1.0
1771585732.250039,9,155,1560000.0,0.03338501513038462,0.007426961916800807,0.35,1.0,7.619952623149688,23.0,11.234200541743819,-1.661995262314969,1.0
1771585732.2623324,9,156,2040000.0,0.025416689338529412,0.011565370096418356,0.15000000000000002,1.0,7.619952623149688,23.0,11.234200541743819,0.2630047376850313,1.0
1771585732.2746205,9,157,1920000.0,0.030644630514999993,0.008774074025217704,0.19999999999999996,1.0,7.619952623149688,23.0,11.234200541743819,0.23800473768503116,1.0
1771585732.2875326,9,158,1920000.0,0.014082130515000006,0.011514766335015227,0.19999999999999996,1.0,7.619952623149688,23.0,11.234200541743819,0.23800473768503116,1.0
1771585732.2995646,9,159,1920000.0,0.026082130515,0.010704664579051507,0.19999999999999996,1.0,7.619952623149688,23.0,11.234200541743819,0.23800473768503116,1.0
1771585732.3133152,9,160,1920000.0,0.025144630515,0.01085630577130177,0.19999999999999996,1.0,7.619952623149688,23.0,10.119959086474898,0.23800473768503116,1.0
1771585732.3259914,9,161,2520000.0,0.02391248765785714,0.011646727373103622,0.0,1.0,7.619952623149688,23.0,9.209854982705023,0.8380047376850313,1.0
1771585732.3388047,9,162,2160000.0,0.022880741626111107,0.012050306076743863,0.09999999999999998,1.0,7.619952623149688,23.0,8.804985870897262,0.33800473768503125,1.0
1771585732.34993,9,163,2280000.0,0.012769630515,0.010992820623623306,0.050000000000000044,1.0,7.619952623149688,23.0,11.234200541743819,0.33800473768503125,1.0
1771585732.3615212,9,164,1440000.0,0.016186297181666667,0.013143175246322922,0.4,1.0,7.619952623149688,23.0,11.234200541743819,-1.661995262314969,1.0
1771585732.3740401,9,165,1800000.0,0.034302963848333326,0.00559603033904887,0.25,1.0,7.619952623149688,23.0,11.234200541743819,0.21300473768503114,1.0
1771585732.3881054,9,166,2160000.0,0.02782518607055555,0.011582900338296698,0.09999999999999998,1.0,7.619952623149688,23.0,10.119959086474898,0.33800473768503125,1.0
1771585732.3997762,9,167,1680000.0,0.02148391622928572,0.012936264483053433,0.30000000000000004,1.0,7.619952623149688,23.0,11.234200541743819,-1.661995262314969,1.0
1771585732.4132216,9,168,2520000.0,0.022912487657857143,0.01219010416098985,0.0,1.0,7.619952623149688,23.0,8.804985870897262,0.8380047376850313,1.0
1771585732.4253097,9,169,2280000.0,0.012769630515000005,0.010992820623623306,0.050000000000000044,1.0,7.619952623149688,23.0,10.119959086474898,0.33800473768503125,1.0
1771585732.4370215,9,170,1680000.0,0.021769630514999996,0.014530755559944479,0.30000000000000004,1.0,7.619952623149688,23.0,11.234200541743819,-1.661995262314969,1.0
1771585732.4489417,9,171,2280000.0,0.027138051567631577,0.010936229150545493,0.050000000000000044,1.0,7.619952623149688,23.0,11.234200541743819,0.33800473768503125,1.0
1771585732.4618814,9,172,1560000.0,0.025231168976538456,0.01255520354652504,0.35,1.0,7.619952623149688,23.0,10.119959086474898,-1.661995262314969,1.0
1771585732.4748554,9,173,1560000.0,0.031769630515,0.008814324006542276,0.35,1.0,7.619952623149688,23.0,9.209854982705023,-1.661995262314969,1.0
1771585732.501949,9,174,2040000.0,0.03229904227970588,0.006903687395441604,0.15000000000000002,1.0,7.619952623149688,23.0,11.234200541743819,0.2630047376850313,1.0
1771585732.5183413,9,175,2040000.0,0.028181395220882345,0.010123117536140707,0.15000000000000002,1.0,7.619952623149688,23.0,9.638747790027777,0.2630047376850313,1.0
1771585732.5304055,9,176,2400000.0,0.01581963051500001,0.01326452034564384,0.0,1.0,7.619952623149688,23.0,11.234200541743819,0.8380047376850313,1.0
1771585732.542367,9,177,1200000.0,0.03136963051499999,0.009748846085563175,0.5,1.0,7.619952623149688,23.0,7.995247647281745,-1.661995262314969,1.0
1771585732.553772,9,178,2760000.0,0.023552239210652172,0.011802566123845707,0.0,1.0,7.619952623149688,23.0,10.119959086474898,0.8380047376850313,1.0
1771585732.566426,9,179,1320000.0,0.02286053960590909,0.014009441916433265,0.44999999999999996,1.0,7.619952623149688,23.0,11.234200541743819,-1.661995262314969,1.0
1771585732.5780594,9,180,3000000.0,0.016089630515000005,0.012552991675293966,0.0,1.0,7.619952623149688,23.0,11.234200541743819,0.8380047376850313,1.0
1771585732.5896187,9,181,1560000.0,0.023846553591923073,0.012079617533817602,0.35,1.0,7.619952623149688,23.0,10.20212241284837,-1.661995262314969,1.0
1771585732.6032982,9,182,1560000.0,0.031231168976538458,0.010330056106894954,0.35,1.0,7.619952623149688,23.0,11.234200541743819,-1.661995262314969,1.0
1771585732.6158116,9,183,1920000.0,0.02839463051499999,0.010723076750634605,0.19999999999999996,1.0,7.619952623149688,23.0,11.234200541743819,0.23800473768503116,1.0
1771585732.6287954,9,184,1800000.0,0.031236297181666657,0.009017513823419185,0.25,1.0,7.619952623149688,23.0,10.119959086474898,0.21300473768503114,1.0
1771585732.6400745,9,185,2160000.0,0.019436297181666666,0.013063945294843624,0.09999999999999998,1.0,7.619952623149688,23.0,11.234200541743819,0.33800473768503125,1.0
1771585732.6544614,9,186,1800000.0,0.02983629718166666,0.011624495210067805,0.25,1.0,7.619952623149688,23.0,11.234200541743819,0.21300473768503114,1.0
1771585732.6710033,9,187,2160000.0,0.025769630515,0.010801234497346431,0.09999999999999998,1.0,7.619952623149688,23.0,10.119959086474898,0.33800473768503125,1.0
1771585732.6846004,9,188,1680000.0,0.03305534480071428,0.0062954470104373715,0.30000000000000004,1.0,7.619952623149688,23.0,11.234200541743819,-1.661995262314969,1.0
1771585732.6996224,9,189,1800000.0,0.032636297181666656,0.007191352832086318,0.25,1.0,7.619952623149688,23.0,11.234200541743819,0.21300473768503114,1.0
1771585732.7133908,9,190,3000000.0,0.015609630515000007,0.012670217046286123,0.0,1.0,7.619952623149688,23.0,10.119959086474898,0.8380047376850313,1.0
1771585732.7264645,9,191,1080000.0,0.032880741626111105,0.010587670444063647,0.55,1.0,7.619952623149688,23.0,11.234200541743819,-1.661995262314969,1.0
1771585732.7380157,9,192,2760000.0,0.022247891384565215,0.012843098519598809,0.0,1.0,7.619952623149688,23.0,11.234200541743819,0.8380047376850313,1.0
1771585732.752146,9,193,1320000.0,0.031133266878636358,0.007289752798810722,0.44999999999999996,1.0,7.619952623149688,23.0,11.234200541743819,-1.661995262314969,1.0
1771585732.7634437,9,194,2880000.0,0.015394630515000009,0.01326905076986793,0.0,1.0,7.619952623149688,23.0,11.234200541743819,0.8380047376850313,1.0
1771585732.7756314,9,195,2160000.0,0.013158519403888892,0.0111661138613858,0.09999999999999998,1.0,7.619952623149688,23.0,11.234200541743819,0.33800473768503125,1.0
1771585732.7881312,9,196,1560000.0,0.021308092053461538,0.013815350351165323,0.35,1.0,7.619952623149688,23.0,7.488309859724464,-1.661995262314969,1.0
1771585732.8020072,9,197,2280000.0,0.031032788409736844,0.010371225909689072,0.050000000000000044,1.0,7.619952623149688,23.0,11.234200541743819,0.33800473768503125,1.0
1771585732.8139315,9,198,1200000.0,0.014469630514999998,0.01347627544984147,0.5,1.0,7.619952623149688,23.0,11.234200541743819,-1.661995262314969,1.0
1771585732.8262978,9,199,3120000.0,0.016000399745769237,0.011981741533579945,0.0,1.0,7.619952623149688,23.0,8.804985870897262,0.8380047376850313,1.0
1771585732.8384984,9,200,1440000.0,0.016186297181666667,0.013143175246322922,0.4,1.0,7.619952623149688,23.0,11.234200541743819,-1.661995262314969,1.0
