ts,episode,step,thr,delay,jitter,loss,numUe,stepEnergyJ,txPowerDbm,sinr,rew,act_m
1771585734.037365,0,0,0.0,0.0,0.0,0.0,1.0,0.0,23.0,0.0,1.75,2.0
1771585734.047149,0,1,1920000.0,0.004769630514999999,8.231806349783991e-11,0.05882352941176472,1.0,16.18107170553497,46.0,29.496792928171057,-0.36810717055349684,2.0
1771585734.0554829,0,2,2400000.0,0.004769630514999999,8.231806349783991e-11,0.0,1.0,16.18107170553497,46.0,29.496792928171057,0.13189282944650316,2.0
1771585734.0641074,0,3,2400000.0,0.004769630514999999,8.231806349783991e-11,0.0,1.0,16.18107170553497,46.0,29.496792928171057,0.13189282944650316,2.0
1771585734.0799496,0,4,2400000.0,0.004769630514999999,8.231806349783991e-11,0.0,1.0,16.18107170553497,46.0,29.496792928171057,0.13189282944650316,2.0
1771585734.0898364,0,5,2400000.0,0.004769630514999999,8.231806349783991e-11,0.0,1.0,16.18107170553497,46.0,29.496792928171057,0.13189282944650316,2.0
1771585734.0983696,0,6,2400000.0,0.004769630514999999,8.231806349783991e-11,0.0,1.0,16.18107170553497,46.0,29.496792928171057,0.13189282944650316,2.0
1771585734.1063929,0,7,2400000.0,0.004769630514999999,8.231806349783991e-11,0.0,1.0,16.18107170553497,46.0,29.496792928171057,0.13189282944650316,2.0
1771585734.1170535,0,8,2400000.0,0.004769630514999999,8.231806349783991e-11,0.0,1.0,16.18107170553497,46.0,29.496792928171057,0.13189282944650316,2.0
1771585734.1347904,0,9,2400000.0,0.004769630514999999,8.231806349783991e-11,0.0,1.0,16.18107170553497,46.0,29.496792928171057,0.13189282944650316,2.0
1771585734.1467204,0,10,2400000.0,0.004769630514999999,8.231806349783991e-11,0.0,1.0,16.18107170553497,46.0,29.496792928171057,0.13189282944650316,2.0
1771585734.156644,0,11,2400000.0,0.004769630514999999,8.231806349783991e-11,0.0,1.0,16.18107170553497,46.0,29.496792928171057,0.13189282944650316,2.0
1771585734.166558,0,12,2400000.0,0.004769630514999999,8.231806349783991e-11,0.0,1.0,16.18107170553497,46.0,29.496792928171057,0.13189282944650316,2.0
1771585734.175398,0,13,2400000.0,0.004769630514999999,8.231806349783991e-11,0.0,1.0,16.18107170553497,46.0,29.496792928171057,0.13189282944650316,2.0
1771585734.184112,0,14,2400000.0,0.004769630514999999,8.231806349783991e-11,0.0,1.0,16.18107170553497,46.0,29.496792928171057,0.13189282944650316,2.0
1771585734.208045,0,15,2400000.0,0.004769630514999999,8.231806349783991e-11,0.0,1.0,16.18107170553497,46.0,29.496792928171057,0.13189282944650316,2.0
1771585734.2245147,0,16,2400000.0,0.004769630514999999,8.231806349783991e-11,0.0,1.0,16.18107170553497,46.0,29.496792928171057,0.13189282944650316,2.0
1771585734.2358809,0,17,2400000.0,0.004769630514999999,8.231806349783991e-11,0.0,1.0,16.18107170553497,46.0,29.496792928171057,0.13189282944650316,2.0
1771585734.2435367,0,18,2400000.0,0.004769630514999999,8.231806349783991e-11,0.0,1.0,16.18107170553497,46.0,29.496792928171057,0.13189282944650316,2.0
1771585734.2513735,0,19,2400000.0,0.004769630514999999,8.231806349783991e-11,0.0,1.0,16.18107170553497,46.0,29.496792928171057,0.13189282944650316,2.0
1771585734.258926,0,20,2400000.0,0.004769630514999999,8.231806349783991e-11,0.0,1.0,16.18107170553497,46.0,29.496792928171057,0.13189282944650316,2.0
1771585734.2663424,0,21,2400000.0,0.004769630514999999,8.231806349783991e-11,0.0,1.0,16.18107170553497,46.0,29.496792928171057,0.13189282944650316,2.0
1771585734.2748387,0,22,2400000.0,0.004769630514999999,8.231806349783991e-11,0.0,1.0,16.18107170553497,46.0,29.496792928171057,0.13189282944650316,2.0
1771585734.2831054,0,23,2400000.0,0.004769630514999999,8.231806349783991e-11,0.0,1.0,16.18107170553497,46.0,29.496792928171057,0.13189282944650316,2.0
1771585734.2910185,0,24,2400000.0,0.004769630514999999,8.231806349783991e-11,0.0,1.0,16.18107170553497,46.0,29.496792928171057,0.13189282944650316,2.0
1771585734.298948,0,25,2400000.0,0.004769630514999999,8.231806349783991e-11,0.0,1.0,16.18107170553497,46.0,29.496792928171057,0.13189282944650316,2.0
1771585734.3072352,0,26,2400000.0,0.004769630514999999,8.231806349783991e-11,0.0,1.0,16.18107170553497,46.0,29.496792928171057,0.13189282944650316,2.0
1771585734.315546,0,27,2400000.0,0.004769630514999999,8.231806349783991e-11,0.0,1.0,16.18107170553497,46.0,29.496792928171057,0.13189282944650316,2.0
1771585734.3233905,0,28,2400000.0,0.004769630514999999,8.231806349783991e-11,0.0,1.0,16.18107170553497,46.0,29.496792928171057,0.13189282944650316,2.0
1771585734.3307254,0,29,2400000.0,0.004769630514999999,8.231806349783991e-11,0.0,1.0,16.18107170553497,46.0,29.496792928171057,0.13189282944650316,2.0
1771585734.3381238,0,30,2400000.0,0.004769630514999999,8.231806349783991e-11,0.0,1.0,16.18107170553497,46.0,29.496792928171057,0.13189282944650316,2.0
1771585734.3455563,0,31,2400000.0,0.004769630514999999,8.231806349783991e-11,0.0,1.0,16.18107170553497,46.0,29.496792928171057,0.13189282944650316,2.0
1771585734.353756,0,32,2400000.0,0.004769630514999999,8.231806349783991e-11,0.0,1.0,16.18107170553497,46.0,29.496792928171057,0.13189282944650316,2.0
1771585734.3608465,0,33,2400000.0,0.004769630514999999,8.231806349783991e-11,0.0,1.0,16.18107170553497,46.0,29.496792928171057,0.13189282944650316,2.0
1771585734.3680563,0,34,2400000.0,0.004769630514999999,8.231806349783991e-11,0.0,1.0,16.18107170553497,46.0,29.496792928171057,0.13189282944650316,2.0
1771585734.37568,0,35,2400000.0,0.004769630514999999,8.231806349783991e-11,0.0,1.0,16.18107170553497,46.0,29.496792928171057,0.13189282944650316,2.0
1771585734.3860087,0,36,2400000.0,0.004769630514999999,8.231806349783991e-11,0.0,1.0,16.18107170553497,46.0,29.496792928171057,0.13189282944650316,2.0
1771585734.3939936,0,37,2400000.0,0.004769630514999999,8.231806349783991e-11,0.0,1.0,16.18107170553497,46.0,29.496792928171057,0.13189282944650316,2.0
1771585734.401719,0,38,2400000.0,0.004769630514999999,8.231806349783991e-11,0.0,1.0,16.18107170553497,46.0,29.496792928171057,0.13189282944650316,2.0
1771585734.409405,0,39,2400000.0,0.004769630514999999,8.231806349783991e-11,0.0,1.0,16.18107170553497,46.0,29.496792928171057,0.13189282944650316,2.0
1771585734.4173572,0,40,2400000.0,0.004769630514999999,8.231806349783991e-11,0.0,1.0,16.18107170553497,46.0,29.496792928171057,0.13189282944650316,2.0
1771585734.4255893,0,41,2400000.0,0.004769630514999999,8.231806349783991e-11,0.0,1.0,16.18107170553497,46.0,29.496792928171057,0.13189282944650316,2.0
1771585734.4334679,0,42,2400000.0,0.004769630514999999,8.231806349783991e-11,0.0,1.0,16.18107170553497,46.0,29.496792928171057,0.13189282944650316,2.0
1771585734.4414022,0,43,2400000.0,0.004769630514999999,8.231806349783991e-11,0.0,1.0,16.18107170553497,46.0,29.496792928171057,0.13189282944650316,2.0
1771585734.449776,0,44,2400000.0,0.004769630514999999,8.231806349783991e-11,0.0,1.0,16.18107170553497,46.0,29.496792928171057,0.13189282944650316,2.0
1771585734.457851,0,45,2400000.0,0.004769630514999999,8.231806349783991e-11,0.0,1.0,16.18107170553497,46.0,29.496792928171057,0.13189282944650316,2.0
1771585734.4659438,0,46,2400000.0,0.004769630514999999,8.231806349783991e-11,0.0,1.0,16.18107170553497,46.0,29.496792928171057,0.13189282944650316,2.0
1771585734.4741578,0,47,2400000.0,0.004769630514999999,8.231806349783991e-11,0.0,1.0,16.18107170553497,46.0,29.496792928171057,0.13189282944650316,2.0
1771585734.4820347,0,48,2400000.0,0.004769630514999999,8.231806349783991e-11,0.0,1.0,16.18107170553497,46.0,29.496792928171057,0.13189282944650316,2.0
1771585734.4958105,0,49,2400000.0,0.004769630514999999,8.231806349783991e-11,0.0,1.0,16.18107170553497,46.0,29.496792928171057,0.13189282944650316,2.0
1771585734.5036922,0,50,2400000.0,0.004769630514999999,8.231806349783991e-11,0.0,1.0,16.18107170553497,46.0,29.496792928171057,0.13189282944650316,2.0
1771585734.511954,0,51,2400000.0,0.004769630514999999,8.231806349783991e-11,0.0,1.0,16.18107170553497,46.0,29.496792928171057,0.13189282944650316,2.0
1771585734.5224218,0,52,2400000.0,0.004769630514999999,8.231806349783991e-11,0.0,1.0,16.18107170553497,46.0,29.496792928171057,0.13189282944650316,2.0
1771585734.5303175,0,53,2400000.0,0.004769630514999999,8.231806349783991e-11,0.0,1.0,16.18107170553497,46.0,29.496792928171057,0.13189282944650316,2.0
1771585734.5378802,0,54,2400000.0,0.004769630514999999,8.231806349783991e-11,0.0,1.0,16.18107170553497,46.0,29.496792928171057,0.13189282944650316,2.0
1771585734.5459464,0,55,2400000.0,0.004769630514999999,8.231806349783991e-11,0.0,1.0,16.18107170553497,46.0,29.496792928171057,0.13189282944650316,2.0
1771585734.5536225,0,56,2400000.0,0.004769630514999999,8.231806349783991e-11,0.0,1.0,16.18107170553497,46.0,29.496792928171057,0.13189282944650316,2.0
1771585734.561803,0,57,2400000.0,0.004769630514999999,8.231806349783991e-11,0.0,1.0,16.18107170553497,46.0,29.496792928171057,0.13189282944650316,2.0
1771585734.5695908,0,58,2400000.0,0.004769630514999999,8.231806349783991e-11,0.0,1.0,16.18107170553497,46.0,29.496792928171057,0.13189282944650316,2.0
1771585734.5773172,0,59,2400000.0,0.004769630514999999,8.231806349783991e-11,0.0,1.0,16.18107170553497,46.0,29.496792928171057,0.13189282944650316,2.0
1771585734.5850625,0,60,2400000.0,0.004769630514999999,8.231806349783991e-11,0.0,1.0,16.18107170553497,46.0,29.496792928171057,0.13189282944650316,2.0
1771585734.5931036,0,61,2400000.0,0.004769630514999999,8.231806349783991e-11,0.0,1.0,16.18107170553497,46.0,29.496792928171057,0.13189282944650316,2.0
1771585734.600784,0,62,2400000.0,0.004769630514999999,8.231806349783991e-11,0.0,1.0,16.18107170553497,46.0,29.496792928171057,0.13189282944650316,2.0
1771585734.6086056,0,63,2400000.0,0.004769630514999999,8.231806349783991e-11,0.0,1.0,16.18107170553497,46.0,29.496792928171057,0.13189282944650316,2.0
1771585734.6168962,0,64,2400000.0,0.004769630514999999,8.231806349783991e-11,0.0,1.0,16.18107170553497,46.0,29.496792928171057,0.13189282944650316,2.0
1771585734.624744,0,65,2400000.0,0.004769630514999999,8.231806349783991e-11,0.0,1.0,16.18107170553497,46.0,29.496792928171057,0.13189282944650316,2.0
1771585734.6328335,0,66,2400000.0,0.004769630514999999,8.231806349783991e-11,0.0,1.0,16.18107170553497,46.0,29.496792928171057,0.13189282944650316,2.0
1771585734.6409507,0,67,2400000.0,0.004769630514999999,8.231806349783991e-11,0.0,1.0,16.18107170553497,46.0,29.496792928171057,0.13189282944650316,2.0
1771585734.6490376,0,68,2400000.0,0.004769630514999999,8.231806349783991e-11,0.0,1.0,16.18107170553497,46.0,29.496792928171057,0.13189282944650316,2.0
1771585734.6575933,0,69,2400000.0,0.004769630514999999,8.231806349783991e-11,0.0,1.0,16.18107170553497,46.0,29.496792928171057,0.13189282944650316,2.0
1771585734.6657355,0,70,2400000.0,0.004769630514999999,8.231806349783991e-11,0.0,1.0,16.18107170553497,46.0,29.496792928171057,0.13189282944650316,2.0
1771585734.6735933,0,71,2400000.0,0.004769630514999999,8.231806349783991e-11,0.0,1.0,16.18107170553497,46.0,29.496792928171057,0.13189282944650316,2.0
1771585734.6821306,0,72,2400000.0,0.004769630514999999,8.231806349783991e-11,0.0,1.0,16.18107170553497,46.0,29.496792928171057,0.13189282944650316,2.0
1771585734.6901474,0,73,2400000.0,0.004769630514999999,8.231806349783991e-11,0.0,1.0,16.18107170553497,46.0,29.496792928171057,0.13189282944650316,2.0
1771585734.6981032,0,74,2400000.0,0.004769630514999999,8.231806349783991e-11,0.0,1.0,16.18107170553497,46.0,29.496792928171057,0.13189282944650316,2.0
1771585734.7062156,0,75,2400000.0,0.004769630514999999,8.231806349783991e-11,0.0,1.0,16.18107170553497,46.0,29.496792928171057,0.13189282944650316,2.0
1771585734.7146602,0,76,2400000.0,0.004769630514999999,8.231806349783991e-11,0.0,1.0,16.18107170553497,46.0,29.496792928171057,0.13189282944650316,2.0
1771585734.7225761,0,77,2400000.0,0.004769630514999999,8.231806349783991e-11,0.0,1.0,16.18107170553497,46.0,29.496792928171057,0.13189282944650316,2.0
1771585734.7308216,0,78,2400000.0,0.004769630514999999,8.231806349783991e-11,0.0,1.0,16.18107170553497,46.0,29.496792928171057,0.13189282944650316,2.0
1771585734.739667,0,79,2400000.0,0.004769630514999999,8.231806349783991e-11,0.0,1.0,16.18107170553497,46.0,29.496792928171057,0.13189282944650316,2.0
1771585734.7478547,0,80,2400000.0,0.004769630514999999,8.231806349783991e-11,0.0,1.0,16.18107170553497,46.0,29.496792928171057,0.13189282944650316,2.0
1771585734.7557979,0,81,2400000.0,0.004769630514999999,8.231806349783991e-11,0.0,1.0,16.18107170553497,46.0,29.496792928171057,0.13189282944650316,2.0
1771585734.764608,0,82,2400000.0,0.004769630514999999,8.231806349783991e-11,0.0,1.0,16.18107170553497,46.0,29.496792928171057,0.13189282944650316,2.0
1771585734.7725859,0,83,2400000.0,0.004769630514999999,8.231806349783991e-11,0.0,1.0,16.18107170553497,46.0,29.496792928171057,0.13189282944650316,2.0
1771585734.781408,0,84,2400000.0,0.004769630514999999,8.231806349783991e-11,0.0,1.0,16.18107170553497,46.0,29.496792928171057,0.13189282944650316,2.0
1771585734.7898767,0,85,2400000.0,0.004769630514999999,8.231806349783991e-11,0.0,1.0,16.18107170553497,46.0,29.496792928171057,0.13189282944650316,2.0
1771585734.7981675,0,86,2400000.0,0.004769630514999999,8.231806349783991e-11,0.0,1.0,16.18107170553497,46.0,29.496792928171057,0.13189282944650316,2.0
1771585734.8065908,0,87,2400000.0,0.004769630514999999,8.231806349783991e-11,0.0,1.0,16.18107170553497,46.0,29.496792928171057,0.13189282944650316,2.0
1771585734.8148885,0,88,2400000.0,0.004769630514999999,8.231806349783991e-11,0.0,1.0,16.18107170553497,46.0,29.496792928171057,0.13189282944650316,2.0
1771585734.8231184,0,89,2400000.0,0.004769630514999999,8.231806349783991e-11,0.0,1.0,16.18107170553497,46.0,29.496792928171057,0.13189282944650316,2.0
1771585734.8312078,0,90,2400000.0,0.004769630514999999,8.231806349783991e-11,0.0,1.0,16.18107170553497,46.0,29.496792928171057,0.13189282944650316,2.0
1771585734.8395872,0,91,2400000.0,0.004769630514999999,8.231806349783991e-11,0.0,1.0,16.18107170553497,46.0,29.496792928171057,0.13189282944650316,2.0
1771585734.8477705,0,92,2400000.0,0.004769630514999999,8.231806349783991e-11,0.0,1.0,16.18107170553497,46.0,29.496792928171057,0.13189282944650316,2.0
1771585734.8561807,0,93,2400000.0,0.004769630514999999,8.231806349783991e-11,0.0,1.0,16.18107170553497,46.0,29.496792928171057,0.13189282944650316,2.0
1771585734.86488,0,94,2400000.0,0.004769630514999999,8.231806349783991e-11,0.0,1.0,16.18107170553497,46.0,29.496792928171057,0.13189282944650316,2.0
1771585734.8732367,0,95,2400000.0,0.004769630514999999,8.231806349783991e-11,0.0,1.0,16.18107170553497,46.0,29.496792928171057,0.13189282944650316,2.0
1771585734.881307,0,96,2400000.0,0.004769630514999999,8.231806349783991e-11,0.0,1.0,16.18107170553497,46.0,29.496792928171057,0.13189282944650316,2.0
1771585734.889459,0,97,2400000.0,0.004769630514999999,8.231806349783991e-11,0.0,1.0,16.18107170553497,46.0,29.496792928171057,0.13189282944650316,2.0
1771585734.898153,0,98,2400000.0,0.004769630514999999,8.231806349783991e-11,0.0,1.0,16.18107170553497,46.0,29.496792928171057,0.13189282944650316,2.0
1771585734.9068654,0,99,2400000.0,0.004769630514999999,8.231806349783991e-11,0.0,1.0,16.18107170553497,46.0,29.496792928171057,0.13189282944650316,2.0
1771585734.9159884,0,100,2400000.0,0.004769630514999999,8.231806349783991e-11,0.0,1.0,16.18107170553497,46.0,29.496792928171057,0.13189282944650316,2.0
1771585734.9251764,0,101,2400000.0,0.004769630514999999,8.231806349783991e-11,0.0,1.0,16.18107170553497,46.0,29.496792928171057,0.13189282944650316,2.0
1771585734.9337332,0,102,2400000.0,0.004769630514999999,8.231806349783991e-11,0.0,1.0,16.18107170553497,46.0,29.496792928171057,0.13189282944650316,2.0
1771585734.942317,0,103,2400000.0,0.004769630514999999,8.231806349783991e-11,0.0,1.0,16.18107170553497,46.0,29.496792928171057,0.13189282944650316,2.0
1771585734.9513724,0,104,2400000.0,0.004769630514999999,8.231806349783991e-11,0.0,1.0,16.18107170553497,46.0,29.496792928171057,0.13189282944650316,2.0
1771585734.9606025,0,105,2400000.0,0.004769630514999999,8.231806349783991e-11,0.0,1.0,16.18107170553497,46.0,29.496792928171057,0.13189282944650316,2.0
1771585734.9691157,0,106,2400000.0,0.004769630514999999,8.231806349783991e-11,0.0,1.0,16.18107170553497,46.0,29.496792928171057,0.13189282944650316,2.0
1771585734.9779477,0,107,2400000.0,0.004769630514999999,8.231806349783991e-11,0.0,1.0,16.18107170553497,46.0,29.496792928171057,0.13189282944650316,2.0
1771585734.9863522,0,108,2400000.0,0.004769630514999999,8.231806349783991e-11,0.0,1.0,16.18107170553497,46.0,29.496792928171057,0.13189282944650316,2.0
1771585734.9952912,0,109,2400000.0,0.004769630514999999,8.231806349783991e-11,0.0,1.0,16.18107170553497,46.0,29.496792928171057,0.13189282944650316,2.0
1771585735.0037026,0,110,2400000.0,0.004769630514999999,8.231806349783991e-11,0.0,1.0,16.18107170553497,46.0,29.496792928171057,0.13189282944650316,2.0
1771585735.0123434,0,111,2400000.0,0.004769630514999999,8.231806349783991e-11,0.0,1.0,16.18107170553497,46.0,29.496792928171057,0.13189282944650316,2.0
1771585735.0209816,0,112,2400000.0,0.004769630514999999,8.231806349783991e-11,0.0,1.0,16.18107170553497,46.0,29.496792928171057,0.13189282944650316,2.0
1771585735.0302737,0,113,2400000.0,0.004769630514999999,8.231806349783991e-11,0.0,1.0,16.18107170553497,46.0,29.496792928171057,0.13189282944650316,2.0
1771585735.0389302,0,114,2400000.0,0.004769630514999999,8.231806349783991e-11,0.0,1.0,16.18107170553497,46.0,29.496792928171057,0.13189282944650316,2.0
1771585735.0477283,0,115,2400000.0,0.004769630514999999,8.231806349783991e-11,0.0,1.0,16.18107170553497,46.0,29.496792928171057,0.13189282944650316,2.0
1771585735.0562105,0,116,2400000.0,0.004769630514999999,8.231806349783991e-11,0.0,1.0,16.18107170553497,46.0,29.496792928171057,0.13189282944650316,2.0
1771585735.0645163,0,117,2400000.0,0.004769630514999999,8.231806349783991e-11,0.0,1.0,16.18107170553497,46.0,29.496792928171057,0.13189282944650316,2.0
1771585735.0731008,0,118,2400000.0,0.004769630514999999,8.231806349783991e-11,0.0,1.0,16.18107170553497,46.0,29.496792928171057,0.13189282944650316,2.0
1771585735.0812461,0,119,2400000.0,0.004769630514999999,8.231806349783991e-11,0.0,1.0,16.18107170553497,46.0,29.496792928171057,0.13189282944650316,2.0
1771585735.089466,0,120,2400000.0,0.004769630514999999,8.231806349783991e-11,0.0,1.0,16.18107170553497,46.0,29.496792928171057,0.13189282944650316,2.0
1771585735.0974917,0,121,2400000.0,0.004769630514999999,8.231806349783991e-11,0.0,1.0,16.18107170553497,46.0,29.496792928171057,0.13189282944650316,2.0
1771585735.105471,0,122,2400000.0,0.004769630514999999,8.231806349783991e-11,0.0,1.0,16.18107170553497,46.0,29.496792928171057,0.13189282944650316,2.0
1771585735.1138859,0,123,2400000.0,0.004769630514999999,8.231806349783991e-11,0.0,1.0,16.18107170553497,46.0,29.496792928171057,0.13189282944650316,2.0
1771585735.1220145,0,124,2400000.0,0.004769630514999999,8.231806349783991e-11,0.0,1.0,16.18107170553497,46.0,29.496792928171057,0.13189282944650316,2.0
1771585735.130281,0,125,2400000.0,0.004769630514999999,8.231806349783991e-11,0.0,1.0,16.18107170553497,46.0,29.496792928171057,0.13189282944650316,2.0
1771585735.1387699,0,126,2400000.0,0.004769630514999999,8.231806349783991e-11,0.0,1.0,16.18107170553497,46.0,29.496792928171057,0.13189282944650316,2.0
1771585735.1473703,0,127,2400000.0,0.004769630514999999,8.231806349783991e-11,0.0,1.0,16.18107170553497,46.0,29.496792928171057,0.13189282944650316,2.0
1771585735.1559768,0,128,2400000.0,0.004769630514999999,8.231806349783991e-11,0.0,1.0,16.18107170553497,46.0,29.496792928171057,0.13189282944650316,2.0
1771585735.1644866,0,129,2400000.0,0.004769630514999999,8.231806349783991e-11,0.0,1.0,16.18107170553497,46.0,29.496792928171057,0.13189282944650316,2.0
1771585735.1731594,0,130,2400000.0,0.004769630514999999,8.231806349783991e-11,0.0,1.0,16.18107170553497,46.0,29.496792928171057,0.13189282944650316,2.0
1771585735.1824074,0,131,2400000.0,0.004769630514999999,8.231806349783991e-11,0.0,1.0,16.18107170553497,46.0,29.496792928171057,0.13189282944650316,2.0
1771585735.1922832,0,132,2400000.0,0.004769630514999999,8.231806349783991e-11,0.0,1.0,16.18107170553497,46.0,29.496792928171057,0.13189282944650316,2.0
1771585735.2006764,0,133,2400000.0,0.004769630514999999,8.231806349783991e-11,0.0,1.0,16.18107170553497,46.0,29.496792928171057,0.13189282944650316,2.0
1771585735.2091227,0,134,2400000.0,0.004769630514999999,8.231806349783991e-11,0.0,1.0,16.18107170553497,46.0,29.496792928171057,0.13189282944650316,2.0
1771585735.2171955,0,135,2400000.0,0.004769630514999999,8.231806349783991e-11,0.0,1.0,16.18107170553497,46.0,29.496792928171057,0.13189282944650316,2.0
1771585735.2258081,0,136,2400000.0,0.004769630514999999,8.231806349783991e-11,0.0,1.0,16.18107170553497,46.0,29.496792928171057,0.13189282944650316,2.0
1771585735.2341719,0,137,2400000.0,0.004769630514999999,8.231806349783991e-11,0.0,1.0,16.18107170553497,46.0,29.496792928171057,0.13189282944650316,2.0
1771585735.2426043,0,138,2400000.0,0.004769630514999999,8.231806349783991e-11,0.0,1.0,16.18107170553497,46.0,29.496792928171057,0.13189282944650316,2.0
1771585735.2508767,0,139,2400000.0,0.004769630514999999,8.231806349783991e-11,0.0,1.0,16.18107170553497,46.0,29.496792928171057,0.13189282944650316,2.0
1771585735.2589161,0,140,2400000.0,0.004769630514999999,8.231806349783991e-11,0.0,1.0,16.18107170553497,46.0,29.496792928171057,0.13189282944650316,2.0
1771585735.2666018,0,141,2400000.0,0.004769630514999999,8.231806349783991e-11,0.0,1.0,16.18107170553497,46.0,29.496792928171057,0.13189282944650316,2.0
1771585735.277497,0,142,2400000.0,0.004769630514999999,8.231806349783991e-11,0.0,1.0,16.18107170553497,46.0,29.496792928171057,0.13189282944650316,2.0
1771585735.2861822,0,143,2400000.0,0.004769630514999999,8.231806349783991e-11,0.0,1.0,16.18107170553497,46.0,29.496792928171057,0.13189282944650316,2.0
1771585735.2944572,0,144,2400000.0,0.004769630514999999,8.231806349783991e-11,0.0,1.0,16.18107170553497,46.0,29.496792928171057,0.13189282944650316,2.0
1771585735.3028712,0,145,2400000.0,0.004769630514999999,8.231806349783991e-11,0.0,1.0,16.18107170553497,46.0,29.496792928171057,0.13189282944650316,2.0
1771585735.3115685,0,146,2400000.0,0.004769630514999999,8.231806349783991e-11,0.0,1.0,16.18107170553497,46.0,29.496792928171057,0.13189282944650316,2.0
1771585735.3200052,0,147,2400000.0,0.004769630514999999,8.231806349783991e-11,0.0,1.0,16.18107170553497,46.0,29.496792928171057,0.13189282944650316,2.0
1771585735.3286557,0,148,2400000.0,0.004769630514999999,8.231806349783991e-11,0.0,1.0,16.18107170553497,46.0,29.496792928171057,0.13189282944650316,2.0
1771585735.3367348,0,149,2400000.0,0.004769630514999999,8.231806349783991e-11,0.0,1.0,16.18107170553497,46.0,29.496792928171057,0.13189282944650316,2.0
1771585735.3453765,0,150,2400000.0,0.004769630514999999,8.231806349783991e-11,0.0,1.0,16.18107170553497,46.0,29.496792928171057,0.13189282944650316,2.0
1771585735.3532841,0,151,2400000.0,0.004769630514999999,8.231806349783991e-11,0.0,1.0,16.18107170553497,46.0,29.496792928171057,0.13189282944650316,2.0
1771585735.361724,0,152,2400000.0,0.004769630514999999,8.231806349783991e-11,0.0,1.0,16.18107170553497,46.0,29.496792928171057,0.13189282944650316,2.0
1771585735.3695443,0,153,2400000.0,0.004769630514999999,8.231806349783991e-11,0.0,1.0,16.18107170553497,46.0,29.496792928171057,0.13189282944650316,2.0
1771585735.3777118,0,154,2400000.0,0.004769630514999999,8.231806349783991e-11,0.0,1.0,16.18107170553497,46.0,29.496792928171057,0.13189282944650316,2.0
1771585735.3859274,0,155,2400000.0,0.004769630514999999,8.231806349783991e-11,0.0,1.0,16.18107170553497,46.0,29.496792928171057,0.13189282944650316,2.0
1771585735.3941798,0,156,2400000.0,0.004769630514999999,8.231806349783991e-11,0.0,1.0,16.18107170553497,46.0,29.496792928171057,0.13189282944650316,2.0
1771585735.4021475,0,157,2400000.0,0.004769630514999999,8.231806349783991e-11,0.0,1.0,16.18107170553497,46.0,29.496792928171057,0.13189282944650316,2.0
1771585735.4101617,0,158,2400000.0,0.004769630514999999,8.231806349783991e-11,0.0,1.0,16.18107170553497,46.0,29.496792928171057,0.13189282944650316,2.0
1771585735.4181585,0,159,2400000.0,0.004769630514999999,8.231806349783991e-11,0.0,1.0,16.18107170553497,46.0,29.496792928171057,0.13189282944650316,2.0
1771585735.4266636,0,160,2400000.0,0.004769630514999999,8.231806349783991e-11,0.0,1.0,16.18107170553497,46.0,29.496792928171057,0.13189282944650316,2.0
1771585735.4349403,0,161,2400000.0,0.004769630514999999,8.231806349783991e-11,0.0,1.0,16.18107170553497,46.0,29.496792928171057,0.13189282944650316,2.0
1771585735.4428039,0,162,2400000.0,0.004769630514999999,8.231806349783991e-11,0.0,1.0,16.18107170553497,46.0,29.496792928171057,0.13189282944650316,2.0
1771585735.4507153,0,163,2400000.0,0.004769630514999999,8.231806349783991e-11,0.0,1.0,16.18107170553497,46.0,29.496792928171057,0.13189282944650316,2.0
1771585735.4591997,0,164,2400000.0,0.004769630514999999,8.231806349783991e-11,0.0,1.0,16.18107170553497,46.0,29.496792928171057,0.13189282944650316,2.0
1771585735.467191,0,165,2400000.0,0.004769630514999999,8.231806349783991e-11,0.0,1.0,16.18107170553497,46.0,29.496792928171057,0.13189282944650316,2.0
1771585735.4753191,0,166,2400000.0,0.004769630514999999,8.231806349783991e-11,0.0,1.0,16.18107170553497,46.0,29.496792928171057,0.13189282944650316,2.0
1771585735.4833736,0,167,2400000.0,0.004769630514999999,8.231806349783991e-11,0.0,1.0,16.18107170553497,46.0,29.496792928171057,0.13189282944650316,2.0
1771585735.4917004,0,168,2400000.0,0.004769630514999999,8.231806349783991e-11,0.0,1.0,16.18107170553497,46.0,29.496792928171057,0.13189282944650316,2.0
1771585735.5000415,0,169,2400000.0,0.004769630514999999,8.231806349783991e-11,0.0,1.0,16.18107170553497,46.0,29.496792928171057,0.13189282944650316,2.0
1771585735.5084217,0,170,2400000.0,0.004769630514999999,8.231806349783991e-11,0.0,1.0,16.18107170553497,46.0,29.496792928171057,0.13189282944650316,2.0
1771585735.5168254,0,171,2400000.0,0.004769630514999999,8.231806349783991e-11,0.0,1.0,16.18107170553497,46.0,29.496792928171057,0.13189282944650316,2.0
1771585735.5249376,0,172,2400000.0,0.004769630514999999,8.231806349783991e-11,0.0,1.0,16.18107170553497,46.0,29.496792928171057,0.13189282944650316,2.0
1771585735.532962,0,173,2400000.0,0.004769630514999999,8.231806349783991e-11,0.0,1.0,16.18107170553497,46.0,29.496792928171057,0.13189282944650316,2.0
1771585735.5410311,0,174,2400000.0,0.004769630514999999,8.231806349783991e-11,0.0,1.0,16.18107170553497,46.0,29.496792928171057,0.13189282944650316,2.0
1771585735.5493476,0,175,2400000.0,0.004769630514999999,8.231806349783991e-11,0.0,1.0,16.18107170553497,46.0,29.496792928171057,0.13189282944650316,2.0
1771585735.5575142,0,176,2400000.0,0.004769630514999999,8.231806349783991e-11,0.0,1.0,16.18107170553497,46.0,29.496792928171057,0.13189282944650316,2.0
1771585735.5657535,0,177,2400000.0,0.004769630514999999,8.231806349783991e-11,0.0,1.0,16.18107170553497,46.0,29.496792928171057,0.13189282944650316,2.0
1771585735.5737314,0,178,2400000.0,0.004769630514999999,8.231806349783991e-11,0.0,1.0,16.18107170553497,46.0,29.496792928171057,0.13189282944650316,2.0
1771585735.5821707,0,179,2400000.0,0.004769630514999999,8.231806349783991e-11,0.0,1.0,16.18107170553497,46.0,29.496792928171057,0.13189282944650316,2.0
1771585735.590746,0,180,2400000.0,0.004769630514999999,8.231806349783991e-11,0.0,1.0,16.18107170553497,46.0,29.496792928171057,0.13189282944650316,2.0
1771585735.5995138,0,181,2400000.0,0.004769630514999999,8.231806349783991e-11,0.0,1.0,16.18107170553497,46.0,29.496792928171057,0.13189282944650316,2.0
1771585735.6081116,0,182,2400000.0,0.004769630514999999,8.231806349783991e-11,0.0,1.0,16.18107170553497,46.0,29.496792928171057,0.13189282944650316,2.0
1771585735.6162918,0,183,2400000.0,0.004769630514999999,8.231806349783991e-11,0.0,1.0,16.18107170553497,46.0,29.496792928171057,0.13189282944650316,2.0
1771585735.6246376,0,184,2400000.0,0.004769630514999999,8.231806349783991e-11,0.0,1.0,16.18107170553497,46.0,29.496792928171057,0.13189282944650316,2.0
1771585735.6327739,0,185,2400000.0,0.004769630514999999,8.231806349783991e-11,0.0,1.0,16.18107170553497,46.0,29.496792928171057,0.13189282944650316,2.0
1771585735.641031,0,186,2400000.0,0.004769630514999999,8.231806349783991e-11,0.0,1.0,16.18107170553497,46.0,29.496792928171057,0.13189282944650316,2.0
1771585735.649063,0,187,2400000.0,0.004769630514999999,8.231806349783991e-11,0.0,1.0,16.18107170553497,46.0,29.496792928171057,0.13189282944650316,2.0
1771585735.657185,0,188,2400000.0,0.004769630514999999,8.231806349783991e-11,0.0,1.0,16.18107170553497,46.0,29.496792928171057,0.13189282944650316,2.0
1771585735.6654084,0,189,2400000.0,0.004769630514999999,8.231806349783991e-11,0.0,1.0,16.18107170553497,46.0,29.496792928171057,0.13189282944650316,2.0
1771585735.6732442,0,190,2400000.0,0.004769630514999999,8.231806349783991e-11,0.0,1.0,16.18107170553497,46.0,29.496792928171057,0.13189282944650316,2.0
1771585735.6813555,0,191,2400000.0,0.004769630514999999,8.231806349783991e-11,0.0,1.0,16.18107170553497,46.0,29.496792928171057,0.13189282944650316,2.0
1771585735.68929,0,192,2400000.0,0.004769630514999999,8.231806349783991e-11,0.0,1.0,16.18107170553497,46.0,29.496792928171057,0.13189282944650316,2.0
1771585735.6975114,0,193,2400000.0,0.004769630514999999,8.231806349783991e-11,0.0,1.0,16.18107170553497,46.0,29.496792928171057,0.13189282944650316,2.0
1771585735.7056713,0,194,2400000.0,0.004769630514999999,8.231806349783991e-11,0.0,1.0,16.18107170553497,46.0,29.496792928171057,0.13189282944650316,2.0
1771585735.7138994,0,195,2400000.0,0.004769630514999999,8.231806349783991e-11,0.0,1.0,16.18107170553497,46.0,29.496792928171057,0.13189282944650316,2.0
1771585735.7220857,0,196,2400000.0,0.004769630514999999,8.231806349783991e-11,0.0,1.0,16.18107170553497,46.0,29.496792928171057,0.13189282944650316,2.0
1771585735.7303503,0,197,2400000.0,0.004769630514999999,8.231806349783991e-11,0.0,1.0,16.18107170553497,46.0,29.496792928171057,0.13189282944650316,2.0
1771585735.7388072,0,198,2400000.0,0.004769630514999999,8.231806349783991e-11,0.0,1.0,16.18107170553497,46.0,29.496792928171057,0.13189282944650316,2.0
1771585735.747057,0,199,2400000.0,0.004769630514999999,8.231806349783991e-11,0.0,1.0,16.18107170553497,46.0,29.496792928171057,0.13189282944650316,2.0
1771585735.754953,0,200,2400000.0,0.004769630514999999,8.231806349783991e-11,0.0,1.0,16.18107170553497,46.0,29.496792928171057,0.13189282944650316,2.0
1771585735.950188,1,0,0.0,0.0,0.0,0.0,1.0,0.0,23.0,0.0,1.75,2.0
1771585735.9630802,1,1,1920000.0,0.004769630514999999,8.231806349783991e-11,0.05882352941176472,1.0,16.18107170553497,46.0,29.496792928171057,-0.36810717055349684,2.0
1771585735.9725904,1,2,2400000.0,0.004769630514999999,8.231806349783991e-11,0.0,1.0,16.18107170553497,46.0,29.496792928171057,0.13189282944650316,2.0
1771585735.9812922,1,3,2400000.0,0.004769630514999999,8.231806349783991e-11,0.0,1.0,16.18107170553497,46.0,29.496792928171057,0.13189282944650316,2.0
1771585735.9901943,1,4,2400000.0,0.004769630514999999,8.231806349783991e-11,0.0,1.0,16.18107170553497,46.0,29.496792928171057,0.13189282944650316,2.0
1771585735.9986696,1,5,2400000.0,0.004769630514999999,8.231806349783991e-11,0.0,1.0,16.18107170553497,46.0,29.496792928171057,0.13189282944650316,2.0
1771585736.0080233,1,6,2400000.0,0.004769630514999999,8.231806349783991e-11,0.0,1.0,16.18107170553497,46.0,29.496792928171057,0.13189282944650316,2.0
1771585736.0164714,1,7,2400000.0,0.004769630514999999,8.231806349783991e-11,0.0,1.0,16.18107170553497,46.0,29.496792928171057,0.13189282944650316,2.0
1771585736.025074,1,8,2400000.0,0.004769630514999999,8.231806349783991e-11,0.0,1.0,16.18107170553497,46.0,29.496792928171057,0.13189282944650316,2.0
1771585736.0334704,1,9,2400000.0,0.004769630514999999,8.231806349783991e-11,0.0,1.0,16.18107170553497,46.0,29.496792928171057,0.13189282944650316,2.0
1771585736.0454183,1,10,2400000.0,0.004769630514999999,8.231806349783991e-11,0.0,1.0,16.18107170553497,46.0,29.496792928171057,0.13189282944650316,2.0
1771585736.0562415,1,11,2400000.0,0.004769630514999999,8.231806349783991e-11,0.0,1.0,16.18107170553497,46.0,29.496792928171057,0.13189282944650316,2.0
1771585736.0679352,1,12,2400000.0,0.004769630514999999,8.231806349783991e-11,0.0,1.0,16.18107170553497,46.0,29.496792928171057,0.13189282944650316,2.0
1771585736.0771909,1,13,2400000.0,0.004769630514999999,8.231806349783991e-11,0.0,1.0,16.18107170553497,46.0,29.496792928171057,0.13189282944650316,2.0
1771585736.0856252,1,14,2400000.0,0.004769630514999999,8.231806349783991e-11,0.0,1.0,16.18107170553497,46.0,29.496792928171057,0.13189282944650316,2.0
1771585736.094127,1,15,2400000.0,0.004769630514999999,8.231806349783991e-11,0.0,1.0,16.18107170553497,46.0,29.496792928171057,0.13189282944650316,2.0
1771585736.102341,1,16,2400000.0,0.004769630514999999,8.231806349783991e-11,0.0,1.0,16.18107170553497,46.0,29.496792928171057,0.13189282944650316,2.0
1771585736.1109862,1,17,2400000.0,0.004769630514999999,8.231806349783991e-11,0.0,1.0,16.18107170553497,46.0,29.496792928171057,0.13189282944650316,2.0
1771585736.1252472,1,18,2400000.0,0.004769630514999999,8.231806349783991e-11,0.0,1.0,16.18107170553497,46.0,29.496792928171057,0.13189282944650316,2.0
1771585736.1379356,1,19,2400000.0,0.004769630514999999,8.231806349783991e-11,0.0,1.0,16.18107170553497,46.0,29.496792928171057,0.13189282944650316,2.0
1771585736.147586,1,20,2400000.0,0.004769630514999999,8.231806349783991e-11,0.0,1.0,16.18107170553497,46.0,29.496792928171057,0.13189282944650316,2.0
1771585736.1559181,1,21,2400000.0,0.004769630514999999,8.231806349783991e-11,0.0,1.0,16.18107170553497,46.0,29.496792928171057,0.13189282944650316,2.0
1771585736.1648855,1,22,2400000.0,0.004769630514999999,8.231806349783991e-11,0.0,1.0,16.18107170553497,46.0,29.496792928171057,0.13189282944650316,2.0
1771585736.1735573,1,23,2400000.0,0.004769630514999999,8.231806349783991e-11,0.0,1.0,16.18107170553497,46.0,29.496792928171057,0.13189282944650316,2.0
1771585736.1821957,1,24,2400000.0,0.004769630514999999,8.231806349783991e-11,0.0,1.0,16.18107170553497,46.0,29.496792928171057,0.13189282944650316,2.0
1771585736.1906805,1,25,2400000.0,0.004769630514999999,8.231806349783991e-11,0.0,1.0,16.18107170553497,46.0,29.496792928171057,0.13189282944650316,2.0
1771585736.1990244,1,26,2400000.0,0.004769630514999999,8.231806349783991e-11,0.0,1.0,16.18107170553497,46.0,29.496792928171057,0.13189282944650316,2.0
1771585736.2081203,1,27,2400000.0,0.004769630514999999,8.231806349783991e-11,0.0,1.0,16.18107170553497,46.0,29.496792928171057,0.13189282944650316,2.0
1771585736.2170384,1,28,2400000.0,0.004769630514999999,8.231806349783991e-11,0.0,1.0,16.18107170553497,46.0,29.496792928171057,0.13189282944650316,2.0
1771585736.2257836,1,29,2400000.0,0.004769630514999999,8.231806349783991e-11,0.0,1.0,16.18107170553497,46.0,29.496792928171057,0.13189282944650316,2.0
1771585736.2343955,1,30,2400000.0,0.004769630514999999,8.231806349783991e-11,0.0,1.0,16.18107170553497,46.0,29.496792928171057,0.13189282944650316,2.0
1771585736.2428422,1,31,2400000.0,0.004769630514999999,8.231806349783991e-11,0.0,1.0,16.18107170553497,46.0,29.496792928171057,0.13189282944650316,2.0
1771585736.2511978,1,32,2400000.0,0.004769630514999999,8.231806349783991e-11,0.0,1.0,16.18107170553497,46.0,29.496792928171057,0.13189282944650316,2.0
1771585736.2596133,1,33,2400000.0,0.004769630514999999,8.231806349783991e-11,0.0,1.0,16.18107170553497,46.0,29.496792928171057,0.13189282944650316,2.0
1771585736.2680023,1,34,2400000.0,0.004769630514999999,8.231806349783991e-11,0.0,1.0,16.18107170553497,46.0,29.496792928171057,0.13189282944650316,2.0
1771585736.2787707,1,35,2400000.0,0.004769630514999999,8.231806349783991e-11,0.0,1.0,16.18107170553497,46.0,29.496792928171057,0.13189282944650316,2.0
1771585736.2868664,1,36,2400000.0,0.004769630514999999,8.231806349783991e-11,0.0,1.0,16.18107170553497,46.0,29.496792928171057,0.13189282944650316,2.0
1771585736.2953022,1,37,2400000.0,0.004769630514999999,8.231806349783991e-11,0.0,1.0,16.18107170553497,46.0,29.496792928171057,0.13189282944650316,2.0
1771585736.3034024,1,38,2400000.0,0.004769630514999999,8.231806349783991e-11,0.0,1.0,16.18107170553497,46.0,29.496792928171057,0.13189282944650316,2.0
1771585736.3115385,1,39,2400000.0,0.004769630514999999,8.231806349783991e-11,0.0,1.0,16.18107170553497,46.0,29.496792928171057,0.13189282944650316,2.0
1771585736.3196151,1,40,2400000.0,0.004769630514999999,8.231806349783991e-11,0.0,1.0,16.18107170553497,46.0,29.496792928171057,0.13189282944650316,2.0
1771585736.3281841,1,41,2400000.0,0.004769630514999999,8.231806349783991e-11,0.0,1.0,16.18107170553497,46.0,29.496792928171057,0.13189282944650316,2.0
1771585736.3359172,1,42,2400000.0,0.004769630514999999,8.231806349783991e-11,0.0,1.0,16.18107170553497,46.0,29.496792928171057,0.13189282944650316,2.0
1771585736.3443887,1,43,2400000.0,0.004769630514999999,8.231806349783991e-11,0.0,1.0,16.18107170553497,46.0,29.496792928171057,0.13189282944650316,2.0
1771585736.35239,1,44,2400000.0,0.004769630514999999,8.231806349783991e-11,0.0,1.0,16.18107170553497,46.0,29.496792928171057,0.13189282944650316,2.0
1771585736.3604736,1,45,2400000.0,0.004769630514999999,8.231806349783991e-11,0.0,1.0,16.18107170553497,46.0,29.496792928171057,0.13189282944650316,2.0
1771585736.3683555,1,46,2400000.0,0.004769630514999999,8.231806349783991e-11,0.0,1.0,16.18107170553497,46.0,29.496792928171057,0.13189282944650316,2.0
1771585736.3765807,1,47,2400000.0,0.004769630514999999,8.231806349783991e-11,0.0,1.0,16.18107170553497,46.0,29.496792928171057,0.13189282944650316,2.0
1771585736.3843195,1,48,2400000.0,0.004769630514999999,8.231806349783991e-11,0.0,1.0,16.18107170553497,46.0,29.496792928171057,0.13189282944650316,2.0
1771585736.3925507,1,49,2400000.0,0.004769630514999999,8.231806349783991e-11,0.0,1.0,16.18107170553497,46.0,29.496792928171057,0.13189282944650316,2.0
1771585736.4004319,1,50,2400000.0,0.004769630514999999,8.231806349783991e-11,0.0,1.0,16.18107170553497,46.0,29.496792928171057,0.13189282944650316,2.0
1771585736.4108624,1,51,2400000.0,0.004769630514999999,8.231806349783991e-11,0.0,1.0,16.18107170553497,46.0,29.496792928171057,0.13189282944650316,2.0
1771585736.4192908,1,52,2400000.0,0.004769630514999999,8.231806349783991e-11,0.0,1.0,16.18107170553497,46.0,29.496792928171057,0.13189282944650316,2.0
1771585736.4282935,1,53,2400000.0,0.004769630514999999,8.231806349783991e-11,0.0,1.0,16.18107170553497,46.0,29.496792928171057,0.13189282944650316,2.0
1771585736.4364362,1,54,2400000.0,0.004769630514999999,8.231806349783991e-11,0.0,1.0,16.18107170553497,46.0,29.496792928171057,0.13189282944650316,2.0
1771585736.4451106,1,55,2400000.0,0.004769630514999999,8.231806349783991e-11,0.0,1.0,16.18107170553497,46.0,29.496792928171057,0.13189282944650316,2.0
1771585736.453279,1,56,2400000.0,0.004769630514999999,8.231806349783991e-11,0.0,1.0,16.18107170553497,46.0,29.496792928171057,0.13189282944650316,2.0
1771585736.466034,1,57,2400000.0,0.004769630514999999,8.231806349783991e-11,0.0,1.0,16.18107170553497,46.0,29.496792928171057,0.13189282944650316,2.0
1771585736.4843378,1,58,2400000.0,0.004769630514999999,8.231806349783991e-11,0.0,1.0,16.18107170553497,46.0,29.496792928171057,0.13189282944650316,2.0
1771585736.5015347,1,59,2400000.0,0.004769630514999999,8.231806349783991e-11,0.0,1.0,16.18107170553497,46.0,29.496792928171057,0.13189282944650316,2.0
1771585736.518225,1,60,2400000.0,0.004769630514999999,8.231806349783991e-11,0.0,1.0,16.18107170553497,46.0,29.496792928171057,0.13189282944650316,2.0
1771585736.526694,1,61,2400000.0,0.004769630514999999,8.231806349783991e-11,0.0,1.0,16.18107170553497,46.0,29.496792928171057,0.13189282944650316,2.0
1771585736.53463,1,62,2400000.0,0.004769630514999999,8.231806349783991e-11,0.0,1.0,16.18107170553497,46.0,29.496792928171057,0.13189282944650316,2.0
1771585736.5430436,1,63,2400000.0,0.004769630514999999,8.231806349783991e-11,0.0,1.0,16.18107170553497,46.0,29.496792928171057,0.13189282944650316,2.0
1771585736.5508182,1,64,2400000.0,0.004769630514999999,8.231806349783991e-11,0.0,1.0,16.18107170553497,46.0,29.496792928171057,0.13189282944650316,2.0
1771585736.5591707,1,65,2400000.0,0.004769630514999999,8.231806349783991e-11,0.0,1.0,16.18107170553497,46.0,29.496792928171057,0.13189282944650316,2.0
1771585736.5671217,1,66,2400000.0,0.004769630514999999,8.231806349783991e-11,0.0,1.0,16.18107170553497,46.0,29.496792928171057,0.13189282944650316,2.0
1771585736.5755637,1,67,2400000.0,0.004769630514999999,8.231806349783991e-11,0.0,1.0,16.18107170553497,46.0,29.496792928171057,0.13189282944650316,2.0
1771585736.5837004,1,68,2400000.0,0.004769630514999999,8.231806349783991e-11,0.0,1.0,16.18107170553497,46.0,29.496792928171057,0.13189282944650316,2.0
1771585736.5918016,1,69,2400000.0,0.004769630514999999,8.231806349783991e-11,0.0,1.0,16.18107170553497,46.0,29.496792928171057,0.13189282944650316,2.0
1771585736.6002064,1,70,2400000.0,0.004769630514999999,8.231806349783991e-11,0.0,1.0,16.18107170553497,46.0,29.496792928171057,0.13189282944650316,2.0
1771585736.609375,1,71,2400000.0,0.004769630514999999,8.231806349783991e-11,0.0,1.0,16.18107170553497,46.0,29.496792928171057,0.13189282944650316,2.0
1771585736.61721,1,72,2400000.0,0.004769630514999999,8.231806349783991e-11,0.0,1.0,16.18107170553497,46.0,29.496792928171057,0.13189282944650316,2.0
1771585736.6260338,1,73,2400000.0,0.004769630514999999,8.231806349783991e-11,0.0,1.0,16.18107170553497,46.0,29.496792928171057,0.13189282944650316,2.0
1771585736.6341698,1,74,2400000.0,0.004769630514999999,8.231806349783991e-11,0.0,1.0,16.18107170553497,46.0,29.496792928171057,0.13189282944650316,2.0
1771585736.6426582,1,75,2400000.0,0.004769630514999999,8.231806349783991e-11,0.0,1.0,16.18107170553497,46.0,29.496792928171057,0.13189282944650316,2.0
1771585736.6509,1,76,2400000.0,0.004769630514999999,8.231806349783991e-11,0.0,1.0,16.18107170553497,46.0,29.496792928171057,0.13189282944650316,2.0
1771585736.6592414,1,77,2400000.0,0.004769630514999999,8.231806349783991e-11,0.0,1.0,16.18107170553497,46.0,29.496792928171057,0.13189282944650316,2.0
1771585736.6672597,1,78,2400000.0,0.004769630514999999,8.231806349783991e-11,0.0,1.0,16.18107170553497,46.0,29.496792928171057,0.13189282944650316,2.0
1771585736.6758695,1,79,2400000.0,0.004769630514999999,8.231806349783991e-11,0.0,1.0,16.18107170553497,46.0,29.496792928171057,0.13189282944650316,2.0
1771585736.6854036,1,80,2400000.0,0.004769630514999999,8.231806349783991e-11,0.0,1.0,16.18107170553497,46.0,29.496792928171057,0.13189282944650316,2.0
1771585736.696282,1,81,2400000.0,0.004769630514999999,8.231806349783991e-11,0.0,1.0,16.18107170553497,46.0,29.496792928171057,0.13189282944650316,2.0
1771585736.7084007,1,82,2400000.0,0.004769630514999999,8.231806349783991e-11,0.0,1.0,16.18107170553497,46.0,29.496792928171057,0.13189282944650316,2.0
1771585736.7200723,1,83,2400000.0,0.004769630514999999,8.231806349783991e-11,0.0,1.0,16.18107170553497,46.0,29.496792928171057,0.13189282944650316,2.0
1771585736.7284474,1,84,2400000.0,0.004769630514999999,8.231806349783991e-11,0.0,1.0,16.18107170553497,46.0,29.496792928171057,0.13189282944650316,2.0
1771585736.7364812,1,85,2400000.0,0.004769630514999999,8.231806349783991e-11,0.0,1.0,16.18107170553497,46.0,29.496792928171057,0.13189282944650316,2.0
1771585736.745349,1,86,2400000.0,0.004769630514999999,8.231806349783991e-11,0.0,1.0,16.18107170553497,46.0,29.496792928171057,0.13189282944650316,2.0
1771585736.7531943,1,87,2400000.0,0.004769630514999999,8.231806349783991e-11,0.0,1.0,16.18107170553497,46.0,29.496792928171057,0.13189282944650316,2.0
1771585736.761346,1,88,2400000.0,0.004769630514999999,8.231806349783991e-11,0.0,1.0,16.18107170553497,46.0,29.496792928171057,0.13189282944650316,2.0
1771585736.7696486,1,89,2400000.0,0.004769630514999999,8.231806349783991e-11,0.0,1.0,16.18107170553497,46.0,29.496792928171057,0.13189282944650316,2.0
1771585736.7780795,1,90,2400000.0,0.004769630514999999,8.231806349783991e-11,0.0,1.0,16.18107170553497,46.0,29.496792928171057,0.13189282944650316,2.0
1771585736.7863526,1,91,2400000.0,0.004769630514999999,8.231806349783991e-11,0.0,1.0,16.18107170553497,46.0,29.496792928171057,0.13189282944650316,2.0
1771585736.794392,1,92,2400000.0,0.004769630514999999,8.231806349783991e-11,0.0,1.0,16.18107170553497,46.0,29.496792928171057,0.13189282944650316,2.0
1771585736.8026633,1,93,2400000.0,0.004769630514999999,8.231806349783991e-11,0.0,1.0,16.18107170553497,46.0,29.496792928171057,0.13189282944650316,2.0
1771585736.811765,1,94,2400000.0,0.004769630514999999,8.231806349783991e-11,0.0,1.0,16.18107170553497,46.0,29.496792928171057,0.13189282944650316,2.0
1771585736.8199224,1,95,2400000.0,0.004769630514999999,8.231806349783991e-11,0.0,1.0,16.18107170553497,46.0,29.496792928171057,0.13189282944650316,2.0
1771585736.8282232,1,96,2400000.0,0.004769630514999999,8.231806349783991e-11,0.0,1.0,16.18107170553497,46.0,29.496792928171057,0.13189282944650316,2.0
1771585736.8363757,1,97,2400000.0,0.004769630514999999,8.231806349783991e-11,0.0,1.0,16.18107170553497,46.0,29.496792928171057,0.13189282944650316,2.0
1771585736.8448868,1,98,2400000.0,0.004769630514999999,8.231806349783991e-11,0.0,1.0,16.18107170553497,46.0,29.496792928171057,0.13189282944650316,2.0
1771585736.8536263,1,99,2400000.0,0.004769630514999999,8.231806349783991e-11,0.0,1.0,16.18107170553497,46.0,29.496792928171057,0.13189282944650316,2.0
1771585736.86195,1,100,2400000.0,0.004769630514999999,8.231806349783991e-11,0.0,1.0,16.18107170553497,46.0,29.496792928171057,0.13189282944650316,2.0
1771585736.8700948,1,101,2400000.0,0.004769630514999999,8.231806349783991e-11,0.0,1.0,16.18107170553497,46.0,29.496792928171057,0.13189282944650316,2.0
1771585736.8788347,1,102,2400000.0,0.004769630514999999,8.231806349783991e-11,0.0,1.0,16.18107170553497,46.0,29.496792928171057,0.13189282944650316,2.0
1771585736.8870778,1,103,2400000.0,0.004769630514999999,8.231806349783991e-11,0.0,1.0,16.18107170553497,46.0,29.496792928171057,0.13189282944650316,2.0
1771585736.8957434,1,104,2400000.0,0.004769630514999999,8.231806349783991e-11,0.0,1.0,16.18107170553497,46.0,29.496792928171057,0.13189282944650316,2.0
1771585736.9042428,1,105,2400000.0,0.004769630514999999,8.231806349783991e-11,0.0,1.0,16.18107170553497,46.0,29.496792928171057,0.13189282944650316,2.0
1771585736.9130154,1,106,2400000.0,0.004769630514999999,8.231806349783991e-11,0.0,1.0,16.18107170553497,46.0,29.496792928171057,0.13189282944650316,2.0
1771585736.9211767,1,107,2400000.0,0.004769630514999999,8.231806349783991e-11,0.0,1.0,16.18107170553497,46.0,29.496792928171057,0.13189282944650316,2.0
1771585736.9292166,1,108,2400000.0,0.004769630514999999,8.231806349783991e-11,0.0,1.0,16.18107170553497,46.0,29.496792928171057,0.13189282944650316,2.0
1771585736.9376369,1,109,2400000.0,0.004769630514999999,8.231806349783991e-11,0.0,1.0,16.18107170553497,46.0,29.496792928171057,0.13189282944650316,2.0
1771585736.9462461,1,110,2400000.0,0.004769630514999999,8.231806349783991e-11,0.0,1.0,16.18107170553497,46.0,29.496792928171057,0.13189282944650316,2.0
1771585736.9543307,1,111,2400000.0,0.004769630514999999,8.231806349783991e-11,0.0,1.0,16.18107170553497,46.0,29.496792928171057,0.13189282944650316,2.0
1771585736.9654133,1,112,2400000.0,0.004769630514999999,8.231806349783991e-11,0.0,1.0,16.18107170553497,46.0,29.496792928171057,0.13189282944650316,2.0
1771585736.9776776,1,113,2400000.0,0.004769630514999999,8.231806349783991e-11,0.0,1.0,16.18107170553497,46.0,29.496792928171057,0.13189282944650316,2.0
1771585736.985997,1,114,2400000.0,0.004769630514999999,8.231806349783991e-11,0.0,1.0,16.18107170553497,46.0,29.496792928171057,0.13189282944650316,2.0
1771585736.9940085,1,115,2400000.0,0.004769630514999999,8.231806349783991e-11,0.0,1.0,16.18107170553497,46.0,29.496792928171057,0.13189282944650316,2.0
1771585737.0030332,1,116,2400000.0,0.004769630514999999,8.231806349783991e-11,0.0,1.0,16.18107170553497,46.0,29.496792928171057,0.13189282944650316,2.0
1771585737.0120986,1,117,2400000.0,0.004769630514999999,8.231806349783991e-11,0.0,1.0,16.18107170553497,46.0,29.496792928171057,0.13189282944650316,2.0
1771585737.020646,1,118,2400000.0,0.004769630514999999,8.231806349783991e-11,0.0,1.0,16.18107170553497,46.0,29.496792928171057,0.13189282944650316,2.0
1771585737.0293293,1,119,2400000.0,0.004769630514999999,8.231806349783991e-11,0.0,1.0,16.18107170553497,46.0,29.496792928171057,0.13189282944650316,2.0
1771585737.0409725,1,120,2400000.0,0.004769630514999999,8.231806349783991e-11,0.0,1.0,16.18107170553497,46.0,29.496792928171057,0.13189282944650316,2.0
1771585737.04995,1,121,2400000.0,0.004769630514999999,8.231806349783991e-11,0.0,1.0,16.18107170553497,46.0,29.496792928171057,0.13189282944650316,2.0
1771585737.058665,1,122,2400000.0,0.004769630514999999,8.231806349783991e-11,0.0,1.0,16.18107170553497,46.0,29.496792928171057,0.13189282944650316,2.0
1771585737.0671074,1,123,2400000.0,0.004769630514999999,8.231806349783991e-11,0.0,1.0,16.18107170553497,46.0,29.496792928171057,0.13189282944650316,2.0
1771585737.0757744,1,124,2400000.0,0.004769630514999999,8.231806349783991e-11,0.0,1.0,16.18107170553497,46.0,29.496792928171057,0.13189282944650316,2.0
1771585737.0842392,1,125,2400000.0,0.004769630514999999,8.231806349783991e-11,0.0,1.0,16.18107170553497,46.0,29.496792928171057,0.13189282944650316,2.0
1771585737.0930252,1,126,2400000.0,0.004769630514999999,8.231806349783991e-11,0.0,1.0,16.18107170553497,46.0,29.496792928171057,0.13189282944650316,2.0
1771585737.101693,1,127,2400000.0,0.004769630514999999,8.231806349783991e-11,0.0,1.0,16.18107170553497,46.0,29.496792928171057,0.13189282944650316,2.0
1771585737.1102238,1,128,2400000.0,0.004769630514999999,8.231806349783991e-11,0.0,1.0,16.18107170553497,46.0,29.496792928171057,0.13189282944650316,2.0
1771585737.1186342,1,129,2400000.0,0.004769630514999999,8.231806349783991e-11,0.0,1.0,16.18107170553497,46.0,29.496792928171057,0.13189282944650316,2.0
1771585737.1271365,1,130,2400000.0,0.004769630514999999,8.231806349783991e-11,0.0,1.0,16.18107170553497,46.0,29.496792928171057,0.13189282944650316,2.0
1771585737.1358356,1,131,2400000.0,0.004769630514999999,8.231806349783991e-11,0.0,1.0,16.18107170553497,46.0,29.496792928171057,0.13189282944650316,2.0
1771585737.1442647,1,132,2400000.0,0.004769630514999999,8.231806349783991e-11,0.0,1.0,16.18107170553497,46.0,29.496792928171057,0.13189282944650316,2.0
1771585737.1525578,1,133,2400000.0,0.004769630514999999,8.231806349783991e-11,0.0,1.0,16.18107170553497,46.0,29.496792928171057,0.13189282944650316,2.0
1771585737.1611226,1,134,2400000.0,0.004769630514999999,8.231806349783991e-11,0.0,1.0,16.18107170553497,46.0,29.496792928171057,0.13189282944650316,2.0
1771585737.1694963,1,135,2400000.0,0.004769630514999999,8.231806349783991e-11,0.0,1.0,16.18107170553497,46.0,29.496792928171057,0.13189282944650316,2.0
1771585737.1791182,1,136,2400000.0,0.004769630514999999,8.231806349783991e-11,0.0,1.0,16.18107170553497,46.0,29.496792928171057,0.13189282944650316,2.0
1771585737.187475,1,137,2400000.0,0.004769630514999999,8.231806349783991e-11,0.0,1.0,16.18107170553497,46.0,29.496792928171057,0.13189282944650316,2.0
1771585737.201663,1,138,2400000.0,0.004769630514999999,8.231806349783991e-11,0.0,1.0,16.18107170553497,46.0,29.496792928171057,0.13189282944650316,2.0
1771585737.2198305,1,139,2400000.0,0.004769630514999999,8.231806349783991e-11,0.0,1.0,16.18107170553497,46.0,29.496792928171057,0.13189282944650316,2.0
1771585737.2457895,1,140,2400000.0,0.004769630514999999,8.231806349783991e-11,0.0,1.0,16.18107170553497,46.0,29.496792928171057,0.13189282944650316,2.0
1771585737.2729414,1,141,2400000.0,0.004769630514999999,8.231806349783991e-11,0.0,1.0,16.18107170553497,46.0,29.496792928171057,0.13189282944650316,2.0
1771585737.2950544,1,142,2400000.0,0.004769630514999999,8.231806349783991e-11,0.0,1.0,16.18107170553497,46.0,29.496792928171057,0.13189282944650316,2.0
1771585737.3174639,1,143,2400000.0,0.004769630514999999,8.231806349783991e-11,0.0,1.0,16.18107170553497,46.0,29.496792928171057,0.13189282944650316,2.0
1771585737.3287551,1,144,2400000.0,0.004769630514999999,8.231806349783991e-11,0.0,1.0,16.18107170553497,46.0,29.496792928171057,0.13189282944650316,2.0
1771585737.3388555,1,145,2400000.0,0.004769630514999999,8.231806349783991e-11,0.0,1.0,16.18107170553497,46.0,29.496792928171057,0.13189282944650316,2.0
1771585737.349381,1,146,2400000.0,0.004769630514999999,8.231806349783991e-11,0.0,1.0,16.18107170553497,46.0,29.496792928171057,0.13189282944650316,2.0
1771585737.3592193,1,147,2400000.0,0.004769630514999999,8.231806349783991e-11,0.0,1.0,16.18107170553497,46.0,29.496792928171057,0.13189282944650316,2.0
1771585737.36938,1,148,2400000.0,0.004769630514999999,8.231806349783991e-11,0.0,1.0,16.18107170553497,46.0,29.496792928171057,0.13189282944650316,2.0
1771585737.3792543,1,149,2400000.0,0.004769630514999999,8.231806349783991e-11,0.0,1.0,16.18107170553497,46.0,29.496792928171057,0.13189282944650316,2.0
1771585737.3886194,1,150,2400000.0,0.004769630514999999,8.231806349783991e-11,0.0,1.0,16.18107170553497,46.0,29.496792928171057,0.13189282944650316,2.0
1771585737.3982406,1,151,2400000.0,0.004769630514999999,8.231806349783991e-11,0.0,1.0,16.18107170553497,46.0,29.496792928171057,0.13189282944650316,2.0
1771585737.4082103,1,152,2400000.0,0.004769630514999999,8.231806349783991e-11,0.0,1.0,16.18107170553497,46.0,29.496792928171057,0.13189282944650316,2.0
1771585737.4181988,1,153,2400000.0,0.004769630514999999,8.231806349783991e-11,0.0,1.0,16.18107170553497,46.0,29.496792928171057,0.13189282944650316,2.0
1771585737.4276373,1,154,2400000.0,0.004769630514999999,8.231806349783991e-11,0.0,1.0,16.18107170553497,46.0,29.496792928171057,0.13189282944650316,2.0
1771585737.4369957,1,155,2400000.0,0.004769630514999999,8.231806349783991e-11,0.0,1.0,16.18107170553497,46.0,29.496792928171057,0.13189282944650316,2.0
1771585737.4463627,1,156,2400000.0,0.004769630514999999,8.231806349783991e-11,0.0,1.0,16.18107170553497,46.0,29.496792928171057,0.13189282944650316,2.0
1771585737.4558,1,157,2400000.0,0.004769630514999999,8.231806349783991e-11,0.0,1.0,16.18107170553497,46.0,29.496792928171057,0.13189282944650316,2.0
1771585737.4652822,1,158,2400000.0,0.004769630514999999,8.231806349783991e-11,0.0,1.0,16.18107170553497,46.0,29.496792928171057,0.13189282944650316,2.0
1771585737.4745624,1,159,2400000.0,0.004769630514999999,8.231806349783991e-11,0.0,1.0,16.18107170553497,46.0,29.496792928171057,0.13189282944650316,2.0
1771585737.4840446,1,160,2400000.0,0.004769630514999999,8.231806349783991e-11,0.0,1.0,16.18107170553497,46.0,29.496792928171057,0.13189282944650316,2.0
1771585737.4931097,1,161,2400000.0,0.004769630514999999,8.231806349783991e-11,0.0,1.0,16.18107170553497,46.0,29.496792928171057,0.13189282944650316,2.0
1771585737.5020416,1,162,2400000.0,0.004769630514999999,8.231806349783991e-11,0.0,1.0,16.18107170553497,46.0,29.496792928171057,0.13189282944650316,2.0
1771585737.5117688,1,163,2400000.0,0.004769630514999999,8.231806349783991e-11,0.0,1.0,16.18107170553497,46.0,29.496792928171057,0.13189282944650316,2.0
1771585737.5208933,1,164,2400000.0,0.004769630514999999,8.231806349783991e-11,0.0,1.0,16.18107170553497,46.0,29.496792928171057,0.13189282944650316,2.0
1771585737.5301754,1,165,2400000.0,0.004769630514999999,8.231806349783991e-11,0.0,1.0,16.18107170553497,46.0,29.496792928171057,0.13189282944650316,2.0
1771585737.5392137,1,166,2400000.0,0.004769630514999999,8.231806349783991e-11,0.0,1.0,16.18107170553497,46.0,29.496792928171057,0.13189282944650316,2.0
1771585737.5502613,1,167,2400000.0,0.004769630514999999,8.231806349783991e-11,0.0,1.0,16.18107170553497,46.0,29.496792928171057,0.13189282944650316,2.0
1771585737.5594718,1,168,2400000.0,0.004769630514999999,8.231806349783991e-11,0.0,1.0,16.18107170553497,46.0,29.496792928171057,0.13189282944650316,2.0
1771585737.5687776,1,169,2400000.0,0.004769630514999999,8.231806349783991e-11,0.0,1.0,16.18107170553497,46.0,29.496792928171057,0.13189282944650316,2.0
1771585737.5783362,1,170,2400000.0,0.004769630514999999,8.231806349783991e-11,0.0,1.0,16.18107170553497,46.0,29.496792928171057,0.13189282944650316,2.0
1771585737.5872405,1,171,2400000.0,0.004769630514999999,8.231806349783991e-11,0.0,1.0,16.18107170553497,46.0,29.496792928171057,0.13189282944650316,2.0
1771585737.596351,1,172,2400000.0,0.004769630514999999,8.231806349783991e-11,0.0,1.0,16.18107170553497,46.0,29.496792928171057,0.13189282944650316,2.0
1771585737.605089,1,173,2400000.0,0.004769630514999999,8.231806349783991e-11,0.0,1.0,16.18107170553497,46.0,29.496792928171057,0.13189282944650316,2.0
1771585737.614161,1,174,2400000.0,0.004769630514999999,8.231806349783991e-11,0.0,1.0,16.18107170553497,46.0,29.496792928171057,0.13189282944650316,2.0
1771585737.6233368,1,175,2400000.0,0.004769630514999999,8.231806349783991e-11,0.0,1.0,16.18107170553497,46.0,29.496792928171057,0.13189282944650316,2.0
1771585737.6326056,1,176,2400000.0,0.004769630514999999,8.231806349783991e-11,0.0,1.0,16.18107170553497,46.0,29.496792928171057,0.13189282944650316,2.0
1771585737.6414874,1,177,2400000.0,0.004769630514999999,8.231806349783991e-11,0.0,1.0,16.18107170553497,46.0,29.496792928171057,0.13189282944650316,2.0
1771585737.6503222,1,178,2400000.0,0.004769630514999999,8.231806349783991e-11,0.0,1.0,16.18107170553497,46.0,29.496792928171057,0.13189282944650316,2.0
1771585737.659318,1,179,2400000.0,0.004769630514999999,8.231806349783991e-11,0.0,1.0,16.18107170553497,46.0,29.496792928171057,0.13189282944650316,2.0
1771585737.6680229,1,180,2400000.0,0.004769630514999999,8.231806349783991e-11,0.0,1.0,16.18107170553497,46.0,29.496792928171057,0.13189282944650316,2.0
1771585737.677178,1,181,2400000.0,0.004769630514999999,8.231806349783991e-11,0.0,1.0,16.18107170553497,46.0,29.496792928171057,0.13189282944650316,2.0
1771585737.6861246,1,182,2400000.0,0.004769630514999999,8.231806349783991e-11,0.0,1.0,16.18107170553497,46.0,29.496792928171057,0.13189282944650316,2.0
1771585737.6950593,1,183,2400000.0,0.004769630514999999,8.231806349783991e-11,0.0,1.0,16.18107170553497,46.0,29.496792928171057,0.13189282944650316,2.0
1771585737.7036688,1,184,2400000.0,0.004769630514999999,8.231806349783991e-11,0.0,1.0,16.18107170553497,46.0,29.496792928171057,0.13189282944650316,2.0
1771585737.7130349,1,185,2400000.0,0.004769630514999999,8.231806349783991e-11,0.0,1.0,16.18107170553497,46.0,29.496792928171057,0.13189282944650316,2.0
1771585737.7220016,1,186,2400000.0,0.004769630514999999,8.231806349783991e-11,0.0,1.0,16.18107170553497,46.0,29.496792928171057,0.13189282944650316,2.0
1771585737.730707,1,187,2400000.0,0.004769630514999999,8.231806349783991e-11,0.0,1.0,16.18107170553497,46.0,29.496792928171057,0.13189282944650316,2.0
1771585737.7391596,1,188,2400000.0,0.004769630514999999,8.231806349783991e-11,0.0,1.0,16.18107170553497,46.0,29.496792928171057,0.13189282944650316,2.0
1771585737.748546,1,189,2400000.0,0.004769630514999999,8.231806349783991e-11,0.0,1.0,16.18107170553497,46.0,29.496792928171057,0.13189282944650316,2.0
1771585737.757255,1,190,2400000.0,0.004769630514999999,8.231806349783991e-11,0.0,1.0,16.18107170553497,46.0,29.496792928171057,0.13189282944650316,2.0
1771585737.7657902,1,191,2400000.0,0.004769630514999999,8.231806349783991e-11,0.0,1.0,16.18107170553497,46.0,29.496792928171057,0.13189282944650316,2.0
1771585737.7744515,1,192,2400000.0,0.004769630514999999,8.231806349783991e-11,0.0,1.0,16.18107170553497,46.0,29.496792928171057,0.13189282944650316,2.0
1771585737.7833538,1,193,2400000.0,0.004769630514999999,8.231806349783991e-11,0.0,1.0,16.18107170553497,46.0,29.496792928171057,0.13189282944650316,2.0
1771585737.791927,1,194,2400000.0,0.004769630514999999,8.231806349783991e-11,0.0,1.0,16.18107170553497,46.0,29.496792928171057,0.13189282944650316,2.0
1771585737.8004904,1,195,2400000.0,0.004769630514999999,8.231806349783991e-11,0.0,1.0,16.18107170553497,46.0,29.496792928171057,0.13189282944650316,2.0
1771585737.8103511,1,196,2400000.0,0.004769630514999999,8.231806349783991e-11,0.0,1.0,16.18107170553497,46.0,29.496792928171057,0.13189282944650316,2.0
1771585737.819264,1,197,2400000.0,0.004769630514999999,8.231806349783991e-11,0.0,1.0,16.18107170553497,46.0,29.496792928171057,0.13189282944650316,2.0
1771585737.8281412,1,198,2400000.0,0.004769630514999999,8.231806349783991e-11,0.0,1.0,16.18107170553497,46.0,29.496792928171057,0.13189282944650316,2.0
1771585737.8367357,1,199,2400000.0,0.004769630514999999,8.231806349783991e-11,0.0,1.0,16.18107170553497,46.0,29.496792928171057,0.13189282944650316,2.0
1771585737.845734,1,200,2400000.0,0.004769630514999999,8.231806349783991e-11,0.0,1.0,16.18107170553497,46.0,29.496792928171057,0.13189282944650316,2.0
1771585738.0389655,2,0,0.0,0.0,0.0,0.0,1.0,0.0,23.0,0.0,1.75,2.0
1771585738.0548728,2,1,1920000.0,0.004769630514999999,8.231806349783991e-11,0.05882352941176472,1.0,16.18107170553497,46.0,29.496792928171057,-0.36810717055349684,2.0
1771585738.0631618,2,2,2400000.0,0.004769630514999999,8.231806349783991e-11,0.0,1.0,16.18107170553497,46.0,29.496792928171057,0.13189282944650316,2.0
1771585738.0709956,2,3,2400000.0,0.004769630514999999,8.231806349783991e-11,0.0,1.0,16.18107170553497,46.0,29.496792928171057,0.13189282944650316,2.0
1771585738.0797477,2,4,2400000.0,0.004769630514999999,8.231806349783991e-11,0.0,1.0,16.18107170553497,46.0,29.496792928171057,0.13189282944650316,2.0
1771585738.087919,2,5,2400000.0,0.004769630514999999,8.231806349783991e-11,0.0,1.0,16.18107170553497,46.0,29.496792928171057,0.13189282944650316,2.0
1771585738.0959272,2,6,2400000.0,0.004769630514999999,8.231806349783991e-11,0.0,1.0,16.18107170553497,46.0,29.496792928171057,0.13189282944650316,2.0
1771585738.1039462,2,7,2400000.0,0.004769630514999999,8.231806349783991e-11,0.0,1.0,16.18107170553497,46.0,29.496792928171057,0.13189282944650316,2.0
1771585738.112169,2,8,2400000.0,0.004769630514999999,8.231806349783991e-11,0.0,1.0,16.18107170553497,46.0,29.496792928171057,0.13189282944650316,2.0
1771585738.1244283,2,9,2400000.0,0.004769630514999999,8.231806349783991e-11,0.0,1.0,16.18107170553497,46.0,29.496792928171057,0.13189282944650316,2.0
1771585738.132578,2,10,2400000.0,0.004769630514999999,8.231806349783991e-11,0.0,1.0,16.18107170553497,46.0,29.496792928171057,0.13189282944650316,2.0
1771585738.1406054,2,11,2400000.0,0.004769630514999999,8.231806349783991e-11,0.0,1.0,16.18107170553497,46.0,29.496792928171057,0.13189282944650316,2.0
1771585738.14909,2,12,2400000.0,0.004769630514999999,8.231806349783991e-11,0.0,1.0,16.18107170553497,46.0,29.496792928171057,0.13189282944650316,2.0
1771585738.1571403,2,13,2400000.0,0.004769630514999999,8.231806349783991e-11,0.0,1.0,16.18107170553497,46.0,29.496792928171057,0.13189282944650316,2.0
1771585738.165205,2,14,2400000.0,0.004769630514999999,8.231806349783991e-11,0.0,1.0,16.18107170553497,46.0,29.496792928171057,0.13189282944650316,2.0
1771585738.1731026,2,15,2400000.0,0.004769630514999999,8.231806349783991e-11,0.0,1.0,16.18107170553497,46.0,29.496792928171057,0.13189282944650316,2.0
1771585738.1810613,2,16,2400000.0,0.004769630514999999,8.231806349783991e-11,0.0,1.0,16.18107170553497,46.0,29.496792928171057,0.13189282944650316,2.0
1771585738.188954,2,17,2400000.0,0.004769630514999999,8.231806349783991e-11,0.0,1.0,16.18107170553497,46.0,29.496792928171057,0.13189282944650316,2.0
1771585738.196808,2,18,2400000.0,0.004769630514999999,8.231806349783991e-11,0.0,1.0,16.18107170553497,46.0,29.496792928171057,0.13189282944650316,2.0
1771585738.2048657,2,19,2400000.0,0.004769630514999999,8.231806349783991e-11,0.0,1.0,16.18107170553497,46.0,29.496792928171057,0.13189282944650316,2.0
1771585738.2129056,2,20,2400000.0,0.004769630514999999,8.231806349783991e-11,0.0,1.0,16.18107170553497,46.0,29.496792928171057,0.13189282944650316,2.0
1771585738.2209997,2,21,2400000.0,0.004769630514999999,8.231806349783991e-11,0.0,1.0,16.18107170553497,46.0,29.496792928171057,0.13189282944650316,2.0
1771585738.2294123,2,22,2400000.0,0.004769630514999999,8.231806349783991e-11,0.0,1.0,16.18107170553497,46.0,29.496792928171057,0.13189282944650316,2.0
1771585738.2375886,2,23,2400000.0,0.004769630514999999,8.231806349783991e-11,0.0,1.0,16.18107170553497,46.0,29.496792928171057,0.13189282944650316,2.0
1771585738.2456746,2,24,2400000.0,0.004769630514999999,8.231806349783991e-11,0.0,1.0,16.18107170553497,46.0,29.496792928171057,0.13189282944650316,2.0
1771585738.2536469,2,25,2400000.0,0.004769630514999999,8.231806349783991e-11,0.0,1.0,16.18107170553497,46.0,29.496792928171057,0.13189282944650316,2.0
1771585738.261455,2,26,2400000.0,0.004769630514999999,8.231806349783991e-11,0.0,1.0,16.18107170553497,46.0,29.496792928171057,0.13189282944650316,2.0
1771585738.2695098,2,27,2400000.0,0.004769630514999999,8.231806349783991e-11,0.0,1.0,16.18107170553497,46.0,29.496792928171057,0.13189282944650316,2.0
1771585738.277807,2,28,2400000.0,0.004769630514999999,8.231806349783991e-11,0.0,1.0,16.18107170553497,46.0,29.496792928171057,0.13189282944650316,2.0
1771585738.2855997,2,29,2400000.0,0.004769630514999999,8.231806349783991e-11,0.0,1.0,16.18107170553497,46.0,29.496792928171057,0.13189282944650316,2.0
1771585738.293365,2,30,2400000.0,0.004769630514999999,8.231806349783991e-11,0.0,1.0,16.18107170553497,46.0,29.496792928171057,0.13189282944650316,2.0
1771585738.3015258,2,31,2400000.0,0.004769630514999999,8.231806349783991e-11,0.0,1.0,16.18107170553497,46.0,29.496792928171057,0.13189282944650316,2.0
1771585738.3094165,2,32,2400000.0,0.004769630514999999,8.231806349783991e-11,0.0,1.0,16.18107170553497,46.0,29.496792928171057,0.13189282944650316,2.0
1771585738.3180215,2,33,2400000.0,0.004769630514999999,8.231806349783991e-11,0.0,1.0,16.18107170553497,46.0,29.496792928171057,0.13189282944650316,2.0
1771585738.3262594,2,34,2400000.0,0.004769630514999999,8.231806349783991e-11,0.0,1.0,16.18107170553497,46.0,29.496792928171057,0.13189282944650316,2.0
1771585738.334303,2,35,2400000.0,0.004769630514999999,8.231806349783991e-11,0.0,1.0,16.18107170553497,46.0,29.496792928171057,0.13189282944650316,2.0
1771585738.3428621,2,36,2400000.0,0.004769630514999999,8.231806349783991e-11,0.0,1.0,16.18107170553497,46.0,29.496792928171057,0.13189282944650316,2.0
1771585738.3511784,2,37,2400000.0,0.004769630514999999,8.231806349783991e-11,0.0,1.0,16.18107170553497,46.0,29.496792928171057,0.13189282944650316,2.0
1771585738.3596995,2,38,2400000.0,0.004769630514999999,8.231806349783991e-11,0.0,1.0,16.18107170553497,46.0,29.496792928171057,0.13189282944650316,2.0
1771585738.367594,2,39,2400000.0,0.004769630514999999,8.231806349783991e-11,0.0,1.0,16.18107170553497,46.0,29.496792928171057,0.13189282944650316,2.0
1771585738.3760657,2,40,2400000.0,0.004769630514999999,8.231806349783991e-11,0.0,1.0,16.18107170553497,46.0,29.496792928171057,0.13189282944650316,2.0
1771585738.3844626,2,41,2400000.0,0.004769630514999999,8.231806349783991e-11,0.0,1.0,16.18107170553497,46.0,29.496792928171057,0.13189282944650316,2.0
1771585738.3932695,2,42,2400000.0,0.004769630514999999,8.231806349783991e-11,0.0,1.0,16.18107170553497,46.0,29.496792928171057,0.13189282944650316,2.0
1771585738.4015045,2,43,2400000.0,0.004769630514999999,8.231806349783991e-11,0.0,1.0,16.18107170553497,46.0,29.496792928171057,0.13189282944650316,2.0
1771585738.4104605,2,44,2400000.0,0.004769630514999999,8.231806349783991e-11,0.0,1.0,16.18107170553497,46.0,29.496792928171057,0.13189282944650316,2.0
1771585738.4188778,2,45,2400000.0,0.004769630514999999,8.231806349783991e-11,0.0,1.0,16.18107170553497,46.0,29.496792928171057,0.13189282944650316,2.0
1771585738.4266918,2,46,2400000.0,0.004769630514999999,8.231806349783991e-11,0.0,1.0,16.18107170553497,46.0,29.496792928171057,0.13189282944650316,2.0
1771585738.4348242,2,47,2400000.0,0.004769630514999999,8.231806349783991e-11,0.0,1.0,16.18107170553497,46.0,29.496792928171057,0.13189282944650316,2.0
1771585738.4431908,2,48,2400000.0,0.004769630514999999,8.231806349783991e-11,0.0,1.0,16.18107170553497,46.0,29.496792928171057,0.13189282944650316,2.0
1771585738.4594355,2,49,2400000.0,0.004769630514999999,8.231806349783991e-11,0.0,1.0,16.18107170553497,46.0,29.496792928171057,0.13189282944650316,2.0
1771585738.4708438,2,50,2400000.0,0.004769630514999999,8.231806349783991e-11,0.0,1.0,16.18107170553497,46.0,29.496792928171057,0.13189282944650316,2.0
1771585738.4791868,2,51,2400000.0,0.004769630514999999,8.231806349783991e-11,0.0,1.0,16.18107170553497,46.0,29.496792928171057,0.13189282944650316,2.0
1771585738.4873116,2,52,2400000.0,0.004769630514999999,8.231806349783991e-11,0.0,1.0,16.18107170553497,46.0,29.496792928171057,0.13189282944650316,2.0
1771585738.4954958,2,53,2400000.0,0.004769630514999999,8.231806349783991e-11,0.0,1.0,16.18107170553497,46.0,29.496792928171057,0.13189282944650316,2.0
1771585738.503425,2,54,2400000.0,0.004769630514999999,8.231806349783991e-11,0.0,1.0,16.18107170553497,46.0,29.496792928171057,0.13189282944650316,2.0
1771585738.51198,2,55,2400000.0,0.004769630514999999,8.231806349783991e-11,0.0,1.0,16.18107170553497,46.0,29.496792928171057,0.13189282944650316,2.0
1771585738.5199802,2,56,2400000.0,0.004769630514999999,8.231806349783991e-11,0.0,1.0,16.18107170553497,46.0,29.496792928171057,0.13189282944650316,2.0
1771585738.5281641,2,57,2400000.0,0.004769630514999999,8.231806349783991e-11,0.0,1.0,16.18107170553497,46.0,29.496792928171057,0.13189282944650316,2.0
1771585738.5363152,2,58,2400000.0,0.004769630514999999,8.231806349783991e-11,0.0,1.0,16.18107170553497,46.0,29.496792928171057,0.13189282944650316,2.0
1771585738.544822,2,59,2400000.0,0.004769630514999999,8.231806349783991e-11,0.0,1.0,16.18107170553497,46.0,29.496792928171057,0.13189282944650316,2.0
1771585738.5527318,2,60,2400000.0,0.004769630514999999,8.231806349783991e-11,0.0,1.0,16.18107170553497,46.0,29.496792928171057,0.13189282944650316,2.0
1771585738.561369,2,61,2400000.0,0.004769630514999999,8.231806349783991e-11,0.0,1.0,16.18107170553497,46.0,29.496792928171057,0.13189282944650316,2.0
1771585738.5696313,2,62,2400000.0,0.004769630514999999,8.231806349783991e-11,0.0,1.0,16.18107170553497,46.0,29.496792928171057,0.13189282944650316,2.0
1771585738.57775,2,63,2400000.0,0.004769630514999999,8.231806349783991e-11,0.0,1.0,16.18107170553497,46.0,29.496792928171057,0.13189282944650316,2.0
1771585738.5860786,2,64,2400000.0,0.004769630514999999,8.231806349783991e-11,0.0,1.0,16.18107170553497,46.0,29.496792928171057,0.13189282944650316,2.0
1771585738.594181,2,65,2400000.0,0.004769630514999999,8.231806349783991e-11,0.0,1.0,16.18107170553497,46.0,29.496792928171057,0.13189282944650316,2.0
1771585738.6022139,2,66,2400000.0,0.004769630514999999,8.231806349783991e-11,0.0,1.0,16.18107170553497,46.0,29.496792928171057,0.13189282944650316,2.0
1771585738.6103,2,67,2400000.0,0.004769630514999999,8.231806349783991e-11,0.0,1.0,16.18107170553497,46.0,29.496792928171057,0.13189282944650316,2.0
1771585738.6184838,2,68,2400000.0,0.004769630514999999,8.231806349783991e-11,0.0,1.0,16.18107170553497,46.0,29.496792928171057,0.13189282944650316,2.0
1771585738.6266809,2,69,2400000.0,0.004769630514999999,8.231806349783991e-11,0.0,1.0,16.18107170553497,46.0,29.496792928171057,0.13189282944650316,2.0
1771585738.6348455,2,70,2400000.0,0.004769630514999999,8.231806349783991e-11,0.0,1.0,16.18107170553497,46.0,29.496792928171057,0.13189282944650316,2.0
1771585738.6429996,2,71,2400000.0,0.004769630514999999,8.231806349783991e-11,0.0,1.0,16.18107170553497,46.0,29.496792928171057,0.13189282944650316,2.0
1771585738.6512966,2,72,2400000.0,0.004769630514999999,8.231806349783991e-11,0.0,1.0,16.18107170553497,46.0,29.496792928171057,0.13189282944650316,2.0
1771585738.6595237,2,73,2400000.0,0.004769630514999999,8.231806349783991e-11,0.0,1.0,16.18107170553497,46.0,29.496792928171057,0.13189282944650316,2.0
1771585738.6678371,2,74,2400000.0,0.004769630514999999,8.231806349783991e-11,0.0,1.0,16.18107170553497,46.0,29.496792928171057,0.13189282944650316,2.0
1771585738.6759238,2,75,2400000.0,0.004769630514999999,8.231806349783991e-11,0.0,1.0,16.18107170553497,46.0,29.496792928171057,0.13189282944650316,2.0
1771585738.6841483,2,76,2400000.0,0.004769630514999999,8.231806349783991e-11,0.0,1.0,16.18107170553497,46.0,29.496792928171057,0.13189282944650316,2.0
1771585738.6921308,2,77,2400000.0,0.004769630514999999,8.231806349783991e-11,0.0,1.0,16.18107170553497,46.0,29.496792928171057,0.13189282944650316,2.0
1771585738.7031245,2,78,2400000.0,0.004769630514999999,8.231806349783991e-11,0.0,1.0,16.18107170553497,46.0,29.496792928171057,0.13189282944650316,2.0
1771585738.713884,2,79,2400000.0,0.004769630514999999,8.231806349783991e-11,0.0,1.0,16.18107170553497,46.0,29.496792928171057,0.13189282944650316,2.0
1771585738.7220228,2,80,2400000.0,0.004769630514999999,8.231806349783991e-11,0.0,1.0,16.18107170553497,46.0,29.496792928171057,0.13189282944650316,2.0
1771585738.7304835,2,81,2400000.0,0.004769630514999999,8.231806349783991e-11,0.0,1.0,16.18107170553497,46.0,29.496792928171057,0.13189282944650316,2.0
1771585738.7388637,2,82,2400000.0,0.004769630514999999,8.231806349783991e-11,0.0,1.0,16.18107170553497,46.0,29.496792928171057,0.13189282944650316,2.0
1771585738.7474864,2,83,2400000.0,0.004769630514999999,8.231806349783991e-11,0.0,1.0,16.18107170553497,46.0,29.496792928171057,0.13189282944650316,2.0
1771585738.7558234,2,84,2400000.0,0.004769630514999999,8.231806349783991e-11,0.0,1.0,16.18107170553497,46.0,29.496792928171057,0.13189282944650316,2.0
1771585738.764272,2,85,2400000.0,0.004769630514999999,8.231806349783991e-11,0.0,1.0,16.18107170553497,46.0,29.496792928171057,0.13189282944650316,2.0
1771585738.772708,2,86,2400000.0,0.004769630514999999,8.231806349783991e-11,0.0,1.0,16.18107170553497,46.0,29.496792928171057,0.13189282944650316,2.0
1771585738.7813187,2,87,2400000.0,0.004769630514999999,8.231806349783991e-11,0.0,1.0,16.18107170553497,46.0,29.496792928171057,0.13189282944650316,2.0
1771585738.7901773,2,88,2400000.0,0.004769630514999999,8.231806349783991e-11,0.0,1.0,16.18107170553497,46.0,29.496792928171057,0.13189282944650316,2.0
1771585738.798464,2,89,2400000.0,0.004769630514999999,8.231806349783991e-11,0.0,1.0,16.18107170553497,46.0,29.496792928171057,0.13189282944650316,2.0
1771585738.8072803,2,90,2400000.0,0.004769630514999999,8.231806349783991e-11,0.0,1.0,16.18107170553497,46.0,29.496792928171057,0.13189282944650316,2.0
1771585738.8165975,2,91,2400000.0,0.004769630514999999,8.231806349783991e-11,0.0,1.0,16.18107170553497,46.0,29.496792928171057,0.13189282944650316,2.0
1771585738.825236,2,92,2400000.0,0.004769630514999999,8.231806349783991e-11,0.0,1.0,16.18107170553497,46.0,29.496792928171057,0.13189282944650316,2.0
1771585738.8331594,2,93,2400000.0,0.004769630514999999,8.231806349783991e-11,0.0,1.0,16.18107170553497,46.0,29.496792928171057,0.13189282944650316,2.0
1771585738.8415997,2,94,2400000.0,0.004769630514999999,8.231806349783991e-11,0.0,1.0,16.18107170553497,46.0,29.496792928171057,0.13189282944650316,2.0
1771585738.8495698,2,95,2400000.0,0.004769630514999999,8.231806349783991e-11,0.0,1.0,16.18107170553497,46.0,29.496792928171057,0.13189282944650316,2.0
1771585738.85787,2,96,2400000.0,0.004769630514999999,8.231806349783991e-11,0.0,1.0,16.18107170553497,46.0,29.496792928171057,0.13189282944650316,2.0
1771585738.8662043,2,97,2400000.0,0.004769630514999999,8.231806349783991e-11,0.0,1.0,16.18107170553497,46.0,29.496792928171057,0.13189282944650316,2.0
1771585738.8746412,2,98,2400000.0,0.004769630514999999,8.231806349783991e-11,0.0,1.0,16.18107170553497,46.0,29.496792928171057,0.13189282944650316,2.0
1771585738.8827846,2,99,2400000.0,0.004769630514999999,8.231806349783991e-11,0.0,1.0,16.18107170553497,46.0,29.496792928171057,0.13189282944650316,2.0
1771585738.8909278,2,100,2400000.0,0.004769630514999999,8.231806349783991e-11,0.0,1.0,16.18107170553497,46.0,29.496792928171057,0.13189282944650316,2.0
1771585738.8989093,2,101,2400000.0,0.004769630514999999,8.231806349783991e-11,0.0,1.0,16.18107170553497,46.0,29.496792928171057,0.13189282944650316,2.0
1771585738.906689,2,102,2400000.0,0.004769630514999999,8.231806349783991e-11,0.0,1.0,16.18107170553497,46.0,29.496792928171057,0.13189282944650316,2.0
1771585738.914883,2,103,2400000.0,0.004769630514999999,8.231806349783991e-11,0.0,1.0,16.18107170553497,46.0,29.496792928171057,0.13189282944650316,2.0
1771585738.9228296,2,104,2400000.0,0.004769630514999999,8.231806349783991e-11,0.0,1.0,16.18107170553497,46.0,29.496792928171057,0.13189282944650316,2.0
1771585738.9315054,2,105,2400000.0,0.004769630514999999,8.231806349783991e-11,0.0,1.0,16.18107170553497,46.0,29.496792928171057,0.13189282944650316,2.0
1771585738.9398315,2,106,2400000.0,0.004769630514999999,8.231806349783991e-11,0.0,1.0,16.18107170553497,46.0,29.496792928171057,0.13189282944650316,2.0
1771585738.9477005,2,107,2400000.0,0.004769630514999999,8.231806349783991e-11,0.0,1.0,16.18107170553497,46.0,29.496792928171057,0.13189282944650316,2.0
1771585738.9562023,2,108,2400000.0,0.004769630514999999,8.231806349783991e-11,0.0,1.0,16.18107170553497,46.0,29.496792928171057,0.13189282944650316,2.0
1771585738.9644904,2,109,2400000.0,0.004769630514999999,8.231806349783991e-11,0.0,1.0,16.18107170553497,46.0,29.496792928171057,0.13189282944650316,2.0
1771585738.9729311,2,110,2400000.0,0.004769630514999999,8.231806349783991e-11,0.0,1.0,16.18107170553497,46.0,29.496792928171057,0.13189282944650316,2.0
1771585738.9810636,2,111,2400000.0,0.004769630514999999,8.231806349783991e-11,0.0,1.0,16.18107170553497,46.0,29.496792928171057,0.13189282944650316,2.0
1771585738.9893587,2,112,2400000.0,0.004769630514999999,8.231806349783991e-11,0.0,1.0,16.18107170553497,46.0,29.496792928171057,0.13189282944650316,2.0
1771585738.997995,2,113,2400000.0,0.004769630514999999,8.231806349783991e-11,0.0,1.0,16.18107170553497,46.0,29.496792928171057,0.13189282944650316,2.0
1771585739.0062513,2,114,2400000.0,0.004769630514999999,8.231806349783991e-11,0.0,1.0,16.18107170553497,46.0,29.496792928171057,0.13189282944650316,2.0
1771585739.0151625,2,115,2400000.0,0.004769630514999999,8.231806349783991e-11,0.0,1.0,16.18107170553497,46.0,29.496792928171057,0.13189282944650316,2.0
1771585739.0234067,2,116,2400000.0,0.004769630514999999,8.231806349783991e-11,0.0,1.0,16.18107170553497,46.0,29.496792928171057,0.13189282944650316,2.0
1771585739.032122,2,117,2400000.0,0.004769630514999999,8.231806349783991e-11,0.0,1.0,16.18107170553497,46.0,29.496792928171057,0.13189282944650316,2.0
1771585739.0411618,2,118,2400000.0,0.004769630514999999,8.231806349783991e-11,0.0,1.0,16.18107170553497,46.0,29.496792928171057,0.13189282944650316,2.0
1771585739.0496657,2,119,2400000.0,0.004769630514999999,8.231806349783991e-11,0.0,1.0,16.18107170553497,46.0,29.496792928171057,0.13189282944650316,2.0
1771585739.0582783,2,120,2400000.0,0.004769630514999999,8.231806349783991e-11,0.0,1.0,16.18107170553497,46.0,29.496792928171057,0.13189282944650316,2.0
1771585739.0667048,2,121,2400000.0,0.004769630514999999,8.231806349783991e-11,0.0,1.0,16.18107170553497,46.0,29.496792928171057,0.13189282944650316,2.0
1771585739.075513,2,122,2400000.0,0.004769630514999999,8.231806349783991e-11,0.0,1.0,16.18107170553497,46.0,29.496792928171057,0.13189282944650316,2.0
1771585739.0840392,2,123,2400000.0,0.004769630514999999,8.231806349783991e-11,0.0,1.0,16.18107170553497,46.0,29.496792928171057,0.13189282944650316,2.0
1771585739.093232,2,124,2400000.0,0.004769630514999999,8.231806349783991e-11,0.0,1.0,16.18107170553497,46.0,29.496792928171057,0.13189282944650316,2.0
1771585739.102205,2,125,2400000.0,0.004769630514999999,8.231806349783991e-11,0.0,1.0,16.18107170553497,46.0,29.496792928171057,0.13189282944650316,2.0
1771585739.111038,2,126,2400000.0,0.004769630514999999,8.231806349783991e-11,0.0,1.0,16.18107170553497,46.0,29.496792928171057,0.13189282944650316,2.0
1771585739.1200604,2,127,2400000.0,0.004769630514999999,8.231806349783991e-11,0.0,1.0,16.18107170553497,46.0,29.496792928171057,0.13189282944650316,2.0
1771585739.1297982,2,128,2400000.0,0.004769630514999999,8.231806349783991e-11,0.0,1.0,16.18107170553497,46.0,29.496792928171057,0.13189282944650316,2.0
1771585739.1384711,2,129,2400000.0,0.004769630514999999,8.231806349783991e-11,0.0,1.0,16.18107170553497,46.0,29.496792928171057,0.13189282944650316,2.0
1771585739.1479516,2,130,2400000.0,0.004769630514999999,8.231806349783991e-11,0.0,1.0,16.18107170553497,46.0,29.496792928171057,0.13189282944650316,2.0
1771585739.1565564,2,131,2400000.0,0.004769630514999999,8.231806349783991e-11,0.0,1.0,16.18107170553497,46.0,29.496792928171057,0.13189282944650316,2.0
1771585739.1656382,2,132,2400000.0,0.004769630514999999,8.231806349783991e-11,0.0,1.0,16.18107170553497,46.0,29.496792928171057,0.13189282944650316,2.0
1771585739.174853,2,133,2400000.0,0.004769630514999999,8.231806349783991e-11,0.0,1.0,16.18107170553497,46.0,29.496792928171057,0.13189282944650316,2.0
1771585739.1846986,2,134,2400000.0,0.004769630514999999,8.231806349783991e-11,0.0,1.0,16.18107170553497,46.0,29.496792928171057,0.13189282944650316,2.0
1771585739.1945508,2,135,2400000.0,0.004769630514999999,8.231806349783991e-11,0.0,1.0,16.18107170553497,46.0,29.496792928171057,0.13189282944650316,2.0
1771585739.2039473,2,136,2400000.0,0.004769630514999999,8.231806349783991e-11,0.0,1.0,16.18107170553497,46.0,29.496792928171057,0.13189282944650316,2.0
1771585739.2128658,2,137,2400000.0,0.004769630514999999,8.231806349783991e-11,0.0,1.0,16.18107170553497,46.0,29.496792928171057,0.13189282944650316,2.0
1771585739.2219899,2,138,2400000.0,0.004769630514999999,8.231806349783991e-11,0.0,1.0,16.18107170553497,46.0,29.496792928171057,0.13189282944650316,2.0
1771585739.2313452,2,139,2400000.0,0.004769630514999999,8.231806349783991e-11,0.0,1.0,16.18107170553497,46.0,29.496792928171057,0.13189282944650316,2.0
1771585739.240567,2,140,2400000.0,0.004769630514999999,8.231806349783991e-11,0.0,1.0,16.18107170553497,46.0,29.496792928171057,0.13189282944650316,2.0
1771585739.2499695,2,141,2400000.0,0.004769630514999999,8.231806349783991e-11,0.0,1.0,16.18107170553497,46.0,29.496792928171057,0.13189282944650316,2.0
1771585739.2591965,2,142,2400000.0,0.004769630514999999,8.231806349783991e-11,0.0,1.0,16.18107170553497,46.0,29.496792928171057,0.13189282944650316,2.0
1771585739.268477,2,143,2400000.0,0.004769630514999999,8.231806349783991e-11,0.0,1.0,16.18107170553497,46.0,29.496792928171057,0.13189282944650316,2.0
1771585739.277352,2,144,2400000.0,0.004769630514999999,8.231806349783991e-11,0.0,1.0,16.18107170553497,46.0,29.496792928171057,0.13189282944650316,2.0
1771585739.2864752,2,145,2400000.0,0.004769630514999999,8.231806349783991e-11,0.0,1.0,16.18107170553497,46.0,29.496792928171057,0.13189282944650316,2.0
1771585739.2964084,2,146,2400000.0,0.004769630514999999,8.231806349783991e-11,0.0,1.0,16.18107170553497,46.0,29.496792928171057,0.13189282944650316,2.0
1771585739.30545,2,147,2400000.0,0.004769630514999999,8.231806349783991e-11,0.0,1.0,16.18107170553497,46.0,29.496792928171057,0.13189282944650316,2.0
1771585739.3146214,2,148,2400000.0,0.004769630514999999,8.231806349783991e-11,0.0,1.0,16.18107170553497,46.0,29.496792928171057,0.13189282944650316,2.0
1771585739.323367,2,149,2400000.0,0.004769630514999999,8.231806349783991e-11,0.0,1.0,16.18107170553497,46.0,29.496792928171057,0.13189282944650316,2.0
1771585739.3330002,2,150,2400000.0,0.004769630514999999,8.231806349783991e-11,0.0,1.0,16.18107170553497,46.0,29.496792928171057,0.13189282944650316,2.0
1771585739.3416235,2,151,2400000.0,0.004769630514999999,8.231806349783991e-11,0.0,1.0,16.18107170553497,46.0,29.496792928171057,0.13189282944650316,2.0
1771585739.350492,2,152,2400000.0,0.004769630514999999,8.231806349783991e-11,0.0,1.0,16.18107170553497,46.0,29.496792928171057,0.13189282944650316,2.0
1771585739.359248,2,153,2400000.0,0.004769630514999999,8.231806349783991e-11,0.0,1.0,16.18107170553497,46.0,29.496792928171057,0.13189282944650316,2.0
1771585739.3680835,2,154,2400000.0,0.004769630514999999,8.231806349783991e-11,0.0,1.0,16.18107170553497,46.0,29.496792928171057,0.13189282944650316,2.0
1771585739.376808,2,155,2400000.0,0.004769630514999999,8.231806349783991e-11,0.0,1.0,16.18107170553497,46.0,29.496792928171057,0.13189282944650316,2.0
1771585739.385145,2,156,2400000.0,0.004769630514999999,8.231806349783991e-11,0.0,1.0,16.18107170553497,46.0,29.496792928171057,0.13189282944650316,2.0
1771585739.394353,2,157,2400000.0,0.004769630514999999,8.231806349783991e-11,0.0,1.0,16.18107170553497,46.0,29.496792928171057,0.13189282944650316,2.0
1771585739.402852,2,158,2400000.0,0.004769630514999999,8.231806349783991e-11,0.0,1.0,16.18107170553497,46.0,29.496792928171057,0.13189282944650316,2.0
1771585739.411878,2,159,2400000.0,0.004769630514999999,8.231806349783991e-11,0.0,1.0,16.18107170553497,46.0,29.496792928171057,0.13189282944650316,2.0
1771585739.4202209,2,160,2400000.0,0.004769630514999999,8.231806349783991e-11,0.0,1.0,16.18107170553497,46.0,29.496792928171057,0.13189282944650316,2.0
1771585739.4292629,2,161,2400000.0,0.004769630514999999,8.231806349783991e-11,0.0,1.0,16.18107170553497,46.0,29.496792928171057,0.13189282944650316,2.0
1771585739.437272,2,162,2400000.0,0.004769630514999999,8.231806349783991e-11,0.0,1.0,16.18107170553497,46.0,29.496792928171057,0.13189282944650316,2.0
1771585739.4459627,2,163,2400000.0,0.004769630514999999,8.231806349783991e-11,0.0,1.0,16.18107170553497,46.0,29.496792928171057,0.13189282944650316,2.0
1771585739.4540536,2,164,2400000.0,0.004769630514999999,8.231806349783991e-11,0.0,1.0,16.18107170553497,46.0,29.496792928171057,0.13189282944650316,2.0
1771585739.462457,2,165,2400000.0,0.004769630514999999,8.231806349783991e-11,0.0,1.0,16.18107170553497,46.0,29.496792928171057,0.13189282944650316,2.0
1771585739.470986,2,166,2400000.0,0.004769630514999999,8.231806349783991e-11,0.0,1.0,16.18107170553497,46.0,29.496792928171057,0.13189282944650316,2.0
1771585739.4803698,2,167,2400000.0,0.004769630514999999,8.231806349783991e-11,0.0,1.0,16.18107170553497,46.0,29.496792928171057,0.13189282944650316,2.0
1771585739.4887762,2,168,2400000.0,0.004769630514999999,8.231806349783991e-11,0.0,1.0,16.18107170553497,46.0,29.496792928171057,0.13189282944650316,2.0
1771585739.4970727,2,169,2400000.0,0.004769630514999999,8.231806349783991e-11,0.0,1.0,16.18107170553497,46.0,29.496792928171057,0.13189282944650316,2.0
1771585739.5055256,2,170,2400000.0,0.004769630514999999,8.231806349783991e-11,0.0,1.0,16.18107170553497,46.0,29.496792928171057,0.13189282944650316,2.0
1771585739.5140748,2,171,2400000.0,0.004769630514999999,8.231806349783991e-11,0.0,1.0,16.18107170553497,46.0,29.496792928171057,0.13189282944650316,2.0
1771585739.5227153,2,172,2400000.0,0.004769630514999999,8.231806349783991e-11,0.0,1.0,16.18107170553497,46.0,29.496792928171057,0.13189282944650316,2.0
1771585739.530848,2,173,2400000.0,0.004769630514999999,8.231806349783991e-11,0.0,1.0,16.18107170553497,46.0,29.496792928171057,0.13189282944650316,2.0
1771585739.5385962,2,174,2400000.0,0.004769630514999999,8.231806349783991e-11,0.0,1.0,16.18107170553497,46.0,29.496792928171057,0.13189282944650316,2.0
1771585739.5478303,2,175,2400000.0,0.004769630514999999,8.231806349783991e-11,0.0,1.0,16.18107170553497,46.0,29.496792928171057,0.13189282944650316,2.0
1771585739.555751,2,176,2400000.0,0.004769630514999999,8.231806349783991e-11,0.0,1.0,16.18107170553497,46.0,29.496792928171057,0.13189282944650316,2.0
1771585739.5637412,2,177,2400000.0,0.004769630514999999,8.231806349783991e-11,0.0,1.0,16.18107170553497,46.0,29.496792928171057,0.13189282944650316,2.0
1771585739.5719488,2,178,2400000.0,0.004769630514999999,8.231806349783991e-11,0.0,1.0,16.18107170553497,46.0,29.496792928171057,0.13189282944650316,2.0
1771585739.580331,2,179,2400000.0,0.004769630514999999,8.231806349783991e-11,0.0,1.0,16.18107170553497,46.0,29.496792928171057,0.13189282944650316,2.0
1771585739.5882478,2,180,2400000.0,0.004769630514999999,8.231806349783991e-11,0.0,1.0,16.18107170553497,46.0,29.496792928171057,0.13189282944650316,2.0
1771585739.5970137,2,181,2400000.0,0.004769630514999999,8.231806349783991e-11,0.0,1.0,16.18107170553497,46.0,29.496792928171057,0.13189282944650316,2.0
1771585739.6053414,2,182,2400000.0,0.004769630514999999,8.231806349783991e-11,0.0,1.0,16.18107170553497,46.0,29.496792928171057,0.13189282944650316,2.0
1771585739.6137393,2,183,2400000.0,0.004769630514999999,8.231806349783991e-11,0.0,1.0,16.18107170553497,46.0,29.496792928171057,0.13189282944650316,2.0
1771585739.6219714,2,184,2400000.0,0.004769630514999999,8.231806349783991e-11,0.0,1.0,16.18107170553497,46.0,29.496792928171057,0.13189282944650316,2.0
1771585739.6304874,2,185,2400000.0,0.004769630514999999,8.231806349783991e-11,0.0,1.0,16.18107170553497,46.0,29.496792928171057,0.13189282944650316,2.0
1771585739.6387799,2,186,2400000.0,0.004769630514999999,8.231806349783991e-11,0.0,1.0,16.18107170553497,46.0,29.496792928171057,0.13189282944650316,2.0
1771585739.6472745,2,187,2400000.0,0.004769630514999999,8.231806349783991e-11,0.0,1.0,16.18107170553497,46.0,29.496792928171057,0.13189282944650316,2.0
1771585739.6553457,2,188,2400000.0,0.004769630514999999,8.231806349783991e-11,0.0,1.0,16.18107170553497,46.0,29.496792928171057,0.13189282944650316,2.0
1771585739.6635587,2,189,2400000.0,0.004769630514999999,8.231806349783991e-11,0.0,1.0,16.18107170553497,46.0,29.496792928171057,0.13189282944650316,2.0
1771585739.6718209,2,190,2400000.0,0.004769630514999999,8.231806349783991e-11,0.0,1.0,16.18107170553497,46.0,29.496792928171057,0.13189282944650316,2.0
1771585739.679804,2,191,2400000.0,0.004769630514999999,8.231806349783991e-11,0.0,1.0,16.18107170553497,46.0,29.496792928171057,0.13189282944650316,2.0
1771585739.6877086,2,192,2400000.0,0.004769630514999999,8.231806349783991e-11,0.0,1.0,16.18107170553497,46.0,29.496792928171057,0.13189282944650316,2.0
1771585739.6961243,2,193,2400000.0,0.004769630514999999,8.231806349783991e-11,0.0,1.0,16.18107170553497,46.0,29.496792928171057,0.13189282944650316,2.0
1771585739.7044325,2,194,2400000.0,0.004769630514999999,8.231806349783991e-11,0.0,1.0,16.18107170553497,46.0,29.496792928171057,0.13189282944650316,2.0
1771585739.7125173,2,195,2400000.0,0.004769630514999999,8.231806349783991e-11,0.0,1.0,16.18107170553497,46.0,29.496792928171057,0.13189282944650316,2.0
1771585739.720993,2,196,2400000.0,0.004769630514999999,8.231806349783991e-11,0.0,1.0,16.18107170553497,46.0,29.496792928171057,0.13189282944650316,2.0
1771585739.7297697,2,197,2400000.0,0.004769630514999999,8.231806349783991e-11,0.0,1.0,16.18107170553497,46.0,29.496792928171057,0.13189282944650316,2.0
1771585739.7381556,2,198,2400000.0,0.004769630514999999,8.231806349783991e-11,0.0,1.0,16.18107170553497,46.0,29.496792928171057,0.13189282944650316,2.0
1771585739.7467732,2,199,2400000.0,0.004769630514999999,8.231806349783991e-11,0.0,1.0,16.18107170553497,46.0,29.496792928171057,0.13189282944650316,2.0
1771585739.7548542,2,200,2400000.0,0.004769630514999999,8.231806349783991e-11,0.0,1.0,16.18107170553497,46.0,29.496792928171057,0.13189282944650316,2.0
1771585739.954248,3,0,0.0,0.0,0.0,0.0,1.0,0.0,23.0,0.0,1.75,2.0
1771585739.9699478,3,1,1920000.0,0.004769630514999999,8.231806349783991e-11,0.05882352941176472,1.0,16.18107170553497,46.0,29.496792928171057,-0.36810717055349684,2.0
1771585739.9789646,3,2,2400000.0,0.004769630514999999,8.231806349783991e-11,0.0,1.0,16.18107170553497,46.0,29.496792928171057,0.13189282944650316,2.0
1771585739.9871867,3,3,2400000.0,0.004769630514999999,8.231806349783991e-11,0.0,1.0,16.18107170553497,46.0,29.496792928171057,0.13189282944650316,2.0
1771585739.9956574,3,4,2400000.0,0.004769630514999999,8.231806349783991e-11,0.0,1.0,16.18107170553497,46.0,29.496792928171057,0.13189282944650316,2.0
1771585740.003975,3,5,2400000.0,0.004769630514999999,8.231806349783991e-11,0.0,1.0,16.18107170553497,46.0,29.496792928171057,0.13189282944650316,2.0
1771585740.0123081,3,6,2400000.0,0.004769630514999999,8.231806349783991e-11,0.0,1.0,16.18107170553497,46.0,29.496792928171057,0.13189282944650316,2.0
1771585740.0209973,3,7,2400000.0,0.004769630514999999,8.231806349783991e-11,0.0,1.0,16.18107170553497,46.0,29.496792928171057,0.13189282944650316,2.0
1771585740.029303,3,8,2400000.0,0.004769630514999999,8.231806349783991e-11,0.0,1.0,16.18107170553497,46.0,29.496792928171057,0.13189282944650316,2.0
1771585740.0373929,3,9,2400000.0,0.004769630514999999,8.231806349783991e-11,0.0,1.0,16.18107170553497,46.0,29.496792928171057,0.13189282944650316,2.0
1771585740.0457199,3,10,2400000.0,0.004769630514999999,8.231806349783991e-11,0.0,1.0,16.18107170553497,46.0,29.496792928171057,0.13189282944650316,2.0
1771585740.0537446,3,11,2400000.0,0.004769630514999999,8.231806349783991e-11,0.0,1.0,16.18107170553497,46.0,29.496792928171057,0.13189282944650316,2.0
1771585740.0619047,3,12,2400000.0,0.004769630514999999,8.231806349783991e-11,0.0,1.0,16.18107170553497,46.0,29.496792928171057,0.13189282944650316,2.0
1771585740.0701797,3,13,2400000.0,0.004769630514999999,8.231806349783991e-11,0.0,1.0,16.18107170553497,46.0,29.496792928171057,0.13189282944650316,2.0
1771585740.0787098,3,14,2400000.0,0.004769630514999999,8.231806349783991e-11,0.0,1.0,16.18107170553497,46.0,29.496792928171057,0.13189282944650316,2.0
1771585740.0867796,3,15,2400000.0,0.004769630514999999,8.231806349783991e-11,0.0,1.0,16.18107170553497,46.0,29.496792928171057,0.13189282944650316,2.0
1771585740.0952694,3,16,2400000.0,0.004769630514999999,8.231806349783991e-11,0.0,1.0,16.18107170553497,46.0,29.496792928171057,0.13189282944650316,2.0
1771585740.1037612,3,17,2400000.0,0.004769630514999999,8.231806349783991e-11,0.0,1.0,16.18107170553497,46.0,29.496792928171057,0.13189282944650316,2.0
1771585740.1123095,3,18,2400000.0,0.004769630514999999,8.231806349783991e-11,0.0,1.0,16.18107170553497,46.0,29.496792928171057,0.13189282944650316,2.0
1771585740.1206634,3,19,2400000.0,0.004769630514999999,8.231806349783991e-11,0.0,1.0,16.18107170553497,46.0,29.496792928171057,0.13189282944650316,2.0
1771585740.1288297,3,20,2400000.0,0.004769630514999999,8.231806349783991e-11,0.0,1.0,16.18107170553497,46.0,29.496792928171057,0.13189282944650316,2.0
1771585740.1370158,3,21,2400000.0,0.004769630514999999,8.231806349783991e-11,0.0,1.0,16.18107170553497,46.0,29.496792928171057,0.13189282944650316,2.0
1771585740.1456354,3,22,2400000.0,0.004769630514999999,8.231806349783991e-11,0.0,1.0,16.18107170553497,46.0,29.496792928171057,0.13189282944650316,2.0
1771585740.1538405,3,23,2400000.0,0.004769630514999999,8.231806349783991e-11,0.0,1.0,16.18107170553497,46.0,29.496792928171057,0.13189282944650316,2.0
1771585740.1622934,3,24,2400000.0,0.004769630514999999,8.231806349783991e-11,0.0,1.0,16.18107170553497,46.0,29.496792928171057,0.13189282944650316,2.0
1771585740.1704955,3,25,2400000.0,0.004769630514999999,8.231806349783991e-11,0.0,1.0,16.18107170553497,46.0,29.496792928171057,0.13189282944650316,2.0
1771585740.1791291,3,26,2400000.0,0.004769630514999999,8.231806349783991e-11,0.0,1.0,16.18107170553497,46.0,29.496792928171057,0.13189282944650316,2.0
1771585740.1874764,3,27,2400000.0,0.004769630514999999,8.231806349783991e-11,0.0,1.0,16.18107170553497,46.0,29.496792928171057,0.13189282944650316,2.0
1771585740.196261,3,28,2400000.0,0.004769630514999999,8.231806349783991e-11,0.0,1.0,16.18107170553497,46.0,29.496792928171057,0.13189282944650316,2.0
1771585740.2042768,3,29,2400000.0,0.004769630514999999,8.231806349783991e-11,0.0,1.0,16.18107170553497,46.0,29.496792928171057,0.13189282944650316,2.0
1771585740.2121692,3,30,2400000.0,0.004769630514999999,8.231806349783991e-11,0.0,1.0,16.18107170553497,46.0,29.496792928171057,0.13189282944650316,2.0
1771585740.2202272,3,31,2400000.0,0.004769630514999999,8.231806349783991e-11,0.0,1.0,16.18107170553497,46.0,29.496792928171057,0.13189282944650316,2.0
1771585740.2284849,3,32,2400000.0,0.004769630514999999,8.231806349783991e-11,0.0,1.0,16.18107170553497,46.0,29.496792928171057,0.13189282944650316,2.0
1771585740.2369485,3,33,2400000.0,0.004769630514999999,8.231806349783991e-11,0.0,1.0,16.18107170553497,46.0,29.496792928171057,0.13189282944650316,2.0
1771585740.2460408,3,34,2400000.0,0.004769630514999999,8.231806349783991e-11,0.0,1.0,16.18107170553497,46.0,29.496792928171057,0.13189282944650316,2.0
1771585740.2541983,3,35,2400000.0,0.004769630514999999,8.231806349783991e-11,0.0,1.0,16.18107170553497,46.0,29.496792928171057,0.13189282944650316,2.0
1771585740.262414,3,36,2400000.0,0.004769630514999999,8.231806349783991e-11,0.0,1.0,16.18107170553497,46.0,29.496792928171057,0.13189282944650316,2.0
1771585740.270521,3,37,2400000.0,0.004769630514999999,8.231806349783991e-11,0.0,1.0,16.18107170553497,46.0,29.496792928171057,0.13189282944650316,2.0
1771585740.2791061,3,38,2400000.0,0.004769630514999999,8.231806349783991e-11,0.0,1.0,16.18107170553497,46.0,29.496792928171057,0.13189282944650316,2.0
1771585740.2879214,3,39,2400000.0,0.004769630514999999,8.231806349783991e-11,0.0,1.0,16.18107170553497,46.0,29.496792928171057,0.13189282944650316,2.0
1771585740.2963345,3,40,2400000.0,0.004769630514999999,8.231806349783991e-11,0.0,1.0,16.18107170553497,46.0,29.496792928171057,0.13189282944650316,2.0
1771585740.3045502,3,41,2400000.0,0.004769630514999999,8.231806349783991e-11,0.0,1.0,16.18107170553497,46.0,29.496792928171057,0.13189282944650316,2.0
1771585740.313,3,42,2400000.0,0.004769630514999999,8.231806349783991e-11,0.0,1.0,16.18107170553497,46.0,29.496792928171057,0.13189282944650316,2.0
1771585740.3210723,3,43,2400000.0,0.004769630514999999,8.231806349783991e-11,0.0,1.0,16.18107170553497,46.0,29.496792928171057,0.13189282944650316,2.0
1771585740.3292558,3,44,2400000.0,0.004769630514999999,8.231806349783991e-11,0.0,1.0,16.18107170553497,46.0,29.496792928171057,0.13189282944650316,2.0
1771585740.3372657,3,45,2400000.0,0.004769630514999999,8.231806349783991e-11,0.0,1.0,16.18107170553497,46.0,29.496792928171057,0.13189282944650316,2.0
1771585740.3455472,3,46,2400000.0,0.004769630514999999,8.231806349783991e-11,0.0,1.0,16.18107170553497,46.0,29.496792928171057,0.13189282944650316,2.0
1771585740.3533552,3,47,2400000.0,0.004769630514999999,8.231806349783991e-11,0.0,1.0,16.18107170553497,46.0,29.496792928171057,0.13189282944650316,2.0
1771585740.361693,3,48,2400000.0,0.004769630514999999,8.231806349783991e-11,0.0,1.0,16.18107170553497,46.0,29.496792928171057,0.13189282944650316,2.0
1771585740.3701031,3,49,2400000.0,0.004769630514999999,8.231806349783991e-11,0.0,1.0,16.18107170553497,46.0,29.496792928171057,0.13189282944650316,2.0
1771585740.3786027,3,50,2400000.0,0.004769630514999999,8.231806349783991e-11,0.0,1.0,16.18107170553497,46.0,29.496792928171057,0.13189282944650316,2.0
1771585740.386773,3,51,2400000.0,0.004769630514999999,8.231806349783991e-11,0.0,1.0,16.18107170553497,46.0,29.496792928171057,0.13189282944650316,2.0
1771585740.3949018,3,52,2400000.0,0.004769630514999999,8.231806349783991e-11,0.0,1.0,16.18107170553497,46.0,29.496792928171057,0.13189282944650316,2.0
1771585740.40275,3,53,2400000.0,0.004769630514999999,8.231806349783991e-11,0.0,1.0,16.18107170553497,46.0,29.496792928171057,0.13189282944650316,2.0
1771585740.4110513,3,54,2400000.0,0.004769630514999999,8.231806349783991e-11,0.0,1.0,16.18107170553497,46.0,29.496792928171057,0.13189282944650316,2.0
1771585740.4190803,3,55,2400000.0,0.004769630514999999,8.231806349783991e-11,0.0,1.0,16.18107170553497,46.0,29.496792928171057,0.13189282944650316,2.0
1771585740.4275022,3,56,2400000.0,0.004769630514999999,8.231806349783991e-11,0.0,1.0,16.18107170553497,46.0,29.496792928171057,0.13189282944650316,2.0
1771585740.435576,3,57,2400000.0,0.004769630514999999,8.231806349783991e-11,0.0,1.0,16.18107170553497,46.0,29.496792928171057,0.13189282944650316,2.0
1771585740.4438066,3,58,2400000.0,0.004769630514999999,8.231806349783991e-11,0.0,1.0,16.18107170553497,46.0,29.496792928171057,0.13189282944650316,2.0
1771585740.451826,3,59,2400000.0,0.004769630514999999,8.231806349783991e-11,0.0,1.0,16.18107170553497,46.0,29.496792928171057,0.13189282944650316,2.0
1771585740.4598646,3,60,2400000.0,0.004769630514999999,8.231806349783991e-11,0.0,1.0,16.18107170553497,46.0,29.496792928171057,0.13189282944650316,2.0
1771585740.4680464,3,61,2400000.0,0.004769630514999999,8.231806349783991e-11,0.0,1.0,16.18107170553497,46.0,29.496792928171057,0.13189282944650316,2.0
1771585740.4761107,3,62,2400000.0,0.004769630514999999,8.231806349783991e-11,0.0,1.0,16.18107170553497,46.0,29.496792928171057,0.13189282944650316,2.0
1771585740.48424,3,63,2400000.0,0.004769630514999999,8.231806349783991e-11,0.0,1.0,16.18107170553497,46.0,29.496792928171057,0.13189282944650316,2.0
1771585740.4929204,3,64,2400000.0,0.004769630514999999,8.231806349783991e-11,0.0,1.0,16.18107170553497,46.0,29.496792928171057,0.13189282944650316,2.0
1771585740.5011024,3,65,2400000.0,0.004769630514999999,8.231806349783991e-11,0.0,1.0,16.18107170553497,46.0,29.496792928171057,0.13189282944650316,2.0
1771585740.5094218,3,66,2400000.0,0.004769630514999999,8.231806349783991e-11,0.0,1.0,16.18107170553497,46.0,29.496792928171057,0.13189282944650316,2.0
1771585740.5177157,3,67,2400000.0,0.004769630514999999,8.231806349783991e-11,0.0,1.0,16.18107170553497,46.0,29.496792928171057,0.13189282944650316,2.0
1771585740.5256631,3,68,2400000.0,0.004769630514999999,8.231806349783991e-11,0.0,1.0,16.18107170553497,46.0,29.496792928171057,0.13189282944650316,2.0
1771585740.5337067,3,69,2400000.0,0.004769630514999999,8.231806349783991e-11,0.0,1.0,16.18107170553497,46.0,29.496792928171057,0.13189282944650316,2.0
1771585740.5425782,3,70,2400000.0,0.004769630514999999,8.231806349783991e-11,0.0,1.0,16.18107170553497,46.0,29.496792928171057,0.13189282944650316,2.0
1771585740.5517607,3,71,2400000.0,0.004769630514999999,8.231806349783991e-11,0.0,1.0,16.18107170553497,46.0,29.496792928171057,0.13189282944650316,2.0
1771585740.559794,3,72,2400000.0,0.004769630514999999,8.231806349783991e-11,0.0,1.0,16.18107170553497,46.0,29.496792928171057,0.13189282944650316,2.0
1771585740.5678852,3,73,2400000.0,0.004769630514999999,8.231806349783991e-11,0.0,1.0,16.18107170553497,46.0,29.496792928171057,0.13189282944650316,2.0
1771585740.5760198,3,74,2400000.0,0.004769630514999999,8.231806349783991e-11,0.0,1.0,16.18107170553497,46.0,29.496792928171057,0.13189282944650316,2.0
1771585740.5837429,3,75,2400000.0,0.004769630514999999,8.231806349783991e-11,0.0,1.0,16.18107170553497,46.0,29.496792928171057,0.13189282944650316,2.0
1771585740.592059,3,76,2400000.0,0.004769630514999999,8.231806349783991e-11,0.0,1.0,16.18107170553497,46.0,29.496792928171057,0.13189282944650316,2.0
1771585740.6002324,3,77,2400000.0,0.004769630514999999,8.231806349783991e-11,0.0,1.0,16.18107170553497,46.0,29.496792928171057,0.13189282944650316,2.0
1771585740.6086214,3,78,2400000.0,0.004769630514999999,8.231806349783991e-11,0.0,1.0,16.18107170553497,46.0,29.496792928171057,0.13189282944650316,2.0
1771585740.6169925,3,79,2400000.0,0.004769630514999999,8.231806349783991e-11,0.0,1.0,16.18107170553497,46.0,29.496792928171057,0.13189282944650316,2.0
1771585740.625307,3,80,2400000.0,0.004769630514999999,8.231806349783991e-11,0.0,1.0,16.18107170553497,46.0,29.496792928171057,0.13189282944650316,2.0
1771585740.6338127,3,81,2400000.0,0.004769630514999999,8.231806349783991e-11,0.0,1.0,16.18107170553497,46.0,29.496792928171057,0.13189282944650316,2.0
1771585740.6420734,3,82,2400000.0,0.004769630514999999,8.231806349783991e-11,0.0,1.0,16.18107170553497,46.0,29.496792928171057,0.13189282944650316,2.0
1771585740.6503532,3,83,2400000.0,0.004769630514999999,8.231806349783991e-11,0.0,1.0,16.18107170553497,46.0,29.496792928171057,0.13189282944650316,2.0
1771585740.6624138,3,84,2400000.0,0.004769630514999999,8.231806349783991e-11,0.0,1.0,16.18107170553497,46.0,29.496792928171057,0.13189282944650316,2.0
1771585740.6710873,3,85,2400000.0,0.004769630514999999,8.231806349783991e-11,0.0,1.0,16.18107170553497,46.0,29.496792928171057,0.13189282944650316,2.0
1771585740.6797206,3,86,2400000.0,0.004769630514999999,8.231806349783991e-11,0.0,1.0,16.18107170553497,46.0,29.496792928171057,0.13189282944650316,2.0
1771585740.6883204,3,87,2400000.0,0.004769630514999999,8.231806349783991e-11,0.0,1.0,16.18107170553497,46.0,29.496792928171057,0.13189282944650316,2.0
1771585740.6968203,3,88,2400000.0,0.004769630514999999,8.231806349783991e-11,0.0,1.0,16.18107170553497,46.0,29.496792928171057,0.13189282944650316,2.0
1771585740.705103,3,89,2400000.0,0.004769630514999999,8.231806349783991e-11,0.0,1.0,16.18107170553497,46.0,29.496792928171057,0.13189282944650316,2.0
1771585740.713521,3,90,2400000.0,0.004769630514999999,8.231806349783991e-11,0.0,1.0,16.18107170553497,46.0,29.496792928171057,0.13189282944650316,2.0
1771585740.7220404,3,91,2400000.0,0.004769630514999999,8.231806349783991e-11,0.0,1.0,16.18107170553497,46.0,29.496792928171057,0.13189282944650316,2.0
1771585740.7305593,3,92,2400000.0,0.004769630514999999,8.231806349783991e-11,0.0,1.0,16.18107170553497,46.0,29.496792928171057,0.13189282944650316,2.0
1771585740.7387462,3,93,2400000.0,0.004769630514999999,8.231806349783991e-11,0.0,1.0,16.18107170553497,46.0,29.496792928171057,0.13189282944650316,2.0
1771585740.7469497,3,94,2400000.0,0.004769630514999999,8.231806349783991e-11,0.0,1.0,16.18107170553497,46.0,29.496792928171057,0.13189282944650316,2.0
1771585740.7553017,3,95,2400000.0,0.004769630514999999,8.231806349783991e-11,0.0,1.0,16.18107170553497,46.0,29.496792928171057,0.13189282944650316,2.0
1771585740.7636898,3,96,2400000.0,0.004769630514999999,8.231806349783991e-11,0.0,1.0,16.18107170553497,46.0,29.496792928171057,0.13189282944650316,2.0
1771585740.7723444,3,97,2400000.0,0.004769630514999999,8.231806349783991e-11,0.0,1.0,16.18107170553497,46.0,29.496792928171057,0.13189282944650316,2.0
1771585740.7810836,3,98,2400000.0,0.004769630514999999,8.231806349783991e-11,0.0,1.0,16.18107170553497,46.0,29.496792928171057,0.13189282944650316,2.0
1771585740.7894688,3,99,2400000.0,0.004769630514999999,8.231806349783991e-11,0.0,1.0,16.18107170553497,46.0,29.496792928171057,0.13189282944650316,2.0
1771585740.7980316,3,100,2400000.0,0.004769630514999999,8.231806349783991e-11,0.0,1.0,16.18107170553497,46.0,29.496792928171057,0.13189282944650316,2.0
1771585740.8068871,3,101,2400000.0,0.004769630514999999,8.231806349783991e-11,0.0,1.0,16.18107170553497,46.0,29.496792928171057,0.13189282944650316,2.0
1771585740.8168976,3,102,2400000.0,0.004769630514999999,8.231806349783991e-11,0.0,1.0,16.18107170553497,46.0,29.496792928171057,0.13189282944650316,2.0
1771585740.8255048,3,103,2400000.0,0.004769630514999999,8.231806349783991e-11,0.0,1.0,16.18107170553497,46.0,29.496792928171057,0.13189282944650316,2.0
1771585740.8340461,3,104,2400000.0,0.004769630514999999,8.231806349783991e-11,0.0,1.0,16.18107170553497,46.0,29.496792928171057,0.13189282944650316,2.0
1771585740.8423805,3,105,2400000.0,0.004769630514999999,8.231806349783991e-11,0.0,1.0,16.18107170553497,46.0,29.496792928171057,0.13189282944650316,2.0
1771585740.8507879,3,106,2400000.0,0.004769630514999999,8.231806349783991e-11,0.0,1.0,16.18107170553497,46.0,29.496792928171057,0.13189282944650316,2.0
1771585740.8593073,3,107,2400000.0,0.004769630514999999,8.231806349783991e-11,0.0,1.0,16.18107170553497,46.0,29.496792928171057,0.13189282944650316,2.0
1771585740.8674474,3,108,2400000.0,0.004769630514999999,8.231806349783991e-11,0.0,1.0,16.18107170553497,46.0,29.496792928171057,0.13189282944650316,2.0
1771585740.8756633,3,109,2400000.0,0.004769630514999999,8.231806349783991e-11,0.0,1.0,16.18107170553497,46.0,29.496792928171057,0.13189282944650316,2.0
1771585740.8842206,3,110,2400000.0,0.004769630514999999,8.231806349783991e-11,0.0,1.0,16.18107170553497,46.0,29.496792928171057,0.13189282944650316,2.0
1771585740.8922603,3,111,2400000.0,0.004769630514999999,8.231806349783991e-11,0.0,1.0,16.18107170553497,46.0,29.496792928171057,0.13189282944650316,2.0
1771585740.9013026,3,112,2400000.0,0.004769630514999999,8.231806349783991e-11,0.0,1.0,16.18107170553497,46.0,29.496792928171057,0.13189282944650316,2.0
1771585740.9099634,3,113,2400000.0,0.004769630514999999,8.231806349783991e-11,0.0,1.0,16.18107170553497,46.0,29.496792928171057,0.13189282944650316,2.0
1771585740.917893,3,114,2400000.0,0.004769630514999999,8.231806349783991e-11,0.0,1.0,16.18107170553497,46.0,29.496792928171057,0.13189282944650316,2.0
1771585740.9266472,3,115,2400000.0,0.004769630514999999,8.231806349783991e-11,0.0,1.0,16.18107170553497,46.0,29.496792928171057,0.13189282944650316,2.0
1771585740.9350607,3,116,2400000.0,0.004769630514999999,8.231806349783991e-11,0.0,1.0,16.18107170553497,46.0,29.496792928171057,0.13189282944650316,2.0
1771585740.943683,3,117,2400000.0,0.004769630514999999,8.231806349783991e-11,0.0,1.0,16.18107170553497,46.0,29.496792928171057,0.13189282944650316,2.0
1771585740.9517248,3,118,2400000.0,0.004769630514999999,8.231806349783991e-11,0.0,1.0,16.18107170553497,46.0,29.496792928171057,0.13189282944650316,2.0
1771585740.960086,3,119,2400000.0,0.004769630514999999,8.231806349783991e-11,0.0,1.0,16.18107170553497,46.0,29.496792928171057,0.13189282944650316,2.0
1771585740.9681375,3,120,2400000.0,0.004769630514999999,8.231806349783991e-11,0.0,1.0,16.18107170553497,46.0,29.496792928171057,0.13189282944650316,2.0
1771585740.9763954,3,121,2400000.0,0.004769630514999999,8.231806349783991e-11,0.0,1.0,16.18107170553497,46.0,29.496792928171057,0.13189282944650316,2.0
1771585740.9881024,3,122,2400000.0,0.004769630514999999,8.231806349783991e-11,0.0,1.0,16.18107170553497,46.0,29.496792928171057,0.13189282944650316,2.0
1771585741.0015967,3,123,2400000.0,0.004769630514999999,8.231806349783991e-11,0.0,1.0,16.18107170553497,46.0,29.496792928171057,0.13189282944650316,2.0
1771585741.0106928,3,124,2400000.0,0.004769630514999999,8.231806349783991e-11,0.0,1.0,16.18107170553497,46.0,29.496792928171057,0.13189282944650316,2.0
1771585741.0194027,3,125,2400000.0,0.004769630514999999,8.231806349783991e-11,0.0,1.0,16.18107170553497,46.0,29.496792928171057,0.13189282944650316,2.0
1771585741.0279953,3,126,2400000.0,0.004769630514999999,8.231806349783991e-11,0.0,1.0,16.18107170553497,46.0,29.496792928171057,0.13189282944650316,2.0
1771585741.0363533,3,127,2400000.0,0.004769630514999999,8.231806349783991e-11,0.0,1.0,16.18107170553497,46.0,29.496792928171057,0.13189282944650316,2.0
1771585741.0453753,3,128,2400000.0,0.004769630514999999,8.231806349783991e-11,0.0,1.0,16.18107170553497,46.0,29.496792928171057,0.13189282944650316,2.0
1771585741.053752,3,129,2400000.0,0.004769630514999999,8.231806349783991e-11,0.0,1.0,16.18107170553497,46.0,29.496792928171057,0.13189282944650316,2.0
1771585741.062782,3,130,2400000.0,0.004769630514999999,8.231806349783991e-11,0.0,1.0,16.18107170553497,46.0,29.496792928171057,0.13189282944650316,2.0
1771585741.071025,3,131,2400000.0,0.004769630514999999,8.231806349783991e-11,0.0,1.0,16.18107170553497,46.0,29.496792928171057,0.13189282944650316,2.0
1771585741.0800273,3,132,2400000.0,0.004769630514999999,8.231806349783991e-11,0.0,1.0,16.18107170553497,46.0,29.496792928171057,0.13189282944650316,2.0
1771585741.0891833,3,133,2400000.0,0.004769630514999999,8.231806349783991e-11,0.0,1.0,16.18107170553497,46.0,29.496792928171057,0.13189282944650316,2.0
1771585741.0984523,3,134,2400000.0,0.004769630514999999,8.231806349783991e-11,0.0,1.0,16.18107170553497,46.0,29.496792928171057,0.13189282944650316,2.0
1771585741.1072564,3,135,2400000.0,0.004769630514999999,8.231806349783991e-11,0.0,1.0,16.18107170553497,46.0,29.496792928171057,0.13189282944650316,2.0
1771585741.1154768,3,136,2400000.0,0.004769630514999999,8.231806349783991e-11,0.0,1.0,16.18107170553497,46.0,29.496792928171057,0.13189282944650316,2.0
1771585741.1251316,3,137,2400000.0,0.004769630514999999,8.231806349783991e-11,0.0,1.0,16.18107170553497,46.0,29.496792928171057,0.13189282944650316,2.0
1771585741.1334012,3,138,2400000.0,0.004769630514999999,8.231806349783991e-11,0.0,1.0,16.18107170553497,46.0,29.496792928171057,0.13189282944650316,2.0
1771585741.1421332,3,139,2400000.0,0.004769630514999999,8.231806349783991e-11,0.0,1.0,16.18107170553497,46.0,29.496792928171057,0.13189282944650316,2.0
1771585741.150341,3,140,2400000.0,0.004769630514999999,8.231806349783991e-11,0.0,1.0,16.18107170553497,46.0,29.496792928171057,0.13189282944650316,2.0
1771585741.158381,3,141,2400000.0,0.004769630514999999,8.231806349783991e-11,0.0,1.0,16.18107170553497,46.0,29.496792928171057,0.13189282944650316,2.0
1771585741.1664991,3,142,2400000.0,0.004769630514999999,8.231806349783991e-11,0.0,1.0,16.18107170553497,46.0,29.496792928171057,0.13189282944650316,2.0
1771585741.1747742,3,143,2400000.0,0.004769630514999999,8.231806349783991e-11,0.0,1.0,16.18107170553497,46.0,29.496792928171057,0.13189282944650316,2.0
1771585741.182783,3,144,2400000.0,0.004769630514999999,8.231806349783991e-11,0.0,1.0,16.18107170553497,46.0,29.496792928171057,0.13189282944650316,2.0
1771585741.1907973,3,145,2400000.0,0.004769630514999999,8.231806349783991e-11,0.0,1.0,16.18107170553497,46.0,29.496792928171057,0.13189282944650316,2.0
1771585741.1986828,3,146,2400000.0,0.004769630514999999,8.231806349783991e-11,0.0,1.0,16.18107170553497,46.0,29.496792928171057,0.13189282944650316,2.0
1771585741.2070138,3,147,2400000.0,0.004769630514999999,8.231806349783991e-11,0.0,1.0,16.18107170553497,46.0,29.496792928171057,0.13189282944650316,2.0
1771585741.2161214,3,148,2400000.0,0.004769630514999999,8.231806349783991e-11,0.0,1.0,16.18107170553497,46.0,29.496792928171057,0.13189282944650316,2.0
1771585741.2247398,3,149,2400000.0,0.004769630514999999,8.231806349783991e-11,0.0,1.0,16.18107170553497,46.0,29.496792928171057,0.13189282944650316,2.0
1771585741.233283,3,150,2400000.0,0.004769630514999999,8.231806349783991e-11,0.0,1.0,16.18107170553497,46.0,29.496792928171057,0.13189282944650316,2.0
1771585741.2421174,3,151,2400000.0,0.004769630514999999,8.231806349783991e-11,0.0,1.0,16.18107170553497,46.0,29.496792928171057,0.13189282944650316,2.0
1771585741.2504134,3,152,2400000.0,0.004769630514999999,8.231806349783991e-11,0.0,1.0,16.18107170553497,46.0,29.496792928171057,0.13189282944650316,2.0
1771585741.2588623,3,153,2400000.0,0.004769630514999999,8.231806349783991e-11,0.0,1.0,16.18107170553497,46.0,29.496792928171057,0.13189282944650316,2.0
1771585741.2671466,3,154,2400000.0,0.004769630514999999,8.231806349783991e-11,0.0,1.0,16.18107170553497,46.0,29.496792928171057,0.13189282944650316,2.0
1771585741.2757502,3,155,2400000.0,0.004769630514999999,8.231806349783991e-11,0.0,1.0,16.18107170553497,46.0,29.496792928171057,0.13189282944650316,2.0
1771585741.284034,3,156,2400000.0,0.004769630514999999,8.231806349783991e-11,0.0,1.0,16.18107170553497,46.0,29.496792928171057,0.13189282944650316,2.0
1771585741.2923071,3,157,2400000.0,0.004769630514999999,8.231806349783991e-11,0.0,1.0,16.18107170553497,46.0,29.496792928171057,0.13189282944650316,2.0
1771585741.300372,3,158,2400000.0,0.004769630514999999,8.231806349783991e-11,0.0,1.0,16.18107170553497,46.0,29.496792928171057,0.13189282944650316,2.0
1771585741.3085756,3,159,2400000.0,0.004769630514999999,8.231806349783991e-11,0.0,1.0,16.18107170553497,46.0,29.496792928171057,0.13189282944650316,2.0
1771585741.3170424,3,160,2400000.0,0.004769630514999999,8.231806349783991e-11,0.0,1.0,16.18107170553497,46.0,29.496792928171057,0.13189282944650316,2.0
1771585741.3255277,3,161,2400000.0,0.004769630514999999,8.231806349783991e-11,0.0,1.0,16.18107170553497,46.0,29.496792928171057,0.13189282944650316,2.0
1771585741.333876,3,162,2400000.0,0.004769630514999999,8.231806349783991e-11,0.0,1.0,16.18107170553497,46.0,29.496792928171057,0.13189282944650316,2.0
1771585741.342572,3,163,2400000.0,0.004769630514999999,8.231806349783991e-11,0.0,1.0,16.18107170553497,46.0,29.496792928171057,0.13189282944650316,2.0
1771585741.3508632,3,164,2400000.0,0.004769630514999999,8.231806349783991e-11,0.0,1.0,16.18107170553497,46.0,29.496792928171057,0.13189282944650316,2.0
1771585741.3589237,3,165,2400000.0,0.004769630514999999,8.231806349783991e-11,0.0,1.0,16.18107170553497,46.0,29.496792928171057,0.13189282944650316,2.0
1771585741.3670533,3,166,2400000.0,0.004769630514999999,8.231806349783991e-11,0.0,1.0,16.18107170553497,46.0,29.496792928171057,0.13189282944650316,2.0
1771585741.3752558,3,167,2400000.0,0.004769630514999999,8.231806349783991e-11,0.0,1.0,16.18107170553497,46.0,29.496792928171057,0.13189282944650316,2.0
1771585741.3835356,3,168,2400000.0,0.004769630514999999,8.231806349783991e-11,0.0,1.0,16.18107170553497,46.0,29.496792928171057,0.13189282944650316,2.0
1771585741.391676,3,169,2400000.0,0.004769630514999999,8.231806349783991e-11,0.0,1.0,16.18107170553497,46.0,29.496792928171057,0.13189282944650316,2.0
1771585741.3998466,3,170,2400000.0,0.004769630514999999,8.231806349783991e-11,0.0,1.0,16.18107170553497,46.0,29.496792928171057,0.13189282944650316,2.0
1771585741.407878,3,171,2400000.0,0.004769630514999999,8.231806349783991e-11,0.0,1.0,16.18107170553497,46.0,29.496792928171057,0.13189282944650316,2.0
1771585741.4164803,3,172,2400000.0,0.004769630514999999,8.231806349783991e-11,0.0,1.0,16.18107170553497,46.0,29.496792928171057,0.13189282944650316,2.0
1771585741.4245684,3,173,2400000.0,0.004769630514999999,8.231806349783991e-11,0.0,1.0,16.18107170553497,46.0,29.496792928171057,0.13189282944650316,2.0
1771585741.4325204,3,174,2400000.0,0.004769630514999999,8.231806349783991e-11,0.0,1.0,16.18107170553497,46.0,29.496792928171057,0.13189282944650316,2.0
1771585741.4408348,3,175,2400000.0,0.004769630514999999,8.231806349783991e-11,0.0,1.0,16.18107170553497,46.0,29.496792928171057,0.13189282944650316,2.0
1771585741.4492044,3,176,2400000.0,0.004769630514999999,8.231806349783991e-11,0.0,1.0,16.18107170553497,46.0,29.496792928171057,0.13189282944650316,2.0
1771585741.4577014,3,177,2400000.0,0.004769630514999999,8.231806349783991e-11,0.0,1.0,16.18107170553497,46.0,29.496792928171057,0.13189282944650316,2.0
1771585741.4661698,3,178,2400000.0,0.004769630514999999,8.231806349783991e-11,0.0,1.0,16.18107170553497,46.0,29.496792928171057,0.13189282944650316,2.0
1771585741.475552,3,179,2400000.0,0.004769630514999999,8.231806349783991e-11,0.0,1.0,16.18107170553497,46.0,29.496792928171057,0.13189282944650316,2.0
1771585741.4837003,3,180,2400000.0,0.004769630514999999,8.231806349783991e-11,0.0,1.0,16.18107170553497,46.0,29.496792928171057,0.13189282944650316,2.0
1771585741.4917653,3,181,2400000.0,0.004769630514999999,8.231806349783991e-11,0.0,1.0,16.18107170553497,46.0,29.496792928171057,0.13189282944650316,2.0
1771585741.5001433,3,182,2400000.0,0.004769630514999999,8.231806349783991e-11,0.0,1.0,16.18107170553497,46.0,29.496792928171057,0.13189282944650316,2.0
1771585741.5086207,3,183,2400000.0,0.004769630514999999,8.231806349783991e-11,0.0,1.0,16.18107170553497,46.0,29.496792928171057,0.13189282944650316,2.0
1771585741.5170708,3,184,2400000.0,0.004769630514999999,8.231806349783991e-11,0.0,1.0,16.18107170553497,46.0,29.496792928171057,0.13189282944650316,2.0
1771585741.5256,3,185,2400000.0,0.004769630514999999,8.231806349783991e-11,0.0,1.0,16.18107170553497,46.0,29.496792928171057,0.13189282944650316,2.0
1771585741.5336409,3,186,2400000.0,0.004769630514999999,8.231806349783991e-11,0.0,1.0,16.18107170553497,46.0,29.496792928171057,0.13189282944650316,2.0
1771585741.5417447,3,187,2400000.0,0.004769630514999999,8.231806349783991e-11,0.0,1.0,16.18107170553497,46.0,29.496792928171057,0.13189282944650316,2.0
1771585741.5499284,3,188,2400000.0,0.004769630514999999,8.231806349783991e-11,0.0,1.0,16.18107170553497,46.0,29.496792928171057,0.13189282944650316,2.0
1771585741.5649536,3,189,2400000.0,0.004769630514999999,8.231806349783991e-11,0.0,1.0,16.18107170553497,46.0,29.496792928171057,0.13189282944650316,2.0
1771585741.5731223,3,190,2400000.0,0.004769630514999999,8.231806349783991e-11,0.0,1.0,16.18107170553497,46.0,29.496792928171057,0.13189282944650316,2.0
1771585741.5814161,3,191,2400000.0,0.004769630514999999,8.231806349783991e-11,0.0,1.0,16.18107170553497,46.0,29.496792928171057,0.13189282944650316,2.0
1771585741.5894992,3,192,2400000.0,0.004769630514999999,8.231806349783991e-11,0.0,1.0,16.18107170553497,46.0,29.496792928171057,0.13189282944650316,2.0
1771585741.5977979,3,193,2400000.0,0.004769630514999999,8.231806349783991e-11,0.0,1.0,16.18107170553497,46.0,29.496792928171057,0.13189282944650316,2.0
1771585741.6055217,3,194,2400000.0,0.004769630514999999,8.231806349783991e-11,0.0,1.0,16.18107170553497,46.0,29.496792928171057,0.13189282944650316,2.0
1771585741.613937,3,195,2400000.0,0.004769630514999999,8.231806349783991e-11,0.0,1.0,16.18107170553497,46.0,29.496792928171057,0.13189282944650316,2.0
1771585741.6215808,3,196,2400000.0,0.004769630514999999,8.231806349783991e-11,0.0,1.0,16.18107170553497,46.0,29.496792928171057,0.13189282944650316,2.0
1771585741.6297452,3,197,2400000.0,0.004769630514999999,8.231806349783991e-11,0.0,1.0,16.18107170553497,46.0,29.496792928171057,0.13189282944650316,2.0
1771585741.637702,3,198,2400000.0,0.004769630514999999,8.231806349783991e-11,0.0,1.0,16.18107170553497,46.0,29.496792928171057,0.13189282944650316,2.0
1771585741.6457715,3,199,2400000.0,0.004769630514999999,8.231806349783991e-11,0.0,1.0,16.18107170553497,46.0,29.496792928171057,0.13189282944650316,2.0
1771585741.6534998,3,200,2400000.0,0.004769630514999999,8.231806349783991e-11,0.0,1.0,16.18107170553497,46.0,29.496792928171057,0.13189282944650316,2.0
1771585741.8782983,4,0,0.0,0.0,0.0,0.0,1.0,0.0,23.0,0.0,1.75,2.0
1771585741.892702,4,1,1920000.0,0.004769630514999999,8.231806349783991e-11,0.05882352941176472,1.0,16.18107170553497,46.0,29.496792928171057,-0.36810717055349684,2.0
1771585741.9038794,4,2,2400000.0,0.004769630514999999,8.231806349783991e-11,0.0,1.0,16.18107170553497,46.0,29.496792928171057,0.13189282944650316,2.0
1771585741.9128447,4,3,2400000.0,0.004769630514999999,8.231806349783991e-11,0.0,1.0,16.18107170553497,46.0,29.496792928171057,0.13189282944650316,2.0
1771585741.921714,4,4,2400000.0,0.004769630514999999,8.231806349783991e-11,0.0,1.0,16.18107170553497,46.0,29.496792928171057,0.13189282944650316,2.0
1771585741.9309528,4,5,2400000.0,0.004769630514999999,8.231806349783991e-11,0.0,1.0,16.18107170553497,46.0,29.496792928171057,0.13189282944650316,2.0
1771585741.9393487,4,6,2400000.0,0.004769630514999999,8.231806349783991e-11,0.0,1.0,16.18107170553497,46.0,29.496792928171057,0.13189282944650316,2.0
1771585741.94842,4,7,2400000.0,0.004769630514999999,8.231806349783991e-11,0.0,1.0,16.18107170553497,46.0,29.496792928171057,0.13189282944650316,2.0
1771585741.9565036,4,8,2400000.0,0.004769630514999999,8.231806349783991e-11,0.0,1.0,16.18107170553497,46.0,29.496792928171057,0.13189282944650316,2.0
1771585741.9649196,4,9,2400000.0,0.004769630514999999,8.231806349783991e-11,0.0,1.0,16.18107170553497,46.0,29.496792928171057,0.13189282944650316,2.0
1771585741.9733253,4,10,2400000.0,0.004769630514999999,8.231806349783991e-11,0.0,1.0,16.18107170553497,46.0,29.496792928171057,0.13189282944650316,2.0
1771585741.9817739,4,11,2400000.0,0.004769630514999999,8.231806349783991e-11,0.0,1.0,16.18107170553497,46.0,29.496792928171057,0.13189282944650316,2.0
1771585741.989949,4,12,2400000.0,0.004769630514999999,8.231806349783991e-11,0.0,1.0,16.18107170553497,46.0,29.496792928171057,0.13189282944650316,2.0
1771585741.9981475,4,13,2400000.0,0.004769630514999999,8.231806349783991e-11,0.0,1.0,16.18107170553497,46.0,29.496792928171057,0.13189282944650316,2.0
1771585742.0061996,4,14,2400000.0,0.004769630514999999,8.231806349783991e-11,0.0,1.0,16.18107170553497,46.0,29.496792928171057,0.13189282944650316,2.0
1771585742.0148,4,15,2400000.0,0.004769630514999999,8.231806349783991e-11,0.0,1.0,16.18107170553497,46.0,29.496792928171057,0.13189282944650316,2.0
1771585742.0235088,4,16,2400000.0,0.004769630514999999,8.231806349783991e-11,0.0,1.0,16.18107170553497,46.0,29.496792928171057,0.13189282944650316,2.0
1771585742.0315855,4,17,2400000.0,0.004769630514999999,8.231806349783991e-11,0.0,1.0,16.18107170553497,46.0,29.496792928171057,0.13189282944650316,2.0
1771585742.0400639,4,18,2400000.0,0.004769630514999999,8.231806349783991e-11,0.0,1.0,16.18107170553497,46.0,29.496792928171057,0.13189282944650316,2.0
1771585742.0554712,4,19,2400000.0,0.004769630514999999,8.231806349783991e-11,0.0,1.0,16.18107170553497,46.0,29.496792928171057,0.13189282944650316,2.0
1771585742.0639777,4,20,2400000.0,0.004769630514999999,8.231806349783991e-11,0.0,1.0,16.18107170553497,46.0,29.496792928171057,0.13189282944650316,2.0
1771585742.0722442,4,21,2400000.0,0.004769630514999999,8.231806349783991e-11,0.0,1.0,16.18107170553497,46.0,29.496792928171057,0.13189282944650316,2.0
1771585742.0828846,4,22,2400000.0,0.004769630514999999,8.231806349783991e-11,0.0,1.0,16.18107170553497,46.0,29.496792928171057,0.13189282944650316,2.0
1771585742.0998333,4,23,2400000.0,0.004769630514999999,8.231806349783991e-11,0.0,1.0,16.18107170553497,46.0,29.496792928171057,0.13189282944650316,2.0
1771585742.107707,4,24,2400000.0,0.004769630514999999,8.231806349783991e-11,0.0,1.0,16.18107170553497,46.0,29.496792928171057,0.13189282944650316,2.0
1771585742.1156402,4,25,2400000.0,0.004769630514999999,8.231806349783991e-11,0.0,1.0,16.18107170553497,46.0,29.496792928171057,0.13189282944650316,2.0
1771585742.1237936,4,26,2400000.0,0.004769630514999999,8.231806349783991e-11,0.0,1.0,16.18107170553497,46.0,29.496792928171057,0.13189282944650316,2.0
1771585742.1314225,4,27,2400000.0,0.004769630514999999,8.231806349783991e-11,0.0,1.0,16.18107170553497,46.0,29.496792928171057,0.13189282944650316,2.0
1771585742.1393604,4,28,2400000.0,0.004769630514999999,8.231806349783991e-11,0.0,1.0,16.18107170553497,46.0,29.496792928171057,0.13189282944650316,2.0
1771585742.148101,4,29,2400000.0,0.004769630514999999,8.231806349783991e-11,0.0,1.0,16.18107170553497,46.0,29.496792928171057,0.13189282944650316,2.0
1771585742.1561341,4,30,2400000.0,0.004769630514999999,8.231806349783991e-11,0.0,1.0,16.18107170553497,46.0,29.496792928171057,0.13189282944650316,2.0
1771585742.1643708,4,31,2400000.0,0.004769630514999999,8.231806349783991e-11,0.0,1.0,16.18107170553497,46.0,29.496792928171057,0.13189282944650316,2.0
1771585742.173084,4,32,2400000.0,0.004769630514999999,8.231806349783991e-11,0.0,1.0,16.18107170553497,46.0,29.496792928171057,0.13189282944650316,2.0
1771585742.1811807,4,33,2400000.0,0.004769630514999999,8.231806349783991e-11,0.0,1.0,16.18107170553497,46.0,29.496792928171057,0.13189282944650316,2.0
1771585742.1892855,4,34,2400000.0,0.004769630514999999,8.231806349783991e-11,0.0,1.0,16.18107170553497,46.0,29.496792928171057,0.13189282944650316,2.0
1771585742.197346,4,35,2400000.0,0.004769630514999999,8.231806349783991e-11,0.0,1.0,16.18107170553497,46.0,29.496792928171057,0.13189282944650316,2.0
1771585742.2052794,4,36,2400000.0,0.004769630514999999,8.231806349783991e-11,0.0,1.0,16.18107170553497,46.0,29.496792928171057,0.13189282944650316,2.0
1771585742.213848,4,37,2400000.0,0.004769630514999999,8.231806349783991e-11,0.0,1.0,16.18107170553497,46.0,29.496792928171057,0.13189282944650316,2.0
1771585742.221497,4,38,2400000.0,0.004769630514999999,8.231806349783991e-11,0.0,1.0,16.18107170553497,46.0,29.496792928171057,0.13189282944650316,2.0
1771585742.2294474,4,39,2400000.0,0.004769630514999999,8.231806349783991e-11,0.0,1.0,16.18107170553497,46.0,29.496792928171057,0.13189282944650316,2.0
1771585742.237545,4,40,2400000.0,0.004769630514999999,8.231806349783991e-11,0.0,1.0,16.18107170553497,46.0,29.496792928171057,0.13189282944650316,2.0
1771585742.2451763,4,41,2400000.0,0.004769630514999999,8.231806349783991e-11,0.0,1.0,16.18107170553497,46.0,29.496792928171057,0.13189282944650316,2.0
1771585742.2530534,4,42,2400000.0,0.004769630514999999,8.231806349783991e-11,0.0,1.0,16.18107170553497,46.0,29.496792928171057,0.13189282944650316,2.0
1771585742.2610934,4,43,2400000.0,0.004769630514999999,8.231806349783991e-11,0.0,1.0,16.18107170553497,46.0,29.496792928171057,0.13189282944650316,2.0
1771585742.2689233,4,44,2400000.0,0.004769630514999999,8.231806349783991e-11,0.0,1.0,16.18107170553497,46.0,29.496792928171057,0.13189282944650316,2.0
1771585742.2771847,4,45,2400000.0,0.004769630514999999,8.231806349783991e-11,0.0,1.0,16.18107170553497,46.0,29.496792928171057,0.13189282944650316,2.0
1771585742.2855868,4,46,2400000.0,0.004769630514999999,8.231806349783991e-11,0.0,1.0,16.18107170553497,46.0,29.496792928171057,0.13189282944650316,2.0
1771585742.2940452,4,47,2400000.0,0.004769630514999999,8.231806349783991e-11,0.0,1.0,16.18107170553497,46.0,29.496792928171057,0.13189282944650316,2.0
1771585742.3020842,4,48,2400000.0,0.004769630514999999,8.231806349783991e-11,0.0,1.0,16.18107170553497,46.0,29.496792928171057,0.13189282944650316,2.0
1771585742.3101597,4,49,2400000.0,0.004769630514999999,8.231806349783991e-11,0.0,1.0,16.18107170553497,46.0,29.496792928171057,0.13189282944650316,2.0
1771585742.3181355,4,50,2400000.0,0.004769630514999999,8.231806349783991e-11,0.0,1.0,16.18107170553497,46.0,29.496792928171057,0.13189282944650316,2.0
1771585742.326234,4,51,2400000.0,0.004769630514999999,8.231806349783991e-11,0.0,1.0,16.18107170553497,46.0,29.496792928171057,0.13189282944650316,2.0
1771585742.334243,4,52,2400000.0,0.004769630514999999,8.231806349783991e-11,0.0,1.0,16.18107170553497,46.0,29.496792928171057,0.13189282944650316,2.0
1771585742.3424692,4,53,2400000.0,0.004769630514999999,8.231806349783991e-11,0.0,1.0,16.18107170553497,46.0,29.496792928171057,0.13189282944650316,2.0
1771585742.3507228,4,54,2400000.0,0.004769630514999999,8.231806349783991e-11,0.0,1.0,16.18107170553497,46.0,29.496792928171057,0.13189282944650316,2.0
1771585742.3592112,4,55,2400000.0,0.004769630514999999,8.231806349783991e-11,0.0,1.0,16.18107170553497,46.0,29.496792928171057,0.13189282944650316,2.0
1771585742.3675528,4,56,2400000.0,0.004769630514999999,8.231806349783991e-11,0.0,1.0,16.18107170553497,46.0,29.496792928171057,0.13189282944650316,2.0
1771585742.3756297,4,57,2400000.0,0.004769630514999999,8.231806349783991e-11,0.0,1.0,16.18107170553497,46.0,29.496792928171057,0.13189282944650316,2.0
1771585742.383867,4,58,2400000.0,0.004769630514999999,8.231806349783991e-11,0.0,1.0,16.18107170553497,46.0,29.496792928171057,0.13189282944650316,2.0
1771585742.3918166,4,59,2400000.0,0.004769630514999999,8.231806349783991e-11,0.0,1.0,16.18107170553497,46.0,29.496792928171057,0.13189282944650316,2.0
1771585742.399507,4,60,2400000.0,0.004769630514999999,8.231806349783991e-11,0.0,1.0,16.18107170553497,46.0,29.496792928171057,0.13189282944650316,2.0
1771585742.4076126,4,61,2400000.0,0.004769630514999999,8.231806349783991e-11,0.0,1.0,16.18107170553497,46.0,29.496792928171057,0.13189282944650316,2.0
1771585742.4159632,4,62,2400000.0,0.004769630514999999,8.231806349783991e-11,0.0,1.0,16.18107170553497,46.0,29.496792928171057,0.13189282944650316,2.0
1771585742.4241538,4,63,2400000.0,0.004769630514999999,8.231806349783991e-11,0.0,1.0,16.18107170553497,46.0,29.496792928171057,0.13189282944650316,2.0
1771585742.4325545,4,64,2400000.0,0.004769630514999999,8.231806349783991e-11,0.0,1.0,16.18107170553497,46.0,29.496792928171057,0.13189282944650316,2.0
1771585742.4408436,4,65,2400000.0,0.004769630514999999,8.231806349783991e-11,0.0,1.0,16.18107170553497,46.0,29.496792928171057,0.13189282944650316,2.0
1771585742.4490151,4,66,2400000.0,0.004769630514999999,8.231806349783991e-11,0.0,1.0,16.18107170553497,46.0,29.496792928171057,0.13189282944650316,2.0
1771585742.4571588,4,67,2400000.0,0.004769630514999999,8.231806349783991e-11,0.0,1.0,16.18107170553497,46.0,29.496792928171057,0.13189282944650316,2.0
1771585742.4652605,4,68,2400000.0,0.004769630514999999,8.231806349783991e-11,0.0,1.0,16.18107170553497,46.0,29.496792928171057,0.13189282944650316,2.0
1771585742.4732633,4,69,2400000.0,0.004769630514999999,8.231806349783991e-11,0.0,1.0,16.18107170553497,46.0,29.496792928171057,0.13189282944650316,2.0
1771585742.4819422,4,70,2400000.0,0.004769630514999999,8.231806349783991e-11,0.0,1.0,16.18107170553497,46.0,29.496792928171057,0.13189282944650316,2.0
1771585742.4896996,4,71,2400000.0,0.004769630514999999,8.231806349783991e-11,0.0,1.0,16.18107170553497,46.0,29.496792928171057,0.13189282944650316,2.0
1771585742.4980376,4,72,2400000.0,0.004769630514999999,8.231806349783991e-11,0.0,1.0,16.18107170553497,46.0,29.496792928171057,0.13189282944650316,2.0
1771585742.5060148,4,73,2400000.0,0.004769630514999999,8.231806349783991e-11,0.0,1.0,16.18107170553497,46.0,29.496792928171057,0.13189282944650316,2.0
1771585742.5142314,4,74,2400000.0,0.004769630514999999,8.231806349783991e-11,0.0,1.0,16.18107170553497,46.0,29.496792928171057,0.13189282944650316,2.0
1771585742.5219736,4,75,2400000.0,0.004769630514999999,8.231806349783991e-11,0.0,1.0,16.18107170553497,46.0,29.496792928171057,0.13189282944650316,2.0
1771585742.5298395,4,76,2400000.0,0.004769630514999999,8.231806349783991e-11,0.0,1.0,16.18107170553497,46.0,29.496792928171057,0.13189282944650316,2.0
1771585742.538173,4,77,2400000.0,0.004769630514999999,8.231806349783991e-11,0.0,1.0,16.18107170553497,46.0,29.496792928171057,0.13189282944650316,2.0
1771585742.5467832,4,78,2400000.0,0.004769630514999999,8.231806349783991e-11,0.0,1.0,16.18107170553497,46.0,29.496792928171057,0.13189282944650316,2.0
1771585742.5549664,4,79,2400000.0,0.004769630514999999,8.231806349783991e-11,0.0,1.0,16.18107170553497,46.0,29.496792928171057,0.13189282944650316,2.0
1771585742.566656,4,80,2400000.0,0.004769630514999999,8.231806349783991e-11,0.0,1.0,16.18107170553497,46.0,29.496792928171057,0.13189282944650316,2.0
1771585742.5747712,4,81,2400000.0,0.004769630514999999,8.231806349783991e-11,0.0,1.0,16.18107170553497,46.0,29.496792928171057,0.13189282944650316,2.0
1771585742.5860283,4,82,2400000.0,0.004769630514999999,8.231806349783991e-11,0.0,1.0,16.18107170553497,46.0,29.496792928171057,0.13189282944650316,2.0
1771585742.5942698,4,83,2400000.0,0.004769630514999999,8.231806349783991e-11,0.0,1.0,16.18107170553497,46.0,29.496792928171057,0.13189282944650316,2.0
1771585742.602268,4,84,2400000.0,0.004769630514999999,8.231806349783991e-11,0.0,1.0,16.18107170553497,46.0,29.496792928171057,0.13189282944650316,2.0
1771585742.610751,4,85,2400000.0,0.004769630514999999,8.231806349783991e-11,0.0,1.0,16.18107170553497,46.0,29.496792928171057,0.13189282944650316,2.0
1771585742.6218996,4,86,2400000.0,0.004769630514999999,8.231806349783991e-11,0.0,1.0,16.18107170553497,46.0,29.496792928171057,0.13189282944650316,2.0
1771585742.6302283,4,87,2400000.0,0.004769630514999999,8.231806349783991e-11,0.0,1.0,16.18107170553497,46.0,29.496792928171057,0.13189282944650316,2.0
1771585742.6384883,4,88,2400000.0,0.004769630514999999,8.231806349783991e-11,0.0,1.0,16.18107170553497,46.0,29.496792928171057,0.13189282944650316,2.0
1771585742.64661,4,89,2400000.0,0.004769630514999999,8.231806349783991e-11,0.0,1.0,16.18107170553497,46.0,29.496792928171057,0.13189282944650316,2.0
1771585742.6568153,4,90,2400000.0,0.004769630514999999,8.231806349783991e-11,0.0,1.0,16.18107170553497,46.0,29.496792928171057,0.13189282944650316,2.0
1771585742.6647468,4,91,2400000.0,0.004769630514999999,8.231806349783991e-11,0.0,1.0,16.18107170553497,46.0,29.496792928171057,0.13189282944650316,2.0
1771585742.6725237,4,92,2400000.0,0.004769630514999999,8.231806349783991e-11,0.0,1.0,16.18107170553497,46.0,29.496792928171057,0.13189282944650316,2.0
1771585742.680585,4,93,2400000.0,0.004769630514999999,8.231806349783991e-11,0.0,1.0,16.18107170553497,46.0,29.496792928171057,0.13189282944650316,2.0
1771585742.688535,4,94,2400000.0,0.004769630514999999,8.231806349783991e-11,0.0,1.0,16.18107170553497,46.0,29.496792928171057,0.13189282944650316,2.0
1771585742.6964293,4,95,2400000.0,0.004769630514999999,8.231806349783991e-11,0.0,1.0,16.18107170553497,46.0,29.496792928171057,0.13189282944650316,2.0
1771585742.7042887,4,96,2400000.0,0.004769630514999999,8.231806349783991e-11,0.0,1.0,16.18107170553497,46.0,29.496792928171057,0.13189282944650316,2.0
1771585742.7123737,4,97,2400000.0,0.004769630514999999,8.231806349783991e-11,0.0,1.0,16.18107170553497,46.0,29.496792928171057,0.13189282944650316,2.0
1771585742.7202666,4,98,2400000.0,0.004769630514999999,8.231806349783991e-11,0.0,1.0,16.18107170553497,46.0,29.496792928171057,0.13189282944650316,2.0
1771585742.7283044,4,99,2400000.0,0.004769630514999999,8.231806349783991e-11,0.0,1.0,16.18107170553497,46.0,29.496792928171057,0.13189282944650316,2.0
1771585742.736372,4,100,2400000.0,0.004769630514999999,8.231806349783991e-11,0.0,1.0,16.18107170553497,46.0,29.496792928171057,0.13189282944650316,2.0
1771585742.744989,4,101,2400000.0,0.004769630514999999,8.231806349783991e-11,0.0,1.0,16.18107170553497,46.0,29.496792928171057,0.13189282944650316,2.0
1771585742.752831,4,102,2400000.0,0.004769630514999999,8.231806349783991e-11,0.0,1.0,16.18107170553497,46.0,29.496792928171057,0.13189282944650316,2.0
1771585742.7610023,4,103,2400000.0,0.004769630514999999,8.231806349783991e-11,0.0,1.0,16.18107170553497,46.0,29.496792928171057,0.13189282944650316,2.0
1771585742.7689972,4,104,2400000.0,0.004769630514999999,8.231806349783991e-11,0.0,1.0,16.18107170553497,46.0,29.496792928171057,0.13189282944650316,2.0
1771585742.7773676,4,105,2400000.0,0.004769630514999999,8.231806349783991e-11,0.0,1.0,16.18107170553497,46.0,29.496792928171057,0.13189282944650316,2.0
1771585742.7855535,4,106,2400000.0,0.004769630514999999,8.231806349783991e-11,0.0,1.0,16.18107170553497,46.0,29.496792928171057,0.13189282944650316,2.0
1771585742.7938445,4,107,2400000.0,0.004769630514999999,8.231806349783991e-11,0.0,1.0,16.18107170553497,46.0,29.496792928171057,0.13189282944650316,2.0
1771585742.801913,4,108,2400000.0,0.004769630514999999,8.231806349783991e-11,0.0,1.0,16.18107170553497,46.0,29.496792928171057,0.13189282944650316,2.0
1771585742.8105056,4,109,2400000.0,0.004769630514999999,8.231806349783991e-11,0.0,1.0,16.18107170553497,46.0,29.496792928171057,0.13189282944650316,2.0
1771585742.8188314,4,110,2400000.0,0.004769630514999999,8.231806349783991e-11,0.0,1.0,16.18107170553497,46.0,29.496792928171057,0.13189282944650316,2.0
1771585742.8268347,4,111,2400000.0,0.004769630514999999,8.231806349783991e-11,0.0,1.0,16.18107170553497,46.0,29.496792928171057,0.13189282944650316,2.0
1771585742.834578,4,112,2400000.0,0.004769630514999999,8.231806349783991e-11,0.0,1.0,16.18107170553497,46.0,29.496792928171057,0.13189282944650316,2.0
1771585742.8422213,4,113,2400000.0,0.004769630514999999,8.231806349783991e-11,0.0,1.0,16.18107170553497,46.0,29.496792928171057,0.13189282944650316,2.0
1771585742.8497148,4,114,2400000.0,0.004769630514999999,8.231806349783991e-11,0.0,1.0,16.18107170553497,46.0,29.496792928171057,0.13189282944650316,2.0
1771585742.8572266,4,115,2400000.0,0.004769630514999999,8.231806349783991e-11,0.0,1.0,16.18107170553497,46.0,29.496792928171057,0.13189282944650316,2.0
1771585742.8655505,4,116,2400000.0,0.004769630514999999,8.231806349783991e-11,0.0,1.0,16.18107170553497,46.0,29.496792928171057,0.13189282944650316,2.0
1771585742.8736324,4,117,2400000.0,0.004769630514999999,8.231806349783991e-11,0.0,1.0,16.18107170553497,46.0,29.496792928171057,0.13189282944650316,2.0
1771585742.8818333,4,118,2400000.0,0.004769630514999999,8.231806349783991e-11,0.0,1.0,16.18107170553497,46.0,29.496792928171057,0.13189282944650316,2.0
1771585742.8899002,4,119,2400000.0,0.004769630514999999,8.231806349783991e-11,0.0,1.0,16.18107170553497,46.0,29.496792928171057,0.13189282944650316,2.0
1771585742.898265,4,120,2400000.0,0.004769630514999999,8.231806349783991e-11,0.0,1.0,16.18107170553497,46.0,29.496792928171057,0.13189282944650316,2.0
1771585742.9072213,4,121,2400000.0,0.004769630514999999,8.231806349783991e-11,0.0,1.0,16.18107170553497,46.0,29.496792928171057,0.13189282944650316,2.0
1771585742.9156098,4,122,2400000.0,0.004769630514999999,8.231806349783991e-11,0.0,1.0,16.18107170553497,46.0,29.496792928171057,0.13189282944650316,2.0
1771585742.9241982,4,123,2400000.0,0.004769630514999999,8.231806349783991e-11,0.0,1.0,16.18107170553497,46.0,29.496792928171057,0.13189282944650316,2.0
1771585742.933064,4,124,2400000.0,0.004769630514999999,8.231806349783991e-11,0.0,1.0,16.18107170553497,46.0,29.496792928171057,0.13189282944650316,2.0
1771585742.9417846,4,125,2400000.0,0.004769630514999999,8.231806349783991e-11,0.0,1.0,16.18107170553497,46.0,29.496792928171057,0.13189282944650316,2.0
1771585742.9502406,4,126,2400000.0,0.004769630514999999,8.231806349783991e-11,0.0,1.0,16.18107170553497,46.0,29.496792928171057,0.13189282944650316,2.0
1771585742.958731,4,127,2400000.0,0.004769630514999999,8.231806349783991e-11,0.0,1.0,16.18107170553497,46.0,29.496792928171057,0.13189282944650316,2.0
1771585742.9667883,4,128,2400000.0,0.004769630514999999,8.231806349783991e-11,0.0,1.0,16.18107170553497,46.0,29.496792928171057,0.13189282944650316,2.0
1771585742.974771,4,129,2400000.0,0.004769630514999999,8.231806349783991e-11,0.0,1.0,16.18107170553497,46.0,29.496792928171057,0.13189282944650316,2.0
1771585742.98314,4,130,2400000.0,0.004769630514999999,8.231806349783991e-11,0.0,1.0,16.18107170553497,46.0,29.496792928171057,0.13189282944650316,2.0
1771585742.9912424,4,131,2400000.0,0.004769630514999999,8.231806349783991e-11,0.0,1.0,16.18107170553497,46.0,29.496792928171057,0.13189282944650316,2.0
1771585742.9990745,4,132,2400000.0,0.004769630514999999,8.231806349783991e-11,0.0,1.0,16.18107170553497,46.0,29.496792928171057,0.13189282944650316,2.0
1771585743.0080566,4,133,2400000.0,0.004769630514999999,8.231806349783991e-11,0.0,1.0,16.18107170553497,46.0,29.496792928171057,0.13189282944650316,2.0
1771585743.0167236,4,134,2400000.0,0.004769630514999999,8.231806349783991e-11,0.0,1.0,16.18107170553497,46.0,29.496792928171057,0.13189282944650316,2.0
1771585743.0246954,4,135,2400000.0,0.004769630514999999,8.231806349783991e-11,0.0,1.0,16.18107170553497,46.0,29.496792928171057,0.13189282944650316,2.0
1771585743.033347,4,136,2400000.0,0.004769630514999999,8.231806349783991e-11,0.0,1.0,16.18107170553497,46.0,29.496792928171057,0.13189282944650316,2.0
1771585743.0416026,4,137,2400000.0,0.004769630514999999,8.231806349783991e-11,0.0,1.0,16.18107170553497,46.0,29.496792928171057,0.13189282944650316,2.0
1771585743.0496786,4,138,2400000.0,0.004769630514999999,8.231806349783991e-11,0.0,1.0,16.18107170553497,46.0,29.496792928171057,0.13189282944650316,2.0
1771585743.0583746,4,139,2400000.0,0.004769630514999999,8.231806349783991e-11,0.0,1.0,16.18107170553497,46.0,29.496792928171057,0.13189282944650316,2.0
1771585743.0664282,4,140,2400000.0,0.004769630514999999,8.231806349783991e-11,0.0,1.0,16.18107170553497,46.0,29.496792928171057,0.13189282944650316,2.0
1771585743.0749483,4,141,2400000.0,0.004769630514999999,8.231806349783991e-11,0.0,1.0,16.18107170553497,46.0,29.496792928171057,0.13189282944650316,2.0
1771585743.0832155,4,142,2400000.0,0.004769630514999999,8.231806349783991e-11,0.0,1.0,16.18107170553497,46.0,29.496792928171057,0.13189282944650316,2.0
1771585743.0915334,4,143,2400000.0,0.004769630514999999,8.231806349783991e-11,0.0,1.0,16.18107170553497,46.0,29.496792928171057,0.13189282944650316,2.0
1771585743.09988,4,144,2400000.0,0.004769630514999999,8.231806349783991e-11,0.0,1.0,16.18107170553497,46.0,29.496792928171057,0.13189282944650316,2.0
1771585743.107889,4,145,2400000.0,0.004769630514999999,8.231806349783991e-11,0.0,1.0,16.18107170553497,46.0,29.496792928171057,0.13189282944650316,2.0
1771585743.1159725,4,146,2400000.0,0.004769630514999999,8.231806349783991e-11,0.0,1.0,16.18107170553497,46.0,29.496792928171057,0.13189282944650316,2.0
1771585743.124265,4,147,2400000.0,0.004769630514999999,8.231806349783991e-11,0.0,1.0,16.18107170553497,46.0,29.496792928171057,0.13189282944650316,2.0
1771585743.1329396,4,148,2400000.0,0.004769630514999999,8.231806349783991e-11,0.0,1.0,16.18107170553497,46.0,29.496792928171057,0.13189282944650316,2.0
1771585743.141471,4,149,2400000.0,0.004769630514999999,8.231806349783991e-11,0.0,1.0,16.18107170553497,46.0,29.496792928171057,0.13189282944650316,2.0
1771585743.1495795,4,150,2400000.0,0.004769630514999999,8.231806349783991e-11,0.0,1.0,16.18107170553497,46.0,29.496792928171057,0.13189282944650316,2.0
1771585743.157589,4,151,2400000.0,0.004769630514999999,8.231806349783991e-11,0.0,1.0,16.18107170553497,46.0,29.496792928171057,0.13189282944650316,2.0
1771585743.165955,4,152,2400000.0,0.004769630514999999,8.231806349783991e-11,0.0,1.0,16.18107170553497,46.0,29.496792928171057,0.13189282944650316,2.0
1771585743.1738694,4,153,2400000.0,0.004769630514999999,8.231806349783991e-11,0.0,1.0,16.18107170553497,46.0,29.496792928171057,0.13189282944650316,2.0
1771585743.1819658,4,154,2400000.0,0.004769630514999999,8.231806349783991e-11,0.0,1.0,16.18107170553497,46.0,29.496792928171057,0.13189282944650316,2.0
1771585743.1903815,4,155,2400000.0,0.004769630514999999,8.231806349783991e-11,0.0,1.0,16.18107170553497,46.0,29.496792928171057,0.13189282944650316,2.0
1771585743.1986876,4,156,2400000.0,0.004769630514999999,8.231806349783991e-11,0.0,1.0,16.18107170553497,46.0,29.496792928171057,0.13189282944650316,2.0
1771585743.207,4,157,2400000.0,0.004769630514999999,8.231806349783991e-11,0.0,1.0,16.18107170553497,46.0,29.496792928171057,0.13189282944650316,2.0
1771585743.2161534,4,158,2400000.0,0.004769630514999999,8.231806349783991e-11,0.0,1.0,16.18107170553497,46.0,29.496792928171057,0.13189282944650316,2.0
1771585743.224373,4,159,2400000.0,0.004769630514999999,8.231806349783991e-11,0.0,1.0,16.18107170553497,46.0,29.496792928171057,0.13189282944650316,2.0
1771585743.2327876,4,160,2400000.0,0.004769630514999999,8.231806349783991e-11,0.0,1.0,16.18107170553497,46.0,29.496792928171057,0.13189282944650316,2.0
1771585743.24107,4,161,2400000.0,0.004769630514999999,8.231806349783991e-11,0.0,1.0,16.18107170553497,46.0,29.496792928171057,0.13189282944650316,2.0
1771585743.2489905,4,162,2400000.0,0.004769630514999999,8.231806349783991e-11,0.0,1.0,16.18107170553497,46.0,29.496792928171057,0.13189282944650316,2.0
1771585743.2569914,4,163,2400000.0,0.004769630514999999,8.231806349783991e-11,0.0,1.0,16.18107170553497,46.0,29.496792928171057,0.13189282944650316,2.0
1771585743.2653022,4,164,2400000.0,0.004769630514999999,8.231806349783991e-11,0.0,1.0,16.18107170553497,46.0,29.496792928171057,0.13189282944650316,2.0
1771585743.2734737,4,165,2400000.0,0.004769630514999999,8.231806349783991e-11,0.0,1.0,16.18107170553497,46.0,29.496792928171057,0.13189282944650316,2.0
1771585743.2819788,4,166,2400000.0,0.004769630514999999,8.231806349783991e-11,0.0,1.0,16.18107170553497,46.0,29.496792928171057,0.13189282944650316,2.0
1771585743.2902164,4,167,2400000.0,0.004769630514999999,8.231806349783991e-11,0.0,1.0,16.18107170553497,46.0,29.496792928171057,0.13189282944650316,2.0
1771585743.2981687,4,168,2400000.0,0.004769630514999999,8.231806349783991e-11,0.0,1.0,16.18107170553497,46.0,29.496792928171057,0.13189282944650316,2.0
1771585743.306302,4,169,2400000.0,0.004769630514999999,8.231806349783991e-11,0.0,1.0,16.18107170553497,46.0,29.496792928171057,0.13189282944650316,2.0
1771585743.3144593,4,170,2400000.0,0.004769630514999999,8.231806349783991e-11,0.0,1.0,16.18107170553497,46.0,29.496792928171057,0.13189282944650316,2.0
1771585743.322677,4,171,2400000.0,0.004769630514999999,8.231806349783991e-11,0.0,1.0,16.18107170553497,46.0,29.496792928171057,0.13189282944650316,2.0
1771585743.331067,4,172,2400000.0,0.004769630514999999,8.231806349783991e-11,0.0,1.0,16.18107170553497,46.0,29.496792928171057,0.13189282944650316,2.0
1771585743.339245,4,173,2400000.0,0.004769630514999999,8.231806349783991e-11,0.0,1.0,16.18107170553497,46.0,29.496792928171057,0.13189282944650316,2.0
1771585743.347847,4,174,2400000.0,0.004769630514999999,8.231806349783991e-11,0.0,1.0,16.18107170553497,46.0,29.496792928171057,0.13189282944650316,2.0
1771585743.35603,4,175,2400000.0,0.004769630514999999,8.231806349783991e-11,0.0,1.0,16.18107170553497,46.0,29.496792928171057,0.13189282944650316,2.0
1771585743.3645298,4,176,2400000.0,0.004769630514999999,8.231806349783991e-11,0.0,1.0,16.18107170553497,46.0,29.496792928171057,0.13189282944650316,2.0
1771585743.3727906,4,177,2400000.0,0.004769630514999999,8.231806349783991e-11,0.0,1.0,16.18107170553497,46.0,29.496792928171057,0.13189282944650316,2.0
1771585743.381023,4,178,2400000.0,0.004769630514999999,8.231806349783991e-11,0.0,1.0,16.18107170553497,46.0,29.496792928171057,0.13189282944650316,2.0
1771585743.3893607,4,179,2400000.0,0.004769630514999999,8.231806349783991e-11,0.0,1.0,16.18107170553497,46.0,29.496792928171057,0.13189282944650316,2.0
1771585743.397879,4,180,2400000.0,0.004769630514999999,8.231806349783991e-11,0.0,1.0,16.18107170553497,46.0,29.496792928171057,0.13189282944650316,2.0
1771585743.406294,4,181,2400000.0,0.004769630514999999,8.231806349783991e-11,0.0,1.0,16.18107170553497,46.0,29.496792928171057,0.13189282944650316,2.0
1771585743.4145043,4,182,2400000.0,0.004769630514999999,8.231806349783991e-11,0.0,1.0,16.18107170553497,46.0,29.496792928171057,0.13189282944650316,2.0
1771585743.4227715,4,183,2400000.0,0.004769630514999999,8.231806349783991e-11,0.0,1.0,16.18107170553497,46.0,29.496792928171057,0.13189282944650316,2.0
1771585743.4310331,4,184,2400000.0,0.004769630514999999,8.231806349783991e-11,0.0,1.0,16.18107170553497,46.0,29.496792928171057,0.13189282944650316,2.0
1771585743.4391334,4,185,2400000.0,0.004769630514999999,8.231806349783991e-11,0.0,1.0,16.18107170553497,46.0,29.496792928171057,0.13189282944650316,2.0
1771585743.4473715,4,186,2400000.0,0.004769630514999999,8.231806349783991e-11,0.0,1.0,16.18107170553497,46.0,29.496792928171057,0.13189282944650316,2.0
1771585743.4556053,4,187,2400000.0,0.004769630514999999,8.231806349783991e-11,0.0,1.0,16.18107170553497,46.0,29.496792928171057,0.13189282944650316,2.0
1771585743.4641602,4,188,2400000.0,0.004769630514999999,8.231806349783991e-11,0.0,1.0,16.18107170553497,46.0,29.496792928171057,0.13189282944650316,2.0
1771585743.4736207,4,189,2400000.0,0.004769630514999999,8.231806349783991e-11,0.0,1.0,16.18107170553497,46.0,29.496792928171057,0.13189282944650316,2.0
1771585743.4821272,4,190,2400000.0,0.004769630514999999,8.231806349783991e-11,0.0,1.0,16.18107170553497,46.0,29.496792928171057,0.13189282944650316,2.0
1771585743.4900658,4,191,2400000.0,0.004769630514999999,8.231806349783991e-11,0.0,1.0,16.18107170553497,46.0,29.496792928171057,0.13189282944650316,2.0
1771585743.4980147,4,192,2400000.0,0.004769630514999999,8.231806349783991e-11,0.0,1.0,16.18107170553497,46.0,29.496792928171057,0.13189282944650316,2.0
1771585743.506436,4,193,2400000.0,0.004769630514999999,8.231806349783991e-11,0.0,1.0,16.18107170553497,46.0,29.496792928171057,0.13189282944650316,2.0
1771585743.5151637,4,194,2400000.0,0.004769630514999999,8.231806349783991e-11,0.0,1.0,16.18107170553497,46.0,29.496792928171057,0.13189282944650316,2.0
1771585743.5236518,4,195,2400000.0,0.004769630514999999,8.231806349783991e-11,0.0,1.0,16.18107170553497,46.0,29.496792928171057,0.13189282944650316,2.0
1771585743.5323217,4,196,2400000.0,0.004769630514999999,8.231806349783991e-11,0.0,1.0,16.18107170553497,46.0,29.496792928171057,0.13189282944650316,2.0
1771585743.5408783,4,197,2400000.0,0.004769630514999999,8.231806349783991e-11,0.0,1.0,16.18107170553497,46.0,29.496792928171057,0.13189282944650316,2.0
1771585743.5550203,4,198,2400000.0,0.004769630514999999,8.231806349783991e-11,0.0,1.0,16.18107170553497,46.0,29.496792928171057,0.13189282944650316,2.0
1771585743.5633602,4,199,2400000.0,0.004769630514999999,8.231806349783991e-11,0.0,1.0,16.18107170553497,46.0,29.496792928171057,0.13189282944650316,2.0
1771585743.5718157,4,200,2400000.0,0.004769630514999999,8.231806349783991e-11,0.0,1.0,16.18107170553497,46.0,29.496792928171057,0.13189282944650316,2.0
1771585743.7663598,5,0,0.0,0.0,0.0,0.0,1.0,0.0,23.0,0.0,1.75,2.0
1771585743.775498,5,1,1920000.0,0.004769630514999999,8.231806349783991e-11,0.05882352941176472,1.0,16.18107170553497,46.0,29.496792928171057,-0.36810717055349684,2.0
1771585743.7837007,5,2,2400000.0,0.004769630514999999,8.231806349783991e-11,0.0,1.0,16.18107170553497,46.0,29.496792928171057,0.13189282944650316,2.0
1771585743.79193,5,3,2400000.0,0.004769630514999999,8.231806349783991e-11,0.0,1.0,16.18107170553497,46.0,29.496792928171057,0.13189282944650316,2.0
1771585743.8003793,5,4,2400000.0,0.004769630514999999,8.231806349783991e-11,0.0,1.0,16.18107170553497,46.0,29.496792928171057,0.13189282944650316,2.0
1771585743.8089302,5,5,2400000.0,0.004769630514999999,8.231806349783991e-11,0.0,1.0,16.18107170553497,46.0,29.496792928171057,0.13189282944650316,2.0
1771585743.817853,5,6,2400000.0,0.004769630514999999,8.231806349783991e-11,0.0,1.0,16.18107170553497,46.0,29.496792928171057,0.13189282944650316,2.0
1771585743.8267019,5,7,2400000.0,0.004769630514999999,8.231806349783991e-11,0.0,1.0,16.18107170553497,46.0,29.496792928171057,0.13189282944650316,2.0
1771585743.8350906,5,8,2400000.0,0.004769630514999999,8.231806349783991e-11,0.0,1.0,16.18107170553497,46.0,29.496792928171057,0.13189282944650316,2.0
1771585743.8435879,5,9,2400000.0,0.004769630514999999,8.231806349783991e-11,0.0,1.0,16.18107170553497,46.0,29.496792928171057,0.13189282944650316,2.0
1771585743.8517165,5,10,2400000.0,0.004769630514999999,8.231806349783991e-11,0.0,1.0,16.18107170553497,46.0,29.496792928171057,0.13189282944650316,2.0
1771585743.8603332,5,11,2400000.0,0.004769630514999999,8.231806349783991e-11,0.0,1.0,16.18107170553497,46.0,29.496792928171057,0.13189282944650316,2.0
1771585743.8684022,5,12,2400000.0,0.004769630514999999,8.231806349783991e-11,0.0,1.0,16.18107170553497,46.0,29.496792928171057,0.13189282944650316,2.0
1771585743.8767521,5,13,2400000.0,0.004769630514999999,8.231806349783991e-11,0.0,1.0,16.18107170553497,46.0,29.496792928171057,0.13189282944650316,2.0
1771585743.88523,5,14,2400000.0,0.004769630514999999,8.231806349783991e-11,0.0,1.0,16.18107170553497,46.0,29.496792928171057,0.13189282944650316,2.0
1771585743.893505,5,15,2400000.0,0.004769630514999999,8.231806349783991e-11,0.0,1.0,16.18107170553497,46.0,29.496792928171057,0.13189282944650316,2.0
1771585743.9015415,5,16,2400000.0,0.004769630514999999,8.231806349783991e-11,0.0,1.0,16.18107170553497,46.0,29.496792928171057,0.13189282944650316,2.0
1771585743.9097679,5,17,2400000.0,0.004769630514999999,8.231806349783991e-11,0.0,1.0,16.18107170553497,46.0,29.496792928171057,0.13189282944650316,2.0
1771585743.9174774,5,18,2400000.0,0.004769630514999999,8.231806349783991e-11,0.0,1.0,16.18107170553497,46.0,29.496792928171057,0.13189282944650316,2.0
1771585743.925566,5,19,2400000.0,0.004769630514999999,8.231806349783991e-11,0.0,1.0,16.18107170553497,46.0,29.496792928171057,0.13189282944650316,2.0
1771585743.9337409,5,20,2400000.0,0.004769630514999999,8.231806349783991e-11,0.0,1.0,16.18107170553497,46.0,29.496792928171057,0.13189282944650316,2.0
1771585743.9421477,5,21,2400000.0,0.004769630514999999,8.231806349783991e-11,0.0,1.0,16.18107170553497,46.0,29.496792928171057,0.13189282944650316,2.0
1771585743.9515638,5,22,2400000.0,0.004769630514999999,8.231806349783991e-11,0.0,1.0,16.18107170553497,46.0,29.496792928171057,0.13189282944650316,2.0
1771585743.9598374,5,23,2400000.0,0.004769630514999999,8.231806349783991e-11,0.0,1.0,16.18107170553497,46.0,29.496792928171057,0.13189282944650316,2.0
1771585743.9681942,5,24,2400000.0,0.004769630514999999,8.231806349783991e-11,0.0,1.0,16.18107170553497,46.0,29.496792928171057,0.13189282944650316,2.0
1771585743.9766884,5,25,2400000.0,0.004769630514999999,8.231806349783991e-11,0.0,1.0,16.18107170553497,46.0,29.496792928171057,0.13189282944650316,2.0
1771585743.985017,5,26,2400000.0,0.004769630514999999,8.231806349783991e-11,0.0,1.0,16.18107170553497,46.0,29.496792928171057,0.13189282944650316,2.0
1771585743.9931505,5,27,2400000.0,0.004769630514999999,8.231806349783991e-11,0.0,1.0,16.18107170553497,46.0,29.496792928171057,0.13189282944650316,2.0
1771585744.0012426,5,28,2400000.0,0.004769630514999999,8.231806349783991e-11,0.0,1.0,16.18107170553497,46.0,29.496792928171057,0.13189282944650316,2.0
1771585744.0146608,5,29,2400000.0,0.004769630514999999,8.231806349783991e-11,0.0,1.0,16.18107170553497,46.0,29.496792928171057,0.13189282944650316,2.0
1771585744.0235734,5,30,2400000.0,0.004769630514999999,8.231806349783991e-11,0.0,1.0,16.18107170553497,46.0,29.496792928171057,0.13189282944650316,2.0
1771585744.0342631,5,31,2400000.0,0.004769630514999999,8.231806349783991e-11,0.0,1.0,16.18107170553497,46.0,29.496792928171057,0.13189282944650316,2.0
1771585744.0442212,5,32,2400000.0,0.004769630514999999,8.231806349783991e-11,0.0,1.0,16.18107170553497,46.0,29.496792928171057,0.13189282944650316,2.0
1771585744.0527096,5,33,2400000.0,0.004769630514999999,8.231806349783991e-11,0.0,1.0,16.18107170553497,46.0,29.496792928171057,0.13189282944650316,2.0
1771585744.06144,5,34,2400000.0,0.004769630514999999,8.231806349783991e-11,0.0,1.0,16.18107170553497,46.0,29.496792928171057,0.13189282944650316,2.0
1771585744.069977,5,35,2400000.0,0.004769630514999999,8.231806349783991e-11,0.0,1.0,16.18107170553497,46.0,29.496792928171057,0.13189282944650316,2.0
1771585744.079006,5,36,2400000.0,0.004769630514999999,8.231806349783991e-11,0.0,1.0,16.18107170553497,46.0,29.496792928171057,0.13189282944650316,2.0
1771585744.0880077,5,37,2400000.0,0.004769630514999999,8.231806349783991e-11,0.0,1.0,16.18107170553497,46.0,29.496792928171057,0.13189282944650316,2.0
1771585744.0968227,5,38,2400000.0,0.004769630514999999,8.231806349783991e-11,0.0,1.0,16.18107170553497,46.0,29.496792928171057,0.13189282944650316,2.0
1771585744.1056044,5,39,2400000.0,0.004769630514999999,8.231806349783991e-11,0.0,1.0,16.18107170553497,46.0,29.496792928171057,0.13189282944650316,2.0
1771585744.1145248,5,40,2400000.0,0.004769630514999999,8.231806349783991e-11,0.0,1.0,16.18107170553497,46.0,29.496792928171057,0.13189282944650316,2.0
1771585744.1234686,5,41,2400000.0,0.004769630514999999,8.231806349783991e-11,0.0,1.0,16.18107170553497,46.0,29.496792928171057,0.13189282944650316,2.0
1771585744.1327634,5,42,2400000.0,0.004769630514999999,8.231806349783991e-11,0.0,1.0,16.18107170553497,46.0,29.496792928171057,0.13189282944650316,2.0
1771585744.1422856,5,43,2400000.0,0.004769630514999999,8.231806349783991e-11,0.0,1.0,16.18107170553497,46.0,29.496792928171057,0.13189282944650316,2.0
1771585744.151934,5,44,2400000.0,0.004769630514999999,8.231806349783991e-11,0.0,1.0,16.18107170553497,46.0,29.496792928171057,0.13189282944650316,2.0
1771585744.1610413,5,45,2400000.0,0.004769630514999999,8.231806349783991e-11,0.0,1.0,16.18107170553497,46.0,29.496792928171057,0.13189282944650316,2.0
1771585744.1703215,5,46,2400000.0,0.004769630514999999,8.231806349783991e-11,0.0,1.0,16.18107170553497,46.0,29.496792928171057,0.13189282944650316,2.0
1771585744.1796324,5,47,2400000.0,0.004769630514999999,8.231806349783991e-11,0.0,1.0,16.18107170553497,46.0,29.496792928171057,0.13189282944650316,2.0
1771585744.1890616,5,48,2400000.0,0.004769630514999999,8.231806349783991e-11,0.0,1.0,16.18107170553497,46.0,29.496792928171057,0.13189282944650316,2.0
1771585744.1995633,5,49,2400000.0,0.004769630514999999,8.231806349783991e-11,0.0,1.0,16.18107170553497,46.0,29.496792928171057,0.13189282944650316,2.0
1771585744.2097836,5,50,2400000.0,0.004769630514999999,8.231806349783991e-11,0.0,1.0,16.18107170553497,46.0,29.496792928171057,0.13189282944650316,2.0
1771585744.2203453,5,51,2400000.0,0.004769630514999999,8.231806349783991e-11,0.0,1.0,16.18107170553497,46.0,29.496792928171057,0.13189282944650316,2.0
1771585744.2301717,5,52,2400000.0,0.004769630514999999,8.231806349783991e-11,0.0,1.0,16.18107170553497,46.0,29.496792928171057,0.13189282944650316,2.0
1771585744.2398655,5,53,2400000.0,0.004769630514999999,8.231806349783991e-11,0.0,1.0,16.18107170553497,46.0,29.496792928171057,0.13189282944650316,2.0
1771585744.2488348,5,54,2400000.0,0.004769630514999999,8.231806349783991e-11,0.0,1.0,16.18107170553497,46.0,29.496792928171057,0.13189282944650316,2.0
1771585744.2579813,5,55,2400000.0,0.004769630514999999,8.231806349783991e-11,0.0,1.0,16.18107170553497,46.0,29.496792928171057,0.13189282944650316,2.0
1771585744.2672548,5,56,2400000.0,0.004769630514999999,8.231806349783991e-11,0.0,1.0,16.18107170553497,46.0,29.496792928171057,0.13189282944650316,2.0
1771585744.2765794,5,57,2400000.0,0.004769630514999999,8.231806349783991e-11,0.0,1.0,16.18107170553497,46.0,29.496792928171057,0.13189282944650316,2.0
1771585744.2858677,5,58,2400000.0,0.004769630514999999,8.231806349783991e-11,0.0,1.0,16.18107170553497,46.0,29.496792928171057,0.13189282944650316,2.0
1771585744.2947166,5,59,2400000.0,0.004769630514999999,8.231806349783991e-11,0.0,1.0,16.18107170553497,46.0,29.496792928171057,0.13189282944650316,2.0
1771585744.3038154,5,60,2400000.0,0.004769630514999999,8.231806349783991e-11,0.0,1.0,16.18107170553497,46.0,29.496792928171057,0.13189282944650316,2.0
1771585744.3131824,5,61,2400000.0,0.004769630514999999,8.231806349783991e-11,0.0,1.0,16.18107170553497,46.0,29.496792928171057,0.13189282944650316,2.0
1771585744.322098,5,62,2400000.0,0.004769630514999999,8.231806349783991e-11,0.0,1.0,16.18107170553497,46.0,29.496792928171057,0.13189282944650316,2.0
1771585744.3309817,5,63,2400000.0,0.004769630514999999,8.231806349783991e-11,0.0,1.0,16.18107170553497,46.0,29.496792928171057,0.13189282944650316,2.0
1771585744.3407211,5,64,2400000.0,0.004769630514999999,8.231806349783991e-11,0.0,1.0,16.18107170553497,46.0,29.496792928171057,0.13189282944650316,2.0
1771585744.3495197,5,65,2400000.0,0.004769630514999999,8.231806349783991e-11,0.0,1.0,16.18107170553497,46.0,29.496792928171057,0.13189282944650316,2.0
1771585744.3586416,5,66,2400000.0,0.004769630514999999,8.231806349783991e-11,0.0,1.0,16.18107170553497,46.0,29.496792928171057,0.13189282944650316,2.0
1771585744.3675094,5,67,2400000.0,0.004769630514999999,8.231806349783991e-11,0.0,1.0,16.18107170553497,46.0,29.496792928171057,0.13189282944650316,2.0
1771585744.376431,5,68,2400000.0,0.004769630514999999,8.231806349783991e-11,0.0,1.0,16.18107170553497,46.0,29.496792928171057,0.13189282944650316,2.0
1771585744.3850794,5,69,2400000.0,0.004769630514999999,8.231806349783991e-11,0.0,1.0,16.18107170553497,46.0,29.496792928171057,0.13189282944650316,2.0
1771585744.3941262,5,70,2400000.0,0.004769630514999999,8.231806349783991e-11,0.0,1.0,16.18107170553497,46.0,29.496792928171057,0.13189282944650316,2.0
1771585744.4026282,5,71,2400000.0,0.004769630514999999,8.231806349783991e-11,0.0,1.0,16.18107170553497,46.0,29.496792928171057,0.13189282944650316,2.0
1771585744.4109662,5,72,2400000.0,0.004769630514999999,8.231806349783991e-11,0.0,1.0,16.18107170553497,46.0,29.496792928171057,0.13189282944650316,2.0
1771585744.4192352,5,73,2400000.0,0.004769630514999999,8.231806349783991e-11,0.0,1.0,16.18107170553497,46.0,29.496792928171057,0.13189282944650316,2.0
1771585744.4273999,5,74,2400000.0,0.004769630514999999,8.231806349783991e-11,0.0,1.0,16.18107170553497,46.0,29.496792928171057,0.13189282944650316,2.0
1771585744.4353206,5,75,2400000.0,0.004769630514999999,8.231806349783991e-11,0.0,1.0,16.18107170553497,46.0,29.496792928171057,0.13189282944650316,2.0
1771585744.443487,5,76,2400000.0,0.004769630514999999,8.231806349783991e-11,0.0,1.0,16.18107170553497,46.0,29.496792928171057,0.13189282944650316,2.0
1771585744.451808,5,77,2400000.0,0.004769630514999999,8.231806349783991e-11,0.0,1.0,16.18107170553497,46.0,29.496792928171057,0.13189282944650316,2.0
1771585744.4602087,5,78,2400000.0,0.004769630514999999,8.231806349783991e-11,0.0,1.0,16.18107170553497,46.0,29.496792928171057,0.13189282944650316,2.0
1771585744.4688263,5,79,2400000.0,0.004769630514999999,8.231806349783991e-11,0.0,1.0,16.18107170553497,46.0,29.496792928171057,0.13189282944650316,2.0
1771585744.4785526,5,80,2400000.0,0.004769630514999999,8.231806349783991e-11,0.0,1.0,16.18107170553497,46.0,29.496792928171057,0.13189282944650316,2.0
1771585744.4871874,5,81,2400000.0,0.004769630514999999,8.231806349783991e-11,0.0,1.0,16.18107170553497,46.0,29.496792928171057,0.13189282944650316,2.0
1771585744.4956558,5,82,2400000.0,0.004769630514999999,8.231806349783991e-11,0.0,1.0,16.18107170553497,46.0,29.496792928171057,0.13189282944650316,2.0
1771585744.5040307,5,83,2400000.0,0.004769630514999999,8.231806349783991e-11,0.0,1.0,16.18107170553497,46.0,29.496792928171057,0.13189282944650316,2.0
1771585744.5124567,5,84,2400000.0,0.004769630514999999,8.231806349783991e-11,0.0,1.0,16.18107170553497,46.0,29.496792928171057,0.13189282944650316,2.0
1771585744.5209403,5,85,2400000.0,0.004769630514999999,8.231806349783991e-11,0.0,1.0,16.18107170553497,46.0,29.496792928171057,0.13189282944650316,2.0
1771585744.529662,5,86,2400000.0,0.004769630514999999,8.231806349783991e-11,0.0,1.0,16.18107170553497,46.0,29.496792928171057,0.13189282944650316,2.0
1771585744.5379891,5,87,2400000.0,0.004769630514999999,8.231806349783991e-11,0.0,1.0,16.18107170553497,46.0,29.496792928171057,0.13189282944650316,2.0
1771585744.5467718,5,88,2400000.0,0.004769630514999999,8.231806349783991e-11,0.0,1.0,16.18107170553497,46.0,29.496792928171057,0.13189282944650316,2.0
1771585744.555766,5,89,2400000.0,0.004769630514999999,8.231806349783991e-11,0.0,1.0,16.18107170553497,46.0,29.496792928171057,0.13189282944650316,2.0
1771585744.56383,5,90,2400000.0,0.004769630514999999,8.231806349783991e-11,0.0,1.0,16.18107170553497,46.0,29.496792928171057,0.13189282944650316,2.0
1771585744.5724452,5,91,2400000.0,0.004769630514999999,8.231806349783991e-11,0.0,1.0,16.18107170553497,46.0,29.496792928171057,0.13189282944650316,2.0
1771585744.5812197,5,92,2400000.0,0.004769630514999999,8.231806349783991e-11,0.0,1.0,16.18107170553497,46.0,29.496792928171057,0.13189282944650316,2.0
1771585744.589631,5,93,2400000.0,0.004769630514999999,8.231806349783991e-11,0.0,1.0,16.18107170553497,46.0,29.496792928171057,0.13189282944650316,2.0
1771585744.5981193,5,94,2400000.0,0.004769630514999999,8.231806349783991e-11,0.0,1.0,16.18107170553497,46.0,29.496792928171057,0.13189282944650316,2.0
1771585744.606411,5,95,2400000.0,0.004769630514999999,8.231806349783991e-11,0.0,1.0,16.18107170553497,46.0,29.496792928171057,0.13189282944650316,2.0
1771585744.615031,5,96,2400000.0,0.004769630514999999,8.231806349783991e-11,0.0,1.0,16.18107170553497,46.0,29.496792928171057,0.13189282944650316,2.0
1771585744.6230814,5,97,2400000.0,0.004769630514999999,8.231806349783991e-11,0.0,1.0,16.18107170553497,46.0,29.496792928171057,0.13189282944650316,2.0
1771585744.631352,5,98,2400000.0,0.004769630514999999,8.231806349783991e-11,0.0,1.0,16.18107170553497,46.0,29.496792928171057,0.13189282944650316,2.0
1771585744.6396244,5,99,2400000.0,0.004769630514999999,8.231806349783991e-11,0.0,1.0,16.18107170553497,46.0,29.496792928171057,0.13189282944650316,2.0
1771585744.6479027,5,100,2400000.0,0.004769630514999999,8.231806349783991e-11,0.0,1.0,16.18107170553497,46.0,29.496792928171057,0.13189282944650316,2.0
1771585744.6562116,5,101,2400000.0,0.004769630514999999,8.231806349783991e-11,0.0,1.0,16.18107170553497,46.0,29.496792928171057,0.13189282944650316,2.0
1771585744.6647131,5,102,2400000.0,0.004769630514999999,8.231806349783991e-11,0.0,1.0,16.18107170553497,46.0,29.496792928171057,0.13189282944650316,2.0
1771585744.6730266,5,103,2400000.0,0.004769630514999999,8.231806349783991e-11,0.0,1.0,16.18107170553497,46.0,29.496792928171057,0.13189282944650316,2.0
1771585744.6813972,5,104,2400000.0,0.004769630514999999,8.231806349783991e-11,0.0,1.0,16.18107170553497,46.0,29.496792928171057,0.13189282944650316,2.0
1771585744.689722,5,105,2400000.0,0.004769630514999999,8.231806349783991e-11,0.0,1.0,16.18107170553497,46.0,29.496792928171057,0.13189282944650316,2.0
1771585744.6981673,5,106,2400000.0,0.004769630514999999,8.231806349783991e-11,0.0,1.0,16.18107170553497,46.0,29.496792928171057,0.13189282944650316,2.0
1771585744.706304,5,107,2400000.0,0.004769630514999999,8.231806349783991e-11,0.0,1.0,16.18107170553497,46.0,29.496792928171057,0.13189282944650316,2.0
1771585744.7145336,5,108,2400000.0,0.004769630514999999,8.231806349783991e-11,0.0,1.0,16.18107170553497,46.0,29.496792928171057,0.13189282944650316,2.0
1771585744.7230732,5,109,2400000.0,0.004769630514999999,8.231806349783991e-11,0.0,1.0,16.18107170553497,46.0,29.496792928171057,0.13189282944650316,2.0
1771585744.7319784,5,110,2400000.0,0.004769630514999999,8.231806349783991e-11,0.0,1.0,16.18107170553497,46.0,29.496792928171057,0.13189282944650316,2.0
1771585744.740644,5,111,2400000.0,0.004769630514999999,8.231806349783991e-11,0.0,1.0,16.18107170553497,46.0,29.496792928171057,0.13189282944650316,2.0
1771585744.7490144,5,112,2400000.0,0.004769630514999999,8.231806349783991e-11,0.0,1.0,16.18107170553497,46.0,29.496792928171057,0.13189282944650316,2.0
1771585744.7573483,5,113,2400000.0,0.004769630514999999,8.231806349783991e-11,0.0,1.0,16.18107170553497,46.0,29.496792928171057,0.13189282944650316,2.0
1771585744.7662117,5,114,2400000.0,0.004769630514999999,8.231806349783991e-11,0.0,1.0,16.18107170553497,46.0,29.496792928171057,0.13189282944650316,2.0
1771585744.7742028,5,115,2400000.0,0.004769630514999999,8.231806349783991e-11,0.0,1.0,16.18107170553497,46.0,29.496792928171057,0.13189282944650316,2.0
1771585744.7826996,5,116,2400000.0,0.004769630514999999,8.231806349783991e-11,0.0,1.0,16.18107170553497,46.0,29.496792928171057,0.13189282944650316,2.0
1771585744.791129,5,117,2400000.0,0.004769630514999999,8.231806349783991e-11,0.0,1.0,16.18107170553497,46.0,29.496792928171057,0.13189282944650316,2.0
1771585744.7994196,5,118,2400000.0,0.004769630514999999,8.231806349783991e-11,0.0,1.0,16.18107170553497,46.0,29.496792928171057,0.13189282944650316,2.0
1771585744.8078992,5,119,2400000.0,0.004769630514999999,8.231806349783991e-11,0.0,1.0,16.18107170553497,46.0,29.496792928171057,0.13189282944650316,2.0
1771585744.8174787,5,120,2400000.0,0.004769630514999999,8.231806349783991e-11,0.0,1.0,16.18107170553497,46.0,29.496792928171057,0.13189282944650316,2.0
1771585744.8266091,5,121,2400000.0,0.004769630514999999,8.231806349783991e-11,0.0,1.0,16.18107170553497,46.0,29.496792928171057,0.13189282944650316,2.0
1771585744.835427,5,122,2400000.0,0.004769630514999999,8.231806349783991e-11,0.0,1.0,16.18107170553497,46.0,29.496792928171057,0.13189282944650316,2.0
1771585744.8440156,5,123,2400000.0,0.004769630514999999,8.231806349783991e-11,0.0,1.0,16.18107170553497,46.0,29.496792928171057,0.13189282944650316,2.0
1771585744.8527648,5,124,2400000.0,0.004769630514999999,8.231806349783991e-11,0.0,1.0,16.18107170553497,46.0,29.496792928171057,0.13189282944650316,2.0
1771585744.8618753,5,125,2400000.0,0.004769630514999999,8.231806349783991e-11,0.0,1.0,16.18107170553497,46.0,29.496792928171057,0.13189282944650316,2.0
1771585744.870125,5,126,2400000.0,0.004769630514999999,8.231806349783991e-11,0.0,1.0,16.18107170553497,46.0,29.496792928171057,0.13189282944650316,2.0
1771585744.878774,5,127,2400000.0,0.004769630514999999,8.231806349783991e-11,0.0,1.0,16.18107170553497,46.0,29.496792928171057,0.13189282944650316,2.0
1771585744.8874435,5,128,2400000.0,0.004769630514999999,8.231806349783991e-11,0.0,1.0,16.18107170553497,46.0,29.496792928171057,0.13189282944650316,2.0
1771585744.8958411,5,129,2400000.0,0.004769630514999999,8.231806349783991e-11,0.0,1.0,16.18107170553497,46.0,29.496792928171057,0.13189282944650316,2.0
1771585744.9042501,5,130,2400000.0,0.004769630514999999,8.231806349783991e-11,0.0,1.0,16.18107170553497,46.0,29.496792928171057,0.13189282944650316,2.0
1771585744.912947,5,131,2400000.0,0.004769630514999999,8.231806349783991e-11,0.0,1.0,16.18107170553497,46.0,29.496792928171057,0.13189282944650316,2.0
1771585744.92144,5,132,2400000.0,0.004769630514999999,8.231806349783991e-11,0.0,1.0,16.18107170553497,46.0,29.496792928171057,0.13189282944650316,2.0
1771585744.9299548,5,133,2400000.0,0.004769630514999999,8.231806349783991e-11,0.0,1.0,16.18107170553497,46.0,29.496792928171057,0.13189282944650316,2.0
1771585744.9386706,5,134,2400000.0,0.004769630514999999,8.231806349783991e-11,0.0,1.0,16.18107170553497,46.0,29.496792928171057,0.13189282944650316,2.0
1771585744.947138,5,135,2400000.0,0.004769630514999999,8.231806349783991e-11,0.0,1.0,16.18107170553497,46.0,29.496792928171057,0.13189282944650316,2.0
1771585744.955679,5,136,2400000.0,0.004769630514999999,8.231806349783991e-11,0.0,1.0,16.18107170553497,46.0,29.496792928171057,0.13189282944650316,2.0
1771585744.9639761,5,137,2400000.0,0.004769630514999999,8.231806349783991e-11,0.0,1.0,16.18107170553497,46.0,29.496792928171057,0.13189282944650316,2.0
1771585744.972158,5,138,2400000.0,0.004769630514999999,8.231806349783991e-11,0.0,1.0,16.18107170553497,46.0,29.496792928171057,0.13189282944650316,2.0
1771585744.9803202,5,139,2400000.0,0.004769630514999999,8.231806349783991e-11,0.0,1.0,16.18107170553497,46.0,29.496792928171057,0.13189282944650316,2.0
1771585744.98868,5,140,2400000.0,0.004769630514999999,8.231806349783991e-11,0.0,1.0,16.18107170553497,46.0,29.496792928171057,0.13189282944650316,2.0
1771585744.9971907,5,141,2400000.0,0.004769630514999999,8.231806349783991e-11,0.0,1.0,16.18107170553497,46.0,29.496792928171057,0.13189282944650316,2.0
1771585745.0058393,5,142,2400000.0,0.004769630514999999,8.231806349783991e-11,0.0,1.0,16.18107170553497,46.0,29.496792928171057,0.13189282944650316,2.0
1771585745.0157187,5,143,2400000.0,0.004769630514999999,8.231806349783991e-11,0.0,1.0,16.18107170553497,46.0,29.496792928171057,0.13189282944650316,2.0
1771585745.023791,5,144,2400000.0,0.004769630514999999,8.231806349783991e-11,0.0,1.0,16.18107170553497,46.0,29.496792928171057,0.13189282944650316,2.0
1771585745.0328488,5,145,2400000.0,0.004769630514999999,8.231806349783991e-11,0.0,1.0,16.18107170553497,46.0,29.496792928171057,0.13189282944650316,2.0
1771585745.0417774,5,146,2400000.0,0.004769630514999999,8.231806349783991e-11,0.0,1.0,16.18107170553497,46.0,29.496792928171057,0.13189282944650316,2.0
1771585745.050122,5,147,2400000.0,0.004769630514999999,8.231806349783991e-11,0.0,1.0,16.18107170553497,46.0,29.496792928171057,0.13189282944650316,2.0
1771585745.0587735,5,148,2400000.0,0.004769630514999999,8.231806349783991e-11,0.0,1.0,16.18107170553497,46.0,29.496792928171057,0.13189282944650316,2.0
1771585745.067293,5,149,2400000.0,0.004769630514999999,8.231806349783991e-11,0.0,1.0,16.18107170553497,46.0,29.496792928171057,0.13189282944650316,2.0
1771585745.0758777,5,150,2400000.0,0.004769630514999999,8.231806349783991e-11,0.0,1.0,16.18107170553497,46.0,29.496792928171057,0.13189282944650316,2.0
1771585745.084237,5,151,2400000.0,0.004769630514999999,8.231806349783991e-11,0.0,1.0,16.18107170553497,46.0,29.496792928171057,0.13189282944650316,2.0
1771585745.0929348,5,152,2400000.0,0.004769630514999999,8.231806349783991e-11,0.0,1.0,16.18107170553497,46.0,29.496792928171057,0.13189282944650316,2.0
1771585745.101342,5,153,2400000.0,0.004769630514999999,8.231806349783991e-11,0.0,1.0,16.18107170553497,46.0,29.496792928171057,0.13189282944650316,2.0
1771585745.1102872,5,154,2400000.0,0.004769630514999999,8.231806349783991e-11,0.0,1.0,16.18107170553497,46.0,29.496792928171057,0.13189282944650316,2.0
1771585745.118772,5,155,2400000.0,0.004769630514999999,8.231806349783991e-11,0.0,1.0,16.18107170553497,46.0,29.496792928171057,0.13189282944650316,2.0
1771585745.1272287,5,156,2400000.0,0.004769630514999999,8.231806349783991e-11,0.0,1.0,16.18107170553497,46.0,29.496792928171057,0.13189282944650316,2.0
1771585745.1359036,5,157,2400000.0,0.004769630514999999,8.231806349783991e-11,0.0,1.0,16.18107170553497,46.0,29.496792928171057,0.13189282944650316,2.0
1771585745.1447062,5,158,2400000.0,0.004769630514999999,8.231806349783991e-11,0.0,1.0,16.18107170553497,46.0,29.496792928171057,0.13189282944650316,2.0
1771585745.153269,5,159,2400000.0,0.004769630514999999,8.231806349783991e-11,0.0,1.0,16.18107170553497,46.0,29.496792928171057,0.13189282944650316,2.0
1771585745.1614394,5,160,2400000.0,0.004769630514999999,8.231806349783991e-11,0.0,1.0,16.18107170553497,46.0,29.496792928171057,0.13189282944650316,2.0
1771585745.1701982,5,161,2400000.0,0.004769630514999999,8.231806349783991e-11,0.0,1.0,16.18107170553497,46.0,29.496792928171057,0.13189282944650316,2.0
1771585745.1787093,5,162,2400000.0,0.004769630514999999,8.231806349783991e-11,0.0,1.0,16.18107170553497,46.0,29.496792928171057,0.13189282944650316,2.0
1771585745.187178,5,163,2400000.0,0.004769630514999999,8.231806349783991e-11,0.0,1.0,16.18107170553497,46.0,29.496792928171057,0.13189282944650316,2.0
1771585745.1957538,5,164,2400000.0,0.004769630514999999,8.231806349783991e-11,0.0,1.0,16.18107170553497,46.0,29.496792928171057,0.13189282944650316,2.0
1771585745.204218,5,165,2400000.0,0.004769630514999999,8.231806349783991e-11,0.0,1.0,16.18107170553497,46.0,29.496792928171057,0.13189282944650316,2.0
1771585745.2125635,5,166,2400000.0,0.004769630514999999,8.231806349783991e-11,0.0,1.0,16.18107170553497,46.0,29.496792928171057,0.13189282944650316,2.0
1771585745.2208576,5,167,2400000.0,0.004769630514999999,8.231806349783991e-11,0.0,1.0,16.18107170553497,46.0,29.496792928171057,0.13189282944650316,2.0
1771585745.2288764,5,168,2400000.0,0.004769630514999999,8.231806349783991e-11,0.0,1.0,16.18107170553497,46.0,29.496792928171057,0.13189282944650316,2.0
1771585745.2372122,5,169,2400000.0,0.004769630514999999,8.231806349783991e-11,0.0,1.0,16.18107170553497,46.0,29.496792928171057,0.13189282944650316,2.0
1771585745.2453847,5,170,2400000.0,0.004769630514999999,8.231806349783991e-11,0.0,1.0,16.18107170553497,46.0,29.496792928171057,0.13189282944650316,2.0
1771585745.253387,5,171,2400000.0,0.004769630514999999,8.231806349783991e-11,0.0,1.0,16.18107170553497,46.0,29.496792928171057,0.13189282944650316,2.0
1771585745.2613642,5,172,2400000.0,0.004769630514999999,8.231806349783991e-11,0.0,1.0,16.18107170553497,46.0,29.496792928171057,0.13189282944650316,2.0
1771585745.2696006,5,173,2400000.0,0.004769630514999999,8.231806349783991e-11,0.0,1.0,16.18107170553497,46.0,29.496792928171057,0.13189282944650316,2.0
1771585745.2778187,5,174,2400000.0,0.004769630514999999,8.231806349783991e-11,0.0,1.0,16.18107170553497,46.0,29.496792928171057,0.13189282944650316,2.0
1771585745.2860303,5,175,2400000.0,0.004769630514999999,8.231806349783991e-11,0.0,1.0,16.18107170553497,46.0,29.496792928171057,0.13189282944650316,2.0
1771585745.2942824,5,176,2400000.0,0.004769630514999999,8.231806349783991e-11,0.0,1.0,16.18107170553497,46.0,29.496792928171057,0.13189282944650316,2.0
1771585745.3022838,5,177,2400000.0,0.004769630514999999,8.231806349783991e-11,0.0,1.0,16.18107170553497,46.0,29.496792928171057,0.13189282944650316,2.0
1771585745.3105655,5,178,2400000.0,0.004769630514999999,8.231806349783991e-11,0.0,1.0,16.18107170553497,46.0,29.496792928171057,0.13189282944650316,2.0
1771585745.3191202,5,179,2400000.0,0.004769630514999999,8.231806349783991e-11,0.0,1.0,16.18107170553497,46.0,29.496792928171057,0.13189282944650316,2.0
1771585745.3277621,5,180,2400000.0,0.004769630514999999,8.231806349783991e-11,0.0,1.0,16.18107170553497,46.0,29.496792928171057,0.13189282944650316,2.0
1771585745.335972,5,181,2400000.0,0.004769630514999999,8.231806349783991e-11,0.0,1.0,16.18107170553497,46.0,29.496792928171057,0.13189282944650316,2.0
1771585745.344872,5,182,2400000.0,0.004769630514999999,8.231806349783991e-11,0.0,1.0,16.18107170553497,46.0,29.496792928171057,0.13189282944650316,2.0
1771585745.3528504,5,183,2400000.0,0.004769630514999999,8.231806349783991e-11,0.0,1.0,16.18107170553497,46.0,29.496792928171057,0.13189282944650316,2.0
1771585745.3611991,5,184,2400000.0,0.004769630514999999,8.231806349783991e-11,0.0,1.0,16.18107170553497,46.0,29.496792928171057,0.13189282944650316,2.0
1771585745.369402,5,185,2400000.0,0.004769630514999999,8.231806349783991e-11,0.0,1.0,16.18107170553497,46.0,29.496792928171057,0.13189282944650316,2.0
1771585745.377564,5,186,2400000.0,0.004769630514999999,8.231806349783991e-11,0.0,1.0,16.18107170553497,46.0,29.496792928171057,0.13189282944650316,2.0
1771585745.3854437,5,187,2400000.0,0.004769630514999999,8.231806349783991e-11,0.0,1.0,16.18107170553497,46.0,29.496792928171057,0.13189282944650316,2.0
1771585745.3935068,5,188,2400000.0,0.004769630514999999,8.231806349783991e-11,0.0,1.0,16.18107170553497,46.0,29.496792928171057,0.13189282944650316,2.0
1771585745.4013915,5,189,2400000.0,0.004769630514999999,8.231806349783991e-11,0.0,1.0,16.18107170553497,46.0,29.496792928171057,0.13189282944650316,2.0
1771585745.4101686,5,190,2400000.0,0.004769630514999999,8.231806349783991e-11,0.0,1.0,16.18107170553497,46.0,29.496792928171057,0.13189282944650316,2.0
1771585745.41816,5,191,2400000.0,0.004769630514999999,8.231806349783991e-11,0.0,1.0,16.18107170553497,46.0,29.496792928171057,0.13189282944650316,2.0
1771585745.4262106,5,192,2400000.0,0.004769630514999999,8.231806349783991e-11,0.0,1.0,16.18107170553497,46.0,29.496792928171057,0.13189282944650316,2.0
1771585745.434325,5,193,2400000.0,0.004769630514999999,8.231806349783991e-11,0.0,1.0,16.18107170553497,46.0,29.496792928171057,0.13189282944650316,2.0
1771585745.4426222,5,194,2400000.0,0.004769630514999999,8.231806349783991e-11,0.0,1.0,16.18107170553497,46.0,29.496792928171057,0.13189282944650316,2.0
1771585745.4508162,5,195,2400000.0,0.004769630514999999,8.231806349783991e-11,0.0,1.0,16.18107170553497,46.0,29.496792928171057,0.13189282944650316,2.0
1771585745.458758,5,196,2400000.0,0.004769630514999999,8.231806349783991e-11,0.0,1.0,16.18107170553497,46.0,29.496792928171057,0.13189282944650316,2.0
1771585745.4667828,5,197,2400000.0,0.004769630514999999,8.231806349783991e-11,0.0,1.0,16.18107170553497,46.0,29.496792928171057,0.13189282944650316,2.0
1771585745.4751155,5,198,2400000.0,0.004769630514999999,8.231806349783991e-11,0.0,1.0,16.18107170553497,46.0,29.496792928171057,0.13189282944650316,2.0
1771585745.4832113,5,199,2400000.0,0.004769630514999999,8.231806349783991e-11,0.0,1.0,16.18107170553497,46.0,29.496792928171057,0.13189282944650316,2.0
1771585745.4912927,5,200,2400000.0,0.004769630514999999,8.231806349783991e-11,0.0,1.0,16.18107170553497,46.0,29.496792928171057,0.13189282944650316,2.0
1771585745.6863184,6,0,0.0,0.0,0.0,0.0,1.0,0.0,23.0,0.0,1.75,2.0
1771585745.6960564,6,1,1920000.0,0.004769630514999999,8.231806349783991e-11,0.05882352941176472,1.0,16.18107170553497,46.0,29.496792928171057,-0.36810717055349684,2.0
1771585745.7046773,6,2,2400000.0,0.004769630514999999,8.231806349783991e-11,0.0,1.0,16.18107170553497,46.0,29.496792928171057,0.13189282944650316,2.0
1771585745.7136261,6,3,2400000.0,0.004769630514999999,8.231806349783991e-11,0.0,1.0,16.18107170553497,46.0,29.496792928171057,0.13189282944650316,2.0
1771585745.7222216,6,4,2400000.0,0.004769630514999999,8.231806349783991e-11,0.0,1.0,16.18107170553497,46.0,29.496792928171057,0.13189282944650316,2.0
1771585745.730748,6,5,2400000.0,0.004769630514999999,8.231806349783991e-11,0.0,1.0,16.18107170553497,46.0,29.496792928171057,0.13189282944650316,2.0
1771585745.7391837,6,6,2400000.0,0.004769630514999999,8.231806349783991e-11,0.0,1.0,16.18107170553497,46.0,29.496792928171057,0.13189282944650316,2.0
1771585745.7477696,6,7,2400000.0,0.004769630514999999,8.231806349783991e-11,0.0,1.0,16.18107170553497,46.0,29.496792928171057,0.13189282944650316,2.0
1771585745.7558672,6,8,2400000.0,0.004769630514999999,8.231806349783991e-11,0.0,1.0,16.18107170553497,46.0,29.496792928171057,0.13189282944650316,2.0
1771585745.7637262,6,9,2400000.0,0.004769630514999999,8.231806349783991e-11,0.0,1.0,16.18107170553497,46.0,29.496792928171057,0.13189282944650316,2.0
1771585745.7722535,6,10,2400000.0,0.004769630514999999,8.231806349783991e-11,0.0,1.0,16.18107170553497,46.0,29.496792928171057,0.13189282944650316,2.0
1771585745.781205,6,11,2400000.0,0.004769630514999999,8.231806349783991e-11,0.0,1.0,16.18107170553497,46.0,29.496792928171057,0.13189282944650316,2.0
1771585745.7894228,6,12,2400000.0,0.004769630514999999,8.231806349783991e-11,0.0,1.0,16.18107170553497,46.0,29.496792928171057,0.13189282944650316,2.0
1771585745.7977266,6,13,2400000.0,0.004769630514999999,8.231806349783991e-11,0.0,1.0,16.18107170553497,46.0,29.496792928171057,0.13189282944650316,2.0
1771585745.8058126,6,14,2400000.0,0.004769630514999999,8.231806349783991e-11,0.0,1.0,16.18107170553497,46.0,29.496792928171057,0.13189282944650316,2.0
1771585745.8137047,6,15,2400000.0,0.004769630514999999,8.231806349783991e-11,0.0,1.0,16.18107170553497,46.0,29.496792928171057,0.13189282944650316,2.0
1771585745.8222344,6,16,2400000.0,0.004769630514999999,8.231806349783991e-11,0.0,1.0,16.18107170553497,46.0,29.496792928171057,0.13189282944650316,2.0
1771585745.830763,6,17,2400000.0,0.004769630514999999,8.231806349783991e-11,0.0,1.0,16.18107170553497,46.0,29.496792928171057,0.13189282944650316,2.0
1771585745.838711,6,18,2400000.0,0.004769630514999999,8.231806349783991e-11,0.0,1.0,16.18107170553497,46.0,29.496792928171057,0.13189282944650316,2.0
1771585745.8472826,6,19,2400000.0,0.004769630514999999,8.231806349783991e-11,0.0,1.0,16.18107170553497,46.0,29.496792928171057,0.13189282944650316,2.0
1771585745.855847,6,20,2400000.0,0.004769630514999999,8.231806349783991e-11,0.0,1.0,16.18107170553497,46.0,29.496792928171057,0.13189282944650316,2.0
1771585745.8640468,6,21,2400000.0,0.004769630514999999,8.231806349783991e-11,0.0,1.0,16.18107170553497,46.0,29.496792928171057,0.13189282944650316,2.0
1771585745.8727458,6,22,2400000.0,0.004769630514999999,8.231806349783991e-11,0.0,1.0,16.18107170553497,46.0,29.496792928171057,0.13189282944650316,2.0
1771585745.881324,6,23,2400000.0,0.004769630514999999,8.231806349783991e-11,0.0,1.0,16.18107170553497,46.0,29.496792928171057,0.13189282944650316,2.0
1771585745.8899028,6,24,2400000.0,0.004769630514999999,8.231806349783991e-11,0.0,1.0,16.18107170553497,46.0,29.496792928171057,0.13189282944650316,2.0
1771585745.8982098,6,25,2400000.0,0.004769630514999999,8.231806349783991e-11,0.0,1.0,16.18107170553497,46.0,29.496792928171057,0.13189282944650316,2.0
1771585745.9068434,6,26,2400000.0,0.004769630514999999,8.231806349783991e-11,0.0,1.0,16.18107170553497,46.0,29.496792928171057,0.13189282944650316,2.0
1771585745.9152696,6,27,2400000.0,0.004769630514999999,8.231806349783991e-11,0.0,1.0,16.18107170553497,46.0,29.496792928171057,0.13189282944650316,2.0
1771585745.923994,6,28,2400000.0,0.004769630514999999,8.231806349783991e-11,0.0,1.0,16.18107170553497,46.0,29.496792928171057,0.13189282944650316,2.0
1771585745.932273,6,29,2400000.0,0.004769630514999999,8.231806349783991e-11,0.0,1.0,16.18107170553497,46.0,29.496792928171057,0.13189282944650316,2.0
1771585745.9405153,6,30,2400000.0,0.004769630514999999,8.231806349783991e-11,0.0,1.0,16.18107170553497,46.0,29.496792928171057,0.13189282944650316,2.0
1771585745.9489868,6,31,2400000.0,0.004769630514999999,8.231806349783991e-11,0.0,1.0,16.18107170553497,46.0,29.496792928171057,0.13189282944650316,2.0
1771585745.9572935,6,32,2400000.0,0.004769630514999999,8.231806349783991e-11,0.0,1.0,16.18107170553497,46.0,29.496792928171057,0.13189282944650316,2.0
1771585745.9654894,6,33,2400000.0,0.004769630514999999,8.231806349783991e-11,0.0,1.0,16.18107170553497,46.0,29.496792928171057,0.13189282944650316,2.0
1771585745.9740024,6,34,2400000.0,0.004769630514999999,8.231806349783991e-11,0.0,1.0,16.18107170553497,46.0,29.496792928171057,0.13189282944650316,2.0
1771585745.982598,6,35,2400000.0,0.004769630514999999,8.231806349783991e-11,0.0,1.0,16.18107170553497,46.0,29.496792928171057,0.13189282944650316,2.0
1771585745.9908807,6,36,2400000.0,0.004769630514999999,8.231806349783991e-11,0.0,1.0,16.18107170553497,46.0,29.496792928171057,0.13189282944650316,2.0
1771585745.999036,6,37,2400000.0,0.004769630514999999,8.231806349783991e-11,0.0,1.0,16.18107170553497,46.0,29.496792928171057,0.13189282944650316,2.0
1771585746.0073013,6,38,2400000.0,0.004769630514999999,8.231806349783991e-11,0.0,1.0,16.18107170553497,46.0,29.496792928171057,0.13189282944650316,2.0
1771585746.015509,6,39,2400000.0,0.004769630514999999,8.231806349783991e-11,0.0,1.0,16.18107170553497,46.0,29.496792928171057,0.13189282944650316,2.0
1771585746.0236187,6,40,2400000.0,0.004769630514999999,8.231806349783991e-11,0.0,1.0,16.18107170553497,46.0,29.496792928171057,0.13189282944650316,2.0
1771585746.0318382,6,41,2400000.0,0.004769630514999999,8.231806349783991e-11,0.0,1.0,16.18107170553497,46.0,29.496792928171057,0.13189282944650316,2.0
1771585746.0398784,6,42,2400000.0,0.004769630514999999,8.231806349783991e-11,0.0,1.0,16.18107170553497,46.0,29.496792928171057,0.13189282944650316,2.0
1771585746.0481064,6,43,2400000.0,0.004769630514999999,8.231806349783991e-11,0.0,1.0,16.18107170553497,46.0,29.496792928171057,0.13189282944650316,2.0
1771585746.0561814,6,44,2400000.0,0.004769630514999999,8.231806349783991e-11,0.0,1.0,16.18107170553497,46.0,29.496792928171057,0.13189282944650316,2.0
1771585746.0642722,6,45,2400000.0,0.004769630514999999,8.231806349783991e-11,0.0,1.0,16.18107170553497,46.0,29.496792928171057,0.13189282944650316,2.0
1771585746.0730648,6,46,2400000.0,0.004769630514999999,8.231806349783991e-11,0.0,1.0,16.18107170553497,46.0,29.496792928171057,0.13189282944650316,2.0
1771585746.081769,6,47,2400000.0,0.004769630514999999,8.231806349783991e-11,0.0,1.0,16.18107170553497,46.0,29.496792928171057,0.13189282944650316,2.0
1771585746.090309,6,48,2400000.0,0.004769630514999999,8.231806349783991e-11,0.0,1.0,16.18107170553497,46.0,29.496792928171057,0.13189282944650316,2.0
1771585746.0989928,6,49,2400000.0,0.004769630514999999,8.231806349783991e-11,0.0,1.0,16.18107170553497,46.0,29.496792928171057,0.13189282944650316,2.0
1771585746.1075382,6,50,2400000.0,0.004769630514999999,8.231806349783991e-11,0.0,1.0,16.18107170553497,46.0,29.496792928171057,0.13189282944650316,2.0
1771585746.1166918,6,51,2400000.0,0.004769630514999999,8.231806349783991e-11,0.0,1.0,16.18107170553497,46.0,29.496792928171057,0.13189282944650316,2.0
1771585746.1254044,6,52,2400000.0,0.004769630514999999,8.231806349783991e-11,0.0,1.0,16.18107170553497,46.0,29.496792928171057,0.13189282944650316,2.0
1771585746.1338246,6,53,2400000.0,0.004769630514999999,8.231806349783991e-11,0.0,1.0,16.18107170553497,46.0,29.496792928171057,0.13189282944650316,2.0
1771585746.1417718,6,54,2400000.0,0.004769630514999999,8.231806349783991e-11,0.0,1.0,16.18107170553497,46.0,29.496792928171057,0.13189282944650316,2.0
1771585746.1503353,6,55,2400000.0,0.004769630514999999,8.231806349783991e-11,0.0,1.0,16.18107170553497,46.0,29.496792928171057,0.13189282944650316,2.0
1771585746.159257,6,56,2400000.0,0.004769630514999999,8.231806349783991e-11,0.0,1.0,16.18107170553497,46.0,29.496792928171057,0.13189282944650316,2.0
1771585746.1676643,6,57,2400000.0,0.004769630514999999,8.231806349783991e-11,0.0,1.0,16.18107170553497,46.0,29.496792928171057,0.13189282944650316,2.0
1771585746.1768606,6,58,2400000.0,0.004769630514999999,8.231806349783991e-11,0.0,1.0,16.18107170553497,46.0,29.496792928171057,0.13189282944650316,2.0
1771585746.1850145,6,59,2400000.0,0.004769630514999999,8.231806349783991e-11,0.0,1.0,16.18107170553497,46.0,29.496792928171057,0.13189282944650316,2.0
1771585746.1934838,6,60,2400000.0,0.004769630514999999,8.231806349783991e-11,0.0,1.0,16.18107170553497,46.0,29.496792928171057,0.13189282944650316,2.0
1771585746.2019866,6,61,2400000.0,0.004769630514999999,8.231806349783991e-11,0.0,1.0,16.18107170553497,46.0,29.496792928171057,0.13189282944650316,2.0
1771585746.2102406,6,62,2400000.0,0.004769630514999999,8.231806349783991e-11,0.0,1.0,16.18107170553497,46.0,29.496792928171057,0.13189282944650316,2.0
1771585746.2184439,6,63,2400000.0,0.004769630514999999,8.231806349783991e-11,0.0,1.0,16.18107170553497,46.0,29.496792928171057,0.13189282944650316,2.0
1771585746.226943,6,64,2400000.0,0.004769630514999999,8.231806349783991e-11,0.0,1.0,16.18107170553497,46.0,29.496792928171057,0.13189282944650316,2.0
1771585746.2350342,6,65,2400000.0,0.004769630514999999,8.231806349783991e-11,0.0,1.0,16.18107170553497,46.0,29.496792928171057,0.13189282944650316,2.0
1771585746.2432396,6,66,2400000.0,0.004769630514999999,8.231806349783991e-11,0.0,1.0,16.18107170553497,46.0,29.496792928171057,0.13189282944650316,2.0
1771585746.2513394,6,67,2400000.0,0.004769630514999999,8.231806349783991e-11,0.0,1.0,16.18107170553497,46.0,29.496792928171057,0.13189282944650316,2.0
1771585746.2598205,6,68,2400000.0,0.004769630514999999,8.231806349783991e-11,0.0,1.0,16.18107170553497,46.0,29.496792928171057,0.13189282944650316,2.0
1771585746.2682402,6,69,2400000.0,0.004769630514999999,8.231806349783991e-11,0.0,1.0,16.18107170553497,46.0,29.496792928171057,0.13189282944650316,2.0
1771585746.2767448,6,70,2400000.0,0.004769630514999999,8.231806349783991e-11,0.0,1.0,16.18107170553497,46.0,29.496792928171057,0.13189282944650316,2.0
1771585746.2850034,6,71,2400000.0,0.004769630514999999,8.231806349783991e-11,0.0,1.0,16.18107170553497,46.0,29.496792928171057,0.13189282944650316,2.0
1771585746.293193,6,72,2400000.0,0.004769630514999999,8.231806349783991e-11,0.0,1.0,16.18107170553497,46.0,29.496792928171057,0.13189282944650316,2.0
1771585746.3018053,6,73,2400000.0,0.004769630514999999,8.231806349783991e-11,0.0,1.0,16.18107170553497,46.0,29.496792928171057,0.13189282944650316,2.0
1771585746.310303,6,74,2400000.0,0.004769630514999999,8.231806349783991e-11,0.0,1.0,16.18107170553497,46.0,29.496792928171057,0.13189282944650316,2.0
1771585746.319055,6,75,2400000.0,0.004769630514999999,8.231806349783991e-11,0.0,1.0,16.18107170553497,46.0,29.496792928171057,0.13189282944650316,2.0
1771585746.3275666,6,76,2400000.0,0.004769630514999999,8.231806349783991e-11,0.0,1.0,16.18107170553497,46.0,29.496792928171057,0.13189282944650316,2.0
1771585746.335773,6,77,2400000.0,0.004769630514999999,8.231806349783991e-11,0.0,1.0,16.18107170553497,46.0,29.496792928171057,0.13189282944650316,2.0
1771585746.3442209,6,78,2400000.0,0.004769630514999999,8.231806349783991e-11,0.0,1.0,16.18107170553497,46.0,29.496792928171057,0.13189282944650316,2.0
1771585746.352594,6,79,2400000.0,0.004769630514999999,8.231806349783991e-11,0.0,1.0,16.18107170553497,46.0,29.496792928171057,0.13189282944650316,2.0
1771585746.3611307,6,80,2400000.0,0.004769630514999999,8.231806349783991e-11,0.0,1.0,16.18107170553497,46.0,29.496792928171057,0.13189282944650316,2.0
1771585746.3696764,6,81,2400000.0,0.004769630514999999,8.231806349783991e-11,0.0,1.0,16.18107170553497,46.0,29.496792928171057,0.13189282944650316,2.0
1771585746.3783278,6,82,2400000.0,0.004769630514999999,8.231806349783991e-11,0.0,1.0,16.18107170553497,46.0,29.496792928171057,0.13189282944650316,2.0
1771585746.386762,6,83,2400000.0,0.004769630514999999,8.231806349783991e-11,0.0,1.0,16.18107170553497,46.0,29.496792928171057,0.13189282944650316,2.0
1771585746.3955276,6,84,2400000.0,0.004769630514999999,8.231806349783991e-11,0.0,1.0,16.18107170553497,46.0,29.496792928171057,0.13189282944650316,2.0
1771585746.4036863,6,85,2400000.0,0.004769630514999999,8.231806349783991e-11,0.0,1.0,16.18107170553497,46.0,29.496792928171057,0.13189282944650316,2.0
1771585746.4117148,6,86,2400000.0,0.004769630514999999,8.231806349783991e-11,0.0,1.0,16.18107170553497,46.0,29.496792928171057,0.13189282944650316,2.0
1771585746.419814,6,87,2400000.0,0.004769630514999999,8.231806349783991e-11,0.0,1.0,16.18107170553497,46.0,29.496792928171057,0.13189282944650316,2.0
1771585746.4281764,6,88,2400000.0,0.004769630514999999,8.231806349783991e-11,0.0,1.0,16.18107170553497,46.0,29.496792928171057,0.13189282944650316,2.0
1771585746.436202,6,89,2400000.0,0.004769630514999999,8.231806349783991e-11,0.0,1.0,16.18107170553497,46.0,29.496792928171057,0.13189282944650316,2.0
1771585746.4444344,6,90,2400000.0,0.004769630514999999,8.231806349783991e-11,0.0,1.0,16.18107170553497,46.0,29.496792928171057,0.13189282944650316,2.0
1771585746.4529834,6,91,2400000.0,0.004769630514999999,8.231806349783991e-11,0.0,1.0,16.18107170553497,46.0,29.496792928171057,0.13189282944650316,2.0
1771585746.461264,6,92,2400000.0,0.004769630514999999,8.231806349783991e-11,0.0,1.0,16.18107170553497,46.0,29.496792928171057,0.13189282944650316,2.0
1771585746.469479,6,93,2400000.0,0.004769630514999999,8.231806349783991e-11,0.0,1.0,16.18107170553497,46.0,29.496792928171057,0.13189282944650316,2.0
1771585746.4779878,6,94,2400000.0,0.004769630514999999,8.231806349783991e-11,0.0,1.0,16.18107170553497,46.0,29.496792928171057,0.13189282944650316,2.0
1771585746.4862804,6,95,2400000.0,0.004769630514999999,8.231806349783991e-11,0.0,1.0,16.18107170553497,46.0,29.496792928171057,0.13189282944650316,2.0
1771585746.4946642,6,96,2400000.0,0.004769630514999999,8.231806349783991e-11,0.0,1.0,16.18107170553497,46.0,29.496792928171057,0.13189282944650316,2.0
1771585746.5030146,6,97,2400000.0,0.004769630514999999,8.231806349783991e-11,0.0,1.0,16.18107170553497,46.0,29.496792928171057,0.13189282944650316,2.0
1771585746.511529,6,98,2400000.0,0.004769630514999999,8.231806349783991e-11,0.0,1.0,16.18107170553497,46.0,29.496792928171057,0.13189282944650316,2.0
1771585746.5197902,6,99,2400000.0,0.004769630514999999,8.231806349783991e-11,0.0,1.0,16.18107170553497,46.0,29.496792928171057,0.13189282944650316,2.0
1771585746.5280352,6,100,2400000.0,0.004769630514999999,8.231806349783991e-11,0.0,1.0,16.18107170553497,46.0,29.496792928171057,0.13189282944650316,2.0
1771585746.5362988,6,101,2400000.0,0.004769630514999999,8.231806349783991e-11,0.0,1.0,16.18107170553497,46.0,29.496792928171057,0.13189282944650316,2.0
1771585746.54468,6,102,2400000.0,0.004769630514999999,8.231806349783991e-11,0.0,1.0,16.18107170553497,46.0,29.496792928171057,0.13189282944650316,2.0
1771585746.5529177,6,103,2400000.0,0.004769630514999999,8.231806349783991e-11,0.0,1.0,16.18107170553497,46.0,29.496792928171057,0.13189282944650316,2.0
1771585746.5610223,6,104,2400000.0,0.004769630514999999,8.231806349783991e-11,0.0,1.0,16.18107170553497,46.0,29.496792928171057,0.13189282944650316,2.0
1771585746.5692687,6,105,2400000.0,0.004769630514999999,8.231806349783991e-11,0.0,1.0,16.18107170553497,46.0,29.496792928171057,0.13189282944650316,2.0
1771585746.5781188,6,106,2400000.0,0.004769630514999999,8.231806349783991e-11,0.0,1.0,16.18107170553497,46.0,29.496792928171057,0.13189282944650316,2.0
1771585746.586681,6,107,2400000.0,0.004769630514999999,8.231806349783991e-11,0.0,1.0,16.18107170553497,46.0,29.496792928171057,0.13189282944650316,2.0
1771585746.5951197,6,108,2400000.0,0.004769630514999999,8.231806349783991e-11,0.0,1.0,16.18107170553497,46.0,29.496792928171057,0.13189282944650316,2.0
1771585746.6033947,6,109,2400000.0,0.004769630514999999,8.231806349783991e-11,0.0,1.0,16.18107170553497,46.0,29.496792928171057,0.13189282944650316,2.0
1771585746.6119986,6,110,2400000.0,0.004769630514999999,8.231806349783991e-11,0.0,1.0,16.18107170553497,46.0,29.496792928171057,0.13189282944650316,2.0
1771585746.619939,6,111,2400000.0,0.004769630514999999,8.231806349783991e-11,0.0,1.0,16.18107170553497,46.0,29.496792928171057,0.13189282944650316,2.0
1771585746.6280944,6,112,2400000.0,0.004769630514999999,8.231806349783991e-11,0.0,1.0,16.18107170553497,46.0,29.496792928171057,0.13189282944650316,2.0
1771585746.6363084,6,113,2400000.0,0.004769630514999999,8.231806349783991e-11,0.0,1.0,16.18107170553497,46.0,29.496792928171057,0.13189282944650316,2.0
1771585746.6447747,6,114,2400000.0,0.004769630514999999,8.231806349783991e-11,0.0,1.0,16.18107170553497,46.0,29.496792928171057,0.13189282944650316,2.0
1771585746.653093,6,115,2400000.0,0.004769630514999999,8.231806349783991e-11,0.0,1.0,16.18107170553497,46.0,29.496792928171057,0.13189282944650316,2.0
1771585746.6613483,6,116,2400000.0,0.004769630514999999,8.231806349783991e-11,0.0,1.0,16.18107170553497,46.0,29.496792928171057,0.13189282944650316,2.0
1771585746.6694453,6,117,2400000.0,0.004769630514999999,8.231806349783991e-11,0.0,1.0,16.18107170553497,46.0,29.496792928171057,0.13189282944650316,2.0
1771585746.6776948,6,118,2400000.0,0.004769630514999999,8.231806349783991e-11,0.0,1.0,16.18107170553497,46.0,29.496792928171057,0.13189282944650316,2.0
1771585746.6857843,6,119,2400000.0,0.004769630514999999,8.231806349783991e-11,0.0,1.0,16.18107170553497,46.0,29.496792928171057,0.13189282944650316,2.0
1771585746.6934628,6,120,2400000.0,0.004769630514999999,8.231806349783991e-11,0.0,1.0,16.18107170553497,46.0,29.496792928171057,0.13189282944650316,2.0
1771585746.7016282,6,121,2400000.0,0.004769630514999999,8.231806349783991e-11,0.0,1.0,16.18107170553497,46.0,29.496792928171057,0.13189282944650316,2.0
1771585746.7099483,6,122,2400000.0,0.004769630514999999,8.231806349783991e-11,0.0,1.0,16.18107170553497,46.0,29.496792928171057,0.13189282944650316,2.0
1771585746.7185214,6,123,2400000.0,0.004769630514999999,8.231806349783991e-11,0.0,1.0,16.18107170553497,46.0,29.496792928171057,0.13189282944650316,2.0
1771585746.727235,6,124,2400000.0,0.004769630514999999,8.231806349783991e-11,0.0,1.0,16.18107170553497,46.0,29.496792928171057,0.13189282944650316,2.0
1771585746.7355804,6,125,2400000.0,0.004769630514999999,8.231806349783991e-11,0.0,1.0,16.18107170553497,46.0,29.496792928171057,0.13189282944650316,2.0
1771585746.7445145,6,126,2400000.0,0.004769630514999999,8.231806349783991e-11,0.0,1.0,16.18107170553497,46.0,29.496792928171057,0.13189282944650316,2.0
1771585746.7528558,6,127,2400000.0,0.004769630514999999,8.231806349783991e-11,0.0,1.0,16.18107170553497,46.0,29.496792928171057,0.13189282944650316,2.0
1771585746.760901,6,128,2400000.0,0.004769630514999999,8.231806349783991e-11,0.0,1.0,16.18107170553497,46.0,29.496792928171057,0.13189282944650316,2.0
1771585746.7688184,6,129,2400000.0,0.004769630514999999,8.231806349783991e-11,0.0,1.0,16.18107170553497,46.0,29.496792928171057,0.13189282944650316,2.0
1771585746.7772648,6,130,2400000.0,0.004769630514999999,8.231806349783991e-11,0.0,1.0,16.18107170553497,46.0,29.496792928171057,0.13189282944650316,2.0
1771585746.7855597,6,131,2400000.0,0.004769630514999999,8.231806349783991e-11,0.0,1.0,16.18107170553497,46.0,29.496792928171057,0.13189282944650316,2.0
1771585746.7939088,6,132,2400000.0,0.004769630514999999,8.231806349783991e-11,0.0,1.0,16.18107170553497,46.0,29.496792928171057,0.13189282944650316,2.0
1771585746.802118,6,133,2400000.0,0.004769630514999999,8.231806349783991e-11,0.0,1.0,16.18107170553497,46.0,29.496792928171057,0.13189282944650316,2.0
1771585746.810743,6,134,2400000.0,0.004769630514999999,8.231806349783991e-11,0.0,1.0,16.18107170553497,46.0,29.496792928171057,0.13189282944650316,2.0
1771585746.8188705,6,135,2400000.0,0.004769630514999999,8.231806349783991e-11,0.0,1.0,16.18107170553497,46.0,29.496792928171057,0.13189282944650316,2.0
1771585746.8271136,6,136,2400000.0,0.004769630514999999,8.231806349783991e-11,0.0,1.0,16.18107170553497,46.0,29.496792928171057,0.13189282944650316,2.0
1771585746.8353298,6,137,2400000.0,0.004769630514999999,8.231806349783991e-11,0.0,1.0,16.18107170553497,46.0,29.496792928171057,0.13189282944650316,2.0
1771585746.8443902,6,138,2400000.0,0.004769630514999999,8.231806349783991e-11,0.0,1.0,16.18107170553497,46.0,29.496792928171057,0.13189282944650316,2.0
1771585746.8530126,6,139,2400000.0,0.004769630514999999,8.231806349783991e-11,0.0,1.0,16.18107170553497,46.0,29.496792928171057,0.13189282944650316,2.0
1771585746.862059,6,140,2400000.0,0.004769630514999999,8.231806349783991e-11,0.0,1.0,16.18107170553497,46.0,29.496792928171057,0.13189282944650316,2.0
1771585746.870358,6,141,2400000.0,0.004769630514999999,8.231806349783991e-11,0.0,1.0,16.18107170553497,46.0,29.496792928171057,0.13189282944650316,2.0
1771585746.8790824,6,142,2400000.0,0.004769630514999999,8.231806349783991e-11,0.0,1.0,16.18107170553497,46.0,29.496792928171057,0.13189282944650316,2.0
1771585746.887293,6,143,2400000.0,0.004769630514999999,8.231806349783991e-11,0.0,1.0,16.18107170553497,46.0,29.496792928171057,0.13189282944650316,2.0
1771585746.8954027,6,144,2400000.0,0.004769630514999999,8.231806349783991e-11,0.0,1.0,16.18107170553497,46.0,29.496792928171057,0.13189282944650316,2.0
1771585746.9038444,6,145,2400000.0,0.004769630514999999,8.231806349783991e-11,0.0,1.0,16.18107170553497,46.0,29.496792928171057,0.13189282944650316,2.0
1771585746.9122982,6,146,2400000.0,0.004769630514999999,8.231806349783991e-11,0.0,1.0,16.18107170553497,46.0,29.496792928171057,0.13189282944650316,2.0
1771585746.9207165,6,147,2400000.0,0.004769630514999999,8.231806349783991e-11,0.0,1.0,16.18107170553497,46.0,29.496792928171057,0.13189282944650316,2.0
1771585746.9290006,6,148,2400000.0,0.004769630514999999,8.231806349783991e-11,0.0,1.0,16.18107170553497,46.0,29.496792928171057,0.13189282944650316,2.0
1771585746.9373019,6,149,2400000.0,0.004769630514999999,8.231806349783991e-11,0.0,1.0,16.18107170553497,46.0,29.496792928171057,0.13189282944650316,2.0
1771585746.9458444,6,150,2400000.0,0.004769630514999999,8.231806349783991e-11,0.0,1.0,16.18107170553497,46.0,29.496792928171057,0.13189282944650316,2.0
1771585746.9541688,6,151,2400000.0,0.004769630514999999,8.231806349783991e-11,0.0,1.0,16.18107170553497,46.0,29.496792928171057,0.13189282944650316,2.0
1771585746.9628708,6,152,2400000.0,0.004769630514999999,8.231806349783991e-11,0.0,1.0,16.18107170553497,46.0,29.496792928171057,0.13189282944650316,2.0
1771585746.971299,6,153,2400000.0,0.004769630514999999,8.231806349783991e-11,0.0,1.0,16.18107170553497,46.0,29.496792928171057,0.13189282944650316,2.0
1771585746.980084,6,154,2400000.0,0.004769630514999999,8.231806349783991e-11,0.0,1.0,16.18107170553497,46.0,29.496792928171057,0.13189282944650316,2.0
1771585746.988328,6,155,2400000.0,0.004769630514999999,8.231806349783991e-11,0.0,1.0,16.18107170553497,46.0,29.496792928171057,0.13189282944650316,2.0
1771585746.9966185,6,156,2400000.0,0.004769630514999999,8.231806349783991e-11,0.0,1.0,16.18107170553497,46.0,29.496792928171057,0.13189282944650316,2.0
1771585747.0051663,6,157,2400000.0,0.004769630514999999,8.231806349783991e-11,0.0,1.0,16.18107170553497,46.0,29.496792928171057,0.13189282944650316,2.0
1771585747.0133984,6,158,2400000.0,0.004769630514999999,8.231806349783991e-11,0.0,1.0,16.18107170553497,46.0,29.496792928171057,0.13189282944650316,2.0
1771585747.021448,6,159,2400000.0,0.004769630514999999,8.231806349783991e-11,0.0,1.0,16.18107170553497,46.0,29.496792928171057,0.13189282944650316,2.0
1771585747.029933,6,160,2400000.0,0.004769630514999999,8.231806349783991e-11,0.0,1.0,16.18107170553497,46.0,29.496792928171057,0.13189282944650316,2.0
1771585747.038465,6,161,2400000.0,0.004769630514999999,8.231806349783991e-11,0.0,1.0,16.18107170553497,46.0,29.496792928171057,0.13189282944650316,2.0
1771585747.0469553,6,162,2400000.0,0.004769630514999999,8.231806349783991e-11,0.0,1.0,16.18107170553497,46.0,29.496792928171057,0.13189282944650316,2.0
1771585747.0551949,6,163,2400000.0,0.004769630514999999,8.231806349783991e-11,0.0,1.0,16.18107170553497,46.0,29.496792928171057,0.13189282944650316,2.0
1771585747.063661,6,164,2400000.0,0.004769630514999999,8.231806349783991e-11,0.0,1.0,16.18107170553497,46.0,29.496792928171057,0.13189282944650316,2.0
1771585747.071374,6,165,2400000.0,0.004769630514999999,8.231806349783991e-11,0.0,1.0,16.18107170553497,46.0,29.496792928171057,0.13189282944650316,2.0
1771585747.0797975,6,166,2400000.0,0.004769630514999999,8.231806349783991e-11,0.0,1.0,16.18107170553497,46.0,29.496792928171057,0.13189282944650316,2.0
1771585747.0877378,6,167,2400000.0,0.004769630514999999,8.231806349783991e-11,0.0,1.0,16.18107170553497,46.0,29.496792928171057,0.13189282944650316,2.0
1771585747.0958972,6,168,2400000.0,0.004769630514999999,8.231806349783991e-11,0.0,1.0,16.18107170553497,46.0,29.496792928171057,0.13189282944650316,2.0
1771585747.1040485,6,169,2400000.0,0.004769630514999999,8.231806349783991e-11,0.0,1.0,16.18107170553497,46.0,29.496792928171057,0.13189282944650316,2.0
1771585747.112518,6,170,2400000.0,0.004769630514999999,8.231806349783991e-11,0.0,1.0,16.18107170553497,46.0,29.496792928171057,0.13189282944650316,2.0
1771585747.120538,6,171,2400000.0,0.004769630514999999,8.231806349783991e-11,0.0,1.0,16.18107170553497,46.0,29.496792928171057,0.13189282944650316,2.0
1771585747.129053,6,172,2400000.0,0.004769630514999999,8.231806349783991e-11,0.0,1.0,16.18107170553497,46.0,29.496792928171057,0.13189282944650316,2.0
1771585747.1374128,6,173,2400000.0,0.004769630514999999,8.231806349783991e-11,0.0,1.0,16.18107170553497,46.0,29.496792928171057,0.13189282944650316,2.0
1771585747.1458335,6,174,2400000.0,0.004769630514999999,8.231806349783991e-11,0.0,1.0,16.18107170553497,46.0,29.496792928171057,0.13189282944650316,2.0
1771585747.153838,6,175,2400000.0,0.004769630514999999,8.231806349783991e-11,0.0,1.0,16.18107170553497,46.0,29.496792928171057,0.13189282944650316,2.0
1771585747.1621938,6,176,2400000.0,0.004769630514999999,8.231806349783991e-11,0.0,1.0,16.18107170553497,46.0,29.496792928171057,0.13189282944650316,2.0
1771585747.1702259,6,177,2400000.0,0.004769630514999999,8.231806349783991e-11,0.0,1.0,16.18107170553497,46.0,29.496792928171057,0.13189282944650316,2.0
1771585747.1787283,6,178,2400000.0,0.004769630514999999,8.231806349783991e-11,0.0,1.0,16.18107170553497,46.0,29.496792928171057,0.13189282944650316,2.0
1771585747.1866875,6,179,2400000.0,0.004769630514999999,8.231806349783991e-11,0.0,1.0,16.18107170553497,46.0,29.496792928171057,0.13189282944650316,2.0
1771585747.1947546,6,180,2400000.0,0.004769630514999999,8.231806349783991e-11,0.0,1.0,16.18107170553497,46.0,29.496792928171057,0.13189282944650316,2.0
1771585747.2030358,6,181,2400000.0,0.004769630514999999,8.231806349783991e-11,0.0,1.0,16.18107170553497,46.0,29.496792928171057,0.13189282944650316,2.0
1771585747.2112308,6,182,2400000.0,0.004769630514999999,8.231806349783991e-11,0.0,1.0,16.18107170553497,46.0,29.496792928171057,0.13189282944650316,2.0
1771585747.219016,6,183,2400000.0,0.004769630514999999,8.231806349783991e-11,0.0,1.0,16.18107170553497,46.0,29.496792928171057,0.13189282944650316,2.0
1771585747.2272394,6,184,2400000.0,0.004769630514999999,8.231806349783991e-11,0.0,1.0,16.18107170553497,46.0,29.496792928171057,0.13189282944650316,2.0
1771585747.235224,6,185,2400000.0,0.004769630514999999,8.231806349783991e-11,0.0,1.0,16.18107170553497,46.0,29.496792928171057,0.13189282944650316,2.0
1771585747.243312,6,186,2400000.0,0.004769630514999999,8.231806349783991e-11,0.0,1.0,16.18107170553497,46.0,29.496792928171057,0.13189282944650316,2.0
1771585747.2519803,6,187,2400000.0,0.004769630514999999,8.231806349783991e-11,0.0,1.0,16.18107170553497,46.0,29.496792928171057,0.13189282944650316,2.0
1771585747.2606103,6,188,2400000.0,0.004769630514999999,8.231806349783991e-11,0.0,1.0,16.18107170553497,46.0,29.496792928171057,0.13189282944650316,2.0
1771585747.2684128,6,189,2400000.0,0.004769630514999999,8.231806349783991e-11,0.0,1.0,16.18107170553497,46.0,29.496792928171057,0.13189282944650316,2.0
1771585747.2764063,6,190,2400000.0,0.004769630514999999,8.231806349783991e-11,0.0,1.0,16.18107170553497,46.0,29.496792928171057,0.13189282944650316,2.0
1771585747.2844045,6,191,2400000.0,0.004769630514999999,8.231806349783991e-11,0.0,1.0,16.18107170553497,46.0,29.496792928171057,0.13189282944650316,2.0
1771585747.2929277,6,192,2400000.0,0.004769630514999999,8.231806349783991e-11,0.0,1.0,16.18107170553497,46.0,29.496792928171057,0.13189282944650316,2.0
1771585747.301412,6,193,2400000.0,0.004769630514999999,8.231806349783991e-11,0.0,1.0,16.18107170553497,46.0,29.496792928171057,0.13189282944650316,2.0
1771585747.31019,6,194,2400000.0,0.004769630514999999,8.231806349783991e-11,0.0,1.0,16.18107170553497,46.0,29.496792928171057,0.13189282944650316,2.0
1771585747.3183064,6,195,2400000.0,0.004769630514999999,8.231806349783991e-11,0.0,1.0,16.18107170553497,46.0,29.496792928171057,0.13189282944650316,2.0
1771585747.3266187,6,196,2400000.0,0.004769630514999999,8.231806349783991e-11,0.0,1.0,16.18107170553497,46.0,29.496792928171057,0.13189282944650316,2.0
1771585747.3348362,6,197,2400000.0,0.004769630514999999,8.231806349783991e-11,0.0,1.0,16.18107170553497,46.0,29.496792928171057,0.13189282944650316,2.0
1771585747.3433857,6,198,2400000.0,0.004769630514999999,8.231806349783991e-11,0.0,1.0,16.18107170553497,46.0,29.496792928171057,0.13189282944650316,2.0
1771585747.3515868,6,199,2400000.0,0.004769630514999999,8.231806349783991e-11,0.0,1.0,16.18107170553497,46.0,29.496792928171057,0.13189282944650316,2.0
1771585747.359541,6,200,2400000.0,0.004769630514999999,8.231806349783991e-11,0.0,1.0,16.18107170553497,46.0,29.496792928171057,0.13189282944650316,2.0
1771585747.5513408,7,0,0.0,0.0,0.0,0.0,1.0,0.0,23.0,0.0,1.75,2.0
1771585747.56088,7,1,1920000.0,0.004769630514999999,8.231806349783991e-11,0.05882352941176472,1.0,16.18107170553497,46.0,29.496792928171057,-0.36810717055349684,2.0
1771585747.5694468,7,2,2400000.0,0.004769630514999999,8.231806349783991e-11,0.0,1.0,16.18107170553497,46.0,29.496792928171057,0.13189282944650316,2.0
1771585747.5778837,7,3,2400000.0,0.004769630514999999,8.231806349783991e-11,0.0,1.0,16.18107170553497,46.0,29.496792928171057,0.13189282944650316,2.0
1771585747.586073,7,4,2400000.0,0.004769630514999999,8.231806349783991e-11,0.0,1.0,16.18107170553497,46.0,29.496792928171057,0.13189282944650316,2.0
1771585747.5943403,7,5,2400000.0,0.004769630514999999,8.231806349783991e-11,0.0,1.0,16.18107170553497,46.0,29.496792928171057,0.13189282944650316,2.0
1771585747.6029322,7,6,2400000.0,0.004769630514999999,8.231806349783991e-11,0.0,1.0,16.18107170553497,46.0,29.496792928171057,0.13189282944650316,2.0
1771585747.6117964,7,7,2400000.0,0.004769630514999999,8.231806349783991e-11,0.0,1.0,16.18107170553497,46.0,29.496792928171057,0.13189282944650316,2.0
1771585747.6203036,7,8,2400000.0,0.004769630514999999,8.231806349783991e-11,0.0,1.0,16.18107170553497,46.0,29.496792928171057,0.13189282944650316,2.0
1771585747.6285827,7,9,2400000.0,0.004769630514999999,8.231806349783991e-11,0.0,1.0,16.18107170553497,46.0,29.496792928171057,0.13189282944650316,2.0
1771585747.6368518,7,10,2400000.0,0.004769630514999999,8.231806349783991e-11,0.0,1.0,16.18107170553497,46.0,29.496792928171057,0.13189282944650316,2.0
1771585747.6455996,7,11,2400000.0,0.004769630514999999,8.231806349783991e-11,0.0,1.0,16.18107170553497,46.0,29.496792928171057,0.13189282944650316,2.0
1771585747.6537652,7,12,2400000.0,0.004769630514999999,8.231806349783991e-11,0.0,1.0,16.18107170553497,46.0,29.496792928171057,0.13189282944650316,2.0
1771585747.6622539,7,13,2400000.0,0.004769630514999999,8.231806349783991e-11,0.0,1.0,16.18107170553497,46.0,29.496792928171057,0.13189282944650316,2.0
1771585747.6702576,7,14,2400000.0,0.004769630514999999,8.231806349783991e-11,0.0,1.0,16.18107170553497,46.0,29.496792928171057,0.13189282944650316,2.0
1771585747.6786203,7,15,2400000.0,0.004769630514999999,8.231806349783991e-11,0.0,1.0,16.18107170553497,46.0,29.496792928171057,0.13189282944650316,2.0
1771585747.687065,7,16,2400000.0,0.004769630514999999,8.231806349783991e-11,0.0,1.0,16.18107170553497,46.0,29.496792928171057,0.13189282944650316,2.0
1771585747.6956375,7,17,2400000.0,0.004769630514999999,8.231806349783991e-11,0.0,1.0,16.18107170553497,46.0,29.496792928171057,0.13189282944650316,2.0
1771585747.7041028,7,18,2400000.0,0.004769630514999999,8.231806349783991e-11,0.0,1.0,16.18107170553497,46.0,29.496792928171057,0.13189282944650316,2.0
1771585747.7128258,7,19,2400000.0,0.004769630514999999,8.231806349783991e-11,0.0,1.0,16.18107170553497,46.0,29.496792928171057,0.13189282944650316,2.0
1771585747.7210426,7,20,2400000.0,0.004769630514999999,8.231806349783991e-11,0.0,1.0,16.18107170553497,46.0,29.496792928171057,0.13189282944650316,2.0
1771585747.729055,7,21,2400000.0,0.004769630514999999,8.231806349783991e-11,0.0,1.0,16.18107170553497,46.0,29.496792928171057,0.13189282944650316,2.0
1771585747.738513,7,22,2400000.0,0.004769630514999999,8.231806349783991e-11,0.0,1.0,16.18107170553497,46.0,29.496792928171057,0.13189282944650316,2.0
1771585747.7473502,7,23,2400000.0,0.004769630514999999,8.231806349783991e-11,0.0,1.0,16.18107170553497,46.0,29.496792928171057,0.13189282944650316,2.0
1771585747.7555356,7,24,2400000.0,0.004769630514999999,8.231806349783991e-11,0.0,1.0,16.18107170553497,46.0,29.496792928171057,0.13189282944650316,2.0
1771585747.7637708,7,25,2400000.0,0.004769630514999999,8.231806349783991e-11,0.0,1.0,16.18107170553497,46.0,29.496792928171057,0.13189282944650316,2.0
1771585747.7765448,7,26,2400000.0,0.004769630514999999,8.231806349783991e-11,0.0,1.0,16.18107170553497,46.0,29.496792928171057,0.13189282944650316,2.0
1771585747.7855213,7,27,2400000.0,0.004769630514999999,8.231806349783991e-11,0.0,1.0,16.18107170553497,46.0,29.496792928171057,0.13189282944650316,2.0
1771585747.7937467,7,28,2400000.0,0.004769630514999999,8.231806349783991e-11,0.0,1.0,16.18107170553497,46.0,29.496792928171057,0.13189282944650316,2.0
1771585747.8018339,7,29,2400000.0,0.004769630514999999,8.231806349783991e-11,0.0,1.0,16.18107170553497,46.0,29.496792928171057,0.13189282944650316,2.0
1771585747.8097746,7,30,2400000.0,0.004769630514999999,8.231806349783991e-11,0.0,1.0,16.18107170553497,46.0,29.496792928171057,0.13189282944650316,2.0
1771585747.8177483,7,31,2400000.0,0.004769630514999999,8.231806349783991e-11,0.0,1.0,16.18107170553497,46.0,29.496792928171057,0.13189282944650316,2.0
1771585747.8260746,7,32,2400000.0,0.004769630514999999,8.231806349783991e-11,0.0,1.0,16.18107170553497,46.0,29.496792928171057,0.13189282944650316,2.0
1771585747.8345556,7,33,2400000.0,0.004769630514999999,8.231806349783991e-11,0.0,1.0,16.18107170553497,46.0,29.496792928171057,0.13189282944650316,2.0
1771585747.8427305,7,34,2400000.0,0.004769630514999999,8.231806349783991e-11,0.0,1.0,16.18107170553497,46.0,29.496792928171057,0.13189282944650316,2.0
1771585747.8509204,7,35,2400000.0,0.004769630514999999,8.231806349783991e-11,0.0,1.0,16.18107170553497,46.0,29.496792928171057,0.13189282944650316,2.0
1771585747.858697,7,36,2400000.0,0.004769630514999999,8.231806349783991e-11,0.0,1.0,16.18107170553497,46.0,29.496792928171057,0.13189282944650316,2.0
1771585747.866541,7,37,2400000.0,0.004769630514999999,8.231806349783991e-11,0.0,1.0,16.18107170553497,46.0,29.496792928171057,0.13189282944650316,2.0
1771585747.874786,7,38,2400000.0,0.004769630514999999,8.231806349783991e-11,0.0,1.0,16.18107170553497,46.0,29.496792928171057,0.13189282944650316,2.0
1771585747.882574,7,39,2400000.0,0.004769630514999999,8.231806349783991e-11,0.0,1.0,16.18107170553497,46.0,29.496792928171057,0.13189282944650316,2.0
1771585747.890722,7,40,2400000.0,0.004769630514999999,8.231806349783991e-11,0.0,1.0,16.18107170553497,46.0,29.496792928171057,0.13189282944650316,2.0
1771585747.8992584,7,41,2400000.0,0.004769630514999999,8.231806349783991e-11,0.0,1.0,16.18107170553497,46.0,29.496792928171057,0.13189282944650316,2.0
1771585747.907163,7,42,2400000.0,0.004769630514999999,8.231806349783991e-11,0.0,1.0,16.18107170553497,46.0,29.496792928171057,0.13189282944650316,2.0
1771585747.9158368,7,43,2400000.0,0.004769630514999999,8.231806349783991e-11,0.0,1.0,16.18107170553497,46.0,29.496792928171057,0.13189282944650316,2.0
1771585747.9240205,7,44,2400000.0,0.004769630514999999,8.231806349783991e-11,0.0,1.0,16.18107170553497,46.0,29.496792928171057,0.13189282944650316,2.0
1771585747.9321861,7,45,2400000.0,0.004769630514999999,8.231806349783991e-11,0.0,1.0,16.18107170553497,46.0,29.496792928171057,0.13189282944650316,2.0
1771585747.9404838,7,46,2400000.0,0.004769630514999999,8.231806349783991e-11,0.0,1.0,16.18107170553497,46.0,29.496792928171057,0.13189282944650316,2.0
1771585747.9483957,7,47,2400000.0,0.004769630514999999,8.231806349783991e-11,0.0,1.0,16.18107170553497,46.0,29.496792928171057,0.13189282944650316,2.0
1771585747.956344,7,48,2400000.0,0.004769630514999999,8.231806349783991e-11,0.0,1.0,16.18107170553497,46.0,29.496792928171057,0.13189282944650316,2.0
1771585747.9645953,7,49,2400000.0,0.004769630514999999,8.231806349783991e-11,0.0,1.0,16.18107170553497,46.0,29.496792928171057,0.13189282944650316,2.0
1771585747.973032,7,50,2400000.0,0.004769630514999999,8.231806349783991e-11,0.0,1.0,16.18107170553497,46.0,29.496792928171057,0.13189282944650316,2.0
1771585747.9811037,7,51,2400000.0,0.004769630514999999,8.231806349783991e-11,0.0,1.0,16.18107170553497,46.0,29.496792928171057,0.13189282944650316,2.0
1771585747.9893727,7,52,2400000.0,0.004769630514999999,8.231806349783991e-11,0.0,1.0,16.18107170553497,46.0,29.496792928171057,0.13189282944650316,2.0
1771585747.9978802,7,53,2400000.0,0.004769630514999999,8.231806349783991e-11,0.0,1.0,16.18107170553497,46.0,29.496792928171057,0.13189282944650316,2.0
1771585748.0055845,7,54,2400000.0,0.004769630514999999,8.231806349783991e-11,0.0,1.0,16.18107170553497,46.0,29.496792928171057,0.13189282944650316,2.0
1771585748.0142922,7,55,2400000.0,0.004769630514999999,8.231806349783991e-11,0.0,1.0,16.18107170553497,46.0,29.496792928171057,0.13189282944650316,2.0
1771585748.022281,7,56,2400000.0,0.004769630514999999,8.231806349783991e-11,0.0,1.0,16.18107170553497,46.0,29.496792928171057,0.13189282944650316,2.0
1771585748.030214,7,57,2400000.0,0.004769630514999999,8.231806349783991e-11,0.0,1.0,16.18107170553497,46.0,29.496792928171057,0.13189282944650316,2.0
1771585748.038128,7,58,2400000.0,0.004769630514999999,8.231806349783991e-11,0.0,1.0,16.18107170553497,46.0,29.496792928171057,0.13189282944650316,2.0
1771585748.04648,7,59,2400000.0,0.004769630514999999,8.231806349783991e-11,0.0,1.0,16.18107170553497,46.0,29.496792928171057,0.13189282944650316,2.0
1771585748.0547457,7,60,2400000.0,0.004769630514999999,8.231806349783991e-11,0.0,1.0,16.18107170553497,46.0,29.496792928171057,0.13189282944650316,2.0
1771585748.0628917,7,61,2400000.0,0.004769630514999999,8.231806349783991e-11,0.0,1.0,16.18107170553497,46.0,29.496792928171057,0.13189282944650316,2.0
1771585748.0708063,7,62,2400000.0,0.004769630514999999,8.231806349783991e-11,0.0,1.0,16.18107170553497,46.0,29.496792928171057,0.13189282944650316,2.0
1771585748.0786939,7,63,2400000.0,0.004769630514999999,8.231806349783991e-11,0.0,1.0,16.18107170553497,46.0,29.496792928171057,0.13189282944650316,2.0
1771585748.0867128,7,64,2400000.0,0.004769630514999999,8.231806349783991e-11,0.0,1.0,16.18107170553497,46.0,29.496792928171057,0.13189282944650316,2.0
1771585748.0946841,7,65,2400000.0,0.004769630514999999,8.231806349783991e-11,0.0,1.0,16.18107170553497,46.0,29.496792928171057,0.13189282944650316,2.0
1771585748.1024966,7,66,2400000.0,0.004769630514999999,8.231806349783991e-11,0.0,1.0,16.18107170553497,46.0,29.496792928171057,0.13189282944650316,2.0
1771585748.1106172,7,67,2400000.0,0.004769630514999999,8.231806349783991e-11,0.0,1.0,16.18107170553497,46.0,29.496792928171057,0.13189282944650316,2.0
1771585748.1183457,7,68,2400000.0,0.004769630514999999,8.231806349783991e-11,0.0,1.0,16.18107170553497,46.0,29.496792928171057,0.13189282944650316,2.0
1771585748.126282,7,69,2400000.0,0.004769630514999999,8.231806349783991e-11,0.0,1.0,16.18107170553497,46.0,29.496792928171057,0.13189282944650316,2.0
1771585748.1342373,7,70,2400000.0,0.004769630514999999,8.231806349783991e-11,0.0,1.0,16.18107170553497,46.0,29.496792928171057,0.13189282944650316,2.0
1771585748.1424437,7,71,2400000.0,0.004769630514999999,8.231806349783991e-11,0.0,1.0,16.18107170553497,46.0,29.496792928171057,0.13189282944650316,2.0
1771585748.1504505,7,72,2400000.0,0.004769630514999999,8.231806349783991e-11,0.0,1.0,16.18107170553497,46.0,29.496792928171057,0.13189282944650316,2.0
1771585748.1592171,7,73,2400000.0,0.004769630514999999,8.231806349783991e-11,0.0,1.0,16.18107170553497,46.0,29.496792928171057,0.13189282944650316,2.0
1771585748.1739924,7,74,2400000.0,0.004769630514999999,8.231806349783991e-11,0.0,1.0,16.18107170553497,46.0,29.496792928171057,0.13189282944650316,2.0
1771585748.1823926,7,75,2400000.0,0.004769630514999999,8.231806349783991e-11,0.0,1.0,16.18107170553497,46.0,29.496792928171057,0.13189282944650316,2.0
1771585748.1904917,7,76,2400000.0,0.004769630514999999,8.231806349783991e-11,0.0,1.0,16.18107170553497,46.0,29.496792928171057,0.13189282944650316,2.0
1771585748.198523,7,77,2400000.0,0.004769630514999999,8.231806349783991e-11,0.0,1.0,16.18107170553497,46.0,29.496792928171057,0.13189282944650316,2.0
1771585748.2064614,7,78,2400000.0,0.004769630514999999,8.231806349783991e-11,0.0,1.0,16.18107170553497,46.0,29.496792928171057,0.13189282944650316,2.0
1771585748.214598,7,79,2400000.0,0.004769630514999999,8.231806349783991e-11,0.0,1.0,16.18107170553497,46.0,29.496792928171057,0.13189282944650316,2.0
1771585748.222738,7,80,2400000.0,0.004769630514999999,8.231806349783991e-11,0.0,1.0,16.18107170553497,46.0,29.496792928171057,0.13189282944650316,2.0
1771585748.2306402,7,81,2400000.0,0.004769630514999999,8.231806349783991e-11,0.0,1.0,16.18107170553497,46.0,29.496792928171057,0.13189282944650316,2.0
1771585748.2385206,7,82,2400000.0,0.004769630514999999,8.231806349783991e-11,0.0,1.0,16.18107170553497,46.0,29.496792928171057,0.13189282944650316,2.0
1771585748.246398,7,83,2400000.0,0.004769630514999999,8.231806349783991e-11,0.0,1.0,16.18107170553497,46.0,29.496792928171057,0.13189282944650316,2.0
1771585748.2543495,7,84,2400000.0,0.004769630514999999,8.231806349783991e-11,0.0,1.0,16.18107170553497,46.0,29.496792928171057,0.13189282944650316,2.0
1771585748.2625217,7,85,2400000.0,0.004769630514999999,8.231806349783991e-11,0.0,1.0,16.18107170553497,46.0,29.496792928171057,0.13189282944650316,2.0
1771585748.2703354,7,86,2400000.0,0.004769630514999999,8.231806349783991e-11,0.0,1.0,16.18107170553497,46.0,29.496792928171057,0.13189282944650316,2.0
1771585748.2781346,7,87,2400000.0,0.004769630514999999,8.231806349783991e-11,0.0,1.0,16.18107170553497,46.0,29.496792928171057,0.13189282944650316,2.0
1771585748.285941,7,88,2400000.0,0.004769630514999999,8.231806349783991e-11,0.0,1.0,16.18107170553497,46.0,29.496792928171057,0.13189282944650316,2.0
1771585748.2938516,7,89,2400000.0,0.004769630514999999,8.231806349783991e-11,0.0,1.0,16.18107170553497,46.0,29.496792928171057,0.13189282944650316,2.0
1771585748.3018525,7,90,2400000.0,0.004769630514999999,8.231806349783991e-11,0.0,1.0,16.18107170553497,46.0,29.496792928171057,0.13189282944650316,2.0
1771585748.3104281,7,91,2400000.0,0.004769630514999999,8.231806349783991e-11,0.0,1.0,16.18107170553497,46.0,29.496792928171057,0.13189282944650316,2.0
1771585748.3186176,7,92,2400000.0,0.004769630514999999,8.231806349783991e-11,0.0,1.0,16.18107170553497,46.0,29.496792928171057,0.13189282944650316,2.0
1771585748.3267875,7,93,2400000.0,0.004769630514999999,8.231806349783991e-11,0.0,1.0,16.18107170553497,46.0,29.496792928171057,0.13189282944650316,2.0
1771585748.334897,7,94,2400000.0,0.004769630514999999,8.231806349783991e-11,0.0,1.0,16.18107170553497,46.0,29.496792928171057,0.13189282944650316,2.0
1771585748.3431554,7,95,2400000.0,0.004769630514999999,8.231806349783991e-11,0.0,1.0,16.18107170553497,46.0,29.496792928171057,0.13189282944650316,2.0
1771585748.3510025,7,96,2400000.0,0.004769630514999999,8.231806349783991e-11,0.0,1.0,16.18107170553497,46.0,29.496792928171057,0.13189282944650316,2.0
1771585748.3593328,7,97,2400000.0,0.004769630514999999,8.231806349783991e-11,0.0,1.0,16.18107170553497,46.0,29.496792928171057,0.13189282944650316,2.0
1771585748.3676834,7,98,2400000.0,0.004769630514999999,8.231806349783991e-11,0.0,1.0,16.18107170553497,46.0,29.496792928171057,0.13189282944650316,2.0
1771585748.3758833,7,99,2400000.0,0.004769630514999999,8.231806349783991e-11,0.0,1.0,16.18107170553497,46.0,29.496792928171057,0.13189282944650316,2.0
1771585748.3844676,7,100,2400000.0,0.004769630514999999,8.231806349783991e-11,0.0,1.0,16.18107170553497,46.0,29.496792928171057,0.13189282944650316,2.0
1771585748.3928373,7,101,2400000.0,0.004769630514999999,8.231806349783991e-11,0.0,1.0,16.18107170553497,46.0,29.496792928171057,0.13189282944650316,2.0
1771585748.4008183,7,102,2400000.0,0.004769630514999999,8.231806349783991e-11,0.0,1.0,16.18107170553497,46.0,29.496792928171057,0.13189282944650316,2.0
1771585748.4093537,7,103,2400000.0,0.004769630514999999,8.231806349783991e-11,0.0,1.0,16.18107170553497,46.0,29.496792928171057,0.13189282944650316,2.0
1771585748.4175045,7,104,2400000.0,0.004769630514999999,8.231806349783991e-11,0.0,1.0,16.18107170553497,46.0,29.496792928171057,0.13189282944650316,2.0
1771585748.425584,7,105,2400000.0,0.004769630514999999,8.231806349783991e-11,0.0,1.0,16.18107170553497,46.0,29.496792928171057,0.13189282944650316,2.0
1771585748.4338155,7,106,2400000.0,0.004769630514999999,8.231806349783991e-11,0.0,1.0,16.18107170553497,46.0,29.496792928171057,0.13189282944650316,2.0
1771585748.4416418,7,107,2400000.0,0.004769630514999999,8.231806349783991e-11,0.0,1.0,16.18107170553497,46.0,29.496792928171057,0.13189282944650316,2.0
1771585748.4496377,7,108,2400000.0,0.004769630514999999,8.231806349783991e-11,0.0,1.0,16.18107170553497,46.0,29.496792928171057,0.13189282944650316,2.0
1771585748.4577248,7,109,2400000.0,0.004769630514999999,8.231806349783991e-11,0.0,1.0,16.18107170553497,46.0,29.496792928171057,0.13189282944650316,2.0
1771585748.4656334,7,110,2400000.0,0.004769630514999999,8.231806349783991e-11,0.0,1.0,16.18107170553497,46.0,29.496792928171057,0.13189282944650316,2.0
1771585748.4739354,7,111,2400000.0,0.004769630514999999,8.231806349783991e-11,0.0,1.0,16.18107170553497,46.0,29.496792928171057,0.13189282944650316,2.0
1771585748.4819396,7,112,2400000.0,0.004769630514999999,8.231806349783991e-11,0.0,1.0,16.18107170553497,46.0,29.496792928171057,0.13189282944650316,2.0
1771585748.489821,7,113,2400000.0,0.004769630514999999,8.231806349783991e-11,0.0,1.0,16.18107170553497,46.0,29.496792928171057,0.13189282944650316,2.0
1771585748.4979193,7,114,2400000.0,0.004769630514999999,8.231806349783991e-11,0.0,1.0,16.18107170553497,46.0,29.496792928171057,0.13189282944650316,2.0
1771585748.5062687,7,115,2400000.0,0.004769630514999999,8.231806349783991e-11,0.0,1.0,16.18107170553497,46.0,29.496792928171057,0.13189282944650316,2.0
1771585748.5147457,7,116,2400000.0,0.004769630514999999,8.231806349783991e-11,0.0,1.0,16.18107170553497,46.0,29.496792928171057,0.13189282944650316,2.0
1771585748.522792,7,117,2400000.0,0.004769630514999999,8.231806349783991e-11,0.0,1.0,16.18107170553497,46.0,29.496792928171057,0.13189282944650316,2.0
1771585748.5309298,7,118,2400000.0,0.004769630514999999,8.231806349783991e-11,0.0,1.0,16.18107170553497,46.0,29.496792928171057,0.13189282944650316,2.0
1771585748.5391486,7,119,2400000.0,0.004769630514999999,8.231806349783991e-11,0.0,1.0,16.18107170553497,46.0,29.496792928171057,0.13189282944650316,2.0
1771585748.5473964,7,120,2400000.0,0.004769630514999999,8.231806349783991e-11,0.0,1.0,16.18107170553497,46.0,29.496792928171057,0.13189282944650316,2.0
1771585748.5553634,7,121,2400000.0,0.004769630514999999,8.231806349783991e-11,0.0,1.0,16.18107170553497,46.0,29.496792928171057,0.13189282944650316,2.0
1771585748.5638168,7,122,2400000.0,0.004769630514999999,8.231806349783991e-11,0.0,1.0,16.18107170553497,46.0,29.496792928171057,0.13189282944650316,2.0
1771585748.5715237,7,123,2400000.0,0.004769630514999999,8.231806349783991e-11,0.0,1.0,16.18107170553497,46.0,29.496792928171057,0.13189282944650316,2.0
1771585748.5796995,7,124,2400000.0,0.004769630514999999,8.231806349783991e-11,0.0,1.0,16.18107170553497,46.0,29.496792928171057,0.13189282944650316,2.0
1771585748.5877323,7,125,2400000.0,0.004769630514999999,8.231806349783991e-11,0.0,1.0,16.18107170553497,46.0,29.496792928171057,0.13189282944650316,2.0
1771585748.5956454,7,126,2400000.0,0.004769630514999999,8.231806349783991e-11,0.0,1.0,16.18107170553497,46.0,29.496792928171057,0.13189282944650316,2.0
1771585748.6038,7,127,2400000.0,0.004769630514999999,8.231806349783991e-11,0.0,1.0,16.18107170553497,46.0,29.496792928171057,0.13189282944650316,2.0
1771585748.611532,7,128,2400000.0,0.004769630514999999,8.231806349783991e-11,0.0,1.0,16.18107170553497,46.0,29.496792928171057,0.13189282944650316,2.0
1771585748.6192951,7,129,2400000.0,0.004769630514999999,8.231806349783991e-11,0.0,1.0,16.18107170553497,46.0,29.496792928171057,0.13189282944650316,2.0
1771585748.6273725,7,130,2400000.0,0.004769630514999999,8.231806349783991e-11,0.0,1.0,16.18107170553497,46.0,29.496792928171057,0.13189282944650316,2.0
1771585748.6350405,7,131,2400000.0,0.004769630514999999,8.231806349783991e-11,0.0,1.0,16.18107170553497,46.0,29.496792928171057,0.13189282944650316,2.0
1771585748.6429007,7,132,2400000.0,0.004769630514999999,8.231806349783991e-11,0.0,1.0,16.18107170553497,46.0,29.496792928171057,0.13189282944650316,2.0
1771585748.6508942,7,133,2400000.0,0.004769630514999999,8.231806349783991e-11,0.0,1.0,16.18107170553497,46.0,29.496792928171057,0.13189282944650316,2.0
1771585748.6588416,7,134,2400000.0,0.004769630514999999,8.231806349783991e-11,0.0,1.0,16.18107170553497,46.0,29.496792928171057,0.13189282944650316,2.0
1771585748.6665752,7,135,2400000.0,0.004769630514999999,8.231806349783991e-11,0.0,1.0,16.18107170553497,46.0,29.496792928171057,0.13189282944650316,2.0
1771585748.6744282,7,136,2400000.0,0.004769630514999999,8.231806349783991e-11,0.0,1.0,16.18107170553497,46.0,29.496792928171057,0.13189282944650316,2.0
1771585748.682253,7,137,2400000.0,0.004769630514999999,8.231806349783991e-11,0.0,1.0,16.18107170553497,46.0,29.496792928171057,0.13189282944650316,2.0
1771585748.689992,7,138,2400000.0,0.004769630514999999,8.231806349783991e-11,0.0,1.0,16.18107170553497,46.0,29.496792928171057,0.13189282944650316,2.0
1771585748.6978097,7,139,2400000.0,0.004769630514999999,8.231806349783991e-11,0.0,1.0,16.18107170553497,46.0,29.496792928171057,0.13189282944650316,2.0
1771585748.70545,7,140,2400000.0,0.004769630514999999,8.231806349783991e-11,0.0,1.0,16.18107170553497,46.0,29.496792928171057,0.13189282944650316,2.0
1771585748.7134628,7,141,2400000.0,0.004769630514999999,8.231806349783991e-11,0.0,1.0,16.18107170553497,46.0,29.496792928171057,0.13189282944650316,2.0
1771585748.7215698,7,142,2400000.0,0.004769630514999999,8.231806349783991e-11,0.0,1.0,16.18107170553497,46.0,29.496792928171057,0.13189282944650316,2.0
1771585748.7294543,7,143,2400000.0,0.004769630514999999,8.231806349783991e-11,0.0,1.0,16.18107170553497,46.0,29.496792928171057,0.13189282944650316,2.0
1771585748.7372522,7,144,2400000.0,0.004769630514999999,8.231806349783991e-11,0.0,1.0,16.18107170553497,46.0,29.496792928171057,0.13189282944650316,2.0
1771585748.7454126,7,145,2400000.0,0.004769630514999999,8.231806349783991e-11,0.0,1.0,16.18107170553497,46.0,29.496792928171057,0.13189282944650316,2.0
1771585748.7533689,7,146,2400000.0,0.004769630514999999,8.231806349783991e-11,0.0,1.0,16.18107170553497,46.0,29.496792928171057,0.13189282944650316,2.0
1771585748.7614074,7,147,2400000.0,0.004769630514999999,8.231806349783991e-11,0.0,1.0,16.18107170553497,46.0,29.496792928171057,0.13189282944650316,2.0
1771585748.7694347,7,148,2400000.0,0.004769630514999999,8.231806349783991e-11,0.0,1.0,16.18107170553497,46.0,29.496792928171057,0.13189282944650316,2.0
1771585748.7777824,7,149,2400000.0,0.004769630514999999,8.231806349783991e-11,0.0,1.0,16.18107170553497,46.0,29.496792928171057,0.13189282944650316,2.0
1771585748.785726,7,150,2400000.0,0.004769630514999999,8.231806349783991e-11,0.0,1.0,16.18107170553497,46.0,29.496792928171057,0.13189282944650316,2.0
1771585748.7938237,7,151,2400000.0,0.004769630514999999,8.231806349783991e-11,0.0,1.0,16.18107170553497,46.0,29.496792928171057,0.13189282944650316,2.0
1771585748.801703,7,152,2400000.0,0.004769630514999999,8.231806349783991e-11,0.0,1.0,16.18107170553497,46.0,29.496792928171057,0.13189282944650316,2.0
1771585748.8097618,7,153,2400000.0,0.004769630514999999,8.231806349783991e-11,0.0,1.0,16.18107170553497,46.0,29.496792928171057,0.13189282944650316,2.0
1771585748.8178446,7,154,2400000.0,0.004769630514999999,8.231806349783991e-11,0.0,1.0,16.18107170553497,46.0,29.496792928171057,0.13189282944650316,2.0
1771585748.8259048,7,155,2400000.0,0.004769630514999999,8.231806349783991e-11,0.0,1.0,16.18107170553497,46.0,29.496792928171057,0.13189282944650316,2.0
1771585748.8336184,7,156,2400000.0,0.004769630514999999,8.231806349783991e-11,0.0,1.0,16.18107170553497,46.0,29.496792928171057,0.13189282944650316,2.0
1771585748.8417869,7,157,2400000.0,0.004769630514999999,8.231806349783991e-11,0.0,1.0,16.18107170553497,46.0,29.496792928171057,0.13189282944650316,2.0
1771585748.8500526,7,158,2400000.0,0.004769630514999999,8.231806349783991e-11,0.0,1.0,16.18107170553497,46.0,29.496792928171057,0.13189282944650316,2.0
1771585748.8583715,7,159,2400000.0,0.004769630514999999,8.231806349783991e-11,0.0,1.0,16.18107170553497,46.0,29.496792928171057,0.13189282944650316,2.0
1771585748.866443,7,160,2400000.0,0.004769630514999999,8.231806349783991e-11,0.0,1.0,16.18107170553497,46.0,29.496792928171057,0.13189282944650316,2.0
1771585748.8747835,7,161,2400000.0,0.004769630514999999,8.231806349783991e-11,0.0,1.0,16.18107170553497,46.0,29.496792928171057,0.13189282944650316,2.0
1771585748.8828762,7,162,2400000.0,0.004769630514999999,8.231806349783991e-11,0.0,1.0,16.18107170553497,46.0,29.496792928171057,0.13189282944650316,2.0
1771585748.8910294,7,163,2400000.0,0.004769630514999999,8.231806349783991e-11,0.0,1.0,16.18107170553497,46.0,29.496792928171057,0.13189282944650316,2.0
1771585748.8994434,7,164,2400000.0,0.004769630514999999,8.231806349783991e-11,0.0,1.0,16.18107170553497,46.0,29.496792928171057,0.13189282944650316,2.0
1771585748.907938,7,165,2400000.0,0.004769630514999999,8.231806349783991e-11,0.0,1.0,16.18107170553497,46.0,29.496792928171057,0.13189282944650316,2.0
1771585748.9206963,7,166,2400000.0,0.004769630514999999,8.231806349783991e-11,0.0,1.0,16.18107170553497,46.0,29.496792928171057,0.13189282944650316,2.0
1771585748.929093,7,167,2400000.0,0.004769630514999999,8.231806349783991e-11,0.0,1.0,16.18107170553497,46.0,29.496792928171057,0.13189282944650316,2.0
1771585748.9369638,7,168,2400000.0,0.004769630514999999,8.231806349783991e-11,0.0,1.0,16.18107170553497,46.0,29.496792928171057,0.13189282944650316,2.0
1771585748.945407,7,169,2400000.0,0.004769630514999999,8.231806349783991e-11,0.0,1.0,16.18107170553497,46.0,29.496792928171057,0.13189282944650316,2.0
1771585748.9538336,7,170,2400000.0,0.004769630514999999,8.231806349783991e-11,0.0,1.0,16.18107170553497,46.0,29.496792928171057,0.13189282944650316,2.0
1771585748.9615855,7,171,2400000.0,0.004769630514999999,8.231806349783991e-11,0.0,1.0,16.18107170553497,46.0,29.496792928171057,0.13189282944650316,2.0
1771585748.9697278,7,172,2400000.0,0.004769630514999999,8.231806349783991e-11,0.0,1.0,16.18107170553497,46.0,29.496792928171057,0.13189282944650316,2.0
1771585748.9778798,7,173,2400000.0,0.004769630514999999,8.231806349783991e-11,0.0,1.0,16.18107170553497,46.0,29.496792928171057,0.13189282944650316,2.0
1771585748.9858313,7,174,2400000.0,0.004769630514999999,8.231806349783991e-11,0.0,1.0,16.18107170553497,46.0,29.496792928171057,0.13189282944650316,2.0
1771585748.9939175,7,175,2400000.0,0.004769630514999999,8.231806349783991e-11,0.0,1.0,16.18107170553497,46.0,29.496792928171057,0.13189282944650316,2.0
1771585749.0043123,7,176,2400000.0,0.004769630514999999,8.231806349783991e-11,0.0,1.0,16.18107170553497,46.0,29.496792928171057,0.13189282944650316,2.0
1771585749.0155907,7,177,2400000.0,0.004769630514999999,8.231806349783991e-11,0.0,1.0,16.18107170553497,46.0,29.496792928171057,0.13189282944650316,2.0
1771585749.0303931,7,178,2400000.0,0.004769630514999999,8.231806349783991e-11,0.0,1.0,16.18107170553497,46.0,29.496792928171057,0.13189282944650316,2.0
1771585749.0397,7,179,2400000.0,0.004769630514999999,8.231806349783991e-11,0.0,1.0,16.18107170553497,46.0,29.496792928171057,0.13189282944650316,2.0
1771585749.0586402,7,180,2400000.0,0.004769630514999999,8.231806349783991e-11,0.0,1.0,16.18107170553497,46.0,29.496792928171057,0.13189282944650316,2.0
1771585749.0678782,7,181,2400000.0,0.004769630514999999,8.231806349783991e-11,0.0,1.0,16.18107170553497,46.0,29.496792928171057,0.13189282944650316,2.0
1771585749.0764675,7,182,2400000.0,0.004769630514999999,8.231806349783991e-11,0.0,1.0,16.18107170553497,46.0,29.496792928171057,0.13189282944650316,2.0
1771585749.0862415,7,183,2400000.0,0.004769630514999999,8.231806349783991e-11,0.0,1.0,16.18107170553497,46.0,29.496792928171057,0.13189282944650316,2.0
1771585749.0949988,7,184,2400000.0,0.004769630514999999,8.231806349783991e-11,0.0,1.0,16.18107170553497,46.0,29.496792928171057,0.13189282944650316,2.0
1771585749.1034245,7,185,2400000.0,0.004769630514999999,8.231806349783991e-11,0.0,1.0,16.18107170553497,46.0,29.496792928171057,0.13189282944650316,2.0
1771585749.1126587,7,186,2400000.0,0.004769630514999999,8.231806349783991e-11,0.0,1.0,16.18107170553497,46.0,29.496792928171057,0.13189282944650316,2.0
1771585749.1219463,7,187,2400000.0,0.004769630514999999,8.231806349783991e-11,0.0,1.0,16.18107170553497,46.0,29.496792928171057,0.13189282944650316,2.0
1771585749.1320567,7,188,2400000.0,0.004769630514999999,8.231806349783991e-11,0.0,1.0,16.18107170553497,46.0,29.496792928171057,0.13189282944650316,2.0
1771585749.140693,7,189,2400000.0,0.004769630514999999,8.231806349783991e-11,0.0,1.0,16.18107170553497,46.0,29.496792928171057,0.13189282944650316,2.0
1771585749.1496665,7,190,2400000.0,0.004769630514999999,8.231806349783991e-11,0.0,1.0,16.18107170553497,46.0,29.496792928171057,0.13189282944650316,2.0
1771585749.1584632,7,191,2400000.0,0.004769630514999999,8.231806349783991e-11,0.0,1.0,16.18107170553497,46.0,29.496792928171057,0.13189282944650316,2.0
1771585749.16797,7,192,2400000.0,0.004769630514999999,8.231806349783991e-11,0.0,1.0,16.18107170553497,46.0,29.496792928171057,0.13189282944650316,2.0
1771585749.1772554,7,193,2400000.0,0.004769630514999999,8.231806349783991e-11,0.0,1.0,16.18107170553497,46.0,29.496792928171057,0.13189282944650316,2.0
1771585749.1860843,7,194,2400000.0,0.004769630514999999,8.231806349783991e-11,0.0,1.0,16.18107170553497,46.0,29.496792928171057,0.13189282944650316,2.0
1771585749.2022667,7,195,2400000.0,0.004769630514999999,8.231806349783991e-11,0.0,1.0,16.18107170553497,46.0,29.496792928171057,0.13189282944650316,2.0
1771585749.2166033,7,196,2400000.0,0.004769630514999999,8.231806349783991e-11,0.0,1.0,16.18107170553497,46.0,29.496792928171057,0.13189282944650316,2.0
1771585749.2299244,7,197,2400000.0,0.004769630514999999,8.231806349783991e-11,0.0,1.0,16.18107170553497,46.0,29.496792928171057,0.13189282944650316,2.0
1771585749.2418692,7,198,2400000.0,0.004769630514999999,8.231806349783991e-11,0.0,1.0,16.18107170553497,46.0,29.496792928171057,0.13189282944650316,2.0
1771585749.2590408,7,199,2400000.0,0.004769630514999999,8.231806349783991e-11,0.0,1.0,16.18107170553497,46.0,29.496792928171057,0.13189282944650316,2.0
1771585749.267803,7,200,2400000.0,0.004769630514999999,8.231806349783991e-11,0.0,1.0,16.18107170553497,46.0,29.496792928171057,0.13189282944650316,2.0
1771585749.48361,8,0,0.0,0.0,0.0,0.0,1.0,0.0,23.0,0.0,1.75,2.0
1771585749.4938772,8,1,1920000.0,0.004769630514999999,8.231806349783991e-11,0.05882352941176472,1.0,16.18107170553497,46.0,29.496792928171057,-0.36810717055349684,2.0
1771585749.5025756,8,2,2400000.0,0.004769630514999999,8.231806349783991e-11,0.0,1.0,16.18107170553497,46.0,29.496792928171057,0.13189282944650316,2.0
1771585749.512281,8,3,2400000.0,0.004769630514999999,8.231806349783991e-11,0.0,1.0,16.18107170553497,46.0,29.496792928171057,0.13189282944650316,2.0
1771585749.5207975,8,4,2400000.0,0.004769630514999999,8.231806349783991e-11,0.0,1.0,16.18107170553497,46.0,29.496792928171057,0.13189282944650316,2.0
1771585749.529335,8,5,2400000.0,0.004769630514999999,8.231806349783991e-11,0.0,1.0,16.18107170553497,46.0,29.496792928171057,0.13189282944650316,2.0
1771585749.538481,8,6,2400000.0,0.004769630514999999,8.231806349783991e-11,0.0,1.0,16.18107170553497,46.0,29.496792928171057,0.13189282944650316,2.0
1771585749.5490735,8,7,2400000.0,0.004769630514999999,8.231806349783991e-11,0.0,1.0,16.18107170553497,46.0,29.496792928171057,0.13189282944650316,2.0
1771585749.5574954,8,8,2400000.0,0.004769630514999999,8.231806349783991e-11,0.0,1.0,16.18107170553497,46.0,29.496792928171057,0.13189282944650316,2.0
1771585749.5701213,8,9,2400000.0,0.004769630514999999,8.231806349783991e-11,0.0,1.0,16.18107170553497,46.0,29.496792928171057,0.13189282944650316,2.0
1771585749.5798838,8,10,2400000.0,0.004769630514999999,8.231806349783991e-11,0.0,1.0,16.18107170553497,46.0,29.496792928171057,0.13189282944650316,2.0
1771585749.5881963,8,11,2400000.0,0.004769630514999999,8.231806349783991e-11,0.0,1.0,16.18107170553497,46.0,29.496792928171057,0.13189282944650316,2.0
1771585749.5967884,8,12,2400000.0,0.004769630514999999,8.231806349783991e-11,0.0,1.0,16.18107170553497,46.0,29.496792928171057,0.13189282944650316,2.0
1771585749.6052437,8,13,2400000.0,0.004769630514999999,8.231806349783991e-11,0.0,1.0,16.18107170553497,46.0,29.496792928171057,0.13189282944650316,2.0
1771585749.6141546,8,14,2400000.0,0.004769630514999999,8.231806349783991e-11,0.0,1.0,16.18107170553497,46.0,29.496792928171057,0.13189282944650316,2.0
1771585749.622354,8,15,2400000.0,0.004769630514999999,8.231806349783991e-11,0.0,1.0,16.18107170553497,46.0,29.496792928171057,0.13189282944650316,2.0
1771585749.6311336,8,16,2400000.0,0.004769630514999999,8.231806349783991e-11,0.0,1.0,16.18107170553497,46.0,29.496792928171057,0.13189282944650316,2.0
1771585749.641048,8,17,2400000.0,0.004769630514999999,8.231806349783991e-11,0.0,1.0,16.18107170553497,46.0,29.496792928171057,0.13189282944650316,2.0
1771585749.650261,8,18,2400000.0,0.004769630514999999,8.231806349783991e-11,0.0,1.0,16.18107170553497,46.0,29.496792928171057,0.13189282944650316,2.0
1771585749.6593118,8,19,2400000.0,0.004769630514999999,8.231806349783991e-11,0.0,1.0,16.18107170553497,46.0,29.496792928171057,0.13189282944650316,2.0
1771585749.6678088,8,20,2400000.0,0.004769630514999999,8.231806349783991e-11,0.0,1.0,16.18107170553497,46.0,29.496792928171057,0.13189282944650316,2.0
1771585749.676912,8,21,2400000.0,0.004769630514999999,8.231806349783991e-11,0.0,1.0,16.18107170553497,46.0,29.496792928171057,0.13189282944650316,2.0
1771585749.6908772,8,22,2400000.0,0.004769630514999999,8.231806349783991e-11,0.0,1.0,16.18107170553497,46.0,29.496792928171057,0.13189282944650316,2.0
1771585749.7031965,8,23,2400000.0,0.004769630514999999,8.231806349783991e-11,0.0,1.0,16.18107170553497,46.0,29.496792928171057,0.13189282944650316,2.0
1771585749.7115633,8,24,2400000.0,0.004769630514999999,8.231806349783991e-11,0.0,1.0,16.18107170553497,46.0,29.496792928171057,0.13189282944650316,2.0
1771585749.7200747,8,25,2400000.0,0.004769630514999999,8.231806349783991e-11,0.0,1.0,16.18107170553497,46.0,29.496792928171057,0.13189282944650316,2.0
1771585749.7305682,8,26,2400000.0,0.004769630514999999,8.231806349783991e-11,0.0,1.0,16.18107170553497,46.0,29.496792928171057,0.13189282944650316,2.0
1771585749.741751,8,27,2400000.0,0.004769630514999999,8.231806349783991e-11,0.0,1.0,16.18107170553497,46.0,29.496792928171057,0.13189282944650316,2.0
1771585749.7535322,8,28,2400000.0,0.004769630514999999,8.231806349783991e-11,0.0,1.0,16.18107170553497,46.0,29.496792928171057,0.13189282944650316,2.0
1771585749.761626,8,29,2400000.0,0.004769630514999999,8.231806349783991e-11,0.0,1.0,16.18107170553497,46.0,29.496792928171057,0.13189282944650316,2.0
1771585749.7692468,8,30,2400000.0,0.004769630514999999,8.231806349783991e-11,0.0,1.0,16.18107170553497,46.0,29.496792928171057,0.13189282944650316,2.0
1771585749.7800462,8,31,2400000.0,0.004769630514999999,8.231806349783991e-11,0.0,1.0,16.18107170553497,46.0,29.496792928171057,0.13189282944650316,2.0
1771585749.787938,8,32,2400000.0,0.004769630514999999,8.231806349783991e-11,0.0,1.0,16.18107170553497,46.0,29.496792928171057,0.13189282944650316,2.0
1771585749.7959056,8,33,2400000.0,0.004769630514999999,8.231806349783991e-11,0.0,1.0,16.18107170553497,46.0,29.496792928171057,0.13189282944650316,2.0
1771585749.8039026,8,34,2400000.0,0.004769630514999999,8.231806349783991e-11,0.0,1.0,16.18107170553497,46.0,29.496792928171057,0.13189282944650316,2.0
1771585749.8121972,8,35,2400000.0,0.004769630514999999,8.231806349783991e-11,0.0,1.0,16.18107170553497,46.0,29.496792928171057,0.13189282944650316,2.0
1771585749.8201373,8,36,2400000.0,0.004769630514999999,8.231806349783991e-11,0.0,1.0,16.18107170553497,46.0,29.496792928171057,0.13189282944650316,2.0
1771585749.8285472,8,37,2400000.0,0.004769630514999999,8.231806349783991e-11,0.0,1.0,16.18107170553497,46.0,29.496792928171057,0.13189282944650316,2.0
1771585749.836835,8,38,2400000.0,0.004769630514999999,8.231806349783991e-11,0.0,1.0,16.18107170553497,46.0,29.496792928171057,0.13189282944650316,2.0
1771585749.84523,8,39,2400000.0,0.004769630514999999,8.231806349783991e-11,0.0,1.0,16.18107170553497,46.0,29.496792928171057,0.13189282944650316,2.0
1771585749.8532999,8,40,2400000.0,0.004769630514999999,8.231806349783991e-11,0.0,1.0,16.18107170553497,46.0,29.496792928171057,0.13189282944650316,2.0
1771585749.86178,8,41,2400000.0,0.004769630514999999,8.231806349783991e-11,0.0,1.0,16.18107170553497,46.0,29.496792928171057,0.13189282944650316,2.0
1771585749.8700116,8,42,2400000.0,0.004769630514999999,8.231806349783991e-11,0.0,1.0,16.18107170553497,46.0,29.496792928171057,0.13189282944650316,2.0
1771585749.8785632,8,43,2400000.0,0.004769630514999999,8.231806349783991e-11,0.0,1.0,16.18107170553497,46.0,29.496792928171057,0.13189282944650316,2.0
1771585749.887019,8,44,2400000.0,0.004769630514999999,8.231806349783991e-11,0.0,1.0,16.18107170553497,46.0,29.496792928171057,0.13189282944650316,2.0
1771585749.8953507,8,45,2400000.0,0.004769630514999999,8.231806349783991e-11,0.0,1.0,16.18107170553497,46.0,29.496792928171057,0.13189282944650316,2.0
1771585749.9034822,8,46,2400000.0,0.004769630514999999,8.231806349783991e-11,0.0,1.0,16.18107170553497,46.0,29.496792928171057,0.13189282944650316,2.0
1771585749.911512,8,47,2400000.0,0.004769630514999999,8.231806349783991e-11,0.0,1.0,16.18107170553497,46.0,29.496792928171057,0.13189282944650316,2.0
1771585749.91924,8,48,2400000.0,0.004769630514999999,8.231806349783991e-11,0.0,1.0,16.18107170553497,46.0,29.496792928171057,0.13189282944650316,2.0
1771585749.9272692,8,49,2400000.0,0.004769630514999999,8.231806349783991e-11,0.0,1.0,16.18107170553497,46.0,29.496792928171057,0.13189282944650316,2.0
1771585749.9353936,8,50,2400000.0,0.004769630514999999,8.231806349783991e-11,0.0,1.0,16.18107170553497,46.0,29.496792928171057,0.13189282944650316,2.0
1771585749.9434404,8,51,2400000.0,0.004769630514999999,8.231806349783991e-11,0.0,1.0,16.18107170553497,46.0,29.496792928171057,0.13189282944650316,2.0
1771585749.9514089,8,52,2400000.0,0.004769630514999999,8.231806349783991e-11,0.0,1.0,16.18107170553497,46.0,29.496792928171057,0.13189282944650316,2.0
1771585749.9592245,8,53,2400000.0,0.004769630514999999,8.231806349783991e-11,0.0,1.0,16.18107170553497,46.0,29.496792928171057,0.13189282944650316,2.0
1771585749.967253,8,54,2400000.0,0.004769630514999999,8.231806349783991e-11,0.0,1.0,16.18107170553497,46.0,29.496792928171057,0.13189282944650316,2.0
1771585749.976042,8,55,2400000.0,0.004769630514999999,8.231806349783991e-11,0.0,1.0,16.18107170553497,46.0,29.496792928171057,0.13189282944650316,2.0
1771585749.9843733,8,56,2400000.0,0.004769630514999999,8.231806349783991e-11,0.0,1.0,16.18107170553497,46.0,29.496792928171057,0.13189282944650316,2.0
1771585749.9927404,8,57,2400000.0,0.004769630514999999,8.231806349783991e-11,0.0,1.0,16.18107170553497,46.0,29.496792928171057,0.13189282944650316,2.0
1771585750.0012636,8,58,2400000.0,0.004769630514999999,8.231806349783991e-11,0.0,1.0,16.18107170553497,46.0,29.496792928171057,0.13189282944650316,2.0
1771585750.0100923,8,59,2400000.0,0.004769630514999999,8.231806349783991e-11,0.0,1.0,16.18107170553497,46.0,29.496792928171057,0.13189282944650316,2.0
1771585750.0180202,8,60,2400000.0,0.004769630514999999,8.231806349783991e-11,0.0,1.0,16.18107170553497,46.0,29.496792928171057,0.13189282944650316,2.0
1771585750.0266414,8,61,2400000.0,0.004769630514999999,8.231806349783991e-11,0.0,1.0,16.18107170553497,46.0,29.496792928171057,0.13189282944650316,2.0
1771585750.0351899,8,62,2400000.0,0.004769630514999999,8.231806349783991e-11,0.0,1.0,16.18107170553497,46.0,29.496792928171057,0.13189282944650316,2.0
1771585750.045411,8,63,2400000.0,0.004769630514999999,8.231806349783991e-11,0.0,1.0,16.18107170553497,46.0,29.496792928171057,0.13189282944650316,2.0
1771585750.053831,8,64,2400000.0,0.004769630514999999,8.231806349783991e-11,0.0,1.0,16.18107170553497,46.0,29.496792928171057,0.13189282944650316,2.0
1771585750.0621443,8,65,2400000.0,0.004769630514999999,8.231806349783991e-11,0.0,1.0,16.18107170553497,46.0,29.496792928171057,0.13189282944650316,2.0
1771585750.0702283,8,66,2400000.0,0.004769630514999999,8.231806349783991e-11,0.0,1.0,16.18107170553497,46.0,29.496792928171057,0.13189282944650316,2.0
1771585750.0791245,8,67,2400000.0,0.004769630514999999,8.231806349783991e-11,0.0,1.0,16.18107170553497,46.0,29.496792928171057,0.13189282944650316,2.0
1771585750.0876665,8,68,2400000.0,0.004769630514999999,8.231806349783991e-11,0.0,1.0,16.18107170553497,46.0,29.496792928171057,0.13189282944650316,2.0
1771585750.0959105,8,69,2400000.0,0.004769630514999999,8.231806349783991e-11,0.0,1.0,16.18107170553497,46.0,29.496792928171057,0.13189282944650316,2.0
1771585750.1042094,8,70,2400000.0,0.004769630514999999,8.231806349783991e-11,0.0,1.0,16.18107170553497,46.0,29.496792928171057,0.13189282944650316,2.0
1771585750.1133192,8,71,2400000.0,0.004769630514999999,8.231806349783991e-11,0.0,1.0,16.18107170553497,46.0,29.496792928171057,0.13189282944650316,2.0
1771585750.121585,8,72,2400000.0,0.004769630514999999,8.231806349783991e-11,0.0,1.0,16.18107170553497,46.0,29.496792928171057,0.13189282944650316,2.0
1771585750.1303918,8,73,2400000.0,0.004769630514999999,8.231806349783991e-11,0.0,1.0,16.18107170553497,46.0,29.496792928171057,0.13189282944650316,2.0
1771585750.138963,8,74,2400000.0,0.004769630514999999,8.231806349783991e-11,0.0,1.0,16.18107170553497,46.0,29.496792928171057,0.13189282944650316,2.0
1771585750.1543703,8,75,2400000.0,0.004769630514999999,8.231806349783991e-11,0.0,1.0,16.18107170553497,46.0,29.496792928171057,0.13189282944650316,2.0
1771585750.1643932,8,76,2400000.0,0.004769630514999999,8.231806349783991e-11,0.0,1.0,16.18107170553497,46.0,29.496792928171057,0.13189282944650316,2.0
1771585750.1800501,8,77,2400000.0,0.004769630514999999,8.231806349783991e-11,0.0,1.0,16.18107170553497,46.0,29.496792928171057,0.13189282944650316,2.0
1771585750.1881866,8,78,2400000.0,0.004769630514999999,8.231806349783991e-11,0.0,1.0,16.18107170553497,46.0,29.496792928171057,0.13189282944650316,2.0
1771585750.1997464,8,79,2400000.0,0.004769630514999999,8.231806349783991e-11,0.0,1.0,16.18107170553497,46.0,29.496792928171057,0.13189282944650316,2.0
1771585750.2161767,8,80,2400000.0,0.004769630514999999,8.231806349783991e-11,0.0,1.0,16.18107170553497,46.0,29.496792928171057,0.13189282944650316,2.0
1771585750.22791,8,81,2400000.0,0.004769630514999999,8.231806349783991e-11,0.0,1.0,16.18107170553497,46.0,29.496792928171057,0.13189282944650316,2.0
1771585750.2362368,8,82,2400000.0,0.004769630514999999,8.231806349783991e-11,0.0,1.0,16.18107170553497,46.0,29.496792928171057,0.13189282944650316,2.0
1771585750.2460861,8,83,2400000.0,0.004769630514999999,8.231806349783991e-11,0.0,1.0,16.18107170553497,46.0,29.496792928171057,0.13189282944650316,2.0
1771585750.2558398,8,84,2400000.0,0.004769630514999999,8.231806349783991e-11,0.0,1.0,16.18107170553497,46.0,29.496792928171057,0.13189282944650316,2.0
1771585750.2730598,8,85,2400000.0,0.004769630514999999,8.231806349783991e-11,0.0,1.0,16.18107170553497,46.0,29.496792928171057,0.13189282944650316,2.0
1771585750.2822902,8,86,2400000.0,0.004769630514999999,8.231806349783991e-11,0.0,1.0,16.18107170553497,46.0,29.496792928171057,0.13189282944650316,2.0
1771585750.2909834,8,87,2400000.0,0.004769630514999999,8.231806349783991e-11,0.0,1.0,16.18107170553497,46.0,29.496792928171057,0.13189282944650316,2.0
1771585750.306687,8,88,2400000.0,0.004769630514999999,8.231806349783991e-11,0.0,1.0,16.18107170553497,46.0,29.496792928171057,0.13189282944650316,2.0
1771585750.3163068,8,89,2400000.0,0.004769630514999999,8.231806349783991e-11,0.0,1.0,16.18107170553497,46.0,29.496792928171057,0.13189282944650316,2.0
1771585750.3251176,8,90,2400000.0,0.004769630514999999,8.231806349783991e-11,0.0,1.0,16.18107170553497,46.0,29.496792928171057,0.13189282944650316,2.0
1771585750.3351634,8,91,2400000.0,0.004769630514999999,8.231806349783991e-11,0.0,1.0,16.18107170553497,46.0,29.496792928171057,0.13189282944650316,2.0
1771585750.344932,8,92,2400000.0,0.004769630514999999,8.231806349783991e-11,0.0,1.0,16.18107170553497,46.0,29.496792928171057,0.13189282944650316,2.0
1771585750.3535,8,93,2400000.0,0.004769630514999999,8.231806349783991e-11,0.0,1.0,16.18107170553497,46.0,29.496792928171057,0.13189282944650316,2.0
1771585750.3639498,8,94,2400000.0,0.004769630514999999,8.231806349783991e-11,0.0,1.0,16.18107170553497,46.0,29.496792928171057,0.13189282944650316,2.0
1771585750.3723705,8,95,2400000.0,0.004769630514999999,8.231806349783991e-11,0.0,1.0,16.18107170553497,46.0,29.496792928171057,0.13189282944650316,2.0
1771585750.3817203,8,96,2400000.0,0.004769630514999999,8.231806349783991e-11,0.0,1.0,16.18107170553497,46.0,29.496792928171057,0.13189282944650316,2.0
1771585750.390156,8,97,2400000.0,0.004769630514999999,8.231806349783991e-11,0.0,1.0,16.18107170553497,46.0,29.496792928171057,0.13189282944650316,2.0
1771585750.399775,8,98,2400000.0,0.004769630514999999,8.231806349783991e-11,0.0,1.0,16.18107170553497,46.0,29.496792928171057,0.13189282944650316,2.0
1771585750.4082854,8,99,2400000.0,0.004769630514999999,8.231806349783991e-11,0.0,1.0,16.18107170553497,46.0,29.496792928171057,0.13189282944650316,2.0
1771585750.4228442,8,100,2400000.0,0.004769630514999999,8.231806349783991e-11,0.0,1.0,16.18107170553497,46.0,29.496792928171057,0.13189282944650316,2.0
1771585750.4316401,8,101,2400000.0,0.004769630514999999,8.231806349783991e-11,0.0,1.0,16.18107170553497,46.0,29.496792928171057,0.13189282944650316,2.0
1771585750.4398625,8,102,2400000.0,0.004769630514999999,8.231806349783991e-11,0.0,1.0,16.18107170553497,46.0,29.496792928171057,0.13189282944650316,2.0
1771585750.4543447,8,103,2400000.0,0.004769630514999999,8.231806349783991e-11,0.0,1.0,16.18107170553497,46.0,29.496792928171057,0.13189282944650316,2.0
1771585750.4740062,8,104,2400000.0,0.004769630514999999,8.231806349783991e-11,0.0,1.0,16.18107170553497,46.0,29.496792928171057,0.13189282944650316,2.0
1771585750.4894552,8,105,2400000.0,0.004769630514999999,8.231806349783991e-11,0.0,1.0,16.18107170553497,46.0,29.496792928171057,0.13189282944650316,2.0
1771585750.4984128,8,106,2400000.0,0.004769630514999999,8.231806349783991e-11,0.0,1.0,16.18107170553497,46.0,29.496792928171057,0.13189282944650316,2.0
1771585750.5068643,8,107,2400000.0,0.004769630514999999,8.231806349783991e-11,0.0,1.0,16.18107170553497,46.0,29.496792928171057,0.13189282944650316,2.0
1771585750.5182512,8,108,2400000.0,0.004769630514999999,8.231806349783991e-11,0.0,1.0,16.18107170553497,46.0,29.496792928171057,0.13189282944650316,2.0
1771585750.5268743,8,109,2400000.0,0.004769630514999999,8.231806349783991e-11,0.0,1.0,16.18107170553497,46.0,29.496792928171057,0.13189282944650316,2.0
1771585750.5360308,8,110,2400000.0,0.004769630514999999,8.231806349783991e-11,0.0,1.0,16.18107170553497,46.0,29.496792928171057,0.13189282944650316,2.0
1771585750.5449224,8,111,2400000.0,0.004769630514999999,8.231806349783991e-11,0.0,1.0,16.18107170553497,46.0,29.496792928171057,0.13189282944650316,2.0
1771585750.5534244,8,112,2400000.0,0.004769630514999999,8.231806349783991e-11,0.0,1.0,16.18107170553497,46.0,29.496792928171057,0.13189282944650316,2.0
1771585750.5622058,8,113,2400000.0,0.004769630514999999,8.231806349783991e-11,0.0,1.0,16.18107170553497,46.0,29.496792928171057,0.13189282944650316,2.0
1771585750.570831,8,114,2400000.0,0.004769630514999999,8.231806349783991e-11,0.0,1.0,16.18107170553497,46.0,29.496792928171057,0.13189282944650316,2.0
1771585750.5802095,8,115,2400000.0,0.004769630514999999,8.231806349783991e-11,0.0,1.0,16.18107170553497,46.0,29.496792928171057,0.13189282944650316,2.0
1771585750.5891051,8,116,2400000.0,0.004769630514999999,8.231806349783991e-11,0.0,1.0,16.18107170553497,46.0,29.496792928171057,0.13189282944650316,2.0
1771585750.5983121,8,117,2400000.0,0.004769630514999999,8.231806349783991e-11,0.0,1.0,16.18107170553497,46.0,29.496792928171057,0.13189282944650316,2.0
1771585750.6076298,8,118,2400000.0,0.004769630514999999,8.231806349783991e-11,0.0,1.0,16.18107170553497,46.0,29.496792928171057,0.13189282944650316,2.0
1771585750.6170747,8,119,2400000.0,0.004769630514999999,8.231806349783991e-11,0.0,1.0,16.18107170553497,46.0,29.496792928171057,0.13189282944650316,2.0
1771585750.6262543,8,120,2400000.0,0.004769630514999999,8.231806349783991e-11,0.0,1.0,16.18107170553497,46.0,29.496792928171057,0.13189282944650316,2.0
1771585750.635343,8,121,2400000.0,0.004769630514999999,8.231806349783991e-11,0.0,1.0,16.18107170553497,46.0,29.496792928171057,0.13189282944650316,2.0
1771585750.646107,8,122,2400000.0,0.004769630514999999,8.231806349783991e-11,0.0,1.0,16.18107170553497,46.0,29.496792928171057,0.13189282944650316,2.0
1771585750.657486,8,123,2400000.0,0.004769630514999999,8.231806349783991e-11,0.0,1.0,16.18107170553497,46.0,29.496792928171057,0.13189282944650316,2.0
1771585750.6666152,8,124,2400000.0,0.004769630514999999,8.231806349783991e-11,0.0,1.0,16.18107170553497,46.0,29.496792928171057,0.13189282944650316,2.0
1771585750.6760395,8,125,2400000.0,0.004769630514999999,8.231806349783991e-11,0.0,1.0,16.18107170553497,46.0,29.496792928171057,0.13189282944650316,2.0
1771585750.690863,8,126,2400000.0,0.004769630514999999,8.231806349783991e-11,0.0,1.0,16.18107170553497,46.0,29.496792928171057,0.13189282944650316,2.0
1771585750.699449,8,127,2400000.0,0.004769630514999999,8.231806349783991e-11,0.0,1.0,16.18107170553497,46.0,29.496792928171057,0.13189282944650316,2.0
1771585750.708706,8,128,2400000.0,0.004769630514999999,8.231806349783991e-11,0.0,1.0,16.18107170553497,46.0,29.496792928171057,0.13189282944650316,2.0
1771585750.7179275,8,129,2400000.0,0.004769630514999999,8.231806349783991e-11,0.0,1.0,16.18107170553497,46.0,29.496792928171057,0.13189282944650316,2.0
1771585750.7332416,8,130,2400000.0,0.004769630514999999,8.231806349783991e-11,0.0,1.0,16.18107170553497,46.0,29.496792928171057,0.13189282944650316,2.0
1771585750.7421117,8,131,2400000.0,0.004769630514999999,8.231806349783991e-11,0.0,1.0,16.18107170553497,46.0,29.496792928171057,0.13189282944650316,2.0
1771585750.7508264,8,132,2400000.0,0.004769630514999999,8.231806349783991e-11,0.0,1.0,16.18107170553497,46.0,29.496792928171057,0.13189282944650316,2.0
1771585750.7596757,8,133,2400000.0,0.004769630514999999,8.231806349783991e-11,0.0,1.0,16.18107170553497,46.0,29.496792928171057,0.13189282944650316,2.0
1771585750.7686565,8,134,2400000.0,0.004769630514999999,8.231806349783991e-11,0.0,1.0,16.18107170553497,46.0,29.496792928171057,0.13189282944650316,2.0
1771585750.777569,8,135,2400000.0,0.004769630514999999,8.231806349783991e-11,0.0,1.0,16.18107170553497,46.0,29.496792928171057,0.13189282944650316,2.0
1771585750.7861986,8,136,2400000.0,0.004769630514999999,8.231806349783991e-11,0.0,1.0,16.18107170553497,46.0,29.496792928171057,0.13189282944650316,2.0
1771585750.7946858,8,137,2400000.0,0.004769630514999999,8.231806349783991e-11,0.0,1.0,16.18107170553497,46.0,29.496792928171057,0.13189282944650316,2.0
1771585750.8037324,8,138,2400000.0,0.004769630514999999,8.231806349783991e-11,0.0,1.0,16.18107170553497,46.0,29.496792928171057,0.13189282944650316,2.0
1771585750.812945,8,139,2400000.0,0.004769630514999999,8.231806349783991e-11,0.0,1.0,16.18107170553497,46.0,29.496792928171057,0.13189282944650316,2.0
1771585750.8212464,8,140,2400000.0,0.004769630514999999,8.231806349783991e-11,0.0,1.0,16.18107170553497,46.0,29.496792928171057,0.13189282944650316,2.0
1771585750.829824,8,141,2400000.0,0.004769630514999999,8.231806349783991e-11,0.0,1.0,16.18107170553497,46.0,29.496792928171057,0.13189282944650316,2.0
1771585750.8383229,8,142,2400000.0,0.004769630514999999,8.231806349783991e-11,0.0,1.0,16.18107170553497,46.0,29.496792928171057,0.13189282944650316,2.0
1771585750.8471205,8,143,2400000.0,0.004769630514999999,8.231806349783991e-11,0.0,1.0,16.18107170553497,46.0,29.496792928171057,0.13189282944650316,2.0
1771585750.8556027,8,144,2400000.0,0.004769630514999999,8.231806349783991e-11,0.0,1.0,16.18107170553497,46.0,29.496792928171057,0.13189282944650316,2.0
1771585750.8722134,8,145,2400000.0,0.004769630514999999,8.231806349783991e-11,0.0,1.0,16.18107170553497,46.0,29.496792928171057,0.13189282944650316,2.0
1771585750.8842292,8,146,2400000.0,0.004769630514999999,8.231806349783991e-11,0.0,1.0,16.18107170553497,46.0,29.496792928171057,0.13189282944650316,2.0
1771585750.8930178,8,147,2400000.0,0.004769630514999999,8.231806349783991e-11,0.0,1.0,16.18107170553497,46.0,29.496792928171057,0.13189282944650316,2.0
1771585750.9013736,8,148,2400000.0,0.004769630514999999,8.231806349783991e-11,0.0,1.0,16.18107170553497,46.0,29.496792928171057,0.13189282944650316,2.0
1771585750.9102502,8,149,2400000.0,0.004769630514999999,8.231806349783991e-11,0.0,1.0,16.18107170553497,46.0,29.496792928171057,0.13189282944650316,2.0
1771585750.9187882,8,150,2400000.0,0.004769630514999999,8.231806349783991e-11,0.0,1.0,16.18107170553497,46.0,29.496792928171057,0.13189282944650316,2.0
1771585750.9358356,8,151,2400000.0,0.004769630514999999,8.231806349783991e-11,0.0,1.0,16.18107170553497,46.0,29.496792928171057,0.13189282944650316,2.0
1771585750.944472,8,152,2400000.0,0.004769630514999999,8.231806349783991e-11,0.0,1.0,16.18107170553497,46.0,29.496792928171057,0.13189282944650316,2.0
1771585750.952469,8,153,2400000.0,0.004769630514999999,8.231806349783991e-11,0.0,1.0,16.18107170553497,46.0,29.496792928171057,0.13189282944650316,2.0
1771585750.9606779,8,154,2400000.0,0.004769630514999999,8.231806349783991e-11,0.0,1.0,16.18107170553497,46.0,29.496792928171057,0.13189282944650316,2.0
1771585750.9686053,8,155,2400000.0,0.004769630514999999,8.231806349783991e-11,0.0,1.0,16.18107170553497,46.0,29.496792928171057,0.13189282944650316,2.0
1771585750.9772003,8,156,2400000.0,0.004769630514999999,8.231806349783991e-11,0.0,1.0,16.18107170553497,46.0,29.496792928171057,0.13189282944650316,2.0
1771585750.9858809,8,157,2400000.0,0.004769630514999999,8.231806349783991e-11,0.0,1.0,16.18107170553497,46.0,29.496792928171057,0.13189282944650316,2.0
1771585750.994096,8,158,2400000.0,0.004769630514999999,8.231806349783991e-11,0.0,1.0,16.18107170553497,46.0,29.496792928171057,0.13189282944650316,2.0
1771585751.002889,8,159,2400000.0,0.004769630514999999,8.231806349783991e-11,0.0,1.0,16.18107170553497,46.0,29.496792928171057,0.13189282944650316,2.0
1771585751.0117433,8,160,2400000.0,0.004769630514999999,8.231806349783991e-11,0.0,1.0,16.18107170553497,46.0,29.496792928171057,0.13189282944650316,2.0
1771585751.01995,8,161,2400000.0,0.004769630514999999,8.231806349783991e-11,0.0,1.0,16.18107170553497,46.0,29.496792928171057,0.13189282944650316,2.0
1771585751.0282977,8,162,2400000.0,0.004769630514999999,8.231806349783991e-11,0.0,1.0,16.18107170553497,46.0,29.496792928171057,0.13189282944650316,2.0
1771585751.036722,8,163,2400000.0,0.004769630514999999,8.231806349783991e-11,0.0,1.0,16.18107170553497,46.0,29.496792928171057,0.13189282944650316,2.0
1771585751.0465202,8,164,2400000.0,0.004769630514999999,8.231806349783991e-11,0.0,1.0,16.18107170553497,46.0,29.496792928171057,0.13189282944650316,2.0
1771585751.0568233,8,165,2400000.0,0.004769630514999999,8.231806349783991e-11,0.0,1.0,16.18107170553497,46.0,29.496792928171057,0.13189282944650316,2.0
1771585751.0668871,8,166,2400000.0,0.004769630514999999,8.231806349783991e-11,0.0,1.0,16.18107170553497,46.0,29.496792928171057,0.13189282944650316,2.0
1771585751.0753381,8,167,2400000.0,0.004769630514999999,8.231806349783991e-11,0.0,1.0,16.18107170553497,46.0,29.496792928171057,0.13189282944650316,2.0
1771585751.083924,8,168,2400000.0,0.004769630514999999,8.231806349783991e-11,0.0,1.0,16.18107170553497,46.0,29.496792928171057,0.13189282944650316,2.0
1771585751.0923297,8,169,2400000.0,0.004769630514999999,8.231806349783991e-11,0.0,1.0,16.18107170553497,46.0,29.496792928171057,0.13189282944650316,2.0
1771585751.1008298,8,170,2400000.0,0.004769630514999999,8.231806349783991e-11,0.0,1.0,16.18107170553497,46.0,29.496792928171057,0.13189282944650316,2.0
1771585751.1096547,8,171,2400000.0,0.004769630514999999,8.231806349783991e-11,0.0,1.0,16.18107170553497,46.0,29.496792928171057,0.13189282944650316,2.0
1771585751.1183157,8,172,2400000.0,0.004769630514999999,8.231806349783991e-11,0.0,1.0,16.18107170553497,46.0,29.496792928171057,0.13189282944650316,2.0
1771585751.1282313,8,173,2400000.0,0.004769630514999999,8.231806349783991e-11,0.0,1.0,16.18107170553497,46.0,29.496792928171057,0.13189282944650316,2.0
1771585751.1368277,8,174,2400000.0,0.004769630514999999,8.231806349783991e-11,0.0,1.0,16.18107170553497,46.0,29.496792928171057,0.13189282944650316,2.0
1771585751.145359,8,175,2400000.0,0.004769630514999999,8.231806349783991e-11,0.0,1.0,16.18107170553497,46.0,29.496792928171057,0.13189282944650316,2.0
1771585751.153456,8,176,2400000.0,0.004769630514999999,8.231806349783991e-11,0.0,1.0,16.18107170553497,46.0,29.496792928171057,0.13189282944650316,2.0
1771585751.1621742,8,177,2400000.0,0.004769630514999999,8.231806349783991e-11,0.0,1.0,16.18107170553497,46.0,29.496792928171057,0.13189282944650316,2.0
1771585751.1705298,8,178,2400000.0,0.004769630514999999,8.231806349783991e-11,0.0,1.0,16.18107170553497,46.0,29.496792928171057,0.13189282944650316,2.0
1771585751.1799455,8,179,2400000.0,0.004769630514999999,8.231806349783991e-11,0.0,1.0,16.18107170553497,46.0,29.496792928171057,0.13189282944650316,2.0
1771585751.188406,8,180,2400000.0,0.004769630514999999,8.231806349783991e-11,0.0,1.0,16.18107170553497,46.0,29.496792928171057,0.13189282944650316,2.0
1771585751.1968908,8,181,2400000.0,0.004769630514999999,8.231806349783991e-11,0.0,1.0,16.18107170553497,46.0,29.496792928171057,0.13189282944650316,2.0
1771585751.2050893,8,182,2400000.0,0.004769630514999999,8.231806349783991e-11,0.0,1.0,16.18107170553497,46.0,29.496792928171057,0.13189282944650316,2.0
1771585751.2138438,8,183,2400000.0,0.004769630514999999,8.231806349783991e-11,0.0,1.0,16.18107170553497,46.0,29.496792928171057,0.13189282944650316,2.0
1771585751.2222893,8,184,2400000.0,0.004769630514999999,8.231806349783991e-11,0.0,1.0,16.18107170553497,46.0,29.496792928171057,0.13189282944650316,2.0
1771585751.2312784,8,185,2400000.0,0.004769630514999999,8.231806349783991e-11,0.0,1.0,16.18107170553497,46.0,29.496792928171057,0.13189282944650316,2.0
1771585751.2396846,8,186,2400000.0,0.004769630514999999,8.231806349783991e-11,0.0,1.0,16.18107170553497,46.0,29.496792928171057,0.13189282944650316,2.0
1771585751.249185,8,187,2400000.0,0.004769630514999999,8.231806349783991e-11,0.0,1.0,16.18107170553497,46.0,29.496792928171057,0.13189282944650316,2.0
1771585751.257521,8,188,2400000.0,0.004769630514999999,8.231806349783991e-11,0.0,1.0,16.18107170553497,46.0,29.496792928171057,0.13189282944650316,2.0
1771585751.2659075,8,189,2400000.0,0.004769630514999999,8.231806349783991e-11,0.0,1.0,16.18107170553497,46.0,29.496792928171057,0.13189282944650316,2.0
1771585751.273927,8,190,2400000.0,0.004769630514999999,8.231806349783991e-11,0.0,1.0,16.18107170553497,46.0,29.496792928171057,0.13189282944650316,2.0
1771585751.2827697,8,191,2400000.0,0.004769630514999999,8.231806349783991e-11,0.0,1.0,16.18107170553497,46.0,29.496792928171057,0.13189282944650316,2.0
1771585751.2911806,8,192,2400000.0,0.004769630514999999,8.231806349783991e-11,0.0,1.0,16.18107170553497,46.0,29.496792928171057,0.13189282944650316,2.0
1771585751.2998862,8,193,2400000.0,0.004769630514999999,8.231806349783991e-11,0.0,1.0,16.18107170553497,46.0,29.496792928171057,0.13189282944650316,2.0
1771585751.3098109,8,194,2400000.0,0.004769630514999999,8.231806349783991e-11,0.0,1.0,16.18107170553497,46.0,29.496792928171057,0.13189282944650316,2.0
1771585751.320741,8,195,2400000.0,0.004769630514999999,8.231806349783991e-11,0.0,1.0,16.18107170553497,46.0,29.496792928171057,0.13189282944650316,2.0
1771585751.330188,8,196,2400000.0,0.004769630514999999,8.231806349783991e-11,0.0,1.0,16.18107170553497,46.0,29.496792928171057,0.13189282944650316,2.0
1771585751.3384817,8,197,2400000.0,0.004769630514999999,8.231806349783991e-11,0.0,1.0,16.18107170553497,46.0,29.496792928171057,0.13189282944650316,2.0
1771585751.3474667,8,198,2400000.0,0.004769630514999999,8.231806349783991e-11,0.0,1.0,16.18107170553497,46.0,29.496792928171057,0.13189282944650316,2.0
1771585751.355781,8,199,2400000.0,0.004769630514999999,8.231806349783991e-11,0.0,1.0,16.18107170553497,46.0,29.496792928171057,0.13189282944650316,2.0
1771585751.3638418,8,200,2400000.0,0.004769630514999999,8.231806349783991e-11,0.0,1.0,16.18107170553497,46.0,29.496792928171057,0.13189282944650316,2.0
1771585751.570908,9,0,0.0,0.0,0.0,0.0,1.0,0.0,23.0,0.0,1.75,2.0
1771585751.5822089,9,1,1920000.0,0.004769630514999999,8.231806349783991e-11,0.05882352941176472,1.0,16.18107170553497,46.0,29.496792928171057,-0.36810717055349684,2.0
1771585751.5915897,9,2,2400000.0,0.004769630514999999,8.231806349783991e-11,0.0,1.0,16.18107170553497,46.0,29.496792928171057,0.13189282944650316,2.0
1771585751.6003132,9,3,2400000.0,0.004769630514999999,8.231806349783991e-11,0.0,1.0,16.18107170553497,46.0,29.496792928171057,0.13189282944650316,2.0
1771585751.6102169,9,4,2400000.0,0.004769630514999999,8.231806349783991e-11,0.0,1.0,16.18107170553497,46.0,29.496792928171057,0.13189282944650316,2.0
1771585751.6188223,9,5,2400000.0,0.004769630514999999,8.231806349783991e-11,0.0,1.0,16.18107170553497,46.0,29.496792928171057,0.13189282944650316,2.0
1771585751.6273055,9,6,2400000.0,0.004769630514999999,8.231806349783991e-11,0.0,1.0,16.18107170553497,46.0,29.496792928171057,0.13189282944650316,2.0
1771585751.6359193,9,7,2400000.0,0.004769630514999999,8.231806349783991e-11,0.0,1.0,16.18107170553497,46.0,29.496792928171057,0.13189282944650316,2.0
1771585751.6447756,9,8,2400000.0,0.004769630514999999,8.231806349783991e-11,0.0,1.0,16.18107170553497,46.0,29.496792928171057,0.13189282944650316,2.0
1771585751.6535513,9,9,2400000.0,0.004769630514999999,8.231806349783991e-11,0.0,1.0,16.18107170553497,46.0,29.496792928171057,0.13189282944650316,2.0
1771585751.662734,9,10,2400000.0,0.004769630514999999,8.231806349783991e-11,0.0,1.0,16.18107170553497,46.0,29.496792928171057,0.13189282944650316,2.0
1771585751.6718524,9,11,2400000.0,0.004769630514999999,8.231806349783991e-11,0.0,1.0,16.18107170553497,46.0,29.496792928171057,0.13189282944650316,2.0
1771585751.6799045,9,12,2400000.0,0.004769630514999999,8.231806349783991e-11,0.0,1.0,16.18107170553497,46.0,29.496792928171057,0.13189282944650316,2.0
1771585751.6881988,9,13,2400000.0,0.004769630514999999,8.231806349783991e-11,0.0,1.0,16.18107170553497,46.0,29.496792928171057,0.13189282944650316,2.0
1771585751.6970825,9,14,2400000.0,0.004769630514999999,8.231806349783991e-11,0.0,1.0,16.18107170553497,46.0,29.496792928171057,0.13189282944650316,2.0
1771585751.7052922,9,15,2400000.0,0.004769630514999999,8.231806349783991e-11,0.0,1.0,16.18107170553497,46.0,29.496792928171057,0.13189282944650316,2.0
1771585751.7140503,9,16,2400000.0,0.004769630514999999,8.231806349783991e-11,0.0,1.0,16.18107170553497,46.0,29.496792928171057,0.13189282944650316,2.0
1771585751.7223887,9,17,2400000.0,0.004769630514999999,8.231806349783991e-11,0.0,1.0,16.18107170553497,46.0,29.496792928171057,0.13189282944650316,2.0
1771585751.7311785,9,18,2400000.0,0.004769630514999999,8.231806349783991e-11,0.0,1.0,16.18107170553497,46.0,29.496792928171057,0.13189282944650316,2.0
1771585751.739708,9,19,2400000.0,0.004769630514999999,8.231806349783991e-11,0.0,1.0,16.18107170553497,46.0,29.496792928171057,0.13189282944650316,2.0
1771585751.748084,9,20,2400000.0,0.004769630514999999,8.231806349783991e-11,0.0,1.0,16.18107170553497,46.0,29.496792928171057,0.13189282944650316,2.0
1771585751.7560287,9,21,2400000.0,0.004769630514999999,8.231806349783991e-11,0.0,1.0,16.18107170553497,46.0,29.496792928171057,0.13189282944650316,2.0
1771585751.7648177,9,22,2400000.0,0.004769630514999999,8.231806349783991e-11,0.0,1.0,16.18107170553497,46.0,29.496792928171057,0.13189282944650316,2.0
1771585751.7729433,9,23,2400000.0,0.004769630514999999,8.231806349783991e-11,0.0,1.0,16.18107170553497,46.0,29.496792928171057,0.13189282944650316,2.0
1771585751.7818172,9,24,2400000.0,0.004769630514999999,8.231806349783991e-11,0.0,1.0,16.18107170553497,46.0,29.496792928171057,0.13189282944650316,2.0
1771585751.7902896,9,25,2400000.0,0.004769630514999999,8.231806349783991e-11,0.0,1.0,16.18107170553497,46.0,29.496792928171057,0.13189282944650316,2.0
1771585751.7995677,9,26,2400000.0,0.004769630514999999,8.231806349783991e-11,0.0,1.0,16.18107170553497,46.0,29.496792928171057,0.13189282944650316,2.0
1771585751.8083568,9,27,2400000.0,0.004769630514999999,8.231806349783991e-11,0.0,1.0,16.18107170553497,46.0,29.496792928171057,0.13189282944650316,2.0
1771585751.8171673,9,28,2400000.0,0.004769630514999999,8.231806349783991e-11,0.0,1.0,16.18107170553497,46.0,29.496792928171057,0.13189282944650316,2.0
1771585751.8257065,9,29,2400000.0,0.004769630514999999,8.231806349783991e-11,0.0,1.0,16.18107170553497,46.0,29.496792928171057,0.13189282944650316,2.0
1771585751.83377,9,30,2400000.0,0.004769630514999999,8.231806349783991e-11,0.0,1.0,16.18107170553497,46.0,29.496792928171057,0.13189282944650316,2.0
1771585751.8423653,9,31,2400000.0,0.004769630514999999,8.231806349783991e-11,0.0,1.0,16.18107170553497,46.0,29.496792928171057,0.13189282944650316,2.0
1771585751.850839,9,32,2400000.0,0.004769630514999999,8.231806349783991e-11,0.0,1.0,16.18107170553497,46.0,29.496792928171057,0.13189282944650316,2.0
1771585751.8587947,9,33,2400000.0,0.004769630514999999,8.231806349783991e-11,0.0,1.0,16.18107170553497,46.0,29.496792928171057,0.13189282944650316,2.0
1771585751.867207,9,34,2400000.0,0.004769630514999999,8.231806349783991e-11,0.0,1.0,16.18107170553497,46.0,29.496792928171057,0.13189282944650316,2.0
1771585751.8757463,9,35,2400000.0,0.004769630514999999,8.231806349783991e-11,0.0,1.0,16.18107170553497,46.0,29.496792928171057,0.13189282944650316,2.0
1771585751.8837867,9,36,2400000.0,0.004769630514999999,8.231806349783991e-11,0.0,1.0,16.18107170553497,46.0,29.496792928171057,0.13189282944650316,2.0
1771585751.892368,9,37,2400000.0,0.004769630514999999,8.231806349783991e-11,0.0,1.0,16.18107170553497,46.0,29.496792928171057,0.13189282944650316,2.0
1771585751.90062,9,38,2400000.0,0.004769630514999999,8.231806349783991e-11,0.0,1.0,16.18107170553497,46.0,29.496792928171057,0.13189282944650316,2.0
1771585751.9093227,9,39,2400000.0,0.004769630514999999,8.231806349783991e-11,0.0,1.0,16.18107170553497,46.0,29.496792928171057,0.13189282944650316,2.0
1771585751.9183757,9,40,2400000.0,0.004769630514999999,8.231806349783991e-11,0.0,1.0,16.18107170553497,46.0,29.496792928171057,0.13189282944650316,2.0
1771585751.9278266,9,41,2400000.0,0.004769630514999999,8.231806349783991e-11,0.0,1.0,16.18107170553497,46.0,29.496792928171057,0.13189282944650316,2.0
1771585751.936022,9,42,2400000.0,0.004769630514999999,8.231806349783991e-11,0.0,1.0,16.18107170553497,46.0,29.496792928171057,0.13189282944650316,2.0
1771585751.944662,9,43,2400000.0,0.004769630514999999,8.231806349783991e-11,0.0,1.0,16.18107170553497,46.0,29.496792928171057,0.13189282944650316,2.0
1771585751.9531825,9,44,2400000.0,0.004769630514999999,8.231806349783991e-11,0.0,1.0,16.18107170553497,46.0,29.496792928171057,0.13189282944650316,2.0
1771585751.961346,9,45,2400000.0,0.004769630514999999,8.231806349783991e-11,0.0,1.0,16.18107170553497,46.0,29.496792928171057,0.13189282944650316,2.0
1771585751.9695904,9,46,2400000.0,0.004769630514999999,8.231806349783991e-11,0.0,1.0,16.18107170553497,46.0,29.496792928171057,0.13189282944650316,2.0
1771585751.9782865,9,47,2400000.0,0.004769630514999999,8.231806349783991e-11,0.0,1.0,16.18107170553497,46.0,29.496792928171057,0.13189282944650316,2.0
1771585751.986543,9,48,2400000.0,0.004769630514999999,8.231806349783991e-11,0.0,1.0,16.18107170553497,46.0,29.496792928171057,0.13189282944650316,2.0
1771585751.994785,9,49,2400000.0,0.004769630514999999,8.231806349783991e-11,0.0,1.0,16.18107170553497,46.0,29.496792928171057,0.13189282944650316,2.0
1771585752.0032578,9,50,2400000.0,0.004769630514999999,8.231806349783991e-11,0.0,1.0,16.18107170553497,46.0,29.496792928171057,0.13189282944650316,2.0
1771585752.011372,9,51,2400000.0,0.004769630514999999,8.231806349783991e-11,0.0,1.0,16.18107170553497,46.0,29.496792928171057,0.13189282944650316,2.0
1771585752.0195923,9,52,2400000.0,0.004769630514999999,8.231806349783991e-11,0.0,1.0,16.18107170553497,46.0,29.496792928171057,0.13189282944650316,2.0
1771585752.0281703,9,53,2400000.0,0.004769630514999999,8.231806349783991e-11,0.0,1.0,16.18107170553497,46.0,29.496792928171057,0.13189282944650316,2.0
1771585752.0363598,9,54,2400000.0,0.004769630514999999,8.231806349783991e-11,0.0,1.0,16.18107170553497,46.0,29.496792928171057,0.13189282944650316,2.0
1771585752.0448446,9,55,2400000.0,0.004769630514999999,8.231806349783991e-11,0.0,1.0,16.18107170553497,46.0,29.496792928171057,0.13189282944650316,2.0
1771585752.0529697,9,56,2400000.0,0.004769630514999999,8.231806349783991e-11,0.0,1.0,16.18107170553497,46.0,29.496792928171057,0.13189282944650316,2.0
1771585752.0610874,9,57,2400000.0,0.004769630514999999,8.231806349783991e-11,0.0,1.0,16.18107170553497,46.0,29.496792928171057,0.13189282944650316,2.0
1771585752.0691853,9,58,2400000.0,0.004769630514999999,8.231806349783991e-11,0.0,1.0,16.18107170553497,46.0,29.496792928171057,0.13189282944650316,2.0
1771585752.0778346,9,59,2400000.0,0.004769630514999999,8.231806349783991e-11,0.0,1.0,16.18107170553497,46.0,29.496792928171057,0.13189282944650316,2.0
1771585752.0860105,9,60,2400000.0,0.004769630514999999,8.231806349783991e-11,0.0,1.0,16.18107170553497,46.0,29.496792928171057,0.13189282944650316,2.0
1771585752.0942857,9,61,2400000.0,0.004769630514999999,8.231806349783991e-11,0.0,1.0,16.18107170553497,46.0,29.496792928171057,0.13189282944650316,2.0
1771585752.102525,9,62,2400000.0,0.004769630514999999,8.231806349783991e-11,0.0,1.0,16.18107170553497,46.0,29.496792928171057,0.13189282944650316,2.0
1771585752.1111758,9,63,2400000.0,0.004769630514999999,8.231806349783991e-11,0.0,1.0,16.18107170553497,46.0,29.496792928171057,0.13189282944650316,2.0
1771585752.1192715,9,64,2400000.0,0.004769630514999999,8.231806349783991e-11,0.0,1.0,16.18107170553497,46.0,29.496792928171057,0.13189282944650316,2.0
1771585752.1276395,9,65,2400000.0,0.004769630514999999,8.231806349783991e-11,0.0,1.0,16.18107170553497,46.0,29.496792928171057,0.13189282944650316,2.0
1771585752.1361487,9,66,2400000.0,0.004769630514999999,8.231806349783991e-11,0.0,1.0,16.18107170553497,46.0,29.496792928171057,0.13189282944650316,2.0
1771585752.1449792,9,67,2400000.0,0.004769630514999999,8.231806349783991e-11,0.0,1.0,16.18107170553497,46.0,29.496792928171057,0.13189282944650316,2.0
1771585752.1532233,9,68,2400000.0,0.004769630514999999,8.231806349783991e-11,0.0,1.0,16.18107170553497,46.0,29.496792928171057,0.13189282944650316,2.0
1771585752.161421,9,69,2400000.0,0.004769630514999999,8.231806349783991e-11,0.0,1.0,16.18107170553497,46.0,29.496792928171057,0.13189282944650316,2.0
1771585752.1697853,9,70,2400000.0,0.004769630514999999,8.231806349783991e-11,0.0,1.0,16.18107170553497,46.0,29.496792928171057,0.13189282944650316,2.0
1771585752.1785207,9,71,2400000.0,0.004769630514999999,8.231806349783991e-11,0.0,1.0,16.18107170553497,46.0,29.496792928171057,0.13189282944650316,2.0
1771585752.1865263,9,72,2400000.0,0.004769630514999999,8.231806349783991e-11,0.0,1.0,16.18107170553497,46.0,29.496792928171057,0.13189282944650316,2.0
1771585752.195352,9,73,2400000.0,0.004769630514999999,8.231806349783991e-11,0.0,1.0,16.18107170553497,46.0,29.496792928171057,0.13189282944650316,2.0
1771585752.2037337,9,74,2400000.0,0.004769630514999999,8.231806349783991e-11,0.0,1.0,16.18107170553497,46.0,29.496792928171057,0.13189282944650316,2.0
1771585752.212579,9,75,2400000.0,0.004769630514999999,8.231806349783991e-11,0.0,1.0,16.18107170553497,46.0,29.496792928171057,0.13189282944650316,2.0
1771585752.220513,9,76,2400000.0,0.004769630514999999,8.231806349783991e-11,0.0,1.0,16.18107170553497,46.0,29.496792928171057,0.13189282944650316,2.0
1771585752.2287872,9,77,2400000.0,0.004769630514999999,8.231806349783991e-11,0.0,1.0,16.18107170553497,46.0,29.496792928171057,0.13189282944650316,2.0
1771585752.2366784,9,78,2400000.0,0.004769630514999999,8.231806349783991e-11,0.0,1.0,16.18107170553497,46.0,29.496792928171057,0.13189282944650316,2.0
1771585752.2449076,9,79,2400000.0,0.004769630514999999,8.231806349783991e-11,0.0,1.0,16.18107170553497,46.0,29.496792928171057,0.13189282944650316,2.0
1771585752.2528508,9,80,2400000.0,0.004769630514999999,8.231806349783991e-11,0.0,1.0,16.18107170553497,46.0,29.496792928171057,0.13189282944650316,2.0
1771585752.2610402,9,81,2400000.0,0.004769630514999999,8.231806349783991e-11,0.0,1.0,16.18107170553497,46.0,29.496792928171057,0.13189282944650316,2.0
1771585752.269145,9,82,2400000.0,0.004769630514999999,8.231806349783991e-11,0.0,1.0,16.18107170553497,46.0,29.496792928171057,0.13189282944650316,2.0
1771585752.277951,9,83,2400000.0,0.004769630514999999,8.231806349783991e-11,0.0,1.0,16.18107170553497,46.0,29.496792928171057,0.13189282944650316,2.0
1771585752.2859414,9,84,2400000.0,0.004769630514999999,8.231806349783991e-11,0.0,1.0,16.18107170553497,46.0,29.496792928171057,0.13189282944650316,2.0
1771585752.2942905,9,85,2400000.0,0.004769630514999999,8.231806349783991e-11,0.0,1.0,16.18107170553497,46.0,29.496792928171057,0.13189282944650316,2.0
1771585752.302422,9,86,2400000.0,0.004769630514999999,8.231806349783991e-11,0.0,1.0,16.18107170553497,46.0,29.496792928171057,0.13189282944650316,2.0
1771585752.3106055,9,87,2400000.0,0.004769630514999999,8.231806349783991e-11,0.0,1.0,16.18107170553497,46.0,29.496792928171057,0.13189282944650316,2.0
1771585752.3189495,9,88,2400000.0,0.004769630514999999,8.231806349783991e-11,0.0,1.0,16.18107170553497,46.0,29.496792928171057,0.13189282944650316,2.0
1771585752.3274624,9,89,2400000.0,0.004769630514999999,8.231806349783991e-11,0.0,1.0,16.18107170553497,46.0,29.496792928171057,0.13189282944650316,2.0
1771585752.3357177,9,90,2400000.0,0.004769630514999999,8.231806349783991e-11,0.0,1.0,16.18107170553497,46.0,29.496792928171057,0.13189282944650316,2.0
1771585752.3444228,9,91,2400000.0,0.004769630514999999,8.231806349783991e-11,0.0,1.0,16.18107170553497,46.0,29.496792928171057,0.13189282944650316,2.0
1771585752.352713,9,92,2400000.0,0.004769630514999999,8.231806349783991e-11,0.0,1.0,16.18107170553497,46.0,29.496792928171057,0.13189282944650316,2.0
1771585752.3608446,9,93,2400000.0,0.004769630514999999,8.231806349783991e-11,0.0,1.0,16.18107170553497,46.0,29.496792928171057,0.13189282944650316,2.0
1771585752.369072,9,94,2400000.0,0.004769630514999999,8.231806349783991e-11,0.0,1.0,16.18107170553497,46.0,29.496792928171057,0.13189282944650316,2.0
1771585752.3781276,9,95,2400000.0,0.004769630514999999,8.231806349783991e-11,0.0,1.0,16.18107170553497,46.0,29.496792928171057,0.13189282944650316,2.0
1771585752.3863993,9,96,2400000.0,0.004769630514999999,8.231806349783991e-11,0.0,1.0,16.18107170553497,46.0,29.496792928171057,0.13189282944650316,2.0
1771585752.3954537,9,97,2400000.0,0.004769630514999999,8.231806349783991e-11,0.0,1.0,16.18107170553497,46.0,29.496792928171057,0.13189282944650316,2.0
1771585752.4036827,9,98,2400000.0,0.004769630514999999,8.231806349783991e-11,0.0,1.0,16.18107170553497,46.0,29.496792928171057,0.13189282944650316,2.0
1771585752.4126856,9,99,2400000.0,0.004769630514999999,8.231806349783991e-11,0.0,1.0,16.18107170553497,46.0,29.496792928171057,0.13189282944650316,2.0
1771585752.42095,9,100,2400000.0,0.004769630514999999,8.231806349783991e-11,0.0,1.0,16.18107170553497,46.0,29.496792928171057,0.13189282944650316,2.0
1771585752.4296682,9,101,2400000.0,0.004769630514999999,8.231806349783991e-11,0.0,1.0,16.18107170553497,46.0,29.496792928171057,0.13189282944650316,2.0
1771585752.4377072,9,102,2400000.0,0.004769630514999999,8.231806349783991e-11,0.0,1.0,16.18107170553497,46.0,29.496792928171057,0.13189282944650316,2.0
1771585752.4463713,9,103,2400000.0,0.004769630514999999,8.231806349783991e-11,0.0,1.0,16.18107170553497,46.0,29.496792928171057,0.13189282944650316,2.0
1771585752.4545715,9,104,2400000.0,0.004769630514999999,8.231806349783991e-11,0.0,1.0,16.18107170553497,46.0,29.496792928171057,0.13189282944650316,2.0
1771585752.4629076,9,105,2400000.0,0.004769630514999999,8.231806349783991e-11,0.0,1.0,16.18107170553497,46.0,29.496792928171057,0.13189282944650316,2.0
1771585752.4712327,9,106,2400000.0,0.004769630514999999,8.231806349783991e-11,0.0,1.0,16.18107170553497,46.0,29.496792928171057,0.13189282944650316,2.0
1771585752.4799044,9,107,2400000.0,0.004769630514999999,8.231806349783991e-11,0.0,1.0,16.18107170553497,46.0,29.496792928171057,0.13189282944650316,2.0
1771585752.4886277,9,108,2400000.0,0.004769630514999999,8.231806349783991e-11,0.0,1.0,16.18107170553497,46.0,29.496792928171057,0.13189282944650316,2.0
1771585752.4970505,9,109,2400000.0,0.004769630514999999,8.231806349783991e-11,0.0,1.0,16.18107170553497,46.0,29.496792928171057,0.13189282944650316,2.0
1771585752.5056422,9,110,2400000.0,0.004769630514999999,8.231806349783991e-11,0.0,1.0,16.18107170553497,46.0,29.496792928171057,0.13189282944650316,2.0
1771585752.5140834,9,111,2400000.0,0.004769630514999999,8.231806349783991e-11,0.0,1.0,16.18107170553497,46.0,29.496792928171057,0.13189282944650316,2.0
1771585752.5222414,9,112,2400000.0,0.004769630514999999,8.231806349783991e-11,0.0,1.0,16.18107170553497,46.0,29.496792928171057,0.13189282944650316,2.0
1771585752.5310845,9,113,2400000.0,0.004769630514999999,8.231806349783991e-11,0.0,1.0,16.18107170553497,46.0,29.496792928171057,0.13189282944650316,2.0
1771585752.5392547,9,114,2400000.0,0.004769630514999999,8.231806349783991e-11,0.0,1.0,16.18107170553497,46.0,29.496792928171057,0.13189282944650316,2.0
1771585752.5477345,9,115,2400000.0,0.004769630514999999,8.231806349783991e-11,0.0,1.0,16.18107170553497,46.0,29.496792928171057,0.13189282944650316,2.0
1771585752.555825,9,116,2400000.0,0.004769630514999999,8.231806349783991e-11,0.0,1.0,16.18107170553497,46.0,29.496792928171057,0.13189282944650316,2.0
1771585752.564287,9,117,2400000.0,0.004769630514999999,8.231806349783991e-11,0.0,1.0,16.18107170553497,46.0,29.496792928171057,0.13189282944650316,2.0
1771585752.5726876,9,118,2400000.0,0.004769630514999999,8.231806349783991e-11,0.0,1.0,16.18107170553497,46.0,29.496792928171057,0.13189282944650316,2.0
1771585752.5816061,9,119,2400000.0,0.004769630514999999,8.231806349783991e-11,0.0,1.0,16.18107170553497,46.0,29.496792928171057,0.13189282944650316,2.0
1771585752.5896103,9,120,2400000.0,0.004769630514999999,8.231806349783991e-11,0.0,1.0,16.18107170553497,46.0,29.496792928171057,0.13189282944650316,2.0
1771585752.5987275,9,121,2400000.0,0.004769630514999999,8.231806349783991e-11,0.0,1.0,16.18107170553497,46.0,29.496792928171057,0.13189282944650316,2.0
1771585752.6067984,9,122,2400000.0,0.004769630514999999,8.231806349783991e-11,0.0,1.0,16.18107170553497,46.0,29.496792928171057,0.13189282944650316,2.0
1771585752.6153035,9,123,2400000.0,0.004769630514999999,8.231806349783991e-11,0.0,1.0,16.18107170553497,46.0,29.496792928171057,0.13189282944650316,2.0
1771585752.6235912,9,124,2400000.0,0.004769630514999999,8.231806349783991e-11,0.0,1.0,16.18107170553497,46.0,29.496792928171057,0.13189282944650316,2.0
1771585752.6318786,9,125,2400000.0,0.004769630514999999,8.231806349783991e-11,0.0,1.0,16.18107170553497,46.0,29.496792928171057,0.13189282944650316,2.0
1771585752.6399863,9,126,2400000.0,0.004769630514999999,8.231806349783991e-11,0.0,1.0,16.18107170553497,46.0,29.496792928171057,0.13189282944650316,2.0
1771585752.648163,9,127,2400000.0,0.004769630514999999,8.231806349783991e-11,0.0,1.0,16.18107170553497,46.0,29.496792928171057,0.13189282944650316,2.0
1771585752.656408,9,128,2400000.0,0.004769630514999999,8.231806349783991e-11,0.0,1.0,16.18107170553497,46.0,29.496792928171057,0.13189282944650316,2.0
1771585752.6650736,9,129,2400000.0,0.004769630514999999,8.231806349783991e-11,0.0,1.0,16.18107170553497,46.0,29.496792928171057,0.13189282944650316,2.0
1771585752.6729438,9,130,2400000.0,0.004769630514999999,8.231806349783991e-11,0.0,1.0,16.18107170553497,46.0,29.496792928171057,0.13189282944650316,2.0
1771585752.6812067,9,131,2400000.0,0.004769630514999999,8.231806349783991e-11,0.0,1.0,16.18107170553497,46.0,29.496792928171057,0.13189282944650316,2.0
1771585752.6892536,9,132,2400000.0,0.004769630514999999,8.231806349783991e-11,0.0,1.0,16.18107170553497,46.0,29.496792928171057,0.13189282944650316,2.0
1771585752.6979735,9,133,2400000.0,0.004769630514999999,8.231806349783991e-11,0.0,1.0,16.18107170553497,46.0,29.496792928171057,0.13189282944650316,2.0
1771585752.7062383,9,134,2400000.0,0.004769630514999999,8.231806349783991e-11,0.0,1.0,16.18107170553497,46.0,29.496792928171057,0.13189282944650316,2.0
1771585752.7145572,9,135,2400000.0,0.004769630514999999,8.231806349783991e-11,0.0,1.0,16.18107170553497,46.0,29.496792928171057,0.13189282944650316,2.0
1771585752.722639,9,136,2400000.0,0.004769630514999999,8.231806349783991e-11,0.0,1.0,16.18107170553497,46.0,29.496792928171057,0.13189282944650316,2.0
1771585752.7310042,9,137,2400000.0,0.004769630514999999,8.231806349783991e-11,0.0,1.0,16.18107170553497,46.0,29.496792928171057,0.13189282944650316,2.0
1771585752.7392097,9,138,2400000.0,0.004769630514999999,8.231806349783991e-11,0.0,1.0,16.18107170553497,46.0,29.496792928171057,0.13189282944650316,2.0
1771585752.747299,9,139,2400000.0,0.004769630514999999,8.231806349783991e-11,0.0,1.0,16.18107170553497,46.0,29.496792928171057,0.13189282944650316,2.0
1771585752.7555468,9,140,2400000.0,0.004769630514999999,8.231806349783991e-11,0.0,1.0,16.18107170553497,46.0,29.496792928171057,0.13189282944650316,2.0
1771585752.763327,9,141,2400000.0,0.004769630514999999,8.231806349783991e-11,0.0,1.0,16.18107170553497,46.0,29.496792928171057,0.13189282944650316,2.0
1771585752.771298,9,142,2400000.0,0.004769630514999999,8.231806349783991e-11,0.0,1.0,16.18107170553497,46.0,29.496792928171057,0.13189282944650316,2.0
1771585752.779616,9,143,2400000.0,0.004769630514999999,8.231806349783991e-11,0.0,1.0,16.18107170553497,46.0,29.496792928171057,0.13189282944650316,2.0
1771585752.7874544,9,144,2400000.0,0.004769630514999999,8.231806349783991e-11,0.0,1.0,16.18107170553497,46.0,29.496792928171057,0.13189282944650316,2.0
1771585752.7957003,9,145,2400000.0,0.004769630514999999,8.231806349783991e-11,0.0,1.0,16.18107170553497,46.0,29.496792928171057,0.13189282944650316,2.0
1771585752.803611,9,146,2400000.0,0.004769630514999999,8.231806349783991e-11,0.0,1.0,16.18107170553497,46.0,29.496792928171057,0.13189282944650316,2.0
1771585752.8117537,9,147,2400000.0,0.004769630514999999,8.231806349783991e-11,0.0,1.0,16.18107170553497,46.0,29.496792928171057,0.13189282944650316,2.0
1771585752.8197353,9,148,2400000.0,0.004769630514999999,8.231806349783991e-11,0.0,1.0,16.18107170553497,46.0,29.496792928171057,0.13189282944650316,2.0
1771585752.828056,9,149,2400000.0,0.004769630514999999,8.231806349783991e-11,0.0,1.0,16.18107170553497,46.0,29.496792928171057,0.13189282944650316,2.0
1771585752.8362446,9,150,2400000.0,0.004769630514999999,8.231806349783991e-11,0.0,1.0,16.18107170553497,46.0,29.496792928171057,0.13189282944650316,2.0
1771585752.8445132,9,151,2400000.0,0.004769630514999999,8.231806349783991e-11,0.0,1.0,16.18107170553497,46.0,29.496792928171057,0.13189282944650316,2.0
1771585752.852734,9,152,2400000.0,0.004769630514999999,8.231806349783991e-11,0.0,1.0,16.18107170553497,46.0,29.496792928171057,0.13189282944650316,2.0
1771585752.86064,9,153,2400000.0,0.004769630514999999,8.231806349783991e-11,0.0,1.0,16.18107170553497,46.0,29.496792928171057,0.13189282944650316,2.0
1771585752.868647,9,154,2400000.0,0.004769630514999999,8.231806349783991e-11,0.0,1.0,16.18107170553497,46.0,29.496792928171057,0.13189282944650316,2.0
1771585752.877006,9,155,2400000.0,0.004769630514999999,8.231806349783991e-11,0.0,1.0,16.18107170553497,46.0,29.496792928171057,0.13189282944650316,2.0
1771585752.885455,9,156,2400000.0,0.004769630514999999,8.231806349783991e-11,0.0,1.0,16.18107170553497,46.0,29.496792928171057,0.13189282944650316,2.0
1771585752.8941643,9,157,2400000.0,0.004769630514999999,8.231806349783991e-11,0.0,1.0,16.18107170553497,46.0,29.496792928171057,0.13189282944650316,2.0
1771585752.9025958,9,158,2400000.0,0.004769630514999999,8.231806349783991e-11,0.0,1.0,16.18107170553497,46.0,29.496792928171057,0.13189282944650316,2.0
1771585752.911114,9,159,2400000.0,0.004769630514999999,8.231806349783991e-11,0.0,1.0,16.18107170553497,46.0,29.496792928171057,0.13189282944650316,2.0
1771585752.9193842,9,160,2400000.0,0.004769630514999999,8.231806349783991e-11,0.0,1.0,16.18107170553497,46.0,29.496792928171057,0.13189282944650316,2.0
1771585752.9278712,9,161,2400000.0,0.004769630514999999,8.231806349783991e-11,0.0,1.0,16.18107170553497,46.0,29.496792928171057,0.13189282944650316,2.0
1771585752.9362411,9,162,2400000.0,0.004769630514999999,8.231806349783991e-11,0.0,1.0,16.18107170553497,46.0,29.496792928171057,0.13189282944650316,2.0
1771585752.9446507,9,163,2400000.0,0.004769630514999999,8.231806349783991e-11,0.0,1.0,16.18107170553497,46.0,29.496792928171057,0.13189282944650316,2.0
1771585752.9528456,9,164,2400000.0,0.004769630514999999,8.231806349783991e-11,0.0,1.0,16.18107170553497,46.0,29.496792928171057,0.13189282944650316,2.0
1771585752.9613175,9,165,2400000.0,0.004769630514999999,8.231806349783991e-11,0.0,1.0,16.18107170553497,46.0,29.496792928171057,0.13189282944650316,2.0
1771585752.9698987,9,166,2400000.0,0.004769630514999999,8.231806349783991e-11,0.0,1.0,16.18107170553497,46.0,29.496792928171057,0.13189282944650316,2.0
1771585752.9785256,9,167,2400000.0,0.004769630514999999,8.231806349783991e-11,0.0,1.0,16.18107170553497,46.0,29.496792928171057,0.13189282944650316,2.0
1771585752.9867966,9,168,2400000.0,0.004769630514999999,8.231806349783991e-11,0.0,1.0,16.18107170553497,46.0,29.496792928171057,0.13189282944650316,2.0
1771585752.9951158,9,169,2400000.0,0.004769630514999999,8.231806349783991e-11,0.0,1.0,16.18107170553497,46.0,29.496792928171057,0.13189282944650316,2.0
1771585753.0030608,9,170,2400000.0,0.004769630514999999,8.231806349783991e-11,0.0,1.0,16.18107170553497,46.0,29.496792928171057,0.13189282944650316,2.0
1771585753.0110326,9,171,2400000.0,0.004769630514999999,8.231806349783991e-11,0.0,1.0,16.18107170553497,46.0,29.496792928171057,0.13189282944650316,2.0
1771585753.0191295,9,172,2400000.0,0.004769630514999999,8.231806349783991e-11,0.0,1.0,16.18107170553497,46.0,29.496792928171057,0.13189282944650316,2.0
1771585753.0278666,9,173,2400000.0,0.004769630514999999,8.231806349783991e-11,0.0,1.0,16.18107170553497,46.0,29.496792928171057,0.13189282944650316,2.0
1771585753.0358062,9,174,2400000.0,0.004769630514999999,8.231806349783991e-11,0.0,1.0,16.18107170553497,46.0,29.496792928171057,0.13189282944650316,2.0
1771585753.0443428,9,175,2400000.0,0.004769630514999999,8.231806349783991e-11,0.0,1.0,16.18107170553497,46.0,29.496792928171057,0.13189282944650316,2.0
1771585753.0526695,9,176,2400000.0,0.004769630514999999,8.231806349783991e-11,0.0,1.0,16.18107170553497,46.0,29.496792928171057,0.13189282944650316,2.0
1771585753.061045,9,177,2400000.0,0.004769630514999999,8.231806349783991e-11,0.0,1.0,16.18107170553497,46.0,29.496792928171057,0.13189282944650316,2.0
1771585753.0691833,9,178,2400000.0,0.004769630514999999,8.231806349783991e-11,0.0,1.0,16.18107170553497,46.0,29.496792928171057,0.13189282944650316,2.0
1771585753.0772676,9,179,2400000.0,0.004769630514999999,8.231806349783991e-11,0.0,1.0,16.18107170553497,46.0,29.496792928171057,0.13189282944650316,2.0
1771585753.0855165,9,180,2400000.0,0.004769630514999999,8.231806349783991e-11,0.0,1.0,16.18107170553497,46.0,29.496792928171057,0.13189282944650316,2.0
1771585753.094029,9,181,2400000.0,0.004769630514999999,8.231806349783991e-11,0.0,1.0,16.18107170553497,46.0,29.496792928171057,0.13189282944650316,2.0
1771585753.1022625,9,182,2400000.0,0.004769630514999999,8.231806349783991e-11,0.0,1.0,16.18107170553497,46.0,29.496792928171057,0.13189282944650316,2.0
1771585753.1108007,9,183,2400000.0,0.004769630514999999,8.231806349783991e-11,0.0,1.0,16.18107170553497,46.0,29.496792928171057,0.13189282944650316,2.0
1771585753.1194453,9,184,2400000.0,0.004769630514999999,8.231806349783991e-11,0.0,1.0,16.18107170553497,46.0,29.496792928171057,0.13189282944650316,2.0
1771585753.1277404,9,185,2400000.0,0.004769630514999999,8.231806349783991e-11,0.0,1.0,16.18107170553497,46.0,29.496792928171057,0.13189282944650316,2.0
1771585753.1359406,9,186,2400000.0,0.004769630514999999,8.231806349783991e-11,0.0,1.0,16.18107170553497,46.0,29.496792928171057,0.13189282944650316,2.0
1771585753.144579,9,187,2400000.0,0.004769630514999999,8.231806349783991e-11,0.0,1.0,16.18107170553497,46.0,29.496792928171057,0.13189282944650316,2.0
1771585753.1530468,9,188,2400000.0,0.004769630514999999,8.231806349783991e-11,0.0,1.0,16.18107170553497,46.0,29.496792928171057,0.13189282944650316,2.0
1771585753.1614213,9,189,2400000.0,0.004769630514999999,8.231806349783991e-11,0.0,1.0,16.18107170553497,46.0,29.496792928171057,0.13189282944650316,2.0
1771585753.1692712,9,190,2400000.0,0.004769630514999999,8.231806349783991e-11,0.0,1.0,16.18107170553497,46.0,29.496792928171057,0.13189282944650316,2.0
1771585753.1774971,9,191,2400000.0,0.004769630514999999,8.231806349783991e-11,0.0,1.0,16.18107170553497,46.0,29.496792928171057,0.13189282944650316,2.0
1771585753.1855283,9,192,2400000.0,0.004769630514999999,8.231806349783991e-11,0.0,1.0,16.18107170553497,46.0,29.496792928171057,0.13189282944650316,2.0
1771585753.194197,9,193,2400000.0,0.004769630514999999,8.231806349783991e-11,0.0,1.0,16.18107170553497,46.0,29.496792928171057,0.13189282944650316,2.0
1771585753.202934,9,194,2400000.0,0.004769630514999999,8.231806349783991e-11,0.0,1.0,16.18107170553497,46.0,29.496792928171057,0.13189282944650316,2.0
1771585753.2110364,9,195,2400000.0,0.004769630514999999,8.231806349783991e-11,0.0,1.0,16.18107170553497,46.0,29.496792928171057,0.13189282944650316,2.0
1771585753.2196782,9,196,2400000.0,0.004769630514999999,8.231806349783991e-11,0.0,1.0,16.18107170553497,46.0,29.496792928171057,0.13189282944650316,2.0
1771585753.2283819,9,197,2400000.0,0.004769630514999999,8.231806349783991e-11,0.0,1.0,16.18107170553497,46.0,29.496792928171057,0.13189282944650316,2.0
1771585753.2365704,9,198,2400000.0,0.004769630514999999,8.231806349783991e-11,0.0,1.0,16.18107170553497,46.0,29.496792928171057,0.13189282944650316,2.0
1771585753.2457423,9,199,2400000.0,0.004769630514999999,8.231806349783991e-11,0.0,1.0,16.18107170553497,46.0,29.496792928171057,0.13189282944650316,2.0
1771585753.2542574,9,200,2400000.0,0.004769630514999999,8.231806349783991e-11,0.0,1.0,16.18107170553497,46.0,29.496792928171057,0.13189282944650316,2.0
