ts,episode,step,thr,delay,jitter,loss,numUe,stepEnergyJ,rew,act_m
1770415531.9591765,0,0,0.0,0.0,0.0,0.0,1.0,0.0,0.0,0.0
1770415531.9619794,0,1,0.0,0.0,0.0,0.0,1.0,0.9999999999999999,-0.049999999999999996,0.0
1770415531.9633503,0,2,0.0,0.0,0.0,0.0,1.0,0.9999999999999999,-0.049999999999999996,0.0
1770415531.9640925,0,3,0.0,0.0,0.0,0.0,1.0,0.9999999999999999,-0.049999999999999996,0.0
1770415531.964989,0,4,0.0,0.0,0.0,0.0,1.0,0.9999999999999999,-0.049999999999999996,0.0
1770415531.9659026,0,5,0.0,0.0,0.0,0.0,1.0,0.9999999999999999,-0.049999999999999996,0.0
1770415531.9666753,0,6,0.0,0.0,0.0,0.0,1.0,0.9999999999999999,-1.05,0.0
1770415531.9677453,0,7,0.0,0.0,0.0,0.0,1.0,0.9999999999999999,-1.05,0.0
1770415531.9687934,0,8,0.0,0.0,0.0,0.0,1.0,0.9999999999999999,-1.05,0.0
1770415531.9696412,0,9,0.0,0.0,0.0,0.0,1.0,0.9999999999999999,-1.05,0.0
1770415531.970419,0,10,0.0,0.0,0.0,0.0,1.0,0.9999999999999999,-1.05,0.0
1770415531.9714577,0,11,0.0,0.0,0.0,0.0,1.0,0.9999999999999999,-1.05,0.0
1770415531.9723108,0,12,0.0,0.0,0.0,0.0,1.0,0.9999999999999999,-1.05,0.0
1770415531.97308,0,13,0.0,0.0,0.0,0.0,1.0,0.9999999999999999,-1.05,0.0
1770415531.9747782,0,14,0.0,0.0,0.0,0.0,1.0,0.9999999999999999,-1.05,0.0
1770415531.976489,0,15,0.0,0.0,0.0,0.0,1.0,0.9999999999999999,-1.05,0.0
1770415531.9780426,0,16,0.0,0.0,0.0,0.0,1.0,0.9999999999999999,-1.05,0.0
1770415531.9795446,0,17,0.0,0.0,0.0,0.0,1.0,0.9999999999999999,-1.05,0.0
1770415531.9809666,0,18,0.0,0.0,0.0,0.0,1.0,0.9999999999999999,-1.05,0.0
1770415531.982536,0,19,0.0,0.0,0.0,0.0,1.0,0.9999999999999999,-1.05,0.0
1770415531.9840586,0,20,0.0,0.0,0.0,0.0,1.0,0.9999999999999999,-1.05,0.0
1770415531.9855018,0,21,0.0,0.0,0.0,0.0,1.0,0.9999999999999999,-1.05,0.0
1770415531.9870307,0,22,0.0,0.0,0.0,0.0,1.0,0.9999999999999999,-1.05,0.0
1770415531.98841,0,23,0.0,0.0,0.0,0.0,1.0,0.9999999999999999,-1.05,0.0
1770415531.9906194,0,24,0.0,0.0,0.0,0.0,1.0,0.9999999999999999,-1.05,0.0
1770415531.9920847,0,25,0.0,0.0,0.0,0.0,1.0,0.9999999999999999,-1.05,0.0
1770415531.9935153,0,26,0.0,0.0,0.0,0.0,1.0,0.9999999999999999,-1.05,0.0
1770415531.9950054,0,27,0.0,0.0,0.0,0.0,1.0,0.9999999999999999,-1.05,0.0
1770415531.9965696,0,28,0.0,0.0,0.0,0.0,1.0,0.9999999999999999,-1.05,0.0
1770415531.9980392,0,29,0.0,0.0,0.0,0.0,1.0,0.9999999999999999,-1.05,0.0
1770415531.999476,0,30,0.0,0.0,0.0,0.0,1.0,0.9999999999999999,-1.05,0.0
1770415532.0004983,0,31,0.0,0.0,0.0,0.0,1.0,0.9999999999999999,-1.05,0.0
1770415532.0024636,0,32,0.0,0.0,0.0,0.0,1.0,0.9999999999999999,-1.05,0.0
1770415532.0041902,0,33,0.0,0.0,0.0,0.0,1.0,0.9999999999999999,-1.05,0.0
1770415532.0059717,0,34,0.0,0.0,0.0,0.0,1.0,0.9999999999999999,-1.05,0.0
1770415532.0076349,0,35,0.0,0.0,0.0,0.0,1.0,0.9999999999999999,-1.05,0.0
1770415532.0092113,0,36,0.0,0.0,0.0,0.0,1.0,0.9999999999999999,-1.05,0.0
1770415532.0110612,0,37,0.0,0.0,0.0,0.0,1.0,0.9999999999999999,-1.05,0.0
1770415532.0126095,0,38,0.0,0.0,0.0,0.0,1.0,0.9999999999999999,-1.05,0.0
1770415532.0141196,0,39,0.0,0.0,0.0,0.0,1.0,0.9999999999999999,-1.05,0.0
1770415532.0158463,0,40,0.0,0.0,0.0,0.0,1.0,0.9999999999999999,-1.05,0.0
1770415532.0174842,0,41,0.0,0.0,0.0,0.0,1.0,0.9999999999999999,-1.05,0.0
1770415532.0191803,0,42,0.0,0.0,0.0,0.0,1.0,0.9999999999999999,-1.05,0.0
1770415532.0207174,0,43,0.0,0.0,0.0,0.0,1.0,0.9999999999999999,-1.05,0.0
1770415532.0221038,0,44,0.0,0.0,0.0,0.0,1.0,0.9999999999999999,-1.05,0.0
1770415532.023584,0,45,0.0,0.0,0.0,0.0,1.0,0.9999999999999999,-1.05,0.0
1770415532.0250597,0,46,0.0,0.0,0.0,0.0,1.0,0.9999999999999999,-1.05,0.0
1770415532.026918,0,47,0.0,0.0,0.0,0.0,1.0,0.9999999999999999,-1.05,0.0
1770415532.0285354,0,48,0.0,0.0,0.0,0.0,1.0,0.9999999999999999,-1.05,0.0
1770415532.0301094,0,49,0.0,0.0,0.0,0.0,1.0,0.9999999999999999,-1.05,0.0
1770415532.0317557,0,50,0.0,0.0,0.0,0.0,1.0,0.9999999999999999,-1.05,0.0
1770415532.033548,0,51,0.0,0.0,0.0,0.0,1.0,0.9999999999999999,-1.05,0.0
1770415532.0351422,0,52,0.0,0.0,0.0,0.0,1.0,0.9999999999999999,-1.05,0.0
1770415532.036898,0,53,0.0,0.0,0.0,0.0,1.0,0.9999999999999999,-1.05,0.0
1770415532.0385752,0,54,0.0,0.0,0.0,0.0,1.0,0.9999999999999999,-1.05,0.0
1770415532.0410852,0,55,0.0,0.0,0.0,0.0,1.0,0.9999999999999999,-1.05,0.0
1770415532.0427146,0,56,0.0,0.0,0.0,0.0,1.0,0.9999999999999999,-1.05,0.0
1770415532.0440905,0,57,0.0,0.0,0.0,0.0,1.0,0.9999999999999999,-1.05,0.0
1770415532.0458536,0,58,0.0,0.0,0.0,0.0,1.0,0.9999999999999999,-1.05,0.0
1770415532.048415,0,59,0.0,0.0,0.0,0.0,1.0,0.9999999999999999,-1.05,0.0
1770415532.049354,0,60,0.0,0.0,0.0,0.0,1.0,0.9999999999999999,-1.05,0.0
1770415532.0509586,0,61,0.0,0.0,0.0,0.0,1.0,0.9999999999999999,-1.05,0.0
1770415532.0527544,0,62,0.0,0.0,0.0,0.0,1.0,0.9999999999999999,-1.05,0.0
1770415532.0543523,0,63,0.0,0.0,0.0,0.0,1.0,0.9999999999999999,-1.05,0.0
1770415532.056074,0,64,0.0,0.0,0.0,0.0,1.0,0.9999999999999999,-1.05,0.0
1770415532.05748,0,65,0.0,0.0,0.0,0.0,1.0,0.9999999999999999,-1.05,0.0
1770415532.0589657,0,66,0.0,0.0,0.0,0.0,1.0,0.9999999999999999,-1.05,0.0
1770415532.0603833,0,67,0.0,0.0,0.0,0.0,1.0,0.9999999999999999,-1.05,0.0
1770415532.0612059,0,68,0.0,0.0,0.0,0.0,1.0,0.9999999999999999,-1.05,0.0
1770415532.0621986,0,69,0.0,0.0,0.0,0.0,1.0,0.9999999999999999,-1.05,0.0
1770415532.0632076,0,70,0.0,0.0,0.0,0.0,1.0,0.9999999999999999,-1.05,0.0
1770415532.0641205,0,71,0.0,0.0,0.0,0.0,1.0,0.9999999999999999,-1.05,0.0
1770415532.0650768,0,72,0.0,0.0,0.0,0.0,1.0,0.9999999999999999,-1.05,0.0
1770415532.0660112,0,73,0.0,0.0,0.0,0.0,1.0,0.9999999999999999,-1.05,0.0
1770415532.06694,0,74,0.0,0.0,0.0,0.0,1.0,0.9999999999999999,-1.05,0.0
1770415532.067647,0,75,0.0,0.0,0.0,0.0,1.0,0.9999999999999999,-1.05,0.0
1770415532.0683439,0,76,0.0,0.0,0.0,0.0,1.0,0.9999999999999999,-1.05,0.0
1770415532.0691292,0,77,0.0,0.0,0.0,0.0,1.0,0.9999999999999999,-1.05,0.0
1770415532.069975,0,78,0.0,0.0,0.0,0.0,1.0,0.9999999999999999,-1.05,0.0
1770415532.0709803,0,79,0.0,0.0,0.0,0.0,1.0,0.9999999999999999,-1.05,0.0
1770415532.0718908,0,80,0.0,0.0,0.0,0.0,1.0,0.9999999999999999,-1.05,0.0
1770415532.0729172,0,81,0.0,0.0,0.0,0.0,1.0,0.9999999999999999,-1.05,0.0
1770415532.0738852,0,82,0.0,0.0,0.0,0.0,1.0,0.9999999999999999,-1.05,0.0
1770415532.0749543,0,83,0.0,0.0,0.0,0.0,1.0,0.9999999999999999,-1.05,0.0
1770415532.0760264,0,84,0.0,0.0,0.0,0.0,1.0,0.9999999999999999,-1.05,0.0
1770415532.0769916,0,85,0.0,0.0,0.0,0.0,1.0,0.9999999999999999,-1.05,0.0
1770415532.0779986,0,86,0.0,0.0,0.0,0.0,1.0,0.9999999999999999,-1.05,0.0
1770415532.078727,0,87,0.0,0.0,0.0,0.0,1.0,0.9999999999999999,-1.05,0.0
1770415532.0795572,0,88,0.0,0.0,0.0,0.0,1.0,0.9999999999999999,-1.05,0.0
1770415532.080544,0,89,0.0,0.0,0.0,0.0,1.0,0.9999999999999999,-1.05,0.0
1770415532.0814593,0,90,0.0,0.0,0.0,0.0,1.0,0.9999999999999999,-1.05,0.0
1770415532.0830445,0,91,0.0,0.0,0.0,0.0,1.0,0.9999999999999999,-1.05,0.0
1770415532.0846887,0,92,0.0,0.0,0.0,0.0,1.0,0.9999999999999999,-1.05,0.0
1770415532.0862231,0,93,0.0,0.0,0.0,0.0,1.0,0.9999999999999999,-1.05,0.0
1770415532.0871685,0,94,0.0,0.0,0.0,0.0,1.0,0.9999999999999999,-1.05,0.0
1770415532.0880914,0,95,0.0,0.0,0.0,0.0,1.0,0.9999999999999999,-1.05,0.0
1770415532.0890942,0,96,0.0,0.0,0.0,0.0,1.0,0.9999999999999999,-1.05,0.0
1770415532.0900857,0,97,0.0,0.0,0.0,0.0,1.0,0.9999999999999999,-1.05,0.0
1770415532.09108,0,98,0.0,0.0,0.0,0.0,1.0,0.9999999999999999,-1.05,0.0
1770415532.0920763,0,99,0.0,0.0,0.0,0.0,1.0,0.9999999999999999,-1.05,0.0
1770415532.0930784,0,100,0.0,0.0,0.0,0.0,1.0,0.9999999999999999,-1.05,0.0
1770415532.0938427,0,101,0.0,0.0,0.0,0.0,1.0,0.9999999999999999,-1.05,0.0
1770415532.0948782,0,102,0.0,0.0,0.0,0.0,1.0,0.9999999999999999,-1.05,0.0
1770415532.0959089,0,103,0.0,0.0,0.0,0.0,1.0,0.9999999999999999,-1.05,0.0
1770415532.096639,0,104,0.0,0.0,0.0,0.0,1.0,0.9999999999999999,-1.05,0.0
1770415532.097524,0,105,0.0,0.0,0.0,0.0,1.0,0.9999999999999999,-1.05,0.0
1770415532.0984042,0,106,0.0,0.0,0.0,0.0,1.0,0.9999999999999999,-1.05,0.0
1770415532.09941,0,107,0.0,0.0,0.0,0.0,1.0,0.9999999999999999,-1.05,0.0
1770415532.1004422,0,108,0.0,0.0,0.0,0.0,1.0,0.9999999999999999,-1.05,0.0
1770415532.1014159,0,109,0.0,0.0,0.0,0.0,1.0,0.9999999999999999,-1.05,0.0
1770415532.102362,0,110,0.0,0.0,0.0,0.0,1.0,0.9999999999999999,-1.05,0.0
1770415532.1033645,0,111,0.0,0.0,0.0,0.0,1.0,0.9999999999999999,-1.05,0.0
1770415532.10449,0,112,0.0,0.0,0.0,0.0,1.0,0.9999999999999999,-1.05,0.0
1770415532.1055312,0,113,0.0,0.0,0.0,0.0,1.0,0.9999999999999999,-1.05,0.0
1770415532.106604,0,114,0.0,0.0,0.0,0.0,1.0,0.9999999999999999,-1.05,0.0
1770415532.107509,0,115,0.0,0.0,0.0,0.0,1.0,0.9999999999999999,-1.05,0.0
1770415532.108417,0,116,0.0,0.0,0.0,0.0,1.0,0.9999999999999999,-1.05,0.0
1770415532.1093242,0,117,0.0,0.0,0.0,0.0,1.0,0.9999999999999999,-1.05,0.0
1770415532.1101625,0,118,0.0,0.0,0.0,0.0,1.0,0.9999999999999999,-1.05,0.0
1770415532.111076,0,119,0.0,0.0,0.0,0.0,1.0,0.9999999999999999,-1.05,0.0
1770415532.1117678,0,120,0.0,0.0,0.0,0.0,1.0,0.9999999999999999,-1.05,0.0
1770415532.1125991,0,121,0.0,0.0,0.0,0.0,1.0,0.9999999999999999,-1.05,0.0
1770415532.1133134,0,122,0.0,0.0,0.0,0.0,1.0,0.9999999999999999,-1.05,0.0
1770415532.1141095,0,123,0.0,0.0,0.0,0.0,1.0,0.9999999999999999,-1.05,0.0
1770415532.1149714,0,124,0.0,0.0,0.0,0.0,1.0,0.9999999999999999,-1.05,0.0
1770415532.115937,0,125,0.0,0.0,0.0,0.0,1.0,0.9999999999999999,-1.05,0.0
1770415532.116765,0,126,0.0,0.0,0.0,0.0,1.0,0.9999999999999999,-1.05,0.0
1770415532.1175733,0,127,0.0,0.0,0.0,0.0,1.0,0.9999999999999999,-1.05,0.0
1770415532.1183364,0,128,0.0,0.0,0.0,0.0,1.0,0.9999999999999999,-1.05,0.0
1770415532.1190019,0,129,0.0,0.0,0.0,0.0,1.0,0.9999999999999999,-1.05,0.0
1770415532.1197448,0,130,0.0,0.0,0.0,0.0,1.0,0.9999999999999999,-1.05,0.0
1770415532.1204689,0,131,0.0,0.0,0.0,0.0,1.0,0.9999999999999999,-1.05,0.0
1770415532.1213205,0,132,0.0,0.0,0.0,0.0,1.0,0.9999999999999999,-1.05,0.0
1770415532.122141,0,133,0.0,0.0,0.0,0.0,1.0,0.9999999999999999,-1.05,0.0
1770415532.1229916,0,134,0.0,0.0,0.0,0.0,1.0,0.9999999999999999,-1.05,0.0
1770415532.1249259,0,135,0.0,0.0,0.0,0.0,1.0,0.9999999999999999,-1.05,0.0
1770415532.126508,0,136,0.0,0.0,0.0,0.0,1.0,0.9999999999999999,-1.05,0.0
1770415532.128013,0,137,0.0,0.0,0.0,0.0,1.0,0.9999999999999999,-1.05,0.0
1770415532.1295633,0,138,0.0,0.0,0.0,0.0,1.0,0.9999999999999999,-1.05,0.0
1770415532.131117,0,139,0.0,0.0,0.0,0.0,1.0,0.9999999999999999,-1.05,0.0
1770415532.1326826,0,140,0.0,0.0,0.0,0.0,1.0,0.9999999999999999,-1.05,0.0
1770415532.1341326,0,141,0.0,0.0,0.0,0.0,1.0,0.9999999999999999,-1.05,0.0
1770415532.1358016,0,142,0.0,0.0,0.0,0.0,1.0,0.9999999999999999,-1.05,0.0
1770415532.137361,0,143,0.0,0.0,0.0,0.0,1.0,0.9999999999999999,-1.05,0.0
1770415532.1389673,0,144,0.0,0.0,0.0,0.0,1.0,0.9999999999999999,-1.05,0.0
1770415532.140346,0,145,0.0,0.0,0.0,0.0,1.0,0.9999999999999999,-1.05,0.0
1770415532.141777,0,146,0.0,0.0,0.0,0.0,1.0,0.9999999999999999,-1.05,0.0
1770415532.143147,0,147,0.0,0.0,0.0,0.0,1.0,0.9999999999999999,-1.05,0.0
1770415532.1445796,0,148,0.0,0.0,0.0,0.0,1.0,0.9999999999999999,-1.05,0.0
1770415532.1459568,0,149,0.0,0.0,0.0,0.0,1.0,0.9999999999999999,-1.05,0.0
1770415532.1475806,0,150,0.0,0.0,0.0,0.0,1.0,0.9999999999999999,-1.05,0.0
1770415532.148531,0,151,0.0,0.0,0.0,0.0,1.0,0.9999999999999999,-1.05,0.0
1770415532.149353,0,152,0.0,0.0,0.0,0.0,1.0,0.9999999999999999,-1.05,0.0
1770415532.150237,0,153,0.0,0.0,0.0,0.0,1.0,0.9999999999999999,-1.05,0.0
1770415532.1510696,0,154,0.0,0.0,0.0,0.0,1.0,0.9999999999999999,-1.05,0.0
1770415532.1519687,0,155,0.0,0.0,0.0,0.0,1.0,0.9999999999999999,-1.05,0.0
1770415532.1528544,0,156,0.0,0.0,0.0,0.0,1.0,0.9999999999999999,-1.05,0.0
1770415532.1537225,0,157,0.0,0.0,0.0,0.0,1.0,0.9999999999999999,-1.05,0.0
1770415532.1547725,0,158,0.0,0.0,0.0,0.0,1.0,0.9999999999999999,-1.05,0.0
1770415532.155795,0,159,0.0,0.0,0.0,0.0,1.0,0.9999999999999999,-1.05,0.0
1770415532.156762,0,160,0.0,0.0,0.0,0.0,1.0,0.9999999999999999,-1.05,0.0
1770415532.1577287,0,161,0.0,0.0,0.0,0.0,1.0,0.9999999999999999,-1.05,0.0
1770415532.158695,0,162,0.0,0.0,0.0,0.0,1.0,0.9999999999999999,-1.05,0.0
1770415532.15961,0,163,0.0,0.0,0.0,0.0,1.0,0.9999999999999999,-1.05,0.0
1770415532.160448,0,164,0.0,0.0,0.0,0.0,1.0,0.9999999999999999,-1.05,0.0
1770415532.1612751,0,165,0.0,0.0,0.0,0.0,1.0,0.9999999999999999,-1.05,0.0
1770415532.1621778,0,166,0.0,0.0,0.0,0.0,1.0,0.9999999999999999,-1.05,0.0
1770415532.1630979,0,167,0.0,0.0,0.0,0.0,1.0,0.9999999999999999,-1.05,0.0
1770415532.1640356,0,168,0.0,0.0,0.0,0.0,1.0,0.9999999999999999,-1.05,0.0
1770415532.1650212,0,169,0.0,0.0,0.0,0.0,1.0,0.9999999999999999,-1.05,0.0
1770415532.165928,0,170,0.0,0.0,0.0,0.0,1.0,0.9999999999999999,-1.05,0.0
1770415532.1667774,0,171,0.0,0.0,0.0,0.0,1.0,0.9999999999999999,-1.05,0.0
1770415532.167698,0,172,0.0,0.0,0.0,0.0,1.0,0.9999999999999999,-1.05,0.0
1770415532.1686602,0,173,0.0,0.0,0.0,0.0,1.0,0.9999999999999999,-1.05,0.0
1770415532.1695714,0,174,0.0,0.0,0.0,0.0,1.0,0.9999999999999999,-1.05,0.0
1770415532.1702838,0,175,0.0,0.0,0.0,0.0,1.0,0.9999999999999999,-1.05,0.0
1770415532.1711226,0,176,0.0,0.0,0.0,0.0,1.0,0.9999999999999999,-1.05,0.0
1770415532.172152,0,177,0.0,0.0,0.0,0.0,1.0,0.9999999999999999,-1.05,0.0
1770415532.1730068,0,178,0.0,0.0,0.0,0.0,1.0,0.9999999999999999,-1.05,0.0
1770415532.1737013,0,179,0.0,0.0,0.0,0.0,1.0,0.9999999999999999,-1.05,0.0
1770415532.1746626,0,180,0.0,0.0,0.0,0.0,1.0,0.9999999999999999,-1.05,0.0
1770415532.1756098,0,181,0.0,0.0,0.0,0.0,1.0,0.9999999999999999,-1.05,0.0
1770415532.1765082,0,182,0.0,0.0,0.0,0.0,1.0,0.9999999999999999,-1.05,0.0
1770415532.1775079,0,183,0.0,0.0,0.0,0.0,1.0,0.9999999999999999,-1.05,0.0
1770415532.1785452,0,184,0.0,0.0,0.0,0.0,1.0,0.9999999999999999,-1.05,0.0
1770415532.1797044,0,185,0.0,0.0,0.0,0.0,1.0,0.9999999999999999,-1.05,0.0
1770415532.180732,0,186,0.0,0.0,0.0,0.0,1.0,0.9999999999999999,-1.05,0.0
1770415532.1817284,0,187,0.0,0.0,0.0,0.0,1.0,0.9999999999999999,-1.05,0.0
1770415532.1826,0,188,0.0,0.0,0.0,0.0,1.0,0.9999999999999999,-1.05,0.0
1770415532.183486,0,189,0.0,0.0,0.0,0.0,1.0,0.9999999999999999,-1.05,0.0
1770415532.184551,0,190,0.0,0.0,0.0,0.0,1.0,0.9999999999999999,-1.05,0.0
1770415532.1855755,0,191,0.0,0.0,0.0,0.0,1.0,0.9999999999999999,-1.05,0.0
1770415532.186465,0,192,0.0,0.0,0.0,0.0,1.0,0.9999999999999999,-1.05,0.0
1770415532.1873062,0,193,0.0,0.0,0.0,0.0,1.0,0.9999999999999999,-1.05,0.0
1770415532.1882956,0,194,0.0,0.0,0.0,0.0,1.0,0.9999999999999999,-1.05,0.0
1770415532.189254,0,195,0.0,0.0,0.0,0.0,1.0,0.9999999999999999,-1.05,0.0
1770415532.190154,0,196,0.0,0.0,0.0,0.0,1.0,0.9999999999999999,-1.05,0.0
1770415532.1907303,0,197,0.0,0.0,0.0,0.0,1.0,0.9999999999999999,-1.05,0.0
1770415532.191524,0,198,0.0,0.0,0.0,0.0,1.0,0.9999999999999999,-1.05,0.0
1770415532.1925836,0,199,0.0,0.0,0.0,0.0,1.0,0.9999999999999999,-1.05,0.0
1770415532.193204,0,200,0.0,0.0,0.0,0.0,1.0,0.9999999999999999,-1.05,0.0
1770415532.2472718,1,0,0.0,0.0,0.0,0.0,1.0,0.0,0.0,0.0
1770415532.248229,1,1,0.0,0.0,0.0,0.0,1.0,0.9999999999999999,-0.049999999999999996,0.0
1770415532.2489626,1,2,0.0,0.0,0.0,0.0,1.0,0.9999999999999999,-0.049999999999999996,0.0
1770415532.2505932,1,3,0.0,0.0,0.0,0.0,1.0,0.9999999999999999,-0.049999999999999996,0.0
1770415532.2523072,1,4,0.0,0.0,0.0,0.0,1.0,0.9999999999999999,-0.049999999999999996,0.0
1770415532.2539284,1,5,0.0,0.0,0.0,0.0,1.0,0.9999999999999999,-0.049999999999999996,0.0
1770415532.2555692,1,6,0.0,0.0,0.0,0.0,1.0,0.9999999999999999,-1.05,0.0
1770415532.2572906,1,7,0.0,0.0,0.0,0.0,1.0,0.9999999999999999,-1.05,0.0
1770415532.258514,1,8,0.0,0.0,0.0,0.0,1.0,0.9999999999999999,-1.05,0.0
1770415532.2593935,1,9,0.0,0.0,0.0,0.0,1.0,0.9999999999999999,-1.05,0.0
1770415532.2601645,1,10,0.0,0.0,0.0,0.0,1.0,0.9999999999999999,-1.05,0.0
1770415532.2610602,1,11,0.0,0.0,0.0,0.0,1.0,0.9999999999999999,-1.05,0.0
1770415532.2621136,1,12,0.0,0.0,0.0,0.0,1.0,0.9999999999999999,-1.05,0.0
1770415532.262972,1,13,0.0,0.0,0.0,0.0,1.0,0.9999999999999999,-1.05,0.0
1770415532.2639005,1,14,0.0,0.0,0.0,0.0,1.0,0.9999999999999999,-1.05,0.0
1770415532.2647686,1,15,0.0,0.0,0.0,0.0,1.0,0.9999999999999999,-1.05,0.0
1770415532.2658072,1,16,0.0,0.0,0.0,0.0,1.0,0.9999999999999999,-1.05,0.0
1770415532.2667873,1,17,0.0,0.0,0.0,0.0,1.0,0.9999999999999999,-1.05,0.0
1770415532.267949,1,18,0.0,0.0,0.0,0.0,1.0,0.9999999999999999,-1.05,0.0
1770415532.2689126,1,19,0.0,0.0,0.0,0.0,1.0,0.9999999999999999,-1.05,0.0
1770415532.2697978,1,20,0.0,0.0,0.0,0.0,1.0,0.9999999999999999,-1.05,0.0
1770415532.270771,1,21,0.0,0.0,0.0,0.0,1.0,0.9999999999999999,-1.05,0.0
1770415532.271768,1,22,0.0,0.0,0.0,0.0,1.0,0.9999999999999999,-1.05,0.0
1770415532.2726195,1,23,0.0,0.0,0.0,0.0,1.0,0.9999999999999999,-1.05,0.0
1770415532.2735052,1,24,0.0,0.0,0.0,0.0,1.0,0.9999999999999999,-1.05,0.0
1770415532.2743173,1,25,0.0,0.0,0.0,0.0,1.0,0.9999999999999999,-1.05,0.0
1770415532.2751312,1,26,0.0,0.0,0.0,0.0,1.0,0.9999999999999999,-1.05,0.0
1770415532.2757535,1,27,0.0,0.0,0.0,0.0,1.0,0.9999999999999999,-1.05,0.0
1770415532.2765558,1,28,0.0,0.0,0.0,0.0,1.0,0.9999999999999999,-1.05,0.0
1770415532.277322,1,29,0.0,0.0,0.0,0.0,1.0,0.9999999999999999,-1.05,0.0
1770415532.2782679,1,30,0.0,0.0,0.0,0.0,1.0,0.9999999999999999,-1.05,0.0
1770415532.2792094,1,31,0.0,0.0,0.0,0.0,1.0,0.9999999999999999,-1.05,0.0
1770415532.280054,1,32,0.0,0.0,0.0,0.0,1.0,0.9999999999999999,-1.05,0.0
1770415532.2808557,1,33,0.0,0.0,0.0,0.0,1.0,0.9999999999999999,-1.05,0.0
1770415532.2816997,1,34,0.0,0.0,0.0,0.0,1.0,0.9999999999999999,-1.05,0.0
1770415532.2824726,1,35,0.0,0.0,0.0,0.0,1.0,0.9999999999999999,-1.05,0.0
1770415532.2834105,1,36,0.0,0.0,0.0,0.0,1.0,0.9999999999999999,-1.05,0.0
1770415532.2842402,1,37,0.0,0.0,0.0,0.0,1.0,0.9999999999999999,-1.05,0.0
1770415532.2849545,1,38,0.0,0.0,0.0,0.0,1.0,0.9999999999999999,-1.05,0.0
1770415532.2857366,1,39,0.0,0.0,0.0,0.0,1.0,0.9999999999999999,-1.05,0.0
1770415532.286498,1,40,0.0,0.0,0.0,0.0,1.0,0.9999999999999999,-1.05,0.0
1770415532.287514,1,41,0.0,0.0,0.0,0.0,1.0,0.9999999999999999,-1.05,0.0
1770415532.288528,1,42,0.0,0.0,0.0,0.0,1.0,0.9999999999999999,-1.05,0.0
1770415532.2896187,1,43,0.0,0.0,0.0,0.0,1.0,0.9999999999999999,-1.05,0.0
1770415532.2904892,1,44,0.0,0.0,0.0,0.0,1.0,0.9999999999999999,-1.05,0.0
1770415532.2915492,1,45,0.0,0.0,0.0,0.0,1.0,0.9999999999999999,-1.05,0.0
1770415532.2922895,1,46,0.0,0.0,0.0,0.0,1.0,0.9999999999999999,-1.05,0.0
1770415532.29307,1,47,0.0,0.0,0.0,0.0,1.0,0.9999999999999999,-1.05,0.0
1770415532.2937346,1,48,0.0,0.0,0.0,0.0,1.0,0.9999999999999999,-1.05,0.0
1770415532.2945342,1,49,0.0,0.0,0.0,0.0,1.0,0.9999999999999999,-1.05,0.0
1770415532.295216,1,50,0.0,0.0,0.0,0.0,1.0,0.9999999999999999,-1.05,0.0
1770415532.2960012,1,51,0.0,0.0,0.0,0.0,1.0,0.9999999999999999,-1.05,0.0
1770415532.2966442,1,52,0.0,0.0,0.0,0.0,1.0,0.9999999999999999,-1.05,0.0
1770415532.297302,1,53,0.0,0.0,0.0,0.0,1.0,0.9999999999999999,-1.05,0.0
1770415532.2981825,1,54,0.0,0.0,0.0,0.0,1.0,0.9999999999999999,-1.05,0.0
1770415532.2989612,1,55,0.0,0.0,0.0,0.0,1.0,0.9999999999999999,-1.05,0.0
1770415532.2995832,1,56,0.0,0.0,0.0,0.0,1.0,0.9999999999999999,-1.05,0.0
1770415532.3004599,1,57,0.0,0.0,0.0,0.0,1.0,0.9999999999999999,-1.05,0.0
1770415532.3013399,1,58,0.0,0.0,0.0,0.0,1.0,0.9999999999999999,-1.05,0.0
1770415532.3019824,1,59,0.0,0.0,0.0,0.0,1.0,0.9999999999999999,-1.05,0.0
1770415532.3029208,1,60,0.0,0.0,0.0,0.0,1.0,0.9999999999999999,-1.05,0.0
1770415532.3038964,1,61,0.0,0.0,0.0,0.0,1.0,0.9999999999999999,-1.05,0.0
1770415532.3047209,1,62,0.0,0.0,0.0,0.0,1.0,0.9999999999999999,-1.05,0.0
1770415532.3055646,1,63,0.0,0.0,0.0,0.0,1.0,0.9999999999999999,-1.05,0.0
1770415532.3065639,1,64,0.0,0.0,0.0,0.0,1.0,0.9999999999999999,-1.05,0.0
1770415532.3076143,1,65,0.0,0.0,0.0,0.0,1.0,0.9999999999999999,-1.05,0.0
1770415532.3086233,1,66,0.0,0.0,0.0,0.0,1.0,0.9999999999999999,-1.05,0.0
1770415532.3096187,1,67,0.0,0.0,0.0,0.0,1.0,0.9999999999999999,-1.05,0.0
1770415532.310552,1,68,0.0,0.0,0.0,0.0,1.0,0.9999999999999999,-1.05,0.0
1770415532.3115299,1,69,0.0,0.0,0.0,0.0,1.0,0.9999999999999999,-1.05,0.0
1770415532.3124976,1,70,0.0,0.0,0.0,0.0,1.0,0.9999999999999999,-1.05,0.0
1770415532.31345,1,71,0.0,0.0,0.0,0.0,1.0,0.9999999999999999,-1.05,0.0
1770415532.3144164,1,72,0.0,0.0,0.0,0.0,1.0,0.9999999999999999,-1.05,0.0
1770415532.3155077,1,73,0.0,0.0,0.0,0.0,1.0,0.9999999999999999,-1.05,0.0
1770415532.3167615,1,74,0.0,0.0,0.0,0.0,1.0,0.9999999999999999,-1.05,0.0
1770415532.3176734,1,75,0.0,0.0,0.0,0.0,1.0,0.9999999999999999,-1.05,0.0
1770415532.3184915,1,76,0.0,0.0,0.0,0.0,1.0,0.9999999999999999,-1.05,0.0
1770415532.3194664,1,77,0.0,0.0,0.0,0.0,1.0,0.9999999999999999,-1.05,0.0
1770415532.3202212,1,78,0.0,0.0,0.0,0.0,1.0,0.9999999999999999,-1.05,0.0
1770415532.3207636,1,79,0.0,0.0,0.0,0.0,1.0,0.9999999999999999,-1.05,0.0
1770415532.3213906,1,80,0.0,0.0,0.0,0.0,1.0,0.9999999999999999,-1.05,0.0
1770415532.3220599,1,81,0.0,0.0,0.0,0.0,1.0,0.9999999999999999,-1.05,0.0
1770415532.3227131,1,82,0.0,0.0,0.0,0.0,1.0,0.9999999999999999,-1.05,0.0
1770415532.3234782,1,83,0.0,0.0,0.0,0.0,1.0,0.9999999999999999,-1.05,0.0
1770415532.324345,1,84,0.0,0.0,0.0,0.0,1.0,0.9999999999999999,-1.05,0.0
1770415532.3250933,1,85,0.0,0.0,0.0,0.0,1.0,0.9999999999999999,-1.05,0.0
1770415532.3258452,1,86,0.0,0.0,0.0,0.0,1.0,0.9999999999999999,-1.05,0.0
1770415532.3269358,1,87,0.0,0.0,0.0,0.0,1.0,0.9999999999999999,-1.05,0.0
1770415532.3280218,1,88,0.0,0.0,0.0,0.0,1.0,0.9999999999999999,-1.05,0.0
1770415532.3288176,1,89,0.0,0.0,0.0,0.0,1.0,0.9999999999999999,-1.05,0.0
1770415532.329962,1,90,0.0,0.0,0.0,0.0,1.0,0.9999999999999999,-1.05,0.0
1770415532.3310416,1,91,0.0,0.0,0.0,0.0,1.0,0.9999999999999999,-1.05,0.0
1770415532.331836,1,92,0.0,0.0,0.0,0.0,1.0,0.9999999999999999,-1.05,0.0
1770415532.3326416,1,93,0.0,0.0,0.0,0.0,1.0,0.9999999999999999,-1.05,0.0
1770415532.333466,1,94,0.0,0.0,0.0,0.0,1.0,0.9999999999999999,-1.05,0.0
1770415532.334334,1,95,0.0,0.0,0.0,0.0,1.0,0.9999999999999999,-1.05,0.0
1770415532.3353708,1,96,0.0,0.0,0.0,0.0,1.0,0.9999999999999999,-1.05,0.0
1770415532.3362522,1,97,0.0,0.0,0.0,0.0,1.0,0.9999999999999999,-1.05,0.0
1770415532.3371618,1,98,0.0,0.0,0.0,0.0,1.0,0.9999999999999999,-1.05,0.0
1770415532.3380048,1,99,0.0,0.0,0.0,0.0,1.0,0.9999999999999999,-1.05,0.0
1770415532.338744,1,100,0.0,0.0,0.0,0.0,1.0,0.9999999999999999,-1.05,0.0
1770415532.339499,1,101,0.0,0.0,0.0,0.0,1.0,0.9999999999999999,-1.05,0.0
1770415532.340323,1,102,0.0,0.0,0.0,0.0,1.0,0.9999999999999999,-1.05,0.0
1770415532.3412824,1,103,0.0,0.0,0.0,0.0,1.0,0.9999999999999999,-1.05,0.0
1770415532.34209,1,104,0.0,0.0,0.0,0.0,1.0,0.9999999999999999,-1.05,0.0
1770415532.3428354,1,105,0.0,0.0,0.0,0.0,1.0,0.9999999999999999,-1.05,0.0
1770415532.3435745,1,106,0.0,0.0,0.0,0.0,1.0,0.9999999999999999,-1.05,0.0
1770415532.3442833,1,107,0.0,0.0,0.0,0.0,1.0,0.9999999999999999,-1.05,0.0
1770415532.3450687,1,108,0.0,0.0,0.0,0.0,1.0,0.9999999999999999,-1.05,0.0
1770415532.3457375,1,109,0.0,0.0,0.0,0.0,1.0,0.9999999999999999,-1.05,0.0
1770415532.346428,1,110,0.0,0.0,0.0,0.0,1.0,0.9999999999999999,-1.05,0.0
1770415532.3472972,1,111,0.0,0.0,0.0,0.0,1.0,0.9999999999999999,-1.05,0.0
1770415532.3482277,1,112,0.0,0.0,0.0,0.0,1.0,0.9999999999999999,-1.05,0.0
1770415532.3490884,1,113,0.0,0.0,0.0,0.0,1.0,0.9999999999999999,-1.05,0.0
1770415532.3501418,1,114,0.0,0.0,0.0,0.0,1.0,0.9999999999999999,-1.05,0.0
1770415532.3511643,1,115,0.0,0.0,0.0,0.0,1.0,0.9999999999999999,-1.05,0.0
1770415532.3519142,1,116,0.0,0.0,0.0,0.0,1.0,0.9999999999999999,-1.05,0.0
1770415532.3524954,1,117,0.0,0.0,0.0,0.0,1.0,0.9999999999999999,-1.05,0.0
1770415532.35307,1,118,0.0,0.0,0.0,0.0,1.0,0.9999999999999999,-1.05,0.0
1770415532.3537228,1,119,0.0,0.0,0.0,0.0,1.0,0.9999999999999999,-1.05,0.0
1770415532.354318,1,120,0.0,0.0,0.0,0.0,1.0,0.9999999999999999,-1.05,0.0
1770415532.355104,1,121,0.0,0.0,0.0,0.0,1.0,0.9999999999999999,-1.05,0.0
1770415532.3560734,1,122,0.0,0.0,0.0,0.0,1.0,0.9999999999999999,-1.05,0.0
1770415532.3570173,1,123,0.0,0.0,0.0,0.0,1.0,0.9999999999999999,-1.05,0.0
1770415532.3578038,1,124,0.0,0.0,0.0,0.0,1.0,0.9999999999999999,-1.05,0.0
1770415532.3585951,1,125,0.0,0.0,0.0,0.0,1.0,0.9999999999999999,-1.05,0.0
1770415532.3594189,1,126,0.0,0.0,0.0,0.0,1.0,0.9999999999999999,-1.05,0.0
1770415532.360504,1,127,0.0,0.0,0.0,0.0,1.0,0.9999999999999999,-1.05,0.0
1770415532.3614125,1,128,0.0,0.0,0.0,0.0,1.0,0.9999999999999999,-1.05,0.0
1770415532.3624403,1,129,0.0,0.0,0.0,0.0,1.0,0.9999999999999999,-1.05,0.0
1770415532.3633657,1,130,0.0,0.0,0.0,0.0,1.0,0.9999999999999999,-1.05,0.0
1770415532.3642306,1,131,0.0,0.0,0.0,0.0,1.0,0.9999999999999999,-1.05,0.0
1770415532.3651078,1,132,0.0,0.0,0.0,0.0,1.0,0.9999999999999999,-1.05,0.0
1770415532.366039,1,133,0.0,0.0,0.0,0.0,1.0,0.9999999999999999,-1.05,0.0
1770415532.3666866,1,134,0.0,0.0,0.0,0.0,1.0,0.9999999999999999,-1.05,0.0
1770415532.3673775,1,135,0.0,0.0,0.0,0.0,1.0,0.9999999999999999,-1.05,0.0
1770415532.3681705,1,136,0.0,0.0,0.0,0.0,1.0,0.9999999999999999,-1.05,0.0
1770415532.368961,1,137,0.0,0.0,0.0,0.0,1.0,0.9999999999999999,-1.05,0.0
1770415532.3695986,1,138,0.0,0.0,0.0,0.0,1.0,0.9999999999999999,-1.05,0.0
1770415532.3702848,1,139,0.0,0.0,0.0,0.0,1.0,0.9999999999999999,-1.05,0.0
1770415532.3711743,1,140,0.0,0.0,0.0,0.0,1.0,0.9999999999999999,-1.05,0.0
1770415532.3720906,1,141,0.0,0.0,0.0,0.0,1.0,0.9999999999999999,-1.05,0.0
1770415532.3728423,1,142,0.0,0.0,0.0,0.0,1.0,0.9999999999999999,-1.05,0.0
1770415532.3737507,1,143,0.0,0.0,0.0,0.0,1.0,0.9999999999999999,-1.05,0.0
1770415532.3745568,1,144,0.0,0.0,0.0,0.0,1.0,0.9999999999999999,-1.05,0.0
1770415532.3756566,1,145,0.0,0.0,0.0,0.0,1.0,0.9999999999999999,-1.05,0.0
1770415532.3768015,1,146,0.0,0.0,0.0,0.0,1.0,0.9999999999999999,-1.05,0.0
1770415532.3777754,1,147,0.0,0.0,0.0,0.0,1.0,0.9999999999999999,-1.05,0.0
1770415532.3787403,1,148,0.0,0.0,0.0,0.0,1.0,0.9999999999999999,-1.05,0.0
1770415532.379484,1,149,0.0,0.0,0.0,0.0,1.0,0.9999999999999999,-1.05,0.0
1770415532.3803027,1,150,0.0,0.0,0.0,0.0,1.0,0.9999999999999999,-1.05,0.0
1770415532.381139,1,151,0.0,0.0,0.0,0.0,1.0,0.9999999999999999,-1.05,0.0
1770415532.3818028,1,152,0.0,0.0,0.0,0.0,1.0,0.9999999999999999,-1.05,0.0
1770415532.3825314,1,153,0.0,0.0,0.0,0.0,1.0,0.9999999999999999,-1.05,0.0
1770415532.3831706,1,154,0.0,0.0,0.0,0.0,1.0,0.9999999999999999,-1.05,0.0
1770415532.3840072,1,155,0.0,0.0,0.0,0.0,1.0,0.9999999999999999,-1.05,0.0
1770415532.385094,1,156,0.0,0.0,0.0,0.0,1.0,0.9999999999999999,-1.05,0.0
1770415532.3861063,1,157,0.0,0.0,0.0,0.0,1.0,0.9999999999999999,-1.05,0.0
1770415532.3868375,1,158,0.0,0.0,0.0,0.0,1.0,0.9999999999999999,-1.05,0.0
1770415532.3878229,1,159,0.0,0.0,0.0,0.0,1.0,0.9999999999999999,-1.05,0.0
1770415532.3888586,1,160,0.0,0.0,0.0,0.0,1.0,0.9999999999999999,-1.05,0.0
1770415532.3897798,1,161,0.0,0.0,0.0,0.0,1.0,0.9999999999999999,-1.05,0.0
1770415532.3906987,1,162,0.0,0.0,0.0,0.0,1.0,0.9999999999999999,-1.05,0.0
1770415532.391553,1,163,0.0,0.0,0.0,0.0,1.0,0.9999999999999999,-1.05,0.0
1770415532.3925931,1,164,0.0,0.0,0.0,0.0,1.0,0.9999999999999999,-1.05,0.0
1770415532.3935342,1,165,0.0,0.0,0.0,0.0,1.0,0.9999999999999999,-1.05,0.0
1770415532.394343,1,166,0.0,0.0,0.0,0.0,1.0,0.9999999999999999,-1.05,0.0
1770415532.3952153,1,167,0.0,0.0,0.0,0.0,1.0,0.9999999999999999,-1.05,0.0
1770415532.3960679,1,168,0.0,0.0,0.0,0.0,1.0,0.9999999999999999,-1.05,0.0
1770415532.3967657,1,169,0.0,0.0,0.0,0.0,1.0,0.9999999999999999,-1.05,0.0
1770415532.397555,1,170,0.0,0.0,0.0,0.0,1.0,0.9999999999999999,-1.05,0.0
1770415532.3984227,1,171,0.0,0.0,0.0,0.0,1.0,0.9999999999999999,-1.05,0.0
1770415532.3996463,1,172,0.0,0.0,0.0,0.0,1.0,0.9999999999999999,-1.05,0.0
1770415532.4005835,1,173,0.0,0.0,0.0,0.0,1.0,0.9999999999999999,-1.05,0.0
1770415532.4014585,1,174,0.0,0.0,0.0,0.0,1.0,0.9999999999999999,-1.05,0.0
1770415532.4022233,1,175,0.0,0.0,0.0,0.0,1.0,0.9999999999999999,-1.05,0.0
1770415532.402996,1,176,0.0,0.0,0.0,0.0,1.0,0.9999999999999999,-1.05,0.0
1770415532.4037542,1,177,0.0,0.0,0.0,0.0,1.0,0.9999999999999999,-1.05,0.0
1770415532.404686,1,178,0.0,0.0,0.0,0.0,1.0,0.9999999999999999,-1.05,0.0
1770415532.405583,1,179,0.0,0.0,0.0,0.0,1.0,0.9999999999999999,-1.05,0.0
1770415532.4065814,1,180,0.0,0.0,0.0,0.0,1.0,0.9999999999999999,-1.05,0.0
1770415532.407504,1,181,0.0,0.0,0.0,0.0,1.0,0.9999999999999999,-1.05,0.0
1770415532.408444,1,182,0.0,0.0,0.0,0.0,1.0,0.9999999999999999,-1.05,0.0
1770415532.4097116,1,183,0.0,0.0,0.0,0.0,1.0,0.9999999999999999,-1.05,0.0
1770415532.410741,1,184,0.0,0.0,0.0,0.0,1.0,0.9999999999999999,-1.05,0.0
1770415532.4116075,1,185,0.0,0.0,0.0,0.0,1.0,0.9999999999999999,-1.05,0.0
1770415532.4125345,1,186,0.0,0.0,0.0,0.0,1.0,0.9999999999999999,-1.05,0.0
1770415532.4135776,1,187,0.0,0.0,0.0,0.0,1.0,0.9999999999999999,-1.05,0.0
1770415532.414522,1,188,0.0,0.0,0.0,0.0,1.0,0.9999999999999999,-1.05,0.0
1770415532.4154766,1,189,0.0,0.0,0.0,0.0,1.0,0.9999999999999999,-1.05,0.0
1770415532.416534,1,190,0.0,0.0,0.0,0.0,1.0,0.9999999999999999,-1.05,0.0
1770415532.417711,1,191,0.0,0.0,0.0,0.0,1.0,0.9999999999999999,-1.05,0.0
1770415532.4187262,1,192,0.0,0.0,0.0,0.0,1.0,0.9999999999999999,-1.05,0.0
1770415532.4197526,1,193,0.0,0.0,0.0,0.0,1.0,0.9999999999999999,-1.05,0.0
1770415532.4208198,1,194,0.0,0.0,0.0,0.0,1.0,0.9999999999999999,-1.05,0.0
1770415532.4217062,1,195,0.0,0.0,0.0,0.0,1.0,0.9999999999999999,-1.05,0.0
1770415532.4224856,1,196,0.0,0.0,0.0,0.0,1.0,0.9999999999999999,-1.05,0.0
1770415532.4234612,1,197,0.0,0.0,0.0,0.0,1.0,0.9999999999999999,-1.05,0.0
1770415532.424539,1,198,0.0,0.0,0.0,0.0,1.0,0.9999999999999999,-1.05,0.0
1770415532.425371,1,199,0.0,0.0,0.0,0.0,1.0,0.9999999999999999,-1.05,0.0
1770415532.4262571,1,200,0.0,0.0,0.0,0.0,1.0,0.9999999999999999,-1.05,0.0
1770415532.4742103,2,0,0.0,0.0,0.0,0.0,1.0,0.0,0.0,0.0
1770415532.4758732,2,1,0.0,0.0,0.0,0.0,1.0,0.9999999999999999,-0.049999999999999996,0.0
1770415532.4774766,2,2,0.0,0.0,0.0,0.0,1.0,0.9999999999999999,-0.049999999999999996,0.0
1770415532.4790516,2,3,0.0,0.0,0.0,0.0,1.0,0.9999999999999999,-0.049999999999999996,0.0
1770415532.4806726,2,4,0.0,0.0,0.0,0.0,1.0,0.9999999999999999,-0.049999999999999996,0.0
1770415532.481562,2,5,0.0,0.0,0.0,0.0,1.0,0.9999999999999999,-0.049999999999999996,0.0
1770415532.4822638,2,6,0.0,0.0,0.0,0.0,1.0,0.9999999999999999,-1.05,0.0
1770415532.4829645,2,7,0.0,0.0,0.0,0.0,1.0,0.9999999999999999,-1.05,0.0
1770415532.4836695,2,8,0.0,0.0,0.0,0.0,1.0,0.9999999999999999,-1.05,0.0
1770415532.4844635,2,9,0.0,0.0,0.0,0.0,1.0,0.9999999999999999,-1.05,0.0
1770415532.4861083,2,10,0.0,0.0,0.0,0.0,1.0,0.9999999999999999,-1.05,0.0
1770415532.4876018,2,11,0.0,0.0,0.0,0.0,1.0,0.9999999999999999,-1.05,0.0
1770415532.4891298,2,12,0.0,0.0,0.0,0.0,1.0,0.9999999999999999,-1.05,0.0
1770415532.49087,2,13,0.0,0.0,0.0,0.0,1.0,0.9999999999999999,-1.05,0.0
1770415532.4925332,2,14,0.0,0.0,0.0,0.0,1.0,0.9999999999999999,-1.05,0.0
1770415532.4936535,2,15,0.0,0.0,0.0,0.0,1.0,0.9999999999999999,-1.05,0.0
1770415532.4945662,2,16,0.0,0.0,0.0,0.0,1.0,0.9999999999999999,-1.05,0.0
1770415532.4952636,2,17,0.0,0.0,0.0,0.0,1.0,0.9999999999999999,-1.05,0.0
1770415532.4959028,2,18,0.0,0.0,0.0,0.0,1.0,0.9999999999999999,-1.05,0.0
1770415532.4965215,2,19,0.0,0.0,0.0,0.0,1.0,0.9999999999999999,-1.05,0.0
1770415532.4971325,2,20,0.0,0.0,0.0,0.0,1.0,0.9999999999999999,-1.05,0.0
1770415532.497932,2,21,0.0,0.0,0.0,0.0,1.0,0.9999999999999999,-1.05,0.0
1770415532.4988759,2,22,0.0,0.0,0.0,0.0,1.0,0.9999999999999999,-1.05,0.0
1770415532.4997087,2,23,0.0,0.0,0.0,0.0,1.0,0.9999999999999999,-1.05,0.0
1770415532.5004992,2,24,0.0,0.0,0.0,0.0,1.0,0.9999999999999999,-1.05,0.0
1770415532.5012765,2,25,0.0,0.0,0.0,0.0,1.0,0.9999999999999999,-1.05,0.0
1770415532.5020614,2,26,0.0,0.0,0.0,0.0,1.0,0.9999999999999999,-1.05,0.0
1770415532.5027468,2,27,0.0,0.0,0.0,0.0,1.0,0.9999999999999999,-1.05,0.0
1770415532.5033631,2,28,0.0,0.0,0.0,0.0,1.0,0.9999999999999999,-1.05,0.0
1770415532.5041144,2,29,0.0,0.0,0.0,0.0,1.0,0.9999999999999999,-1.05,0.0
1770415532.5047657,2,30,0.0,0.0,0.0,0.0,1.0,0.9999999999999999,-1.05,0.0
1770415532.5064766,2,31,0.0,0.0,0.0,0.0,1.0,0.9999999999999999,-1.05,0.0
1770415532.5081732,2,32,0.0,0.0,0.0,0.0,1.0,0.9999999999999999,-1.05,0.0
1770415532.5097196,2,33,0.0,0.0,0.0,0.0,1.0,0.9999999999999999,-1.05,0.0
1770415532.511155,2,34,0.0,0.0,0.0,0.0,1.0,0.9999999999999999,-1.05,0.0
1770415532.512636,2,35,0.0,0.0,0.0,0.0,1.0,0.9999999999999999,-1.05,0.0
1770415532.514096,2,36,0.0,0.0,0.0,0.0,1.0,0.9999999999999999,-1.05,0.0
1770415532.5156395,2,37,0.0,0.0,0.0,0.0,1.0,0.9999999999999999,-1.05,0.0
1770415532.5170636,2,38,0.0,0.0,0.0,0.0,1.0,0.9999999999999999,-1.05,0.0
1770415532.5185392,2,39,0.0,0.0,0.0,0.0,1.0,0.9999999999999999,-1.05,0.0
1770415532.5194833,2,40,0.0,0.0,0.0,0.0,1.0,0.9999999999999999,-1.05,0.0
1770415532.5202916,2,41,0.0,0.0,0.0,0.0,1.0,0.9999999999999999,-1.05,0.0
1770415532.521056,2,42,0.0,0.0,0.0,0.0,1.0,0.9999999999999999,-1.05,0.0
1770415532.5221577,2,43,0.0,0.0,0.0,0.0,1.0,0.9999999999999999,-1.05,0.0
1770415532.5231066,2,44,0.0,0.0,0.0,0.0,1.0,0.9999999999999999,-1.05,0.0
1770415532.5238779,2,45,0.0,0.0,0.0,0.0,1.0,0.9999999999999999,-1.05,0.0
1770415532.524666,2,46,0.0,0.0,0.0,0.0,1.0,0.9999999999999999,-1.05,0.0
1770415532.5257957,2,47,0.0,0.0,0.0,0.0,1.0,0.9999999999999999,-1.05,0.0
1770415532.5268729,2,48,0.0,0.0,0.0,0.0,1.0,0.9999999999999999,-1.05,0.0
1770415532.5276303,2,49,0.0,0.0,0.0,0.0,1.0,0.9999999999999999,-1.05,0.0
1770415532.5283813,2,50,0.0,0.0,0.0,0.0,1.0,0.9999999999999999,-1.05,0.0
1770415532.529294,2,51,0.0,0.0,0.0,0.0,1.0,0.9999999999999999,-1.05,0.0
1770415532.5301998,2,52,0.0,0.0,0.0,0.0,1.0,0.9999999999999999,-1.05,0.0
1770415532.5311315,2,53,0.0,0.0,0.0,0.0,1.0,0.9999999999999999,-1.05,0.0
1770415532.5320306,2,54,0.0,0.0,0.0,0.0,1.0,0.9999999999999999,-1.05,0.0
1770415532.5329416,2,55,0.0,0.0,0.0,0.0,1.0,0.9999999999999999,-1.05,0.0
1770415532.5337884,2,56,0.0,0.0,0.0,0.0,1.0,0.9999999999999999,-1.05,0.0
1770415532.534752,2,57,0.0,0.0,0.0,0.0,1.0,0.9999999999999999,-1.05,0.0
1770415532.5354567,2,58,0.0,0.0,0.0,0.0,1.0,0.9999999999999999,-1.05,0.0
1770415532.536233,2,59,0.0,0.0,0.0,0.0,1.0,0.9999999999999999,-1.05,0.0
1770415532.5370786,2,60,0.0,0.0,0.0,0.0,1.0,0.9999999999999999,-1.05,0.0
1770415532.537899,2,61,0.0,0.0,0.0,0.0,1.0,0.9999999999999999,-1.05,0.0
1770415532.5388167,2,62,0.0,0.0,0.0,0.0,1.0,0.9999999999999999,-1.05,0.0
1770415532.5396624,2,63,0.0,0.0,0.0,0.0,1.0,0.9999999999999999,-1.05,0.0
1770415532.5404716,2,64,0.0,0.0,0.0,0.0,1.0,0.9999999999999999,-1.05,0.0
1770415532.5412312,2,65,0.0,0.0,0.0,0.0,1.0,0.9999999999999999,-1.05,0.0
1770415532.542174,2,66,0.0,0.0,0.0,0.0,1.0,0.9999999999999999,-1.05,0.0
1770415532.5430152,2,67,0.0,0.0,0.0,0.0,1.0,0.9999999999999999,-1.05,0.0
1770415532.5437496,2,68,0.0,0.0,0.0,0.0,1.0,0.9999999999999999,-1.05,0.0
1770415532.544399,2,69,0.0,0.0,0.0,0.0,1.0,0.9999999999999999,-1.05,0.0
1770415532.5451856,2,70,0.0,0.0,0.0,0.0,1.0,0.9999999999999999,-1.05,0.0
1770415532.5460703,2,71,0.0,0.0,0.0,0.0,1.0,0.9999999999999999,-1.05,0.0
1770415532.5468256,2,72,0.0,0.0,0.0,0.0,1.0,0.9999999999999999,-1.05,0.0
1770415532.5475922,2,73,0.0,0.0,0.0,0.0,1.0,0.9999999999999999,-1.05,0.0
1770415532.5483854,2,74,0.0,0.0,0.0,0.0,1.0,0.9999999999999999,-1.05,0.0
1770415532.5492887,2,75,0.0,0.0,0.0,0.0,1.0,0.9999999999999999,-1.05,0.0
1770415532.5501785,2,76,0.0,0.0,0.0,0.0,1.0,0.9999999999999999,-1.05,0.0
1770415532.5512218,2,77,0.0,0.0,0.0,0.0,1.0,0.9999999999999999,-1.05,0.0
1770415532.5522742,2,78,0.0,0.0,0.0,0.0,1.0,0.9999999999999999,-1.05,0.0
1770415532.5532675,2,79,0.0,0.0,0.0,0.0,1.0,0.9999999999999999,-1.05,0.0
1770415532.5540864,2,80,0.0,0.0,0.0,0.0,1.0,0.9999999999999999,-1.05,0.0
1770415532.554901,2,81,0.0,0.0,0.0,0.0,1.0,0.9999999999999999,-1.05,0.0
1770415532.5559978,2,82,0.0,0.0,0.0,0.0,1.0,0.9999999999999999,-1.05,0.0
1770415532.5571485,2,83,0.0,0.0,0.0,0.0,1.0,0.9999999999999999,-1.05,0.0
1770415532.5582216,2,84,0.0,0.0,0.0,0.0,1.0,0.9999999999999999,-1.05,0.0
1770415532.5592275,2,85,0.0,0.0,0.0,0.0,1.0,0.9999999999999999,-1.05,0.0
1770415532.560212,2,86,0.0,0.0,0.0,0.0,1.0,0.9999999999999999,-1.05,0.0
1770415532.5611768,2,87,0.0,0.0,0.0,0.0,1.0,0.9999999999999999,-1.05,0.0
1770415532.562019,2,88,0.0,0.0,0.0,0.0,1.0,0.9999999999999999,-1.05,0.0
1770415532.5628264,2,89,0.0,0.0,0.0,0.0,1.0,0.9999999999999999,-1.05,0.0
1770415532.563666,2,90,0.0,0.0,0.0,0.0,1.0,0.9999999999999999,-1.05,0.0
1770415532.5644681,2,91,0.0,0.0,0.0,0.0,1.0,0.9999999999999999,-1.05,0.0
1770415532.5652978,2,92,0.0,0.0,0.0,0.0,1.0,0.9999999999999999,-1.05,0.0
1770415532.5661507,2,93,0.0,0.0,0.0,0.0,1.0,0.9999999999999999,-1.05,0.0
1770415532.5671067,2,94,0.0,0.0,0.0,0.0,1.0,0.9999999999999999,-1.05,0.0
1770415532.5681298,2,95,0.0,0.0,0.0,0.0,1.0,0.9999999999999999,-1.05,0.0
1770415532.5691152,2,96,0.0,0.0,0.0,0.0,1.0,0.9999999999999999,-1.05,0.0
1770415532.5701857,2,97,0.0,0.0,0.0,0.0,1.0,0.9999999999999999,-1.05,0.0
1770415532.5709562,2,98,0.0,0.0,0.0,0.0,1.0,0.9999999999999999,-1.05,0.0
1770415532.5719209,2,99,0.0,0.0,0.0,0.0,1.0,0.9999999999999999,-1.05,0.0
1770415532.5730805,2,100,0.0,0.0,0.0,0.0,1.0,0.9999999999999999,-1.05,0.0
1770415532.5739415,2,101,0.0,0.0,0.0,0.0,1.0,0.9999999999999999,-1.05,0.0
1770415532.5748944,2,102,0.0,0.0,0.0,0.0,1.0,0.9999999999999999,-1.05,0.0
1770415532.5765634,2,103,0.0,0.0,0.0,0.0,1.0,0.9999999999999999,-1.05,0.0
1770415532.5781481,2,104,0.0,0.0,0.0,0.0,1.0,0.9999999999999999,-1.05,0.0
1770415532.5798078,2,105,0.0,0.0,0.0,0.0,1.0,0.9999999999999999,-1.05,0.0
1770415532.5806448,2,106,0.0,0.0,0.0,0.0,1.0,0.9999999999999999,-1.05,0.0
1770415532.5813076,2,107,0.0,0.0,0.0,0.0,1.0,0.9999999999999999,-1.05,0.0
1770415532.5822923,2,108,0.0,0.0,0.0,0.0,1.0,0.9999999999999999,-1.05,0.0
1770415532.5831661,2,109,0.0,0.0,0.0,0.0,1.0,0.9999999999999999,-1.05,0.0
1770415532.5837712,2,110,0.0,0.0,0.0,0.0,1.0,0.9999999999999999,-1.05,0.0
1770415532.5845478,2,111,0.0,0.0,0.0,0.0,1.0,0.9999999999999999,-1.05,0.0
1770415532.5853775,2,112,0.0,0.0,0.0,0.0,1.0,0.9999999999999999,-1.05,0.0
1770415532.586225,2,113,0.0,0.0,0.0,0.0,1.0,0.9999999999999999,-1.05,0.0
1770415532.587058,2,114,0.0,0.0,0.0,0.0,1.0,0.9999999999999999,-1.05,0.0
1770415532.5877533,2,115,0.0,0.0,0.0,0.0,1.0,0.9999999999999999,-1.05,0.0
1770415532.588406,2,116,0.0,0.0,0.0,0.0,1.0,0.9999999999999999,-1.05,0.0
1770415532.5892203,2,117,0.0,0.0,0.0,0.0,1.0,0.9999999999999999,-1.05,0.0
1770415532.5900679,2,118,0.0,0.0,0.0,0.0,1.0,0.9999999999999999,-1.05,0.0
1770415532.5907269,2,119,0.0,0.0,0.0,0.0,1.0,0.9999999999999999,-1.05,0.0
1770415532.5913565,2,120,0.0,0.0,0.0,0.0,1.0,0.9999999999999999,-1.05,0.0
1770415532.5920284,2,121,0.0,0.0,0.0,0.0,1.0,0.9999999999999999,-1.05,0.0
1770415532.592652,2,122,0.0,0.0,0.0,0.0,1.0,0.9999999999999999,-1.05,0.0
1770415532.5932527,2,123,0.0,0.0,0.0,0.0,1.0,0.9999999999999999,-1.05,0.0
1770415532.5940106,2,124,0.0,0.0,0.0,0.0,1.0,0.9999999999999999,-1.05,0.0
1770415532.5949757,2,125,0.0,0.0,0.0,0.0,1.0,0.9999999999999999,-1.05,0.0
1770415532.5961657,2,126,0.0,0.0,0.0,0.0,1.0,0.9999999999999999,-1.05,0.0
1770415532.597028,2,127,0.0,0.0,0.0,0.0,1.0,0.9999999999999999,-1.05,0.0
1770415532.597642,2,128,0.0,0.0,0.0,0.0,1.0,0.9999999999999999,-1.05,0.0
1770415532.5991452,2,129,0.0,0.0,0.0,0.0,1.0,0.9999999999999999,-1.05,0.0
1770415532.6007311,2,130,0.0,0.0,0.0,0.0,1.0,0.9999999999999999,-1.05,0.0
1770415532.6021655,2,131,0.0,0.0,0.0,0.0,1.0,0.9999999999999999,-1.05,0.0
1770415532.6038496,2,132,0.0,0.0,0.0,0.0,1.0,0.9999999999999999,-1.05,0.0
1770415532.605493,2,133,0.0,0.0,0.0,0.0,1.0,0.9999999999999999,-1.05,0.0
1770415532.6071332,2,134,0.0,0.0,0.0,0.0,1.0,0.9999999999999999,-1.05,0.0
1770415532.6084225,2,135,0.0,0.0,0.0,0.0,1.0,0.9999999999999999,-1.05,0.0
1770415532.6091597,2,136,0.0,0.0,0.0,0.0,1.0,0.9999999999999999,-1.05,0.0
1770415532.6100116,2,137,0.0,0.0,0.0,0.0,1.0,0.9999999999999999,-1.05,0.0
1770415532.6109858,2,138,0.0,0.0,0.0,0.0,1.0,0.9999999999999999,-1.05,0.0
1770415532.6119065,2,139,0.0,0.0,0.0,0.0,1.0,0.9999999999999999,-1.05,0.0
1770415532.6127126,2,140,0.0,0.0,0.0,0.0,1.0,0.9999999999999999,-1.05,0.0
1770415532.6134882,2,141,0.0,0.0,0.0,0.0,1.0,0.9999999999999999,-1.05,0.0
1770415532.61437,2,142,0.0,0.0,0.0,0.0,1.0,0.9999999999999999,-1.05,0.0
1770415532.6153295,2,143,0.0,0.0,0.0,0.0,1.0,0.9999999999999999,-1.05,0.0
1770415532.6163259,2,144,0.0,0.0,0.0,0.0,1.0,0.9999999999999999,-1.05,0.0
1770415532.6172497,2,145,0.0,0.0,0.0,0.0,1.0,0.9999999999999999,-1.05,0.0
1770415532.6179905,2,146,0.0,0.0,0.0,0.0,1.0,0.9999999999999999,-1.05,0.0
1770415532.618683,2,147,0.0,0.0,0.0,0.0,1.0,0.9999999999999999,-1.05,0.0
1770415532.6196718,2,148,0.0,0.0,0.0,0.0,1.0,0.9999999999999999,-1.05,0.0
1770415532.6204233,2,149,0.0,0.0,0.0,0.0,1.0,0.9999999999999999,-1.05,0.0
1770415532.62122,2,150,0.0,0.0,0.0,0.0,1.0,0.9999999999999999,-1.05,0.0
1770415532.622152,2,151,0.0,0.0,0.0,0.0,1.0,0.9999999999999999,-1.05,0.0
1770415532.622925,2,152,0.0,0.0,0.0,0.0,1.0,0.9999999999999999,-1.05,0.0
1770415532.6236808,2,153,0.0,0.0,0.0,0.0,1.0,0.9999999999999999,-1.05,0.0
1770415532.6245122,2,154,0.0,0.0,0.0,0.0,1.0,0.9999999999999999,-1.05,0.0
1770415532.625294,2,155,0.0,0.0,0.0,0.0,1.0,0.9999999999999999,-1.05,0.0
1770415532.6263056,2,156,0.0,0.0,0.0,0.0,1.0,0.9999999999999999,-1.05,0.0
1770415532.6274931,2,157,0.0,0.0,0.0,0.0,1.0,0.9999999999999999,-1.05,0.0
1770415532.6286118,2,158,0.0,0.0,0.0,0.0,1.0,0.9999999999999999,-1.05,0.0
1770415532.6296153,2,159,0.0,0.0,0.0,0.0,1.0,0.9999999999999999,-1.05,0.0
1770415532.6306396,2,160,0.0,0.0,0.0,0.0,1.0,0.9999999999999999,-1.05,0.0
1770415532.6315198,2,161,0.0,0.0,0.0,0.0,1.0,0.9999999999999999,-1.05,0.0
1770415532.6325936,2,162,0.0,0.0,0.0,0.0,1.0,0.9999999999999999,-1.05,0.0
1770415532.6335962,2,163,0.0,0.0,0.0,0.0,1.0,0.9999999999999999,-1.05,0.0
1770415532.6347442,2,164,0.0,0.0,0.0,0.0,1.0,0.9999999999999999,-1.05,0.0
1770415532.635795,2,165,0.0,0.0,0.0,0.0,1.0,0.9999999999999999,-1.05,0.0
1770415532.6365378,2,166,0.0,0.0,0.0,0.0,1.0,0.9999999999999999,-1.05,0.0
1770415532.6371908,2,167,0.0,0.0,0.0,0.0,1.0,0.9999999999999999,-1.05,0.0
1770415532.6382096,2,168,0.0,0.0,0.0,0.0,1.0,0.9999999999999999,-1.05,0.0
1770415532.6391916,2,169,0.0,0.0,0.0,0.0,1.0,0.9999999999999999,-1.05,0.0
1770415532.6401975,2,170,0.0,0.0,0.0,0.0,1.0,0.9999999999999999,-1.05,0.0
1770415532.641067,2,171,0.0,0.0,0.0,0.0,1.0,0.9999999999999999,-1.05,0.0
1770415532.6417792,2,172,0.0,0.0,0.0,0.0,1.0,0.9999999999999999,-1.05,0.0
1770415532.6428053,2,173,0.0,0.0,0.0,0.0,1.0,0.9999999999999999,-1.05,0.0
1770415532.6436303,2,174,0.0,0.0,0.0,0.0,1.0,0.9999999999999999,-1.05,0.0
1770415532.6444485,2,175,0.0,0.0,0.0,0.0,1.0,0.9999999999999999,-1.05,0.0
1770415532.645381,2,176,0.0,0.0,0.0,0.0,1.0,0.9999999999999999,-1.05,0.0
1770415532.6462388,2,177,0.0,0.0,0.0,0.0,1.0,0.9999999999999999,-1.05,0.0
1770415532.6471996,2,178,0.0,0.0,0.0,0.0,1.0,0.9999999999999999,-1.05,0.0
1770415532.6480944,2,179,0.0,0.0,0.0,0.0,1.0,0.9999999999999999,-1.05,0.0
1770415532.6489775,2,180,0.0,0.0,0.0,0.0,1.0,0.9999999999999999,-1.05,0.0
1770415532.6497753,2,181,0.0,0.0,0.0,0.0,1.0,0.9999999999999999,-1.05,0.0
1770415532.6505668,2,182,0.0,0.0,0.0,0.0,1.0,0.9999999999999999,-1.05,0.0
1770415532.6512845,2,183,0.0,0.0,0.0,0.0,1.0,0.9999999999999999,-1.05,0.0
1770415532.652162,2,184,0.0,0.0,0.0,0.0,1.0,0.9999999999999999,-1.05,0.0
1770415532.652979,2,185,0.0,0.0,0.0,0.0,1.0,0.9999999999999999,-1.05,0.0
1770415532.6536896,2,186,0.0,0.0,0.0,0.0,1.0,0.9999999999999999,-1.05,0.0
1770415532.6544409,2,187,0.0,0.0,0.0,0.0,1.0,0.9999999999999999,-1.05,0.0
1770415532.6550868,2,188,0.0,0.0,0.0,0.0,1.0,0.9999999999999999,-1.05,0.0
1770415532.6560032,2,189,0.0,0.0,0.0,0.0,1.0,0.9999999999999999,-1.05,0.0
1770415532.657176,2,190,0.0,0.0,0.0,0.0,1.0,0.9999999999999999,-1.05,0.0
1770415532.6581223,2,191,0.0,0.0,0.0,0.0,1.0,0.9999999999999999,-1.05,0.0
1770415532.6590009,2,192,0.0,0.0,0.0,0.0,1.0,0.9999999999999999,-1.05,0.0
1770415532.6598186,2,193,0.0,0.0,0.0,0.0,1.0,0.9999999999999999,-1.05,0.0
1770415532.6607046,2,194,0.0,0.0,0.0,0.0,1.0,0.9999999999999999,-1.05,0.0
1770415532.6625717,2,195,0.0,0.0,0.0,0.0,1.0,0.9999999999999999,-1.05,0.0
1770415532.6634848,2,196,0.0,0.0,0.0,0.0,1.0,0.9999999999999999,-1.05,0.0
1770415532.6644208,2,197,0.0,0.0,0.0,0.0,1.0,0.9999999999999999,-1.05,0.0
1770415532.6653705,2,198,0.0,0.0,0.0,0.0,1.0,0.9999999999999999,-1.05,0.0
1770415532.666333,2,199,0.0,0.0,0.0,0.0,1.0,0.9999999999999999,-1.05,0.0
1770415532.6674726,2,200,0.0,0.0,0.0,0.0,1.0,0.9999999999999999,-1.05,0.0
1770415532.7293184,3,0,0.0,0.0,0.0,0.0,1.0,0.0,0.0,0.0
1770415532.7303689,3,1,0.0,0.0,0.0,0.0,1.0,0.9999999999999999,-0.049999999999999996,0.0
1770415532.7311337,3,2,0.0,0.0,0.0,0.0,1.0,0.9999999999999999,-0.049999999999999996,0.0
1770415532.7322028,3,3,0.0,0.0,0.0,0.0,1.0,0.9999999999999999,-0.049999999999999996,0.0
1770415532.7332568,3,4,0.0,0.0,0.0,0.0,1.0,0.9999999999999999,-0.049999999999999996,0.0
1770415532.7342649,3,5,0.0,0.0,0.0,0.0,1.0,0.9999999999999999,-0.049999999999999996,0.0
1770415532.7352757,3,6,0.0,0.0,0.0,0.0,1.0,0.9999999999999999,-1.05,0.0
1770415532.736294,3,7,0.0,0.0,0.0,0.0,1.0,0.9999999999999999,-1.05,0.0
1770415532.7372262,3,8,0.0,0.0,0.0,0.0,1.0,0.9999999999999999,-1.05,0.0
1770415532.7381604,3,9,0.0,0.0,0.0,0.0,1.0,0.9999999999999999,-1.05,0.0
1770415532.739035,3,10,0.0,0.0,0.0,0.0,1.0,0.9999999999999999,-1.05,0.0
1770415532.739801,3,11,0.0,0.0,0.0,0.0,1.0,0.9999999999999999,-1.05,0.0
1770415532.7409334,3,12,0.0,0.0,0.0,0.0,1.0,0.9999999999999999,-1.05,0.0
1770415532.7417257,3,13,0.0,0.0,0.0,0.0,1.0,0.9999999999999999,-1.05,0.0
1770415532.742508,3,14,0.0,0.0,0.0,0.0,1.0,0.9999999999999999,-1.05,0.0
1770415532.7433927,3,15,0.0,0.0,0.0,0.0,1.0,0.9999999999999999,-1.05,0.0
1770415532.7443013,3,16,0.0,0.0,0.0,0.0,1.0,0.9999999999999999,-1.05,0.0
1770415532.745321,3,17,0.0,0.0,0.0,0.0,1.0,0.9999999999999999,-1.05,0.0
1770415532.746237,3,18,0.0,0.0,0.0,0.0,1.0,0.9999999999999999,-1.05,0.0
1770415532.7470822,3,19,0.0,0.0,0.0,0.0,1.0,0.9999999999999999,-1.05,0.0
1770415532.7477865,3,20,0.0,0.0,0.0,0.0,1.0,0.9999999999999999,-1.05,0.0
1770415532.7487714,3,21,0.0,0.0,0.0,0.0,1.0,0.9999999999999999,-1.05,0.0
1770415532.7496881,3,22,0.0,0.0,0.0,0.0,1.0,0.9999999999999999,-1.05,0.0
1770415532.7504277,3,23,0.0,0.0,0.0,0.0,1.0,0.9999999999999999,-1.05,0.0
1770415532.7513115,3,24,0.0,0.0,0.0,0.0,1.0,0.9999999999999999,-1.05,0.0
1770415532.7522445,3,25,0.0,0.0,0.0,0.0,1.0,0.9999999999999999,-1.05,0.0
1770415532.752936,3,26,0.0,0.0,0.0,0.0,1.0,0.9999999999999999,-1.05,0.0
1770415532.7535892,3,27,0.0,0.0,0.0,0.0,1.0,0.9999999999999999,-1.05,0.0
1770415532.754297,3,28,0.0,0.0,0.0,0.0,1.0,0.9999999999999999,-1.05,0.0
1770415532.7550404,3,29,0.0,0.0,0.0,0.0,1.0,0.9999999999999999,-1.05,0.0
1770415532.7559545,3,30,0.0,0.0,0.0,0.0,1.0,0.9999999999999999,-1.05,0.0
1770415532.7568352,3,31,0.0,0.0,0.0,0.0,1.0,0.9999999999999999,-1.05,0.0
1770415532.7578077,3,32,0.0,0.0,0.0,0.0,1.0,0.9999999999999999,-1.05,0.0
1770415532.7586577,3,33,0.0,0.0,0.0,0.0,1.0,0.9999999999999999,-1.05,0.0
1770415532.7592652,3,34,0.0,0.0,0.0,0.0,1.0,0.9999999999999999,-1.05,0.0
1770415532.7601235,3,35,0.0,0.0,0.0,0.0,1.0,0.9999999999999999,-1.05,0.0
1770415532.7610037,3,36,0.0,0.0,0.0,0.0,1.0,0.9999999999999999,-1.05,0.0
1770415532.7617404,3,37,0.0,0.0,0.0,0.0,1.0,0.9999999999999999,-1.05,0.0
1770415532.7627172,3,38,0.0,0.0,0.0,0.0,1.0,0.9999999999999999,-1.05,0.0
1770415532.7636662,3,39,0.0,0.0,0.0,0.0,1.0,0.9999999999999999,-1.05,0.0
1770415532.7647223,3,40,0.0,0.0,0.0,0.0,1.0,0.9999999999999999,-1.05,0.0
1770415532.7657256,3,41,0.0,0.0,0.0,0.0,1.0,0.9999999999999999,-1.05,0.0
1770415532.766545,3,42,0.0,0.0,0.0,0.0,1.0,0.9999999999999999,-1.05,0.0
1770415532.767601,3,43,0.0,0.0,0.0,0.0,1.0,0.9999999999999999,-1.05,0.0
1770415532.7685418,3,44,0.0,0.0,0.0,0.0,1.0,0.9999999999999999,-1.05,0.0
1770415532.7695072,3,45,0.0,0.0,0.0,0.0,1.0,0.9999999999999999,-1.05,0.0
1770415532.770488,3,46,0.0,0.0,0.0,0.0,1.0,0.9999999999999999,-1.05,0.0
1770415532.7714164,3,47,0.0,0.0,0.0,0.0,1.0,0.9999999999999999,-1.05,0.0
1770415532.7724695,3,48,0.0,0.0,0.0,0.0,1.0,0.9999999999999999,-1.05,0.0
1770415532.7734528,3,49,0.0,0.0,0.0,0.0,1.0,0.9999999999999999,-1.05,0.0
1770415532.774277,3,50,0.0,0.0,0.0,0.0,1.0,0.9999999999999999,-1.05,0.0
1770415532.7752287,3,51,0.0,0.0,0.0,0.0,1.0,0.9999999999999999,-1.05,0.0
1770415532.776113,3,52,0.0,0.0,0.0,0.0,1.0,0.9999999999999999,-1.05,0.0
1770415532.776959,3,53,0.0,0.0,0.0,0.0,1.0,0.9999999999999999,-1.05,0.0
1770415532.7780876,3,54,0.0,0.0,0.0,0.0,1.0,0.9999999999999999,-1.05,0.0
1770415532.77921,3,55,0.0,0.0,0.0,0.0,1.0,0.9999999999999999,-1.05,0.0
1770415532.780258,3,56,0.0,0.0,0.0,0.0,1.0,0.9999999999999999,-1.05,0.0
1770415532.7811606,3,57,0.0,0.0,0.0,0.0,1.0,0.9999999999999999,-1.05,0.0
1770415532.7824137,3,58,0.0,0.0,0.0,0.0,1.0,0.9999999999999999,-1.05,0.0
1770415532.7833326,3,59,0.0,0.0,0.0,0.0,1.0,0.9999999999999999,-1.05,0.0
1770415532.784573,3,60,0.0,0.0,0.0,0.0,1.0,0.9999999999999999,-1.05,0.0
1770415532.7857385,3,61,0.0,0.0,0.0,0.0,1.0,0.9999999999999999,-1.05,0.0
1770415532.7867913,3,62,0.0,0.0,0.0,0.0,1.0,0.9999999999999999,-1.05,0.0
1770415532.7878156,3,63,0.0,0.0,0.0,0.0,1.0,0.9999999999999999,-1.05,0.0
1770415532.788642,3,64,0.0,0.0,0.0,0.0,1.0,0.9999999999999999,-1.05,0.0
1770415532.789334,3,65,0.0,0.0,0.0,0.0,1.0,0.9999999999999999,-1.05,0.0
1770415532.7903047,3,66,0.0,0.0,0.0,0.0,1.0,0.9999999999999999,-1.05,0.0
1770415532.791272,3,67,0.0,0.0,0.0,0.0,1.0,0.9999999999999999,-1.05,0.0
1770415532.7921023,3,68,0.0,0.0,0.0,0.0,1.0,0.9999999999999999,-1.05,0.0
1770415532.7927926,3,69,0.0,0.0,0.0,0.0,1.0,0.9999999999999999,-1.05,0.0
1770415532.7939003,3,70,0.0,0.0,0.0,0.0,1.0,0.9999999999999999,-1.05,0.0
1770415532.7949114,3,71,0.0,0.0,0.0,0.0,1.0,0.9999999999999999,-1.05,0.0
1770415532.7959945,3,72,0.0,0.0,0.0,0.0,1.0,0.9999999999999999,-1.05,0.0
1770415532.796979,3,73,0.0,0.0,0.0,0.0,1.0,0.9999999999999999,-1.05,0.0
1770415532.7979567,3,74,0.0,0.0,0.0,0.0,1.0,0.9999999999999999,-1.05,0.0
1770415532.7989917,3,75,0.0,0.0,0.0,0.0,1.0,0.9999999999999999,-1.05,0.0
1770415532.8000062,3,76,0.0,0.0,0.0,0.0,1.0,0.9999999999999999,-1.05,0.0
1770415532.8010817,3,77,0.0,0.0,0.0,0.0,1.0,0.9999999999999999,-1.05,0.0
1770415532.801708,3,78,0.0,0.0,0.0,0.0,1.0,0.9999999999999999,-1.05,0.0
1770415532.802359,3,79,0.0,0.0,0.0,0.0,1.0,0.9999999999999999,-1.05,0.0
1770415532.803125,3,80,0.0,0.0,0.0,0.0,1.0,0.9999999999999999,-1.05,0.0
1770415532.8041615,3,81,0.0,0.0,0.0,0.0,1.0,0.9999999999999999,-1.05,0.0
1770415532.8050048,3,82,0.0,0.0,0.0,0.0,1.0,0.9999999999999999,-1.05,0.0
1770415532.805916,3,83,0.0,0.0,0.0,0.0,1.0,0.9999999999999999,-1.05,0.0
1770415532.8066828,3,84,0.0,0.0,0.0,0.0,1.0,0.9999999999999999,-1.05,0.0
1770415532.8083117,3,85,0.0,0.0,0.0,0.0,1.0,0.9999999999999999,-1.05,0.0
1770415532.8099864,3,86,0.0,0.0,0.0,0.0,1.0,0.9999999999999999,-1.05,0.0
1770415532.8115876,3,87,0.0,0.0,0.0,0.0,1.0,0.9999999999999999,-1.05,0.0
1770415532.8123276,3,88,0.0,0.0,0.0,0.0,1.0,0.9999999999999999,-1.05,0.0
1770415532.8131247,3,89,0.0,0.0,0.0,0.0,1.0,0.9999999999999999,-1.05,0.0
1770415532.8139935,3,90,0.0,0.0,0.0,0.0,1.0,0.9999999999999999,-1.05,0.0
1770415532.8149645,3,91,0.0,0.0,0.0,0.0,1.0,0.9999999999999999,-1.05,0.0
1770415532.8158307,3,92,0.0,0.0,0.0,0.0,1.0,0.9999999999999999,-1.05,0.0
1770415532.8167207,3,93,0.0,0.0,0.0,0.0,1.0,0.9999999999999999,-1.05,0.0
1770415532.817526,3,94,0.0,0.0,0.0,0.0,1.0,0.9999999999999999,-1.05,0.0
1770415532.8183541,3,95,0.0,0.0,0.0,0.0,1.0,0.9999999999999999,-1.05,0.0
1770415532.8193042,3,96,0.0,0.0,0.0,0.0,1.0,0.9999999999999999,-1.05,0.0
1770415532.8201597,3,97,0.0,0.0,0.0,0.0,1.0,0.9999999999999999,-1.05,0.0
1770415532.8209348,3,98,0.0,0.0,0.0,0.0,1.0,0.9999999999999999,-1.05,0.0
1770415532.821664,3,99,0.0,0.0,0.0,0.0,1.0,0.9999999999999999,-1.05,0.0
1770415532.822472,3,100,0.0,0.0,0.0,0.0,1.0,0.9999999999999999,-1.05,0.0
1770415532.8235736,3,101,0.0,0.0,0.0,0.0,1.0,0.9999999999999999,-1.05,0.0
1770415532.8244903,3,102,0.0,0.0,0.0,0.0,1.0,0.9999999999999999,-1.05,0.0
1770415532.8255618,3,103,0.0,0.0,0.0,0.0,1.0,0.9999999999999999,-1.05,0.0
1770415532.8264756,3,104,0.0,0.0,0.0,0.0,1.0,0.9999999999999999,-1.05,0.0
1770415532.8274255,3,105,0.0,0.0,0.0,0.0,1.0,0.9999999999999999,-1.05,0.0
1770415532.8284729,3,106,0.0,0.0,0.0,0.0,1.0,0.9999999999999999,-1.05,0.0
1770415532.82951,3,107,0.0,0.0,0.0,0.0,1.0,0.9999999999999999,-1.05,0.0
1770415532.8304179,3,108,0.0,0.0,0.0,0.0,1.0,0.9999999999999999,-1.05,0.0
1770415532.8312578,3,109,0.0,0.0,0.0,0.0,1.0,0.9999999999999999,-1.05,0.0
1770415532.8320985,3,110,0.0,0.0,0.0,0.0,1.0,0.9999999999999999,-1.05,0.0
1770415532.8327758,3,111,0.0,0.0,0.0,0.0,1.0,0.9999999999999999,-1.05,0.0
1770415532.833459,3,112,0.0,0.0,0.0,0.0,1.0,0.9999999999999999,-1.05,0.0
1770415532.83406,3,113,0.0,0.0,0.0,0.0,1.0,0.9999999999999999,-1.05,0.0
1770415532.8349733,3,114,0.0,0.0,0.0,0.0,1.0,0.9999999999999999,-1.05,0.0
1770415532.8359966,3,115,0.0,0.0,0.0,0.0,1.0,0.9999999999999999,-1.05,0.0
1770415532.836965,3,116,0.0,0.0,0.0,0.0,1.0,0.9999999999999999,-1.05,0.0
1770415532.8379798,3,117,0.0,0.0,0.0,0.0,1.0,0.9999999999999999,-1.05,0.0
1770415532.838814,3,118,0.0,0.0,0.0,0.0,1.0,0.9999999999999999,-1.05,0.0
1770415532.8396647,3,119,0.0,0.0,0.0,0.0,1.0,0.9999999999999999,-1.05,0.0
1770415532.840305,3,120,0.0,0.0,0.0,0.0,1.0,0.9999999999999999,-1.05,0.0
1770415532.8411279,3,121,0.0,0.0,0.0,0.0,1.0,0.9999999999999999,-1.05,0.0
1770415532.8418345,3,122,0.0,0.0,0.0,0.0,1.0,0.9999999999999999,-1.05,0.0
1770415532.8426394,3,123,0.0,0.0,0.0,0.0,1.0,0.9999999999999999,-1.05,0.0
1770415532.8433533,3,124,0.0,0.0,0.0,0.0,1.0,0.9999999999999999,-1.05,0.0
1770415532.8440433,3,125,0.0,0.0,0.0,0.0,1.0,0.9999999999999999,-1.05,0.0
1770415532.8447716,3,126,0.0,0.0,0.0,0.0,1.0,0.9999999999999999,-1.05,0.0
1770415532.8456845,3,127,0.0,0.0,0.0,0.0,1.0,0.9999999999999999,-1.05,0.0
1770415532.846429,3,128,0.0,0.0,0.0,0.0,1.0,0.9999999999999999,-1.05,0.0
1770415532.8473148,3,129,0.0,0.0,0.0,0.0,1.0,0.9999999999999999,-1.05,0.0
1770415532.8480916,3,130,0.0,0.0,0.0,0.0,1.0,0.9999999999999999,-1.05,0.0
1770415532.8490694,3,131,0.0,0.0,0.0,0.0,1.0,0.9999999999999999,-1.05,0.0
1770415532.8500876,3,132,0.0,0.0,0.0,0.0,1.0,0.9999999999999999,-1.05,0.0
1770415532.8511612,3,133,0.0,0.0,0.0,0.0,1.0,0.9999999999999999,-1.05,0.0
1770415532.852125,3,134,0.0,0.0,0.0,0.0,1.0,0.9999999999999999,-1.05,0.0
1770415532.8531008,3,135,0.0,0.0,0.0,0.0,1.0,0.9999999999999999,-1.05,0.0
1770415532.854004,3,136,0.0,0.0,0.0,0.0,1.0,0.9999999999999999,-1.05,0.0
1770415532.8550804,3,137,0.0,0.0,0.0,0.0,1.0,0.9999999999999999,-1.05,0.0
1770415532.856057,3,138,0.0,0.0,0.0,0.0,1.0,0.9999999999999999,-1.05,0.0
1770415532.8570995,3,139,0.0,0.0,0.0,0.0,1.0,0.9999999999999999,-1.05,0.0
1770415532.8581111,3,140,0.0,0.0,0.0,0.0,1.0,0.9999999999999999,-1.05,0.0
1770415532.8589475,3,141,0.0,0.0,0.0,0.0,1.0,0.9999999999999999,-1.05,0.0
1770415532.8596673,3,142,0.0,0.0,0.0,0.0,1.0,0.9999999999999999,-1.05,0.0
1770415532.8603642,3,143,0.0,0.0,0.0,0.0,1.0,0.9999999999999999,-1.05,0.0
1770415532.8611195,3,144,0.0,0.0,0.0,0.0,1.0,0.9999999999999999,-1.05,0.0
1770415532.8619816,3,145,0.0,0.0,0.0,0.0,1.0,0.9999999999999999,-1.05,0.0
1770415532.8627086,3,146,0.0,0.0,0.0,0.0,1.0,0.9999999999999999,-1.05,0.0
1770415532.863406,3,147,0.0,0.0,0.0,0.0,1.0,0.9999999999999999,-1.05,0.0
1770415532.8641677,3,148,0.0,0.0,0.0,0.0,1.0,0.9999999999999999,-1.05,0.0
1770415532.8650465,3,149,0.0,0.0,0.0,0.0,1.0,0.9999999999999999,-1.05,0.0
1770415532.865767,3,150,0.0,0.0,0.0,0.0,1.0,0.9999999999999999,-1.05,0.0
1770415532.8666322,3,151,0.0,0.0,0.0,0.0,1.0,0.9999999999999999,-1.05,0.0
1770415532.8676589,3,152,0.0,0.0,0.0,0.0,1.0,0.9999999999999999,-1.05,0.0
1770415532.8685615,3,153,0.0,0.0,0.0,0.0,1.0,0.9999999999999999,-1.05,0.0
1770415532.8702922,3,154,0.0,0.0,0.0,0.0,1.0,0.9999999999999999,-1.05,0.0
1770415532.8712683,3,155,0.0,0.0,0.0,0.0,1.0,0.9999999999999999,-1.05,0.0
1770415532.8722823,3,156,0.0,0.0,0.0,0.0,1.0,0.9999999999999999,-1.05,0.0
1770415532.8731928,3,157,0.0,0.0,0.0,0.0,1.0,0.9999999999999999,-1.05,0.0
1770415532.8739903,3,158,0.0,0.0,0.0,0.0,1.0,0.9999999999999999,-1.05,0.0
1770415532.875018,3,159,0.0,0.0,0.0,0.0,1.0,0.9999999999999999,-1.05,0.0
1770415532.8760192,3,160,0.0,0.0,0.0,0.0,1.0,0.9999999999999999,-1.05,0.0
1770415532.876982,3,161,0.0,0.0,0.0,0.0,1.0,0.9999999999999999,-1.05,0.0
1770415532.8778412,3,162,0.0,0.0,0.0,0.0,1.0,0.9999999999999999,-1.05,0.0
1770415532.8788867,3,163,0.0,0.0,0.0,0.0,1.0,0.9999999999999999,-1.05,0.0
1770415532.8798168,3,164,0.0,0.0,0.0,0.0,1.0,0.9999999999999999,-1.05,0.0
1770415532.880846,3,165,0.0,0.0,0.0,0.0,1.0,0.9999999999999999,-1.05,0.0
1770415532.8817554,3,166,0.0,0.0,0.0,0.0,1.0,0.9999999999999999,-1.05,0.0
1770415532.8834133,3,167,0.0,0.0,0.0,0.0,1.0,0.9999999999999999,-1.05,0.0
1770415532.8842807,3,168,0.0,0.0,0.0,0.0,1.0,0.9999999999999999,-1.05,0.0
1770415532.8852124,3,169,0.0,0.0,0.0,0.0,1.0,0.9999999999999999,-1.05,0.0
1770415532.8860486,3,170,0.0,0.0,0.0,0.0,1.0,0.9999999999999999,-1.05,0.0
1770415532.886848,3,171,0.0,0.0,0.0,0.0,1.0,0.9999999999999999,-1.05,0.0
1770415532.8876135,3,172,0.0,0.0,0.0,0.0,1.0,0.9999999999999999,-1.05,0.0
1770415532.8881977,3,173,0.0,0.0,0.0,0.0,1.0,0.9999999999999999,-1.05,0.0
1770415532.8889074,3,174,0.0,0.0,0.0,0.0,1.0,0.9999999999999999,-1.05,0.0
1770415532.8897254,3,175,0.0,0.0,0.0,0.0,1.0,0.9999999999999999,-1.05,0.0
1770415532.8905303,3,176,0.0,0.0,0.0,0.0,1.0,0.9999999999999999,-1.05,0.0
1770415532.8912992,3,177,0.0,0.0,0.0,0.0,1.0,0.9999999999999999,-1.05,0.0
1770415532.8923125,3,178,0.0,0.0,0.0,0.0,1.0,0.9999999999999999,-1.05,0.0
1770415532.8932219,3,179,0.0,0.0,0.0,0.0,1.0,0.9999999999999999,-1.05,0.0
1770415532.893992,3,180,0.0,0.0,0.0,0.0,1.0,0.9999999999999999,-1.05,0.0
1770415532.894597,3,181,0.0,0.0,0.0,0.0,1.0,0.9999999999999999,-1.05,0.0
1770415532.8950868,3,182,0.0,0.0,0.0,0.0,1.0,0.9999999999999999,-1.05,0.0
1770415532.8956642,3,183,0.0,0.0,0.0,0.0,1.0,0.9999999999999999,-1.05,0.0
1770415532.8962152,3,184,0.0,0.0,0.0,0.0,1.0,0.9999999999999999,-1.05,0.0
1770415532.8969438,3,185,0.0,0.0,0.0,0.0,1.0,0.9999999999999999,-1.05,0.0
1770415532.897938,3,186,0.0,0.0,0.0,0.0,1.0,0.9999999999999999,-1.05,0.0
1770415532.8992045,3,187,0.0,0.0,0.0,0.0,1.0,0.9999999999999999,-1.05,0.0
1770415532.900363,3,188,0.0,0.0,0.0,0.0,1.0,0.9999999999999999,-1.05,0.0
1770415532.9014864,3,189,0.0,0.0,0.0,0.0,1.0,0.9999999999999999,-1.05,0.0
1770415532.9023998,3,190,0.0,0.0,0.0,0.0,1.0,0.9999999999999999,-1.05,0.0
1770415532.90347,3,191,0.0,0.0,0.0,0.0,1.0,0.9999999999999999,-1.05,0.0
1770415532.9045272,3,192,0.0,0.0,0.0,0.0,1.0,0.9999999999999999,-1.05,0.0
1770415532.9056911,3,193,0.0,0.0,0.0,0.0,1.0,0.9999999999999999,-1.05,0.0
1770415532.9064426,3,194,0.0,0.0,0.0,0.0,1.0,0.9999999999999999,-1.05,0.0
1770415532.9073477,3,195,0.0,0.0,0.0,0.0,1.0,0.9999999999999999,-1.05,0.0
1770415532.908198,3,196,0.0,0.0,0.0,0.0,1.0,0.9999999999999999,-1.05,0.0
1770415532.9090474,3,197,0.0,0.0,0.0,0.0,1.0,0.9999999999999999,-1.05,0.0
1770415532.9099948,3,198,0.0,0.0,0.0,0.0,1.0,0.9999999999999999,-1.05,0.0
1770415532.9111164,3,199,0.0,0.0,0.0,0.0,1.0,0.9999999999999999,-1.05,0.0
1770415532.912066,3,200,0.0,0.0,0.0,0.0,1.0,0.9999999999999999,-1.05,0.0
1770415532.9576683,4,0,0.0,0.0,0.0,0.0,1.0,0.0,0.0,0.0
1770415532.9587524,4,1,0.0,0.0,0.0,0.0,1.0,0.9999999999999999,-0.049999999999999996,0.0
1770415532.9597085,4,2,0.0,0.0,0.0,0.0,1.0,0.9999999999999999,-0.049999999999999996,0.0
1770415532.9603815,4,3,0.0,0.0,0.0,0.0,1.0,0.9999999999999999,-0.049999999999999996,0.0
1770415532.9612594,4,4,0.0,0.0,0.0,0.0,1.0,0.9999999999999999,-0.049999999999999996,0.0
1770415532.96242,4,5,0.0,0.0,0.0,0.0,1.0,0.9999999999999999,-0.049999999999999996,0.0
1770415532.9636364,4,6,0.0,0.0,0.0,0.0,1.0,0.9999999999999999,-1.05,0.0
1770415532.9646082,4,7,0.0,0.0,0.0,0.0,1.0,0.9999999999999999,-1.05,0.0
1770415532.9656222,4,8,0.0,0.0,0.0,0.0,1.0,0.9999999999999999,-1.05,0.0
1770415532.9665475,4,9,0.0,0.0,0.0,0.0,1.0,0.9999999999999999,-1.05,0.0
1770415532.9681172,4,10,0.0,0.0,0.0,0.0,1.0,0.9999999999999999,-1.05,0.0
1770415532.970194,4,11,0.0,0.0,0.0,0.0,1.0,0.9999999999999999,-1.05,0.0
1770415532.9718032,4,12,0.0,0.0,0.0,0.0,1.0,0.9999999999999999,-1.05,0.0
1770415532.9735453,4,13,0.0,0.0,0.0,0.0,1.0,0.9999999999999999,-1.05,0.0
1770415532.97511,4,14,0.0,0.0,0.0,0.0,1.0,0.9999999999999999,-1.05,0.0
1770415532.9767463,4,15,0.0,0.0,0.0,0.0,1.0,0.9999999999999999,-1.05,0.0
1770415532.9782,4,16,0.0,0.0,0.0,0.0,1.0,0.9999999999999999,-1.05,0.0
1770415532.9796658,4,17,0.0,0.0,0.0,0.0,1.0,0.9999999999999999,-1.05,0.0
1770415532.9810312,4,18,0.0,0.0,0.0,0.0,1.0,0.9999999999999999,-1.05,0.0
1770415532.982531,4,19,0.0,0.0,0.0,0.0,1.0,0.9999999999999999,-1.05,0.0
1770415532.9842126,4,20,0.0,0.0,0.0,0.0,1.0,0.9999999999999999,-1.05,0.0
1770415532.9859648,4,21,0.0,0.0,0.0,0.0,1.0,0.9999999999999999,-1.05,0.0
1770415532.9875743,4,22,0.0,0.0,0.0,0.0,1.0,0.9999999999999999,-1.05,0.0
1770415532.9887698,4,23,0.0,0.0,0.0,0.0,1.0,0.9999999999999999,-1.05,0.0
1770415532.989756,4,24,0.0,0.0,0.0,0.0,1.0,0.9999999999999999,-1.05,0.0
1770415532.9909058,4,25,0.0,0.0,0.0,0.0,1.0,0.9999999999999999,-1.05,0.0
1770415532.9917312,4,26,0.0,0.0,0.0,0.0,1.0,0.9999999999999999,-1.05,0.0
1770415532.9926887,4,27,0.0,0.0,0.0,0.0,1.0,0.9999999999999999,-1.05,0.0
1770415532.9936059,4,28,0.0,0.0,0.0,0.0,1.0,0.9999999999999999,-1.05,0.0
1770415532.9945135,4,29,0.0,0.0,0.0,0.0,1.0,0.9999999999999999,-1.05,0.0
1770415532.9953382,4,30,0.0,0.0,0.0,0.0,1.0,0.9999999999999999,-1.05,0.0
1770415532.9960735,4,31,0.0,0.0,0.0,0.0,1.0,0.9999999999999999,-1.05,0.0
1770415532.9967494,4,32,0.0,0.0,0.0,0.0,1.0,0.9999999999999999,-1.05,0.0
1770415532.9973972,4,33,0.0,0.0,0.0,0.0,1.0,0.9999999999999999,-1.05,0.0
1770415532.9982939,4,34,0.0,0.0,0.0,0.0,1.0,0.9999999999999999,-1.05,0.0
1770415532.9994378,4,35,0.0,0.0,0.0,0.0,1.0,0.9999999999999999,-1.05,0.0
1770415533.000652,4,36,0.0,0.0,0.0,0.0,1.0,0.9999999999999999,-1.05,0.0
1770415533.001829,4,37,0.0,0.0,0.0,0.0,1.0,0.9999999999999999,-1.05,0.0
1770415533.0027456,4,38,0.0,0.0,0.0,0.0,1.0,0.9999999999999999,-1.05,0.0
1770415533.0036373,4,39,0.0,0.0,0.0,0.0,1.0,0.9999999999999999,-1.05,0.0
1770415533.0043676,4,40,0.0,0.0,0.0,0.0,1.0,0.9999999999999999,-1.05,0.0
1770415533.0052967,4,41,0.0,0.0,0.0,0.0,1.0,0.9999999999999999,-1.05,0.0
1770415533.006149,4,42,0.0,0.0,0.0,0.0,1.0,0.9999999999999999,-1.05,0.0
1770415533.0068212,4,43,0.0,0.0,0.0,0.0,1.0,0.9999999999999999,-1.05,0.0
1770415533.0076232,4,44,0.0,0.0,0.0,0.0,1.0,0.9999999999999999,-1.05,0.0
1770415533.0083876,4,45,0.0,0.0,0.0,0.0,1.0,0.9999999999999999,-1.05,0.0
1770415533.0092094,4,46,0.0,0.0,0.0,0.0,1.0,0.9999999999999999,-1.05,0.0
1770415533.0099847,4,47,0.0,0.0,0.0,0.0,1.0,0.9999999999999999,-1.05,0.0
1770415533.0106547,4,48,0.0,0.0,0.0,0.0,1.0,0.9999999999999999,-1.05,0.0
1770415533.011249,4,49,0.0,0.0,0.0,0.0,1.0,0.9999999999999999,-1.05,0.0
1770415533.0118961,4,50,0.0,0.0,0.0,0.0,1.0,0.9999999999999999,-1.05,0.0
1770415533.0130427,4,51,0.0,0.0,0.0,0.0,1.0,0.9999999999999999,-1.05,0.0
1770415533.0139766,4,52,0.0,0.0,0.0,0.0,1.0,0.9999999999999999,-1.05,0.0
1770415533.0152063,4,53,0.0,0.0,0.0,0.0,1.0,0.9999999999999999,-1.05,0.0
1770415533.0171869,4,54,0.0,0.0,0.0,0.0,1.0,0.9999999999999999,-1.05,0.0
1770415533.0193844,4,55,0.0,0.0,0.0,0.0,1.0,0.9999999999999999,-1.05,0.0
1770415533.0210094,4,56,0.0,0.0,0.0,0.0,1.0,0.9999999999999999,-1.05,0.0
1770415533.0225246,4,57,0.0,0.0,0.0,0.0,1.0,0.9999999999999999,-1.05,0.0
1770415533.024113,4,58,0.0,0.0,0.0,0.0,1.0,0.9999999999999999,-1.05,0.0
1770415533.025841,4,59,0.0,0.0,0.0,0.0,1.0,0.9999999999999999,-1.05,0.0
1770415533.0275614,4,60,0.0,0.0,0.0,0.0,1.0,0.9999999999999999,-1.05,0.0
1770415533.0287435,4,61,0.0,0.0,0.0,0.0,1.0,0.9999999999999999,-1.05,0.0
1770415533.0298762,4,62,0.0,0.0,0.0,0.0,1.0,0.9999999999999999,-1.05,0.0
1770415533.0317554,4,63,0.0,0.0,0.0,0.0,1.0,0.9999999999999999,-1.05,0.0
1770415533.033718,4,64,0.0,0.0,0.0,0.0,1.0,0.9999999999999999,-1.05,0.0
1770415533.0354393,4,65,0.0,0.0,0.0,0.0,1.0,0.9999999999999999,-1.05,0.0
1770415533.03657,4,66,0.0,0.0,0.0,0.0,1.0,0.9999999999999999,-1.05,0.0
1770415533.0373416,4,67,0.0,0.0,0.0,0.0,1.0,0.9999999999999999,-1.05,0.0
1770415533.0380867,4,68,0.0,0.0,0.0,0.0,1.0,0.9999999999999999,-1.05,0.0
1770415533.0387566,4,69,0.0,0.0,0.0,0.0,1.0,0.9999999999999999,-1.05,0.0
1770415533.0393677,4,70,0.0,0.0,0.0,0.0,1.0,0.9999999999999999,-1.05,0.0
1770415533.0401268,4,71,0.0,0.0,0.0,0.0,1.0,0.9999999999999999,-1.05,0.0
1770415533.040756,4,72,0.0,0.0,0.0,0.0,1.0,0.9999999999999999,-1.05,0.0
1770415533.0413616,4,73,0.0,0.0,0.0,0.0,1.0,0.9999999999999999,-1.05,0.0
1770415533.0419738,4,74,0.0,0.0,0.0,0.0,1.0,0.9999999999999999,-1.05,0.0
1770415533.04263,4,75,0.0,0.0,0.0,0.0,1.0,0.9999999999999999,-1.05,0.0
1770415533.043274,4,76,0.0,0.0,0.0,0.0,1.0,0.9999999999999999,-1.05,0.0
1770415533.0440583,4,77,0.0,0.0,0.0,0.0,1.0,0.9999999999999999,-1.05,0.0
1770415533.0447185,4,78,0.0,0.0,0.0,0.0,1.0,0.9999999999999999,-1.05,0.0
1770415533.0453382,4,79,0.0,0.0,0.0,0.0,1.0,0.9999999999999999,-1.05,0.0
1770415533.0459468,4,80,0.0,0.0,0.0,0.0,1.0,0.9999999999999999,-1.05,0.0
1770415533.0465274,4,81,0.0,0.0,0.0,0.0,1.0,0.9999999999999999,-1.05,0.0
1770415533.0471716,4,82,0.0,0.0,0.0,0.0,1.0,0.9999999999999999,-1.05,0.0
1770415533.048363,4,83,0.0,0.0,0.0,0.0,1.0,0.9999999999999999,-1.05,0.0
1770415533.0494273,4,84,0.0,0.0,0.0,0.0,1.0,0.9999999999999999,-1.05,0.0
1770415533.050345,4,85,0.0,0.0,0.0,0.0,1.0,0.9999999999999999,-1.05,0.0
1770415533.0510347,4,86,0.0,0.0,0.0,0.0,1.0,0.9999999999999999,-1.05,0.0
1770415533.0517676,4,87,0.0,0.0,0.0,0.0,1.0,0.9999999999999999,-1.05,0.0
1770415533.052636,4,88,0.0,0.0,0.0,0.0,1.0,0.9999999999999999,-1.05,0.0
1770415533.0536623,4,89,0.0,0.0,0.0,0.0,1.0,0.9999999999999999,-1.05,0.0
1770415533.0547304,4,90,0.0,0.0,0.0,0.0,1.0,0.9999999999999999,-1.05,0.0
1770415533.0555835,4,91,0.0,0.0,0.0,0.0,1.0,0.9999999999999999,-1.05,0.0
1770415533.0564294,4,92,0.0,0.0,0.0,0.0,1.0,0.9999999999999999,-1.05,0.0
1770415533.057328,4,93,0.0,0.0,0.0,0.0,1.0,0.9999999999999999,-1.05,0.0
1770415533.0581734,4,94,0.0,0.0,0.0,0.0,1.0,0.9999999999999999,-1.05,0.0
1770415533.0591369,4,95,0.0,0.0,0.0,0.0,1.0,0.9999999999999999,-1.05,0.0
1770415533.0601304,4,96,0.0,0.0,0.0,0.0,1.0,0.9999999999999999,-1.05,0.0
1770415533.0610518,4,97,0.0,0.0,0.0,0.0,1.0,0.9999999999999999,-1.05,0.0
1770415533.0620956,4,98,0.0,0.0,0.0,0.0,1.0,0.9999999999999999,-1.05,0.0
1770415533.0631702,4,99,0.0,0.0,0.0,0.0,1.0,0.9999999999999999,-1.05,0.0
1770415533.0638988,4,100,0.0,0.0,0.0,0.0,1.0,0.9999999999999999,-1.05,0.0
1770415533.064657,4,101,0.0,0.0,0.0,0.0,1.0,0.9999999999999999,-1.05,0.0
1770415533.0653527,4,102,0.0,0.0,0.0,0.0,1.0,0.9999999999999999,-1.05,0.0
1770415533.0662663,4,103,0.0,0.0,0.0,0.0,1.0,0.9999999999999999,-1.05,0.0
1770415533.0671563,4,104,0.0,0.0,0.0,0.0,1.0,0.9999999999999999,-1.05,0.0
1770415533.067945,4,105,0.0,0.0,0.0,0.0,1.0,0.9999999999999999,-1.05,0.0
1770415533.0686545,4,106,0.0,0.0,0.0,0.0,1.0,0.9999999999999999,-1.05,0.0
1770415533.069473,4,107,0.0,0.0,0.0,0.0,1.0,0.9999999999999999,-1.05,0.0
1770415533.0704165,4,108,0.0,0.0,0.0,0.0,1.0,0.9999999999999999,-1.05,0.0
1770415533.0711432,4,109,0.0,0.0,0.0,0.0,1.0,0.9999999999999999,-1.05,0.0
1770415533.071745,4,110,0.0,0.0,0.0,0.0,1.0,0.9999999999999999,-1.05,0.0
1770415533.0724165,4,111,0.0,0.0,0.0,0.0,1.0,0.9999999999999999,-1.05,0.0
1770415533.073483,4,112,0.0,0.0,0.0,0.0,1.0,0.9999999999999999,-1.05,0.0
1770415533.07451,4,113,0.0,0.0,0.0,0.0,1.0,0.9999999999999999,-1.05,0.0
1770415533.0755966,4,114,0.0,0.0,0.0,0.0,1.0,0.9999999999999999,-1.05,0.0
1770415533.0766196,4,115,0.0,0.0,0.0,0.0,1.0,0.9999999999999999,-1.05,0.0
1770415533.0777366,4,116,0.0,0.0,0.0,0.0,1.0,0.9999999999999999,-1.05,0.0
1770415533.0786066,4,117,0.0,0.0,0.0,0.0,1.0,0.9999999999999999,-1.05,0.0
1770415533.0794404,4,118,0.0,0.0,0.0,0.0,1.0,0.9999999999999999,-1.05,0.0
1770415533.0801022,4,119,0.0,0.0,0.0,0.0,1.0,0.9999999999999999,-1.05,0.0
1770415533.0807304,4,120,0.0,0.0,0.0,0.0,1.0,0.9999999999999999,-1.05,0.0
1770415533.081528,4,121,0.0,0.0,0.0,0.0,1.0,0.9999999999999999,-1.05,0.0
1770415533.082275,4,122,0.0,0.0,0.0,0.0,1.0,0.9999999999999999,-1.05,0.0
1770415533.0832825,4,123,0.0,0.0,0.0,0.0,1.0,0.9999999999999999,-1.05,0.0
1770415533.0843577,4,124,0.0,0.0,0.0,0.0,1.0,0.9999999999999999,-1.05,0.0
1770415533.0853362,4,125,0.0,0.0,0.0,0.0,1.0,0.9999999999999999,-1.05,0.0
1770415533.0864246,4,126,0.0,0.0,0.0,0.0,1.0,0.9999999999999999,-1.05,0.0
1770415533.0875404,4,127,0.0,0.0,0.0,0.0,1.0,0.9999999999999999,-1.05,0.0
1770415533.0883772,4,128,0.0,0.0,0.0,0.0,1.0,0.9999999999999999,-1.05,0.0
1770415533.0892406,4,129,0.0,0.0,0.0,0.0,1.0,0.9999999999999999,-1.05,0.0
1770415533.090267,4,130,0.0,0.0,0.0,0.0,1.0,0.9999999999999999,-1.05,0.0
1770415533.0913544,4,131,0.0,0.0,0.0,0.0,1.0,0.9999999999999999,-1.05,0.0
1770415533.0924895,4,132,0.0,0.0,0.0,0.0,1.0,0.9999999999999999,-1.05,0.0
1770415533.0935628,4,133,0.0,0.0,0.0,0.0,1.0,0.9999999999999999,-1.05,0.0
1770415533.094753,4,134,0.0,0.0,0.0,0.0,1.0,0.9999999999999999,-1.05,0.0
1770415533.0959098,4,135,0.0,0.0,0.0,0.0,1.0,0.9999999999999999,-1.05,0.0
1770415533.0971131,4,136,0.0,0.0,0.0,0.0,1.0,0.9999999999999999,-1.05,0.0
1770415533.098197,4,137,0.0,0.0,0.0,0.0,1.0,0.9999999999999999,-1.05,0.0
1770415533.0992315,4,138,0.0,0.0,0.0,0.0,1.0,0.9999999999999999,-1.05,0.0
1770415533.1003273,4,139,0.0,0.0,0.0,0.0,1.0,0.9999999999999999,-1.05,0.0
1770415533.1015775,4,140,0.0,0.0,0.0,0.0,1.0,0.9999999999999999,-1.05,0.0
1770415533.102661,4,141,0.0,0.0,0.0,0.0,1.0,0.9999999999999999,-1.05,0.0
1770415533.103548,4,142,0.0,0.0,0.0,0.0,1.0,0.9999999999999999,-1.05,0.0
1770415533.1045184,4,143,0.0,0.0,0.0,0.0,1.0,0.9999999999999999,-1.05,0.0
1770415533.1053886,4,144,0.0,0.0,0.0,0.0,1.0,0.9999999999999999,-1.05,0.0
1770415533.106427,4,145,0.0,0.0,0.0,0.0,1.0,0.9999999999999999,-1.05,0.0
1770415533.107519,4,146,0.0,0.0,0.0,0.0,1.0,0.9999999999999999,-1.05,0.0
1770415533.1084092,4,147,0.0,0.0,0.0,0.0,1.0,0.9999999999999999,-1.05,0.0
1770415533.1095967,4,148,0.0,0.0,0.0,0.0,1.0,0.9999999999999999,-1.05,0.0
1770415533.110778,4,149,0.0,0.0,0.0,0.0,1.0,0.9999999999999999,-1.05,0.0
1770415533.1117682,4,150,0.0,0.0,0.0,0.0,1.0,0.9999999999999999,-1.05,0.0
1770415533.1125567,4,151,0.0,0.0,0.0,0.0,1.0,0.9999999999999999,-1.05,0.0
1770415533.1134746,4,152,0.0,0.0,0.0,0.0,1.0,0.9999999999999999,-1.05,0.0
1770415533.1144753,4,153,0.0,0.0,0.0,0.0,1.0,0.9999999999999999,-1.05,0.0
1770415533.1153555,4,154,0.0,0.0,0.0,0.0,1.0,0.9999999999999999,-1.05,0.0
1770415533.1161993,4,155,0.0,0.0,0.0,0.0,1.0,0.9999999999999999,-1.05,0.0
1770415533.117315,4,156,0.0,0.0,0.0,0.0,1.0,0.9999999999999999,-1.05,0.0
1770415533.1184802,4,157,0.0,0.0,0.0,0.0,1.0,0.9999999999999999,-1.05,0.0
1770415533.1195655,4,158,0.0,0.0,0.0,0.0,1.0,0.9999999999999999,-1.05,0.0
1770415533.1205776,4,159,0.0,0.0,0.0,0.0,1.0,0.9999999999999999,-1.05,0.0
1770415533.1218462,4,160,0.0,0.0,0.0,0.0,1.0,0.9999999999999999,-1.05,0.0
1770415533.122634,4,161,0.0,0.0,0.0,0.0,1.0,0.9999999999999999,-1.05,0.0
1770415533.1234992,4,162,0.0,0.0,0.0,0.0,1.0,0.9999999999999999,-1.05,0.0
1770415533.1242661,4,163,0.0,0.0,0.0,0.0,1.0,0.9999999999999999,-1.05,0.0
1770415533.1250186,4,164,0.0,0.0,0.0,0.0,1.0,0.9999999999999999,-1.05,0.0
1770415533.125736,4,165,0.0,0.0,0.0,0.0,1.0,0.9999999999999999,-1.05,0.0
1770415533.126338,4,166,0.0,0.0,0.0,0.0,1.0,0.9999999999999999,-1.05,0.0
1770415533.1272118,4,167,0.0,0.0,0.0,0.0,1.0,0.9999999999999999,-1.05,0.0
1770415533.1281664,4,168,0.0,0.0,0.0,0.0,1.0,0.9999999999999999,-1.05,0.0
1770415533.1290357,4,169,0.0,0.0,0.0,0.0,1.0,0.9999999999999999,-1.05,0.0
1770415533.129755,4,170,0.0,0.0,0.0,0.0,1.0,0.9999999999999999,-1.05,0.0
1770415533.1304452,4,171,0.0,0.0,0.0,0.0,1.0,0.9999999999999999,-1.05,0.0
1770415533.1312754,4,172,0.0,0.0,0.0,0.0,1.0,0.9999999999999999,-1.05,0.0
1770415533.1323516,4,173,0.0,0.0,0.0,0.0,1.0,0.9999999999999999,-1.05,0.0
1770415533.1334498,4,174,0.0,0.0,0.0,0.0,1.0,0.9999999999999999,-1.05,0.0
1770415533.1345398,4,175,0.0,0.0,0.0,0.0,1.0,0.9999999999999999,-1.05,0.0
1770415533.1353698,4,176,0.0,0.0,0.0,0.0,1.0,0.9999999999999999,-1.05,0.0
1770415533.1362238,4,177,0.0,0.0,0.0,0.0,1.0,0.9999999999999999,-1.05,0.0
1770415533.1370716,4,178,0.0,0.0,0.0,0.0,1.0,0.9999999999999999,-1.05,0.0
1770415533.1380064,4,179,0.0,0.0,0.0,0.0,1.0,0.9999999999999999,-1.05,0.0
1770415533.1390827,4,180,0.0,0.0,0.0,0.0,1.0,0.9999999999999999,-1.05,0.0
1770415533.1400404,4,181,0.0,0.0,0.0,0.0,1.0,0.9999999999999999,-1.05,0.0
1770415533.1408257,4,182,0.0,0.0,0.0,0.0,1.0,0.9999999999999999,-1.05,0.0
1770415533.1416957,4,183,0.0,0.0,0.0,0.0,1.0,0.9999999999999999,-1.05,0.0
1770415533.1424942,4,184,0.0,0.0,0.0,0.0,1.0,0.9999999999999999,-1.05,0.0
1770415533.1432512,4,185,0.0,0.0,0.0,0.0,1.0,0.9999999999999999,-1.05,0.0
1770415533.1439836,4,186,0.0,0.0,0.0,0.0,1.0,0.9999999999999999,-1.05,0.0
1770415533.145028,4,187,0.0,0.0,0.0,0.0,1.0,0.9999999999999999,-1.05,0.0
1770415533.1460557,4,188,0.0,0.0,0.0,0.0,1.0,0.9999999999999999,-1.05,0.0
1770415533.1471138,4,189,0.0,0.0,0.0,0.0,1.0,0.9999999999999999,-1.05,0.0
1770415533.1480372,4,190,0.0,0.0,0.0,0.0,1.0,0.9999999999999999,-1.05,0.0
1770415533.150102,4,191,0.0,0.0,0.0,0.0,1.0,0.9999999999999999,-1.05,0.0
1770415533.1517699,4,192,0.0,0.0,0.0,0.0,1.0,0.9999999999999999,-1.05,0.0
1770415533.153464,4,193,0.0,0.0,0.0,0.0,1.0,0.9999999999999999,-1.05,0.0
1770415533.1551547,4,194,0.0,0.0,0.0,0.0,1.0,0.9999999999999999,-1.05,0.0
1770415533.1568637,4,195,0.0,0.0,0.0,0.0,1.0,0.9999999999999999,-1.05,0.0
1770415533.1589818,4,196,0.0,0.0,0.0,0.0,1.0,0.9999999999999999,-1.05,0.0
1770415533.1606321,4,197,0.0,0.0,0.0,0.0,1.0,0.9999999999999999,-1.05,0.0
1770415533.162432,4,198,0.0,0.0,0.0,0.0,1.0,0.9999999999999999,-1.05,0.0
1770415533.1643527,4,199,0.0,0.0,0.0,0.0,1.0,0.9999999999999999,-1.05,0.0
1770415533.166082,4,200,0.0,0.0,0.0,0.0,1.0,0.9999999999999999,-1.05,0.0
1770415533.2205424,5,0,0.0,0.0,0.0,0.0,1.0,0.0,0.0,0.0
1770415533.2225502,5,1,0.0,0.0,0.0,0.0,1.0,0.9999999999999999,-0.049999999999999996,0.0
1770415533.2243314,5,2,0.0,0.0,0.0,0.0,1.0,0.9999999999999999,-0.049999999999999996,0.0
1770415533.2263427,5,3,0.0,0.0,0.0,0.0,1.0,0.9999999999999999,-0.049999999999999996,0.0
1770415533.2273936,5,4,0.0,0.0,0.0,0.0,1.0,0.9999999999999999,-0.049999999999999996,0.0
1770415533.228391,5,5,0.0,0.0,0.0,0.0,1.0,0.9999999999999999,-0.049999999999999996,0.0
1770415533.2295167,5,6,0.0,0.0,0.0,0.0,1.0,0.9999999999999999,-1.05,0.0
1770415533.2304578,5,7,0.0,0.0,0.0,0.0,1.0,0.9999999999999999,-1.05,0.0
1770415533.2311783,5,8,0.0,0.0,0.0,0.0,1.0,0.9999999999999999,-1.05,0.0
1770415533.2320948,5,9,0.0,0.0,0.0,0.0,1.0,0.9999999999999999,-1.05,0.0
1770415533.2336295,5,10,0.0,0.0,0.0,0.0,1.0,0.9999999999999999,-1.05,0.0
1770415533.235182,5,11,0.0,0.0,0.0,0.0,1.0,0.9999999999999999,-1.05,0.0
1770415533.2369478,5,12,0.0,0.0,0.0,0.0,1.0,0.9999999999999999,-1.05,0.0
1770415533.2386682,5,13,0.0,0.0,0.0,0.0,1.0,0.9999999999999999,-1.05,0.0
1770415533.2396252,5,14,0.0,0.0,0.0,0.0,1.0,0.9999999999999999,-1.05,0.0
1770415533.2405863,5,15,0.0,0.0,0.0,0.0,1.0,0.9999999999999999,-1.05,0.0
1770415533.2421641,5,16,0.0,0.0,0.0,0.0,1.0,0.9999999999999999,-1.05,0.0
1770415533.244058,5,17,0.0,0.0,0.0,0.0,1.0,0.9999999999999999,-1.05,0.0
1770415533.2459736,5,18,0.0,0.0,0.0,0.0,1.0,0.9999999999999999,-1.05,0.0
1770415533.247729,5,19,0.0,0.0,0.0,0.0,1.0,0.9999999999999999,-1.05,0.0
1770415533.2494462,5,20,0.0,0.0,0.0,0.0,1.0,0.9999999999999999,-1.05,0.0
1770415533.2504177,5,21,0.0,0.0,0.0,0.0,1.0,0.9999999999999999,-1.05,0.0
1770415533.2512023,5,22,0.0,0.0,0.0,0.0,1.0,0.9999999999999999,-1.05,0.0
1770415533.2519958,5,23,0.0,0.0,0.0,0.0,1.0,0.9999999999999999,-1.05,0.0
1770415533.2527897,5,24,0.0,0.0,0.0,0.0,1.0,0.9999999999999999,-1.05,0.0
1770415533.253756,5,25,0.0,0.0,0.0,0.0,1.0,0.9999999999999999,-1.05,0.0
1770415533.254802,5,26,0.0,0.0,0.0,0.0,1.0,0.9999999999999999,-1.05,0.0
1770415533.2557354,5,27,0.0,0.0,0.0,0.0,1.0,0.9999999999999999,-1.05,0.0
1770415533.2563899,5,28,0.0,0.0,0.0,0.0,1.0,0.9999999999999999,-1.05,0.0
1770415533.2573204,5,29,0.0,0.0,0.0,0.0,1.0,0.9999999999999999,-1.05,0.0
1770415533.2583108,5,30,0.0,0.0,0.0,0.0,1.0,0.9999999999999999,-1.05,0.0
1770415533.2605104,5,31,0.0,0.0,0.0,0.0,1.0,0.9999999999999999,-1.05,0.0
1770415533.2624302,5,32,0.0,0.0,0.0,0.0,1.0,0.9999999999999999,-1.05,0.0
1770415533.2632082,5,33,0.0,0.0,0.0,0.0,1.0,0.9999999999999999,-1.05,0.0
1770415533.2641299,5,34,0.0,0.0,0.0,0.0,1.0,0.9999999999999999,-1.05,0.0
1770415533.2652006,5,35,0.0,0.0,0.0,0.0,1.0,0.9999999999999999,-1.05,0.0
1770415533.2669713,5,36,0.0,0.0,0.0,0.0,1.0,0.9999999999999999,-1.05,0.0
1770415533.268694,5,37,0.0,0.0,0.0,0.0,1.0,0.9999999999999999,-1.05,0.0
1770415533.2703748,5,38,0.0,0.0,0.0,0.0,1.0,0.9999999999999999,-1.05,0.0
1770415533.2720344,5,39,0.0,0.0,0.0,0.0,1.0,0.9999999999999999,-1.05,0.0
1770415533.2736847,5,40,0.0,0.0,0.0,0.0,1.0,0.9999999999999999,-1.05,0.0
1770415533.2753341,5,41,0.0,0.0,0.0,0.0,1.0,0.9999999999999999,-1.05,0.0
1770415533.2773361,5,42,0.0,0.0,0.0,0.0,1.0,0.9999999999999999,-1.05,0.0
1770415533.2792692,5,43,0.0,0.0,0.0,0.0,1.0,0.9999999999999999,-1.05,0.0
1770415533.2806604,5,44,0.0,0.0,0.0,0.0,1.0,0.9999999999999999,-1.05,0.0
1770415533.281612,5,45,0.0,0.0,0.0,0.0,1.0,0.9999999999999999,-1.05,0.0
1770415533.2825453,5,46,0.0,0.0,0.0,0.0,1.0,0.9999999999999999,-1.05,0.0
1770415533.283399,5,47,0.0,0.0,0.0,0.0,1.0,0.9999999999999999,-1.05,0.0
1770415533.2844255,5,48,0.0,0.0,0.0,0.0,1.0,0.9999999999999999,-1.05,0.0
1770415533.2854357,5,49,0.0,0.0,0.0,0.0,1.0,0.9999999999999999,-1.05,0.0
1770415533.2861507,5,50,0.0,0.0,0.0,0.0,1.0,0.9999999999999999,-1.05,0.0
1770415533.2868416,5,51,0.0,0.0,0.0,0.0,1.0,0.9999999999999999,-1.05,0.0
1770415533.287749,5,52,0.0,0.0,0.0,0.0,1.0,0.9999999999999999,-1.05,0.0
1770415533.2886453,5,53,0.0,0.0,0.0,0.0,1.0,0.9999999999999999,-1.05,0.0
1770415533.2894905,5,54,0.0,0.0,0.0,0.0,1.0,0.9999999999999999,-1.05,0.0
1770415533.2903905,5,55,0.0,0.0,0.0,0.0,1.0,0.9999999999999999,-1.05,0.0
1770415533.2911577,5,56,0.0,0.0,0.0,0.0,1.0,0.9999999999999999,-1.05,0.0
1770415533.2923033,5,57,0.0,0.0,0.0,0.0,1.0,0.9999999999999999,-1.05,0.0
1770415533.293152,5,58,0.0,0.0,0.0,0.0,1.0,0.9999999999999999,-1.05,0.0
1770415533.2939167,5,59,0.0,0.0,0.0,0.0,1.0,0.9999999999999999,-1.05,0.0
1770415533.2948315,5,60,0.0,0.0,0.0,0.0,1.0,0.9999999999999999,-1.05,0.0
1770415533.2957296,5,61,0.0,0.0,0.0,0.0,1.0,0.9999999999999999,-1.05,0.0
1770415533.2966325,5,62,0.0,0.0,0.0,0.0,1.0,0.9999999999999999,-1.05,0.0
1770415533.297514,5,63,0.0,0.0,0.0,0.0,1.0,0.9999999999999999,-1.05,0.0
1770415533.2985194,5,64,0.0,0.0,0.0,0.0,1.0,0.9999999999999999,-1.05,0.0
1770415533.2993803,5,65,0.0,0.0,0.0,0.0,1.0,0.9999999999999999,-1.05,0.0
1770415533.300481,5,66,0.0,0.0,0.0,0.0,1.0,0.9999999999999999,-1.05,0.0
1770415533.3014753,5,67,0.0,0.0,0.0,0.0,1.0,0.9999999999999999,-1.05,0.0
1770415533.302164,5,68,0.0,0.0,0.0,0.0,1.0,0.9999999999999999,-1.05,0.0
1770415533.3030646,5,69,0.0,0.0,0.0,0.0,1.0,0.9999999999999999,-1.05,0.0
1770415533.3039281,5,70,0.0,0.0,0.0,0.0,1.0,0.9999999999999999,-1.05,0.0
1770415533.3050702,5,71,0.0,0.0,0.0,0.0,1.0,0.9999999999999999,-1.05,0.0
1770415533.3060946,5,72,0.0,0.0,0.0,0.0,1.0,0.9999999999999999,-1.05,0.0
1770415533.3070464,5,73,0.0,0.0,0.0,0.0,1.0,0.9999999999999999,-1.05,0.0
1770415533.3077471,5,74,0.0,0.0,0.0,0.0,1.0,0.9999999999999999,-1.05,0.0
1770415533.308369,5,75,0.0,0.0,0.0,0.0,1.0,0.9999999999999999,-1.05,0.0
1770415533.3094356,5,76,0.0,0.0,0.0,0.0,1.0,0.9999999999999999,-1.05,0.0
1770415533.310189,5,77,0.0,0.0,0.0,0.0,1.0,0.9999999999999999,-1.05,0.0
1770415533.3111055,5,78,0.0,0.0,0.0,0.0,1.0,0.9999999999999999,-1.05,0.0
1770415533.3123577,5,79,0.0,0.0,0.0,0.0,1.0,0.9999999999999999,-1.05,0.0
1770415533.3133385,5,80,0.0,0.0,0.0,0.0,1.0,0.9999999999999999,-1.05,0.0
1770415533.3142257,5,81,0.0,0.0,0.0,0.0,1.0,0.9999999999999999,-1.05,0.0
1770415533.315219,5,82,0.0,0.0,0.0,0.0,1.0,0.9999999999999999,-1.05,0.0
1770415533.3161244,5,83,0.0,0.0,0.0,0.0,1.0,0.9999999999999999,-1.05,0.0
1770415533.3171024,5,84,0.0,0.0,0.0,0.0,1.0,0.9999999999999999,-1.05,0.0
1770415533.3185294,5,85,0.0,0.0,0.0,0.0,1.0,0.9999999999999999,-1.05,0.0
1770415533.3201337,5,86,0.0,0.0,0.0,0.0,1.0,0.9999999999999999,-1.05,0.0
1770415533.321877,5,87,0.0,0.0,0.0,0.0,1.0,0.9999999999999999,-1.05,0.0
1770415533.3235798,5,88,0.0,0.0,0.0,0.0,1.0,0.9999999999999999,-1.05,0.0
1770415533.3256423,5,89,0.0,0.0,0.0,0.0,1.0,0.9999999999999999,-1.05,0.0
1770415533.3264644,5,90,0.0,0.0,0.0,0.0,1.0,0.9999999999999999,-1.05,0.0
1770415533.3274791,5,91,0.0,0.0,0.0,0.0,1.0,0.9999999999999999,-1.05,0.0
1770415533.3284051,5,92,0.0,0.0,0.0,0.0,1.0,0.9999999999999999,-1.05,0.0
1770415533.3293078,5,93,0.0,0.0,0.0,0.0,1.0,0.9999999999999999,-1.05,0.0
1770415533.3301604,5,94,0.0,0.0,0.0,0.0,1.0,0.9999999999999999,-1.05,0.0
1770415533.3309476,5,95,0.0,0.0,0.0,0.0,1.0,0.9999999999999999,-1.05,0.0
1770415533.3320334,5,96,0.0,0.0,0.0,0.0,1.0,0.9999999999999999,-1.05,0.0
1770415533.3331501,5,97,0.0,0.0,0.0,0.0,1.0,0.9999999999999999,-1.05,0.0
1770415533.3340654,5,98,0.0,0.0,0.0,0.0,1.0,0.9999999999999999,-1.05,0.0
1770415533.3349962,5,99,0.0,0.0,0.0,0.0,1.0,0.9999999999999999,-1.05,0.0
1770415533.335733,5,100,0.0,0.0,0.0,0.0,1.0,0.9999999999999999,-1.05,0.0
1770415533.3366249,5,101,0.0,0.0,0.0,0.0,1.0,0.9999999999999999,-1.05,0.0
1770415533.337392,5,102,0.0,0.0,0.0,0.0,1.0,0.9999999999999999,-1.05,0.0
1770415533.3380141,5,103,0.0,0.0,0.0,0.0,1.0,0.9999999999999999,-1.05,0.0
1770415533.338691,5,104,0.0,0.0,0.0,0.0,1.0,0.9999999999999999,-1.05,0.0
1770415533.3396826,5,105,0.0,0.0,0.0,0.0,1.0,0.9999999999999999,-1.05,0.0
1770415533.341456,5,106,0.0,0.0,0.0,0.0,1.0,0.9999999999999999,-1.05,0.0
1770415533.343485,5,107,0.0,0.0,0.0,0.0,1.0,0.9999999999999999,-1.05,0.0
1770415533.345449,5,108,0.0,0.0,0.0,0.0,1.0,0.9999999999999999,-1.05,0.0
1770415533.3475115,5,109,0.0,0.0,0.0,0.0,1.0,0.9999999999999999,-1.05,0.0
1770415533.349282,5,110,0.0,0.0,0.0,0.0,1.0,0.9999999999999999,-1.05,0.0
1770415533.3514018,5,111,0.0,0.0,0.0,0.0,1.0,0.9999999999999999,-1.05,0.0
1770415533.3532083,5,112,0.0,0.0,0.0,0.0,1.0,0.9999999999999999,-1.05,0.0
1770415533.3546698,5,113,0.0,0.0,0.0,0.0,1.0,0.9999999999999999,-1.05,0.0
1770415533.3556297,5,114,0.0,0.0,0.0,0.0,1.0,0.9999999999999999,-1.05,0.0
1770415533.356594,5,115,0.0,0.0,0.0,0.0,1.0,0.9999999999999999,-1.05,0.0
1770415533.3575718,5,116,0.0,0.0,0.0,0.0,1.0,0.9999999999999999,-1.05,0.0
1770415533.3584406,5,117,0.0,0.0,0.0,0.0,1.0,0.9999999999999999,-1.05,0.0
1770415533.359378,5,118,0.0,0.0,0.0,0.0,1.0,0.9999999999999999,-1.05,0.0
1770415533.3602662,5,119,0.0,0.0,0.0,0.0,1.0,0.9999999999999999,-1.05,0.0
1770415533.3613703,5,120,0.0,0.0,0.0,0.0,1.0,0.9999999999999999,-1.05,0.0
1770415533.3624067,5,121,0.0,0.0,0.0,0.0,1.0,0.9999999999999999,-1.05,0.0
1770415533.3632789,5,122,0.0,0.0,0.0,0.0,1.0,0.9999999999999999,-1.05,0.0
1770415533.3643796,5,123,0.0,0.0,0.0,0.0,1.0,0.9999999999999999,-1.05,0.0
1770415533.365561,5,124,0.0,0.0,0.0,0.0,1.0,0.9999999999999999,-1.05,0.0
1770415533.366407,5,125,0.0,0.0,0.0,0.0,1.0,0.9999999999999999,-1.05,0.0
1770415533.3676183,5,126,0.0,0.0,0.0,0.0,1.0,0.9999999999999999,-1.05,0.0
1770415533.368639,5,127,0.0,0.0,0.0,0.0,1.0,0.9999999999999999,-1.05,0.0
1770415533.369584,5,128,0.0,0.0,0.0,0.0,1.0,0.9999999999999999,-1.05,0.0
1770415533.3707108,5,129,0.0,0.0,0.0,0.0,1.0,0.9999999999999999,-1.05,0.0
1770415533.3715863,5,130,0.0,0.0,0.0,0.0,1.0,0.9999999999999999,-1.05,0.0
1770415533.3724835,5,131,0.0,0.0,0.0,0.0,1.0,0.9999999999999999,-1.05,0.0
1770415533.3734024,5,132,0.0,0.0,0.0,0.0,1.0,0.9999999999999999,-1.05,0.0
1770415533.3742964,5,133,0.0,0.0,0.0,0.0,1.0,0.9999999999999999,-1.05,0.0
1770415533.3751655,5,134,0.0,0.0,0.0,0.0,1.0,0.9999999999999999,-1.05,0.0
1770415533.376221,5,135,0.0,0.0,0.0,0.0,1.0,0.9999999999999999,-1.05,0.0
1770415533.3770728,5,136,0.0,0.0,0.0,0.0,1.0,0.9999999999999999,-1.05,0.0
1770415533.378091,5,137,0.0,0.0,0.0,0.0,1.0,0.9999999999999999,-1.05,0.0
1770415533.3791475,5,138,0.0,0.0,0.0,0.0,1.0,0.9999999999999999,-1.05,0.0
1770415533.3800201,5,139,0.0,0.0,0.0,0.0,1.0,0.9999999999999999,-1.05,0.0
1770415533.3807266,5,140,0.0,0.0,0.0,0.0,1.0,0.9999999999999999,-1.05,0.0
1770415533.381444,5,141,0.0,0.0,0.0,0.0,1.0,0.9999999999999999,-1.05,0.0
1770415533.3822124,5,142,0.0,0.0,0.0,0.0,1.0,0.9999999999999999,-1.05,0.0
1770415533.3830185,5,143,0.0,0.0,0.0,0.0,1.0,0.9999999999999999,-1.05,0.0
1770415533.3837433,5,144,0.0,0.0,0.0,0.0,1.0,0.9999999999999999,-1.05,0.0
1770415533.384363,5,145,0.0,0.0,0.0,0.0,1.0,0.9999999999999999,-1.05,0.0
1770415533.385047,5,146,0.0,0.0,0.0,0.0,1.0,0.9999999999999999,-1.05,0.0
1770415533.385989,5,147,0.0,0.0,0.0,0.0,1.0,0.9999999999999999,-1.05,0.0
1770415533.3869312,5,148,0.0,0.0,0.0,0.0,1.0,0.9999999999999999,-1.05,0.0
1770415533.3877563,5,149,0.0,0.0,0.0,0.0,1.0,0.9999999999999999,-1.05,0.0
1770415533.3887727,5,150,0.0,0.0,0.0,0.0,1.0,0.9999999999999999,-1.05,0.0
1770415533.3896575,5,151,0.0,0.0,0.0,0.0,1.0,0.9999999999999999,-1.05,0.0
1770415533.3905263,5,152,0.0,0.0,0.0,0.0,1.0,0.9999999999999999,-1.05,0.0
1770415533.3915322,5,153,0.0,0.0,0.0,0.0,1.0,0.9999999999999999,-1.05,0.0
1770415533.3926327,5,154,0.0,0.0,0.0,0.0,1.0,0.9999999999999999,-1.05,0.0
1770415533.3936522,5,155,0.0,0.0,0.0,0.0,1.0,0.9999999999999999,-1.05,0.0
1770415533.394575,5,156,0.0,0.0,0.0,0.0,1.0,0.9999999999999999,-1.05,0.0
1770415533.3956437,5,157,0.0,0.0,0.0,0.0,1.0,0.9999999999999999,-1.05,0.0
1770415533.3966904,5,158,0.0,0.0,0.0,0.0,1.0,0.9999999999999999,-1.05,0.0
1770415533.397642,5,159,0.0,0.0,0.0,0.0,1.0,0.9999999999999999,-1.05,0.0
1770415533.398533,5,160,0.0,0.0,0.0,0.0,1.0,0.9999999999999999,-1.05,0.0
1770415533.3994224,5,161,0.0,0.0,0.0,0.0,1.0,0.9999999999999999,-1.05,0.0
1770415533.4003701,5,162,0.0,0.0,0.0,0.0,1.0,0.9999999999999999,-1.05,0.0
1770415533.4013376,5,163,0.0,0.0,0.0,0.0,1.0,0.9999999999999999,-1.05,0.0
1770415533.4021664,5,164,0.0,0.0,0.0,0.0,1.0,0.9999999999999999,-1.05,0.0
1770415533.4029498,5,165,0.0,0.0,0.0,0.0,1.0,0.9999999999999999,-1.05,0.0
1770415533.4037092,5,166,0.0,0.0,0.0,0.0,1.0,0.9999999999999999,-1.05,0.0
1770415533.4044647,5,167,0.0,0.0,0.0,0.0,1.0,0.9999999999999999,-1.05,0.0
1770415533.4052496,5,168,0.0,0.0,0.0,0.0,1.0,0.9999999999999999,-1.05,0.0
1770415533.406191,5,169,0.0,0.0,0.0,0.0,1.0,0.9999999999999999,-1.05,0.0
1770415533.407181,5,170,0.0,0.0,0.0,0.0,1.0,0.9999999999999999,-1.05,0.0
1770415533.4082243,5,171,0.0,0.0,0.0,0.0,1.0,0.9999999999999999,-1.05,0.0
1770415533.4092312,5,172,0.0,0.0,0.0,0.0,1.0,0.9999999999999999,-1.05,0.0
1770415533.4102275,5,173,0.0,0.0,0.0,0.0,1.0,0.9999999999999999,-1.05,0.0
1770415533.4110134,5,174,0.0,0.0,0.0,0.0,1.0,0.9999999999999999,-1.05,0.0
1770415533.4118218,5,175,0.0,0.0,0.0,0.0,1.0,0.9999999999999999,-1.05,0.0
1770415533.4126027,5,176,0.0,0.0,0.0,0.0,1.0,0.9999999999999999,-1.05,0.0
1770415533.4134562,5,177,0.0,0.0,0.0,0.0,1.0,0.9999999999999999,-1.05,0.0
1770415533.4143183,5,178,0.0,0.0,0.0,0.0,1.0,0.9999999999999999,-1.05,0.0
1770415533.415326,5,179,0.0,0.0,0.0,0.0,1.0,0.9999999999999999,-1.05,0.0
1770415533.4161272,5,180,0.0,0.0,0.0,0.0,1.0,0.9999999999999999,-1.05,0.0
1770415533.4170754,5,181,0.0,0.0,0.0,0.0,1.0,0.9999999999999999,-1.05,0.0
1770415533.418047,5,182,0.0,0.0,0.0,0.0,1.0,0.9999999999999999,-1.05,0.0
1770415533.4190478,5,183,0.0,0.0,0.0,0.0,1.0,0.9999999999999999,-1.05,0.0
1770415533.419989,5,184,0.0,0.0,0.0,0.0,1.0,0.9999999999999999,-1.05,0.0
1770415533.420834,5,185,0.0,0.0,0.0,0.0,1.0,0.9999999999999999,-1.05,0.0
1770415533.4217944,5,186,0.0,0.0,0.0,0.0,1.0,0.9999999999999999,-1.05,0.0
1770415533.4227924,5,187,0.0,0.0,0.0,0.0,1.0,0.9999999999999999,-1.05,0.0
1770415533.423733,5,188,0.0,0.0,0.0,0.0,1.0,0.9999999999999999,-1.05,0.0
1770415533.4245174,5,189,0.0,0.0,0.0,0.0,1.0,0.9999999999999999,-1.05,0.0
1770415533.4254515,5,190,0.0,0.0,0.0,0.0,1.0,0.9999999999999999,-1.05,0.0
1770415533.4264674,5,191,0.0,0.0,0.0,0.0,1.0,0.9999999999999999,-1.05,0.0
1770415533.4273233,5,192,0.0,0.0,0.0,0.0,1.0,0.9999999999999999,-1.05,0.0
1770415533.4281023,5,193,0.0,0.0,0.0,0.0,1.0,0.9999999999999999,-1.05,0.0
1770415533.4289844,5,194,0.0,0.0,0.0,0.0,1.0,0.9999999999999999,-1.05,0.0
1770415533.4299996,5,195,0.0,0.0,0.0,0.0,1.0,0.9999999999999999,-1.05,0.0
1770415533.4307494,5,196,0.0,0.0,0.0,0.0,1.0,0.9999999999999999,-1.05,0.0
1770415533.431567,5,197,0.0,0.0,0.0,0.0,1.0,0.9999999999999999,-1.05,0.0
1770415533.4324815,5,198,0.0,0.0,0.0,0.0,1.0,0.9999999999999999,-1.05,0.0
1770415533.4335258,5,199,0.0,0.0,0.0,0.0,1.0,0.9999999999999999,-1.05,0.0
1770415533.4344265,5,200,0.0,0.0,0.0,0.0,1.0,0.9999999999999999,-1.05,0.0
1770415533.4864724,6,0,0.0,0.0,0.0,0.0,1.0,0.0,0.0,0.0
1770415533.487687,6,1,0.0,0.0,0.0,0.0,1.0,0.9999999999999999,-0.049999999999999996,0.0
1770415533.4884667,6,2,0.0,0.0,0.0,0.0,1.0,0.9999999999999999,-0.049999999999999996,0.0
1770415533.489267,6,3,0.0,0.0,0.0,0.0,1.0,0.9999999999999999,-0.049999999999999996,0.0
1770415533.4901917,6,4,0.0,0.0,0.0,0.0,1.0,0.9999999999999999,-0.049999999999999996,0.0
1770415533.4921253,6,5,0.0,0.0,0.0,0.0,1.0,0.9999999999999999,-0.049999999999999996,0.0
1770415533.4939916,6,6,0.0,0.0,0.0,0.0,1.0,0.9999999999999999,-1.05,0.0
1770415533.4957137,6,7,0.0,0.0,0.0,0.0,1.0,0.9999999999999999,-1.05,0.0
1770415533.4973953,6,8,0.0,0.0,0.0,0.0,1.0,0.9999999999999999,-1.05,0.0
1770415533.4991941,6,9,0.0,0.0,0.0,0.0,1.0,0.9999999999999999,-1.05,0.0
1770415533.500916,6,10,0.0,0.0,0.0,0.0,1.0,0.9999999999999999,-1.05,0.0
1770415533.5026443,6,11,0.0,0.0,0.0,0.0,1.0,0.9999999999999999,-1.05,0.0
1770415533.5043457,6,12,0.0,0.0,0.0,0.0,1.0,0.9999999999999999,-1.05,0.0
1770415533.5055752,6,13,0.0,0.0,0.0,0.0,1.0,0.9999999999999999,-1.05,0.0
1770415533.5065649,6,14,0.0,0.0,0.0,0.0,1.0,0.9999999999999999,-1.05,0.0
1770415533.5086322,6,15,0.0,0.0,0.0,0.0,1.0,0.9999999999999999,-1.05,0.0
1770415533.5104086,6,16,0.0,0.0,0.0,0.0,1.0,0.9999999999999999,-1.05,0.0
1770415533.512011,6,17,0.0,0.0,0.0,0.0,1.0,0.9999999999999999,-1.05,0.0
1770415533.513654,6,18,0.0,0.0,0.0,0.0,1.0,0.9999999999999999,-1.05,0.0
1770415533.5153542,6,19,0.0,0.0,0.0,0.0,1.0,0.9999999999999999,-1.05,0.0
1770415533.5161521,6,20,0.0,0.0,0.0,0.0,1.0,0.9999999999999999,-1.05,0.0
1770415533.517075,6,21,0.0,0.0,0.0,0.0,1.0,0.9999999999999999,-1.05,0.0
1770415533.518211,6,22,0.0,0.0,0.0,0.0,1.0,0.9999999999999999,-1.05,0.0
1770415533.519318,6,23,0.0,0.0,0.0,0.0,1.0,0.9999999999999999,-1.05,0.0
1770415533.5203276,6,24,0.0,0.0,0.0,0.0,1.0,0.9999999999999999,-1.05,0.0
1770415533.5214715,6,25,0.0,0.0,0.0,0.0,1.0,0.9999999999999999,-1.05,0.0
1770415533.5234833,6,26,0.0,0.0,0.0,0.0,1.0,0.9999999999999999,-1.05,0.0
1770415533.5252867,6,27,0.0,0.0,0.0,0.0,1.0,0.9999999999999999,-1.05,0.0
1770415533.5269399,6,28,0.0,0.0,0.0,0.0,1.0,0.9999999999999999,-1.05,0.0
1770415533.5286384,6,29,0.0,0.0,0.0,0.0,1.0,0.9999999999999999,-1.05,0.0
1770415533.5303116,6,30,0.0,0.0,0.0,0.0,1.0,0.9999999999999999,-1.05,0.0
1770415533.5323696,6,31,0.0,0.0,0.0,0.0,1.0,0.9999999999999999,-1.05,0.0
1770415533.5342681,6,32,0.0,0.0,0.0,0.0,1.0,0.9999999999999999,-1.05,0.0
1770415533.536155,6,33,0.0,0.0,0.0,0.0,1.0,0.9999999999999999,-1.05,0.0
1770415533.5379033,6,34,0.0,0.0,0.0,0.0,1.0,0.9999999999999999,-1.05,0.0
1770415533.5396955,6,35,0.0,0.0,0.0,0.0,1.0,0.9999999999999999,-1.05,0.0
1770415533.5417392,6,36,0.0,0.0,0.0,0.0,1.0,0.9999999999999999,-1.05,0.0
1770415533.5437007,6,37,0.0,0.0,0.0,0.0,1.0,0.9999999999999999,-1.05,0.0
1770415533.5448496,6,38,0.0,0.0,0.0,0.0,1.0,0.9999999999999999,-1.05,0.0
1770415533.5460672,6,39,0.0,0.0,0.0,0.0,1.0,0.9999999999999999,-1.05,0.0
1770415533.5471256,6,40,0.0,0.0,0.0,0.0,1.0,0.9999999999999999,-1.05,0.0
1770415533.548248,6,41,0.0,0.0,0.0,0.0,1.0,0.9999999999999999,-1.05,0.0
1770415533.5495346,6,42,0.0,0.0,0.0,0.0,1.0,0.9999999999999999,-1.05,0.0
1770415533.5507326,6,43,0.0,0.0,0.0,0.0,1.0,0.9999999999999999,-1.05,0.0
1770415533.551937,6,44,0.0,0.0,0.0,0.0,1.0,0.9999999999999999,-1.05,0.0
1770415533.552926,6,45,0.0,0.0,0.0,0.0,1.0,0.9999999999999999,-1.05,0.0
1770415533.5542183,6,46,0.0,0.0,0.0,0.0,1.0,0.9999999999999999,-1.05,0.0
1770415533.55532,6,47,0.0,0.0,0.0,0.0,1.0,0.9999999999999999,-1.05,0.0
1770415533.5568538,6,48,0.0,0.0,0.0,0.0,1.0,0.9999999999999999,-1.05,0.0
1770415533.5579333,6,49,0.0,0.0,0.0,0.0,1.0,0.9999999999999999,-1.05,0.0
1770415533.5590553,6,50,0.0,0.0,0.0,0.0,1.0,0.9999999999999999,-1.05,0.0
1770415533.5599146,6,51,0.0,0.0,0.0,0.0,1.0,0.9999999999999999,-1.05,0.0
1770415533.560933,6,52,0.0,0.0,0.0,0.0,1.0,0.9999999999999999,-1.05,0.0
1770415533.5618546,6,53,0.0,0.0,0.0,0.0,1.0,0.9999999999999999,-1.05,0.0
1770415533.562723,6,54,0.0,0.0,0.0,0.0,1.0,0.9999999999999999,-1.05,0.0
1770415533.5636299,6,55,0.0,0.0,0.0,0.0,1.0,0.9999999999999999,-1.05,0.0
1770415533.5644596,6,56,0.0,0.0,0.0,0.0,1.0,0.9999999999999999,-1.05,0.0
1770415533.5654333,6,57,0.0,0.0,0.0,0.0,1.0,0.9999999999999999,-1.05,0.0
1770415533.5666533,6,58,0.0,0.0,0.0,0.0,1.0,0.9999999999999999,-1.05,0.0
1770415533.567796,6,59,0.0,0.0,0.0,0.0,1.0,0.9999999999999999,-1.05,0.0
1770415533.5688612,6,60,0.0,0.0,0.0,0.0,1.0,0.9999999999999999,-1.05,0.0
1770415533.5697205,6,61,0.0,0.0,0.0,0.0,1.0,0.9999999999999999,-1.05,0.0
1770415533.570871,6,62,0.0,0.0,0.0,0.0,1.0,0.9999999999999999,-1.05,0.0
1770415533.5720432,6,63,0.0,0.0,0.0,0.0,1.0,0.9999999999999999,-1.05,0.0
1770415533.5729778,6,64,0.0,0.0,0.0,0.0,1.0,0.9999999999999999,-1.05,0.0
1770415533.573859,6,65,0.0,0.0,0.0,0.0,1.0,0.9999999999999999,-1.05,0.0
1770415533.5748816,6,66,0.0,0.0,0.0,0.0,1.0,0.9999999999999999,-1.05,0.0
1770415533.575884,6,67,0.0,0.0,0.0,0.0,1.0,0.9999999999999999,-1.05,0.0
1770415533.5769744,6,68,0.0,0.0,0.0,0.0,1.0,0.9999999999999999,-1.05,0.0
1770415533.577864,6,69,0.0,0.0,0.0,0.0,1.0,0.9999999999999999,-1.05,0.0
1770415533.578835,6,70,0.0,0.0,0.0,0.0,1.0,0.9999999999999999,-1.05,0.0
1770415533.5798569,6,71,0.0,0.0,0.0,0.0,1.0,0.9999999999999999,-1.05,0.0
1770415533.5808628,6,72,0.0,0.0,0.0,0.0,1.0,0.9999999999999999,-1.05,0.0
1770415533.581889,6,73,0.0,0.0,0.0,0.0,1.0,0.9999999999999999,-1.05,0.0
1770415533.5829809,6,74,0.0,0.0,0.0,0.0,1.0,0.9999999999999999,-1.05,0.0
1770415533.5840683,6,75,0.0,0.0,0.0,0.0,1.0,0.9999999999999999,-1.05,0.0
1770415533.585259,6,76,0.0,0.0,0.0,0.0,1.0,0.9999999999999999,-1.05,0.0
1770415533.5863886,6,77,0.0,0.0,0.0,0.0,1.0,0.9999999999999999,-1.05,0.0
1770415533.5877917,6,78,0.0,0.0,0.0,0.0,1.0,0.9999999999999999,-1.05,0.0
1770415533.588775,6,79,0.0,0.0,0.0,0.0,1.0,0.9999999999999999,-1.05,0.0
1770415533.5897324,6,80,0.0,0.0,0.0,0.0,1.0,0.9999999999999999,-1.05,0.0
1770415533.5916536,6,81,0.0,0.0,0.0,0.0,1.0,0.9999999999999999,-1.05,0.0
1770415533.5936396,6,82,0.0,0.0,0.0,0.0,1.0,0.9999999999999999,-1.05,0.0
1770415533.5958986,6,83,0.0,0.0,0.0,0.0,1.0,0.9999999999999999,-1.05,0.0
1770415533.5987005,6,84,0.0,0.0,0.0,0.0,1.0,0.9999999999999999,-1.05,0.0
1770415533.6008053,6,85,0.0,0.0,0.0,0.0,1.0,0.9999999999999999,-1.05,0.0
1770415533.6027327,6,86,0.0,0.0,0.0,0.0,1.0,0.9999999999999999,-1.05,0.0
1770415533.6047661,6,87,0.0,0.0,0.0,0.0,1.0,0.9999999999999999,-1.05,0.0
1770415533.6060455,6,88,0.0,0.0,0.0,0.0,1.0,0.9999999999999999,-1.05,0.0
1770415533.6075046,6,89,0.0,0.0,0.0,0.0,1.0,0.9999999999999999,-1.05,0.0
1770415533.6097746,6,90,0.0,0.0,0.0,0.0,1.0,0.9999999999999999,-1.05,0.0
1770415533.6118834,6,91,0.0,0.0,0.0,0.0,1.0,0.9999999999999999,-1.05,0.0
1770415533.6126852,6,92,0.0,0.0,0.0,0.0,1.0,0.9999999999999999,-1.05,0.0
1770415533.6135645,6,93,0.0,0.0,0.0,0.0,1.0,0.9999999999999999,-1.05,0.0
1770415533.6146376,6,94,0.0,0.0,0.0,0.0,1.0,0.9999999999999999,-1.05,0.0
1770415533.6156461,6,95,0.0,0.0,0.0,0.0,1.0,0.9999999999999999,-1.05,0.0
1770415533.6166885,6,96,0.0,0.0,0.0,0.0,1.0,0.9999999999999999,-1.05,0.0
1770415533.6175878,6,97,0.0,0.0,0.0,0.0,1.0,0.9999999999999999,-1.05,0.0
1770415533.6195583,6,98,0.0,0.0,0.0,0.0,1.0,0.9999999999999999,-1.05,0.0
1770415533.6213205,6,99,0.0,0.0,0.0,0.0,1.0,0.9999999999999999,-1.05,0.0
1770415533.62303,6,100,0.0,0.0,0.0,0.0,1.0,0.9999999999999999,-1.05,0.0
1770415533.624709,6,101,0.0,0.0,0.0,0.0,1.0,0.9999999999999999,-1.05,0.0
1770415533.6262782,6,102,0.0,0.0,0.0,0.0,1.0,0.9999999999999999,-1.05,0.0
1770415533.6280217,6,103,0.0,0.0,0.0,0.0,1.0,0.9999999999999999,-1.05,0.0
1770415533.6296682,6,104,0.0,0.0,0.0,0.0,1.0,0.9999999999999999,-1.05,0.0
1770415533.6307697,6,105,0.0,0.0,0.0,0.0,1.0,0.9999999999999999,-1.05,0.0
1770415533.631688,6,106,0.0,0.0,0.0,0.0,1.0,0.9999999999999999,-1.05,0.0
1770415533.6325467,6,107,0.0,0.0,0.0,0.0,1.0,0.9999999999999999,-1.05,0.0
1770415533.6335735,6,108,0.0,0.0,0.0,0.0,1.0,0.9999999999999999,-1.05,0.0
1770415533.6347668,6,109,0.0,0.0,0.0,0.0,1.0,0.9999999999999999,-1.05,0.0
1770415533.6358604,6,110,0.0,0.0,0.0,0.0,1.0,0.9999999999999999,-1.05,0.0
1770415533.63708,6,111,0.0,0.0,0.0,0.0,1.0,0.9999999999999999,-1.05,0.0
1770415533.638055,6,112,0.0,0.0,0.0,0.0,1.0,0.9999999999999999,-1.05,0.0
1770415533.6391807,6,113,0.0,0.0,0.0,0.0,1.0,0.9999999999999999,-1.05,0.0
1770415533.6404004,6,114,0.0,0.0,0.0,0.0,1.0,0.9999999999999999,-1.05,0.0
1770415533.6414442,6,115,0.0,0.0,0.0,0.0,1.0,0.9999999999999999,-1.05,0.0
1770415533.642464,6,116,0.0,0.0,0.0,0.0,1.0,0.9999999999999999,-1.05,0.0
1770415533.6433852,6,117,0.0,0.0,0.0,0.0,1.0,0.9999999999999999,-1.05,0.0
1770415533.644318,6,118,0.0,0.0,0.0,0.0,1.0,0.9999999999999999,-1.05,0.0
1770415533.6451535,6,119,0.0,0.0,0.0,0.0,1.0,0.9999999999999999,-1.05,0.0
1770415533.6459386,6,120,0.0,0.0,0.0,0.0,1.0,0.9999999999999999,-1.05,0.0
1770415533.6468468,6,121,0.0,0.0,0.0,0.0,1.0,0.9999999999999999,-1.05,0.0
1770415533.6478243,6,122,0.0,0.0,0.0,0.0,1.0,0.9999999999999999,-1.05,0.0
1770415533.6488187,6,123,0.0,0.0,0.0,0.0,1.0,0.9999999999999999,-1.05,0.0
1770415533.649665,6,124,0.0,0.0,0.0,0.0,1.0,0.9999999999999999,-1.05,0.0
1770415533.6503806,6,125,0.0,0.0,0.0,0.0,1.0,0.9999999999999999,-1.05,0.0
1770415533.6512463,6,126,0.0,0.0,0.0,0.0,1.0,0.9999999999999999,-1.05,0.0
1770415533.6523442,6,127,0.0,0.0,0.0,0.0,1.0,0.9999999999999999,-1.05,0.0
1770415533.6531148,6,128,0.0,0.0,0.0,0.0,1.0,0.9999999999999999,-1.05,0.0
1770415533.653789,6,129,0.0,0.0,0.0,0.0,1.0,0.9999999999999999,-1.05,0.0
1770415533.654516,6,130,0.0,0.0,0.0,0.0,1.0,0.9999999999999999,-1.05,0.0
1770415533.6551657,6,131,0.0,0.0,0.0,0.0,1.0,0.9999999999999999,-1.05,0.0
1770415533.656025,6,132,0.0,0.0,0.0,0.0,1.0,0.9999999999999999,-1.05,0.0
1770415533.6570718,6,133,0.0,0.0,0.0,0.0,1.0,0.9999999999999999,-1.05,0.0
1770415533.6580577,6,134,0.0,0.0,0.0,0.0,1.0,0.9999999999999999,-1.05,0.0
1770415533.6589568,6,135,0.0,0.0,0.0,0.0,1.0,0.9999999999999999,-1.05,0.0
1770415533.6603649,6,136,0.0,0.0,0.0,0.0,1.0,0.9999999999999999,-1.05,0.0
1770415533.6613166,6,137,0.0,0.0,0.0,0.0,1.0,0.9999999999999999,-1.05,0.0
1770415533.662507,6,138,0.0,0.0,0.0,0.0,1.0,0.9999999999999999,-1.05,0.0
1770415533.6636438,6,139,0.0,0.0,0.0,0.0,1.0,0.9999999999999999,-1.05,0.0
1770415533.6644716,6,140,0.0,0.0,0.0,0.0,1.0,0.9999999999999999,-1.05,0.0
1770415533.6653767,6,141,0.0,0.0,0.0,0.0,1.0,0.9999999999999999,-1.05,0.0
1770415533.6663725,6,142,0.0,0.0,0.0,0.0,1.0,0.9999999999999999,-1.05,0.0
1770415533.6673908,6,143,0.0,0.0,0.0,0.0,1.0,0.9999999999999999,-1.05,0.0
1770415533.668315,6,144,0.0,0.0,0.0,0.0,1.0,0.9999999999999999,-1.05,0.0
1770415533.6693025,6,145,0.0,0.0,0.0,0.0,1.0,0.9999999999999999,-1.05,0.0
1770415533.6703568,6,146,0.0,0.0,0.0,0.0,1.0,0.9999999999999999,-1.05,0.0
1770415533.6712432,6,147,0.0,0.0,0.0,0.0,1.0,0.9999999999999999,-1.05,0.0
1770415533.671904,6,148,0.0,0.0,0.0,0.0,1.0,0.9999999999999999,-1.05,0.0
1770415533.672572,6,149,0.0,0.0,0.0,0.0,1.0,0.9999999999999999,-1.05,0.0
1770415533.673292,6,150,0.0,0.0,0.0,0.0,1.0,0.9999999999999999,-1.05,0.0
1770415533.6740735,6,151,0.0,0.0,0.0,0.0,1.0,0.9999999999999999,-1.05,0.0
1770415533.675107,6,152,0.0,0.0,0.0,0.0,1.0,0.9999999999999999,-1.05,0.0
1770415533.6762738,6,153,0.0,0.0,0.0,0.0,1.0,0.9999999999999999,-1.05,0.0
1770415533.677202,6,154,0.0,0.0,0.0,0.0,1.0,0.9999999999999999,-1.05,0.0
1770415533.6781273,6,155,0.0,0.0,0.0,0.0,1.0,0.9999999999999999,-1.05,0.0
1770415533.6791792,6,156,0.0,0.0,0.0,0.0,1.0,0.9999999999999999,-1.05,0.0
1770415533.6802118,6,157,0.0,0.0,0.0,0.0,1.0,0.9999999999999999,-1.05,0.0
1770415533.6812181,6,158,0.0,0.0,0.0,0.0,1.0,0.9999999999999999,-1.05,0.0
1770415533.682225,6,159,0.0,0.0,0.0,0.0,1.0,0.9999999999999999,-1.05,0.0
1770415533.6833582,6,160,0.0,0.0,0.0,0.0,1.0,0.9999999999999999,-1.05,0.0
1770415533.6844368,6,161,0.0,0.0,0.0,0.0,1.0,0.9999999999999999,-1.05,0.0
1770415533.6854377,6,162,0.0,0.0,0.0,0.0,1.0,0.9999999999999999,-1.05,0.0
1770415533.686503,6,163,0.0,0.0,0.0,0.0,1.0,0.9999999999999999,-1.05,0.0
1770415533.6876342,6,164,0.0,0.0,0.0,0.0,1.0,0.9999999999999999,-1.05,0.0
1770415533.6887183,6,165,0.0,0.0,0.0,0.0,1.0,0.9999999999999999,-1.05,0.0
1770415533.68963,6,166,0.0,0.0,0.0,0.0,1.0,0.9999999999999999,-1.05,0.0
1770415533.6907241,6,167,0.0,0.0,0.0,0.0,1.0,0.9999999999999999,-1.05,0.0
1770415533.6917121,6,168,0.0,0.0,0.0,0.0,1.0,0.9999999999999999,-1.05,0.0
1770415533.6926804,6,169,0.0,0.0,0.0,0.0,1.0,0.9999999999999999,-1.05,0.0
1770415533.693758,6,170,0.0,0.0,0.0,0.0,1.0,0.9999999999999999,-1.05,0.0
1770415533.6948447,6,171,0.0,0.0,0.0,0.0,1.0,0.9999999999999999,-1.05,0.0
1770415533.6959174,6,172,0.0,0.0,0.0,0.0,1.0,0.9999999999999999,-1.05,0.0
1770415533.6969407,6,173,0.0,0.0,0.0,0.0,1.0,0.9999999999999999,-1.05,0.0
1770415533.6980844,6,174,0.0,0.0,0.0,0.0,1.0,0.9999999999999999,-1.05,0.0
1770415533.699147,6,175,0.0,0.0,0.0,0.0,1.0,0.9999999999999999,-1.05,0.0
1770415533.701033,6,176,0.0,0.0,0.0,0.0,1.0,0.9999999999999999,-1.05,0.0
1770415533.7029755,6,177,0.0,0.0,0.0,0.0,1.0,0.9999999999999999,-1.05,0.0
1770415533.7049248,6,178,0.0,0.0,0.0,0.0,1.0,0.9999999999999999,-1.05,0.0
1770415533.706759,6,179,0.0,0.0,0.0,0.0,1.0,0.9999999999999999,-1.05,0.0
1770415533.7084424,6,180,0.0,0.0,0.0,0.0,1.0,0.9999999999999999,-1.05,0.0
1770415533.7102947,6,181,0.0,0.0,0.0,0.0,1.0,0.9999999999999999,-1.05,0.0
1770415533.7122364,6,182,0.0,0.0,0.0,0.0,1.0,0.9999999999999999,-1.05,0.0
1770415533.7142458,6,183,0.0,0.0,0.0,0.0,1.0,0.9999999999999999,-1.05,0.0
1770415533.7152615,6,184,0.0,0.0,0.0,0.0,1.0,0.9999999999999999,-1.05,0.0
1770415533.7162232,6,185,0.0,0.0,0.0,0.0,1.0,0.9999999999999999,-1.05,0.0
1770415533.717559,6,186,0.0,0.0,0.0,0.0,1.0,0.9999999999999999,-1.05,0.0
1770415533.718451,6,187,0.0,0.0,0.0,0.0,1.0,0.9999999999999999,-1.05,0.0
1770415533.719165,6,188,0.0,0.0,0.0,0.0,1.0,0.9999999999999999,-1.05,0.0
1770415533.7201178,6,189,0.0,0.0,0.0,0.0,1.0,0.9999999999999999,-1.05,0.0
1770415533.7211976,6,190,0.0,0.0,0.0,0.0,1.0,0.9999999999999999,-1.05,0.0
1770415533.722071,6,191,0.0,0.0,0.0,0.0,1.0,0.9999999999999999,-1.05,0.0
1770415533.7229166,6,192,0.0,0.0,0.0,0.0,1.0,0.9999999999999999,-1.05,0.0
1770415533.723973,6,193,0.0,0.0,0.0,0.0,1.0,0.9999999999999999,-1.05,0.0
1770415533.7250383,6,194,0.0,0.0,0.0,0.0,1.0,0.9999999999999999,-1.05,0.0
1770415533.726061,6,195,0.0,0.0,0.0,0.0,1.0,0.9999999999999999,-1.05,0.0
1770415533.7270713,6,196,0.0,0.0,0.0,0.0,1.0,0.9999999999999999,-1.05,0.0
1770415533.7279685,6,197,0.0,0.0,0.0,0.0,1.0,0.9999999999999999,-1.05,0.0
1770415533.7289562,6,198,0.0,0.0,0.0,0.0,1.0,0.9999999999999999,-1.05,0.0
1770415533.7301788,6,199,0.0,0.0,0.0,0.0,1.0,0.9999999999999999,-1.05,0.0
1770415533.7311635,6,200,0.0,0.0,0.0,0.0,1.0,0.9999999999999999,-1.05,0.0
1770415533.7808394,7,0,0.0,0.0,0.0,0.0,1.0,0.0,0.0,0.0
1770415533.7829864,7,1,0.0,0.0,0.0,0.0,1.0,0.9999999999999999,-0.049999999999999996,0.0
1770415533.784776,7,2,0.0,0.0,0.0,0.0,1.0,0.9999999999999999,-0.049999999999999996,0.0
1770415533.7866473,7,3,0.0,0.0,0.0,0.0,1.0,0.9999999999999999,-0.049999999999999996,0.0
1770415533.788362,7,4,0.0,0.0,0.0,0.0,1.0,0.9999999999999999,-0.049999999999999996,0.0
1770415533.7894137,7,5,0.0,0.0,0.0,0.0,1.0,0.9999999999999999,-0.049999999999999996,0.0
1770415533.790501,7,6,0.0,0.0,0.0,0.0,1.0,0.9999999999999999,-1.05,0.0
1770415533.7915084,7,7,0.0,0.0,0.0,0.0,1.0,0.9999999999999999,-1.05,0.0
1770415533.792472,7,8,0.0,0.0,0.0,0.0,1.0,0.9999999999999999,-1.05,0.0
1770415533.7935824,7,9,0.0,0.0,0.0,0.0,1.0,0.9999999999999999,-1.05,0.0
1770415533.7946343,7,10,0.0,0.0,0.0,0.0,1.0,0.9999999999999999,-1.05,0.0
1770415533.7956214,7,11,0.0,0.0,0.0,0.0,1.0,0.9999999999999999,-1.05,0.0
1770415533.7966964,7,12,0.0,0.0,0.0,0.0,1.0,0.9999999999999999,-1.05,0.0
1770415533.7975402,7,13,0.0,0.0,0.0,0.0,1.0,0.9999999999999999,-1.05,0.0
1770415533.798712,7,14,0.0,0.0,0.0,0.0,1.0,0.9999999999999999,-1.05,0.0
1770415533.7996116,7,15,0.0,0.0,0.0,0.0,1.0,0.9999999999999999,-1.05,0.0
1770415533.8008583,7,16,0.0,0.0,0.0,0.0,1.0,0.9999999999999999,-1.05,0.0
1770415533.801821,7,17,0.0,0.0,0.0,0.0,1.0,0.9999999999999999,-1.05,0.0
1770415533.8028936,7,18,0.0,0.0,0.0,0.0,1.0,0.9999999999999999,-1.05,0.0
1770415533.803959,7,19,0.0,0.0,0.0,0.0,1.0,0.9999999999999999,-1.05,0.0
1770415533.8048527,7,20,0.0,0.0,0.0,0.0,1.0,0.9999999999999999,-1.05,0.0
1770415533.8058288,7,21,0.0,0.0,0.0,0.0,1.0,0.9999999999999999,-1.05,0.0
1770415533.806775,7,22,0.0,0.0,0.0,0.0,1.0,0.9999999999999999,-1.05,0.0
1770415533.8079271,7,23,0.0,0.0,0.0,0.0,1.0,0.9999999999999999,-1.05,0.0
1770415533.8090923,7,24,0.0,0.0,0.0,0.0,1.0,0.9999999999999999,-1.05,0.0
1770415533.8102326,7,25,0.0,0.0,0.0,0.0,1.0,0.9999999999999999,-1.05,0.0
1770415533.8112237,7,26,0.0,0.0,0.0,0.0,1.0,0.9999999999999999,-1.05,0.0
1770415533.8121643,7,27,0.0,0.0,0.0,0.0,1.0,0.9999999999999999,-1.05,0.0
1770415533.8130808,7,28,0.0,0.0,0.0,0.0,1.0,0.9999999999999999,-1.05,0.0
1770415533.814041,7,29,0.0,0.0,0.0,0.0,1.0,0.9999999999999999,-1.05,0.0
1770415533.815087,7,30,0.0,0.0,0.0,0.0,1.0,0.9999999999999999,-1.05,0.0
1770415533.8162704,7,31,0.0,0.0,0.0,0.0,1.0,0.9999999999999999,-1.05,0.0
1770415533.8176577,7,32,0.0,0.0,0.0,0.0,1.0,0.9999999999999999,-1.05,0.0
1770415533.818687,7,33,0.0,0.0,0.0,0.0,1.0,0.9999999999999999,-1.05,0.0
1770415533.8195086,7,34,0.0,0.0,0.0,0.0,1.0,0.9999999999999999,-1.05,0.0
1770415533.8204849,7,35,0.0,0.0,0.0,0.0,1.0,0.9999999999999999,-1.05,0.0
1770415533.8214467,7,36,0.0,0.0,0.0,0.0,1.0,0.9999999999999999,-1.05,0.0
1770415533.8226075,7,37,0.0,0.0,0.0,0.0,1.0,0.9999999999999999,-1.05,0.0
1770415533.8236246,7,38,0.0,0.0,0.0,0.0,1.0,0.9999999999999999,-1.05,0.0
1770415533.8245752,7,39,0.0,0.0,0.0,0.0,1.0,0.9999999999999999,-1.05,0.0
1770415533.82577,7,40,0.0,0.0,0.0,0.0,1.0,0.9999999999999999,-1.05,0.0
1770415533.827727,7,41,0.0,0.0,0.0,0.0,1.0,0.9999999999999999,-1.05,0.0
1770415533.8295107,7,42,0.0,0.0,0.0,0.0,1.0,0.9999999999999999,-1.05,0.0
1770415533.8312545,7,43,0.0,0.0,0.0,0.0,1.0,0.9999999999999999,-1.05,0.0
1770415533.8333592,7,44,0.0,0.0,0.0,0.0,1.0,0.9999999999999999,-1.05,0.0
1770415533.8352973,7,45,0.0,0.0,0.0,0.0,1.0,0.9999999999999999,-1.05,0.0
1770415533.8363907,7,46,0.0,0.0,0.0,0.0,1.0,0.9999999999999999,-1.05,0.0
1770415533.8373451,7,47,0.0,0.0,0.0,0.0,1.0,0.9999999999999999,-1.05,0.0
1770415533.8383236,7,48,0.0,0.0,0.0,0.0,1.0,0.9999999999999999,-1.05,0.0
1770415533.839323,7,49,0.0,0.0,0.0,0.0,1.0,0.9999999999999999,-1.05,0.0
1770415533.84055,7,50,0.0,0.0,0.0,0.0,1.0,0.9999999999999999,-1.05,0.0
1770415533.8414183,7,51,0.0,0.0,0.0,0.0,1.0,0.9999999999999999,-1.05,0.0
1770415533.8424222,7,52,0.0,0.0,0.0,0.0,1.0,0.9999999999999999,-1.05,0.0
1770415533.8434036,7,53,0.0,0.0,0.0,0.0,1.0,0.9999999999999999,-1.05,0.0
1770415533.8442028,7,54,0.0,0.0,0.0,0.0,1.0,0.9999999999999999,-1.05,0.0
1770415533.8449593,7,55,0.0,0.0,0.0,0.0,1.0,0.9999999999999999,-1.05,0.0
1770415533.8455935,7,56,0.0,0.0,0.0,0.0,1.0,0.9999999999999999,-1.05,0.0
1770415533.8463736,7,57,0.0,0.0,0.0,0.0,1.0,0.9999999999999999,-1.05,0.0
1770415533.8470285,7,58,0.0,0.0,0.0,0.0,1.0,0.9999999999999999,-1.05,0.0
1770415533.8476653,7,59,0.0,0.0,0.0,0.0,1.0,0.9999999999999999,-1.05,0.0
1770415533.848436,7,60,0.0,0.0,0.0,0.0,1.0,0.9999999999999999,-1.05,0.0
1770415533.849178,7,61,0.0,0.0,0.0,0.0,1.0,0.9999999999999999,-1.05,0.0
1770415533.8499455,7,62,0.0,0.0,0.0,0.0,1.0,0.9999999999999999,-1.05,0.0
1770415533.850902,7,63,0.0,0.0,0.0,0.0,1.0,0.9999999999999999,-1.05,0.0
1770415533.8518898,7,64,0.0,0.0,0.0,0.0,1.0,0.9999999999999999,-1.05,0.0
1770415533.852964,7,65,0.0,0.0,0.0,0.0,1.0,0.9999999999999999,-1.05,0.0
1770415533.8540769,7,66,0.0,0.0,0.0,0.0,1.0,0.9999999999999999,-1.05,0.0
1770415533.8551595,7,67,0.0,0.0,0.0,0.0,1.0,0.9999999999999999,-1.05,0.0
1770415533.8562737,7,68,0.0,0.0,0.0,0.0,1.0,0.9999999999999999,-1.05,0.0
1770415533.857264,7,69,0.0,0.0,0.0,0.0,1.0,0.9999999999999999,-1.05,0.0
1770415533.8580637,7,70,0.0,0.0,0.0,0.0,1.0,0.9999999999999999,-1.05,0.0
1770415533.858856,7,71,0.0,0.0,0.0,0.0,1.0,0.9999999999999999,-1.05,0.0
1770415533.8600574,7,72,0.0,0.0,0.0,0.0,1.0,0.9999999999999999,-1.05,0.0
1770415533.861082,7,73,0.0,0.0,0.0,0.0,1.0,0.9999999999999999,-1.05,0.0
1770415533.8619924,7,74,0.0,0.0,0.0,0.0,1.0,0.9999999999999999,-1.05,0.0
1770415533.8628173,7,75,0.0,0.0,0.0,0.0,1.0,0.9999999999999999,-1.05,0.0
1770415533.8637505,7,76,0.0,0.0,0.0,0.0,1.0,0.9999999999999999,-1.05,0.0
1770415533.864669,7,77,0.0,0.0,0.0,0.0,1.0,0.9999999999999999,-1.05,0.0
1770415533.8655574,7,78,0.0,0.0,0.0,0.0,1.0,0.9999999999999999,-1.05,0.0
1770415533.866314,7,79,0.0,0.0,0.0,0.0,1.0,0.9999999999999999,-1.05,0.0
1770415533.8671334,7,80,0.0,0.0,0.0,0.0,1.0,0.9999999999999999,-1.05,0.0
1770415533.867922,7,81,0.0,0.0,0.0,0.0,1.0,0.9999999999999999,-1.05,0.0
1770415533.8685915,7,82,0.0,0.0,0.0,0.0,1.0,0.9999999999999999,-1.05,0.0
1770415533.8693764,7,83,0.0,0.0,0.0,0.0,1.0,0.9999999999999999,-1.05,0.0
1770415533.8701453,7,84,0.0,0.0,0.0,0.0,1.0,0.9999999999999999,-1.05,0.0
1770415533.8710337,7,85,0.0,0.0,0.0,0.0,1.0,0.9999999999999999,-1.05,0.0
1770415533.8719718,7,86,0.0,0.0,0.0,0.0,1.0,0.9999999999999999,-1.05,0.0
1770415533.8728788,7,87,0.0,0.0,0.0,0.0,1.0,0.9999999999999999,-1.05,0.0
1770415533.8741362,7,88,0.0,0.0,0.0,0.0,1.0,0.9999999999999999,-1.05,0.0
1770415533.87511,7,89,0.0,0.0,0.0,0.0,1.0,0.9999999999999999,-1.05,0.0
1770415533.8761215,7,90,0.0,0.0,0.0,0.0,1.0,0.9999999999999999,-1.05,0.0
1770415533.877065,7,91,0.0,0.0,0.0,0.0,1.0,0.9999999999999999,-1.05,0.0
1770415533.8778076,7,92,0.0,0.0,0.0,0.0,1.0,0.9999999999999999,-1.05,0.0
1770415533.8786013,7,93,0.0,0.0,0.0,0.0,1.0,0.9999999999999999,-1.05,0.0
1770415533.879631,7,94,0.0,0.0,0.0,0.0,1.0,0.9999999999999999,-1.05,0.0
1770415533.8805923,7,95,0.0,0.0,0.0,0.0,1.0,0.9999999999999999,-1.05,0.0
1770415533.8816488,7,96,0.0,0.0,0.0,0.0,1.0,0.9999999999999999,-1.05,0.0
1770415533.882517,7,97,0.0,0.0,0.0,0.0,1.0,0.9999999999999999,-1.05,0.0
1770415533.883346,7,98,0.0,0.0,0.0,0.0,1.0,0.9999999999999999,-1.05,0.0
1770415533.8842962,7,99,0.0,0.0,0.0,0.0,1.0,0.9999999999999999,-1.05,0.0
1770415533.8851097,7,100,0.0,0.0,0.0,0.0,1.0,0.9999999999999999,-1.05,0.0
1770415533.8859649,7,101,0.0,0.0,0.0,0.0,1.0,0.9999999999999999,-1.05,0.0
1770415533.8870564,7,102,0.0,0.0,0.0,0.0,1.0,0.9999999999999999,-1.05,0.0
1770415533.8879607,7,103,0.0,0.0,0.0,0.0,1.0,0.9999999999999999,-1.05,0.0
1770415533.8897545,7,104,0.0,0.0,0.0,0.0,1.0,0.9999999999999999,-1.05,0.0
1770415533.8918226,7,105,0.0,0.0,0.0,0.0,1.0,0.9999999999999999,-1.05,0.0
1770415533.893732,7,106,0.0,0.0,0.0,0.0,1.0,0.9999999999999999,-1.05,0.0
1770415533.8953822,7,107,0.0,0.0,0.0,0.0,1.0,0.9999999999999999,-1.05,0.0
1770415533.8972151,7,108,0.0,0.0,0.0,0.0,1.0,0.9999999999999999,-1.05,0.0
1770415533.899145,7,109,0.0,0.0,0.0,0.0,1.0,0.9999999999999999,-1.05,0.0
1770415533.9009511,7,110,0.0,0.0,0.0,0.0,1.0,0.9999999999999999,-1.05,0.0
1770415533.9028518,7,111,0.0,0.0,0.0,0.0,1.0,0.9999999999999999,-1.05,0.0
1770415533.9046595,7,112,0.0,0.0,0.0,0.0,1.0,0.9999999999999999,-1.05,0.0
1770415533.9062736,7,113,0.0,0.0,0.0,0.0,1.0,0.9999999999999999,-1.05,0.0
1770415533.908136,7,114,0.0,0.0,0.0,0.0,1.0,0.9999999999999999,-1.05,0.0
1770415533.9100266,7,115,0.0,0.0,0.0,0.0,1.0,0.9999999999999999,-1.05,0.0
1770415533.9115295,7,116,0.0,0.0,0.0,0.0,1.0,0.9999999999999999,-1.05,0.0
1770415533.912608,7,117,0.0,0.0,0.0,0.0,1.0,0.9999999999999999,-1.05,0.0
1770415533.9134948,7,118,0.0,0.0,0.0,0.0,1.0,0.9999999999999999,-1.05,0.0
1770415533.9141667,7,119,0.0,0.0,0.0,0.0,1.0,0.9999999999999999,-1.05,0.0
1770415533.9152029,7,120,0.0,0.0,0.0,0.0,1.0,0.9999999999999999,-1.05,0.0
1770415533.916056,7,121,0.0,0.0,0.0,0.0,1.0,0.9999999999999999,-1.05,0.0
1770415533.917122,7,122,0.0,0.0,0.0,0.0,1.0,0.9999999999999999,-1.05,0.0
1770415533.918131,7,123,0.0,0.0,0.0,0.0,1.0,0.9999999999999999,-1.05,0.0
1770415533.9189548,7,124,0.0,0.0,0.0,0.0,1.0,0.9999999999999999,-1.05,0.0
1770415533.9196956,7,125,0.0,0.0,0.0,0.0,1.0,0.9999999999999999,-1.05,0.0
1770415533.9206846,7,126,0.0,0.0,0.0,0.0,1.0,0.9999999999999999,-1.05,0.0
1770415533.92137,7,127,0.0,0.0,0.0,0.0,1.0,0.9999999999999999,-1.05,0.0
1770415533.9221318,7,128,0.0,0.0,0.0,0.0,1.0,0.9999999999999999,-1.05,0.0
1770415533.9230556,7,129,0.0,0.0,0.0,0.0,1.0,0.9999999999999999,-1.05,0.0
1770415533.924062,7,130,0.0,0.0,0.0,0.0,1.0,0.9999999999999999,-1.05,0.0
1770415533.9250534,7,131,0.0,0.0,0.0,0.0,1.0,0.9999999999999999,-1.05,0.0
1770415533.92601,7,132,0.0,0.0,0.0,0.0,1.0,0.9999999999999999,-1.05,0.0
1770415533.9267223,7,133,0.0,0.0,0.0,0.0,1.0,0.9999999999999999,-1.05,0.0
1770415533.9275298,7,134,0.0,0.0,0.0,0.0,1.0,0.9999999999999999,-1.05,0.0
1770415533.9282565,7,135,0.0,0.0,0.0,0.0,1.0,0.9999999999999999,-1.05,0.0
1770415533.929322,7,136,0.0,0.0,0.0,0.0,1.0,0.9999999999999999,-1.05,0.0
1770415533.9303374,7,137,0.0,0.0,0.0,0.0,1.0,0.9999999999999999,-1.05,0.0
1770415533.9314063,7,138,0.0,0.0,0.0,0.0,1.0,0.9999999999999999,-1.05,0.0
1770415533.932278,7,139,0.0,0.0,0.0,0.0,1.0,0.9999999999999999,-1.05,0.0
1770415533.93298,7,140,0.0,0.0,0.0,0.0,1.0,0.9999999999999999,-1.05,0.0
1770415533.933791,7,141,0.0,0.0,0.0,0.0,1.0,0.9999999999999999,-1.05,0.0
1770415533.9344594,7,142,0.0,0.0,0.0,0.0,1.0,0.9999999999999999,-1.05,0.0
1770415533.9351592,7,143,0.0,0.0,0.0,0.0,1.0,0.9999999999999999,-1.05,0.0
1770415533.9360034,7,144,0.0,0.0,0.0,0.0,1.0,0.9999999999999999,-1.05,0.0
1770415533.9368145,7,145,0.0,0.0,0.0,0.0,1.0,0.9999999999999999,-1.05,0.0
1770415533.9376113,7,146,0.0,0.0,0.0,0.0,1.0,0.9999999999999999,-1.05,0.0
1770415533.939004,7,147,0.0,0.0,0.0,0.0,1.0,0.9999999999999999,-1.05,0.0
1770415533.9400523,7,148,0.0,0.0,0.0,0.0,1.0,0.9999999999999999,-1.05,0.0
1770415533.9410088,7,149,0.0,0.0,0.0,0.0,1.0,0.9999999999999999,-1.05,0.0
1770415533.9420595,7,150,0.0,0.0,0.0,0.0,1.0,0.9999999999999999,-1.05,0.0
1770415533.9430513,7,151,0.0,0.0,0.0,0.0,1.0,0.9999999999999999,-1.05,0.0
1770415533.9448576,7,152,0.0,0.0,0.0,0.0,1.0,0.9999999999999999,-1.05,0.0
1770415533.9466412,7,153,0.0,0.0,0.0,0.0,1.0,0.9999999999999999,-1.05,0.0
1770415533.948492,7,154,0.0,0.0,0.0,0.0,1.0,0.9999999999999999,-1.05,0.0
1770415533.9506114,7,155,0.0,0.0,0.0,0.0,1.0,0.9999999999999999,-1.05,0.0
1770415533.9517767,7,156,0.0,0.0,0.0,0.0,1.0,0.9999999999999999,-1.05,0.0
1770415533.9525514,7,157,0.0,0.0,0.0,0.0,1.0,0.9999999999999999,-1.05,0.0
1770415533.9534974,7,158,0.0,0.0,0.0,0.0,1.0,0.9999999999999999,-1.05,0.0
1770415533.9544125,7,159,0.0,0.0,0.0,0.0,1.0,0.9999999999999999,-1.05,0.0
1770415533.9553752,7,160,0.0,0.0,0.0,0.0,1.0,0.9999999999999999,-1.05,0.0
1770415533.9563792,7,161,0.0,0.0,0.0,0.0,1.0,0.9999999999999999,-1.05,0.0
1770415533.9588678,7,162,0.0,0.0,0.0,0.0,1.0,0.9999999999999999,-1.05,0.0
1770415533.9604237,7,163,0.0,0.0,0.0,0.0,1.0,0.9999999999999999,-1.05,0.0
1770415533.9614394,7,164,0.0,0.0,0.0,0.0,1.0,0.9999999999999999,-1.05,0.0
1770415533.9624193,7,165,0.0,0.0,0.0,0.0,1.0,0.9999999999999999,-1.05,0.0
1770415533.9633772,7,166,0.0,0.0,0.0,0.0,1.0,0.9999999999999999,-1.05,0.0
1770415533.9644108,7,167,0.0,0.0,0.0,0.0,1.0,0.9999999999999999,-1.05,0.0
1770415533.965495,7,168,0.0,0.0,0.0,0.0,1.0,0.9999999999999999,-1.05,0.0
1770415533.966534,7,169,0.0,0.0,0.0,0.0,1.0,0.9999999999999999,-1.05,0.0
1770415533.967469,7,170,0.0,0.0,0.0,0.0,1.0,0.9999999999999999,-1.05,0.0
1770415533.9686832,7,171,0.0,0.0,0.0,0.0,1.0,0.9999999999999999,-1.05,0.0
1770415533.9696763,7,172,0.0,0.0,0.0,0.0,1.0,0.9999999999999999,-1.05,0.0
1770415533.9706693,7,173,0.0,0.0,0.0,0.0,1.0,0.9999999999999999,-1.05,0.0
1770415533.9718068,7,174,0.0,0.0,0.0,0.0,1.0,0.9999999999999999,-1.05,0.0
1770415533.972828,7,175,0.0,0.0,0.0,0.0,1.0,0.9999999999999999,-1.05,0.0
1770415533.9736571,7,176,0.0,0.0,0.0,0.0,1.0,0.9999999999999999,-1.05,0.0
1770415533.97452,7,177,0.0,0.0,0.0,0.0,1.0,0.9999999999999999,-1.05,0.0
1770415533.975543,7,178,0.0,0.0,0.0,0.0,1.0,0.9999999999999999,-1.05,0.0
1770415533.9767888,7,179,0.0,0.0,0.0,0.0,1.0,0.9999999999999999,-1.05,0.0
1770415533.9777412,7,180,0.0,0.0,0.0,0.0,1.0,0.9999999999999999,-1.05,0.0
1770415533.9788184,7,181,0.0,0.0,0.0,0.0,1.0,0.9999999999999999,-1.05,0.0
1770415533.9796474,7,182,0.0,0.0,0.0,0.0,1.0,0.9999999999999999,-1.05,0.0
1770415533.980469,7,183,0.0,0.0,0.0,0.0,1.0,0.9999999999999999,-1.05,0.0
1770415533.981412,7,184,0.0,0.0,0.0,0.0,1.0,0.9999999999999999,-1.05,0.0
1770415533.9824018,7,185,0.0,0.0,0.0,0.0,1.0,0.9999999999999999,-1.05,0.0
1770415533.983559,7,186,0.0,0.0,0.0,0.0,1.0,0.9999999999999999,-1.05,0.0
1770415533.9845784,7,187,0.0,0.0,0.0,0.0,1.0,0.9999999999999999,-1.05,0.0
1770415533.9857402,7,188,0.0,0.0,0.0,0.0,1.0,0.9999999999999999,-1.05,0.0
1770415533.9869998,7,189,0.0,0.0,0.0,0.0,1.0,0.9999999999999999,-1.05,0.0
1770415533.9880657,7,190,0.0,0.0,0.0,0.0,1.0,0.9999999999999999,-1.05,0.0
1770415533.9890885,7,191,0.0,0.0,0.0,0.0,1.0,0.9999999999999999,-1.05,0.0
1770415533.9900982,7,192,0.0,0.0,0.0,0.0,1.0,0.9999999999999999,-1.05,0.0
1770415533.991076,7,193,0.0,0.0,0.0,0.0,1.0,0.9999999999999999,-1.05,0.0
1770415533.9921575,7,194,0.0,0.0,0.0,0.0,1.0,0.9999999999999999,-1.05,0.0
1770415533.9932024,7,195,0.0,0.0,0.0,0.0,1.0,0.9999999999999999,-1.05,0.0
1770415533.9940467,7,196,0.0,0.0,0.0,0.0,1.0,0.9999999999999999,-1.05,0.0
1770415533.994889,7,197,0.0,0.0,0.0,0.0,1.0,0.9999999999999999,-1.05,0.0
1770415533.9956813,7,198,0.0,0.0,0.0,0.0,1.0,0.9999999999999999,-1.05,0.0
1770415533.996323,7,199,0.0,0.0,0.0,0.0,1.0,0.9999999999999999,-1.05,0.0
1770415533.997084,7,200,0.0,0.0,0.0,0.0,1.0,0.9999999999999999,-1.05,0.0
1770415534.0598824,8,0,0.0,0.0,0.0,0.0,1.0,0.0,0.0,0.0
1770415534.0616598,8,1,0.0,0.0,0.0,0.0,1.0,0.9999999999999999,-0.049999999999999996,0.0
1770415534.0633976,8,2,0.0,0.0,0.0,0.0,1.0,0.9999999999999999,-0.049999999999999996,0.0
1770415534.0659966,8,3,0.0,0.0,0.0,0.0,1.0,0.9999999999999999,-0.049999999999999996,0.0
1770415534.0681558,8,4,0.0,0.0,0.0,0.0,1.0,0.9999999999999999,-0.049999999999999996,0.0
1770415534.0699627,8,5,0.0,0.0,0.0,0.0,1.0,0.9999999999999999,-0.049999999999999996,0.0
1770415534.0716887,8,6,0.0,0.0,0.0,0.0,1.0,0.9999999999999999,-1.05,0.0
1770415534.0734801,8,7,0.0,0.0,0.0,0.0,1.0,0.9999999999999999,-1.05,0.0
1770415534.0746772,8,8,0.0,0.0,0.0,0.0,1.0,0.9999999999999999,-1.05,0.0
1770415534.0756397,8,9,0.0,0.0,0.0,0.0,1.0,0.9999999999999999,-1.05,0.0
1770415534.0765758,8,10,0.0,0.0,0.0,0.0,1.0,0.9999999999999999,-1.05,0.0
1770415534.0777514,8,11,0.0,0.0,0.0,0.0,1.0,0.9999999999999999,-1.05,0.0
1770415534.0787902,8,12,0.0,0.0,0.0,0.0,1.0,0.9999999999999999,-1.05,0.0
1770415534.0797098,8,13,0.0,0.0,0.0,0.0,1.0,0.9999999999999999,-1.05,0.0
1770415534.0810704,8,14,0.0,0.0,0.0,0.0,1.0,0.9999999999999999,-1.05,0.0
1770415534.0828493,8,15,0.0,0.0,0.0,0.0,1.0,0.9999999999999999,-1.05,0.0
1770415534.0848196,8,16,0.0,0.0,0.0,0.0,1.0,0.9999999999999999,-1.05,0.0
1770415534.086399,8,17,0.0,0.0,0.0,0.0,1.0,0.9999999999999999,-1.05,0.0
1770415534.0876994,8,18,0.0,0.0,0.0,0.0,1.0,0.9999999999999999,-1.05,0.0
1770415534.088675,8,19,0.0,0.0,0.0,0.0,1.0,0.9999999999999999,-1.05,0.0
1770415534.0895946,8,20,0.0,0.0,0.0,0.0,1.0,0.9999999999999999,-1.05,0.0
1770415534.0905788,8,21,0.0,0.0,0.0,0.0,1.0,0.9999999999999999,-1.05,0.0
1770415534.0916417,8,22,0.0,0.0,0.0,0.0,1.0,0.9999999999999999,-1.05,0.0
1770415534.0925965,8,23,0.0,0.0,0.0,0.0,1.0,0.9999999999999999,-1.05,0.0
1770415534.0936263,8,24,0.0,0.0,0.0,0.0,1.0,0.9999999999999999,-1.05,0.0
1770415534.0946581,8,25,0.0,0.0,0.0,0.0,1.0,0.9999999999999999,-1.05,0.0
1770415534.095495,8,26,0.0,0.0,0.0,0.0,1.0,0.9999999999999999,-1.05,0.0
1770415534.0965064,8,27,0.0,0.0,0.0,0.0,1.0,0.9999999999999999,-1.05,0.0
1770415534.097445,8,28,0.0,0.0,0.0,0.0,1.0,0.9999999999999999,-1.05,0.0
1770415534.0986996,8,29,0.0,0.0,0.0,0.0,1.0,0.9999999999999999,-1.05,0.0
1770415534.0996697,8,30,0.0,0.0,0.0,0.0,1.0,0.9999999999999999,-1.05,0.0
1770415534.1006548,8,31,0.0,0.0,0.0,0.0,1.0,0.9999999999999999,-1.05,0.0
1770415534.1016397,8,32,0.0,0.0,0.0,0.0,1.0,0.9999999999999999,-1.05,0.0
1770415534.1028695,8,33,0.0,0.0,0.0,0.0,1.0,0.9999999999999999,-1.05,0.0
1770415534.1040032,8,34,0.0,0.0,0.0,0.0,1.0,0.9999999999999999,-1.05,0.0
1770415534.1051543,8,35,0.0,0.0,0.0,0.0,1.0,0.9999999999999999,-1.05,0.0
1770415534.1063125,8,36,0.0,0.0,0.0,0.0,1.0,0.9999999999999999,-1.05,0.0
1770415534.1083927,8,37,0.0,0.0,0.0,0.0,1.0,0.9999999999999999,-1.05,0.0
1770415534.1105337,8,38,0.0,0.0,0.0,0.0,1.0,0.9999999999999999,-1.05,0.0
1770415534.1116724,8,39,0.0,0.0,0.0,0.0,1.0,0.9999999999999999,-1.05,0.0
1770415534.112941,8,40,0.0,0.0,0.0,0.0,1.0,0.9999999999999999,-1.05,0.0
1770415534.1140137,8,41,0.0,0.0,0.0,0.0,1.0,0.9999999999999999,-1.05,0.0
1770415534.1160874,8,42,0.0,0.0,0.0,0.0,1.0,0.9999999999999999,-1.05,0.0
1770415534.118124,8,43,0.0,0.0,0.0,0.0,1.0,0.9999999999999999,-1.05,0.0
1770415534.120127,8,44,0.0,0.0,0.0,0.0,1.0,0.9999999999999999,-1.05,0.0
1770415534.1219444,8,45,0.0,0.0,0.0,0.0,1.0,0.9999999999999999,-1.05,0.0
1770415534.1240888,8,46,0.0,0.0,0.0,0.0,1.0,0.9999999999999999,-1.05,0.0
1770415534.125851,8,47,0.0,0.0,0.0,0.0,1.0,0.9999999999999999,-1.05,0.0
1770415534.126968,8,48,0.0,0.0,0.0,0.0,1.0,0.9999999999999999,-1.05,0.0
1770415534.127948,8,49,0.0,0.0,0.0,0.0,1.0,0.9999999999999999,-1.05,0.0
1770415534.128946,8,50,0.0,0.0,0.0,0.0,1.0,0.9999999999999999,-1.05,0.0
1770415534.1300387,8,51,0.0,0.0,0.0,0.0,1.0,0.9999999999999999,-1.05,0.0
1770415534.1309671,8,52,0.0,0.0,0.0,0.0,1.0,0.9999999999999999,-1.05,0.0
1770415534.132132,8,53,0.0,0.0,0.0,0.0,1.0,0.9999999999999999,-1.05,0.0
1770415534.1331728,8,54,0.0,0.0,0.0,0.0,1.0,0.9999999999999999,-1.05,0.0
1770415534.1342685,8,55,0.0,0.0,0.0,0.0,1.0,0.9999999999999999,-1.05,0.0
1770415534.1353853,8,56,0.0,0.0,0.0,0.0,1.0,0.9999999999999999,-1.05,0.0
1770415534.1365554,8,57,0.0,0.0,0.0,0.0,1.0,0.9999999999999999,-1.05,0.0
1770415534.1376956,8,58,0.0,0.0,0.0,0.0,1.0,0.9999999999999999,-1.05,0.0
1770415534.1387782,8,59,0.0,0.0,0.0,0.0,1.0,0.9999999999999999,-1.05,0.0
1770415534.1397684,8,60,0.0,0.0,0.0,0.0,1.0,0.9999999999999999,-1.05,0.0
1770415534.1406205,8,61,0.0,0.0,0.0,0.0,1.0,0.9999999999999999,-1.05,0.0
1770415534.1424723,8,62,0.0,0.0,0.0,0.0,1.0,0.9999999999999999,-1.05,0.0
1770415534.1443074,8,63,0.0,0.0,0.0,0.0,1.0,0.9999999999999999,-1.05,0.0
1770415534.1453295,8,64,0.0,0.0,0.0,0.0,1.0,0.9999999999999999,-1.05,0.0
1770415534.1462183,8,65,0.0,0.0,0.0,0.0,1.0,0.9999999999999999,-1.05,0.0
1770415534.1472404,8,66,0.0,0.0,0.0,0.0,1.0,0.9999999999999999,-1.05,0.0
1770415534.1483932,8,67,0.0,0.0,0.0,0.0,1.0,0.9999999999999999,-1.05,0.0
1770415534.1492693,8,68,0.0,0.0,0.0,0.0,1.0,0.9999999999999999,-1.05,0.0
1770415534.1502233,8,69,0.0,0.0,0.0,0.0,1.0,0.9999999999999999,-1.05,0.0
1770415534.1514506,8,70,0.0,0.0,0.0,0.0,1.0,0.9999999999999999,-1.05,0.0
1770415534.1524026,8,71,0.0,0.0,0.0,0.0,1.0,0.9999999999999999,-1.05,0.0
1770415534.1533942,8,72,0.0,0.0,0.0,0.0,1.0,0.9999999999999999,-1.05,0.0
1770415534.1543214,8,73,0.0,0.0,0.0,0.0,1.0,0.9999999999999999,-1.05,0.0
1770415534.155321,8,74,0.0,0.0,0.0,0.0,1.0,0.9999999999999999,-1.05,0.0
1770415534.156445,8,75,0.0,0.0,0.0,0.0,1.0,0.9999999999999999,-1.05,0.0
1770415534.15753,8,76,0.0,0.0,0.0,0.0,1.0,0.9999999999999999,-1.05,0.0
1770415534.1583939,8,77,0.0,0.0,0.0,0.0,1.0,0.9999999999999999,-1.05,0.0
1770415534.1592596,8,78,0.0,0.0,0.0,0.0,1.0,0.9999999999999999,-1.05,0.0
1770415534.1601088,8,79,0.0,0.0,0.0,0.0,1.0,0.9999999999999999,-1.05,0.0
1770415534.161101,8,80,0.0,0.0,0.0,0.0,1.0,0.9999999999999999,-1.05,0.0
1770415534.162047,8,81,0.0,0.0,0.0,0.0,1.0,0.9999999999999999,-1.05,0.0
1770415534.1631026,8,82,0.0,0.0,0.0,0.0,1.0,0.9999999999999999,-1.05,0.0
1770415534.163956,8,83,0.0,0.0,0.0,0.0,1.0,0.9999999999999999,-1.05,0.0
1770415534.1648457,8,84,0.0,0.0,0.0,0.0,1.0,0.9999999999999999,-1.05,0.0
1770415534.167052,8,85,0.0,0.0,0.0,0.0,1.0,0.9999999999999999,-1.05,0.0
1770415534.1692445,8,86,0.0,0.0,0.0,0.0,1.0,0.9999999999999999,-1.05,0.0
1770415534.1714492,8,87,0.0,0.0,0.0,0.0,1.0,0.9999999999999999,-1.05,0.0
1770415534.1733184,8,88,0.0,0.0,0.0,0.0,1.0,0.9999999999999999,-1.05,0.0
1770415534.1748066,8,89,0.0,0.0,0.0,0.0,1.0,0.9999999999999999,-1.05,0.0
1770415534.1760154,8,90,0.0,0.0,0.0,0.0,1.0,0.9999999999999999,-1.05,0.0
1770415534.177161,8,91,0.0,0.0,0.0,0.0,1.0,0.9999999999999999,-1.05,0.0
1770415534.1781878,8,92,0.0,0.0,0.0,0.0,1.0,0.9999999999999999,-1.05,0.0
1770415534.179183,8,93,0.0,0.0,0.0,0.0,1.0,0.9999999999999999,-1.05,0.0
1770415534.1800086,8,94,0.0,0.0,0.0,0.0,1.0,0.9999999999999999,-1.05,0.0
1770415534.180762,8,95,0.0,0.0,0.0,0.0,1.0,0.9999999999999999,-1.05,0.0
1770415534.181627,8,96,0.0,0.0,0.0,0.0,1.0,0.9999999999999999,-1.05,0.0
1770415534.1824863,8,97,0.0,0.0,0.0,0.0,1.0,0.9999999999999999,-1.05,0.0
1770415534.1835086,8,98,0.0,0.0,0.0,0.0,1.0,0.9999999999999999,-1.05,0.0
1770415534.1843991,8,99,0.0,0.0,0.0,0.0,1.0,0.9999999999999999,-1.05,0.0
1770415534.1852612,8,100,0.0,0.0,0.0,0.0,1.0,0.9999999999999999,-1.05,0.0
1770415534.1861005,8,101,0.0,0.0,0.0,0.0,1.0,0.9999999999999999,-1.05,0.0
1770415534.1870546,8,102,0.0,0.0,0.0,0.0,1.0,0.9999999999999999,-1.05,0.0
1770415534.188013,8,103,0.0,0.0,0.0,0.0,1.0,0.9999999999999999,-1.05,0.0
1770415534.1889274,8,104,0.0,0.0,0.0,0.0,1.0,0.9999999999999999,-1.05,0.0
1770415534.1897244,8,105,0.0,0.0,0.0,0.0,1.0,0.9999999999999999,-1.05,0.0
1770415534.1905508,8,106,0.0,0.0,0.0,0.0,1.0,0.9999999999999999,-1.05,0.0
1770415534.1917007,8,107,0.0,0.0,0.0,0.0,1.0,0.9999999999999999,-1.05,0.0
1770415534.1927555,8,108,0.0,0.0,0.0,0.0,1.0,0.9999999999999999,-1.05,0.0
1770415534.1938615,8,109,0.0,0.0,0.0,0.0,1.0,0.9999999999999999,-1.05,0.0
1770415534.1949472,8,110,0.0,0.0,0.0,0.0,1.0,0.9999999999999999,-1.05,0.0
1770415534.1959686,8,111,0.0,0.0,0.0,0.0,1.0,0.9999999999999999,-1.05,0.0
1770415534.1968346,8,112,0.0,0.0,0.0,0.0,1.0,0.9999999999999999,-1.05,0.0
1770415534.1979532,8,113,0.0,0.0,0.0,0.0,1.0,0.9999999999999999,-1.05,0.0
1770415534.2003636,8,114,0.0,0.0,0.0,0.0,1.0,0.9999999999999999,-1.05,0.0
1770415534.2018173,8,115,0.0,0.0,0.0,0.0,1.0,0.9999999999999999,-1.05,0.0
1770415534.2029526,8,116,0.0,0.0,0.0,0.0,1.0,0.9999999999999999,-1.05,0.0
1770415534.2040708,8,117,0.0,0.0,0.0,0.0,1.0,0.9999999999999999,-1.05,0.0
1770415534.2049665,8,118,0.0,0.0,0.0,0.0,1.0,0.9999999999999999,-1.05,0.0
1770415534.2061484,8,119,0.0,0.0,0.0,0.0,1.0,0.9999999999999999,-1.05,0.0
1770415534.2076142,8,120,0.0,0.0,0.0,0.0,1.0,0.9999999999999999,-1.05,0.0
1770415534.2087579,8,121,0.0,0.0,0.0,0.0,1.0,0.9999999999999999,-1.05,0.0
1770415534.2098458,8,122,0.0,0.0,0.0,0.0,1.0,0.9999999999999999,-1.05,0.0
1770415534.2111542,8,123,0.0,0.0,0.0,0.0,1.0,0.9999999999999999,-1.05,0.0
1770415534.2124047,8,124,0.0,0.0,0.0,0.0,1.0,0.9999999999999999,-1.05,0.0
1770415534.2135327,8,125,0.0,0.0,0.0,0.0,1.0,0.9999999999999999,-1.05,0.0
1770415534.2144952,8,126,0.0,0.0,0.0,0.0,1.0,0.9999999999999999,-1.05,0.0
1770415534.215336,8,127,0.0,0.0,0.0,0.0,1.0,0.9999999999999999,-1.05,0.0
1770415534.2162569,8,128,0.0,0.0,0.0,0.0,1.0,0.9999999999999999,-1.05,0.0
1770415534.2174592,8,129,0.0,0.0,0.0,0.0,1.0,0.9999999999999999,-1.05,0.0
1770415534.218713,8,130,0.0,0.0,0.0,0.0,1.0,0.9999999999999999,-1.05,0.0
1770415534.2197702,8,131,0.0,0.0,0.0,0.0,1.0,0.9999999999999999,-1.05,0.0
1770415534.2208154,8,132,0.0,0.0,0.0,0.0,1.0,0.9999999999999999,-1.05,0.0
1770415534.221935,8,133,0.0,0.0,0.0,0.0,1.0,0.9999999999999999,-1.05,0.0
1770415534.2228544,8,134,0.0,0.0,0.0,0.0,1.0,0.9999999999999999,-1.05,0.0
1770415534.223781,8,135,0.0,0.0,0.0,0.0,1.0,0.9999999999999999,-1.05,0.0
1770415534.2246747,8,136,0.0,0.0,0.0,0.0,1.0,0.9999999999999999,-1.05,0.0
1770415534.2254252,8,137,0.0,0.0,0.0,0.0,1.0,0.9999999999999999,-1.05,0.0
1770415534.2262878,8,138,0.0,0.0,0.0,0.0,1.0,0.9999999999999999,-1.05,0.0
1770415534.2271388,8,139,0.0,0.0,0.0,0.0,1.0,0.9999999999999999,-1.05,0.0
1770415534.2281337,8,140,0.0,0.0,0.0,0.0,1.0,0.9999999999999999,-1.05,0.0
1770415534.2290685,8,141,0.0,0.0,0.0,0.0,1.0,0.9999999999999999,-1.05,0.0
1770415534.2299821,8,142,0.0,0.0,0.0,0.0,1.0,0.9999999999999999,-1.05,0.0
1770415534.23072,8,143,0.0,0.0,0.0,0.0,1.0,0.9999999999999999,-1.05,0.0
1770415534.2325974,8,144,0.0,0.0,0.0,0.0,1.0,0.9999999999999999,-1.05,0.0
1770415534.233617,8,145,0.0,0.0,0.0,0.0,1.0,0.9999999999999999,-1.05,0.0
1770415534.2347403,8,146,0.0,0.0,0.0,0.0,1.0,0.9999999999999999,-1.05,0.0
1770415534.235644,8,147,0.0,0.0,0.0,0.0,1.0,0.9999999999999999,-1.05,0.0
1770415534.2364583,8,148,0.0,0.0,0.0,0.0,1.0,0.9999999999999999,-1.05,0.0
1770415534.2375584,8,149,0.0,0.0,0.0,0.0,1.0,0.9999999999999999,-1.05,0.0
1770415534.2387273,8,150,0.0,0.0,0.0,0.0,1.0,0.9999999999999999,-1.05,0.0
1770415534.2398274,8,151,0.0,0.0,0.0,0.0,1.0,0.9999999999999999,-1.05,0.0
1770415534.241336,8,152,0.0,0.0,0.0,0.0,1.0,0.9999999999999999,-1.05,0.0
1770415534.243407,8,153,0.0,0.0,0.0,0.0,1.0,0.9999999999999999,-1.05,0.0
1770415534.2448046,8,154,0.0,0.0,0.0,0.0,1.0,0.9999999999999999,-1.05,0.0
1770415534.2462857,8,155,0.0,0.0,0.0,0.0,1.0,0.9999999999999999,-1.05,0.0
1770415534.2473931,8,156,0.0,0.0,0.0,0.0,1.0,0.9999999999999999,-1.05,0.0
1770415534.2484665,8,157,0.0,0.0,0.0,0.0,1.0,0.9999999999999999,-1.05,0.0
1770415534.249379,8,158,0.0,0.0,0.0,0.0,1.0,0.9999999999999999,-1.05,0.0
1770415534.2506177,8,159,0.0,0.0,0.0,0.0,1.0,0.9999999999999999,-1.05,0.0
1770415534.2525024,8,160,0.0,0.0,0.0,0.0,1.0,0.9999999999999999,-1.05,0.0
1770415534.253749,8,161,0.0,0.0,0.0,0.0,1.0,0.9999999999999999,-1.05,0.0
1770415534.254781,8,162,0.0,0.0,0.0,0.0,1.0,0.9999999999999999,-1.05,0.0
1770415534.2559013,8,163,0.0,0.0,0.0,0.0,1.0,0.9999999999999999,-1.05,0.0
1770415534.2568283,8,164,0.0,0.0,0.0,0.0,1.0,0.9999999999999999,-1.05,0.0
1770415534.257734,8,165,0.0,0.0,0.0,0.0,1.0,0.9999999999999999,-1.05,0.0
1770415534.2585254,8,166,0.0,0.0,0.0,0.0,1.0,0.9999999999999999,-1.05,0.0
1770415534.259306,8,167,0.0,0.0,0.0,0.0,1.0,0.9999999999999999,-1.05,0.0
1770415534.2600977,8,168,0.0,0.0,0.0,0.0,1.0,0.9999999999999999,-1.05,0.0
1770415534.2610862,8,169,0.0,0.0,0.0,0.0,1.0,0.9999999999999999,-1.05,0.0
1770415534.262036,8,170,0.0,0.0,0.0,0.0,1.0,0.9999999999999999,-1.05,0.0
1770415534.2629929,8,171,0.0,0.0,0.0,0.0,1.0,0.9999999999999999,-1.05,0.0
1770415534.2637908,8,172,0.0,0.0,0.0,0.0,1.0,0.9999999999999999,-1.05,0.0
1770415534.2645373,8,173,0.0,0.0,0.0,0.0,1.0,0.9999999999999999,-1.05,0.0
1770415534.26658,8,174,0.0,0.0,0.0,0.0,1.0,0.9999999999999999,-1.05,0.0
1770415534.26879,8,175,0.0,0.0,0.0,0.0,1.0,0.9999999999999999,-1.05,0.0
1770415534.2705905,8,176,0.0,0.0,0.0,0.0,1.0,0.9999999999999999,-1.05,0.0
1770415534.2723286,8,177,0.0,0.0,0.0,0.0,1.0,0.9999999999999999,-1.05,0.0
1770415534.2743106,8,178,0.0,0.0,0.0,0.0,1.0,0.9999999999999999,-1.05,0.0
1770415534.276132,8,179,0.0,0.0,0.0,0.0,1.0,0.9999999999999999,-1.05,0.0
1770415534.2775416,8,180,0.0,0.0,0.0,0.0,1.0,0.9999999999999999,-1.05,0.0
1770415534.2785864,8,181,0.0,0.0,0.0,0.0,1.0,0.9999999999999999,-1.05,0.0
1770415534.2796488,8,182,0.0,0.0,0.0,0.0,1.0,0.9999999999999999,-1.05,0.0
1770415534.2806897,8,183,0.0,0.0,0.0,0.0,1.0,0.9999999999999999,-1.05,0.0
1770415534.2817216,8,184,0.0,0.0,0.0,0.0,1.0,0.9999999999999999,-1.05,0.0
1770415534.2825298,8,185,0.0,0.0,0.0,0.0,1.0,0.9999999999999999,-1.05,0.0
1770415534.2834423,8,186,0.0,0.0,0.0,0.0,1.0,0.9999999999999999,-1.05,0.0
1770415534.284503,8,187,0.0,0.0,0.0,0.0,1.0,0.9999999999999999,-1.05,0.0
1770415534.2853377,8,188,0.0,0.0,0.0,0.0,1.0,0.9999999999999999,-1.05,0.0
1770415534.2861817,8,189,0.0,0.0,0.0,0.0,1.0,0.9999999999999999,-1.05,0.0
1770415534.286997,8,190,0.0,0.0,0.0,0.0,1.0,0.9999999999999999,-1.05,0.0
1770415534.2876766,8,191,0.0,0.0,0.0,0.0,1.0,0.9999999999999999,-1.05,0.0
1770415534.288404,8,192,0.0,0.0,0.0,0.0,1.0,0.9999999999999999,-1.05,0.0
1770415534.289206,8,193,0.0,0.0,0.0,0.0,1.0,0.9999999999999999,-1.05,0.0
1770415534.2925317,8,194,0.0,0.0,0.0,0.0,1.0,0.9999999999999999,-1.05,0.0
1770415534.2933903,8,195,0.0,0.0,0.0,0.0,1.0,0.9999999999999999,-1.05,0.0
1770415534.294497,8,196,0.0,0.0,0.0,0.0,1.0,0.9999999999999999,-1.05,0.0
1770415534.2955046,8,197,0.0,0.0,0.0,0.0,1.0,0.9999999999999999,-1.05,0.0
1770415534.296406,8,198,0.0,0.0,0.0,0.0,1.0,0.9999999999999999,-1.05,0.0
1770415534.2983692,8,199,0.0,0.0,0.0,0.0,1.0,0.9999999999999999,-1.05,0.0
1770415534.3003638,8,200,0.0,0.0,0.0,0.0,1.0,0.9999999999999999,-1.05,0.0
1770415534.3723369,9,0,0.0,0.0,0.0,0.0,1.0,0.0,0.0,0.0
1770415534.3735561,9,1,0.0,0.0,0.0,0.0,1.0,0.9999999999999999,-0.049999999999999996,0.0
1770415534.3746727,9,2,0.0,0.0,0.0,0.0,1.0,0.9999999999999999,-0.049999999999999996,0.0
1770415534.3755627,9,3,0.0,0.0,0.0,0.0,1.0,0.9999999999999999,-0.049999999999999996,0.0
1770415534.3765984,9,4,0.0,0.0,0.0,0.0,1.0,0.9999999999999999,-0.049999999999999996,0.0
1770415534.3775141,9,5,0.0,0.0,0.0,0.0,1.0,0.9999999999999999,-0.049999999999999996,0.0
1770415534.3784564,9,6,0.0,0.0,0.0,0.0,1.0,0.9999999999999999,-1.05,0.0
1770415534.3796263,9,7,0.0,0.0,0.0,0.0,1.0,0.9999999999999999,-1.05,0.0
1770415534.380578,9,8,0.0,0.0,0.0,0.0,1.0,0.9999999999999999,-1.05,0.0
1770415534.3816195,9,9,0.0,0.0,0.0,0.0,1.0,0.9999999999999999,-1.05,0.0
1770415534.3827248,9,10,0.0,0.0,0.0,0.0,1.0,0.9999999999999999,-1.05,0.0
1770415534.3839245,9,11,0.0,0.0,0.0,0.0,1.0,0.9999999999999999,-1.05,0.0
1770415534.3849347,9,12,0.0,0.0,0.0,0.0,1.0,0.9999999999999999,-1.05,0.0
1770415534.3861685,9,13,0.0,0.0,0.0,0.0,1.0,0.9999999999999999,-1.05,0.0
1770415534.387274,9,14,0.0,0.0,0.0,0.0,1.0,0.9999999999999999,-1.05,0.0
1770415534.3883433,9,15,0.0,0.0,0.0,0.0,1.0,0.9999999999999999,-1.05,0.0
1770415534.3892963,9,16,0.0,0.0,0.0,0.0,1.0,0.9999999999999999,-1.05,0.0
1770415534.3903148,9,17,0.0,0.0,0.0,0.0,1.0,0.9999999999999999,-1.05,0.0
1770415534.3917038,9,18,0.0,0.0,0.0,0.0,1.0,0.9999999999999999,-1.05,0.0
1770415534.392763,9,19,0.0,0.0,0.0,0.0,1.0,0.9999999999999999,-1.05,0.0
1770415534.3947344,9,20,0.0,0.0,0.0,0.0,1.0,0.9999999999999999,-1.05,0.0
1770415534.395789,9,21,0.0,0.0,0.0,0.0,1.0,0.9999999999999999,-1.05,0.0
1770415534.3969991,9,22,0.0,0.0,0.0,0.0,1.0,0.9999999999999999,-1.05,0.0
1770415534.3981512,9,23,0.0,0.0,0.0,0.0,1.0,0.9999999999999999,-1.05,0.0
1770415534.3994925,9,24,0.0,0.0,0.0,0.0,1.0,0.9999999999999999,-1.05,0.0
1770415534.400583,9,25,0.0,0.0,0.0,0.0,1.0,0.9999999999999999,-1.05,0.0
1770415534.4027245,9,26,0.0,0.0,0.0,0.0,1.0,0.9999999999999999,-1.05,0.0
1770415534.4048197,9,27,0.0,0.0,0.0,0.0,1.0,0.9999999999999999,-1.05,0.0
1770415534.4066305,9,28,0.0,0.0,0.0,0.0,1.0,0.9999999999999999,-1.05,0.0
1770415534.4079683,9,29,0.0,0.0,0.0,0.0,1.0,0.9999999999999999,-1.05,0.0
1770415534.4092264,9,30,0.0,0.0,0.0,0.0,1.0,0.9999999999999999,-1.05,0.0
1770415534.410383,9,31,0.0,0.0,0.0,0.0,1.0,0.9999999999999999,-1.05,0.0
1770415534.4114885,9,32,0.0,0.0,0.0,0.0,1.0,0.9999999999999999,-1.05,0.0
1770415534.4127593,9,33,0.0,0.0,0.0,0.0,1.0,0.9999999999999999,-1.05,0.0
1770415534.413892,9,34,0.0,0.0,0.0,0.0,1.0,0.9999999999999999,-1.05,0.0
1770415534.415073,9,35,0.0,0.0,0.0,0.0,1.0,0.9999999999999999,-1.05,0.0
1770415534.4163897,9,36,0.0,0.0,0.0,0.0,1.0,0.9999999999999999,-1.05,0.0
1770415534.417572,9,37,0.0,0.0,0.0,0.0,1.0,0.9999999999999999,-1.05,0.0
1770415534.41873,9,38,0.0,0.0,0.0,0.0,1.0,0.9999999999999999,-1.05,0.0
1770415534.4198182,9,39,0.0,0.0,0.0,0.0,1.0,0.9999999999999999,-1.05,0.0
1770415534.4210544,9,40,0.0,0.0,0.0,0.0,1.0,0.9999999999999999,-1.05,0.0
1770415534.4222403,9,41,0.0,0.0,0.0,0.0,1.0,0.9999999999999999,-1.05,0.0
1770415534.4233792,9,42,0.0,0.0,0.0,0.0,1.0,0.9999999999999999,-1.05,0.0
1770415534.4244905,9,43,0.0,0.0,0.0,0.0,1.0,0.9999999999999999,-1.05,0.0
1770415534.425873,9,44,0.0,0.0,0.0,0.0,1.0,0.9999999999999999,-1.05,0.0
1770415534.4271283,9,45,0.0,0.0,0.0,0.0,1.0,0.9999999999999999,-1.05,0.0
1770415534.4281757,9,46,0.0,0.0,0.0,0.0,1.0,0.9999999999999999,-1.05,0.0
1770415534.4293807,9,47,0.0,0.0,0.0,0.0,1.0,0.9999999999999999,-1.05,0.0
1770415534.4304612,9,48,0.0,0.0,0.0,0.0,1.0,0.9999999999999999,-1.05,0.0
1770415534.431647,9,49,0.0,0.0,0.0,0.0,1.0,0.9999999999999999,-1.05,0.0
1770415534.4326868,9,50,0.0,0.0,0.0,0.0,1.0,0.9999999999999999,-1.05,0.0
1770415534.433921,9,51,0.0,0.0,0.0,0.0,1.0,0.9999999999999999,-1.05,0.0
1770415534.4348364,9,52,0.0,0.0,0.0,0.0,1.0,0.9999999999999999,-1.05,0.0
1770415534.4360888,9,53,0.0,0.0,0.0,0.0,1.0,0.9999999999999999,-1.05,0.0
1770415534.4372113,9,54,0.0,0.0,0.0,0.0,1.0,0.9999999999999999,-1.05,0.0
1770415534.4382782,9,55,0.0,0.0,0.0,0.0,1.0,0.9999999999999999,-1.05,0.0
1770415534.439453,9,56,0.0,0.0,0.0,0.0,1.0,0.9999999999999999,-1.05,0.0
1770415534.440695,9,57,0.0,0.0,0.0,0.0,1.0,0.9999999999999999,-1.05,0.0
1770415534.441754,9,58,0.0,0.0,0.0,0.0,1.0,0.9999999999999999,-1.05,0.0
1770415534.4430106,9,59,0.0,0.0,0.0,0.0,1.0,0.9999999999999999,-1.05,0.0
1770415534.4440005,9,60,0.0,0.0,0.0,0.0,1.0,0.9999999999999999,-1.05,0.0
1770415534.445096,9,61,0.0,0.0,0.0,0.0,1.0,0.9999999999999999,-1.05,0.0
1770415534.4462507,9,62,0.0,0.0,0.0,0.0,1.0,0.9999999999999999,-1.05,0.0
1770415534.4476368,9,63,0.0,0.0,0.0,0.0,1.0,0.9999999999999999,-1.05,0.0
1770415534.4485285,9,64,0.0,0.0,0.0,0.0,1.0,0.9999999999999999,-1.05,0.0
1770415534.4493105,9,65,0.0,0.0,0.0,0.0,1.0,0.9999999999999999,-1.05,0.0
1770415534.450434,9,66,0.0,0.0,0.0,0.0,1.0,0.9999999999999999,-1.05,0.0
1770415534.4516459,9,67,0.0,0.0,0.0,0.0,1.0,0.9999999999999999,-1.05,0.0
1770415534.452538,9,68,0.0,0.0,0.0,0.0,1.0,0.9999999999999999,-1.05,0.0
1770415534.4535854,9,69,0.0,0.0,0.0,0.0,1.0,0.9999999999999999,-1.05,0.0
1770415534.4548035,9,70,0.0,0.0,0.0,0.0,1.0,0.9999999999999999,-1.05,0.0
1770415534.4560196,9,71,0.0,0.0,0.0,0.0,1.0,0.9999999999999999,-1.05,0.0
1770415534.4571333,9,72,0.0,0.0,0.0,0.0,1.0,0.9999999999999999,-1.05,0.0
1770415534.458231,9,73,0.0,0.0,0.0,0.0,1.0,0.9999999999999999,-1.05,0.0
1770415534.4591353,9,74,0.0,0.0,0.0,0.0,1.0,0.9999999999999999,-1.05,0.0
1770415534.4598615,9,75,0.0,0.0,0.0,0.0,1.0,0.9999999999999999,-1.05,0.0
1770415534.4607577,9,76,0.0,0.0,0.0,0.0,1.0,0.9999999999999999,-1.05,0.0
1770415534.461595,9,77,0.0,0.0,0.0,0.0,1.0,0.9999999999999999,-1.05,0.0
1770415534.4626467,9,78,0.0,0.0,0.0,0.0,1.0,0.9999999999999999,-1.05,0.0
1770415534.4635255,9,79,0.0,0.0,0.0,0.0,1.0,0.9999999999999999,-1.05,0.0
1770415534.4644675,9,80,0.0,0.0,0.0,0.0,1.0,0.9999999999999999,-1.05,0.0
1770415534.4655647,9,81,0.0,0.0,0.0,0.0,1.0,0.9999999999999999,-1.05,0.0
1770415534.466422,9,82,0.0,0.0,0.0,0.0,1.0,0.9999999999999999,-1.05,0.0
1770415534.467268,9,83,0.0,0.0,0.0,0.0,1.0,0.9999999999999999,-1.05,0.0
1770415534.4681075,9,84,0.0,0.0,0.0,0.0,1.0,0.9999999999999999,-1.05,0.0
1770415534.469046,9,85,0.0,0.0,0.0,0.0,1.0,0.9999999999999999,-1.05,0.0
1770415534.4700801,9,86,0.0,0.0,0.0,0.0,1.0,0.9999999999999999,-1.05,0.0
1770415534.471138,9,87,0.0,0.0,0.0,0.0,1.0,0.9999999999999999,-1.05,0.0
1770415534.4720392,9,88,0.0,0.0,0.0,0.0,1.0,0.9999999999999999,-1.05,0.0
1770415534.4729307,9,89,0.0,0.0,0.0,0.0,1.0,0.9999999999999999,-1.05,0.0
1770415534.473898,9,90,0.0,0.0,0.0,0.0,1.0,0.9999999999999999,-1.05,0.0
1770415534.4749825,9,91,0.0,0.0,0.0,0.0,1.0,0.9999999999999999,-1.05,0.0
1770415534.4763308,9,92,0.0,0.0,0.0,0.0,1.0,0.9999999999999999,-1.05,0.0
1770415534.4774294,9,93,0.0,0.0,0.0,0.0,1.0,0.9999999999999999,-1.05,0.0
1770415534.4784555,9,94,0.0,0.0,0.0,0.0,1.0,0.9999999999999999,-1.05,0.0
1770415534.4797924,9,95,0.0,0.0,0.0,0.0,1.0,0.9999999999999999,-1.05,0.0
1770415534.4808557,9,96,0.0,0.0,0.0,0.0,1.0,0.9999999999999999,-1.05,0.0
1770415534.4817977,9,97,0.0,0.0,0.0,0.0,1.0,0.9999999999999999,-1.05,0.0
1770415534.482929,9,98,0.0,0.0,0.0,0.0,1.0,0.9999999999999999,-1.05,0.0
1770415534.4840887,9,99,0.0,0.0,0.0,0.0,1.0,0.9999999999999999,-1.05,0.0
1770415534.4851406,9,100,0.0,0.0,0.0,0.0,1.0,0.9999999999999999,-1.05,0.0
1770415534.4859247,9,101,0.0,0.0,0.0,0.0,1.0,0.9999999999999999,-1.05,0.0
1770415534.486774,9,102,0.0,0.0,0.0,0.0,1.0,0.9999999999999999,-1.05,0.0
1770415534.4875543,9,103,0.0,0.0,0.0,0.0,1.0,0.9999999999999999,-1.05,0.0
1770415534.4882534,9,104,0.0,0.0,0.0,0.0,1.0,0.9999999999999999,-1.05,0.0
1770415534.4890904,9,105,0.0,0.0,0.0,0.0,1.0,0.9999999999999999,-1.05,0.0
1770415534.490179,9,106,0.0,0.0,0.0,0.0,1.0,0.9999999999999999,-1.05,0.0
1770415534.4911149,9,107,0.0,0.0,0.0,0.0,1.0,0.9999999999999999,-1.05,0.0
1770415534.4919772,9,108,0.0,0.0,0.0,0.0,1.0,0.9999999999999999,-1.05,0.0
1770415534.4928334,9,109,0.0,0.0,0.0,0.0,1.0,0.9999999999999999,-1.05,0.0
1770415534.4936304,9,110,0.0,0.0,0.0,0.0,1.0,0.9999999999999999,-1.05,0.0
1770415534.4947345,9,111,0.0,0.0,0.0,0.0,1.0,0.9999999999999999,-1.05,0.0
1770415534.4956682,9,112,0.0,0.0,0.0,0.0,1.0,0.9999999999999999,-1.05,0.0
1770415534.4965281,9,113,0.0,0.0,0.0,0.0,1.0,0.9999999999999999,-1.05,0.0
1770415534.4976761,9,114,0.0,0.0,0.0,0.0,1.0,0.9999999999999999,-1.05,0.0
1770415534.4995582,9,115,0.0,0.0,0.0,0.0,1.0,0.9999999999999999,-1.05,0.0
1770415534.5014212,9,116,0.0,0.0,0.0,0.0,1.0,0.9999999999999999,-1.05,0.0
1770415534.5032623,9,117,0.0,0.0,0.0,0.0,1.0,0.9999999999999999,-1.05,0.0
1770415534.5049891,9,118,0.0,0.0,0.0,0.0,1.0,0.9999999999999999,-1.05,0.0
1770415534.5070064,9,119,0.0,0.0,0.0,0.0,1.0,0.9999999999999999,-1.05,0.0
1770415534.5091524,9,120,0.0,0.0,0.0,0.0,1.0,0.9999999999999999,-1.05,0.0
1770415534.5113926,9,121,0.0,0.0,0.0,0.0,1.0,0.9999999999999999,-1.05,0.0
1770415534.5133235,9,122,0.0,0.0,0.0,0.0,1.0,0.9999999999999999,-1.05,0.0
1770415534.5153744,9,123,0.0,0.0,0.0,0.0,1.0,0.9999999999999999,-1.05,0.0
1770415534.5173967,9,124,0.0,0.0,0.0,0.0,1.0,0.9999999999999999,-1.05,0.0
1770415534.51924,9,125,0.0,0.0,0.0,0.0,1.0,0.9999999999999999,-1.05,0.0
1770415534.5209863,9,126,0.0,0.0,0.0,0.0,1.0,0.9999999999999999,-1.05,0.0
1770415534.5227654,9,127,0.0,0.0,0.0,0.0,1.0,0.9999999999999999,-1.05,0.0
1770415534.5247033,9,128,0.0,0.0,0.0,0.0,1.0,0.9999999999999999,-1.05,0.0
1770415534.5265417,9,129,0.0,0.0,0.0,0.0,1.0,0.9999999999999999,-1.05,0.0
1770415534.5283318,9,130,0.0,0.0,0.0,0.0,1.0,0.9999999999999999,-1.05,0.0
1770415534.5295959,9,131,0.0,0.0,0.0,0.0,1.0,0.9999999999999999,-1.05,0.0
1770415534.5304155,9,132,0.0,0.0,0.0,0.0,1.0,0.9999999999999999,-1.05,0.0
1770415534.5314965,9,133,0.0,0.0,0.0,0.0,1.0,0.9999999999999999,-1.05,0.0
1770415534.532654,9,134,0.0,0.0,0.0,0.0,1.0,0.9999999999999999,-1.05,0.0
1770415534.5347896,9,135,0.0,0.0,0.0,0.0,1.0,0.9999999999999999,-1.05,0.0
1770415534.5368974,9,136,0.0,0.0,0.0,0.0,1.0,0.9999999999999999,-1.05,0.0
1770415534.5387099,9,137,0.0,0.0,0.0,0.0,1.0,0.9999999999999999,-1.05,0.0
1770415534.5404336,9,138,0.0,0.0,0.0,0.0,1.0,0.9999999999999999,-1.05,0.0
1770415534.5417504,9,139,0.0,0.0,0.0,0.0,1.0,0.9999999999999999,-1.05,0.0
1770415534.5430431,9,140,0.0,0.0,0.0,0.0,1.0,0.9999999999999999,-1.05,0.0
1770415534.54418,9,141,0.0,0.0,0.0,0.0,1.0,0.9999999999999999,-1.05,0.0
1770415534.545252,9,142,0.0,0.0,0.0,0.0,1.0,0.9999999999999999,-1.05,0.0
1770415534.5461788,9,143,0.0,0.0,0.0,0.0,1.0,0.9999999999999999,-1.05,0.0
1770415534.547378,9,144,0.0,0.0,0.0,0.0,1.0,0.9999999999999999,-1.05,0.0
1770415534.5494874,9,145,0.0,0.0,0.0,0.0,1.0,0.9999999999999999,-1.05,0.0
1770415534.5515227,9,146,0.0,0.0,0.0,0.0,1.0,0.9999999999999999,-1.05,0.0
1770415534.553653,9,147,0.0,0.0,0.0,0.0,1.0,0.9999999999999999,-1.05,0.0
1770415534.5547497,9,148,0.0,0.0,0.0,0.0,1.0,0.9999999999999999,-1.05,0.0
1770415534.5555463,9,149,0.0,0.0,0.0,0.0,1.0,0.9999999999999999,-1.05,0.0
1770415534.556419,9,150,0.0,0.0,0.0,0.0,1.0,0.9999999999999999,-1.05,0.0
1770415534.5583642,9,151,0.0,0.0,0.0,0.0,1.0,0.9999999999999999,-1.05,0.0
1770415534.5596373,9,152,0.0,0.0,0.0,0.0,1.0,0.9999999999999999,-1.05,0.0
1770415534.5605934,9,153,0.0,0.0,0.0,0.0,1.0,0.9999999999999999,-1.05,0.0
1770415534.5616384,9,154,0.0,0.0,0.0,0.0,1.0,0.9999999999999999,-1.05,0.0
1770415534.5627737,9,155,0.0,0.0,0.0,0.0,1.0,0.9999999999999999,-1.05,0.0
1770415534.5638816,9,156,0.0,0.0,0.0,0.0,1.0,0.9999999999999999,-1.05,0.0
1770415534.5648856,9,157,0.0,0.0,0.0,0.0,1.0,0.9999999999999999,-1.05,0.0
1770415534.5658672,9,158,0.0,0.0,0.0,0.0,1.0,0.9999999999999999,-1.05,0.0
1770415534.5668113,9,159,0.0,0.0,0.0,0.0,1.0,0.9999999999999999,-1.05,0.0
1770415534.568081,9,160,0.0,0.0,0.0,0.0,1.0,0.9999999999999999,-1.05,0.0
1770415534.5690477,9,161,0.0,0.0,0.0,0.0,1.0,0.9999999999999999,-1.05,0.0
1770415534.569828,9,162,0.0,0.0,0.0,0.0,1.0,0.9999999999999999,-1.05,0.0
1770415534.5710042,9,163,0.0,0.0,0.0,0.0,1.0,0.9999999999999999,-1.05,0.0
1770415534.5719488,9,164,0.0,0.0,0.0,0.0,1.0,0.9999999999999999,-1.05,0.0
1770415534.5728073,9,165,0.0,0.0,0.0,0.0,1.0,0.9999999999999999,-1.05,0.0
1770415534.5739834,9,166,0.0,0.0,0.0,0.0,1.0,0.9999999999999999,-1.05,0.0
1770415534.5750341,9,167,0.0,0.0,0.0,0.0,1.0,0.9999999999999999,-1.05,0.0
1770415534.5760584,9,168,0.0,0.0,0.0,0.0,1.0,0.9999999999999999,-1.05,0.0
1770415534.5770423,9,169,0.0,0.0,0.0,0.0,1.0,0.9999999999999999,-1.05,0.0
1770415534.5778382,9,170,0.0,0.0,0.0,0.0,1.0,0.9999999999999999,-1.05,0.0
1770415534.5788345,9,171,0.0,0.0,0.0,0.0,1.0,0.9999999999999999,-1.05,0.0
1770415534.5800102,9,172,0.0,0.0,0.0,0.0,1.0,0.9999999999999999,-1.05,0.0
1770415534.5810711,9,173,0.0,0.0,0.0,0.0,1.0,0.9999999999999999,-1.05,0.0
1770415534.5819745,9,174,0.0,0.0,0.0,0.0,1.0,0.9999999999999999,-1.05,0.0
1770415534.582758,9,175,0.0,0.0,0.0,0.0,1.0,0.9999999999999999,-1.05,0.0
1770415534.5837924,9,176,0.0,0.0,0.0,0.0,1.0,0.9999999999999999,-1.05,0.0
1770415534.5848382,9,177,0.0,0.0,0.0,0.0,1.0,0.9999999999999999,-1.05,0.0
1770415534.5859873,9,178,0.0,0.0,0.0,0.0,1.0,0.9999999999999999,-1.05,0.0
1770415534.587064,9,179,0.0,0.0,0.0,0.0,1.0,0.9999999999999999,-1.05,0.0
1770415534.5878727,9,180,0.0,0.0,0.0,0.0,1.0,0.9999999999999999,-1.05,0.0
1770415534.5887618,9,181,0.0,0.0,0.0,0.0,1.0,0.9999999999999999,-1.05,0.0
1770415534.5896778,9,182,0.0,0.0,0.0,0.0,1.0,0.9999999999999999,-1.05,0.0
1770415534.5904186,9,183,0.0,0.0,0.0,0.0,1.0,0.9999999999999999,-1.05,0.0
1770415534.5915213,9,184,0.0,0.0,0.0,0.0,1.0,0.9999999999999999,-1.05,0.0
1770415534.5924158,9,185,0.0,0.0,0.0,0.0,1.0,0.9999999999999999,-1.05,0.0
1770415534.593158,9,186,0.0,0.0,0.0,0.0,1.0,0.9999999999999999,-1.05,0.0
1770415534.5939536,9,187,0.0,0.0,0.0,0.0,1.0,0.9999999999999999,-1.05,0.0
1770415534.5949464,9,188,0.0,0.0,0.0,0.0,1.0,0.9999999999999999,-1.05,0.0
1770415534.5961797,9,189,0.0,0.0,0.0,0.0,1.0,0.9999999999999999,-1.05,0.0
1770415534.5971732,9,190,0.0,0.0,0.0,0.0,1.0,0.9999999999999999,-1.05,0.0
1770415534.598059,9,191,0.0,0.0,0.0,0.0,1.0,0.9999999999999999,-1.05,0.0
1770415534.5991032,9,192,0.0,0.0,0.0,0.0,1.0,0.9999999999999999,-1.05,0.0
1770415534.600014,9,193,0.0,0.0,0.0,0.0,1.0,0.9999999999999999,-1.05,0.0
1770415534.6010144,9,194,0.0,0.0,0.0,0.0,1.0,0.9999999999999999,-1.05,0.0
1770415534.6020494,9,195,0.0,0.0,0.0,0.0,1.0,0.9999999999999999,-1.05,0.0
1770415534.6031184,9,196,0.0,0.0,0.0,0.0,1.0,0.9999999999999999,-1.05,0.0
1770415534.6041393,9,197,0.0,0.0,0.0,0.0,1.0,0.9999999999999999,-1.05,0.0
1770415534.605017,9,198,0.0,0.0,0.0,0.0,1.0,0.9999999999999999,-1.05,0.0
1770415534.605898,9,199,0.0,0.0,0.0,0.0,1.0,0.9999999999999999,-1.05,0.0
1770415534.6081617,9,200,0.0,0.0,0.0,0.0,1.0,0.9999999999999999,-1.05,0.0
1770415534.6632183,10,0,0.0,0.0,0.0,0.0,1.0,0.0,0.0,0.0
1770415534.6644738,10,1,0.0,0.0,0.0,0.0,1.0,0.9999999999999999,-0.049999999999999996,0.0
1770415534.6655307,10,2,0.0,0.0,0.0,0.0,1.0,0.9999999999999999,-0.049999999999999996,0.0
1770415534.666478,10,3,0.0,0.0,0.0,0.0,1.0,0.9999999999999999,-0.049999999999999996,0.0
1770415534.6673238,10,4,0.0,0.0,0.0,0.0,1.0,0.9999999999999999,-0.049999999999999996,0.0
1770415534.6684613,10,5,0.0,0.0,0.0,0.0,1.0,0.9999999999999999,-0.049999999999999996,0.0
1770415534.6695778,10,6,0.0,0.0,0.0,0.0,1.0,0.9999999999999999,-1.05,0.0
1770415534.6704664,10,7,0.0,0.0,0.0,0.0,1.0,0.9999999999999999,-1.05,0.0
1770415534.6715608,10,8,0.0,0.0,0.0,0.0,1.0,0.9999999999999999,-1.05,0.0
1770415534.6724617,10,9,0.0,0.0,0.0,0.0,1.0,0.9999999999999999,-1.05,0.0
1770415534.6734214,10,10,0.0,0.0,0.0,0.0,1.0,0.9999999999999999,-1.05,0.0
1770415534.6742895,10,11,0.0,0.0,0.0,0.0,1.0,0.9999999999999999,-1.05,0.0
1770415534.6751301,10,12,0.0,0.0,0.0,0.0,1.0,0.9999999999999999,-1.05,0.0
1770415534.675987,10,13,0.0,0.0,0.0,0.0,1.0,0.9999999999999999,-1.05,0.0
1770415534.6767542,10,14,0.0,0.0,0.0,0.0,1.0,0.9999999999999999,-1.05,0.0
1770415534.6774995,10,15,0.0,0.0,0.0,0.0,1.0,0.9999999999999999,-1.05,0.0
1770415534.678206,10,16,0.0,0.0,0.0,0.0,1.0,0.9999999999999999,-1.05,0.0
1770415534.6790836,10,17,0.0,0.0,0.0,0.0,1.0,0.9999999999999999,-1.05,0.0
1770415534.6801472,10,18,0.0,0.0,0.0,0.0,1.0,0.9999999999999999,-1.05,0.0
1770415534.6811323,10,19,0.0,0.0,0.0,0.0,1.0,0.9999999999999999,-1.05,0.0
1770415534.6823423,10,20,0.0,0.0,0.0,0.0,1.0,0.9999999999999999,-1.05,0.0
1770415534.6834912,10,21,0.0,0.0,0.0,0.0,1.0,0.9999999999999999,-1.05,0.0
1770415534.684593,10,22,0.0,0.0,0.0,0.0,1.0,0.9999999999999999,-1.05,0.0
1770415534.6856523,10,23,0.0,0.0,0.0,0.0,1.0,0.9999999999999999,-1.05,0.0
1770415534.6867504,10,24,0.0,0.0,0.0,0.0,1.0,0.9999999999999999,-1.05,0.0
1770415534.6879134,10,25,0.0,0.0,0.0,0.0,1.0,0.9999999999999999,-1.05,0.0
1770415534.6890523,10,26,0.0,0.0,0.0,0.0,1.0,0.9999999999999999,-1.05,0.0
1770415534.6900785,10,27,0.0,0.0,0.0,0.0,1.0,0.9999999999999999,-1.05,0.0
1770415534.6911929,10,28,0.0,0.0,0.0,0.0,1.0,0.9999999999999999,-1.05,0.0
1770415534.6923342,10,29,0.0,0.0,0.0,0.0,1.0,0.9999999999999999,-1.05,0.0
1770415534.6937613,10,30,0.0,0.0,0.0,0.0,1.0,0.9999999999999999,-1.05,0.0
1770415534.6948254,10,31,0.0,0.0,0.0,0.0,1.0,0.9999999999999999,-1.05,0.0
1770415534.6959748,10,32,0.0,0.0,0.0,0.0,1.0,0.9999999999999999,-1.05,0.0
1770415534.697111,10,33,0.0,0.0,0.0,0.0,1.0,0.9999999999999999,-1.05,0.0
1770415534.698269,10,34,0.0,0.0,0.0,0.0,1.0,0.9999999999999999,-1.05,0.0
1770415534.6994252,10,35,0.0,0.0,0.0,0.0,1.0,0.9999999999999999,-1.05,0.0
1770415534.70075,10,36,0.0,0.0,0.0,0.0,1.0,0.9999999999999999,-1.05,0.0
1770415534.7017014,10,37,0.0,0.0,0.0,0.0,1.0,0.9999999999999999,-1.05,0.0
1770415534.7027297,10,38,0.0,0.0,0.0,0.0,1.0,0.9999999999999999,-1.05,0.0
1770415534.7037928,10,39,0.0,0.0,0.0,0.0,1.0,0.9999999999999999,-1.05,0.0
1770415534.7049549,10,40,0.0,0.0,0.0,0.0,1.0,0.9999999999999999,-1.05,0.0
1770415534.705834,10,41,0.0,0.0,0.0,0.0,1.0,0.9999999999999999,-1.05,0.0
1770415534.707905,10,42,0.0,0.0,0.0,0.0,1.0,0.9999999999999999,-1.05,0.0
1770415534.709817,10,43,0.0,0.0,0.0,0.0,1.0,0.9999999999999999,-1.05,0.0
1770415534.7115362,10,44,0.0,0.0,0.0,0.0,1.0,0.9999999999999999,-1.05,0.0
1770415534.7132664,10,45,0.0,0.0,0.0,0.0,1.0,0.9999999999999999,-1.05,0.0
1770415534.714982,10,46,0.0,0.0,0.0,0.0,1.0,0.9999999999999999,-1.05,0.0
1770415534.7169108,10,47,0.0,0.0,0.0,0.0,1.0,0.9999999999999999,-1.05,0.0
1770415534.7188122,10,48,0.0,0.0,0.0,0.0,1.0,0.9999999999999999,-1.05,0.0
1770415534.7205977,10,49,0.0,0.0,0.0,0.0,1.0,0.9999999999999999,-1.05,0.0
1770415534.7223206,10,50,0.0,0.0,0.0,0.0,1.0,0.9999999999999999,-1.05,0.0
1770415534.7242124,10,51,0.0,0.0,0.0,0.0,1.0,0.9999999999999999,-1.05,0.0
1770415534.7263086,10,52,0.0,0.0,0.0,0.0,1.0,0.9999999999999999,-1.05,0.0
1770415534.7282617,10,53,0.0,0.0,0.0,0.0,1.0,0.9999999999999999,-1.05,0.0
1770415534.7303355,10,54,0.0,0.0,0.0,0.0,1.0,0.9999999999999999,-1.05,0.0
1770415534.7319775,10,55,0.0,0.0,0.0,0.0,1.0,0.9999999999999999,-1.05,0.0
1770415534.7341087,10,56,0.0,0.0,0.0,0.0,1.0,0.9999999999999999,-1.05,0.0
1770415534.736153,10,57,0.0,0.0,0.0,0.0,1.0,0.9999999999999999,-1.05,0.0
1770415534.7379441,10,58,0.0,0.0,0.0,0.0,1.0,0.9999999999999999,-1.05,0.0
1770415534.7399871,10,59,0.0,0.0,0.0,0.0,1.0,0.9999999999999999,-1.05,0.0
1770415534.7422886,10,60,0.0,0.0,0.0,0.0,1.0,0.9999999999999999,-1.05,0.0
1770415534.7437341,10,61,0.0,0.0,0.0,0.0,1.0,0.9999999999999999,-1.05,0.0
1770415534.7445855,10,62,0.0,0.0,0.0,0.0,1.0,0.9999999999999999,-1.05,0.0
1770415534.7456815,10,63,0.0,0.0,0.0,0.0,1.0,0.9999999999999999,-1.05,0.0
1770415534.7467172,10,64,0.0,0.0,0.0,0.0,1.0,0.9999999999999999,-1.05,0.0
1770415534.7476606,10,65,0.0,0.0,0.0,0.0,1.0,0.9999999999999999,-1.05,0.0
1770415534.748518,10,66,0.0,0.0,0.0,0.0,1.0,0.9999999999999999,-1.05,0.0
1770415534.7495496,10,67,0.0,0.0,0.0,0.0,1.0,0.9999999999999999,-1.05,0.0
1770415534.7505267,10,68,0.0,0.0,0.0,0.0,1.0,0.9999999999999999,-1.05,0.0
1770415534.7514648,10,69,0.0,0.0,0.0,0.0,1.0,0.9999999999999999,-1.05,0.0
1770415534.7525113,10,70,0.0,0.0,0.0,0.0,1.0,0.9999999999999999,-1.05,0.0
1770415534.7532387,10,71,0.0,0.0,0.0,0.0,1.0,0.9999999999999999,-1.05,0.0
1770415534.7540667,10,72,0.0,0.0,0.0,0.0,1.0,0.9999999999999999,-1.05,0.0
1770415534.7549634,10,73,0.0,0.0,0.0,0.0,1.0,0.9999999999999999,-1.05,0.0
1770415534.7557678,10,74,0.0,0.0,0.0,0.0,1.0,0.9999999999999999,-1.05,0.0
1770415534.7578967,10,75,0.0,0.0,0.0,0.0,1.0,0.9999999999999999,-1.05,0.0
1770415534.7600656,10,76,0.0,0.0,0.0,0.0,1.0,0.9999999999999999,-1.05,0.0
1770415534.761816,10,77,0.0,0.0,0.0,0.0,1.0,0.9999999999999999,-1.05,0.0
1770415534.7637143,10,78,0.0,0.0,0.0,0.0,1.0,0.9999999999999999,-1.05,0.0
1770415534.7659187,10,79,0.0,0.0,0.0,0.0,1.0,0.9999999999999999,-1.05,0.0
1770415534.7679737,10,80,0.0,0.0,0.0,0.0,1.0,0.9999999999999999,-1.05,0.0
1770415534.76997,10,81,0.0,0.0,0.0,0.0,1.0,0.9999999999999999,-1.05,0.0
1770415534.7720222,10,82,0.0,0.0,0.0,0.0,1.0,0.9999999999999999,-1.05,0.0
1770415534.773852,10,83,0.0,0.0,0.0,0.0,1.0,0.9999999999999999,-1.05,0.0
1770415534.7756793,10,84,0.0,0.0,0.0,0.0,1.0,0.9999999999999999,-1.05,0.0
1770415534.7775366,10,85,0.0,0.0,0.0,0.0,1.0,0.9999999999999999,-1.05,0.0
1770415534.779303,10,86,0.0,0.0,0.0,0.0,1.0,0.9999999999999999,-1.05,0.0
1770415534.7811084,10,87,0.0,0.0,0.0,0.0,1.0,0.9999999999999999,-1.05,0.0
1770415534.7824478,10,88,0.0,0.0,0.0,0.0,1.0,0.9999999999999999,-1.05,0.0
1770415534.7836688,10,89,0.0,0.0,0.0,0.0,1.0,0.9999999999999999,-1.05,0.0
1770415534.7846768,10,90,0.0,0.0,0.0,0.0,1.0,0.9999999999999999,-1.05,0.0
1770415534.7857027,10,91,0.0,0.0,0.0,0.0,1.0,0.9999999999999999,-1.05,0.0
1770415534.786622,10,92,0.0,0.0,0.0,0.0,1.0,0.9999999999999999,-1.05,0.0
1770415534.7878413,10,93,0.0,0.0,0.0,0.0,1.0,0.9999999999999999,-1.05,0.0
1770415534.7890503,10,94,0.0,0.0,0.0,0.0,1.0,0.9999999999999999,-1.05,0.0
1770415534.7901142,10,95,0.0,0.0,0.0,0.0,1.0,0.9999999999999999,-1.05,0.0
1770415534.7912092,10,96,0.0,0.0,0.0,0.0,1.0,0.9999999999999999,-1.05,0.0
1770415534.792234,10,97,0.0,0.0,0.0,0.0,1.0,0.9999999999999999,-1.05,0.0
1770415534.793333,10,98,0.0,0.0,0.0,0.0,1.0,0.9999999999999999,-1.05,0.0
1770415534.794488,10,99,0.0,0.0,0.0,0.0,1.0,0.9999999999999999,-1.05,0.0
1770415534.7956166,10,100,0.0,0.0,0.0,0.0,1.0,0.9999999999999999,-1.05,0.0
1770415534.796442,10,101,0.0,0.0,0.0,0.0,1.0,0.9999999999999999,-1.05,0.0
1770415534.7973578,10,102,0.0,0.0,0.0,0.0,1.0,0.9999999999999999,-1.05,0.0
1770415534.7982774,10,103,0.0,0.0,0.0,0.0,1.0,0.9999999999999999,-1.05,0.0
1770415534.799365,10,104,0.0,0.0,0.0,0.0,1.0,0.9999999999999999,-1.05,0.0
1770415534.800469,10,105,0.0,0.0,0.0,0.0,1.0,0.9999999999999999,-1.05,0.0
1770415534.8014183,10,106,0.0,0.0,0.0,0.0,1.0,0.9999999999999999,-1.05,0.0
1770415534.8023653,10,107,0.0,0.0,0.0,0.0,1.0,0.9999999999999999,-1.05,0.0
1770415534.8033547,10,108,0.0,0.0,0.0,0.0,1.0,0.9999999999999999,-1.05,0.0
1770415534.8042512,10,109,0.0,0.0,0.0,0.0,1.0,0.9999999999999999,-1.05,0.0
1770415534.8052948,10,110,0.0,0.0,0.0,0.0,1.0,0.9999999999999999,-1.05,0.0
1770415534.8063943,10,111,0.0,0.0,0.0,0.0,1.0,0.9999999999999999,-1.05,0.0
1770415534.8074915,10,112,0.0,0.0,0.0,0.0,1.0,0.9999999999999999,-1.05,0.0
1770415534.8087442,10,113,0.0,0.0,0.0,0.0,1.0,0.9999999999999999,-1.05,0.0
1770415534.809866,10,114,0.0,0.0,0.0,0.0,1.0,0.9999999999999999,-1.05,0.0
1770415534.8109703,10,115,0.0,0.0,0.0,0.0,1.0,0.9999999999999999,-1.05,0.0
1770415534.8119762,10,116,0.0,0.0,0.0,0.0,1.0,0.9999999999999999,-1.05,0.0
1770415534.8129382,10,117,0.0,0.0,0.0,0.0,1.0,0.9999999999999999,-1.05,0.0
1770415534.8140936,10,118,0.0,0.0,0.0,0.0,1.0,0.9999999999999999,-1.05,0.0
1770415534.8150773,10,119,0.0,0.0,0.0,0.0,1.0,0.9999999999999999,-1.05,0.0
1770415534.8159924,10,120,0.0,0.0,0.0,0.0,1.0,0.9999999999999999,-1.05,0.0
1770415534.8168259,10,121,0.0,0.0,0.0,0.0,1.0,0.9999999999999999,-1.05,0.0
1770415534.817792,10,122,0.0,0.0,0.0,0.0,1.0,0.9999999999999999,-1.05,0.0
1770415534.8187752,10,123,0.0,0.0,0.0,0.0,1.0,0.9999999999999999,-1.05,0.0
1770415534.8197997,10,124,0.0,0.0,0.0,0.0,1.0,0.9999999999999999,-1.05,0.0
1770415534.8207498,10,125,0.0,0.0,0.0,0.0,1.0,0.9999999999999999,-1.05,0.0
1770415534.821914,10,126,0.0,0.0,0.0,0.0,1.0,0.9999999999999999,-1.05,0.0
1770415534.8230011,10,127,0.0,0.0,0.0,0.0,1.0,0.9999999999999999,-1.05,0.0
1770415534.8240504,10,128,0.0,0.0,0.0,0.0,1.0,0.9999999999999999,-1.05,0.0
1770415534.8250816,10,129,0.0,0.0,0.0,0.0,1.0,0.9999999999999999,-1.05,0.0
1770415534.8262136,10,130,0.0,0.0,0.0,0.0,1.0,0.9999999999999999,-1.05,0.0
1770415534.8272586,10,131,0.0,0.0,0.0,0.0,1.0,0.9999999999999999,-1.05,0.0
1770415534.8281806,10,132,0.0,0.0,0.0,0.0,1.0,0.9999999999999999,-1.05,0.0
1770415534.829217,10,133,0.0,0.0,0.0,0.0,1.0,0.9999999999999999,-1.05,0.0
1770415534.8303688,10,134,0.0,0.0,0.0,0.0,1.0,0.9999999999999999,-1.05,0.0
1770415534.83143,10,135,0.0,0.0,0.0,0.0,1.0,0.9999999999999999,-1.05,0.0
1770415534.8323343,10,136,0.0,0.0,0.0,0.0,1.0,0.9999999999999999,-1.05,0.0
1770415534.833069,10,137,0.0,0.0,0.0,0.0,1.0,0.9999999999999999,-1.05,0.0
1770415534.8338022,10,138,0.0,0.0,0.0,0.0,1.0,0.9999999999999999,-1.05,0.0
1770415534.8345737,10,139,0.0,0.0,0.0,0.0,1.0,0.9999999999999999,-1.05,0.0
1770415534.835332,10,140,0.0,0.0,0.0,0.0,1.0,0.9999999999999999,-1.05,0.0
1770415534.8360658,10,141,0.0,0.0,0.0,0.0,1.0,0.9999999999999999,-1.05,0.0
1770415534.836825,10,142,0.0,0.0,0.0,0.0,1.0,0.9999999999999999,-1.05,0.0
1770415534.837712,10,143,0.0,0.0,0.0,0.0,1.0,0.9999999999999999,-1.05,0.0
1770415534.8386135,10,144,0.0,0.0,0.0,0.0,1.0,0.9999999999999999,-1.05,0.0
1770415534.8393369,10,145,0.0,0.0,0.0,0.0,1.0,0.9999999999999999,-1.05,0.0
1770415534.840045,10,146,0.0,0.0,0.0,0.0,1.0,0.9999999999999999,-1.05,0.0
1770415534.8407948,10,147,0.0,0.0,0.0,0.0,1.0,0.9999999999999999,-1.05,0.0
1770415534.8418198,10,148,0.0,0.0,0.0,0.0,1.0,0.9999999999999999,-1.05,0.0
1770415534.8427498,10,149,0.0,0.0,0.0,0.0,1.0,0.9999999999999999,-1.05,0.0
1770415534.8437045,10,150,0.0,0.0,0.0,0.0,1.0,0.9999999999999999,-1.05,0.0
1770415534.8446033,10,151,0.0,0.0,0.0,0.0,1.0,0.9999999999999999,-1.05,0.0
1770415534.8463745,10,152,0.0,0.0,0.0,0.0,1.0,0.9999999999999999,-1.05,0.0
1770415534.8483453,10,153,0.0,0.0,0.0,0.0,1.0,0.9999999999999999,-1.05,0.0
1770415534.850174,10,154,0.0,0.0,0.0,0.0,1.0,0.9999999999999999,-1.05,0.0
1770415534.8518684,10,155,0.0,0.0,0.0,0.0,1.0,0.9999999999999999,-1.05,0.0
1770415534.85359,10,156,0.0,0.0,0.0,0.0,1.0,0.9999999999999999,-1.05,0.0
1770415534.8553545,10,157,0.0,0.0,0.0,0.0,1.0,0.9999999999999999,-1.05,0.0
1770415534.8573508,10,158,0.0,0.0,0.0,0.0,1.0,0.9999999999999999,-1.05,0.0
1770415534.8594654,10,159,0.0,0.0,0.0,0.0,1.0,0.9999999999999999,-1.05,0.0
1770415534.8607728,10,160,0.0,0.0,0.0,0.0,1.0,0.9999999999999999,-1.05,0.0
1770415534.8619728,10,161,0.0,0.0,0.0,0.0,1.0,0.9999999999999999,-1.05,0.0
1770415534.863176,10,162,0.0,0.0,0.0,0.0,1.0,0.9999999999999999,-1.05,0.0
1770415534.8641808,10,163,0.0,0.0,0.0,0.0,1.0,0.9999999999999999,-1.05,0.0
1770415534.866233,10,164,0.0,0.0,0.0,0.0,1.0,0.9999999999999999,-1.05,0.0
1770415534.8682482,10,165,0.0,0.0,0.0,0.0,1.0,0.9999999999999999,-1.05,0.0
1770415534.8700907,10,166,0.0,0.0,0.0,0.0,1.0,0.9999999999999999,-1.05,0.0
1770415534.8720312,10,167,0.0,0.0,0.0,0.0,1.0,0.9999999999999999,-1.05,0.0
1770415534.8739786,10,168,0.0,0.0,0.0,0.0,1.0,0.9999999999999999,-1.05,0.0
1770415534.8760715,10,169,0.0,0.0,0.0,0.0,1.0,0.9999999999999999,-1.05,0.0
1770415534.877848,10,170,0.0,0.0,0.0,0.0,1.0,0.9999999999999999,-1.05,0.0
1770415534.878971,10,171,0.0,0.0,0.0,0.0,1.0,0.9999999999999999,-1.05,0.0
1770415534.880133,10,172,0.0,0.0,0.0,0.0,1.0,0.9999999999999999,-1.05,0.0
1770415534.8812783,10,173,0.0,0.0,0.0,0.0,1.0,0.9999999999999999,-1.05,0.0
1770415534.882499,10,174,0.0,0.0,0.0,0.0,1.0,0.9999999999999999,-1.05,0.0
1770415534.883771,10,175,0.0,0.0,0.0,0.0,1.0,0.9999999999999999,-1.05,0.0
1770415534.8847694,10,176,0.0,0.0,0.0,0.0,1.0,0.9999999999999999,-1.05,0.0
1770415534.8858626,10,177,0.0,0.0,0.0,0.0,1.0,0.9999999999999999,-1.05,0.0
1770415534.886845,10,178,0.0,0.0,0.0,0.0,1.0,0.9999999999999999,-1.05,0.0
1770415534.8877895,10,179,0.0,0.0,0.0,0.0,1.0,0.9999999999999999,-1.05,0.0
1770415534.888753,10,180,0.0,0.0,0.0,0.0,1.0,0.9999999999999999,-1.05,0.0
1770415534.889832,10,181,0.0,0.0,0.0,0.0,1.0,0.9999999999999999,-1.05,0.0
1770415534.8909702,10,182,0.0,0.0,0.0,0.0,1.0,0.9999999999999999,-1.05,0.0
1770415534.892004,10,183,0.0,0.0,0.0,0.0,1.0,0.9999999999999999,-1.05,0.0
1770415534.8930278,10,184,0.0,0.0,0.0,0.0,1.0,0.9999999999999999,-1.05,0.0
1770415534.8941767,10,185,0.0,0.0,0.0,0.0,1.0,0.9999999999999999,-1.05,0.0
1770415534.8953125,10,186,0.0,0.0,0.0,0.0,1.0,0.9999999999999999,-1.05,0.0
1770415534.8962696,10,187,0.0,0.0,0.0,0.0,1.0,0.9999999999999999,-1.05,0.0
1770415534.8981092,10,188,0.0,0.0,0.0,0.0,1.0,0.9999999999999999,-1.05,0.0
1770415534.9000738,10,189,0.0,0.0,0.0,0.0,1.0,0.9999999999999999,-1.05,0.0
1770415534.901815,10,190,0.0,0.0,0.0,0.0,1.0,0.9999999999999999,-1.05,0.0
1770415534.9037986,10,191,0.0,0.0,0.0,0.0,1.0,0.9999999999999999,-1.05,0.0
1770415534.905711,10,192,0.0,0.0,0.0,0.0,1.0,0.9999999999999999,-1.05,0.0
1770415534.9077723,10,193,0.0,0.0,0.0,0.0,1.0,0.9999999999999999,-1.05,0.0
1770415534.9097316,10,194,0.0,0.0,0.0,0.0,1.0,0.9999999999999999,-1.05,0.0
1770415534.912011,10,195,0.0,0.0,0.0,0.0,1.0,0.9999999999999999,-1.05,0.0
1770415534.9140992,10,196,0.0,0.0,0.0,0.0,1.0,0.9999999999999999,-1.05,0.0
1770415534.915921,10,197,0.0,0.0,0.0,0.0,1.0,0.9999999999999999,-1.05,0.0
1770415534.9180021,10,198,0.0,0.0,0.0,0.0,1.0,0.9999999999999999,-1.05,0.0
1770415534.9197888,10,199,0.0,0.0,0.0,0.0,1.0,0.9999999999999999,-1.05,0.0
1770415534.9215078,10,200,0.0,0.0,0.0,0.0,1.0,0.9999999999999999,-1.05,0.0
1770415534.9897616,11,0,0.0,0.0,0.0,0.0,1.0,0.0,0.0,0.0
1770415534.9918172,11,1,0.0,0.0,0.0,0.0,1.0,0.9999999999999999,-0.049999999999999996,0.0
1770415534.9936316,11,2,0.0,0.0,0.0,0.0,1.0,0.9999999999999999,-0.049999999999999996,0.0
1770415534.9955277,11,3,0.0,0.0,0.0,0.0,1.0,0.9999999999999999,-0.049999999999999996,0.0
1770415534.9974458,11,4,0.0,0.0,0.0,0.0,1.0,0.9999999999999999,-0.049999999999999996,0.0
1770415534.9996505,11,5,0.0,0.0,0.0,0.0,1.0,0.9999999999999999,-0.049999999999999996,0.0
1770415535.0016081,11,6,0.0,0.0,0.0,0.0,1.0,0.9999999999999999,-1.05,0.0
1770415535.0037243,11,7,0.0,0.0,0.0,0.0,1.0,0.9999999999999999,-1.05,0.0
1770415535.0056114,11,8,0.0,0.0,0.0,0.0,1.0,0.9999999999999999,-1.05,0.0
1770415535.007589,11,9,0.0,0.0,0.0,0.0,1.0,0.9999999999999999,-1.05,0.0
1770415535.0093632,11,10,0.0,0.0,0.0,0.0,1.0,0.9999999999999999,-1.05,0.0
1770415535.0105495,11,11,0.0,0.0,0.0,0.0,1.0,0.9999999999999999,-1.05,0.0
1770415535.011543,11,12,0.0,0.0,0.0,0.0,1.0,0.9999999999999999,-1.05,0.0
1770415535.0124853,11,13,0.0,0.0,0.0,0.0,1.0,0.9999999999999999,-1.05,0.0
1770415535.0134358,11,14,0.0,0.0,0.0,0.0,1.0,0.9999999999999999,-1.05,0.0
1770415535.0144398,11,15,0.0,0.0,0.0,0.0,1.0,0.9999999999999999,-1.05,0.0
1770415535.0156374,11,16,0.0,0.0,0.0,0.0,1.0,0.9999999999999999,-1.05,0.0
1770415535.0165496,11,17,0.0,0.0,0.0,0.0,1.0,0.9999999999999999,-1.05,0.0
1770415535.0176597,11,18,0.0,0.0,0.0,0.0,1.0,0.9999999999999999,-1.05,0.0
1770415535.0187535,11,19,0.0,0.0,0.0,0.0,1.0,0.9999999999999999,-1.05,0.0
1770415535.0198102,11,20,0.0,0.0,0.0,0.0,1.0,0.9999999999999999,-1.05,0.0
1770415535.0206335,11,21,0.0,0.0,0.0,0.0,1.0,0.9999999999999999,-1.05,0.0
1770415535.0217092,11,22,0.0,0.0,0.0,0.0,1.0,0.9999999999999999,-1.05,0.0
1770415535.0227263,11,23,0.0,0.0,0.0,0.0,1.0,0.9999999999999999,-1.05,0.0
1770415535.023689,11,24,0.0,0.0,0.0,0.0,1.0,0.9999999999999999,-1.05,0.0
1770415535.0245552,11,25,0.0,0.0,0.0,0.0,1.0,0.9999999999999999,-1.05,0.0
1770415535.0254238,11,26,0.0,0.0,0.0,0.0,1.0,0.9999999999999999,-1.05,0.0
1770415535.0266688,11,27,0.0,0.0,0.0,0.0,1.0,0.9999999999999999,-1.05,0.0
1770415535.027837,11,28,0.0,0.0,0.0,0.0,1.0,0.9999999999999999,-1.05,0.0
1770415535.0287774,11,29,0.0,0.0,0.0,0.0,1.0,0.9999999999999999,-1.05,0.0
1770415535.0296888,11,30,0.0,0.0,0.0,0.0,1.0,0.9999999999999999,-1.05,0.0
1770415535.030674,11,31,0.0,0.0,0.0,0.0,1.0,0.9999999999999999,-1.05,0.0
1770415535.0316849,11,32,0.0,0.0,0.0,0.0,1.0,0.9999999999999999,-1.05,0.0
1770415535.0325966,11,33,0.0,0.0,0.0,0.0,1.0,0.9999999999999999,-1.05,0.0
1770415535.0344312,11,34,0.0,0.0,0.0,0.0,1.0,0.9999999999999999,-1.05,0.0
1770415535.03622,11,35,0.0,0.0,0.0,0.0,1.0,0.9999999999999999,-1.05,0.0
1770415535.0381007,11,36,0.0,0.0,0.0,0.0,1.0,0.9999999999999999,-1.05,0.0
1770415535.039878,11,37,0.0,0.0,0.0,0.0,1.0,0.9999999999999999,-1.05,0.0
1770415535.0415602,11,38,0.0,0.0,0.0,0.0,1.0,0.9999999999999999,-1.05,0.0
1770415535.0433886,11,39,0.0,0.0,0.0,0.0,1.0,0.9999999999999999,-1.05,0.0
1770415535.0451343,11,40,0.0,0.0,0.0,0.0,1.0,0.9999999999999999,-1.05,0.0
1770415535.0468698,11,41,0.0,0.0,0.0,0.0,1.0,0.9999999999999999,-1.05,0.0
1770415535.048699,11,42,0.0,0.0,0.0,0.0,1.0,0.9999999999999999,-1.05,0.0
1770415535.0505064,11,43,0.0,0.0,0.0,0.0,1.0,0.9999999999999999,-1.05,0.0
1770415535.0523617,11,44,0.0,0.0,0.0,0.0,1.0,0.9999999999999999,-1.05,0.0
1770415535.0541663,11,45,0.0,0.0,0.0,0.0,1.0,0.9999999999999999,-1.05,0.0
1770415535.0556693,11,46,0.0,0.0,0.0,0.0,1.0,0.9999999999999999,-1.05,0.0
1770415535.0569408,11,47,0.0,0.0,0.0,0.0,1.0,0.9999999999999999,-1.05,0.0
1770415535.0584693,11,48,0.0,0.0,0.0,0.0,1.0,0.9999999999999999,-1.05,0.0
1770415535.0599382,11,49,0.0,0.0,0.0,0.0,1.0,0.9999999999999999,-1.05,0.0
1770415535.0610495,11,50,0.0,0.0,0.0,0.0,1.0,0.9999999999999999,-1.05,0.0
1770415535.0622196,11,51,0.0,0.0,0.0,0.0,1.0,0.9999999999999999,-1.05,0.0
1770415535.063367,11,52,0.0,0.0,0.0,0.0,1.0,0.9999999999999999,-1.05,0.0
1770415535.0644054,11,53,0.0,0.0,0.0,0.0,1.0,0.9999999999999999,-1.05,0.0
1770415535.0654228,11,54,0.0,0.0,0.0,0.0,1.0,0.9999999999999999,-1.05,0.0
1770415535.066496,11,55,0.0,0.0,0.0,0.0,1.0,0.9999999999999999,-1.05,0.0
1770415535.06747,11,56,0.0,0.0,0.0,0.0,1.0,0.9999999999999999,-1.05,0.0
1770415535.0685394,11,57,0.0,0.0,0.0,0.0,1.0,0.9999999999999999,-1.05,0.0
1770415535.0696647,11,58,0.0,0.0,0.0,0.0,1.0,0.9999999999999999,-1.05,0.0
1770415535.0705853,11,59,0.0,0.0,0.0,0.0,1.0,0.9999999999999999,-1.05,0.0
1770415535.0716708,11,60,0.0,0.0,0.0,0.0,1.0,0.9999999999999999,-1.05,0.0
1770415535.0726252,11,61,0.0,0.0,0.0,0.0,1.0,0.9999999999999999,-1.05,0.0
1770415535.0740354,11,62,0.0,0.0,0.0,0.0,1.0,0.9999999999999999,-1.05,0.0
1770415535.075262,11,63,0.0,0.0,0.0,0.0,1.0,0.9999999999999999,-1.05,0.0
1770415535.0762577,11,64,0.0,0.0,0.0,0.0,1.0,0.9999999999999999,-1.05,0.0
1770415535.0774949,11,65,0.0,0.0,0.0,0.0,1.0,0.9999999999999999,-1.05,0.0
1770415535.0787048,11,66,0.0,0.0,0.0,0.0,1.0,0.9999999999999999,-1.05,0.0
1770415535.0799081,11,67,0.0,0.0,0.0,0.0,1.0,0.9999999999999999,-1.05,0.0
1770415535.0809422,11,68,0.0,0.0,0.0,0.0,1.0,0.9999999999999999,-1.05,0.0
1770415535.0823019,11,69,0.0,0.0,0.0,0.0,1.0,0.9999999999999999,-1.05,0.0
1770415535.083391,11,70,0.0,0.0,0.0,0.0,1.0,0.9999999999999999,-1.05,0.0
1770415535.084412,11,71,0.0,0.0,0.0,0.0,1.0,0.9999999999999999,-1.05,0.0
1770415535.085776,11,72,0.0,0.0,0.0,0.0,1.0,0.9999999999999999,-1.05,0.0
1770415535.0868988,11,73,0.0,0.0,0.0,0.0,1.0,0.9999999999999999,-1.05,0.0
1770415535.0882118,11,74,0.0,0.0,0.0,0.0,1.0,0.9999999999999999,-1.05,0.0
1770415535.0893614,11,75,0.0,0.0,0.0,0.0,1.0,0.9999999999999999,-1.05,0.0
1770415535.0907218,11,76,0.0,0.0,0.0,0.0,1.0,0.9999999999999999,-1.05,0.0
1770415535.091753,11,77,0.0,0.0,0.0,0.0,1.0,0.9999999999999999,-1.05,0.0
1770415535.0927806,11,78,0.0,0.0,0.0,0.0,1.0,0.9999999999999999,-1.05,0.0
1770415535.0937972,11,79,0.0,0.0,0.0,0.0,1.0,0.9999999999999999,-1.05,0.0
1770415535.0951207,11,80,0.0,0.0,0.0,0.0,1.0,0.9999999999999999,-1.05,0.0
1770415535.0963376,11,81,0.0,0.0,0.0,0.0,1.0,0.9999999999999999,-1.05,0.0
1770415535.0973594,11,82,0.0,0.0,0.0,0.0,1.0,0.9999999999999999,-1.05,0.0
1770415535.0994527,11,83,0.0,0.0,0.0,0.0,1.0,0.9999999999999999,-1.05,0.0
1770415535.1014402,11,84,0.0,0.0,0.0,0.0,1.0,0.9999999999999999,-1.05,0.0
1770415535.1037924,11,85,0.0,0.0,0.0,0.0,1.0,0.9999999999999999,-1.05,0.0
1770415535.1058617,11,86,0.0,0.0,0.0,0.0,1.0,0.9999999999999999,-1.05,0.0
1770415535.108008,11,87,0.0,0.0,0.0,0.0,1.0,0.9999999999999999,-1.05,0.0
1770415535.1103177,11,88,0.0,0.0,0.0,0.0,1.0,0.9999999999999999,-1.05,0.0
1770415535.1116028,11,89,0.0,0.0,0.0,0.0,1.0,0.9999999999999999,-1.05,0.0
1770415535.112634,11,90,0.0,0.0,0.0,0.0,1.0,0.9999999999999999,-1.05,0.0
1770415535.1137476,11,91,0.0,0.0,0.0,0.0,1.0,0.9999999999999999,-1.05,0.0
1770415535.1149654,11,92,0.0,0.0,0.0,0.0,1.0,0.9999999999999999,-1.05,0.0
1770415535.11608,11,93,0.0,0.0,0.0,0.0,1.0,0.9999999999999999,-1.05,0.0
1770415535.1180933,11,94,0.0,0.0,0.0,0.0,1.0,0.9999999999999999,-1.05,0.0
1770415535.1199384,11,95,0.0,0.0,0.0,0.0,1.0,0.9999999999999999,-1.05,0.0
1770415535.122022,11,96,0.0,0.0,0.0,0.0,1.0,0.9999999999999999,-1.05,0.0
1770415535.123471,11,97,0.0,0.0,0.0,0.0,1.0,0.9999999999999999,-1.05,0.0
1770415535.1243887,11,98,0.0,0.0,0.0,0.0,1.0,0.9999999999999999,-1.05,0.0
1770415535.125696,11,99,0.0,0.0,0.0,0.0,1.0,0.9999999999999999,-1.05,0.0
1770415535.126585,11,100,0.0,0.0,0.0,0.0,1.0,0.9999999999999999,-1.05,0.0
1770415535.127434,11,101,0.0,0.0,0.0,0.0,1.0,0.9999999999999999,-1.05,0.0
1770415535.1285346,11,102,0.0,0.0,0.0,0.0,1.0,0.9999999999999999,-1.05,0.0
1770415535.1295347,11,103,0.0,0.0,0.0,0.0,1.0,0.9999999999999999,-1.05,0.0
1770415535.1305604,11,104,0.0,0.0,0.0,0.0,1.0,0.9999999999999999,-1.05,0.0
1770415535.1314263,11,105,0.0,0.0,0.0,0.0,1.0,0.9999999999999999,-1.05,0.0
1770415535.1323793,11,106,0.0,0.0,0.0,0.0,1.0,0.9999999999999999,-1.05,0.0
1770415535.1334758,11,107,0.0,0.0,0.0,0.0,1.0,0.9999999999999999,-1.05,0.0
1770415535.1354284,11,108,0.0,0.0,0.0,0.0,1.0,0.9999999999999999,-1.05,0.0
1770415535.1366434,11,109,0.0,0.0,0.0,0.0,1.0,0.9999999999999999,-1.05,0.0
1770415535.1377978,11,110,0.0,0.0,0.0,0.0,1.0,0.9999999999999999,-1.05,0.0
1770415535.1391706,11,111,0.0,0.0,0.0,0.0,1.0,0.9999999999999999,-1.05,0.0
1770415535.1404047,11,112,0.0,0.0,0.0,0.0,1.0,0.9999999999999999,-1.05,0.0
1770415535.1425247,11,113,0.0,0.0,0.0,0.0,1.0,0.9999999999999999,-1.05,0.0
1770415535.1444378,11,114,0.0,0.0,0.0,0.0,1.0,0.9999999999999999,-1.05,0.0
1770415535.1462808,11,115,0.0,0.0,0.0,0.0,1.0,0.9999999999999999,-1.05,0.0
1770415535.1476147,11,116,0.0,0.0,0.0,0.0,1.0,0.9999999999999999,-1.05,0.0
1770415535.1485095,11,117,0.0,0.0,0.0,0.0,1.0,0.9999999999999999,-1.05,0.0
1770415535.149539,11,118,0.0,0.0,0.0,0.0,1.0,0.9999999999999999,-1.05,0.0
1770415535.1507177,11,119,0.0,0.0,0.0,0.0,1.0,0.9999999999999999,-1.05,0.0
1770415535.1516874,11,120,0.0,0.0,0.0,0.0,1.0,0.9999999999999999,-1.05,0.0
1770415535.1525767,11,121,0.0,0.0,0.0,0.0,1.0,0.9999999999999999,-1.05,0.0
1770415535.1534905,11,122,0.0,0.0,0.0,0.0,1.0,0.9999999999999999,-1.05,0.0
1770415535.154846,11,123,0.0,0.0,0.0,0.0,1.0,0.9999999999999999,-1.05,0.0
1770415535.1561155,11,124,0.0,0.0,0.0,0.0,1.0,0.9999999999999999,-1.05,0.0
1770415535.1570897,11,125,0.0,0.0,0.0,0.0,1.0,0.9999999999999999,-1.05,0.0
1770415535.1581469,11,126,0.0,0.0,0.0,0.0,1.0,0.9999999999999999,-1.05,0.0
1770415535.1593766,11,127,0.0,0.0,0.0,0.0,1.0,0.9999999999999999,-1.05,0.0
1770415535.1603975,11,128,0.0,0.0,0.0,0.0,1.0,0.9999999999999999,-1.05,0.0
1770415535.1613922,11,129,0.0,0.0,0.0,0.0,1.0,0.9999999999999999,-1.05,0.0
1770415535.1624632,11,130,0.0,0.0,0.0,0.0,1.0,0.9999999999999999,-1.05,0.0
1770415535.1634655,11,131,0.0,0.0,0.0,0.0,1.0,0.9999999999999999,-1.05,0.0
1770415535.1645045,11,132,0.0,0.0,0.0,0.0,1.0,0.9999999999999999,-1.05,0.0
1770415535.1654031,11,133,0.0,0.0,0.0,0.0,1.0,0.9999999999999999,-1.05,0.0
1770415535.1662571,11,134,0.0,0.0,0.0,0.0,1.0,0.9999999999999999,-1.05,0.0
1770415535.1672275,11,135,0.0,0.0,0.0,0.0,1.0,0.9999999999999999,-1.05,0.0
1770415535.1682942,11,136,0.0,0.0,0.0,0.0,1.0,0.9999999999999999,-1.05,0.0
1770415535.1693113,11,137,0.0,0.0,0.0,0.0,1.0,0.9999999999999999,-1.05,0.0
1770415535.1701806,11,138,0.0,0.0,0.0,0.0,1.0,0.9999999999999999,-1.05,0.0
1770415535.1712775,11,139,0.0,0.0,0.0,0.0,1.0,0.9999999999999999,-1.05,0.0
1770415535.1726005,11,140,0.0,0.0,0.0,0.0,1.0,0.9999999999999999,-1.05,0.0
1770415535.1735945,11,141,0.0,0.0,0.0,0.0,1.0,0.9999999999999999,-1.05,0.0
1770415535.1746752,11,142,0.0,0.0,0.0,0.0,1.0,0.9999999999999999,-1.05,0.0
1770415535.1759226,11,143,0.0,0.0,0.0,0.0,1.0,0.9999999999999999,-1.05,0.0
1770415535.1771789,11,144,0.0,0.0,0.0,0.0,1.0,0.9999999999999999,-1.05,0.0
1770415535.178304,11,145,0.0,0.0,0.0,0.0,1.0,0.9999999999999999,-1.05,0.0
1770415535.1795874,11,146,0.0,0.0,0.0,0.0,1.0,0.9999999999999999,-1.05,0.0
1770415535.1807206,11,147,0.0,0.0,0.0,0.0,1.0,0.9999999999999999,-1.05,0.0
1770415535.1817265,11,148,0.0,0.0,0.0,0.0,1.0,0.9999999999999999,-1.05,0.0
1770415535.1827884,11,149,0.0,0.0,0.0,0.0,1.0,0.9999999999999999,-1.05,0.0
1770415535.1838713,11,150,0.0,0.0,0.0,0.0,1.0,0.9999999999999999,-1.05,0.0
1770415535.1849453,11,151,0.0,0.0,0.0,0.0,1.0,0.9999999999999999,-1.05,0.0
1770415535.1861153,11,152,0.0,0.0,0.0,0.0,1.0,0.9999999999999999,-1.05,0.0
1770415535.1872404,11,153,0.0,0.0,0.0,0.0,1.0,0.9999999999999999,-1.05,0.0
1770415535.1882868,11,154,0.0,0.0,0.0,0.0,1.0,0.9999999999999999,-1.05,0.0
1770415535.1891868,11,155,0.0,0.0,0.0,0.0,1.0,0.9999999999999999,-1.05,0.0
1770415535.1900454,11,156,0.0,0.0,0.0,0.0,1.0,0.9999999999999999,-1.05,0.0
1770415535.1909132,11,157,0.0,0.0,0.0,0.0,1.0,0.9999999999999999,-1.05,0.0
1770415535.192072,11,158,0.0,0.0,0.0,0.0,1.0,0.9999999999999999,-1.05,0.0
1770415535.193108,11,159,0.0,0.0,0.0,0.0,1.0,0.9999999999999999,-1.05,0.0
1770415535.1941628,11,160,0.0,0.0,0.0,0.0,1.0,0.9999999999999999,-1.05,0.0
1770415535.19518,11,161,0.0,0.0,0.0,0.0,1.0,0.9999999999999999,-1.05,0.0
1770415535.196159,11,162,0.0,0.0,0.0,0.0,1.0,0.9999999999999999,-1.05,0.0
1770415535.1969826,11,163,0.0,0.0,0.0,0.0,1.0,0.9999999999999999,-1.05,0.0
1770415535.1978219,11,164,0.0,0.0,0.0,0.0,1.0,0.9999999999999999,-1.05,0.0
1770415535.1989832,11,165,0.0,0.0,0.0,0.0,1.0,0.9999999999999999,-1.05,0.0
1770415535.200149,11,166,0.0,0.0,0.0,0.0,1.0,0.9999999999999999,-1.05,0.0
1770415535.2011526,11,167,0.0,0.0,0.0,0.0,1.0,0.9999999999999999,-1.05,0.0
1770415535.2022111,11,168,0.0,0.0,0.0,0.0,1.0,0.9999999999999999,-1.05,0.0
1770415535.2032259,11,169,0.0,0.0,0.0,0.0,1.0,0.9999999999999999,-1.05,0.0
1770415535.2042518,11,170,0.0,0.0,0.0,0.0,1.0,0.9999999999999999,-1.05,0.0
1770415535.2052763,11,171,0.0,0.0,0.0,0.0,1.0,0.9999999999999999,-1.05,0.0
1770415535.2061775,11,172,0.0,0.0,0.0,0.0,1.0,0.9999999999999999,-1.05,0.0
1770415535.2069712,11,173,0.0,0.0,0.0,0.0,1.0,0.9999999999999999,-1.05,0.0
1770415535.208024,11,174,0.0,0.0,0.0,0.0,1.0,0.9999999999999999,-1.05,0.0
1770415535.20909,11,175,0.0,0.0,0.0,0.0,1.0,0.9999999999999999,-1.05,0.0
1770415535.2101104,11,176,0.0,0.0,0.0,0.0,1.0,0.9999999999999999,-1.05,0.0
1770415535.2110815,11,177,0.0,0.0,0.0,0.0,1.0,0.9999999999999999,-1.05,0.0
1770415535.2119205,11,178,0.0,0.0,0.0,0.0,1.0,0.9999999999999999,-1.05,0.0
1770415535.2125962,11,179,0.0,0.0,0.0,0.0,1.0,0.9999999999999999,-1.05,0.0
1770415535.2133062,11,180,0.0,0.0,0.0,0.0,1.0,0.9999999999999999,-1.05,0.0
1770415535.2141092,11,181,0.0,0.0,0.0,0.0,1.0,0.9999999999999999,-1.05,0.0
1770415535.2151048,11,182,0.0,0.0,0.0,0.0,1.0,0.9999999999999999,-1.05,0.0
1770415535.2161434,11,183,0.0,0.0,0.0,0.0,1.0,0.9999999999999999,-1.05,0.0
1770415535.2170973,11,184,0.0,0.0,0.0,0.0,1.0,0.9999999999999999,-1.05,0.0
1770415535.2180796,11,185,0.0,0.0,0.0,0.0,1.0,0.9999999999999999,-1.05,0.0
1770415535.2190225,11,186,0.0,0.0,0.0,0.0,1.0,0.9999999999999999,-1.05,0.0
1770415535.2199821,11,187,0.0,0.0,0.0,0.0,1.0,0.9999999999999999,-1.05,0.0
1770415535.22112,11,188,0.0,0.0,0.0,0.0,1.0,0.9999999999999999,-1.05,0.0
1770415535.2221358,11,189,0.0,0.0,0.0,0.0,1.0,0.9999999999999999,-1.05,0.0
1770415535.2232146,11,190,0.0,0.0,0.0,0.0,1.0,0.9999999999999999,-1.05,0.0
1770415535.2242916,11,191,0.0,0.0,0.0,0.0,1.0,0.9999999999999999,-1.05,0.0
1770415535.2253468,11,192,0.0,0.0,0.0,0.0,1.0,0.9999999999999999,-1.05,0.0
1770415535.226365,11,193,0.0,0.0,0.0,0.0,1.0,0.9999999999999999,-1.05,0.0
1770415535.227392,11,194,0.0,0.0,0.0,0.0,1.0,0.9999999999999999,-1.05,0.0
1770415535.2283912,11,195,0.0,0.0,0.0,0.0,1.0,0.9999999999999999,-1.05,0.0
1770415535.2292907,11,196,0.0,0.0,0.0,0.0,1.0,0.9999999999999999,-1.05,0.0
1770415535.230217,11,197,0.0,0.0,0.0,0.0,1.0,0.9999999999999999,-1.05,0.0
1770415535.2311525,11,198,0.0,0.0,0.0,0.0,1.0,0.9999999999999999,-1.05,0.0
1770415535.2320716,11,199,0.0,0.0,0.0,0.0,1.0,0.9999999999999999,-1.05,0.0
1770415535.232872,11,200,0.0,0.0,0.0,0.0,1.0,0.9999999999999999,-1.05,0.0
1770415535.2910507,12,0,0.0,0.0,0.0,0.0,1.0,0.0,0.0,0.0
1770415535.292203,12,1,0.0,0.0,0.0,0.0,1.0,0.9999999999999999,-0.049999999999999996,0.0
1770415535.293091,12,2,0.0,0.0,0.0,0.0,1.0,0.9999999999999999,-0.049999999999999996,0.0
1770415535.294436,12,3,0.0,0.0,0.0,0.0,1.0,0.9999999999999999,-0.049999999999999996,0.0
1770415535.2954519,12,4,0.0,0.0,0.0,0.0,1.0,0.9999999999999999,-0.049999999999999996,0.0
1770415535.2962904,12,5,0.0,0.0,0.0,0.0,1.0,0.9999999999999999,-0.049999999999999996,0.0
1770415535.2971482,12,6,0.0,0.0,0.0,0.0,1.0,0.9999999999999999,-1.05,0.0
1770415535.298278,12,7,0.0,0.0,0.0,0.0,1.0,0.9999999999999999,-1.05,0.0
1770415535.2992628,12,8,0.0,0.0,0.0,0.0,1.0,0.9999999999999999,-1.05,0.0
1770415535.3002844,12,9,0.0,0.0,0.0,0.0,1.0,0.9999999999999999,-1.05,0.0
1770415535.3013248,12,10,0.0,0.0,0.0,0.0,1.0,0.9999999999999999,-1.05,0.0
1770415535.3023334,12,11,0.0,0.0,0.0,0.0,1.0,0.9999999999999999,-1.05,0.0
1770415535.3033934,12,12,0.0,0.0,0.0,0.0,1.0,0.9999999999999999,-1.05,0.0
1770415535.3042138,12,13,0.0,0.0,0.0,0.0,1.0,0.9999999999999999,-1.05,0.0
1770415535.3050919,12,14,0.0,0.0,0.0,0.0,1.0,0.9999999999999999,-1.05,0.0
1770415535.305956,12,15,0.0,0.0,0.0,0.0,1.0,0.9999999999999999,-1.05,0.0
1770415535.3070593,12,16,0.0,0.0,0.0,0.0,1.0,0.9999999999999999,-1.05,0.0
1770415535.308021,12,17,0.0,0.0,0.0,0.0,1.0,0.9999999999999999,-1.05,0.0
1770415535.3090978,12,18,0.0,0.0,0.0,0.0,1.0,0.9999999999999999,-1.05,0.0
1770415535.3102572,12,19,0.0,0.0,0.0,0.0,1.0,0.9999999999999999,-1.05,0.0
1770415535.3115907,12,20,0.0,0.0,0.0,0.0,1.0,0.9999999999999999,-1.05,0.0
1770415535.3126419,12,21,0.0,0.0,0.0,0.0,1.0,0.9999999999999999,-1.05,0.0
1770415535.3135495,12,22,0.0,0.0,0.0,0.0,1.0,0.9999999999999999,-1.05,0.0
1770415535.3146057,12,23,0.0,0.0,0.0,0.0,1.0,0.9999999999999999,-1.05,0.0
1770415535.3157277,12,24,0.0,0.0,0.0,0.0,1.0,0.9999999999999999,-1.05,0.0
1770415535.3167186,12,25,0.0,0.0,0.0,0.0,1.0,0.9999999999999999,-1.05,0.0
1770415535.317625,12,26,0.0,0.0,0.0,0.0,1.0,0.9999999999999999,-1.05,0.0
1770415535.3194313,12,27,0.0,0.0,0.0,0.0,1.0,0.9999999999999999,-1.05,0.0
1770415535.3203158,12,28,0.0,0.0,0.0,0.0,1.0,0.9999999999999999,-1.05,0.0
1770415535.321324,12,29,0.0,0.0,0.0,0.0,1.0,0.9999999999999999,-1.05,0.0
1770415535.3222847,12,30,0.0,0.0,0.0,0.0,1.0,0.9999999999999999,-1.05,0.0
1770415535.3233378,12,31,0.0,0.0,0.0,0.0,1.0,0.9999999999999999,-1.05,0.0
1770415535.3244116,12,32,0.0,0.0,0.0,0.0,1.0,0.9999999999999999,-1.05,0.0
1770415535.3254833,12,33,0.0,0.0,0.0,0.0,1.0,0.9999999999999999,-1.05,0.0
1770415535.3266833,12,34,0.0,0.0,0.0,0.0,1.0,0.9999999999999999,-1.05,0.0
1770415535.3278453,12,35,0.0,0.0,0.0,0.0,1.0,0.9999999999999999,-1.05,0.0
1770415535.3290823,12,36,0.0,0.0,0.0,0.0,1.0,0.9999999999999999,-1.05,0.0
1770415535.3300884,12,37,0.0,0.0,0.0,0.0,1.0,0.9999999999999999,-1.05,0.0
1770415535.3311384,12,38,0.0,0.0,0.0,0.0,1.0,0.9999999999999999,-1.05,0.0
1770415535.332223,12,39,0.0,0.0,0.0,0.0,1.0,0.9999999999999999,-1.05,0.0
1770415535.3332922,12,40,0.0,0.0,0.0,0.0,1.0,0.9999999999999999,-1.05,0.0
1770415535.3365805,12,41,0.0,0.0,0.0,0.0,1.0,0.9999999999999999,-1.05,0.0
1770415535.3384311,12,42,0.0,0.0,0.0,0.0,1.0,0.9999999999999999,-1.05,0.0
1770415535.3403654,12,43,0.0,0.0,0.0,0.0,1.0,0.9999999999999999,-1.05,0.0
1770415535.3425288,12,44,0.0,0.0,0.0,0.0,1.0,0.9999999999999999,-1.05,0.0
1770415535.3446155,12,45,0.0,0.0,0.0,0.0,1.0,0.9999999999999999,-1.05,0.0
1770415535.3464859,12,46,0.0,0.0,0.0,0.0,1.0,0.9999999999999999,-1.05,0.0
1770415535.348462,12,47,0.0,0.0,0.0,0.0,1.0,0.9999999999999999,-1.05,0.0
1770415535.350553,12,48,0.0,0.0,0.0,0.0,1.0,0.9999999999999999,-1.05,0.0
1770415535.3527699,12,49,0.0,0.0,0.0,0.0,1.0,0.9999999999999999,-1.05,0.0
1770415535.3545787,12,50,0.0,0.0,0.0,0.0,1.0,0.9999999999999999,-1.05,0.0
1770415535.3568268,12,51,0.0,0.0,0.0,0.0,1.0,0.9999999999999999,-1.05,0.0
1770415535.3592067,12,52,0.0,0.0,0.0,0.0,1.0,0.9999999999999999,-1.05,0.0
1770415535.3605149,12,53,0.0,0.0,0.0,0.0,1.0,0.9999999999999999,-1.05,0.0
1770415535.3616326,12,54,0.0,0.0,0.0,0.0,1.0,0.9999999999999999,-1.05,0.0
1770415535.362632,12,55,0.0,0.0,0.0,0.0,1.0,0.9999999999999999,-1.05,0.0
1770415535.3637483,12,56,0.0,0.0,0.0,0.0,1.0,0.9999999999999999,-1.05,0.0
1770415535.3657827,12,57,0.0,0.0,0.0,0.0,1.0,0.9999999999999999,-1.05,0.0
1770415535.3678808,12,58,0.0,0.0,0.0,0.0,1.0,0.9999999999999999,-1.05,0.0
1770415535.3695543,12,59,0.0,0.0,0.0,0.0,1.0,0.9999999999999999,-1.05,0.0
1770415535.3705652,12,60,0.0,0.0,0.0,0.0,1.0,0.9999999999999999,-1.05,0.0
1770415535.3716953,12,61,0.0,0.0,0.0,0.0,1.0,0.9999999999999999,-1.05,0.0
1770415535.3726099,12,62,0.0,0.0,0.0,0.0,1.0,0.9999999999999999,-1.05,0.0
1770415535.3738098,12,63,0.0,0.0,0.0,0.0,1.0,0.9999999999999999,-1.05,0.0
1770415535.3750432,12,64,0.0,0.0,0.0,0.0,1.0,0.9999999999999999,-1.05,0.0
1770415535.3762197,12,65,0.0,0.0,0.0,0.0,1.0,0.9999999999999999,-1.05,0.0
1770415535.377489,12,66,0.0,0.0,0.0,0.0,1.0,0.9999999999999999,-1.05,0.0
1770415535.3785634,12,67,0.0,0.0,0.0,0.0,1.0,0.9999999999999999,-1.05,0.0
1770415535.3794408,12,68,0.0,0.0,0.0,0.0,1.0,0.9999999999999999,-1.05,0.0
1770415535.3805847,12,69,0.0,0.0,0.0,0.0,1.0,0.9999999999999999,-1.05,0.0
1770415535.3817747,12,70,0.0,0.0,0.0,0.0,1.0,0.9999999999999999,-1.05,0.0
1770415535.383057,12,71,0.0,0.0,0.0,0.0,1.0,0.9999999999999999,-1.05,0.0
1770415535.3844347,12,72,0.0,0.0,0.0,0.0,1.0,0.9999999999999999,-1.05,0.0
1770415535.3858438,12,73,0.0,0.0,0.0,0.0,1.0,0.9999999999999999,-1.05,0.0
1770415535.3870366,12,74,0.0,0.0,0.0,0.0,1.0,0.9999999999999999,-1.05,0.0
1770415535.3881416,12,75,0.0,0.0,0.0,0.0,1.0,0.9999999999999999,-1.05,0.0
1770415535.3895829,12,76,0.0,0.0,0.0,0.0,1.0,0.9999999999999999,-1.05,0.0
1770415535.390949,12,77,0.0,0.0,0.0,0.0,1.0,0.9999999999999999,-1.05,0.0
1770415535.3919947,12,78,0.0,0.0,0.0,0.0,1.0,0.9999999999999999,-1.05,0.0
1770415535.3930545,12,79,0.0,0.0,0.0,0.0,1.0,0.9999999999999999,-1.05,0.0
1770415535.394215,12,80,0.0,0.0,0.0,0.0,1.0,0.9999999999999999,-1.05,0.0
1770415535.3954856,12,81,0.0,0.0,0.0,0.0,1.0,0.9999999999999999,-1.05,0.0
1770415535.3966084,12,82,0.0,0.0,0.0,0.0,1.0,0.9999999999999999,-1.05,0.0
1770415535.3976054,12,83,0.0,0.0,0.0,0.0,1.0,0.9999999999999999,-1.05,0.0
1770415535.3986413,12,84,0.0,0.0,0.0,0.0,1.0,0.9999999999999999,-1.05,0.0
1770415535.3995495,12,85,0.0,0.0,0.0,0.0,1.0,0.9999999999999999,-1.05,0.0
1770415535.4005198,12,86,0.0,0.0,0.0,0.0,1.0,0.9999999999999999,-1.05,0.0
1770415535.4014258,12,87,0.0,0.0,0.0,0.0,1.0,0.9999999999999999,-1.05,0.0
1770415535.4024186,12,88,0.0,0.0,0.0,0.0,1.0,0.9999999999999999,-1.05,0.0
1770415535.403427,12,89,0.0,0.0,0.0,0.0,1.0,0.9999999999999999,-1.05,0.0
1770415535.404416,12,90,0.0,0.0,0.0,0.0,1.0,0.9999999999999999,-1.05,0.0
1770415535.405294,12,91,0.0,0.0,0.0,0.0,1.0,0.9999999999999999,-1.05,0.0
1770415535.406126,12,92,0.0,0.0,0.0,0.0,1.0,0.9999999999999999,-1.05,0.0
1770415535.4069943,12,93,0.0,0.0,0.0,0.0,1.0,0.9999999999999999,-1.05,0.0
1770415535.407845,12,94,0.0,0.0,0.0,0.0,1.0,0.9999999999999999,-1.05,0.0
1770415535.4088511,12,95,0.0,0.0,0.0,0.0,1.0,0.9999999999999999,-1.05,0.0
1770415535.4098291,12,96,0.0,0.0,0.0,0.0,1.0,0.9999999999999999,-1.05,0.0
1770415535.4109886,12,97,0.0,0.0,0.0,0.0,1.0,0.9999999999999999,-1.05,0.0
1770415535.411902,12,98,0.0,0.0,0.0,0.0,1.0,0.9999999999999999,-1.05,0.0
1770415535.4129002,12,99,0.0,0.0,0.0,0.0,1.0,0.9999999999999999,-1.05,0.0
1770415535.4140682,12,100,0.0,0.0,0.0,0.0,1.0,0.9999999999999999,-1.05,0.0
1770415535.4151244,12,101,0.0,0.0,0.0,0.0,1.0,0.9999999999999999,-1.05,0.0
1770415535.4164326,12,102,0.0,0.0,0.0,0.0,1.0,0.9999999999999999,-1.05,0.0
1770415535.417365,12,103,0.0,0.0,0.0,0.0,1.0,0.9999999999999999,-1.05,0.0
1770415535.4181676,12,104,0.0,0.0,0.0,0.0,1.0,0.9999999999999999,-1.05,0.0
1770415535.4190278,12,105,0.0,0.0,0.0,0.0,1.0,0.9999999999999999,-1.05,0.0
1770415535.4200747,12,106,0.0,0.0,0.0,0.0,1.0,0.9999999999999999,-1.05,0.0
1770415535.4209728,12,107,0.0,0.0,0.0,0.0,1.0,0.9999999999999999,-1.05,0.0
1770415535.4220264,12,108,0.0,0.0,0.0,0.0,1.0,0.9999999999999999,-1.05,0.0
1770415535.4230044,12,109,0.0,0.0,0.0,0.0,1.0,0.9999999999999999,-1.05,0.0
1770415535.424114,12,110,0.0,0.0,0.0,0.0,1.0,0.9999999999999999,-1.05,0.0
1770415535.4250631,12,111,0.0,0.0,0.0,0.0,1.0,0.9999999999999999,-1.05,0.0
1770415535.4261463,12,112,0.0,0.0,0.0,0.0,1.0,0.9999999999999999,-1.05,0.0
1770415535.4271388,12,113,0.0,0.0,0.0,0.0,1.0,0.9999999999999999,-1.05,0.0
1770415535.4279118,12,114,0.0,0.0,0.0,0.0,1.0,0.9999999999999999,-1.05,0.0
1770415535.428724,12,115,0.0,0.0,0.0,0.0,1.0,0.9999999999999999,-1.05,0.0
1770415535.429571,12,116,0.0,0.0,0.0,0.0,1.0,0.9999999999999999,-1.05,0.0
1770415535.4304912,12,117,0.0,0.0,0.0,0.0,1.0,0.9999999999999999,-1.05,0.0
1770415535.4313405,12,118,0.0,0.0,0.0,0.0,1.0,0.9999999999999999,-1.05,0.0
1770415535.4322562,12,119,0.0,0.0,0.0,0.0,1.0,0.9999999999999999,-1.05,0.0
1770415535.4333022,12,120,0.0,0.0,0.0,0.0,1.0,0.9999999999999999,-1.05,0.0
1770415535.434402,12,121,0.0,0.0,0.0,0.0,1.0,0.9999999999999999,-1.05,0.0
1770415535.435582,12,122,0.0,0.0,0.0,0.0,1.0,0.9999999999999999,-1.05,0.0
1770415535.4367418,12,123,0.0,0.0,0.0,0.0,1.0,0.9999999999999999,-1.05,0.0
1770415535.4376802,12,124,0.0,0.0,0.0,0.0,1.0,0.9999999999999999,-1.05,0.0
1770415535.4385242,12,125,0.0,0.0,0.0,0.0,1.0,0.9999999999999999,-1.05,0.0
1770415535.4395862,12,126,0.0,0.0,0.0,0.0,1.0,0.9999999999999999,-1.05,0.0
1770415535.4405913,12,127,0.0,0.0,0.0,0.0,1.0,0.9999999999999999,-1.05,0.0
1770415535.4415178,12,128,0.0,0.0,0.0,0.0,1.0,0.9999999999999999,-1.05,0.0
1770415535.4425972,12,129,0.0,0.0,0.0,0.0,1.0,0.9999999999999999,-1.05,0.0
1770415535.443542,12,130,0.0,0.0,0.0,0.0,1.0,0.9999999999999999,-1.05,0.0
1770415535.444505,12,131,0.0,0.0,0.0,0.0,1.0,0.9999999999999999,-1.05,0.0
1770415535.445527,12,132,0.0,0.0,0.0,0.0,1.0,0.9999999999999999,-1.05,0.0
1770415535.4464386,12,133,0.0,0.0,0.0,0.0,1.0,0.9999999999999999,-1.05,0.0
1770415535.4474201,12,134,0.0,0.0,0.0,0.0,1.0,0.9999999999999999,-1.05,0.0
1770415535.4484098,12,135,0.0,0.0,0.0,0.0,1.0,0.9999999999999999,-1.05,0.0
1770415535.4493604,12,136,0.0,0.0,0.0,0.0,1.0,0.9999999999999999,-1.05,0.0
1770415535.450225,12,137,0.0,0.0,0.0,0.0,1.0,0.9999999999999999,-1.05,0.0
1770415535.4510782,12,138,0.0,0.0,0.0,0.0,1.0,0.9999999999999999,-1.05,0.0
1770415535.4521022,12,139,0.0,0.0,0.0,0.0,1.0,0.9999999999999999,-1.05,0.0
1770415535.4529579,12,140,0.0,0.0,0.0,0.0,1.0,0.9999999999999999,-1.05,0.0
1770415535.4538608,12,141,0.0,0.0,0.0,0.0,1.0,0.9999999999999999,-1.05,0.0
1770415535.4548135,12,142,0.0,0.0,0.0,0.0,1.0,0.9999999999999999,-1.05,0.0
1770415535.4558256,12,143,0.0,0.0,0.0,0.0,1.0,0.9999999999999999,-1.05,0.0
1770415535.4568648,12,144,0.0,0.0,0.0,0.0,1.0,0.9999999999999999,-1.05,0.0
1770415535.4581041,12,145,0.0,0.0,0.0,0.0,1.0,0.9999999999999999,-1.05,0.0
1770415535.45916,12,146,0.0,0.0,0.0,0.0,1.0,0.9999999999999999,-1.05,0.0
1770415535.4601033,12,147,0.0,0.0,0.0,0.0,1.0,0.9999999999999999,-1.05,0.0
1770415535.4610353,12,148,0.0,0.0,0.0,0.0,1.0,0.9999999999999999,-1.05,0.0
1770415535.4619746,12,149,0.0,0.0,0.0,0.0,1.0,0.9999999999999999,-1.05,0.0
1770415535.4629886,12,150,0.0,0.0,0.0,0.0,1.0,0.9999999999999999,-1.05,0.0
1770415535.4642003,12,151,0.0,0.0,0.0,0.0,1.0,0.9999999999999999,-1.05,0.0
1770415535.465129,12,152,0.0,0.0,0.0,0.0,1.0,0.9999999999999999,-1.05,0.0
1770415535.4660883,12,153,0.0,0.0,0.0,0.0,1.0,0.9999999999999999,-1.05,0.0
1770415535.4669874,12,154,0.0,0.0,0.0,0.0,1.0,0.9999999999999999,-1.05,0.0
1770415535.467778,12,155,0.0,0.0,0.0,0.0,1.0,0.9999999999999999,-1.05,0.0
1770415535.4689567,12,156,0.0,0.0,0.0,0.0,1.0,0.9999999999999999,-1.05,0.0
1770415535.4701009,12,157,0.0,0.0,0.0,0.0,1.0,0.9999999999999999,-1.05,0.0
1770415535.4711847,12,158,0.0,0.0,0.0,0.0,1.0,0.9999999999999999,-1.05,0.0
1770415535.47226,12,159,0.0,0.0,0.0,0.0,1.0,0.9999999999999999,-1.05,0.0
1770415535.473303,12,160,0.0,0.0,0.0,0.0,1.0,0.9999999999999999,-1.05,0.0
1770415535.4742882,12,161,0.0,0.0,0.0,0.0,1.0,0.9999999999999999,-1.05,0.0
1770415535.4753602,12,162,0.0,0.0,0.0,0.0,1.0,0.9999999999999999,-1.05,0.0
1770415535.4764588,12,163,0.0,0.0,0.0,0.0,1.0,0.9999999999999999,-1.05,0.0
1770415535.4773796,12,164,0.0,0.0,0.0,0.0,1.0,0.9999999999999999,-1.05,0.0
1770415535.478556,12,165,0.0,0.0,0.0,0.0,1.0,0.9999999999999999,-1.05,0.0
1770415535.4794884,12,166,0.0,0.0,0.0,0.0,1.0,0.9999999999999999,-1.05,0.0
1770415535.480542,12,167,0.0,0.0,0.0,0.0,1.0,0.9999999999999999,-1.05,0.0
1770415535.4813943,12,168,0.0,0.0,0.0,0.0,1.0,0.9999999999999999,-1.05,0.0
1770415535.4822197,12,169,0.0,0.0,0.0,0.0,1.0,0.9999999999999999,-1.05,0.0
1770415535.483296,12,170,0.0,0.0,0.0,0.0,1.0,0.9999999999999999,-1.05,0.0
1770415535.4843304,12,171,0.0,0.0,0.0,0.0,1.0,0.9999999999999999,-1.05,0.0
1770415535.4856162,12,172,0.0,0.0,0.0,0.0,1.0,0.9999999999999999,-1.05,0.0
1770415535.4867582,12,173,0.0,0.0,0.0,0.0,1.0,0.9999999999999999,-1.05,0.0
1770415535.4878376,12,174,0.0,0.0,0.0,0.0,1.0,0.9999999999999999,-1.05,0.0
1770415535.4887764,12,175,0.0,0.0,0.0,0.0,1.0,0.9999999999999999,-1.05,0.0
1770415535.489859,12,176,0.0,0.0,0.0,0.0,1.0,0.9999999999999999,-1.05,0.0
1770415535.491133,12,177,0.0,0.0,0.0,0.0,1.0,0.9999999999999999,-1.05,0.0
1770415535.492115,12,178,0.0,0.0,0.0,0.0,1.0,0.9999999999999999,-1.05,0.0
1770415535.4930782,12,179,0.0,0.0,0.0,0.0,1.0,0.9999999999999999,-1.05,0.0
1770415535.4940894,12,180,0.0,0.0,0.0,0.0,1.0,0.9999999999999999,-1.05,0.0
1770415535.4950898,12,181,0.0,0.0,0.0,0.0,1.0,0.9999999999999999,-1.05,0.0
1770415535.4961195,12,182,0.0,0.0,0.0,0.0,1.0,0.9999999999999999,-1.05,0.0
1770415535.4971356,12,183,0.0,0.0,0.0,0.0,1.0,0.9999999999999999,-1.05,0.0
1770415535.4981737,12,184,0.0,0.0,0.0,0.0,1.0,0.9999999999999999,-1.05,0.0
1770415535.4993646,12,185,0.0,0.0,0.0,0.0,1.0,0.9999999999999999,-1.05,0.0
1770415535.5004437,12,186,0.0,0.0,0.0,0.0,1.0,0.9999999999999999,-1.05,0.0
1770415535.5012913,12,187,0.0,0.0,0.0,0.0,1.0,0.9999999999999999,-1.05,0.0
1770415535.502301,12,188,0.0,0.0,0.0,0.0,1.0,0.9999999999999999,-1.05,0.0
1770415535.5033908,12,189,0.0,0.0,0.0,0.0,1.0,0.9999999999999999,-1.05,0.0
1770415535.504351,12,190,0.0,0.0,0.0,0.0,1.0,0.9999999999999999,-1.05,0.0
1770415535.5053935,12,191,0.0,0.0,0.0,0.0,1.0,0.9999999999999999,-1.05,0.0
1770415535.5063086,12,192,0.0,0.0,0.0,0.0,1.0,0.9999999999999999,-1.05,0.0
1770415535.5071907,12,193,0.0,0.0,0.0,0.0,1.0,0.9999999999999999,-1.05,0.0
1770415535.5080817,12,194,0.0,0.0,0.0,0.0,1.0,0.9999999999999999,-1.05,0.0
1770415535.508985,12,195,0.0,0.0,0.0,0.0,1.0,0.9999999999999999,-1.05,0.0
1770415535.5099568,12,196,0.0,0.0,0.0,0.0,1.0,0.9999999999999999,-1.05,0.0
1770415535.5110528,12,197,0.0,0.0,0.0,0.0,1.0,0.9999999999999999,-1.05,0.0
1770415535.512101,12,198,0.0,0.0,0.0,0.0,1.0,0.9999999999999999,-1.05,0.0
1770415535.513077,12,199,0.0,0.0,0.0,0.0,1.0,0.9999999999999999,-1.05,0.0
1770415535.5140123,12,200,0.0,0.0,0.0,0.0,1.0,0.9999999999999999,-1.05,0.0
1770415535.5640316,13,0,0.0,0.0,0.0,0.0,1.0,0.0,0.0,0.0
1770415535.5652454,13,1,0.0,0.0,0.0,0.0,1.0,0.9999999999999999,-0.049999999999999996,0.0
1770415535.5660357,13,2,0.0,0.0,0.0,0.0,1.0,0.9999999999999999,-0.049999999999999996,0.0
1770415535.566993,13,3,0.0,0.0,0.0,0.0,1.0,0.9999999999999999,-0.049999999999999996,0.0
1770415535.5679102,13,4,0.0,0.0,0.0,0.0,1.0,0.9999999999999999,-0.049999999999999996,0.0
1770415535.5689325,13,5,0.0,0.0,0.0,0.0,1.0,0.9999999999999999,-0.049999999999999996,0.0
1770415535.5700362,13,6,0.0,0.0,0.0,0.0,1.0,0.9999999999999999,-1.05,0.0
1770415535.5710611,13,7,0.0,0.0,0.0,0.0,1.0,0.9999999999999999,-1.05,0.0
1770415535.5720484,13,8,0.0,0.0,0.0,0.0,1.0,0.9999999999999999,-1.05,0.0
1770415535.5729527,13,9,0.0,0.0,0.0,0.0,1.0,0.9999999999999999,-1.05,0.0
1770415535.5740402,13,10,0.0,0.0,0.0,0.0,1.0,0.9999999999999999,-1.05,0.0
1770415535.5751789,13,11,0.0,0.0,0.0,0.0,1.0,0.9999999999999999,-1.05,0.0
1770415535.576224,13,12,0.0,0.0,0.0,0.0,1.0,0.9999999999999999,-1.05,0.0
1770415535.5774722,13,13,0.0,0.0,0.0,0.0,1.0,0.9999999999999999,-1.05,0.0
1770415535.5786622,13,14,0.0,0.0,0.0,0.0,1.0,0.9999999999999999,-1.05,0.0
1770415535.5795898,13,15,0.0,0.0,0.0,0.0,1.0,0.9999999999999999,-1.05,0.0
1770415535.5805547,13,16,0.0,0.0,0.0,0.0,1.0,0.9999999999999999,-1.05,0.0
1770415535.581646,13,17,0.0,0.0,0.0,0.0,1.0,0.9999999999999999,-1.05,0.0
1770415535.5827801,13,18,0.0,0.0,0.0,0.0,1.0,0.9999999999999999,-1.05,0.0
1770415535.5840967,13,19,0.0,0.0,0.0,0.0,1.0,0.9999999999999999,-1.05,0.0
1770415535.5854547,13,20,0.0,0.0,0.0,0.0,1.0,0.9999999999999999,-1.05,0.0
1770415535.5868988,13,21,0.0,0.0,0.0,0.0,1.0,0.9999999999999999,-1.05,0.0
1770415535.5881085,13,22,0.0,0.0,0.0,0.0,1.0,0.9999999999999999,-1.05,0.0
1770415535.5891583,13,23,0.0,0.0,0.0,0.0,1.0,0.9999999999999999,-1.05,0.0
1770415535.590307,13,24,0.0,0.0,0.0,0.0,1.0,0.9999999999999999,-1.05,0.0
1770415535.5913532,13,25,0.0,0.0,0.0,0.0,1.0,0.9999999999999999,-1.05,0.0
1770415535.5924003,13,26,0.0,0.0,0.0,0.0,1.0,0.9999999999999999,-1.05,0.0
1770415535.5936134,13,27,0.0,0.0,0.0,0.0,1.0,0.9999999999999999,-1.05,0.0
1770415535.5948894,13,28,0.0,0.0,0.0,0.0,1.0,0.9999999999999999,-1.05,0.0
1770415535.5959299,13,29,0.0,0.0,0.0,0.0,1.0,0.9999999999999999,-1.05,0.0
1770415535.5969996,13,30,0.0,0.0,0.0,0.0,1.0,0.9999999999999999,-1.05,0.0
1770415535.5982547,13,31,0.0,0.0,0.0,0.0,1.0,0.9999999999999999,-1.05,0.0
1770415535.599684,13,32,0.0,0.0,0.0,0.0,1.0,0.9999999999999999,-1.05,0.0
1770415535.6008403,13,33,0.0,0.0,0.0,0.0,1.0,0.9999999999999999,-1.05,0.0
1770415535.6022108,13,34,0.0,0.0,0.0,0.0,1.0,0.9999999999999999,-1.05,0.0
1770415535.6034832,13,35,0.0,0.0,0.0,0.0,1.0,0.9999999999999999,-1.05,0.0
1770415535.6046603,13,36,0.0,0.0,0.0,0.0,1.0,0.9999999999999999,-1.05,0.0
1770415535.605647,13,37,0.0,0.0,0.0,0.0,1.0,0.9999999999999999,-1.05,0.0
1770415535.6066225,13,38,0.0,0.0,0.0,0.0,1.0,0.9999999999999999,-1.05,0.0
1770415535.607769,13,39,0.0,0.0,0.0,0.0,1.0,0.9999999999999999,-1.05,0.0
1770415535.6090257,13,40,0.0,0.0,0.0,0.0,1.0,0.9999999999999999,-1.05,0.0
1770415535.6102395,13,41,0.0,0.0,0.0,0.0,1.0,0.9999999999999999,-1.05,0.0
1770415535.6116605,13,42,0.0,0.0,0.0,0.0,1.0,0.9999999999999999,-1.05,0.0
1770415535.6127582,13,43,0.0,0.0,0.0,0.0,1.0,0.9999999999999999,-1.05,0.0
1770415535.6138494,13,44,0.0,0.0,0.0,0.0,1.0,0.9999999999999999,-1.05,0.0
1770415535.6150155,13,45,0.0,0.0,0.0,0.0,1.0,0.9999999999999999,-1.05,0.0
1770415535.616262,13,46,0.0,0.0,0.0,0.0,1.0,0.9999999999999999,-1.05,0.0
1770415535.6174495,13,47,0.0,0.0,0.0,0.0,1.0,0.9999999999999999,-1.05,0.0
1770415535.618757,13,48,0.0,0.0,0.0,0.0,1.0,0.9999999999999999,-1.05,0.0
1770415535.6200511,13,49,0.0,0.0,0.0,0.0,1.0,0.9999999999999999,-1.05,0.0
1770415535.6213746,13,50,0.0,0.0,0.0,0.0,1.0,0.9999999999999999,-1.05,0.0
1770415535.622519,13,51,0.0,0.0,0.0,0.0,1.0,0.9999999999999999,-1.05,0.0
1770415535.6236477,13,52,0.0,0.0,0.0,0.0,1.0,0.9999999999999999,-1.05,0.0
1770415535.6247573,13,53,0.0,0.0,0.0,0.0,1.0,0.9999999999999999,-1.05,0.0
1770415535.6257656,13,54,0.0,0.0,0.0,0.0,1.0,0.9999999999999999,-1.05,0.0
1770415535.6268835,13,55,0.0,0.0,0.0,0.0,1.0,0.9999999999999999,-1.05,0.0
1770415535.6280825,13,56,0.0,0.0,0.0,0.0,1.0,0.9999999999999999,-1.05,0.0
1770415535.6291037,13,57,0.0,0.0,0.0,0.0,1.0,0.9999999999999999,-1.05,0.0
1770415535.630443,13,58,0.0,0.0,0.0,0.0,1.0,0.9999999999999999,-1.05,0.0
1770415535.6315248,13,59,0.0,0.0,0.0,0.0,1.0,0.9999999999999999,-1.05,0.0
1770415535.6326559,13,60,0.0,0.0,0.0,0.0,1.0,0.9999999999999999,-1.05,0.0
1770415535.6339304,13,61,0.0,0.0,0.0,0.0,1.0,0.9999999999999999,-1.05,0.0
1770415535.6351163,13,62,0.0,0.0,0.0,0.0,1.0,0.9999999999999999,-1.05,0.0
1770415535.6364923,13,63,0.0,0.0,0.0,0.0,1.0,0.9999999999999999,-1.05,0.0
1770415535.6375687,13,64,0.0,0.0,0.0,0.0,1.0,0.9999999999999999,-1.05,0.0
1770415535.638583,13,65,0.0,0.0,0.0,0.0,1.0,0.9999999999999999,-1.05,0.0
1770415535.6397285,13,66,0.0,0.0,0.0,0.0,1.0,0.9999999999999999,-1.05,0.0
1770415535.6410213,13,67,0.0,0.0,0.0,0.0,1.0,0.9999999999999999,-1.05,0.0
1770415535.6421876,13,68,0.0,0.0,0.0,0.0,1.0,0.9999999999999999,-1.05,0.0
1770415535.6432633,13,69,0.0,0.0,0.0,0.0,1.0,0.9999999999999999,-1.05,0.0
1770415535.644168,13,70,0.0,0.0,0.0,0.0,1.0,0.9999999999999999,-1.05,0.0
1770415535.6452215,13,71,0.0,0.0,0.0,0.0,1.0,0.9999999999999999,-1.05,0.0
1770415535.646392,13,72,0.0,0.0,0.0,0.0,1.0,0.9999999999999999,-1.05,0.0
1770415535.6475465,13,73,0.0,0.0,0.0,0.0,1.0,0.9999999999999999,-1.05,0.0
1770415535.6486638,13,74,0.0,0.0,0.0,0.0,1.0,0.9999999999999999,-1.05,0.0
1770415535.6499014,13,75,0.0,0.0,0.0,0.0,1.0,0.9999999999999999,-1.05,0.0
1770415535.6511984,13,76,0.0,0.0,0.0,0.0,1.0,0.9999999999999999,-1.05,0.0
1770415535.6523156,13,77,0.0,0.0,0.0,0.0,1.0,0.9999999999999999,-1.05,0.0
1770415535.6534967,13,78,0.0,0.0,0.0,0.0,1.0,0.9999999999999999,-1.05,0.0
1770415535.6548798,13,79,0.0,0.0,0.0,0.0,1.0,0.9999999999999999,-1.05,0.0
1770415535.6558747,13,80,0.0,0.0,0.0,0.0,1.0,0.9999999999999999,-1.05,0.0
1770415535.65709,13,81,0.0,0.0,0.0,0.0,1.0,0.9999999999999999,-1.05,0.0
1770415535.6581461,13,82,0.0,0.0,0.0,0.0,1.0,0.9999999999999999,-1.05,0.0
1770415535.6593852,13,83,0.0,0.0,0.0,0.0,1.0,0.9999999999999999,-1.05,0.0
1770415535.6604931,13,84,0.0,0.0,0.0,0.0,1.0,0.9999999999999999,-1.05,0.0
1770415535.661613,13,85,0.0,0.0,0.0,0.0,1.0,0.9999999999999999,-1.05,0.0
1770415535.6626992,13,86,0.0,0.0,0.0,0.0,1.0,0.9999999999999999,-1.05,0.0
1770415535.6637034,13,87,0.0,0.0,0.0,0.0,1.0,0.9999999999999999,-1.05,0.0
1770415535.6646936,13,88,0.0,0.0,0.0,0.0,1.0,0.9999999999999999,-1.05,0.0
1770415535.6656325,13,89,0.0,0.0,0.0,0.0,1.0,0.9999999999999999,-1.05,0.0
1770415535.666773,13,90,0.0,0.0,0.0,0.0,1.0,0.9999999999999999,-1.05,0.0
1770415535.6677997,13,91,0.0,0.0,0.0,0.0,1.0,0.9999999999999999,-1.05,0.0
1770415535.6687877,13,92,0.0,0.0,0.0,0.0,1.0,0.9999999999999999,-1.05,0.0
1770415535.6697717,13,93,0.0,0.0,0.0,0.0,1.0,0.9999999999999999,-1.05,0.0
1770415535.6708431,13,94,0.0,0.0,0.0,0.0,1.0,0.9999999999999999,-1.05,0.0
1770415535.6717014,13,95,0.0,0.0,0.0,0.0,1.0,0.9999999999999999,-1.05,0.0
1770415535.672559,13,96,0.0,0.0,0.0,0.0,1.0,0.9999999999999999,-1.05,0.0
1770415535.6735034,13,97,0.0,0.0,0.0,0.0,1.0,0.9999999999999999,-1.05,0.0
1770415535.6745012,13,98,0.0,0.0,0.0,0.0,1.0,0.9999999999999999,-1.05,0.0
1770415535.6759787,13,99,0.0,0.0,0.0,0.0,1.0,0.9999999999999999,-1.05,0.0
1770415535.6769788,13,100,0.0,0.0,0.0,0.0,1.0,0.9999999999999999,-1.05,0.0
1770415535.6781685,13,101,0.0,0.0,0.0,0.0,1.0,0.9999999999999999,-1.05,0.0
1770415535.6791353,13,102,0.0,0.0,0.0,0.0,1.0,0.9999999999999999,-1.05,0.0
1770415535.6802855,13,103,0.0,0.0,0.0,0.0,1.0,0.9999999999999999,-1.05,0.0
1770415535.681351,13,104,0.0,0.0,0.0,0.0,1.0,0.9999999999999999,-1.05,0.0
1770415535.6825445,13,105,0.0,0.0,0.0,0.0,1.0,0.9999999999999999,-1.05,0.0
1770415535.6836698,13,106,0.0,0.0,0.0,0.0,1.0,0.9999999999999999,-1.05,0.0
1770415535.6846378,13,107,0.0,0.0,0.0,0.0,1.0,0.9999999999999999,-1.05,0.0
1770415535.6855707,13,108,0.0,0.0,0.0,0.0,1.0,0.9999999999999999,-1.05,0.0
1770415535.6865506,13,109,0.0,0.0,0.0,0.0,1.0,0.9999999999999999,-1.05,0.0
1770415535.6875136,13,110,0.0,0.0,0.0,0.0,1.0,0.9999999999999999,-1.05,0.0
1770415535.6884656,13,111,0.0,0.0,0.0,0.0,1.0,0.9999999999999999,-1.05,0.0
1770415535.6893005,13,112,0.0,0.0,0.0,0.0,1.0,0.9999999999999999,-1.05,0.0
1770415535.6901338,13,113,0.0,0.0,0.0,0.0,1.0,0.9999999999999999,-1.05,0.0
1770415535.6910625,13,114,0.0,0.0,0.0,0.0,1.0,0.9999999999999999,-1.05,0.0
1770415535.6918957,13,115,0.0,0.0,0.0,0.0,1.0,0.9999999999999999,-1.05,0.0
1770415535.6926465,13,116,0.0,0.0,0.0,0.0,1.0,0.9999999999999999,-1.05,0.0
1770415535.6935124,13,117,0.0,0.0,0.0,0.0,1.0,0.9999999999999999,-1.05,0.0
1770415535.6942997,13,118,0.0,0.0,0.0,0.0,1.0,0.9999999999999999,-1.05,0.0
1770415535.6951118,13,119,0.0,0.0,0.0,0.0,1.0,0.9999999999999999,-1.05,0.0
1770415535.6959295,13,120,0.0,0.0,0.0,0.0,1.0,0.9999999999999999,-1.05,0.0
1770415535.6967013,13,121,0.0,0.0,0.0,0.0,1.0,0.9999999999999999,-1.05,0.0
1770415535.6975384,13,122,0.0,0.0,0.0,0.0,1.0,0.9999999999999999,-1.05,0.0
1770415535.6986756,13,123,0.0,0.0,0.0,0.0,1.0,0.9999999999999999,-1.05,0.0
1770415535.6998763,13,124,0.0,0.0,0.0,0.0,1.0,0.9999999999999999,-1.05,0.0
1770415535.700872,13,125,0.0,0.0,0.0,0.0,1.0,0.9999999999999999,-1.05,0.0
1770415535.7018366,13,126,0.0,0.0,0.0,0.0,1.0,0.9999999999999999,-1.05,0.0
1770415535.7028205,13,127,0.0,0.0,0.0,0.0,1.0,0.9999999999999999,-1.05,0.0
1770415535.703859,13,128,0.0,0.0,0.0,0.0,1.0,0.9999999999999999,-1.05,0.0
1770415535.7047284,13,129,0.0,0.0,0.0,0.0,1.0,0.9999999999999999,-1.05,0.0
1770415535.7055893,13,130,0.0,0.0,0.0,0.0,1.0,0.9999999999999999,-1.05,0.0
1770415535.706467,13,131,0.0,0.0,0.0,0.0,1.0,0.9999999999999999,-1.05,0.0
1770415535.707385,13,132,0.0,0.0,0.0,0.0,1.0,0.9999999999999999,-1.05,0.0
1770415535.7083304,13,133,0.0,0.0,0.0,0.0,1.0,0.9999999999999999,-1.05,0.0
1770415535.709304,13,134,0.0,0.0,0.0,0.0,1.0,0.9999999999999999,-1.05,0.0
1770415535.7105498,13,135,0.0,0.0,0.0,0.0,1.0,0.9999999999999999,-1.05,0.0
1770415535.7117631,13,136,0.0,0.0,0.0,0.0,1.0,0.9999999999999999,-1.05,0.0
1770415535.7127588,13,137,0.0,0.0,0.0,0.0,1.0,0.9999999999999999,-1.05,0.0
1770415535.7137592,13,138,0.0,0.0,0.0,0.0,1.0,0.9999999999999999,-1.05,0.0
1770415535.7146897,13,139,0.0,0.0,0.0,0.0,1.0,0.9999999999999999,-1.05,0.0
1770415535.7156262,13,140,0.0,0.0,0.0,0.0,1.0,0.9999999999999999,-1.05,0.0
1770415535.7166934,13,141,0.0,0.0,0.0,0.0,1.0,0.9999999999999999,-1.05,0.0
1770415535.7178526,13,142,0.0,0.0,0.0,0.0,1.0,0.9999999999999999,-1.05,0.0
1770415535.718823,13,143,0.0,0.0,0.0,0.0,1.0,0.9999999999999999,-1.05,0.0
1770415535.7200434,13,144,0.0,0.0,0.0,0.0,1.0,0.9999999999999999,-1.05,0.0
1770415535.7212515,13,145,0.0,0.0,0.0,0.0,1.0,0.9999999999999999,-1.05,0.0
1770415535.7222805,13,146,0.0,0.0,0.0,0.0,1.0,0.9999999999999999,-1.05,0.0
1770415535.7233918,13,147,0.0,0.0,0.0,0.0,1.0,0.9999999999999999,-1.05,0.0
1770415535.7245305,13,148,0.0,0.0,0.0,0.0,1.0,0.9999999999999999,-1.05,0.0
1770415535.7258298,13,149,0.0,0.0,0.0,0.0,1.0,0.9999999999999999,-1.05,0.0
1770415535.7269113,13,150,0.0,0.0,0.0,0.0,1.0,0.9999999999999999,-1.05,0.0
1770415535.727912,13,151,0.0,0.0,0.0,0.0,1.0,0.9999999999999999,-1.05,0.0
1770415535.7290516,13,152,0.0,0.0,0.0,0.0,1.0,0.9999999999999999,-1.05,0.0
1770415535.7302604,13,153,0.0,0.0,0.0,0.0,1.0,0.9999999999999999,-1.05,0.0
1770415535.7312808,13,154,0.0,0.0,0.0,0.0,1.0,0.9999999999999999,-1.05,0.0
1770415535.7322657,13,155,0.0,0.0,0.0,0.0,1.0,0.9999999999999999,-1.05,0.0
1770415535.733383,13,156,0.0,0.0,0.0,0.0,1.0,0.9999999999999999,-1.05,0.0
1770415535.7344496,13,157,0.0,0.0,0.0,0.0,1.0,0.9999999999999999,-1.05,0.0
1770415535.7355855,13,158,0.0,0.0,0.0,0.0,1.0,0.9999999999999999,-1.05,0.0
1770415535.7368302,13,159,0.0,0.0,0.0,0.0,1.0,0.9999999999999999,-1.05,0.0
1770415535.7380488,13,160,0.0,0.0,0.0,0.0,1.0,0.9999999999999999,-1.05,0.0
1770415535.7390683,13,161,0.0,0.0,0.0,0.0,1.0,0.9999999999999999,-1.05,0.0
1770415535.7401738,13,162,0.0,0.0,0.0,0.0,1.0,0.9999999999999999,-1.05,0.0
1770415535.7412634,13,163,0.0,0.0,0.0,0.0,1.0,0.9999999999999999,-1.05,0.0
1770415535.7423253,13,164,0.0,0.0,0.0,0.0,1.0,0.9999999999999999,-1.05,0.0
1770415535.7435644,13,165,0.0,0.0,0.0,0.0,1.0,0.9999999999999999,-1.05,0.0
1770415535.7449007,13,166,0.0,0.0,0.0,0.0,1.0,0.9999999999999999,-1.05,0.0
1770415535.7461042,13,167,0.0,0.0,0.0,0.0,1.0,0.9999999999999999,-1.05,0.0
1770415535.7472239,13,168,0.0,0.0,0.0,0.0,1.0,0.9999999999999999,-1.05,0.0
1770415535.748531,13,169,0.0,0.0,0.0,0.0,1.0,0.9999999999999999,-1.05,0.0
1770415535.7497487,13,170,0.0,0.0,0.0,0.0,1.0,0.9999999999999999,-1.05,0.0
1770415535.7510633,13,171,0.0,0.0,0.0,0.0,1.0,0.9999999999999999,-1.05,0.0
1770415535.7521427,13,172,0.0,0.0,0.0,0.0,1.0,0.9999999999999999,-1.05,0.0
1770415535.753127,13,173,0.0,0.0,0.0,0.0,1.0,0.9999999999999999,-1.05,0.0
1770415535.7539184,13,174,0.0,0.0,0.0,0.0,1.0,0.9999999999999999,-1.05,0.0
1770415535.754666,13,175,0.0,0.0,0.0,0.0,1.0,0.9999999999999999,-1.05,0.0
1770415535.7555285,13,176,0.0,0.0,0.0,0.0,1.0,0.9999999999999999,-1.05,0.0
1770415535.7565262,13,177,0.0,0.0,0.0,0.0,1.0,0.9999999999999999,-1.05,0.0
1770415535.757754,13,178,0.0,0.0,0.0,0.0,1.0,0.9999999999999999,-1.05,0.0
1770415535.7590206,13,179,0.0,0.0,0.0,0.0,1.0,0.9999999999999999,-1.05,0.0
1770415535.7603552,13,180,0.0,0.0,0.0,0.0,1.0,0.9999999999999999,-1.05,0.0
1770415535.7615335,13,181,0.0,0.0,0.0,0.0,1.0,0.9999999999999999,-1.05,0.0
1770415535.7627769,13,182,0.0,0.0,0.0,0.0,1.0,0.9999999999999999,-1.05,0.0
1770415535.7639768,13,183,0.0,0.0,0.0,0.0,1.0,0.9999999999999999,-1.05,0.0
1770415535.7651033,13,184,0.0,0.0,0.0,0.0,1.0,0.9999999999999999,-1.05,0.0
1770415535.7662253,13,185,0.0,0.0,0.0,0.0,1.0,0.9999999999999999,-1.05,0.0
1770415535.7672412,13,186,0.0,0.0,0.0,0.0,1.0,0.9999999999999999,-1.05,0.0
1770415535.768472,13,187,0.0,0.0,0.0,0.0,1.0,0.9999999999999999,-1.05,0.0
1770415535.7694974,13,188,0.0,0.0,0.0,0.0,1.0,0.9999999999999999,-1.05,0.0
1770415535.7704637,13,189,0.0,0.0,0.0,0.0,1.0,0.9999999999999999,-1.05,0.0
1770415535.7713463,13,190,0.0,0.0,0.0,0.0,1.0,0.9999999999999999,-1.05,0.0
1770415535.772237,13,191,0.0,0.0,0.0,0.0,1.0,0.9999999999999999,-1.05,0.0
1770415535.7730777,13,192,0.0,0.0,0.0,0.0,1.0,0.9999999999999999,-1.05,0.0
1770415535.7740505,13,193,0.0,0.0,0.0,0.0,1.0,0.9999999999999999,-1.05,0.0
1770415535.7751431,13,194,0.0,0.0,0.0,0.0,1.0,0.9999999999999999,-1.05,0.0
1770415535.7763326,13,195,0.0,0.0,0.0,0.0,1.0,0.9999999999999999,-1.05,0.0
1770415535.7774868,13,196,0.0,0.0,0.0,0.0,1.0,0.9999999999999999,-1.05,0.0
1770415535.778575,13,197,0.0,0.0,0.0,0.0,1.0,0.9999999999999999,-1.05,0.0
1770415535.779522,13,198,0.0,0.0,0.0,0.0,1.0,0.9999999999999999,-1.05,0.0
1770415535.780509,13,199,0.0,0.0,0.0,0.0,1.0,0.9999999999999999,-1.05,0.0
1770415535.7816284,13,200,0.0,0.0,0.0,0.0,1.0,0.9999999999999999,-1.05,0.0
1770415535.8323414,14,0,0.0,0.0,0.0,0.0,1.0,0.0,0.0,0.0
1770415535.8337078,14,1,0.0,0.0,0.0,0.0,1.0,0.9999999999999999,-0.049999999999999996,0.0
1770415535.8348246,14,2,0.0,0.0,0.0,0.0,1.0,0.9999999999999999,-0.049999999999999996,0.0
1770415535.8358078,14,3,0.0,0.0,0.0,0.0,1.0,0.9999999999999999,-0.049999999999999996,0.0
1770415535.8366818,14,4,0.0,0.0,0.0,0.0,1.0,0.9999999999999999,-0.049999999999999996,0.0
1770415535.8376844,14,5,0.0,0.0,0.0,0.0,1.0,0.9999999999999999,-0.049999999999999996,0.0
1770415535.8387222,14,6,0.0,0.0,0.0,0.0,1.0,0.9999999999999999,-1.05,0.0
1770415535.8395684,14,7,0.0,0.0,0.0,0.0,1.0,0.9999999999999999,-1.05,0.0
1770415535.8405778,14,8,0.0,0.0,0.0,0.0,1.0,0.9999999999999999,-1.05,0.0
1770415535.841607,14,9,0.0,0.0,0.0,0.0,1.0,0.9999999999999999,-1.05,0.0
1770415535.8426476,14,10,0.0,0.0,0.0,0.0,1.0,0.9999999999999999,-1.05,0.0
1770415535.843842,14,11,0.0,0.0,0.0,0.0,1.0,0.9999999999999999,-1.05,0.0
1770415535.8449862,14,12,0.0,0.0,0.0,0.0,1.0,0.9999999999999999,-1.05,0.0
1770415535.8461366,14,13,0.0,0.0,0.0,0.0,1.0,0.9999999999999999,-1.05,0.0
1770415535.8472302,14,14,0.0,0.0,0.0,0.0,1.0,0.9999999999999999,-1.05,0.0
1770415535.848499,14,15,0.0,0.0,0.0,0.0,1.0,0.9999999999999999,-1.05,0.0
1770415535.8495653,14,16,0.0,0.0,0.0,0.0,1.0,0.9999999999999999,-1.05,0.0
1770415535.8505483,14,17,0.0,0.0,0.0,0.0,1.0,0.9999999999999999,-1.05,0.0
1770415535.85172,14,18,0.0,0.0,0.0,0.0,1.0,0.9999999999999999,-1.05,0.0
1770415535.8527548,14,19,0.0,0.0,0.0,0.0,1.0,0.9999999999999999,-1.05,0.0
1770415535.8536553,14,20,0.0,0.0,0.0,0.0,1.0,0.9999999999999999,-1.05,0.0
1770415535.8545642,14,21,0.0,0.0,0.0,0.0,1.0,0.9999999999999999,-1.05,0.0
1770415535.855745,14,22,0.0,0.0,0.0,0.0,1.0,0.9999999999999999,-1.05,0.0
1770415535.8567166,14,23,0.0,0.0,0.0,0.0,1.0,0.9999999999999999,-1.05,0.0
1770415535.85776,14,24,0.0,0.0,0.0,0.0,1.0,0.9999999999999999,-1.05,0.0
1770415535.8586805,14,25,0.0,0.0,0.0,0.0,1.0,0.9999999999999999,-1.05,0.0
1770415535.8599572,14,26,0.0,0.0,0.0,0.0,1.0,0.9999999999999999,-1.05,0.0
1770415535.8611226,14,27,0.0,0.0,0.0,0.0,1.0,0.9999999999999999,-1.05,0.0
1770415535.8623357,14,28,0.0,0.0,0.0,0.0,1.0,0.9999999999999999,-1.05,0.0
1770415535.8636594,14,29,0.0,0.0,0.0,0.0,1.0,0.9999999999999999,-1.05,0.0
1770415535.864834,14,30,0.0,0.0,0.0,0.0,1.0,0.9999999999999999,-1.05,0.0
1770415535.865958,14,31,0.0,0.0,0.0,0.0,1.0,0.9999999999999999,-1.05,0.0
1770415535.8670793,14,32,0.0,0.0,0.0,0.0,1.0,0.9999999999999999,-1.05,0.0
1770415535.8682094,14,33,0.0,0.0,0.0,0.0,1.0,0.9999999999999999,-1.05,0.0
1770415535.8695912,14,34,0.0,0.0,0.0,0.0,1.0,0.9999999999999999,-1.05,0.0
1770415535.8708632,14,35,0.0,0.0,0.0,0.0,1.0,0.9999999999999999,-1.05,0.0
1770415535.871953,14,36,0.0,0.0,0.0,0.0,1.0,0.9999999999999999,-1.05,0.0
1770415535.872952,14,37,0.0,0.0,0.0,0.0,1.0,0.9999999999999999,-1.05,0.0
1770415535.8738878,14,38,0.0,0.0,0.0,0.0,1.0,0.9999999999999999,-1.05,0.0
1770415535.8749077,14,39,0.0,0.0,0.0,0.0,1.0,0.9999999999999999,-1.05,0.0
1770415535.87592,14,40,0.0,0.0,0.0,0.0,1.0,0.9999999999999999,-1.05,0.0
1770415535.8770516,14,41,0.0,0.0,0.0,0.0,1.0,0.9999999999999999,-1.05,0.0
1770415535.878227,14,42,0.0,0.0,0.0,0.0,1.0,0.9999999999999999,-1.05,0.0
1770415535.8793552,14,43,0.0,0.0,0.0,0.0,1.0,0.9999999999999999,-1.05,0.0
1770415535.8801792,14,44,0.0,0.0,0.0,0.0,1.0,0.9999999999999999,-1.05,0.0
1770415535.8812745,14,45,0.0,0.0,0.0,0.0,1.0,0.9999999999999999,-1.05,0.0
1770415535.8824234,14,46,0.0,0.0,0.0,0.0,1.0,0.9999999999999999,-1.05,0.0
1770415535.8837712,14,47,0.0,0.0,0.0,0.0,1.0,0.9999999999999999,-1.05,0.0
1770415535.8848562,14,48,0.0,0.0,0.0,0.0,1.0,0.9999999999999999,-1.05,0.0
1770415535.8857608,14,49,0.0,0.0,0.0,0.0,1.0,0.9999999999999999,-1.05,0.0
1770415535.886748,14,50,0.0,0.0,0.0,0.0,1.0,0.9999999999999999,-1.05,0.0
1770415535.8877466,14,51,0.0,0.0,0.0,0.0,1.0,0.9999999999999999,-1.05,0.0
1770415535.8887246,14,52,0.0,0.0,0.0,0.0,1.0,0.9999999999999999,-1.05,0.0
1770415535.8895934,14,53,0.0,0.0,0.0,0.0,1.0,0.9999999999999999,-1.05,0.0
1770415535.8906412,14,54,0.0,0.0,0.0,0.0,1.0,0.9999999999999999,-1.05,0.0
1770415535.8917272,14,55,0.0,0.0,0.0,0.0,1.0,0.9999999999999999,-1.05,0.0
1770415535.892659,14,56,0.0,0.0,0.0,0.0,1.0,0.9999999999999999,-1.05,0.0
1770415535.8937478,14,57,0.0,0.0,0.0,0.0,1.0,0.9999999999999999,-1.05,0.0
1770415535.8946526,14,58,0.0,0.0,0.0,0.0,1.0,0.9999999999999999,-1.05,0.0
1770415535.8954794,14,59,0.0,0.0,0.0,0.0,1.0,0.9999999999999999,-1.05,0.0
1770415535.896579,14,60,0.0,0.0,0.0,0.0,1.0,0.9999999999999999,-1.05,0.0
1770415535.8976326,14,61,0.0,0.0,0.0,0.0,1.0,0.9999999999999999,-1.05,0.0
1770415535.8986835,14,62,0.0,0.0,0.0,0.0,1.0,0.9999999999999999,-1.05,0.0
1770415535.8999493,14,63,0.0,0.0,0.0,0.0,1.0,0.9999999999999999,-1.05,0.0
1770415535.9011,14,64,0.0,0.0,0.0,0.0,1.0,0.9999999999999999,-1.05,0.0
1770415535.902187,14,65,0.0,0.0,0.0,0.0,1.0,0.9999999999999999,-1.05,0.0
1770415535.9031925,14,66,0.0,0.0,0.0,0.0,1.0,0.9999999999999999,-1.05,0.0
1770415535.9041295,14,67,0.0,0.0,0.0,0.0,1.0,0.9999999999999999,-1.05,0.0
1770415535.9051313,14,68,0.0,0.0,0.0,0.0,1.0,0.9999999999999999,-1.05,0.0
1770415535.9064264,14,69,0.0,0.0,0.0,0.0,1.0,0.9999999999999999,-1.05,0.0
1770415535.9075541,14,70,0.0,0.0,0.0,0.0,1.0,0.9999999999999999,-1.05,0.0
1770415535.9088738,14,71,0.0,0.0,0.0,0.0,1.0,0.9999999999999999,-1.05,0.0
1770415535.9101837,14,72,0.0,0.0,0.0,0.0,1.0,0.9999999999999999,-1.05,0.0
1770415535.9114254,14,73,0.0,0.0,0.0,0.0,1.0,0.9999999999999999,-1.05,0.0
1770415535.9126852,14,74,0.0,0.0,0.0,0.0,1.0,0.9999999999999999,-1.05,0.0
1770415535.914217,14,75,0.0,0.0,0.0,0.0,1.0,0.9999999999999999,-1.05,0.0
1770415535.915591,14,76,0.0,0.0,0.0,0.0,1.0,0.9999999999999999,-1.05,0.0
1770415535.91685,14,77,0.0,0.0,0.0,0.0,1.0,0.9999999999999999,-1.05,0.0
1770415535.9180086,14,78,0.0,0.0,0.0,0.0,1.0,0.9999999999999999,-1.05,0.0
1770415535.919287,14,79,0.0,0.0,0.0,0.0,1.0,0.9999999999999999,-1.05,0.0
1770415535.9205682,14,80,0.0,0.0,0.0,0.0,1.0,0.9999999999999999,-1.05,0.0
1770415535.9215689,14,81,0.0,0.0,0.0,0.0,1.0,0.9999999999999999,-1.05,0.0
1770415535.9224834,14,82,0.0,0.0,0.0,0.0,1.0,0.9999999999999999,-1.05,0.0
1770415535.9236684,14,83,0.0,0.0,0.0,0.0,1.0,0.9999999999999999,-1.05,0.0
1770415535.9247932,14,84,0.0,0.0,0.0,0.0,1.0,0.9999999999999999,-1.05,0.0
1770415535.9257138,14,85,0.0,0.0,0.0,0.0,1.0,0.9999999999999999,-1.05,0.0
1770415535.9268186,14,86,0.0,0.0,0.0,0.0,1.0,0.9999999999999999,-1.05,0.0
1770415535.9279227,14,87,0.0,0.0,0.0,0.0,1.0,0.9999999999999999,-1.05,0.0
1770415535.9289815,14,88,0.0,0.0,0.0,0.0,1.0,0.9999999999999999,-1.05,0.0
1770415535.930166,14,89,0.0,0.0,0.0,0.0,1.0,0.9999999999999999,-1.05,0.0
1770415535.931359,14,90,0.0,0.0,0.0,0.0,1.0,0.9999999999999999,-1.05,0.0
1770415535.9324071,14,91,0.0,0.0,0.0,0.0,1.0,0.9999999999999999,-1.05,0.0
1770415535.9336755,14,92,0.0,0.0,0.0,0.0,1.0,0.9999999999999999,-1.05,0.0
1770415535.9349978,14,93,0.0,0.0,0.0,0.0,1.0,0.9999999999999999,-1.05,0.0
1770415535.9362073,14,94,0.0,0.0,0.0,0.0,1.0,0.9999999999999999,-1.05,0.0
1770415535.937493,14,95,0.0,0.0,0.0,0.0,1.0,0.9999999999999999,-1.05,0.0
1770415535.9387922,14,96,0.0,0.0,0.0,0.0,1.0,0.9999999999999999,-1.05,0.0
1770415535.940147,14,97,0.0,0.0,0.0,0.0,1.0,0.9999999999999999,-1.05,0.0
1770415535.9410887,14,98,0.0,0.0,0.0,0.0,1.0,0.9999999999999999,-1.05,0.0
1770415535.9420276,14,99,0.0,0.0,0.0,0.0,1.0,0.9999999999999999,-1.05,0.0
1770415535.943105,14,100,0.0,0.0,0.0,0.0,1.0,0.9999999999999999,-1.05,0.0
1770415535.944184,14,101,0.0,0.0,0.0,0.0,1.0,0.9999999999999999,-1.05,0.0
1770415535.945428,14,102,0.0,0.0,0.0,0.0,1.0,0.9999999999999999,-1.05,0.0
1770415535.9466047,14,103,0.0,0.0,0.0,0.0,1.0,0.9999999999999999,-1.05,0.0
1770415535.947483,14,104,0.0,0.0,0.0,0.0,1.0,0.9999999999999999,-1.05,0.0
1770415535.9484131,14,105,0.0,0.0,0.0,0.0,1.0,0.9999999999999999,-1.05,0.0
1770415535.9497097,14,106,0.0,0.0,0.0,0.0,1.0,0.9999999999999999,-1.05,0.0
1770415535.950885,14,107,0.0,0.0,0.0,0.0,1.0,0.9999999999999999,-1.05,0.0
1770415535.952175,14,108,0.0,0.0,0.0,0.0,1.0,0.9999999999999999,-1.05,0.0
1770415535.953431,14,109,0.0,0.0,0.0,0.0,1.0,0.9999999999999999,-1.05,0.0
1770415535.954738,14,110,0.0,0.0,0.0,0.0,1.0,0.9999999999999999,-1.05,0.0
1770415535.955964,14,111,0.0,0.0,0.0,0.0,1.0,0.9999999999999999,-1.05,0.0
1770415535.9568677,14,112,0.0,0.0,0.0,0.0,1.0,0.9999999999999999,-1.05,0.0
1770415535.9577746,14,113,0.0,0.0,0.0,0.0,1.0,0.9999999999999999,-1.05,0.0
1770415535.9588616,14,114,0.0,0.0,0.0,0.0,1.0,0.9999999999999999,-1.05,0.0
1770415535.9598675,14,115,0.0,0.0,0.0,0.0,1.0,0.9999999999999999,-1.05,0.0
1770415535.9607086,14,116,0.0,0.0,0.0,0.0,1.0,0.9999999999999999,-1.05,0.0
1770415535.9614723,14,117,0.0,0.0,0.0,0.0,1.0,0.9999999999999999,-1.05,0.0
1770415535.962339,14,118,0.0,0.0,0.0,0.0,1.0,0.9999999999999999,-1.05,0.0
1770415535.9634733,14,119,0.0,0.0,0.0,0.0,1.0,0.9999999999999999,-1.05,0.0
1770415535.964458,14,120,0.0,0.0,0.0,0.0,1.0,0.9999999999999999,-1.05,0.0
1770415535.9654415,14,121,0.0,0.0,0.0,0.0,1.0,0.9999999999999999,-1.05,0.0
1770415535.966812,14,122,0.0,0.0,0.0,0.0,1.0,0.9999999999999999,-1.05,0.0
1770415535.9678216,14,123,0.0,0.0,0.0,0.0,1.0,0.9999999999999999,-1.05,0.0
1770415535.9688983,14,124,0.0,0.0,0.0,0.0,1.0,0.9999999999999999,-1.05,0.0
1770415535.9700081,14,125,0.0,0.0,0.0,0.0,1.0,0.9999999999999999,-1.05,0.0
1770415535.9711766,14,126,0.0,0.0,0.0,0.0,1.0,0.9999999999999999,-1.05,0.0
1770415535.9725785,14,127,0.0,0.0,0.0,0.0,1.0,0.9999999999999999,-1.05,0.0
1770415535.9737616,14,128,0.0,0.0,0.0,0.0,1.0,0.9999999999999999,-1.05,0.0
1770415535.9747097,14,129,0.0,0.0,0.0,0.0,1.0,0.9999999999999999,-1.05,0.0
1770415535.9757094,14,130,0.0,0.0,0.0,0.0,1.0,0.9999999999999999,-1.05,0.0
1770415535.9767427,14,131,0.0,0.0,0.0,0.0,1.0,0.9999999999999999,-1.05,0.0
1770415535.9776905,14,132,0.0,0.0,0.0,0.0,1.0,0.9999999999999999,-1.05,0.0
1770415535.978708,14,133,0.0,0.0,0.0,0.0,1.0,0.9999999999999999,-1.05,0.0
1770415535.9796188,14,134,0.0,0.0,0.0,0.0,1.0,0.9999999999999999,-1.05,0.0
1770415535.9805384,14,135,0.0,0.0,0.0,0.0,1.0,0.9999999999999999,-1.05,0.0
1770415535.9816196,14,136,0.0,0.0,0.0,0.0,1.0,0.9999999999999999,-1.05,0.0
1770415535.9828875,14,137,0.0,0.0,0.0,0.0,1.0,0.9999999999999999,-1.05,0.0
1770415535.9841788,14,138,0.0,0.0,0.0,0.0,1.0,0.9999999999999999,-1.05,0.0
1770415535.9853368,14,139,0.0,0.0,0.0,0.0,1.0,0.9999999999999999,-1.05,0.0
1770415535.986649,14,140,0.0,0.0,0.0,0.0,1.0,0.9999999999999999,-1.05,0.0
1770415535.9876807,14,141,0.0,0.0,0.0,0.0,1.0,0.9999999999999999,-1.05,0.0
1770415535.9885576,14,142,0.0,0.0,0.0,0.0,1.0,0.9999999999999999,-1.05,0.0
1770415535.9896264,14,143,0.0,0.0,0.0,0.0,1.0,0.9999999999999999,-1.05,0.0
1770415535.9907663,14,144,0.0,0.0,0.0,0.0,1.0,0.9999999999999999,-1.05,0.0
1770415535.9919188,14,145,0.0,0.0,0.0,0.0,1.0,0.9999999999999999,-1.05,0.0
1770415535.992975,14,146,0.0,0.0,0.0,0.0,1.0,0.9999999999999999,-1.05,0.0
1770415535.9941945,14,147,0.0,0.0,0.0,0.0,1.0,0.9999999999999999,-1.05,0.0
1770415535.9955525,14,148,0.0,0.0,0.0,0.0,1.0,0.9999999999999999,-1.05,0.0
1770415535.9966495,14,149,0.0,0.0,0.0,0.0,1.0,0.9999999999999999,-1.05,0.0
1770415535.9977415,14,150,0.0,0.0,0.0,0.0,1.0,0.9999999999999999,-1.05,0.0
1770415535.9988408,14,151,0.0,0.0,0.0,0.0,1.0,0.9999999999999999,-1.05,0.0
1770415535.999959,14,152,0.0,0.0,0.0,0.0,1.0,0.9999999999999999,-1.05,0.0
1770415536.0011072,14,153,0.0,0.0,0.0,0.0,1.0,0.9999999999999999,-1.05,0.0
1770415536.0021968,14,154,0.0,0.0,0.0,0.0,1.0,0.9999999999999999,-1.05,0.0
1770415536.003316,14,155,0.0,0.0,0.0,0.0,1.0,0.9999999999999999,-1.05,0.0
1770415536.0044866,14,156,0.0,0.0,0.0,0.0,1.0,0.9999999999999999,-1.05,0.0
1770415536.0057,14,157,0.0,0.0,0.0,0.0,1.0,0.9999999999999999,-1.05,0.0
1770415536.0067086,14,158,0.0,0.0,0.0,0.0,1.0,0.9999999999999999,-1.05,0.0
1770415536.0078158,14,159,0.0,0.0,0.0,0.0,1.0,0.9999999999999999,-1.05,0.0
1770415536.009173,14,160,0.0,0.0,0.0,0.0,1.0,0.9999999999999999,-1.05,0.0
1770415536.0103705,14,161,0.0,0.0,0.0,0.0,1.0,0.9999999999999999,-1.05,0.0
1770415536.0117102,14,162,0.0,0.0,0.0,0.0,1.0,0.9999999999999999,-1.05,0.0
1770415536.012689,14,163,0.0,0.0,0.0,0.0,1.0,0.9999999999999999,-1.05,0.0
1770415536.0137181,14,164,0.0,0.0,0.0,0.0,1.0,0.9999999999999999,-1.05,0.0
1770415536.01482,14,165,0.0,0.0,0.0,0.0,1.0,0.9999999999999999,-1.05,0.0
1770415536.0163221,14,166,0.0,0.0,0.0,0.0,1.0,0.9999999999999999,-1.05,0.0
1770415536.0174866,14,167,0.0,0.0,0.0,0.0,1.0,0.9999999999999999,-1.05,0.0
1770415536.018935,14,168,0.0,0.0,0.0,0.0,1.0,0.9999999999999999,-1.05,0.0
1770415536.0202258,14,169,0.0,0.0,0.0,0.0,1.0,0.9999999999999999,-1.05,0.0
1770415536.021271,14,170,0.0,0.0,0.0,0.0,1.0,0.9999999999999999,-1.05,0.0
1770415536.0224907,14,171,0.0,0.0,0.0,0.0,1.0,0.9999999999999999,-1.05,0.0
1770415536.0235069,14,172,0.0,0.0,0.0,0.0,1.0,0.9999999999999999,-1.05,0.0
1770415536.0245745,14,173,0.0,0.0,0.0,0.0,1.0,0.9999999999999999,-1.05,0.0
1770415536.025619,14,174,0.0,0.0,0.0,0.0,1.0,0.9999999999999999,-1.05,0.0
1770415536.026644,14,175,0.0,0.0,0.0,0.0,1.0,0.9999999999999999,-1.05,0.0
1770415536.0278916,14,176,0.0,0.0,0.0,0.0,1.0,0.9999999999999999,-1.05,0.0
1770415536.0289233,14,177,0.0,0.0,0.0,0.0,1.0,0.9999999999999999,-1.05,0.0
1770415536.0301056,14,178,0.0,0.0,0.0,0.0,1.0,0.9999999999999999,-1.05,0.0
1770415536.0312963,14,179,0.0,0.0,0.0,0.0,1.0,0.9999999999999999,-1.05,0.0
1770415536.0327072,14,180,0.0,0.0,0.0,0.0,1.0,0.9999999999999999,-1.05,0.0
1770415536.033765,14,181,0.0,0.0,0.0,0.0,1.0,0.9999999999999999,-1.05,0.0
1770415536.0349128,14,182,0.0,0.0,0.0,0.0,1.0,0.9999999999999999,-1.05,0.0
1770415536.0362213,14,183,0.0,0.0,0.0,0.0,1.0,0.9999999999999999,-1.05,0.0
1770415536.0374482,14,184,0.0,0.0,0.0,0.0,1.0,0.9999999999999999,-1.05,0.0
1770415536.0385742,14,185,0.0,0.0,0.0,0.0,1.0,0.9999999999999999,-1.05,0.0
1770415536.0397658,14,186,0.0,0.0,0.0,0.0,1.0,0.9999999999999999,-1.05,0.0
1770415536.0408342,14,187,0.0,0.0,0.0,0.0,1.0,0.9999999999999999,-1.05,0.0
1770415536.0420322,14,188,0.0,0.0,0.0,0.0,1.0,0.9999999999999999,-1.05,0.0
1770415536.0430548,14,189,0.0,0.0,0.0,0.0,1.0,0.9999999999999999,-1.05,0.0
1770415536.043993,14,190,0.0,0.0,0.0,0.0,1.0,0.9999999999999999,-1.05,0.0
1770415536.044893,14,191,0.0,0.0,0.0,0.0,1.0,0.9999999999999999,-1.05,0.0
1770415536.046103,14,192,0.0,0.0,0.0,0.0,1.0,0.9999999999999999,-1.05,0.0
1770415536.0472898,14,193,0.0,0.0,0.0,0.0,1.0,0.9999999999999999,-1.05,0.0
1770415536.048435,14,194,0.0,0.0,0.0,0.0,1.0,0.9999999999999999,-1.05,0.0
1770415536.0494053,14,195,0.0,0.0,0.0,0.0,1.0,0.9999999999999999,-1.05,0.0
1770415536.050588,14,196,0.0,0.0,0.0,0.0,1.0,0.9999999999999999,-1.05,0.0
1770415536.051594,14,197,0.0,0.0,0.0,0.0,1.0,0.9999999999999999,-1.05,0.0
1770415536.0527775,14,198,0.0,0.0,0.0,0.0,1.0,0.9999999999999999,-1.05,0.0
1770415536.054017,14,199,0.0,0.0,0.0,0.0,1.0,0.9999999999999999,-1.05,0.0
1770415536.0552073,14,200,0.0,0.0,0.0,0.0,1.0,0.9999999999999999,-1.05,0.0
1770415536.1034596,15,0,0.0,0.0,0.0,0.0,1.0,0.0,0.0,0.0
1770415536.1047442,15,1,0.0,0.0,0.0,0.0,1.0,0.9999999999999999,-0.049999999999999996,0.0
1770415536.105698,15,2,0.0,0.0,0.0,0.0,1.0,0.9999999999999999,-0.049999999999999996,0.0
1770415536.1068814,15,3,0.0,0.0,0.0,0.0,1.0,0.9999999999999999,-0.049999999999999996,0.0
1770415536.1081645,15,4,0.0,0.0,0.0,0.0,1.0,0.9999999999999999,-0.049999999999999996,0.0
1770415536.1094568,15,5,0.0,0.0,0.0,0.0,1.0,0.9999999999999999,-0.049999999999999996,0.0
1770415536.110693,15,6,0.0,0.0,0.0,0.0,1.0,0.9999999999999999,-1.05,0.0
1770415536.1117709,15,7,0.0,0.0,0.0,0.0,1.0,0.9999999999999999,-1.05,0.0
1770415536.1125705,15,8,0.0,0.0,0.0,0.0,1.0,0.9999999999999999,-1.05,0.0
1770415536.113804,15,9,0.0,0.0,0.0,0.0,1.0,0.9999999999999999,-1.05,0.0
1770415536.1149812,15,10,0.0,0.0,0.0,0.0,1.0,0.9999999999999999,-1.05,0.0
1770415536.1158948,15,11,0.0,0.0,0.0,0.0,1.0,0.9999999999999999,-1.05,0.0
1770415536.1168356,15,12,0.0,0.0,0.0,0.0,1.0,0.9999999999999999,-1.05,0.0
1770415536.1177194,15,13,0.0,0.0,0.0,0.0,1.0,0.9999999999999999,-1.05,0.0
1770415536.1189687,15,14,0.0,0.0,0.0,0.0,1.0,0.9999999999999999,-1.05,0.0
1770415536.1205528,15,15,0.0,0.0,0.0,0.0,1.0,0.9999999999999999,-1.05,0.0
1770415536.1216617,15,16,0.0,0.0,0.0,0.0,1.0,0.9999999999999999,-1.05,0.0
1770415536.1225016,15,17,0.0,0.0,0.0,0.0,1.0,0.9999999999999999,-1.05,0.0
1770415536.1238205,15,18,0.0,0.0,0.0,0.0,1.0,0.9999999999999999,-1.05,0.0
1770415536.1248646,15,19,0.0,0.0,0.0,0.0,1.0,0.9999999999999999,-1.05,0.0
1770415536.125895,15,20,0.0,0.0,0.0,0.0,1.0,0.9999999999999999,-1.05,0.0
1770415536.1269898,15,21,0.0,0.0,0.0,0.0,1.0,0.9999999999999999,-1.05,0.0
1770415536.1281316,15,22,0.0,0.0,0.0,0.0,1.0,0.9999999999999999,-1.05,0.0
1770415536.1290894,15,23,0.0,0.0,0.0,0.0,1.0,0.9999999999999999,-1.05,0.0
1770415536.1301897,15,24,0.0,0.0,0.0,0.0,1.0,0.9999999999999999,-1.05,0.0
1770415536.1313703,15,25,0.0,0.0,0.0,0.0,1.0,0.9999999999999999,-1.05,0.0
1770415536.1325328,15,26,0.0,0.0,0.0,0.0,1.0,0.9999999999999999,-1.05,0.0
1770415536.1335905,15,27,0.0,0.0,0.0,0.0,1.0,0.9999999999999999,-1.05,0.0
1770415536.134493,15,28,0.0,0.0,0.0,0.0,1.0,0.9999999999999999,-1.05,0.0
1770415536.135354,15,29,0.0,0.0,0.0,0.0,1.0,0.9999999999999999,-1.05,0.0
1770415536.1362476,15,30,0.0,0.0,0.0,0.0,1.0,0.9999999999999999,-1.05,0.0
1770415536.1370528,15,31,0.0,0.0,0.0,0.0,1.0,0.9999999999999999,-1.05,0.0
1770415536.13775,15,32,0.0,0.0,0.0,0.0,1.0,0.9999999999999999,-1.05,0.0
1770415536.1385057,15,33,0.0,0.0,0.0,0.0,1.0,0.9999999999999999,-1.05,0.0
1770415536.1393085,15,34,0.0,0.0,0.0,0.0,1.0,0.9999999999999999,-1.05,0.0
1770415536.1401644,15,35,0.0,0.0,0.0,0.0,1.0,0.9999999999999999,-1.05,0.0
1770415536.1410692,15,36,0.0,0.0,0.0,0.0,1.0,0.9999999999999999,-1.05,0.0
1770415536.1419394,15,37,0.0,0.0,0.0,0.0,1.0,0.9999999999999999,-1.05,0.0
1770415536.1429353,15,38,0.0,0.0,0.0,0.0,1.0,0.9999999999999999,-1.05,0.0
1770415536.144076,15,39,0.0,0.0,0.0,0.0,1.0,0.9999999999999999,-1.05,0.0
1770415536.145082,15,40,0.0,0.0,0.0,0.0,1.0,0.9999999999999999,-1.05,0.0
1770415536.1461077,15,41,0.0,0.0,0.0,0.0,1.0,0.9999999999999999,-1.05,0.0
1770415536.147163,15,42,0.0,0.0,0.0,0.0,1.0,0.9999999999999999,-1.05,0.0
1770415536.1483712,15,43,0.0,0.0,0.0,0.0,1.0,0.9999999999999999,-1.05,0.0
1770415536.1493678,15,44,0.0,0.0,0.0,0.0,1.0,0.9999999999999999,-1.05,0.0
1770415536.150531,15,45,0.0,0.0,0.0,0.0,1.0,0.9999999999999999,-1.05,0.0
1770415536.1517663,15,46,0.0,0.0,0.0,0.0,1.0,0.9999999999999999,-1.05,0.0
1770415536.1527107,15,47,0.0,0.0,0.0,0.0,1.0,0.9999999999999999,-1.05,0.0
1770415536.1538334,15,48,0.0,0.0,0.0,0.0,1.0,0.9999999999999999,-1.05,0.0
1770415536.1549892,15,49,0.0,0.0,0.0,0.0,1.0,0.9999999999999999,-1.05,0.0
1770415536.1561556,15,50,0.0,0.0,0.0,0.0,1.0,0.9999999999999999,-1.05,0.0
1770415536.1574388,15,51,0.0,0.0,0.0,0.0,1.0,0.9999999999999999,-1.05,0.0
1770415536.158712,15,52,0.0,0.0,0.0,0.0,1.0,0.9999999999999999,-1.05,0.0
1770415536.1597826,15,53,0.0,0.0,0.0,0.0,1.0,0.9999999999999999,-1.05,0.0
1770415536.1607087,15,54,0.0,0.0,0.0,0.0,1.0,0.9999999999999999,-1.05,0.0
1770415536.16167,15,55,0.0,0.0,0.0,0.0,1.0,0.9999999999999999,-1.05,0.0
1770415536.1626043,15,56,0.0,0.0,0.0,0.0,1.0,0.9999999999999999,-1.05,0.0
1770415536.163748,15,57,0.0,0.0,0.0,0.0,1.0,0.9999999999999999,-1.05,0.0
1770415536.1648126,15,58,0.0,0.0,0.0,0.0,1.0,0.9999999999999999,-1.05,0.0
1770415536.1658578,15,59,0.0,0.0,0.0,0.0,1.0,0.9999999999999999,-1.05,0.0
1770415536.1668866,15,60,0.0,0.0,0.0,0.0,1.0,0.9999999999999999,-1.05,0.0
1770415536.168041,15,61,0.0,0.0,0.0,0.0,1.0,0.9999999999999999,-1.05,0.0
1770415536.168972,15,62,0.0,0.0,0.0,0.0,1.0,0.9999999999999999,-1.05,0.0
1770415536.1701472,15,63,0.0,0.0,0.0,0.0,1.0,0.9999999999999999,-1.05,0.0
1770415536.1709983,15,64,0.0,0.0,0.0,0.0,1.0,0.9999999999999999,-1.05,0.0
1770415536.172109,15,65,0.0,0.0,0.0,0.0,1.0,0.9999999999999999,-1.05,0.0
1770415536.1731205,15,66,0.0,0.0,0.0,0.0,1.0,0.9999999999999999,-1.05,0.0
1770415536.1742115,15,67,0.0,0.0,0.0,0.0,1.0,0.9999999999999999,-1.05,0.0
1770415536.1752746,15,68,0.0,0.0,0.0,0.0,1.0,0.9999999999999999,-1.05,0.0
1770415536.1763287,15,69,0.0,0.0,0.0,0.0,1.0,0.9999999999999999,-1.05,0.0
1770415536.1773095,15,70,0.0,0.0,0.0,0.0,1.0,0.9999999999999999,-1.05,0.0
1770415536.178472,15,71,0.0,0.0,0.0,0.0,1.0,0.9999999999999999,-1.05,0.0
1770415536.1793492,15,72,0.0,0.0,0.0,0.0,1.0,0.9999999999999999,-1.05,0.0
1770415536.1802776,15,73,0.0,0.0,0.0,0.0,1.0,0.9999999999999999,-1.05,0.0
1770415536.1814077,15,74,0.0,0.0,0.0,0.0,1.0,0.9999999999999999,-1.05,0.0
1770415536.1824944,15,75,0.0,0.0,0.0,0.0,1.0,0.9999999999999999,-1.05,0.0
1770415536.1837018,15,76,0.0,0.0,0.0,0.0,1.0,0.9999999999999999,-1.05,0.0
1770415536.184725,15,77,0.0,0.0,0.0,0.0,1.0,0.9999999999999999,-1.05,0.0
1770415536.1858342,15,78,0.0,0.0,0.0,0.0,1.0,0.9999999999999999,-1.05,0.0
1770415536.1870744,15,79,0.0,0.0,0.0,0.0,1.0,0.9999999999999999,-1.05,0.0
1770415536.1881006,15,80,0.0,0.0,0.0,0.0,1.0,0.9999999999999999,-1.05,0.0
1770415536.1892054,15,81,0.0,0.0,0.0,0.0,1.0,0.9999999999999999,-1.05,0.0
1770415536.1906075,15,82,0.0,0.0,0.0,0.0,1.0,0.9999999999999999,-1.05,0.0
1770415536.1916988,15,83,0.0,0.0,0.0,0.0,1.0,0.9999999999999999,-1.05,0.0
1770415536.192873,15,84,0.0,0.0,0.0,0.0,1.0,0.9999999999999999,-1.05,0.0
1770415536.1938303,15,85,0.0,0.0,0.0,0.0,1.0,0.9999999999999999,-1.05,0.0
1770415536.1949797,15,86,0.0,0.0,0.0,0.0,1.0,0.9999999999999999,-1.05,0.0
1770415536.1962504,15,87,0.0,0.0,0.0,0.0,1.0,0.9999999999999999,-1.05,0.0
1770415536.1975014,15,88,0.0,0.0,0.0,0.0,1.0,0.9999999999999999,-1.05,0.0
1770415536.198431,15,89,0.0,0.0,0.0,0.0,1.0,0.9999999999999999,-1.05,0.0
1770415536.1998825,15,90,0.0,0.0,0.0,0.0,1.0,0.9999999999999999,-1.05,0.0
1770415536.2010958,15,91,0.0,0.0,0.0,0.0,1.0,0.9999999999999999,-1.05,0.0
1770415536.2023864,15,92,0.0,0.0,0.0,0.0,1.0,0.9999999999999999,-1.05,0.0
1770415536.2037156,15,93,0.0,0.0,0.0,0.0,1.0,0.9999999999999999,-1.05,0.0
1770415536.2047663,15,94,0.0,0.0,0.0,0.0,1.0,0.9999999999999999,-1.05,0.0
1770415536.2055686,15,95,0.0,0.0,0.0,0.0,1.0,0.9999999999999999,-1.05,0.0
1770415536.2067246,15,96,0.0,0.0,0.0,0.0,1.0,0.9999999999999999,-1.05,0.0
1770415536.207929,15,97,0.0,0.0,0.0,0.0,1.0,0.9999999999999999,-1.05,0.0
1770415536.2090943,15,98,0.0,0.0,0.0,0.0,1.0,0.9999999999999999,-1.05,0.0
1770415536.2104833,15,99,0.0,0.0,0.0,0.0,1.0,0.9999999999999999,-1.05,0.0
1770415536.2119467,15,100,0.0,0.0,0.0,0.0,1.0,0.9999999999999999,-1.05,0.0
1770415536.2129328,15,101,0.0,0.0,0.0,0.0,1.0,0.9999999999999999,-1.05,0.0
1770415536.2139118,15,102,0.0,0.0,0.0,0.0,1.0,0.9999999999999999,-1.05,0.0
1770415536.21508,15,103,0.0,0.0,0.0,0.0,1.0,0.9999999999999999,-1.05,0.0
1770415536.216325,15,104,0.0,0.0,0.0,0.0,1.0,0.9999999999999999,-1.05,0.0
1770415536.2175217,15,105,0.0,0.0,0.0,0.0,1.0,0.9999999999999999,-1.05,0.0
1770415536.2184973,15,106,0.0,0.0,0.0,0.0,1.0,0.9999999999999999,-1.05,0.0
1770415536.2195582,15,107,0.0,0.0,0.0,0.0,1.0,0.9999999999999999,-1.05,0.0
1770415536.2206347,15,108,0.0,0.0,0.0,0.0,1.0,0.9999999999999999,-1.05,0.0
1770415536.2217917,15,109,0.0,0.0,0.0,0.0,1.0,0.9999999999999999,-1.05,0.0
1770415536.2229557,15,110,0.0,0.0,0.0,0.0,1.0,0.9999999999999999,-1.05,0.0
1770415536.224083,15,111,0.0,0.0,0.0,0.0,1.0,0.9999999999999999,-1.05,0.0
1770415536.2252736,15,112,0.0,0.0,0.0,0.0,1.0,0.9999999999999999,-1.05,0.0
1770415536.2265196,15,113,0.0,0.0,0.0,0.0,1.0,0.9999999999999999,-1.05,0.0
1770415536.227744,15,114,0.0,0.0,0.0,0.0,1.0,0.9999999999999999,-1.05,0.0
1770415536.2290535,15,115,0.0,0.0,0.0,0.0,1.0,0.9999999999999999,-1.05,0.0
1770415536.2303524,15,116,0.0,0.0,0.0,0.0,1.0,0.9999999999999999,-1.05,0.0
1770415536.2315402,15,117,0.0,0.0,0.0,0.0,1.0,0.9999999999999999,-1.05,0.0
1770415536.23253,15,118,0.0,0.0,0.0,0.0,1.0,0.9999999999999999,-1.05,0.0
1770415536.233765,15,119,0.0,0.0,0.0,0.0,1.0,0.9999999999999999,-1.05,0.0
1770415536.234644,15,120,0.0,0.0,0.0,0.0,1.0,0.9999999999999999,-1.05,0.0
1770415536.2358723,15,121,0.0,0.0,0.0,0.0,1.0,0.9999999999999999,-1.05,0.0
1770415536.2370627,15,122,0.0,0.0,0.0,0.0,1.0,0.9999999999999999,-1.05,0.0
1770415536.2382953,15,123,0.0,0.0,0.0,0.0,1.0,0.9999999999999999,-1.05,0.0
1770415536.2396398,15,124,0.0,0.0,0.0,0.0,1.0,0.9999999999999999,-1.05,0.0
1770415536.2408683,15,125,0.0,0.0,0.0,0.0,1.0,0.9999999999999999,-1.05,0.0
1770415536.2421205,15,126,0.0,0.0,0.0,0.0,1.0,0.9999999999999999,-1.05,0.0
1770415536.2433188,15,127,0.0,0.0,0.0,0.0,1.0,0.9999999999999999,-1.05,0.0
1770415536.2443087,15,128,0.0,0.0,0.0,0.0,1.0,0.9999999999999999,-1.05,0.0
1770415536.2454505,15,129,0.0,0.0,0.0,0.0,1.0,0.9999999999999999,-1.05,0.0
1770415536.2464168,15,130,0.0,0.0,0.0,0.0,1.0,0.9999999999999999,-1.05,0.0
1770415536.2474377,15,131,0.0,0.0,0.0,0.0,1.0,0.9999999999999999,-1.05,0.0
1770415536.2484696,15,132,0.0,0.0,0.0,0.0,1.0,0.9999999999999999,-1.05,0.0
1770415536.249547,15,133,0.0,0.0,0.0,0.0,1.0,0.9999999999999999,-1.05,0.0
1770415536.250595,15,134,0.0,0.0,0.0,0.0,1.0,0.9999999999999999,-1.05,0.0
1770415536.2516518,15,135,0.0,0.0,0.0,0.0,1.0,0.9999999999999999,-1.05,0.0
1770415536.252862,15,136,0.0,0.0,0.0,0.0,1.0,0.9999999999999999,-1.05,0.0
1770415536.2540243,15,137,0.0,0.0,0.0,0.0,1.0,0.9999999999999999,-1.05,0.0
1770415536.255279,15,138,0.0,0.0,0.0,0.0,1.0,0.9999999999999999,-1.05,0.0
1770415536.2564645,15,139,0.0,0.0,0.0,0.0,1.0,0.9999999999999999,-1.05,0.0
1770415536.2578442,15,140,0.0,0.0,0.0,0.0,1.0,0.9999999999999999,-1.05,0.0
1770415536.2590082,15,141,0.0,0.0,0.0,0.0,1.0,0.9999999999999999,-1.05,0.0
1770415536.2601225,15,142,0.0,0.0,0.0,0.0,1.0,0.9999999999999999,-1.05,0.0
1770415536.2612715,15,143,0.0,0.0,0.0,0.0,1.0,0.9999999999999999,-1.05,0.0
1770415536.262487,15,144,0.0,0.0,0.0,0.0,1.0,0.9999999999999999,-1.05,0.0
1770415536.2635663,15,145,0.0,0.0,0.0,0.0,1.0,0.9999999999999999,-1.05,0.0
1770415536.2645743,15,146,0.0,0.0,0.0,0.0,1.0,0.9999999999999999,-1.05,0.0
1770415536.2655034,15,147,0.0,0.0,0.0,0.0,1.0,0.9999999999999999,-1.05,0.0
1770415536.2671056,15,148,0.0,0.0,0.0,0.0,1.0,0.9999999999999999,-1.05,0.0
1770415536.2681882,15,149,0.0,0.0,0.0,0.0,1.0,0.9999999999999999,-1.05,0.0
1770415536.2695704,15,150,0.0,0.0,0.0,0.0,1.0,0.9999999999999999,-1.05,0.0
1770415536.270772,15,151,0.0,0.0,0.0,0.0,1.0,0.9999999999999999,-1.05,0.0
1770415536.2719703,15,152,0.0,0.0,0.0,0.0,1.0,0.9999999999999999,-1.05,0.0
1770415536.2731946,15,153,0.0,0.0,0.0,0.0,1.0,0.9999999999999999,-1.05,0.0
1770415536.2744741,15,154,0.0,0.0,0.0,0.0,1.0,0.9999999999999999,-1.05,0.0
1770415536.2756157,15,155,0.0,0.0,0.0,0.0,1.0,0.9999999999999999,-1.05,0.0
1770415536.2766712,15,156,0.0,0.0,0.0,0.0,1.0,0.9999999999999999,-1.05,0.0
1770415536.277571,15,157,0.0,0.0,0.0,0.0,1.0,0.9999999999999999,-1.05,0.0
1770415536.2783043,15,158,0.0,0.0,0.0,0.0,1.0,0.9999999999999999,-1.05,0.0
1770415536.279145,15,159,0.0,0.0,0.0,0.0,1.0,0.9999999999999999,-1.05,0.0
1770415536.280082,15,160,0.0,0.0,0.0,0.0,1.0,0.9999999999999999,-1.05,0.0
1770415536.2810297,15,161,0.0,0.0,0.0,0.0,1.0,0.9999999999999999,-1.05,0.0
1770415536.2821805,15,162,0.0,0.0,0.0,0.0,1.0,0.9999999999999999,-1.05,0.0
1770415536.283275,15,163,0.0,0.0,0.0,0.0,1.0,0.9999999999999999,-1.05,0.0
1770415536.2841744,15,164,0.0,0.0,0.0,0.0,1.0,0.9999999999999999,-1.05,0.0
1770415536.2850204,15,165,0.0,0.0,0.0,0.0,1.0,0.9999999999999999,-1.05,0.0
1770415536.2860076,15,166,0.0,0.0,0.0,0.0,1.0,0.9999999999999999,-1.05,0.0
1770415536.2870455,15,167,0.0,0.0,0.0,0.0,1.0,0.9999999999999999,-1.05,0.0
1770415536.2882822,15,168,0.0,0.0,0.0,0.0,1.0,0.9999999999999999,-1.05,0.0
1770415536.2896276,15,169,0.0,0.0,0.0,0.0,1.0,0.9999999999999999,-1.05,0.0
1770415536.2908974,15,170,0.0,0.0,0.0,0.0,1.0,0.9999999999999999,-1.05,0.0
1770415536.2920134,15,171,0.0,0.0,0.0,0.0,1.0,0.9999999999999999,-1.05,0.0
1770415536.293241,15,172,0.0,0.0,0.0,0.0,1.0,0.9999999999999999,-1.05,0.0
1770415536.2946975,15,173,0.0,0.0,0.0,0.0,1.0,0.9999999999999999,-1.05,0.0
1770415536.2958858,15,174,0.0,0.0,0.0,0.0,1.0,0.9999999999999999,-1.05,0.0
1770415536.2970757,15,175,0.0,0.0,0.0,0.0,1.0,0.9999999999999999,-1.05,0.0
1770415536.2983003,15,176,0.0,0.0,0.0,0.0,1.0,0.9999999999999999,-1.05,0.0
1770415536.2994657,15,177,0.0,0.0,0.0,0.0,1.0,0.9999999999999999,-1.05,0.0
1770415536.300319,15,178,0.0,0.0,0.0,0.0,1.0,0.9999999999999999,-1.05,0.0
1770415536.3013716,15,179,0.0,0.0,0.0,0.0,1.0,0.9999999999999999,-1.05,0.0
1770415536.302469,15,180,0.0,0.0,0.0,0.0,1.0,0.9999999999999999,-1.05,0.0
1770415536.3036432,15,181,0.0,0.0,0.0,0.0,1.0,0.9999999999999999,-1.05,0.0
1770415536.304635,15,182,0.0,0.0,0.0,0.0,1.0,0.9999999999999999,-1.05,0.0
1770415536.3054426,15,183,0.0,0.0,0.0,0.0,1.0,0.9999999999999999,-1.05,0.0
1770415536.3065662,15,184,0.0,0.0,0.0,0.0,1.0,0.9999999999999999,-1.05,0.0
1770415536.30792,15,185,0.0,0.0,0.0,0.0,1.0,0.9999999999999999,-1.05,0.0
1770415536.3091965,15,186,0.0,0.0,0.0,0.0,1.0,0.9999999999999999,-1.05,0.0
1770415536.3105872,15,187,0.0,0.0,0.0,0.0,1.0,0.9999999999999999,-1.05,0.0
1770415536.3118556,15,188,0.0,0.0,0.0,0.0,1.0,0.9999999999999999,-1.05,0.0
1770415536.312852,15,189,0.0,0.0,0.0,0.0,1.0,0.9999999999999999,-1.05,0.0
1770415536.3139193,15,190,0.0,0.0,0.0,0.0,1.0,0.9999999999999999,-1.05,0.0
1770415536.3149722,15,191,0.0,0.0,0.0,0.0,1.0,0.9999999999999999,-1.05,0.0
1770415536.316204,15,192,0.0,0.0,0.0,0.0,1.0,0.9999999999999999,-1.05,0.0
1770415536.3173604,15,193,0.0,0.0,0.0,0.0,1.0,0.9999999999999999,-1.05,0.0
1770415536.3186474,15,194,0.0,0.0,0.0,0.0,1.0,0.9999999999999999,-1.05,0.0
1770415536.3199089,15,195,0.0,0.0,0.0,0.0,1.0,0.9999999999999999,-1.05,0.0
1770415536.3212962,15,196,0.0,0.0,0.0,0.0,1.0,0.9999999999999999,-1.05,0.0
1770415536.3222773,15,197,0.0,0.0,0.0,0.0,1.0,0.9999999999999999,-1.05,0.0
1770415536.3236358,15,198,0.0,0.0,0.0,0.0,1.0,0.9999999999999999,-1.05,0.0
1770415536.3247685,15,199,0.0,0.0,0.0,0.0,1.0,0.9999999999999999,-1.05,0.0
1770415536.3257415,15,200,0.0,0.0,0.0,0.0,1.0,0.9999999999999999,-1.05,0.0
1770415536.3759365,16,0,0.0,0.0,0.0,0.0,1.0,0.0,0.0,0.0
1770415536.3771188,16,1,0.0,0.0,0.0,0.0,1.0,0.9999999999999999,-0.049999999999999996,0.0
1770415536.3781068,16,2,0.0,0.0,0.0,0.0,1.0,0.9999999999999999,-0.049999999999999996,0.0
1770415536.3790812,16,3,0.0,0.0,0.0,0.0,1.0,0.9999999999999999,-0.049999999999999996,0.0
1770415536.3800957,16,4,0.0,0.0,0.0,0.0,1.0,0.9999999999999999,-0.049999999999999996,0.0
1770415536.3811464,16,5,0.0,0.0,0.0,0.0,1.0,0.9999999999999999,-0.049999999999999996,0.0
1770415536.3823678,16,6,0.0,0.0,0.0,0.0,1.0,0.9999999999999999,-1.05,0.0
1770415536.3841066,16,7,0.0,0.0,0.0,0.0,1.0,0.9999999999999999,-1.05,0.0
1770415536.3853657,16,8,0.0,0.0,0.0,0.0,1.0,0.9999999999999999,-1.05,0.0
1770415536.386487,16,9,0.0,0.0,0.0,0.0,1.0,0.9999999999999999,-1.05,0.0
1770415536.3875787,16,10,0.0,0.0,0.0,0.0,1.0,0.9999999999999999,-1.05,0.0
1770415536.388637,16,11,0.0,0.0,0.0,0.0,1.0,0.9999999999999999,-1.05,0.0
1770415536.3898005,16,12,0.0,0.0,0.0,0.0,1.0,0.9999999999999999,-1.05,0.0
1770415536.3908482,16,13,0.0,0.0,0.0,0.0,1.0,0.9999999999999999,-1.05,0.0
1770415536.3918078,16,14,0.0,0.0,0.0,0.0,1.0,0.9999999999999999,-1.05,0.0
1770415536.392925,16,15,0.0,0.0,0.0,0.0,1.0,0.9999999999999999,-1.05,0.0
1770415536.3940866,16,16,0.0,0.0,0.0,0.0,1.0,0.9999999999999999,-1.05,0.0
1770415536.3951457,16,17,0.0,0.0,0.0,0.0,1.0,0.9999999999999999,-1.05,0.0
1770415536.3961391,16,18,0.0,0.0,0.0,0.0,1.0,0.9999999999999999,-1.05,0.0
1770415536.3973036,16,19,0.0,0.0,0.0,0.0,1.0,0.9999999999999999,-1.05,0.0
1770415536.3982205,16,20,0.0,0.0,0.0,0.0,1.0,0.9999999999999999,-1.05,0.0
1770415536.3993134,16,21,0.0,0.0,0.0,0.0,1.0,0.9999999999999999,-1.05,0.0
1770415536.4004495,16,22,0.0,0.0,0.0,0.0,1.0,0.9999999999999999,-1.05,0.0
1770415536.4014397,16,23,0.0,0.0,0.0,0.0,1.0,0.9999999999999999,-1.05,0.0
1770415536.4025526,16,24,0.0,0.0,0.0,0.0,1.0,0.9999999999999999,-1.05,0.0
1770415536.403837,16,25,0.0,0.0,0.0,0.0,1.0,0.9999999999999999,-1.05,0.0
1770415536.4048266,16,26,0.0,0.0,0.0,0.0,1.0,0.9999999999999999,-1.05,0.0
1770415536.405951,16,27,0.0,0.0,0.0,0.0,1.0,0.9999999999999999,-1.05,0.0
1770415536.4072812,16,28,0.0,0.0,0.0,0.0,1.0,0.9999999999999999,-1.05,0.0
1770415536.4084167,16,29,0.0,0.0,0.0,0.0,1.0,0.9999999999999999,-1.05,0.0
1770415536.4095244,16,30,0.0,0.0,0.0,0.0,1.0,0.9999999999999999,-1.05,0.0
1770415536.4109106,16,31,0.0,0.0,0.0,0.0,1.0,0.9999999999999999,-1.05,0.0
1770415536.4119983,16,32,0.0,0.0,0.0,0.0,1.0,0.9999999999999999,-1.05,0.0
1770415536.413342,16,33,0.0,0.0,0.0,0.0,1.0,0.9999999999999999,-1.05,0.0
1770415536.4147553,16,34,0.0,0.0,0.0,0.0,1.0,0.9999999999999999,-1.05,0.0
1770415536.4161103,16,35,0.0,0.0,0.0,0.0,1.0,0.9999999999999999,-1.05,0.0
1770415536.4174275,16,36,0.0,0.0,0.0,0.0,1.0,0.9999999999999999,-1.05,0.0
1770415536.4187777,16,37,0.0,0.0,0.0,0.0,1.0,0.9999999999999999,-1.05,0.0
1770415536.4200053,16,38,0.0,0.0,0.0,0.0,1.0,0.9999999999999999,-1.05,0.0
1770415536.4210684,16,39,0.0,0.0,0.0,0.0,1.0,0.9999999999999999,-1.05,0.0
1770415536.4226928,16,40,0.0,0.0,0.0,0.0,1.0,0.9999999999999999,-1.05,0.0
1770415536.4237778,16,41,0.0,0.0,0.0,0.0,1.0,0.9999999999999999,-1.05,0.0
1770415536.4247723,16,42,0.0,0.0,0.0,0.0,1.0,0.9999999999999999,-1.05,0.0
1770415536.4256837,16,43,0.0,0.0,0.0,0.0,1.0,0.9999999999999999,-1.05,0.0
1770415536.4267642,16,44,0.0,0.0,0.0,0.0,1.0,0.9999999999999999,-1.05,0.0
1770415536.4277573,16,45,0.0,0.0,0.0,0.0,1.0,0.9999999999999999,-1.05,0.0
1770415536.4286528,16,46,0.0,0.0,0.0,0.0,1.0,0.9999999999999999,-1.05,0.0
1770415536.4295807,16,47,0.0,0.0,0.0,0.0,1.0,0.9999999999999999,-1.05,0.0
1770415536.4306998,16,48,0.0,0.0,0.0,0.0,1.0,0.9999999999999999,-1.05,0.0
1770415536.4318364,16,49,0.0,0.0,0.0,0.0,1.0,0.9999999999999999,-1.05,0.0
1770415536.4330518,16,50,0.0,0.0,0.0,0.0,1.0,0.9999999999999999,-1.05,0.0
1770415536.4341655,16,51,0.0,0.0,0.0,0.0,1.0,0.9999999999999999,-1.05,0.0
1770415536.435468,16,52,0.0,0.0,0.0,0.0,1.0,0.9999999999999999,-1.05,0.0
1770415536.4365735,16,53,0.0,0.0,0.0,0.0,1.0,0.9999999999999999,-1.05,0.0
1770415536.4376006,16,54,0.0,0.0,0.0,0.0,1.0,0.9999999999999999,-1.05,0.0
1770415536.4384353,16,55,0.0,0.0,0.0,0.0,1.0,0.9999999999999999,-1.05,0.0
1770415536.439678,16,56,0.0,0.0,0.0,0.0,1.0,0.9999999999999999,-1.05,0.0
1770415536.4407787,16,57,0.0,0.0,0.0,0.0,1.0,0.9999999999999999,-1.05,0.0
1770415536.4420843,16,58,0.0,0.0,0.0,0.0,1.0,0.9999999999999999,-1.05,0.0
1770415536.4432626,16,59,0.0,0.0,0.0,0.0,1.0,0.9999999999999999,-1.05,0.0
1770415536.4444206,16,60,0.0,0.0,0.0,0.0,1.0,0.9999999999999999,-1.05,0.0
1770415536.4455786,16,61,0.0,0.0,0.0,0.0,1.0,0.9999999999999999,-1.05,0.0
1770415536.4467332,16,62,0.0,0.0,0.0,0.0,1.0,0.9999999999999999,-1.05,0.0
1770415536.4477797,16,63,0.0,0.0,0.0,0.0,1.0,0.9999999999999999,-1.05,0.0
1770415536.4490526,16,64,0.0,0.0,0.0,0.0,1.0,0.9999999999999999,-1.05,0.0
1770415536.4502387,16,65,0.0,0.0,0.0,0.0,1.0,0.9999999999999999,-1.05,0.0
1770415536.4515219,16,66,0.0,0.0,0.0,0.0,1.0,0.9999999999999999,-1.05,0.0
1770415536.452956,16,67,0.0,0.0,0.0,0.0,1.0,0.9999999999999999,-1.05,0.0
1770415536.4538858,16,68,0.0,0.0,0.0,0.0,1.0,0.9999999999999999,-1.05,0.0
1770415536.4550335,16,69,0.0,0.0,0.0,0.0,1.0,0.9999999999999999,-1.05,0.0
1770415536.456146,16,70,0.0,0.0,0.0,0.0,1.0,0.9999999999999999,-1.05,0.0
1770415536.4572809,16,71,0.0,0.0,0.0,0.0,1.0,0.9999999999999999,-1.05,0.0
1770415536.4584606,16,72,0.0,0.0,0.0,0.0,1.0,0.9999999999999999,-1.05,0.0
1770415536.45963,16,73,0.0,0.0,0.0,0.0,1.0,0.9999999999999999,-1.05,0.0
1770415536.46064,16,74,0.0,0.0,0.0,0.0,1.0,0.9999999999999999,-1.05,0.0
1770415536.461632,16,75,0.0,0.0,0.0,0.0,1.0,0.9999999999999999,-1.05,0.0
1770415536.4628618,16,76,0.0,0.0,0.0,0.0,1.0,0.9999999999999999,-1.05,0.0
1770415536.4640791,16,77,0.0,0.0,0.0,0.0,1.0,0.9999999999999999,-1.05,0.0
1770415536.4650955,16,78,0.0,0.0,0.0,0.0,1.0,0.9999999999999999,-1.05,0.0
1770415536.4664207,16,79,0.0,0.0,0.0,0.0,1.0,0.9999999999999999,-1.05,0.0
1770415536.4678082,16,80,0.0,0.0,0.0,0.0,1.0,0.9999999999999999,-1.05,0.0
1770415536.4690437,16,81,0.0,0.0,0.0,0.0,1.0,0.9999999999999999,-1.05,0.0
1770415536.4701092,16,82,0.0,0.0,0.0,0.0,1.0,0.9999999999999999,-1.05,0.0
1770415536.4711468,16,83,0.0,0.0,0.0,0.0,1.0,0.9999999999999999,-1.05,0.0
1770415536.4722111,16,84,0.0,0.0,0.0,0.0,1.0,0.9999999999999999,-1.05,0.0
1770415536.473422,16,85,0.0,0.0,0.0,0.0,1.0,0.9999999999999999,-1.05,0.0
1770415536.4747484,16,86,0.0,0.0,0.0,0.0,1.0,0.9999999999999999,-1.05,0.0
1770415536.4757419,16,87,0.0,0.0,0.0,0.0,1.0,0.9999999999999999,-1.05,0.0
1770415536.4769363,16,88,0.0,0.0,0.0,0.0,1.0,0.9999999999999999,-1.05,0.0
1770415536.4780202,16,89,0.0,0.0,0.0,0.0,1.0,0.9999999999999999,-1.05,0.0
1770415536.4790456,16,90,0.0,0.0,0.0,0.0,1.0,0.9999999999999999,-1.05,0.0
1770415536.4801898,16,91,0.0,0.0,0.0,0.0,1.0,0.9999999999999999,-1.05,0.0
1770415536.4812262,16,92,0.0,0.0,0.0,0.0,1.0,0.9999999999999999,-1.05,0.0
1770415536.4823265,16,93,0.0,0.0,0.0,0.0,1.0,0.9999999999999999,-1.05,0.0
1770415536.4835713,16,94,0.0,0.0,0.0,0.0,1.0,0.9999999999999999,-1.05,0.0
1770415536.4845195,16,95,0.0,0.0,0.0,0.0,1.0,0.9999999999999999,-1.05,0.0
1770415536.4856172,16,96,0.0,0.0,0.0,0.0,1.0,0.9999999999999999,-1.05,0.0
1770415536.486684,16,97,0.0,0.0,0.0,0.0,1.0,0.9999999999999999,-1.05,0.0
1770415536.4875765,16,98,0.0,0.0,0.0,0.0,1.0,0.9999999999999999,-1.05,0.0
1770415536.4886756,16,99,0.0,0.0,0.0,0.0,1.0,0.9999999999999999,-1.05,0.0
1770415536.4896169,16,100,0.0,0.0,0.0,0.0,1.0,0.9999999999999999,-1.05,0.0
1770415536.4904125,16,101,0.0,0.0,0.0,0.0,1.0,0.9999999999999999,-1.05,0.0
1770415536.491365,16,102,0.0,0.0,0.0,0.0,1.0,0.9999999999999999,-1.05,0.0
1770415536.4924266,16,103,0.0,0.0,0.0,0.0,1.0,0.9999999999999999,-1.05,0.0
1770415536.493374,16,104,0.0,0.0,0.0,0.0,1.0,0.9999999999999999,-1.05,0.0
1770415536.4942536,16,105,0.0,0.0,0.0,0.0,1.0,0.9999999999999999,-1.05,0.0
1770415536.495119,16,106,0.0,0.0,0.0,0.0,1.0,0.9999999999999999,-1.05,0.0
1770415536.4961321,16,107,0.0,0.0,0.0,0.0,1.0,0.9999999999999999,-1.05,0.0
1770415536.497059,16,108,0.0,0.0,0.0,0.0,1.0,0.9999999999999999,-1.05,0.0
1770415536.4978905,16,109,0.0,0.0,0.0,0.0,1.0,0.9999999999999999,-1.05,0.0
1770415536.4987783,16,110,0.0,0.0,0.0,0.0,1.0,0.9999999999999999,-1.05,0.0
1770415536.49994,16,111,0.0,0.0,0.0,0.0,1.0,0.9999999999999999,-1.05,0.0
1770415536.5008242,16,112,0.0,0.0,0.0,0.0,1.0,0.9999999999999999,-1.05,0.0
1770415536.5018425,16,113,0.0,0.0,0.0,0.0,1.0,0.9999999999999999,-1.05,0.0
1770415536.5030835,16,114,0.0,0.0,0.0,0.0,1.0,0.9999999999999999,-1.05,0.0
1770415536.50426,16,115,0.0,0.0,0.0,0.0,1.0,0.9999999999999999,-1.05,0.0
1770415536.505294,16,116,0.0,0.0,0.0,0.0,1.0,0.9999999999999999,-1.05,0.0
1770415536.5063982,16,117,0.0,0.0,0.0,0.0,1.0,0.9999999999999999,-1.05,0.0
1770415536.507537,16,118,0.0,0.0,0.0,0.0,1.0,0.9999999999999999,-1.05,0.0
1770415536.508782,16,119,0.0,0.0,0.0,0.0,1.0,0.9999999999999999,-1.05,0.0
1770415536.5099437,16,120,0.0,0.0,0.0,0.0,1.0,0.9999999999999999,-1.05,0.0
1770415536.5107136,16,121,0.0,0.0,0.0,0.0,1.0,0.9999999999999999,-1.05,0.0
1770415536.5115573,16,122,0.0,0.0,0.0,0.0,1.0,0.9999999999999999,-1.05,0.0
1770415536.5126033,16,123,0.0,0.0,0.0,0.0,1.0,0.9999999999999999,-1.05,0.0
1770415536.5136952,16,124,0.0,0.0,0.0,0.0,1.0,0.9999999999999999,-1.05,0.0
1770415536.514884,16,125,0.0,0.0,0.0,0.0,1.0,0.9999999999999999,-1.05,0.0
1770415536.5161242,16,126,0.0,0.0,0.0,0.0,1.0,0.9999999999999999,-1.05,0.0
1770415536.5173957,16,127,0.0,0.0,0.0,0.0,1.0,0.9999999999999999,-1.05,0.0
1770415536.5184815,16,128,0.0,0.0,0.0,0.0,1.0,0.9999999999999999,-1.05,0.0
1770415536.5195832,16,129,0.0,0.0,0.0,0.0,1.0,0.9999999999999999,-1.05,0.0
1770415536.5206585,16,130,0.0,0.0,0.0,0.0,1.0,0.9999999999999999,-1.05,0.0
1770415536.5216587,16,131,0.0,0.0,0.0,0.0,1.0,0.9999999999999999,-1.05,0.0
1770415536.5228755,16,132,0.0,0.0,0.0,0.0,1.0,0.9999999999999999,-1.05,0.0
1770415536.5241003,16,133,0.0,0.0,0.0,0.0,1.0,0.9999999999999999,-1.05,0.0
1770415536.5253797,16,134,0.0,0.0,0.0,0.0,1.0,0.9999999999999999,-1.05,0.0
1770415536.526548,16,135,0.0,0.0,0.0,0.0,1.0,0.9999999999999999,-1.05,0.0
1770415536.527845,16,136,0.0,0.0,0.0,0.0,1.0,0.9999999999999999,-1.05,0.0
1770415536.5289936,16,137,0.0,0.0,0.0,0.0,1.0,0.9999999999999999,-1.05,0.0
1770415536.5300353,16,138,0.0,0.0,0.0,0.0,1.0,0.9999999999999999,-1.05,0.0
1770415536.5309896,16,139,0.0,0.0,0.0,0.0,1.0,0.9999999999999999,-1.05,0.0
1770415536.5319276,16,140,0.0,0.0,0.0,0.0,1.0,0.9999999999999999,-1.05,0.0
1770415536.5330637,16,141,0.0,0.0,0.0,0.0,1.0,0.9999999999999999,-1.05,0.0
1770415536.5341303,16,142,0.0,0.0,0.0,0.0,1.0,0.9999999999999999,-1.05,0.0
1770415536.5351832,16,143,0.0,0.0,0.0,0.0,1.0,0.9999999999999999,-1.05,0.0
1770415536.5363765,16,144,0.0,0.0,0.0,0.0,1.0,0.9999999999999999,-1.05,0.0
1770415536.5378363,16,145,0.0,0.0,0.0,0.0,1.0,0.9999999999999999,-1.05,0.0
1770415536.5387726,16,146,0.0,0.0,0.0,0.0,1.0,0.9999999999999999,-1.05,0.0
1770415536.5398233,16,147,0.0,0.0,0.0,0.0,1.0,0.9999999999999999,-1.05,0.0
1770415536.540933,16,148,0.0,0.0,0.0,0.0,1.0,0.9999999999999999,-1.05,0.0
1770415536.541974,16,149,0.0,0.0,0.0,0.0,1.0,0.9999999999999999,-1.05,0.0
1770415536.5428512,16,150,0.0,0.0,0.0,0.0,1.0,0.9999999999999999,-1.05,0.0
1770415536.5438037,16,151,0.0,0.0,0.0,0.0,1.0,0.9999999999999999,-1.05,0.0
1770415536.5447688,16,152,0.0,0.0,0.0,0.0,1.0,0.9999999999999999,-1.05,0.0
1770415536.5456662,16,153,0.0,0.0,0.0,0.0,1.0,0.9999999999999999,-1.05,0.0
1770415536.546408,16,154,0.0,0.0,0.0,0.0,1.0,0.9999999999999999,-1.05,0.0
1770415536.5472236,16,155,0.0,0.0,0.0,0.0,1.0,0.9999999999999999,-1.05,0.0
1770415536.5481324,16,156,0.0,0.0,0.0,0.0,1.0,0.9999999999999999,-1.05,0.0
1770415536.5490513,16,157,0.0,0.0,0.0,0.0,1.0,0.9999999999999999,-1.05,0.0
1770415536.5501683,16,158,0.0,0.0,0.0,0.0,1.0,0.9999999999999999,-1.05,0.0
1770415536.5512097,16,159,0.0,0.0,0.0,0.0,1.0,0.9999999999999999,-1.05,0.0
1770415536.5522537,16,160,0.0,0.0,0.0,0.0,1.0,0.9999999999999999,-1.05,0.0
1770415536.5532331,16,161,0.0,0.0,0.0,0.0,1.0,0.9999999999999999,-1.05,0.0
1770415536.5540628,16,162,0.0,0.0,0.0,0.0,1.0,0.9999999999999999,-1.05,0.0
1770415536.554874,16,163,0.0,0.0,0.0,0.0,1.0,0.9999999999999999,-1.05,0.0
1770415536.555637,16,164,0.0,0.0,0.0,0.0,1.0,0.9999999999999999,-1.05,0.0
1770415536.5563576,16,165,0.0,0.0,0.0,0.0,1.0,0.9999999999999999,-1.05,0.0
1770415536.5572646,16,166,0.0,0.0,0.0,0.0,1.0,0.9999999999999999,-1.05,0.0
1770415536.5582829,16,167,0.0,0.0,0.0,0.0,1.0,0.9999999999999999,-1.05,0.0
1770415536.5593133,16,168,0.0,0.0,0.0,0.0,1.0,0.9999999999999999,-1.05,0.0
1770415536.5603309,16,169,0.0,0.0,0.0,0.0,1.0,0.9999999999999999,-1.05,0.0
1770415536.5611737,16,170,0.0,0.0,0.0,0.0,1.0,0.9999999999999999,-1.05,0.0
1770415536.5619142,16,171,0.0,0.0,0.0,0.0,1.0,0.9999999999999999,-1.05,0.0
1770415536.5626917,16,172,0.0,0.0,0.0,0.0,1.0,0.9999999999999999,-1.05,0.0
1770415536.5637476,16,173,0.0,0.0,0.0,0.0,1.0,0.9999999999999999,-1.05,0.0
1770415536.5646362,16,174,0.0,0.0,0.0,0.0,1.0,0.9999999999999999,-1.05,0.0
1770415536.565516,16,175,0.0,0.0,0.0,0.0,1.0,0.9999999999999999,-1.05,0.0
1770415536.5665267,16,176,0.0,0.0,0.0,0.0,1.0,0.9999999999999999,-1.05,0.0
1770415536.567507,16,177,0.0,0.0,0.0,0.0,1.0,0.9999999999999999,-1.05,0.0
1770415536.569179,16,178,0.0,0.0,0.0,0.0,1.0,0.9999999999999999,-1.05,0.0
1770415536.5710638,16,179,0.0,0.0,0.0,0.0,1.0,0.9999999999999999,-1.05,0.0
1770415536.573102,16,180,0.0,0.0,0.0,0.0,1.0,0.9999999999999999,-1.05,0.0
1770415536.5751624,16,181,0.0,0.0,0.0,0.0,1.0,0.9999999999999999,-1.05,0.0
1770415536.5766582,16,182,0.0,0.0,0.0,0.0,1.0,0.9999999999999999,-1.05,0.0
1770415536.5776334,16,183,0.0,0.0,0.0,0.0,1.0,0.9999999999999999,-1.05,0.0
1770415536.5786216,16,184,0.0,0.0,0.0,0.0,1.0,0.9999999999999999,-1.05,0.0
1770415536.5794718,16,185,0.0,0.0,0.0,0.0,1.0,0.9999999999999999,-1.05,0.0
1770415536.5804327,16,186,0.0,0.0,0.0,0.0,1.0,0.9999999999999999,-1.05,0.0
1770415536.5812602,16,187,0.0,0.0,0.0,0.0,1.0,0.9999999999999999,-1.05,0.0
1770415536.5821652,16,188,0.0,0.0,0.0,0.0,1.0,0.9999999999999999,-1.05,0.0
1770415536.583141,16,189,0.0,0.0,0.0,0.0,1.0,0.9999999999999999,-1.05,0.0
1770415536.584095,16,190,0.0,0.0,0.0,0.0,1.0,0.9999999999999999,-1.05,0.0
1770415536.5848737,16,191,0.0,0.0,0.0,0.0,1.0,0.9999999999999999,-1.05,0.0
1770415536.5857558,16,192,0.0,0.0,0.0,0.0,1.0,0.9999999999999999,-1.05,0.0
1770415536.5865374,16,193,0.0,0.0,0.0,0.0,1.0,0.9999999999999999,-1.05,0.0
1770415536.587396,16,194,0.0,0.0,0.0,0.0,1.0,0.9999999999999999,-1.05,0.0
1770415536.5884244,16,195,0.0,0.0,0.0,0.0,1.0,0.9999999999999999,-1.05,0.0
1770415536.5894501,16,196,0.0,0.0,0.0,0.0,1.0,0.9999999999999999,-1.05,0.0
1770415536.590413,16,197,0.0,0.0,0.0,0.0,1.0,0.9999999999999999,-1.05,0.0
1770415536.5912116,16,198,0.0,0.0,0.0,0.0,1.0,0.9999999999999999,-1.05,0.0
1770415536.5919313,16,199,0.0,0.0,0.0,0.0,1.0,0.9999999999999999,-1.05,0.0
1770415536.5926573,16,200,0.0,0.0,0.0,0.0,1.0,0.9999999999999999,-1.05,0.0
1770415536.655194,17,0,0.0,0.0,0.0,0.0,1.0,0.0,0.0,0.0
1770415536.6565385,17,1,0.0,0.0,0.0,0.0,1.0,0.9999999999999999,-0.049999999999999996,0.0
1770415536.6574268,17,2,0.0,0.0,0.0,0.0,1.0,0.9999999999999999,-0.049999999999999996,0.0
1770415536.6583433,17,3,0.0,0.0,0.0,0.0,1.0,0.9999999999999999,-0.049999999999999996,0.0
1770415536.6593175,17,4,0.0,0.0,0.0,0.0,1.0,0.9999999999999999,-0.049999999999999996,0.0
1770415536.660589,17,5,0.0,0.0,0.0,0.0,1.0,0.9999999999999999,-0.049999999999999996,0.0
1770415536.6615674,17,6,0.0,0.0,0.0,0.0,1.0,0.9999999999999999,-1.05,0.0
1770415536.662549,17,7,0.0,0.0,0.0,0.0,1.0,0.9999999999999999,-1.05,0.0
1770415536.6634681,17,8,0.0,0.0,0.0,0.0,1.0,0.9999999999999999,-1.05,0.0
1770415536.6644242,17,9,0.0,0.0,0.0,0.0,1.0,0.9999999999999999,-1.05,0.0
1770415536.6654816,17,10,0.0,0.0,0.0,0.0,1.0,0.9999999999999999,-1.05,0.0
1770415536.666666,17,11,0.0,0.0,0.0,0.0,1.0,0.9999999999999999,-1.05,0.0
1770415536.6675656,17,12,0.0,0.0,0.0,0.0,1.0,0.9999999999999999,-1.05,0.0
1770415536.6683621,17,13,0.0,0.0,0.0,0.0,1.0,0.9999999999999999,-1.05,0.0
1770415536.6693168,17,14,0.0,0.0,0.0,0.0,1.0,0.9999999999999999,-1.05,0.0
1770415536.670454,17,15,0.0,0.0,0.0,0.0,1.0,0.9999999999999999,-1.05,0.0
1770415536.6714826,17,16,0.0,0.0,0.0,0.0,1.0,0.9999999999999999,-1.05,0.0
1770415536.6724231,17,17,0.0,0.0,0.0,0.0,1.0,0.9999999999999999,-1.05,0.0
1770415536.6733706,17,18,0.0,0.0,0.0,0.0,1.0,0.9999999999999999,-1.05,0.0
1770415536.6746469,17,19,0.0,0.0,0.0,0.0,1.0,0.9999999999999999,-1.05,0.0
1770415536.6756175,17,20,0.0,0.0,0.0,0.0,1.0,0.9999999999999999,-1.05,0.0
1770415536.6767035,17,21,0.0,0.0,0.0,0.0,1.0,0.9999999999999999,-1.05,0.0
1770415536.6778336,17,22,0.0,0.0,0.0,0.0,1.0,0.9999999999999999,-1.05,0.0
1770415536.6788445,17,23,0.0,0.0,0.0,0.0,1.0,0.9999999999999999,-1.05,0.0
1770415536.679944,17,24,0.0,0.0,0.0,0.0,1.0,0.9999999999999999,-1.05,0.0
1770415536.681007,17,25,0.0,0.0,0.0,0.0,1.0,0.9999999999999999,-1.05,0.0
1770415536.6820068,17,26,0.0,0.0,0.0,0.0,1.0,0.9999999999999999,-1.05,0.0
1770415536.683106,17,27,0.0,0.0,0.0,0.0,1.0,0.9999999999999999,-1.05,0.0
1770415536.6840987,17,28,0.0,0.0,0.0,0.0,1.0,0.9999999999999999,-1.05,0.0
1770415536.6850266,17,29,0.0,0.0,0.0,0.0,1.0,0.9999999999999999,-1.05,0.0
1770415536.6861005,17,30,0.0,0.0,0.0,0.0,1.0,0.9999999999999999,-1.05,0.0
1770415536.687218,17,31,0.0,0.0,0.0,0.0,1.0,0.9999999999999999,-1.05,0.0
1770415536.6882148,17,32,0.0,0.0,0.0,0.0,1.0,0.9999999999999999,-1.05,0.0
1770415536.689146,17,33,0.0,0.0,0.0,0.0,1.0,0.9999999999999999,-1.05,0.0
1770415536.6902566,17,34,0.0,0.0,0.0,0.0,1.0,0.9999999999999999,-1.05,0.0
1770415536.6914349,17,35,0.0,0.0,0.0,0.0,1.0,0.9999999999999999,-1.05,0.0
1770415536.6925507,17,36,0.0,0.0,0.0,0.0,1.0,0.9999999999999999,-1.05,0.0
1770415536.6937003,17,37,0.0,0.0,0.0,0.0,1.0,0.9999999999999999,-1.05,0.0
1770415536.69465,17,38,0.0,0.0,0.0,0.0,1.0,0.9999999999999999,-1.05,0.0
1770415536.6956024,17,39,0.0,0.0,0.0,0.0,1.0,0.9999999999999999,-1.05,0.0
1770415536.696479,17,40,0.0,0.0,0.0,0.0,1.0,0.9999999999999999,-1.05,0.0
1770415536.6973178,17,41,0.0,0.0,0.0,0.0,1.0,0.9999999999999999,-1.05,0.0
1770415536.6985958,17,42,0.0,0.0,0.0,0.0,1.0,0.9999999999999999,-1.05,0.0
1770415536.699767,17,43,0.0,0.0,0.0,0.0,1.0,0.9999999999999999,-1.05,0.0
1770415536.700697,17,44,0.0,0.0,0.0,0.0,1.0,0.9999999999999999,-1.05,0.0
1770415536.7018304,17,45,0.0,0.0,0.0,0.0,1.0,0.9999999999999999,-1.05,0.0
1770415536.7029572,17,46,0.0,0.0,0.0,0.0,1.0,0.9999999999999999,-1.05,0.0
1770415536.7041955,17,47,0.0,0.0,0.0,0.0,1.0,0.9999999999999999,-1.05,0.0
1770415536.7052867,17,48,0.0,0.0,0.0,0.0,1.0,0.9999999999999999,-1.05,0.0
1770415536.7065923,17,49,0.0,0.0,0.0,0.0,1.0,0.9999999999999999,-1.05,0.0
1770415536.707718,17,50,0.0,0.0,0.0,0.0,1.0,0.9999999999999999,-1.05,0.0
1770415536.7087133,17,51,0.0,0.0,0.0,0.0,1.0,0.9999999999999999,-1.05,0.0
1770415536.7096348,17,52,0.0,0.0,0.0,0.0,1.0,0.9999999999999999,-1.05,0.0
1770415536.7106094,17,53,0.0,0.0,0.0,0.0,1.0,0.9999999999999999,-1.05,0.0
1770415536.711697,17,54,0.0,0.0,0.0,0.0,1.0,0.9999999999999999,-1.05,0.0
1770415536.7126417,17,55,0.0,0.0,0.0,0.0,1.0,0.9999999999999999,-1.05,0.0
1770415536.7135918,17,56,0.0,0.0,0.0,0.0,1.0,0.9999999999999999,-1.05,0.0
1770415536.714505,17,57,0.0,0.0,0.0,0.0,1.0,0.9999999999999999,-1.05,0.0
1770415536.7156534,17,58,0.0,0.0,0.0,0.0,1.0,0.9999999999999999,-1.05,0.0
1770415536.7166433,17,59,0.0,0.0,0.0,0.0,1.0,0.9999999999999999,-1.05,0.0
1770415536.717616,17,60,0.0,0.0,0.0,0.0,1.0,0.9999999999999999,-1.05,0.0
1770415536.7186491,17,61,0.0,0.0,0.0,0.0,1.0,0.9999999999999999,-1.05,0.0
1770415536.7196941,17,62,0.0,0.0,0.0,0.0,1.0,0.9999999999999999,-1.05,0.0
1770415536.7206771,17,63,0.0,0.0,0.0,0.0,1.0,0.9999999999999999,-1.05,0.0
1770415536.7215586,17,64,0.0,0.0,0.0,0.0,1.0,0.9999999999999999,-1.05,0.0
1770415536.722642,17,65,0.0,0.0,0.0,0.0,1.0,0.9999999999999999,-1.05,0.0
1770415536.7237542,17,66,0.0,0.0,0.0,0.0,1.0,0.9999999999999999,-1.05,0.0
1770415536.7247193,17,67,0.0,0.0,0.0,0.0,1.0,0.9999999999999999,-1.05,0.0
1770415536.7256377,17,68,0.0,0.0,0.0,0.0,1.0,0.9999999999999999,-1.05,0.0
1770415536.726795,17,69,0.0,0.0,0.0,0.0,1.0,0.9999999999999999,-1.05,0.0
1770415536.7280855,17,70,0.0,0.0,0.0,0.0,1.0,0.9999999999999999,-1.05,0.0
1770415536.72921,17,71,0.0,0.0,0.0,0.0,1.0,0.9999999999999999,-1.05,0.0
1770415536.7304664,17,72,0.0,0.0,0.0,0.0,1.0,0.9999999999999999,-1.05,0.0
1770415536.7314243,17,73,0.0,0.0,0.0,0.0,1.0,0.9999999999999999,-1.05,0.0
1770415536.7326381,17,74,0.0,0.0,0.0,0.0,1.0,0.9999999999999999,-1.05,0.0
1770415536.7336051,17,75,0.0,0.0,0.0,0.0,1.0,0.9999999999999999,-1.05,0.0
1770415536.734754,17,76,0.0,0.0,0.0,0.0,1.0,0.9999999999999999,-1.05,0.0
1770415536.7357216,17,77,0.0,0.0,0.0,0.0,1.0,0.9999999999999999,-1.05,0.0
1770415536.7367132,17,78,0.0,0.0,0.0,0.0,1.0,0.9999999999999999,-1.05,0.0
1770415536.7376344,17,79,0.0,0.0,0.0,0.0,1.0,0.9999999999999999,-1.05,0.0
1770415536.738521,17,80,0.0,0.0,0.0,0.0,1.0,0.9999999999999999,-1.05,0.0
1770415536.739566,17,81,0.0,0.0,0.0,0.0,1.0,0.9999999999999999,-1.05,0.0
1770415536.7404432,17,82,0.0,0.0,0.0,0.0,1.0,0.9999999999999999,-1.05,0.0
1770415536.7413657,17,83,0.0,0.0,0.0,0.0,1.0,0.9999999999999999,-1.05,0.0
1770415536.7422822,17,84,0.0,0.0,0.0,0.0,1.0,0.9999999999999999,-1.05,0.0
1770415536.7431283,17,85,0.0,0.0,0.0,0.0,1.0,0.9999999999999999,-1.05,0.0
1770415536.7439504,17,86,0.0,0.0,0.0,0.0,1.0,0.9999999999999999,-1.05,0.0
1770415536.7448547,17,87,0.0,0.0,0.0,0.0,1.0,0.9999999999999999,-1.05,0.0
1770415536.745818,17,88,0.0,0.0,0.0,0.0,1.0,0.9999999999999999,-1.05,0.0
1770415536.7467976,17,89,0.0,0.0,0.0,0.0,1.0,0.9999999999999999,-1.05,0.0
1770415536.747645,17,90,0.0,0.0,0.0,0.0,1.0,0.9999999999999999,-1.05,0.0
1770415536.7484334,17,91,0.0,0.0,0.0,0.0,1.0,0.9999999999999999,-1.05,0.0
1770415536.7490666,17,92,0.0,0.0,0.0,0.0,1.0,0.9999999999999999,-1.05,0.0
1770415536.7498558,17,93,0.0,0.0,0.0,0.0,1.0,0.9999999999999999,-1.05,0.0
1770415536.750737,17,94,0.0,0.0,0.0,0.0,1.0,0.9999999999999999,-1.05,0.0
1770415536.7515163,17,95,0.0,0.0,0.0,0.0,1.0,0.9999999999999999,-1.05,0.0
1770415536.752456,17,96,0.0,0.0,0.0,0.0,1.0,0.9999999999999999,-1.05,0.0
1770415536.7533984,17,97,0.0,0.0,0.0,0.0,1.0,0.9999999999999999,-1.05,0.0
1770415536.7543259,17,98,0.0,0.0,0.0,0.0,1.0,0.9999999999999999,-1.05,0.0
1770415536.7553988,17,99,0.0,0.0,0.0,0.0,1.0,0.9999999999999999,-1.05,0.0
1770415536.7563956,17,100,0.0,0.0,0.0,0.0,1.0,0.9999999999999999,-1.05,0.0
1770415536.7573557,17,101,0.0,0.0,0.0,0.0,1.0,0.9999999999999999,-1.05,0.0
1770415536.7584333,17,102,0.0,0.0,0.0,0.0,1.0,0.9999999999999999,-1.05,0.0
1770415536.7596462,17,103,0.0,0.0,0.0,0.0,1.0,0.9999999999999999,-1.05,0.0
1770415536.7605944,17,104,0.0,0.0,0.0,0.0,1.0,0.9999999999999999,-1.05,0.0
1770415536.7616127,17,105,0.0,0.0,0.0,0.0,1.0,0.9999999999999999,-1.05,0.0
1770415536.762603,17,106,0.0,0.0,0.0,0.0,1.0,0.9999999999999999,-1.05,0.0
1770415536.7635117,17,107,0.0,0.0,0.0,0.0,1.0,0.9999999999999999,-1.05,0.0
1770415536.7644262,17,108,0.0,0.0,0.0,0.0,1.0,0.9999999999999999,-1.05,0.0
1770415536.7654283,17,109,0.0,0.0,0.0,0.0,1.0,0.9999999999999999,-1.05,0.0
1770415536.7663455,17,110,0.0,0.0,0.0,0.0,1.0,0.9999999999999999,-1.05,0.0
1770415536.7673724,17,111,0.0,0.0,0.0,0.0,1.0,0.9999999999999999,-1.05,0.0
1770415536.7683942,17,112,0.0,0.0,0.0,0.0,1.0,0.9999999999999999,-1.05,0.0
1770415536.7694712,17,113,0.0,0.0,0.0,0.0,1.0,0.9999999999999999,-1.05,0.0
1770415536.770428,17,114,0.0,0.0,0.0,0.0,1.0,0.9999999999999999,-1.05,0.0
1770415536.7712898,17,115,0.0,0.0,0.0,0.0,1.0,0.9999999999999999,-1.05,0.0
1770415536.7721374,17,116,0.0,0.0,0.0,0.0,1.0,0.9999999999999999,-1.05,0.0
1770415536.7731109,17,117,0.0,0.0,0.0,0.0,1.0,0.9999999999999999,-1.05,0.0
1770415536.774264,17,118,0.0,0.0,0.0,0.0,1.0,0.9999999999999999,-1.05,0.0
1770415536.7752159,17,119,0.0,0.0,0.0,0.0,1.0,0.9999999999999999,-1.05,0.0
1770415536.776243,17,120,0.0,0.0,0.0,0.0,1.0,0.9999999999999999,-1.05,0.0
1770415536.7772715,17,121,0.0,0.0,0.0,0.0,1.0,0.9999999999999999,-1.05,0.0
1770415536.7782626,17,122,0.0,0.0,0.0,0.0,1.0,0.9999999999999999,-1.05,0.0
1770415536.7793632,17,123,0.0,0.0,0.0,0.0,1.0,0.9999999999999999,-1.05,0.0
1770415536.780303,17,124,0.0,0.0,0.0,0.0,1.0,0.9999999999999999,-1.05,0.0
1770415536.7812,17,125,0.0,0.0,0.0,0.0,1.0,0.9999999999999999,-1.05,0.0
1770415536.7820628,17,126,0.0,0.0,0.0,0.0,1.0,0.9999999999999999,-1.05,0.0
1770415536.7831202,17,127,0.0,0.0,0.0,0.0,1.0,0.9999999999999999,-1.05,0.0
1770415536.7843177,17,128,0.0,0.0,0.0,0.0,1.0,0.9999999999999999,-1.05,0.0
1770415536.7855763,17,129,0.0,0.0,0.0,0.0,1.0,0.9999999999999999,-1.05,0.0
1770415536.7863784,17,130,0.0,0.0,0.0,0.0,1.0,0.9999999999999999,-1.05,0.0
1770415536.787499,17,131,0.0,0.0,0.0,0.0,1.0,0.9999999999999999,-1.05,0.0
1770415536.7886126,17,132,0.0,0.0,0.0,0.0,1.0,0.9999999999999999,-1.05,0.0
1770415536.7896144,17,133,0.0,0.0,0.0,0.0,1.0,0.9999999999999999,-1.05,0.0
1770415536.790589,17,134,0.0,0.0,0.0,0.0,1.0,0.9999999999999999,-1.05,0.0
1770415536.7916868,17,135,0.0,0.0,0.0,0.0,1.0,0.9999999999999999,-1.05,0.0
1770415536.7925081,17,136,0.0,0.0,0.0,0.0,1.0,0.9999999999999999,-1.05,0.0
1770415536.7933435,17,137,0.0,0.0,0.0,0.0,1.0,0.9999999999999999,-1.05,0.0
1770415536.7942376,17,138,0.0,0.0,0.0,0.0,1.0,0.9999999999999999,-1.05,0.0
1770415536.795135,17,139,0.0,0.0,0.0,0.0,1.0,0.9999999999999999,-1.05,0.0
1770415536.7960095,17,140,0.0,0.0,0.0,0.0,1.0,0.9999999999999999,-1.05,0.0
1770415536.7972126,17,141,0.0,0.0,0.0,0.0,1.0,0.9999999999999999,-1.05,0.0
1770415536.7985878,17,142,0.0,0.0,0.0,0.0,1.0,0.9999999999999999,-1.05,0.0
1770415536.799733,17,143,0.0,0.0,0.0,0.0,1.0,0.9999999999999999,-1.05,0.0
1770415536.8005838,17,144,0.0,0.0,0.0,0.0,1.0,0.9999999999999999,-1.05,0.0
1770415536.801436,17,145,0.0,0.0,0.0,0.0,1.0,0.9999999999999999,-1.05,0.0
1770415536.8027005,17,146,0.0,0.0,0.0,0.0,1.0,0.9999999999999999,-1.05,0.0
1770415536.8036819,17,147,0.0,0.0,0.0,0.0,1.0,0.9999999999999999,-1.05,0.0
1770415536.8045428,17,148,0.0,0.0,0.0,0.0,1.0,0.9999999999999999,-1.05,0.0
1770415536.8055677,17,149,0.0,0.0,0.0,0.0,1.0,0.9999999999999999,-1.05,0.0
1770415536.8065817,17,150,0.0,0.0,0.0,0.0,1.0,0.9999999999999999,-1.05,0.0
1770415536.807655,17,151,0.0,0.0,0.0,0.0,1.0,0.9999999999999999,-1.05,0.0
1770415536.8087263,17,152,0.0,0.0,0.0,0.0,1.0,0.9999999999999999,-1.05,0.0
1770415536.809972,17,153,0.0,0.0,0.0,0.0,1.0,0.9999999999999999,-1.05,0.0
1770415536.8111384,17,154,0.0,0.0,0.0,0.0,1.0,0.9999999999999999,-1.05,0.0
1770415536.812303,17,155,0.0,0.0,0.0,0.0,1.0,0.9999999999999999,-1.05,0.0
1770415536.8134456,17,156,0.0,0.0,0.0,0.0,1.0,0.9999999999999999,-1.05,0.0
1770415536.8146293,17,157,0.0,0.0,0.0,0.0,1.0,0.9999999999999999,-1.05,0.0
1770415536.8157816,17,158,0.0,0.0,0.0,0.0,1.0,0.9999999999999999,-1.05,0.0
1770415536.8168273,17,159,0.0,0.0,0.0,0.0,1.0,0.9999999999999999,-1.05,0.0
1770415536.8179653,17,160,0.0,0.0,0.0,0.0,1.0,0.9999999999999999,-1.05,0.0
1770415536.8191583,17,161,0.0,0.0,0.0,0.0,1.0,0.9999999999999999,-1.05,0.0
1770415536.8202758,17,162,0.0,0.0,0.0,0.0,1.0,0.9999999999999999,-1.05,0.0
1770415536.8213823,17,163,0.0,0.0,0.0,0.0,1.0,0.9999999999999999,-1.05,0.0
1770415536.8224325,17,164,0.0,0.0,0.0,0.0,1.0,0.9999999999999999,-1.05,0.0
1770415536.823617,17,165,0.0,0.0,0.0,0.0,1.0,0.9999999999999999,-1.05,0.0
1770415536.824724,17,166,0.0,0.0,0.0,0.0,1.0,0.9999999999999999,-1.05,0.0
1770415536.8256757,17,167,0.0,0.0,0.0,0.0,1.0,0.9999999999999999,-1.05,0.0
1770415536.8266606,17,168,0.0,0.0,0.0,0.0,1.0,0.9999999999999999,-1.05,0.0
1770415536.8277032,17,169,0.0,0.0,0.0,0.0,1.0,0.9999999999999999,-1.05,0.0
1770415536.8287086,17,170,0.0,0.0,0.0,0.0,1.0,0.9999999999999999,-1.05,0.0
1770415536.8296556,17,171,0.0,0.0,0.0,0.0,1.0,0.9999999999999999,-1.05,0.0
1770415536.8304882,17,172,0.0,0.0,0.0,0.0,1.0,0.9999999999999999,-1.05,0.0
1770415536.831529,17,173,0.0,0.0,0.0,0.0,1.0,0.9999999999999999,-1.05,0.0
1770415536.8325324,17,174,0.0,0.0,0.0,0.0,1.0,0.9999999999999999,-1.05,0.0
1770415536.8335795,17,175,0.0,0.0,0.0,0.0,1.0,0.9999999999999999,-1.05,0.0
1770415536.8346581,17,176,0.0,0.0,0.0,0.0,1.0,0.9999999999999999,-1.05,0.0
1770415536.8356056,17,177,0.0,0.0,0.0,0.0,1.0,0.9999999999999999,-1.05,0.0
1770415536.8366723,17,178,0.0,0.0,0.0,0.0,1.0,0.9999999999999999,-1.05,0.0
1770415536.8375797,17,179,0.0,0.0,0.0,0.0,1.0,0.9999999999999999,-1.05,0.0
1770415536.8384311,17,180,0.0,0.0,0.0,0.0,1.0,0.9999999999999999,-1.05,0.0
1770415536.8393219,17,181,0.0,0.0,0.0,0.0,1.0,0.9999999999999999,-1.05,0.0
1770415536.8402708,17,182,0.0,0.0,0.0,0.0,1.0,0.9999999999999999,-1.05,0.0
1770415536.8412278,17,183,0.0,0.0,0.0,0.0,1.0,0.9999999999999999,-1.05,0.0
1770415536.8421674,17,184,0.0,0.0,0.0,0.0,1.0,0.9999999999999999,-1.05,0.0
1770415536.8430817,17,185,0.0,0.0,0.0,0.0,1.0,0.9999999999999999,-1.05,0.0
1770415536.8440063,17,186,0.0,0.0,0.0,0.0,1.0,0.9999999999999999,-1.05,0.0
1770415536.8450115,17,187,0.0,0.0,0.0,0.0,1.0,0.9999999999999999,-1.05,0.0
1770415536.8459442,17,188,0.0,0.0,0.0,0.0,1.0,0.9999999999999999,-1.05,0.0
1770415536.846977,17,189,0.0,0.0,0.0,0.0,1.0,0.9999999999999999,-1.05,0.0
1770415536.8478277,17,190,0.0,0.0,0.0,0.0,1.0,0.9999999999999999,-1.05,0.0
1770415536.8489723,17,191,0.0,0.0,0.0,0.0,1.0,0.9999999999999999,-1.05,0.0
1770415536.850005,17,192,0.0,0.0,0.0,0.0,1.0,0.9999999999999999,-1.05,0.0
1770415536.8510487,17,193,0.0,0.0,0.0,0.0,1.0,0.9999999999999999,-1.05,0.0
1770415536.8520384,17,194,0.0,0.0,0.0,0.0,1.0,0.9999999999999999,-1.05,0.0
1770415536.8530455,17,195,0.0,0.0,0.0,0.0,1.0,0.9999999999999999,-1.05,0.0
1770415536.8541028,17,196,0.0,0.0,0.0,0.0,1.0,0.9999999999999999,-1.05,0.0
1770415536.855028,17,197,0.0,0.0,0.0,0.0,1.0,0.9999999999999999,-1.05,0.0
1770415536.8559651,17,198,0.0,0.0,0.0,0.0,1.0,0.9999999999999999,-1.05,0.0
1770415536.857036,17,199,0.0,0.0,0.0,0.0,1.0,0.9999999999999999,-1.05,0.0
1770415536.8580256,17,200,0.0,0.0,0.0,0.0,1.0,0.9999999999999999,-1.05,0.0
1770415536.9056277,18,0,0.0,0.0,0.0,0.0,1.0,0.0,0.0,0.0
1770415536.906758,18,1,0.0,0.0,0.0,0.0,1.0,0.9999999999999999,-0.049999999999999996,0.0
1770415536.9079163,18,2,0.0,0.0,0.0,0.0,1.0,0.9999999999999999,-0.049999999999999996,0.0
1770415536.9089506,18,3,0.0,0.0,0.0,0.0,1.0,0.9999999999999999,-0.049999999999999996,0.0
1770415536.909987,18,4,0.0,0.0,0.0,0.0,1.0,0.9999999999999999,-0.049999999999999996,0.0
1770415536.9112551,18,5,0.0,0.0,0.0,0.0,1.0,0.9999999999999999,-0.049999999999999996,0.0
1770415536.9125218,18,6,0.0,0.0,0.0,0.0,1.0,0.9999999999999999,-1.05,0.0
1770415536.913635,18,7,0.0,0.0,0.0,0.0,1.0,0.9999999999999999,-1.05,0.0
1770415536.9146478,18,8,0.0,0.0,0.0,0.0,1.0,0.9999999999999999,-1.05,0.0
1770415536.9155893,18,9,0.0,0.0,0.0,0.0,1.0,0.9999999999999999,-1.05,0.0
1770415536.9165137,18,10,0.0,0.0,0.0,0.0,1.0,0.9999999999999999,-1.05,0.0
1770415536.9176064,18,11,0.0,0.0,0.0,0.0,1.0,0.9999999999999999,-1.05,0.0
1770415536.9188724,18,12,0.0,0.0,0.0,0.0,1.0,0.9999999999999999,-1.05,0.0
1770415536.9199219,18,13,0.0,0.0,0.0,0.0,1.0,0.9999999999999999,-1.05,0.0
1770415536.9209325,18,14,0.0,0.0,0.0,0.0,1.0,0.9999999999999999,-1.05,0.0
1770415536.921958,18,15,0.0,0.0,0.0,0.0,1.0,0.9999999999999999,-1.05,0.0
1770415536.923167,18,16,0.0,0.0,0.0,0.0,1.0,0.9999999999999999,-1.05,0.0
1770415536.924148,18,17,0.0,0.0,0.0,0.0,1.0,0.9999999999999999,-1.05,0.0
1770415536.925395,18,18,0.0,0.0,0.0,0.0,1.0,0.9999999999999999,-1.05,0.0
1770415536.9265878,18,19,0.0,0.0,0.0,0.0,1.0,0.9999999999999999,-1.05,0.0
1770415536.9277234,18,20,0.0,0.0,0.0,0.0,1.0,0.9999999999999999,-1.05,0.0
1770415536.9287465,18,21,0.0,0.0,0.0,0.0,1.0,0.9999999999999999,-1.05,0.0
1770415536.9300408,18,22,0.0,0.0,0.0,0.0,1.0,0.9999999999999999,-1.05,0.0
1770415536.9309847,18,23,0.0,0.0,0.0,0.0,1.0,0.9999999999999999,-1.05,0.0
1770415536.9320905,18,24,0.0,0.0,0.0,0.0,1.0,0.9999999999999999,-1.05,0.0
1770415536.933197,18,25,0.0,0.0,0.0,0.0,1.0,0.9999999999999999,-1.05,0.0
1770415536.9342594,18,26,0.0,0.0,0.0,0.0,1.0,0.9999999999999999,-1.05,0.0
1770415536.9354086,18,27,0.0,0.0,0.0,0.0,1.0,0.9999999999999999,-1.05,0.0
1770415536.936362,18,28,0.0,0.0,0.0,0.0,1.0,0.9999999999999999,-1.05,0.0
1770415536.9375608,18,29,0.0,0.0,0.0,0.0,1.0,0.9999999999999999,-1.05,0.0
1770415536.9385223,18,30,0.0,0.0,0.0,0.0,1.0,0.9999999999999999,-1.05,0.0
1770415536.939477,18,31,0.0,0.0,0.0,0.0,1.0,0.9999999999999999,-1.05,0.0
1770415536.940524,18,32,0.0,0.0,0.0,0.0,1.0,0.9999999999999999,-1.05,0.0
1770415536.9416373,18,33,0.0,0.0,0.0,0.0,1.0,0.9999999999999999,-1.05,0.0
1770415536.9426894,18,34,0.0,0.0,0.0,0.0,1.0,0.9999999999999999,-1.05,0.0
1770415536.9437652,18,35,0.0,0.0,0.0,0.0,1.0,0.9999999999999999,-1.05,0.0
1770415536.9447258,18,36,0.0,0.0,0.0,0.0,1.0,0.9999999999999999,-1.05,0.0
1770415536.9455435,18,37,0.0,0.0,0.0,0.0,1.0,0.9999999999999999,-1.05,0.0
1770415536.9462953,18,38,0.0,0.0,0.0,0.0,1.0,0.9999999999999999,-1.05,0.0
1770415536.9476948,18,39,0.0,0.0,0.0,0.0,1.0,0.9999999999999999,-1.05,0.0
1770415536.948597,18,40,0.0,0.0,0.0,0.0,1.0,0.9999999999999999,-1.05,0.0
1770415536.949609,18,41,0.0,0.0,0.0,0.0,1.0,0.9999999999999999,-1.05,0.0
1770415536.9505627,18,42,0.0,0.0,0.0,0.0,1.0,0.9999999999999999,-1.05,0.0
1770415536.9517283,18,43,0.0,0.0,0.0,0.0,1.0,0.9999999999999999,-1.05,0.0
1770415536.9528008,18,44,0.0,0.0,0.0,0.0,1.0,0.9999999999999999,-1.05,0.0
1770415536.9539223,18,45,0.0,0.0,0.0,0.0,1.0,0.9999999999999999,-1.05,0.0
1770415536.955855,18,46,0.0,0.0,0.0,0.0,1.0,0.9999999999999999,-1.05,0.0
1770415536.9578562,18,47,0.0,0.0,0.0,0.0,1.0,0.9999999999999999,-1.05,0.0
1770415536.959872,18,48,0.0,0.0,0.0,0.0,1.0,0.9999999999999999,-1.05,0.0
1770415536.9618826,18,49,0.0,0.0,0.0,0.0,1.0,0.9999999999999999,-1.05,0.0
1770415536.9638917,18,50,0.0,0.0,0.0,0.0,1.0,0.9999999999999999,-1.05,0.0
1770415536.9651754,18,51,0.0,0.0,0.0,0.0,1.0,0.9999999999999999,-1.05,0.0
1770415536.9667091,18,52,0.0,0.0,0.0,0.0,1.0,0.9999999999999999,-1.05,0.0
1770415536.9680827,18,53,0.0,0.0,0.0,0.0,1.0,0.9999999999999999,-1.05,0.0
1770415536.969187,18,54,0.0,0.0,0.0,0.0,1.0,0.9999999999999999,-1.05,0.0
1770415536.9701865,18,55,0.0,0.0,0.0,0.0,1.0,0.9999999999999999,-1.05,0.0
1770415536.9712737,18,56,0.0,0.0,0.0,0.0,1.0,0.9999999999999999,-1.05,0.0
1770415536.9724274,18,57,0.0,0.0,0.0,0.0,1.0,0.9999999999999999,-1.05,0.0
1770415536.9735134,18,58,0.0,0.0,0.0,0.0,1.0,0.9999999999999999,-1.05,0.0
1770415536.9745495,18,59,0.0,0.0,0.0,0.0,1.0,0.9999999999999999,-1.05,0.0
1770415536.9755821,18,60,0.0,0.0,0.0,0.0,1.0,0.9999999999999999,-1.05,0.0
1770415536.9765217,18,61,0.0,0.0,0.0,0.0,1.0,0.9999999999999999,-1.05,0.0
1770415536.9774034,18,62,0.0,0.0,0.0,0.0,1.0,0.9999999999999999,-1.05,0.0
1770415536.9783235,18,63,0.0,0.0,0.0,0.0,1.0,0.9999999999999999,-1.05,0.0
1770415536.9793606,18,64,0.0,0.0,0.0,0.0,1.0,0.9999999999999999,-1.05,0.0
1770415536.9804022,18,65,0.0,0.0,0.0,0.0,1.0,0.9999999999999999,-1.05,0.0
1770415536.9813783,18,66,0.0,0.0,0.0,0.0,1.0,0.9999999999999999,-1.05,0.0
1770415536.9825819,18,67,0.0,0.0,0.0,0.0,1.0,0.9999999999999999,-1.05,0.0
1770415536.9835594,18,68,0.0,0.0,0.0,0.0,1.0,0.9999999999999999,-1.05,0.0
1770415536.9844117,18,69,0.0,0.0,0.0,0.0,1.0,0.9999999999999999,-1.05,0.0
1770415536.9863496,18,70,0.0,0.0,0.0,0.0,1.0,0.9999999999999999,-1.05,0.0
1770415536.9874423,18,71,0.0,0.0,0.0,0.0,1.0,0.9999999999999999,-1.05,0.0
1770415536.9891298,18,72,0.0,0.0,0.0,0.0,1.0,0.9999999999999999,-1.05,0.0
1770415536.990053,18,73,0.0,0.0,0.0,0.0,1.0,0.9999999999999999,-1.05,0.0
1770415536.9909828,18,74,0.0,0.0,0.0,0.0,1.0,0.9999999999999999,-1.05,0.0
1770415536.991829,18,75,0.0,0.0,0.0,0.0,1.0,0.9999999999999999,-1.05,0.0
1770415536.9926603,18,76,0.0,0.0,0.0,0.0,1.0,0.9999999999999999,-1.05,0.0
1770415536.9937646,18,77,0.0,0.0,0.0,0.0,1.0,0.9999999999999999,-1.05,0.0
1770415536.9948144,18,78,0.0,0.0,0.0,0.0,1.0,0.9999999999999999,-1.05,0.0
1770415536.995814,18,79,0.0,0.0,0.0,0.0,1.0,0.9999999999999999,-1.05,0.0
1770415536.9976857,18,80,0.0,0.0,0.0,0.0,1.0,0.9999999999999999,-1.05,0.0
1770415536.9996903,18,81,0.0,0.0,0.0,0.0,1.0,0.9999999999999999,-1.05,0.0
1770415537.001115,18,82,0.0,0.0,0.0,0.0,1.0,0.9999999999999999,-1.05,0.0
1770415537.0020216,18,83,0.0,0.0,0.0,0.0,1.0,0.9999999999999999,-1.05,0.0
1770415537.0029585,18,84,0.0,0.0,0.0,0.0,1.0,0.9999999999999999,-1.05,0.0
1770415537.0039604,18,85,0.0,0.0,0.0,0.0,1.0,0.9999999999999999,-1.05,0.0
1770415537.00564,18,86,0.0,0.0,0.0,0.0,1.0,0.9999999999999999,-1.05,0.0
1770415537.0065405,18,87,0.0,0.0,0.0,0.0,1.0,0.9999999999999999,-1.05,0.0
1770415537.0076156,18,88,0.0,0.0,0.0,0.0,1.0,0.9999999999999999,-1.05,0.0
1770415537.0085657,18,89,0.0,0.0,0.0,0.0,1.0,0.9999999999999999,-1.05,0.0
1770415537.0096037,18,90,0.0,0.0,0.0,0.0,1.0,0.9999999999999999,-1.05,0.0
1770415537.010606,18,91,0.0,0.0,0.0,0.0,1.0,0.9999999999999999,-1.05,0.0
1770415537.0116396,18,92,0.0,0.0,0.0,0.0,1.0,0.9999999999999999,-1.05,0.0
1770415537.012556,18,93,0.0,0.0,0.0,0.0,1.0,0.9999999999999999,-1.05,0.0
1770415537.0134907,18,94,0.0,0.0,0.0,0.0,1.0,0.9999999999999999,-1.05,0.0
1770415537.0154755,18,95,0.0,0.0,0.0,0.0,1.0,0.9999999999999999,-1.05,0.0
1770415537.017572,18,96,0.0,0.0,0.0,0.0,1.0,0.9999999999999999,-1.05,0.0
1770415537.0194206,18,97,0.0,0.0,0.0,0.0,1.0,0.9999999999999999,-1.05,0.0
1770415537.0212843,18,98,0.0,0.0,0.0,0.0,1.0,0.9999999999999999,-1.05,0.0
1770415537.0228276,18,99,0.0,0.0,0.0,0.0,1.0,0.9999999999999999,-1.05,0.0
1770415537.0240326,18,100,0.0,0.0,0.0,0.0,1.0,0.9999999999999999,-1.05,0.0
1770415537.0250993,18,101,0.0,0.0,0.0,0.0,1.0,0.9999999999999999,-1.05,0.0
1770415537.02613,18,102,0.0,0.0,0.0,0.0,1.0,0.9999999999999999,-1.05,0.0
1770415537.0273223,18,103,0.0,0.0,0.0,0.0,1.0,0.9999999999999999,-1.05,0.0
1770415537.028591,18,104,0.0,0.0,0.0,0.0,1.0,0.9999999999999999,-1.05,0.0
1770415537.0295496,18,105,0.0,0.0,0.0,0.0,1.0,0.9999999999999999,-1.05,0.0
1770415537.0303874,18,106,0.0,0.0,0.0,0.0,1.0,0.9999999999999999,-1.05,0.0
1770415537.0316072,18,107,0.0,0.0,0.0,0.0,1.0,0.9999999999999999,-1.05,0.0
1770415537.0326722,18,108,0.0,0.0,0.0,0.0,1.0,0.9999999999999999,-1.05,0.0
1770415537.0336647,18,109,0.0,0.0,0.0,0.0,1.0,0.9999999999999999,-1.05,0.0
1770415537.0346403,18,110,0.0,0.0,0.0,0.0,1.0,0.9999999999999999,-1.05,0.0
1770415537.0356753,18,111,0.0,0.0,0.0,0.0,1.0,0.9999999999999999,-1.05,0.0
1770415537.0367084,18,112,0.0,0.0,0.0,0.0,1.0,0.9999999999999999,-1.05,0.0
1770415537.0376034,18,113,0.0,0.0,0.0,0.0,1.0,0.9999999999999999,-1.05,0.0
1770415537.038662,18,114,0.0,0.0,0.0,0.0,1.0,0.9999999999999999,-1.05,0.0
1770415537.0397072,18,115,0.0,0.0,0.0,0.0,1.0,0.9999999999999999,-1.05,0.0
1770415537.040771,18,116,0.0,0.0,0.0,0.0,1.0,0.9999999999999999,-1.05,0.0
1770415537.0415785,18,117,0.0,0.0,0.0,0.0,1.0,0.9999999999999999,-1.05,0.0
1770415537.042631,18,118,0.0,0.0,0.0,0.0,1.0,0.9999999999999999,-1.05,0.0
1770415537.0437038,18,119,0.0,0.0,0.0,0.0,1.0,0.9999999999999999,-1.05,0.0
1770415537.0447206,18,120,0.0,0.0,0.0,0.0,1.0,0.9999999999999999,-1.05,0.0
1770415537.0456834,18,121,0.0,0.0,0.0,0.0,1.0,0.9999999999999999,-1.05,0.0
1770415537.0467165,18,122,0.0,0.0,0.0,0.0,1.0,0.9999999999999999,-1.05,0.0
1770415537.0477247,18,123,0.0,0.0,0.0,0.0,1.0,0.9999999999999999,-1.05,0.0
1770415537.0489662,18,124,0.0,0.0,0.0,0.0,1.0,0.9999999999999999,-1.05,0.0
1770415537.0500684,18,125,0.0,0.0,0.0,0.0,1.0,0.9999999999999999,-1.05,0.0
1770415537.0510051,18,126,0.0,0.0,0.0,0.0,1.0,0.9999999999999999,-1.05,0.0
1770415537.0519505,18,127,0.0,0.0,0.0,0.0,1.0,0.9999999999999999,-1.05,0.0
1770415537.052981,18,128,0.0,0.0,0.0,0.0,1.0,0.9999999999999999,-1.05,0.0
1770415537.054051,18,129,0.0,0.0,0.0,0.0,1.0,0.9999999999999999,-1.05,0.0
1770415537.0551448,18,130,0.0,0.0,0.0,0.0,1.0,0.9999999999999999,-1.05,0.0
1770415537.0562837,18,131,0.0,0.0,0.0,0.0,1.0,0.9999999999999999,-1.05,0.0
1770415537.0572984,18,132,0.0,0.0,0.0,0.0,1.0,0.9999999999999999,-1.05,0.0
1770415537.0584137,18,133,0.0,0.0,0.0,0.0,1.0,0.9999999999999999,-1.05,0.0
1770415537.0594032,18,134,0.0,0.0,0.0,0.0,1.0,0.9999999999999999,-1.05,0.0
1770415537.0605638,18,135,0.0,0.0,0.0,0.0,1.0,0.9999999999999999,-1.05,0.0
1770415537.0614817,18,136,0.0,0.0,0.0,0.0,1.0,0.9999999999999999,-1.05,0.0
1770415537.0623388,18,137,0.0,0.0,0.0,0.0,1.0,0.9999999999999999,-1.05,0.0
1770415537.0632741,18,138,0.0,0.0,0.0,0.0,1.0,0.9999999999999999,-1.05,0.0
1770415537.0643208,18,139,0.0,0.0,0.0,0.0,1.0,0.9999999999999999,-1.05,0.0
1770415537.0650795,18,140,0.0,0.0,0.0,0.0,1.0,0.9999999999999999,-1.05,0.0
1770415537.0657446,18,141,0.0,0.0,0.0,0.0,1.0,0.9999999999999999,-1.05,0.0
1770415537.0665545,18,142,0.0,0.0,0.0,0.0,1.0,0.9999999999999999,-1.05,0.0
1770415537.0672636,18,143,0.0,0.0,0.0,0.0,1.0,0.9999999999999999,-1.05,0.0
1770415537.0680432,18,144,0.0,0.0,0.0,0.0,1.0,0.9999999999999999,-1.05,0.0
1770415537.0687387,18,145,0.0,0.0,0.0,0.0,1.0,0.9999999999999999,-1.05,0.0
1770415537.0694683,18,146,0.0,0.0,0.0,0.0,1.0,0.9999999999999999,-1.05,0.0
1770415537.0701911,18,147,0.0,0.0,0.0,0.0,1.0,0.9999999999999999,-1.05,0.0
1770415537.0708926,18,148,0.0,0.0,0.0,0.0,1.0,0.9999999999999999,-1.05,0.0
1770415537.0715137,18,149,0.0,0.0,0.0,0.0,1.0,0.9999999999999999,-1.05,0.0
1770415537.0722337,18,150,0.0,0.0,0.0,0.0,1.0,0.9999999999999999,-1.05,0.0
1770415537.0729966,18,151,0.0,0.0,0.0,0.0,1.0,0.9999999999999999,-1.05,0.0
1770415537.0736682,18,152,0.0,0.0,0.0,0.0,1.0,0.9999999999999999,-1.05,0.0
1770415537.0743163,18,153,0.0,0.0,0.0,0.0,1.0,0.9999999999999999,-1.05,0.0
1770415537.0750525,18,154,0.0,0.0,0.0,0.0,1.0,0.9999999999999999,-1.05,0.0
1770415537.0757089,18,155,0.0,0.0,0.0,0.0,1.0,0.9999999999999999,-1.05,0.0
1770415537.076457,18,156,0.0,0.0,0.0,0.0,1.0,0.9999999999999999,-1.05,0.0
1770415537.0771828,18,157,0.0,0.0,0.0,0.0,1.0,0.9999999999999999,-1.05,0.0
1770415537.0779412,18,158,0.0,0.0,0.0,0.0,1.0,0.9999999999999999,-1.05,0.0
1770415537.0787113,18,159,0.0,0.0,0.0,0.0,1.0,0.9999999999999999,-1.05,0.0
1770415537.0794697,18,160,0.0,0.0,0.0,0.0,1.0,0.9999999999999999,-1.05,0.0
1770415537.0801308,18,161,0.0,0.0,0.0,0.0,1.0,0.9999999999999999,-1.05,0.0
1770415537.080769,18,162,0.0,0.0,0.0,0.0,1.0,0.9999999999999999,-1.05,0.0
1770415537.0814137,18,163,0.0,0.0,0.0,0.0,1.0,0.9999999999999999,-1.05,0.0
1770415537.082102,18,164,0.0,0.0,0.0,0.0,1.0,0.9999999999999999,-1.05,0.0
1770415537.0828445,18,165,0.0,0.0,0.0,0.0,1.0,0.9999999999999999,-1.05,0.0
1770415537.083528,18,166,0.0,0.0,0.0,0.0,1.0,0.9999999999999999,-1.05,0.0
1770415537.0842826,18,167,0.0,0.0,0.0,0.0,1.0,0.9999999999999999,-1.05,0.0
1770415537.0851521,18,168,0.0,0.0,0.0,0.0,1.0,0.9999999999999999,-1.05,0.0
1770415537.0860913,18,169,0.0,0.0,0.0,0.0,1.0,0.9999999999999999,-1.05,0.0
1770415537.086987,18,170,0.0,0.0,0.0,0.0,1.0,0.9999999999999999,-1.05,0.0
1770415537.088173,18,171,0.0,0.0,0.0,0.0,1.0,0.9999999999999999,-1.05,0.0
1770415537.089284,18,172,0.0,0.0,0.0,0.0,1.0,0.9999999999999999,-1.05,0.0
1770415537.0903912,18,173,0.0,0.0,0.0,0.0,1.0,0.9999999999999999,-1.05,0.0
1770415537.0913987,18,174,0.0,0.0,0.0,0.0,1.0,0.9999999999999999,-1.05,0.0
1770415537.0924597,18,175,0.0,0.0,0.0,0.0,1.0,0.9999999999999999,-1.05,0.0
1770415537.0933893,18,176,0.0,0.0,0.0,0.0,1.0,0.9999999999999999,-1.05,0.0
1770415537.0946178,18,177,0.0,0.0,0.0,0.0,1.0,0.9999999999999999,-1.05,0.0
1770415537.095545,18,178,0.0,0.0,0.0,0.0,1.0,0.9999999999999999,-1.05,0.0
1770415537.0964806,18,179,0.0,0.0,0.0,0.0,1.0,0.9999999999999999,-1.05,0.0
1770415537.0975134,18,180,0.0,0.0,0.0,0.0,1.0,0.9999999999999999,-1.05,0.0
1770415537.098635,18,181,0.0,0.0,0.0,0.0,1.0,0.9999999999999999,-1.05,0.0
1770415537.0997968,18,182,0.0,0.0,0.0,0.0,1.0,0.9999999999999999,-1.05,0.0
1770415537.100852,18,183,0.0,0.0,0.0,0.0,1.0,0.9999999999999999,-1.05,0.0
1770415537.1021116,18,184,0.0,0.0,0.0,0.0,1.0,0.9999999999999999,-1.05,0.0
1770415537.103298,18,185,0.0,0.0,0.0,0.0,1.0,0.9999999999999999,-1.05,0.0
1770415537.1046708,18,186,0.0,0.0,0.0,0.0,1.0,0.9999999999999999,-1.05,0.0
1770415537.1056507,18,187,0.0,0.0,0.0,0.0,1.0,0.9999999999999999,-1.05,0.0
1770415537.1064622,18,188,0.0,0.0,0.0,0.0,1.0,0.9999999999999999,-1.05,0.0
1770415537.107443,18,189,0.0,0.0,0.0,0.0,1.0,0.9999999999999999,-1.05,0.0
1770415537.1086173,18,190,0.0,0.0,0.0,0.0,1.0,0.9999999999999999,-1.05,0.0
1770415537.1095204,18,191,0.0,0.0,0.0,0.0,1.0,0.9999999999999999,-1.05,0.0
1770415537.1106029,18,192,0.0,0.0,0.0,0.0,1.0,0.9999999999999999,-1.05,0.0
1770415537.1118426,18,193,0.0,0.0,0.0,0.0,1.0,0.9999999999999999,-1.05,0.0
1770415537.1129482,18,194,0.0,0.0,0.0,0.0,1.0,0.9999999999999999,-1.05,0.0
1770415537.1141152,18,195,0.0,0.0,0.0,0.0,1.0,0.9999999999999999,-1.05,0.0
1770415537.115213,18,196,0.0,0.0,0.0,0.0,1.0,0.9999999999999999,-1.05,0.0
1770415537.1161895,18,197,0.0,0.0,0.0,0.0,1.0,0.9999999999999999,-1.05,0.0
1770415537.1171887,18,198,0.0,0.0,0.0,0.0,1.0,0.9999999999999999,-1.05,0.0
1770415537.1184335,18,199,0.0,0.0,0.0,0.0,1.0,0.9999999999999999,-1.05,0.0
1770415537.1194997,18,200,0.0,0.0,0.0,0.0,1.0,0.9999999999999999,-1.05,0.0
1770415537.1702108,19,0,0.0,0.0,0.0,0.0,1.0,0.0,0.0,0.0
1770415537.1715057,19,1,0.0,0.0,0.0,0.0,1.0,0.9999999999999999,-0.049999999999999996,0.0
1770415537.172455,19,2,0.0,0.0,0.0,0.0,1.0,0.9999999999999999,-0.049999999999999996,0.0
1770415537.1734807,19,3,0.0,0.0,0.0,0.0,1.0,0.9999999999999999,-0.049999999999999996,0.0
1770415537.1745307,19,4,0.0,0.0,0.0,0.0,1.0,0.9999999999999999,-0.049999999999999996,0.0
1770415537.176468,19,5,0.0,0.0,0.0,0.0,1.0,0.9999999999999999,-0.049999999999999996,0.0
1770415537.178535,19,6,0.0,0.0,0.0,0.0,1.0,0.9999999999999999,-1.05,0.0
1770415537.1797357,19,7,0.0,0.0,0.0,0.0,1.0,0.9999999999999999,-1.05,0.0
1770415537.1807482,19,8,0.0,0.0,0.0,0.0,1.0,0.9999999999999999,-1.05,0.0
1770415537.1817045,19,9,0.0,0.0,0.0,0.0,1.0,0.9999999999999999,-1.05,0.0
1770415537.182718,19,10,0.0,0.0,0.0,0.0,1.0,0.9999999999999999,-1.05,0.0
1770415537.183668,19,11,0.0,0.0,0.0,0.0,1.0,0.9999999999999999,-1.05,0.0
1770415537.1845853,19,12,0.0,0.0,0.0,0.0,1.0,0.9999999999999999,-1.05,0.0
1770415537.1856003,19,13,0.0,0.0,0.0,0.0,1.0,0.9999999999999999,-1.05,0.0
1770415537.1865404,19,14,0.0,0.0,0.0,0.0,1.0,0.9999999999999999,-1.05,0.0
1770415537.1875944,19,15,0.0,0.0,0.0,0.0,1.0,0.9999999999999999,-1.05,0.0
1770415537.1885722,19,16,0.0,0.0,0.0,0.0,1.0,0.9999999999999999,-1.05,0.0
1770415537.1897678,19,17,0.0,0.0,0.0,0.0,1.0,0.9999999999999999,-1.05,0.0
1770415537.1907325,19,18,0.0,0.0,0.0,0.0,1.0,0.9999999999999999,-1.05,0.0
1770415537.1916544,19,19,0.0,0.0,0.0,0.0,1.0,0.9999999999999999,-1.05,0.0
1770415537.192646,19,20,0.0,0.0,0.0,0.0,1.0,0.9999999999999999,-1.05,0.0
1770415537.193663,19,21,0.0,0.0,0.0,0.0,1.0,0.9999999999999999,-1.05,0.0
1770415537.1945198,19,22,0.0,0.0,0.0,0.0,1.0,0.9999999999999999,-1.05,0.0
1770415537.1953998,19,23,0.0,0.0,0.0,0.0,1.0,0.9999999999999999,-1.05,0.0
1770415537.1974974,19,24,0.0,0.0,0.0,0.0,1.0,0.9999999999999999,-1.05,0.0
1770415537.1994734,19,25,0.0,0.0,0.0,0.0,1.0,0.9999999999999999,-1.05,0.0
1770415537.2004397,19,26,0.0,0.0,0.0,0.0,1.0,0.9999999999999999,-1.05,0.0
1770415537.2015007,19,27,0.0,0.0,0.0,0.0,1.0,0.9999999999999999,-1.05,0.0
1770415537.2026389,19,28,0.0,0.0,0.0,0.0,1.0,0.9999999999999999,-1.05,0.0
1770415537.2037752,19,29,0.0,0.0,0.0,0.0,1.0,0.9999999999999999,-1.05,0.0
1770415537.2047563,19,30,0.0,0.0,0.0,0.0,1.0,0.9999999999999999,-1.05,0.0
1770415537.2059462,19,31,0.0,0.0,0.0,0.0,1.0,0.9999999999999999,-1.05,0.0
1770415537.2070932,19,32,0.0,0.0,0.0,0.0,1.0,0.9999999999999999,-1.05,0.0
1770415537.2081854,19,33,0.0,0.0,0.0,0.0,1.0,0.9999999999999999,-1.05,0.0
1770415537.2092295,19,34,0.0,0.0,0.0,0.0,1.0,0.9999999999999999,-1.05,0.0
1770415537.210436,19,35,0.0,0.0,0.0,0.0,1.0,0.9999999999999999,-1.05,0.0
1770415537.2116082,19,36,0.0,0.0,0.0,0.0,1.0,0.9999999999999999,-1.05,0.0
1770415537.2126484,19,37,0.0,0.0,0.0,0.0,1.0,0.9999999999999999,-1.05,0.0
1770415537.2137542,19,38,0.0,0.0,0.0,0.0,1.0,0.9999999999999999,-1.05,0.0
1770415537.2148569,19,39,0.0,0.0,0.0,0.0,1.0,0.9999999999999999,-1.05,0.0
1770415537.2162259,19,40,0.0,0.0,0.0,0.0,1.0,0.9999999999999999,-1.05,0.0
1770415537.2171712,19,41,0.0,0.0,0.0,0.0,1.0,0.9999999999999999,-1.05,0.0
1770415537.2183993,19,42,0.0,0.0,0.0,0.0,1.0,0.9999999999999999,-1.05,0.0
1770415537.2196538,19,43,0.0,0.0,0.0,0.0,1.0,0.9999999999999999,-1.05,0.0
1770415537.2205343,19,44,0.0,0.0,0.0,0.0,1.0,0.9999999999999999,-1.05,0.0
1770415537.2215393,19,45,0.0,0.0,0.0,0.0,1.0,0.9999999999999999,-1.05,0.0
1770415537.2226872,19,46,0.0,0.0,0.0,0.0,1.0,0.9999999999999999,-1.05,0.0
1770415537.2237191,19,47,0.0,0.0,0.0,0.0,1.0,0.9999999999999999,-1.05,0.0
1770415537.2247314,19,48,0.0,0.0,0.0,0.0,1.0,0.9999999999999999,-1.05,0.0
1770415537.2255561,19,49,0.0,0.0,0.0,0.0,1.0,0.9999999999999999,-1.05,0.0
1770415537.226686,19,50,0.0,0.0,0.0,0.0,1.0,0.9999999999999999,-1.05,0.0
1770415537.2279491,19,51,0.0,0.0,0.0,0.0,1.0,0.9999999999999999,-1.05,0.0
1770415537.228998,19,52,0.0,0.0,0.0,0.0,1.0,0.9999999999999999,-1.05,0.0
1770415537.230165,19,53,0.0,0.0,0.0,0.0,1.0,0.9999999999999999,-1.05,0.0
1770415537.2311711,19,54,0.0,0.0,0.0,0.0,1.0,0.9999999999999999,-1.05,0.0
1770415537.2321746,19,55,0.0,0.0,0.0,0.0,1.0,0.9999999999999999,-1.05,0.0
1770415537.2329574,19,56,0.0,0.0,0.0,0.0,1.0,0.9999999999999999,-1.05,0.0
1770415537.2338448,19,57,0.0,0.0,0.0,0.0,1.0,0.9999999999999999,-1.05,0.0
1770415537.2347972,19,58,0.0,0.0,0.0,0.0,1.0,0.9999999999999999,-1.05,0.0
1770415537.235767,19,59,0.0,0.0,0.0,0.0,1.0,0.9999999999999999,-1.05,0.0
1770415537.2367394,19,60,0.0,0.0,0.0,0.0,1.0,0.9999999999999999,-1.05,0.0
1770415537.2380795,19,61,0.0,0.0,0.0,0.0,1.0,0.9999999999999999,-1.05,0.0
1770415537.2402291,19,62,0.0,0.0,0.0,0.0,1.0,0.9999999999999999,-1.05,0.0
1770415537.2415268,19,63,0.0,0.0,0.0,0.0,1.0,0.9999999999999999,-1.05,0.0
1770415537.2428017,19,64,0.0,0.0,0.0,0.0,1.0,0.9999999999999999,-1.05,0.0
1770415537.2437897,19,65,0.0,0.0,0.0,0.0,1.0,0.9999999999999999,-1.05,0.0
1770415537.24468,19,66,0.0,0.0,0.0,0.0,1.0,0.9999999999999999,-1.05,0.0
1770415537.245579,19,67,0.0,0.0,0.0,0.0,1.0,0.9999999999999999,-1.05,0.0
1770415537.2467892,19,68,0.0,0.0,0.0,0.0,1.0,0.9999999999999999,-1.05,0.0
1770415537.2478514,19,69,0.0,0.0,0.0,0.0,1.0,0.9999999999999999,-1.05,0.0
1770415537.2489548,19,70,0.0,0.0,0.0,0.0,1.0,0.9999999999999999,-1.05,0.0
1770415537.2501948,19,71,0.0,0.0,0.0,0.0,1.0,0.9999999999999999,-1.05,0.0
1770415537.2513893,19,72,0.0,0.0,0.0,0.0,1.0,0.9999999999999999,-1.05,0.0
1770415537.252579,19,73,0.0,0.0,0.0,0.0,1.0,0.9999999999999999,-1.05,0.0
1770415537.2535393,19,74,0.0,0.0,0.0,0.0,1.0,0.9999999999999999,-1.05,0.0
1770415537.2545903,19,75,0.0,0.0,0.0,0.0,1.0,0.9999999999999999,-1.05,0.0
1770415537.2555344,19,76,0.0,0.0,0.0,0.0,1.0,0.9999999999999999,-1.05,0.0
1770415537.2564106,19,77,0.0,0.0,0.0,0.0,1.0,0.9999999999999999,-1.05,0.0
1770415537.257388,19,78,0.0,0.0,0.0,0.0,1.0,0.9999999999999999,-1.05,0.0
1770415537.2583697,19,79,0.0,0.0,0.0,0.0,1.0,0.9999999999999999,-1.05,0.0
1770415537.2602093,19,80,0.0,0.0,0.0,0.0,1.0,0.9999999999999999,-1.05,0.0
1770415537.2631893,19,81,0.0,0.0,0.0,0.0,1.0,0.9999999999999999,-1.05,0.0
1770415537.2646263,19,82,0.0,0.0,0.0,0.0,1.0,0.9999999999999999,-1.05,0.0
1770415537.2658048,19,83,0.0,0.0,0.0,0.0,1.0,0.9999999999999999,-1.05,0.0
1770415537.2669182,19,84,0.0,0.0,0.0,0.0,1.0,0.9999999999999999,-1.05,0.0
1770415537.268163,19,85,0.0,0.0,0.0,0.0,1.0,0.9999999999999999,-1.05,0.0
1770415537.2691236,19,86,0.0,0.0,0.0,0.0,1.0,0.9999999999999999,-1.05,0.0
1770415537.2700355,19,87,0.0,0.0,0.0,0.0,1.0,0.9999999999999999,-1.05,0.0
1770415537.270948,19,88,0.0,0.0,0.0,0.0,1.0,0.9999999999999999,-1.05,0.0
1770415537.271815,19,89,0.0,0.0,0.0,0.0,1.0,0.9999999999999999,-1.05,0.0
1770415537.2727206,19,90,0.0,0.0,0.0,0.0,1.0,0.9999999999999999,-1.05,0.0
1770415537.273539,19,91,0.0,0.0,0.0,0.0,1.0,0.9999999999999999,-1.05,0.0
1770415537.2744455,19,92,0.0,0.0,0.0,0.0,1.0,0.9999999999999999,-1.05,0.0
1770415537.2753282,19,93,0.0,0.0,0.0,0.0,1.0,0.9999999999999999,-1.05,0.0
1770415537.2764654,19,94,0.0,0.0,0.0,0.0,1.0,0.9999999999999999,-1.05,0.0
1770415537.2776697,19,95,0.0,0.0,0.0,0.0,1.0,0.9999999999999999,-1.05,0.0
1770415537.2787313,19,96,0.0,0.0,0.0,0.0,1.0,0.9999999999999999,-1.05,0.0
1770415537.2798505,19,97,0.0,0.0,0.0,0.0,1.0,0.9999999999999999,-1.05,0.0
1770415537.2809544,19,98,0.0,0.0,0.0,0.0,1.0,0.9999999999999999,-1.05,0.0
1770415537.2822115,19,99,0.0,0.0,0.0,0.0,1.0,0.9999999999999999,-1.05,0.0
1770415537.2836304,19,100,0.0,0.0,0.0,0.0,1.0,0.9999999999999999,-1.05,0.0
1770415537.2847722,19,101,0.0,0.0,0.0,0.0,1.0,0.9999999999999999,-1.05,0.0
1770415537.2858484,19,102,0.0,0.0,0.0,0.0,1.0,0.9999999999999999,-1.05,0.0
1770415537.286889,19,103,0.0,0.0,0.0,0.0,1.0,0.9999999999999999,-1.05,0.0
1770415537.2876961,19,104,0.0,0.0,0.0,0.0,1.0,0.9999999999999999,-1.05,0.0
1770415537.2887459,19,105,0.0,0.0,0.0,0.0,1.0,0.9999999999999999,-1.05,0.0
1770415537.2899747,19,106,0.0,0.0,0.0,0.0,1.0,0.9999999999999999,-1.05,0.0
1770415537.291097,19,107,0.0,0.0,0.0,0.0,1.0,0.9999999999999999,-1.05,0.0
1770415537.2922766,19,108,0.0,0.0,0.0,0.0,1.0,0.9999999999999999,-1.05,0.0
1770415537.2934518,19,109,0.0,0.0,0.0,0.0,1.0,0.9999999999999999,-1.05,0.0
1770415537.2945814,19,110,0.0,0.0,0.0,0.0,1.0,0.9999999999999999,-1.05,0.0
1770415537.2956367,19,111,0.0,0.0,0.0,0.0,1.0,0.9999999999999999,-1.05,0.0
1770415537.2964742,19,112,0.0,0.0,0.0,0.0,1.0,0.9999999999999999,-1.05,0.0
1770415537.2974432,19,113,0.0,0.0,0.0,0.0,1.0,0.9999999999999999,-1.05,0.0
1770415537.298495,19,114,0.0,0.0,0.0,0.0,1.0,0.9999999999999999,-1.05,0.0
1770415537.2995183,19,115,0.0,0.0,0.0,0.0,1.0,0.9999999999999999,-1.05,0.0
1770415537.3003676,19,116,0.0,0.0,0.0,0.0,1.0,0.9999999999999999,-1.05,0.0
1770415537.3013217,19,117,0.0,0.0,0.0,0.0,1.0,0.9999999999999999,-1.05,0.0
1770415537.3025446,19,118,0.0,0.0,0.0,0.0,1.0,0.9999999999999999,-1.05,0.0
1770415537.3034325,19,119,0.0,0.0,0.0,0.0,1.0,0.9999999999999999,-1.05,0.0
1770415537.304324,19,120,0.0,0.0,0.0,0.0,1.0,0.9999999999999999,-1.05,0.0
1770415537.3054798,19,121,0.0,0.0,0.0,0.0,1.0,0.9999999999999999,-1.05,0.0
1770415537.3064153,19,122,0.0,0.0,0.0,0.0,1.0,0.9999999999999999,-1.05,0.0
1770415537.307486,19,123,0.0,0.0,0.0,0.0,1.0,0.9999999999999999,-1.05,0.0
1770415537.308416,19,124,0.0,0.0,0.0,0.0,1.0,0.9999999999999999,-1.05,0.0
1770415537.3092232,19,125,0.0,0.0,0.0,0.0,1.0,0.9999999999999999,-1.05,0.0
1770415537.3100493,19,126,0.0,0.0,0.0,0.0,1.0,0.9999999999999999,-1.05,0.0
1770415537.3110628,19,127,0.0,0.0,0.0,0.0,1.0,0.9999999999999999,-1.05,0.0
1770415537.312127,19,128,0.0,0.0,0.0,0.0,1.0,0.9999999999999999,-1.05,0.0
1770415537.313247,19,129,0.0,0.0,0.0,0.0,1.0,0.9999999999999999,-1.05,0.0
1770415537.314195,19,130,0.0,0.0,0.0,0.0,1.0,0.9999999999999999,-1.05,0.0
1770415537.3150604,19,131,0.0,0.0,0.0,0.0,1.0,0.9999999999999999,-1.05,0.0
1770415537.3158998,19,132,0.0,0.0,0.0,0.0,1.0,0.9999999999999999,-1.05,0.0
1770415537.316701,19,133,0.0,0.0,0.0,0.0,1.0,0.9999999999999999,-1.05,0.0
1770415537.3174956,19,134,0.0,0.0,0.0,0.0,1.0,0.9999999999999999,-1.05,0.0
1770415537.3183062,19,135,0.0,0.0,0.0,0.0,1.0,0.9999999999999999,-1.05,0.0
1770415537.3190494,19,136,0.0,0.0,0.0,0.0,1.0,0.9999999999999999,-1.05,0.0
1770415537.3199706,19,137,0.0,0.0,0.0,0.0,1.0,0.9999999999999999,-1.05,0.0
1770415537.3209758,19,138,0.0,0.0,0.0,0.0,1.0,0.9999999999999999,-1.05,0.0
1770415537.3219893,19,139,0.0,0.0,0.0,0.0,1.0,0.9999999999999999,-1.05,0.0
1770415537.3230863,19,140,0.0,0.0,0.0,0.0,1.0,0.9999999999999999,-1.05,0.0
1770415537.324068,19,141,0.0,0.0,0.0,0.0,1.0,0.9999999999999999,-1.05,0.0
1770415537.3249598,19,142,0.0,0.0,0.0,0.0,1.0,0.9999999999999999,-1.05,0.0
1770415537.3259473,19,143,0.0,0.0,0.0,0.0,1.0,0.9999999999999999,-1.05,0.0
1770415537.3269403,19,144,0.0,0.0,0.0,0.0,1.0,0.9999999999999999,-1.05,0.0
1770415537.3279588,19,145,0.0,0.0,0.0,0.0,1.0,0.9999999999999999,-1.05,0.0
1770415537.3289888,19,146,0.0,0.0,0.0,0.0,1.0,0.9999999999999999,-1.05,0.0
1770415537.329936,19,147,0.0,0.0,0.0,0.0,1.0,0.9999999999999999,-1.05,0.0
1770415537.3308003,19,148,0.0,0.0,0.0,0.0,1.0,0.9999999999999999,-1.05,0.0
1770415537.3318126,19,149,0.0,0.0,0.0,0.0,1.0,0.9999999999999999,-1.05,0.0
1770415537.3327827,19,150,0.0,0.0,0.0,0.0,1.0,0.9999999999999999,-1.05,0.0
1770415537.3337286,19,151,0.0,0.0,0.0,0.0,1.0,0.9999999999999999,-1.05,0.0
1770415537.3344786,19,152,0.0,0.0,0.0,0.0,1.0,0.9999999999999999,-1.05,0.0
1770415537.3354726,19,153,0.0,0.0,0.0,0.0,1.0,0.9999999999999999,-1.05,0.0
1770415537.3376617,19,154,0.0,0.0,0.0,0.0,1.0,0.9999999999999999,-1.05,0.0
1770415537.339432,19,155,0.0,0.0,0.0,0.0,1.0,0.9999999999999999,-1.05,0.0
1770415537.341468,19,156,0.0,0.0,0.0,0.0,1.0,0.9999999999999999,-1.05,0.0
1770415537.3435912,19,157,0.0,0.0,0.0,0.0,1.0,0.9999999999999999,-1.05,0.0
1770415537.3453758,19,158,0.0,0.0,0.0,0.0,1.0,0.9999999999999999,-1.05,0.0
1770415537.3472257,19,159,0.0,0.0,0.0,0.0,1.0,0.9999999999999999,-1.05,0.0
1770415537.3483915,19,160,0.0,0.0,0.0,0.0,1.0,0.9999999999999999,-1.05,0.0
1770415537.3495,19,161,0.0,0.0,0.0,0.0,1.0,0.9999999999999999,-1.05,0.0
1770415537.350512,19,162,0.0,0.0,0.0,0.0,1.0,0.9999999999999999,-1.05,0.0
1770415537.3516722,19,163,0.0,0.0,0.0,0.0,1.0,0.9999999999999999,-1.05,0.0
1770415537.352775,19,164,0.0,0.0,0.0,0.0,1.0,0.9999999999999999,-1.05,0.0
1770415537.3540008,19,165,0.0,0.0,0.0,0.0,1.0,0.9999999999999999,-1.05,0.0
1770415537.3550415,19,166,0.0,0.0,0.0,0.0,1.0,0.9999999999999999,-1.05,0.0
1770415537.3559642,19,167,0.0,0.0,0.0,0.0,1.0,0.9999999999999999,-1.05,0.0
1770415537.3569448,19,168,0.0,0.0,0.0,0.0,1.0,0.9999999999999999,-1.05,0.0
1770415537.3578925,19,169,0.0,0.0,0.0,0.0,1.0,0.9999999999999999,-1.05,0.0
1770415537.359733,19,170,0.0,0.0,0.0,0.0,1.0,0.9999999999999999,-1.05,0.0
1770415537.3616164,19,171,0.0,0.0,0.0,0.0,1.0,0.9999999999999999,-1.05,0.0
1770415537.363556,19,172,0.0,0.0,0.0,0.0,1.0,0.9999999999999999,-1.05,0.0
1770415537.3653398,19,173,0.0,0.0,0.0,0.0,1.0,0.9999999999999999,-1.05,0.0
1770415537.3671062,19,174,0.0,0.0,0.0,0.0,1.0,0.9999999999999999,-1.05,0.0
1770415537.368832,19,175,0.0,0.0,0.0,0.0,1.0,0.9999999999999999,-1.05,0.0
1770415537.3705046,19,176,0.0,0.0,0.0,0.0,1.0,0.9999999999999999,-1.05,0.0
1770415537.3715298,19,177,0.0,0.0,0.0,0.0,1.0,0.9999999999999999,-1.05,0.0
1770415537.3726218,19,178,0.0,0.0,0.0,0.0,1.0,0.9999999999999999,-1.05,0.0
1770415537.373743,19,179,0.0,0.0,0.0,0.0,1.0,0.9999999999999999,-1.05,0.0
1770415537.3750088,19,180,0.0,0.0,0.0,0.0,1.0,0.9999999999999999,-1.05,0.0
1770415537.3760998,19,181,0.0,0.0,0.0,0.0,1.0,0.9999999999999999,-1.05,0.0
1770415537.3772495,19,182,0.0,0.0,0.0,0.0,1.0,0.9999999999999999,-1.05,0.0
1770415537.3785203,19,183,0.0,0.0,0.0,0.0,1.0,0.9999999999999999,-1.05,0.0
1770415537.3795235,19,184,0.0,0.0,0.0,0.0,1.0,0.9999999999999999,-1.05,0.0
1770415537.380506,19,185,0.0,0.0,0.0,0.0,1.0,0.9999999999999999,-1.05,0.0
1770415537.3814766,19,186,0.0,0.0,0.0,0.0,1.0,0.9999999999999999,-1.05,0.0
1770415537.382499,19,187,0.0,0.0,0.0,0.0,1.0,0.9999999999999999,-1.05,0.0
1770415537.383567,19,188,0.0,0.0,0.0,0.0,1.0,0.9999999999999999,-1.05,0.0
1770415537.3846362,19,189,0.0,0.0,0.0,0.0,1.0,0.9999999999999999,-1.05,0.0
1770415537.385766,19,190,0.0,0.0,0.0,0.0,1.0,0.9999999999999999,-1.05,0.0
1770415537.3868413,19,191,0.0,0.0,0.0,0.0,1.0,0.9999999999999999,-1.05,0.0
1770415537.3878174,19,192,0.0,0.0,0.0,0.0,1.0,0.9999999999999999,-1.05,0.0
1770415537.3888798,19,193,0.0,0.0,0.0,0.0,1.0,0.9999999999999999,-1.05,0.0
1770415537.389951,19,194,0.0,0.0,0.0,0.0,1.0,0.9999999999999999,-1.05,0.0
1770415537.3918304,19,195,0.0,0.0,0.0,0.0,1.0,0.9999999999999999,-1.05,0.0
1770415537.3930886,19,196,0.0,0.0,0.0,0.0,1.0,0.9999999999999999,-1.05,0.0
1770415537.3940768,19,197,0.0,0.0,0.0,0.0,1.0,0.9999999999999999,-1.05,0.0
1770415537.3953433,19,198,0.0,0.0,0.0,0.0,1.0,0.9999999999999999,-1.05,0.0
1770415537.3977025,19,199,0.0,0.0,0.0,0.0,1.0,0.9999999999999999,-1.05,0.0
1770415537.3985934,19,200,0.0,0.0,0.0,0.0,1.0,0.9999999999999999,-1.05,0.0
1770415537.4460773,20,0,0.0,0.0,0.0,0.0,1.0,0.0,0.0,0.0
1770415537.447744,20,1,0.0,0.0,0.0,0.0,1.0,0.9999999999999999,-0.049999999999999996,0.0
1770415537.4488022,20,2,0.0,0.0,0.0,0.0,1.0,0.9999999999999999,-0.049999999999999996,0.0
1770415537.4509337,20,3,0.0,0.0,0.0,0.0,1.0,0.9999999999999999,-0.049999999999999996,0.0
1770415537.452579,20,4,0.0,0.0,0.0,0.0,1.0,0.9999999999999999,-0.049999999999999996,0.0
1770415537.4533792,20,5,0.0,0.0,0.0,0.0,1.0,0.9999999999999999,-0.049999999999999996,0.0
1770415537.454339,20,6,0.0,0.0,0.0,0.0,1.0,0.9999999999999999,-1.05,0.0
1770415537.4553623,20,7,0.0,0.0,0.0,0.0,1.0,0.9999999999999999,-1.05,0.0
1770415537.45612,20,8,0.0,0.0,0.0,0.0,1.0,0.9999999999999999,-1.05,0.0
1770415537.4569159,20,9,0.0,0.0,0.0,0.0,1.0,0.9999999999999999,-1.05,0.0
1770415537.4577103,20,10,0.0,0.0,0.0,0.0,1.0,0.9999999999999999,-1.05,0.0
1770415537.458582,20,11,0.0,0.0,0.0,0.0,1.0,0.9999999999999999,-1.05,0.0
1770415537.4594173,20,12,0.0,0.0,0.0,0.0,1.0,0.9999999999999999,-1.05,0.0
1770415537.4600768,20,13,0.0,0.0,0.0,0.0,1.0,0.9999999999999999,-1.05,0.0
1770415537.4607356,20,14,0.0,0.0,0.0,0.0,1.0,0.9999999999999999,-1.05,0.0
1770415537.4614258,20,15,0.0,0.0,0.0,0.0,1.0,0.9999999999999999,-1.05,0.0
1770415537.4621713,20,16,0.0,0.0,0.0,0.0,1.0,0.9999999999999999,-1.05,0.0
1770415537.4629352,20,17,0.0,0.0,0.0,0.0,1.0,0.9999999999999999,-1.05,0.0
1770415537.463682,20,18,0.0,0.0,0.0,0.0,1.0,0.9999999999999999,-1.05,0.0
1770415537.4644153,20,19,0.0,0.0,0.0,0.0,1.0,0.9999999999999999,-1.05,0.0
1770415537.4652026,20,20,0.0,0.0,0.0,0.0,1.0,0.9999999999999999,-1.05,0.0
1770415537.466036,20,21,0.0,0.0,0.0,0.0,1.0,0.9999999999999999,-1.05,0.0
1770415537.4669993,20,22,0.0,0.0,0.0,0.0,1.0,0.9999999999999999,-1.05,0.0
1770415537.46786,20,23,0.0,0.0,0.0,0.0,1.0,0.9999999999999999,-1.05,0.0
1770415537.468808,20,24,0.0,0.0,0.0,0.0,1.0,0.9999999999999999,-1.05,0.0
1770415537.4696484,20,25,0.0,0.0,0.0,0.0,1.0,0.9999999999999999,-1.05,0.0
1770415537.470341,20,26,0.0,0.0,0.0,0.0,1.0,0.9999999999999999,-1.05,0.0
1770415537.47103,20,27,0.0,0.0,0.0,0.0,1.0,0.9999999999999999,-1.05,0.0
1770415537.4717197,20,28,0.0,0.0,0.0,0.0,1.0,0.9999999999999999,-1.05,0.0
1770415537.4724402,20,29,0.0,0.0,0.0,0.0,1.0,0.9999999999999999,-1.05,0.0
1770415537.4739738,20,30,0.0,0.0,0.0,0.0,1.0,0.9999999999999999,-1.05,0.0
1770415537.4760225,20,31,0.0,0.0,0.0,0.0,1.0,0.9999999999999999,-1.05,0.0
1770415537.4779766,20,32,0.0,0.0,0.0,0.0,1.0,0.9999999999999999,-1.05,0.0
1770415537.479136,20,33,0.0,0.0,0.0,0.0,1.0,0.9999999999999999,-1.05,0.0
1770415537.480201,20,34,0.0,0.0,0.0,0.0,1.0,0.9999999999999999,-1.05,0.0
1770415537.4813602,20,35,0.0,0.0,0.0,0.0,1.0,0.9999999999999999,-1.05,0.0
1770415537.4825697,20,36,0.0,0.0,0.0,0.0,1.0,0.9999999999999999,-1.05,0.0
1770415537.483616,20,37,0.0,0.0,0.0,0.0,1.0,0.9999999999999999,-1.05,0.0
1770415537.4846268,20,38,0.0,0.0,0.0,0.0,1.0,0.9999999999999999,-1.05,0.0
1770415537.4856627,20,39,0.0,0.0,0.0,0.0,1.0,0.9999999999999999,-1.05,0.0
1770415537.486736,20,40,0.0,0.0,0.0,0.0,1.0,0.9999999999999999,-1.05,0.0
1770415537.4875677,20,41,0.0,0.0,0.0,0.0,1.0,0.9999999999999999,-1.05,0.0
1770415537.4888282,20,42,0.0,0.0,0.0,0.0,1.0,0.9999999999999999,-1.05,0.0
1770415537.4897912,20,43,0.0,0.0,0.0,0.0,1.0,0.9999999999999999,-1.05,0.0
1770415537.4908628,20,44,0.0,0.0,0.0,0.0,1.0,0.9999999999999999,-1.05,0.0
1770415537.4919746,20,45,0.0,0.0,0.0,0.0,1.0,0.9999999999999999,-1.05,0.0
1770415537.4930565,20,46,0.0,0.0,0.0,0.0,1.0,0.9999999999999999,-1.05,0.0
1770415537.4940884,20,47,0.0,0.0,0.0,0.0,1.0,0.9999999999999999,-1.05,0.0
1770415537.4952188,20,48,0.0,0.0,0.0,0.0,1.0,0.9999999999999999,-1.05,0.0
1770415537.4964488,20,49,0.0,0.0,0.0,0.0,1.0,0.9999999999999999,-1.05,0.0
1770415537.4977415,20,50,0.0,0.0,0.0,0.0,1.0,0.9999999999999999,-1.05,0.0
1770415537.4987524,20,51,0.0,0.0,0.0,0.0,1.0,0.9999999999999999,-1.05,0.0
1770415537.4996567,20,52,0.0,0.0,0.0,0.0,1.0,0.9999999999999999,-1.05,0.0
1770415537.5004902,20,53,0.0,0.0,0.0,0.0,1.0,0.9999999999999999,-1.05,0.0
1770415537.5014198,20,54,0.0,0.0,0.0,0.0,1.0,0.9999999999999999,-1.05,0.0
1770415537.5024068,20,55,0.0,0.0,0.0,0.0,1.0,0.9999999999999999,-1.05,0.0
1770415537.503294,20,56,0.0,0.0,0.0,0.0,1.0,0.9999999999999999,-1.05,0.0
1770415537.5042522,20,57,0.0,0.0,0.0,0.0,1.0,0.9999999999999999,-1.05,0.0
1770415537.5055075,20,58,0.0,0.0,0.0,0.0,1.0,0.9999999999999999,-1.05,0.0
1770415537.5066884,20,59,0.0,0.0,0.0,0.0,1.0,0.9999999999999999,-1.05,0.0
1770415537.5076606,20,60,0.0,0.0,0.0,0.0,1.0,0.9999999999999999,-1.05,0.0
1770415537.5086932,20,61,0.0,0.0,0.0,0.0,1.0,0.9999999999999999,-1.05,0.0
1770415537.5096807,20,62,0.0,0.0,0.0,0.0,1.0,0.9999999999999999,-1.05,0.0
1770415537.5106761,20,63,0.0,0.0,0.0,0.0,1.0,0.9999999999999999,-1.05,0.0
1770415537.5116308,20,64,0.0,0.0,0.0,0.0,1.0,0.9999999999999999,-1.05,0.0
1770415537.5125299,20,65,0.0,0.0,0.0,0.0,1.0,0.9999999999999999,-1.05,0.0
1770415537.5137987,20,66,0.0,0.0,0.0,0.0,1.0,0.9999999999999999,-1.05,0.0
1770415537.514929,20,67,0.0,0.0,0.0,0.0,1.0,0.9999999999999999,-1.05,0.0
1770415537.5159962,20,68,0.0,0.0,0.0,0.0,1.0,0.9999999999999999,-1.05,0.0
1770415537.5171146,20,69,0.0,0.0,0.0,0.0,1.0,0.9999999999999999,-1.05,0.0
1770415537.5182688,20,70,0.0,0.0,0.0,0.0,1.0,0.9999999999999999,-1.05,0.0
1770415537.5193624,20,71,0.0,0.0,0.0,0.0,1.0,0.9999999999999999,-1.05,0.0
1770415537.5204434,20,72,0.0,0.0,0.0,0.0,1.0,0.9999999999999999,-1.05,0.0
1770415537.5217283,20,73,0.0,0.0,0.0,0.0,1.0,0.9999999999999999,-1.05,0.0
1770415537.5226743,20,74,0.0,0.0,0.0,0.0,1.0,0.9999999999999999,-1.05,0.0
1770415537.523626,20,75,0.0,0.0,0.0,0.0,1.0,0.9999999999999999,-1.05,0.0
1770415537.5247111,20,76,0.0,0.0,0.0,0.0,1.0,0.9999999999999999,-1.05,0.0
1770415537.5257266,20,77,0.0,0.0,0.0,0.0,1.0,0.9999999999999999,-1.05,0.0
1770415537.5268955,20,78,0.0,0.0,0.0,0.0,1.0,0.9999999999999999,-1.05,0.0
1770415537.5281556,20,79,0.0,0.0,0.0,0.0,1.0,0.9999999999999999,-1.05,0.0
1770415537.5291955,20,80,0.0,0.0,0.0,0.0,1.0,0.9999999999999999,-1.05,0.0
1770415537.5314245,20,81,0.0,0.0,0.0,0.0,1.0,0.9999999999999999,-1.05,0.0
1770415537.5334601,20,82,0.0,0.0,0.0,0.0,1.0,0.9999999999999999,-1.05,0.0
1770415537.53447,20,83,0.0,0.0,0.0,0.0,1.0,0.9999999999999999,-1.05,0.0
1770415537.5356638,20,84,0.0,0.0,0.0,0.0,1.0,0.9999999999999999,-1.05,0.0
1770415537.536669,20,85,0.0,0.0,0.0,0.0,1.0,0.9999999999999999,-1.05,0.0
1770415537.5375917,20,86,0.0,0.0,0.0,0.0,1.0,0.9999999999999999,-1.05,0.0
1770415537.5386899,20,87,0.0,0.0,0.0,0.0,1.0,0.9999999999999999,-1.05,0.0
1770415537.539566,20,88,0.0,0.0,0.0,0.0,1.0,0.9999999999999999,-1.05,0.0
1770415537.540636,20,89,0.0,0.0,0.0,0.0,1.0,0.9999999999999999,-1.05,0.0
1770415537.5416346,20,90,0.0,0.0,0.0,0.0,1.0,0.9999999999999999,-1.05,0.0
1770415537.542546,20,91,0.0,0.0,0.0,0.0,1.0,0.9999999999999999,-1.05,0.0
1770415537.5436141,20,92,0.0,0.0,0.0,0.0,1.0,0.9999999999999999,-1.05,0.0
1770415537.5445993,20,93,0.0,0.0,0.0,0.0,1.0,0.9999999999999999,-1.05,0.0
1770415537.5455852,20,94,0.0,0.0,0.0,0.0,1.0,0.9999999999999999,-1.05,0.0
1770415537.5475092,20,95,0.0,0.0,0.0,0.0,1.0,0.9999999999999999,-1.05,0.0
1770415537.54966,20,96,0.0,0.0,0.0,0.0,1.0,0.9999999999999999,-1.05,0.0
1770415537.5515807,20,97,0.0,0.0,0.0,0.0,1.0,0.9999999999999999,-1.05,0.0
1770415537.5536468,20,98,0.0,0.0,0.0,0.0,1.0,0.9999999999999999,-1.05,0.0
1770415537.555627,20,99,0.0,0.0,0.0,0.0,1.0,0.9999999999999999,-1.05,0.0
1770415537.5575964,20,100,0.0,0.0,0.0,0.0,1.0,0.9999999999999999,-1.05,0.0
1770415537.5594916,20,101,0.0,0.0,0.0,0.0,1.0,0.9999999999999999,-1.05,0.0
1770415537.560656,20,102,0.0,0.0,0.0,0.0,1.0,0.9999999999999999,-1.05,0.0
1770415537.5616412,20,103,0.0,0.0,0.0,0.0,1.0,0.9999999999999999,-1.05,0.0
1770415537.5626297,20,104,0.0,0.0,0.0,0.0,1.0,0.9999999999999999,-1.05,0.0
1770415537.5638669,20,105,0.0,0.0,0.0,0.0,1.0,0.9999999999999999,-1.05,0.0
1770415537.564815,20,106,0.0,0.0,0.0,0.0,1.0,0.9999999999999999,-1.05,0.0
1770415537.5660524,20,107,0.0,0.0,0.0,0.0,1.0,0.9999999999999999,-1.05,0.0
1770415537.567215,20,108,0.0,0.0,0.0,0.0,1.0,0.9999999999999999,-1.05,0.0
1770415537.5686355,20,109,0.0,0.0,0.0,0.0,1.0,0.9999999999999999,-1.05,0.0
1770415537.5697756,20,110,0.0,0.0,0.0,0.0,1.0,0.9999999999999999,-1.05,0.0
1770415537.5709083,20,111,0.0,0.0,0.0,0.0,1.0,0.9999999999999999,-1.05,0.0
1770415537.572212,20,112,0.0,0.0,0.0,0.0,1.0,0.9999999999999999,-1.05,0.0
1770415537.5734146,20,113,0.0,0.0,0.0,0.0,1.0,0.9999999999999999,-1.05,0.0
1770415537.5745752,20,114,0.0,0.0,0.0,0.0,1.0,0.9999999999999999,-1.05,0.0
1770415537.5754533,20,115,0.0,0.0,0.0,0.0,1.0,0.9999999999999999,-1.05,0.0
1770415537.5766168,20,116,0.0,0.0,0.0,0.0,1.0,0.9999999999999999,-1.05,0.0
1770415537.5777974,20,117,0.0,0.0,0.0,0.0,1.0,0.9999999999999999,-1.05,0.0
1770415537.5789273,20,118,0.0,0.0,0.0,0.0,1.0,0.9999999999999999,-1.05,0.0
1770415537.580641,20,119,0.0,0.0,0.0,0.0,1.0,0.9999999999999999,-1.05,0.0
1770415537.5816855,20,120,0.0,0.0,0.0,0.0,1.0,0.9999999999999999,-1.05,0.0
1770415537.5827513,20,121,0.0,0.0,0.0,0.0,1.0,0.9999999999999999,-1.05,0.0
1770415537.583779,20,122,0.0,0.0,0.0,0.0,1.0,0.9999999999999999,-1.05,0.0
1770415537.5849483,20,123,0.0,0.0,0.0,0.0,1.0,0.9999999999999999,-1.05,0.0
1770415537.586102,20,124,0.0,0.0,0.0,0.0,1.0,0.9999999999999999,-1.05,0.0
1770415537.5871837,20,125,0.0,0.0,0.0,0.0,1.0,0.9999999999999999,-1.05,0.0
1770415537.5884948,20,126,0.0,0.0,0.0,0.0,1.0,0.9999999999999999,-1.05,0.0
1770415537.5895042,20,127,0.0,0.0,0.0,0.0,1.0,0.9999999999999999,-1.05,0.0
1770415537.590424,20,128,0.0,0.0,0.0,0.0,1.0,0.9999999999999999,-1.05,0.0
1770415537.5915487,20,129,0.0,0.0,0.0,0.0,1.0,0.9999999999999999,-1.05,0.0
1770415537.5925767,20,130,0.0,0.0,0.0,0.0,1.0,0.9999999999999999,-1.05,0.0
1770415537.5936518,20,131,0.0,0.0,0.0,0.0,1.0,0.9999999999999999,-1.05,0.0
1770415537.594693,20,132,0.0,0.0,0.0,0.0,1.0,0.9999999999999999,-1.05,0.0
1770415537.5957525,20,133,0.0,0.0,0.0,0.0,1.0,0.9999999999999999,-1.05,0.0
1770415537.5969312,20,134,0.0,0.0,0.0,0.0,1.0,0.9999999999999999,-1.05,0.0
1770415537.5980623,20,135,0.0,0.0,0.0,0.0,1.0,0.9999999999999999,-1.05,0.0
1770415537.599374,20,136,0.0,0.0,0.0,0.0,1.0,0.9999999999999999,-1.05,0.0
1770415537.6004303,20,137,0.0,0.0,0.0,0.0,1.0,0.9999999999999999,-1.05,0.0
1770415537.601575,20,138,0.0,0.0,0.0,0.0,1.0,0.9999999999999999,-1.05,0.0
1770415537.6025405,20,139,0.0,0.0,0.0,0.0,1.0,0.9999999999999999,-1.05,0.0
1770415537.603647,20,140,0.0,0.0,0.0,0.0,1.0,0.9999999999999999,-1.05,0.0
1770415537.6049564,20,141,0.0,0.0,0.0,0.0,1.0,0.9999999999999999,-1.05,0.0
1770415537.6061711,20,142,0.0,0.0,0.0,0.0,1.0,0.9999999999999999,-1.05,0.0
1770415537.6073508,20,143,0.0,0.0,0.0,0.0,1.0,0.9999999999999999,-1.05,0.0
1770415537.6086135,20,144,0.0,0.0,0.0,0.0,1.0,0.9999999999999999,-1.05,0.0
1770415537.609718,20,145,0.0,0.0,0.0,0.0,1.0,0.9999999999999999,-1.05,0.0
1770415537.6108422,20,146,0.0,0.0,0.0,0.0,1.0,0.9999999999999999,-1.05,0.0
1770415537.6119866,20,147,0.0,0.0,0.0,0.0,1.0,0.9999999999999999,-1.05,0.0
1770415537.6134741,20,148,0.0,0.0,0.0,0.0,1.0,0.9999999999999999,-1.05,0.0
1770415537.614649,20,149,0.0,0.0,0.0,0.0,1.0,0.9999999999999999,-1.05,0.0
1770415537.6157272,20,150,0.0,0.0,0.0,0.0,1.0,0.9999999999999999,-1.05,0.0
1770415537.6166399,20,151,0.0,0.0,0.0,0.0,1.0,0.9999999999999999,-1.05,0.0
1770415537.6175327,20,152,0.0,0.0,0.0,0.0,1.0,0.9999999999999999,-1.05,0.0
1770415537.618644,20,153,0.0,0.0,0.0,0.0,1.0,0.9999999999999999,-1.05,0.0
1770415537.6197517,20,154,0.0,0.0,0.0,0.0,1.0,0.9999999999999999,-1.05,0.0
1770415537.6207793,20,155,0.0,0.0,0.0,0.0,1.0,0.9999999999999999,-1.05,0.0
1770415537.6219625,20,156,0.0,0.0,0.0,0.0,1.0,0.9999999999999999,-1.05,0.0
1770415537.6232052,20,157,0.0,0.0,0.0,0.0,1.0,0.9999999999999999,-1.05,0.0
1770415537.6246343,20,158,0.0,0.0,0.0,0.0,1.0,0.9999999999999999,-1.05,0.0
1770415537.6257682,20,159,0.0,0.0,0.0,0.0,1.0,0.9999999999999999,-1.05,0.0
1770415537.6269066,20,160,0.0,0.0,0.0,0.0,1.0,0.9999999999999999,-1.05,0.0
1770415537.6279967,20,161,0.0,0.0,0.0,0.0,1.0,0.9999999999999999,-1.05,0.0
1770415537.6290522,20,162,0.0,0.0,0.0,0.0,1.0,0.9999999999999999,-1.05,0.0
1770415537.6299984,20,163,0.0,0.0,0.0,0.0,1.0,0.9999999999999999,-1.05,0.0
1770415537.6311104,20,164,0.0,0.0,0.0,0.0,1.0,0.9999999999999999,-1.05,0.0
1770415537.6323104,20,165,0.0,0.0,0.0,0.0,1.0,0.9999999999999999,-1.05,0.0
1770415537.6335092,20,166,0.0,0.0,0.0,0.0,1.0,0.9999999999999999,-1.05,0.0
1770415537.6346197,20,167,0.0,0.0,0.0,0.0,1.0,0.9999999999999999,-1.05,0.0
1770415537.6357098,20,168,0.0,0.0,0.0,0.0,1.0,0.9999999999999999,-1.05,0.0
1770415537.6367352,20,169,0.0,0.0,0.0,0.0,1.0,0.9999999999999999,-1.05,0.0
1770415537.6376433,20,170,0.0,0.0,0.0,0.0,1.0,0.9999999999999999,-1.05,0.0
1770415537.6386774,20,171,0.0,0.0,0.0,0.0,1.0,0.9999999999999999,-1.05,0.0
1770415537.639755,20,172,0.0,0.0,0.0,0.0,1.0,0.9999999999999999,-1.05,0.0
1770415537.640696,20,173,0.0,0.0,0.0,0.0,1.0,0.9999999999999999,-1.05,0.0
1770415537.6416032,20,174,0.0,0.0,0.0,0.0,1.0,0.9999999999999999,-1.05,0.0
1770415537.642583,20,175,0.0,0.0,0.0,0.0,1.0,0.9999999999999999,-1.05,0.0
1770415537.6435344,20,176,0.0,0.0,0.0,0.0,1.0,0.9999999999999999,-1.05,0.0
1770415537.6446595,20,177,0.0,0.0,0.0,0.0,1.0,0.9999999999999999,-1.05,0.0
1770415537.6456118,20,178,0.0,0.0,0.0,0.0,1.0,0.9999999999999999,-1.05,0.0
1770415537.646554,20,179,0.0,0.0,0.0,0.0,1.0,0.9999999999999999,-1.05,0.0
1770415537.6476903,20,180,0.0,0.0,0.0,0.0,1.0,0.9999999999999999,-1.05,0.0
1770415537.6486928,20,181,0.0,0.0,0.0,0.0,1.0,0.9999999999999999,-1.05,0.0
1770415537.6496668,20,182,0.0,0.0,0.0,0.0,1.0,0.9999999999999999,-1.05,0.0
1770415537.6506317,20,183,0.0,0.0,0.0,0.0,1.0,0.9999999999999999,-1.05,0.0
1770415537.651586,20,184,0.0,0.0,0.0,0.0,1.0,0.9999999999999999,-1.05,0.0
1770415537.6524017,20,185,0.0,0.0,0.0,0.0,1.0,0.9999999999999999,-1.05,0.0
1770415537.6532898,20,186,0.0,0.0,0.0,0.0,1.0,0.9999999999999999,-1.05,0.0
1770415537.6540227,20,187,0.0,0.0,0.0,0.0,1.0,0.9999999999999999,-1.05,0.0
1770415537.6548994,20,188,0.0,0.0,0.0,0.0,1.0,0.9999999999999999,-1.05,0.0
1770415537.6559548,20,189,0.0,0.0,0.0,0.0,1.0,0.9999999999999999,-1.05,0.0
1770415537.6569324,20,190,0.0,0.0,0.0,0.0,1.0,0.9999999999999999,-1.05,0.0
1770415537.6579359,20,191,0.0,0.0,0.0,0.0,1.0,0.9999999999999999,-1.05,0.0
1770415537.6589987,20,192,0.0,0.0,0.0,0.0,1.0,0.9999999999999999,-1.05,0.0
1770415537.659933,20,193,0.0,0.0,0.0,0.0,1.0,0.9999999999999999,-1.05,0.0
1770415537.6610997,20,194,0.0,0.0,0.0,0.0,1.0,0.9999999999999999,-1.05,0.0
1770415537.6622355,20,195,0.0,0.0,0.0,0.0,1.0,0.9999999999999999,-1.05,0.0
1770415537.6630065,20,196,0.0,0.0,0.0,0.0,1.0,0.9999999999999999,-1.05,0.0
1770415537.6637783,20,197,0.0,0.0,0.0,0.0,1.0,0.9999999999999999,-1.05,0.0
1770415537.664692,20,198,0.0,0.0,0.0,0.0,1.0,0.9999999999999999,-1.05,0.0
1770415537.6655056,20,199,0.0,0.0,0.0,0.0,1.0,0.9999999999999999,-1.05,0.0
1770415537.6664984,20,200,0.0,0.0,0.0,0.0,1.0,0.9999999999999999,-1.05,0.0
1770415537.7154253,21,0,0.0,0.0,0.0,0.0,1.0,0.0,0.0,0.0
1770415537.716643,21,1,0.0,0.0,0.0,0.0,1.0,0.9999999999999999,-0.049999999999999996,0.0
1770415537.7184603,21,2,0.0,0.0,0.0,0.0,1.0,0.9999999999999999,-0.049999999999999996,0.0
1770415537.7198465,21,3,0.0,0.0,0.0,0.0,1.0,0.9999999999999999,-0.049999999999999996,0.0
1770415537.720802,21,4,0.0,0.0,0.0,0.0,1.0,0.9999999999999999,-0.049999999999999996,0.0
1770415537.7218654,21,5,0.0,0.0,0.0,0.0,1.0,0.9999999999999999,-0.049999999999999996,0.0
1770415537.722999,21,6,0.0,0.0,0.0,0.0,1.0,0.9999999999999999,-1.05,0.0
1770415537.7252898,21,7,0.0,0.0,0.0,0.0,1.0,0.9999999999999999,-1.05,0.0
1770415537.7274792,21,8,0.0,0.0,0.0,0.0,1.0,0.9999999999999999,-1.05,0.0
1770415537.7292564,21,9,0.0,0.0,0.0,0.0,1.0,0.9999999999999999,-1.05,0.0
1770415537.7306316,21,10,0.0,0.0,0.0,0.0,1.0,0.9999999999999999,-1.05,0.0
1770415537.7327802,21,11,0.0,0.0,0.0,0.0,1.0,0.9999999999999999,-1.05,0.0
1770415537.7339766,21,12,0.0,0.0,0.0,0.0,1.0,0.9999999999999999,-1.05,0.0
1770415537.735119,21,13,0.0,0.0,0.0,0.0,1.0,0.9999999999999999,-1.05,0.0
1770415537.736245,21,14,0.0,0.0,0.0,0.0,1.0,0.9999999999999999,-1.05,0.0
1770415537.7374613,21,15,0.0,0.0,0.0,0.0,1.0,0.9999999999999999,-1.05,0.0
1770415537.7384505,21,16,0.0,0.0,0.0,0.0,1.0,0.9999999999999999,-1.05,0.0
1770415537.7394996,21,17,0.0,0.0,0.0,0.0,1.0,0.9999999999999999,-1.05,0.0
1770415537.7405064,21,18,0.0,0.0,0.0,0.0,1.0,0.9999999999999999,-1.05,0.0
1770415537.7416604,21,19,0.0,0.0,0.0,0.0,1.0,0.9999999999999999,-1.05,0.0
1770415537.7429984,21,20,0.0,0.0,0.0,0.0,1.0,0.9999999999999999,-1.05,0.0
1770415537.744104,21,21,0.0,0.0,0.0,0.0,1.0,0.9999999999999999,-1.05,0.0
1770415537.7451243,21,22,0.0,0.0,0.0,0.0,1.0,0.9999999999999999,-1.05,0.0
1770415537.7464027,21,23,0.0,0.0,0.0,0.0,1.0,0.9999999999999999,-1.05,0.0
1770415537.747773,21,24,0.0,0.0,0.0,0.0,1.0,0.9999999999999999,-1.05,0.0
1770415537.7489872,21,25,0.0,0.0,0.0,0.0,1.0,0.9999999999999999,-1.05,0.0
1770415537.7499735,21,26,0.0,0.0,0.0,0.0,1.0,0.9999999999999999,-1.05,0.0
1770415537.7510602,21,27,0.0,0.0,0.0,0.0,1.0,0.9999999999999999,-1.05,0.0
1770415537.7528348,21,28,0.0,0.0,0.0,0.0,1.0,0.9999999999999999,-1.05,0.0
1770415537.7547584,21,29,0.0,0.0,0.0,0.0,1.0,0.9999999999999999,-1.05,0.0
1770415537.7557914,21,30,0.0,0.0,0.0,0.0,1.0,0.9999999999999999,-1.05,0.0
1770415537.7568254,21,31,0.0,0.0,0.0,0.0,1.0,0.9999999999999999,-1.05,0.0
1770415537.7579145,21,32,0.0,0.0,0.0,0.0,1.0,0.9999999999999999,-1.05,0.0
1770415537.7587554,21,33,0.0,0.0,0.0,0.0,1.0,0.9999999999999999,-1.05,0.0
1770415537.7595556,21,34,0.0,0.0,0.0,0.0,1.0,0.9999999999999999,-1.05,0.0
1770415537.7603674,21,35,0.0,0.0,0.0,0.0,1.0,0.9999999999999999,-1.05,0.0
1770415537.761122,21,36,0.0,0.0,0.0,0.0,1.0,0.9999999999999999,-1.05,0.0
1770415537.762019,21,37,0.0,0.0,0.0,0.0,1.0,0.9999999999999999,-1.05,0.0
1770415537.7629085,21,38,0.0,0.0,0.0,0.0,1.0,0.9999999999999999,-1.05,0.0
1770415537.7649033,21,39,0.0,0.0,0.0,0.0,1.0,0.9999999999999999,-1.05,0.0
1770415537.76692,21,40,0.0,0.0,0.0,0.0,1.0,0.9999999999999999,-1.05,0.0
1770415537.7686183,21,41,0.0,0.0,0.0,0.0,1.0,0.9999999999999999,-1.05,0.0
1770415537.7704065,21,42,0.0,0.0,0.0,0.0,1.0,0.9999999999999999,-1.05,0.0
1770415537.7718854,21,43,0.0,0.0,0.0,0.0,1.0,0.9999999999999999,-1.05,0.0
1770415537.7729363,21,44,0.0,0.0,0.0,0.0,1.0,0.9999999999999999,-1.05,0.0
1770415537.7742503,21,45,0.0,0.0,0.0,0.0,1.0,0.9999999999999999,-1.05,0.0
1770415537.7752972,21,46,0.0,0.0,0.0,0.0,1.0,0.9999999999999999,-1.05,0.0
1770415537.776413,21,47,0.0,0.0,0.0,0.0,1.0,0.9999999999999999,-1.05,0.0
1770415537.7774563,21,48,0.0,0.0,0.0,0.0,1.0,0.9999999999999999,-1.05,0.0
1770415537.7785718,21,49,0.0,0.0,0.0,0.0,1.0,0.9999999999999999,-1.05,0.0
1770415537.7796168,21,50,0.0,0.0,0.0,0.0,1.0,0.9999999999999999,-1.05,0.0
1770415537.7806253,21,51,0.0,0.0,0.0,0.0,1.0,0.9999999999999999,-1.05,0.0
1770415537.7816837,21,52,0.0,0.0,0.0,0.0,1.0,0.9999999999999999,-1.05,0.0
1770415537.782652,21,53,0.0,0.0,0.0,0.0,1.0,0.9999999999999999,-1.05,0.0
1770415537.783606,21,54,0.0,0.0,0.0,0.0,1.0,0.9999999999999999,-1.05,0.0
1770415537.7845674,21,55,0.0,0.0,0.0,0.0,1.0,0.9999999999999999,-1.05,0.0
1770415537.785522,21,56,0.0,0.0,0.0,0.0,1.0,0.9999999999999999,-1.05,0.0
1770415537.7865894,21,57,0.0,0.0,0.0,0.0,1.0,0.9999999999999999,-1.05,0.0
1770415537.787492,21,58,0.0,0.0,0.0,0.0,1.0,0.9999999999999999,-1.05,0.0
1770415537.7884023,21,59,0.0,0.0,0.0,0.0,1.0,0.9999999999999999,-1.05,0.0
1770415537.7894998,21,60,0.0,0.0,0.0,0.0,1.0,0.9999999999999999,-1.05,0.0
1770415537.7904136,21,61,0.0,0.0,0.0,0.0,1.0,0.9999999999999999,-1.05,0.0
1770415537.7914772,21,62,0.0,0.0,0.0,0.0,1.0,0.9999999999999999,-1.05,0.0
1770415537.792561,21,63,0.0,0.0,0.0,0.0,1.0,0.9999999999999999,-1.05,0.0
1770415537.793599,21,64,0.0,0.0,0.0,0.0,1.0,0.9999999999999999,-1.05,0.0
1770415537.7945929,21,65,0.0,0.0,0.0,0.0,1.0,0.9999999999999999,-1.05,0.0
1770415537.795651,21,66,0.0,0.0,0.0,0.0,1.0,0.9999999999999999,-1.05,0.0
1770415537.7965403,21,67,0.0,0.0,0.0,0.0,1.0,0.9999999999999999,-1.05,0.0
1770415537.7973466,21,68,0.0,0.0,0.0,0.0,1.0,0.9999999999999999,-1.05,0.0
1770415537.7981365,21,69,0.0,0.0,0.0,0.0,1.0,0.9999999999999999,-1.05,0.0
1770415537.7989817,21,70,0.0,0.0,0.0,0.0,1.0,0.9999999999999999,-1.05,0.0
1770415537.7997718,21,71,0.0,0.0,0.0,0.0,1.0,0.9999999999999999,-1.05,0.0
1770415537.8005366,21,72,0.0,0.0,0.0,0.0,1.0,0.9999999999999999,-1.05,0.0
1770415537.8014612,21,73,0.0,0.0,0.0,0.0,1.0,0.9999999999999999,-1.05,0.0
1770415537.8025675,21,74,0.0,0.0,0.0,0.0,1.0,0.9999999999999999,-1.05,0.0
1770415537.8036544,21,75,0.0,0.0,0.0,0.0,1.0,0.9999999999999999,-1.05,0.0
1770415537.8046708,21,76,0.0,0.0,0.0,0.0,1.0,0.9999999999999999,-1.05,0.0
1770415537.8056555,21,77,0.0,0.0,0.0,0.0,1.0,0.9999999999999999,-1.05,0.0
1770415537.8066478,21,78,0.0,0.0,0.0,0.0,1.0,0.9999999999999999,-1.05,0.0
1770415537.8076146,21,79,0.0,0.0,0.0,0.0,1.0,0.9999999999999999,-1.05,0.0
1770415537.8085349,21,80,0.0,0.0,0.0,0.0,1.0,0.9999999999999999,-1.05,0.0
1770415537.8095226,21,81,0.0,0.0,0.0,0.0,1.0,0.9999999999999999,-1.05,0.0
1770415537.810787,21,82,0.0,0.0,0.0,0.0,1.0,0.9999999999999999,-1.05,0.0
1770415537.8118804,21,83,0.0,0.0,0.0,0.0,1.0,0.9999999999999999,-1.05,0.0
1770415537.8130233,21,84,0.0,0.0,0.0,0.0,1.0,0.9999999999999999,-1.05,0.0
1770415537.8140628,21,85,0.0,0.0,0.0,0.0,1.0,0.9999999999999999,-1.05,0.0
1770415537.815096,21,86,0.0,0.0,0.0,0.0,1.0,0.9999999999999999,-1.05,0.0
1770415537.8160877,21,87,0.0,0.0,0.0,0.0,1.0,0.9999999999999999,-1.05,0.0
1770415537.8170578,21,88,0.0,0.0,0.0,0.0,1.0,0.9999999999999999,-1.05,0.0
1770415537.8181267,21,89,0.0,0.0,0.0,0.0,1.0,0.9999999999999999,-1.05,0.0
1770415537.8191075,21,90,0.0,0.0,0.0,0.0,1.0,0.9999999999999999,-1.05,0.0
1770415537.8201392,21,91,0.0,0.0,0.0,0.0,1.0,0.9999999999999999,-1.05,0.0
1770415537.821155,21,92,0.0,0.0,0.0,0.0,1.0,0.9999999999999999,-1.05,0.0
1770415537.8221226,21,93,0.0,0.0,0.0,0.0,1.0,0.9999999999999999,-1.05,0.0
1770415537.8231506,21,94,0.0,0.0,0.0,0.0,1.0,0.9999999999999999,-1.05,0.0
1770415537.8241801,21,95,0.0,0.0,0.0,0.0,1.0,0.9999999999999999,-1.05,0.0
1770415537.825148,21,96,0.0,0.0,0.0,0.0,1.0,0.9999999999999999,-1.05,0.0
1770415537.8261485,21,97,0.0,0.0,0.0,0.0,1.0,0.9999999999999999,-1.05,0.0
1770415537.8270652,21,98,0.0,0.0,0.0,0.0,1.0,0.9999999999999999,-1.05,0.0
1770415537.8279803,21,99,0.0,0.0,0.0,0.0,1.0,0.9999999999999999,-1.05,0.0
1770415537.828984,21,100,0.0,0.0,0.0,0.0,1.0,0.9999999999999999,-1.05,0.0
1770415537.8300376,21,101,0.0,0.0,0.0,0.0,1.0,0.9999999999999999,-1.05,0.0
1770415537.8308704,21,102,0.0,0.0,0.0,0.0,1.0,0.9999999999999999,-1.05,0.0
1770415537.8318102,21,103,0.0,0.0,0.0,0.0,1.0,0.9999999999999999,-1.05,0.0
1770415537.8327801,21,104,0.0,0.0,0.0,0.0,1.0,0.9999999999999999,-1.05,0.0
1770415537.8337228,21,105,0.0,0.0,0.0,0.0,1.0,0.9999999999999999,-1.05,0.0
1770415537.8345554,21,106,0.0,0.0,0.0,0.0,1.0,0.9999999999999999,-1.05,0.0
1770415537.8354204,21,107,0.0,0.0,0.0,0.0,1.0,0.9999999999999999,-1.05,0.0
1770415537.8362086,21,108,0.0,0.0,0.0,0.0,1.0,0.9999999999999999,-1.05,0.0
1770415537.8371496,21,109,0.0,0.0,0.0,0.0,1.0,0.9999999999999999,-1.05,0.0
1770415537.8381128,21,110,0.0,0.0,0.0,0.0,1.0,0.9999999999999999,-1.05,0.0
1770415537.838956,21,111,0.0,0.0,0.0,0.0,1.0,0.9999999999999999,-1.05,0.0
1770415537.8400936,21,112,0.0,0.0,0.0,0.0,1.0,0.9999999999999999,-1.05,0.0
1770415537.841221,21,113,0.0,0.0,0.0,0.0,1.0,0.9999999999999999,-1.05,0.0
1770415537.8423884,21,114,0.0,0.0,0.0,0.0,1.0,0.9999999999999999,-1.05,0.0
1770415537.8435638,21,115,0.0,0.0,0.0,0.0,1.0,0.9999999999999999,-1.05,0.0
1770415537.844577,21,116,0.0,0.0,0.0,0.0,1.0,0.9999999999999999,-1.05,0.0
1770415537.8456898,21,117,0.0,0.0,0.0,0.0,1.0,0.9999999999999999,-1.05,0.0
1770415537.846624,21,118,0.0,0.0,0.0,0.0,1.0,0.9999999999999999,-1.05,0.0
1770415537.8475513,21,119,0.0,0.0,0.0,0.0,1.0,0.9999999999999999,-1.05,0.0
1770415537.8486292,21,120,0.0,0.0,0.0,0.0,1.0,0.9999999999999999,-1.05,0.0
1770415537.8496292,21,121,0.0,0.0,0.0,0.0,1.0,0.9999999999999999,-1.05,0.0
1770415537.850538,21,122,0.0,0.0,0.0,0.0,1.0,0.9999999999999999,-1.05,0.0
1770415537.8514264,21,123,0.0,0.0,0.0,0.0,1.0,0.9999999999999999,-1.05,0.0
1770415537.85244,21,124,0.0,0.0,0.0,0.0,1.0,0.9999999999999999,-1.05,0.0
1770415537.8536258,21,125,0.0,0.0,0.0,0.0,1.0,0.9999999999999999,-1.05,0.0
1770415537.8545725,21,126,0.0,0.0,0.0,0.0,1.0,0.9999999999999999,-1.05,0.0
1770415537.8553894,21,127,0.0,0.0,0.0,0.0,1.0,0.9999999999999999,-1.05,0.0
1770415537.856166,21,128,0.0,0.0,0.0,0.0,1.0,0.9999999999999999,-1.05,0.0
1770415537.8569114,21,129,0.0,0.0,0.0,0.0,1.0,0.9999999999999999,-1.05,0.0
1770415537.8575954,21,130,0.0,0.0,0.0,0.0,1.0,0.9999999999999999,-1.05,0.0
1770415537.8584123,21,131,0.0,0.0,0.0,0.0,1.0,0.9999999999999999,-1.05,0.0
1770415537.8596854,21,132,0.0,0.0,0.0,0.0,1.0,0.9999999999999999,-1.05,0.0
1770415537.860583,21,133,0.0,0.0,0.0,0.0,1.0,0.9999999999999999,-1.05,0.0
1770415537.8614447,21,134,0.0,0.0,0.0,0.0,1.0,0.9999999999999999,-1.05,0.0
1770415537.86231,21,135,0.0,0.0,0.0,0.0,1.0,0.9999999999999999,-1.05,0.0
1770415537.8630867,21,136,0.0,0.0,0.0,0.0,1.0,0.9999999999999999,-1.05,0.0
1770415537.8637602,21,137,0.0,0.0,0.0,0.0,1.0,0.9999999999999999,-1.05,0.0
1770415537.8649397,21,138,0.0,0.0,0.0,0.0,1.0,0.9999999999999999,-1.05,0.0
1770415537.8659906,21,139,0.0,0.0,0.0,0.0,1.0,0.9999999999999999,-1.05,0.0
1770415537.866943,21,140,0.0,0.0,0.0,0.0,1.0,0.9999999999999999,-1.05,0.0
1770415537.8678682,21,141,0.0,0.0,0.0,0.0,1.0,0.9999999999999999,-1.05,0.0
1770415537.8686194,21,142,0.0,0.0,0.0,0.0,1.0,0.9999999999999999,-1.05,0.0
1770415537.8693593,21,143,0.0,0.0,0.0,0.0,1.0,0.9999999999999999,-1.05,0.0
1770415537.8700554,21,144,0.0,0.0,0.0,0.0,1.0,0.9999999999999999,-1.05,0.0
1770415537.870753,21,145,0.0,0.0,0.0,0.0,1.0,0.9999999999999999,-1.05,0.0
1770415537.8715072,21,146,0.0,0.0,0.0,0.0,1.0,0.9999999999999999,-1.05,0.0
1770415537.8722713,21,147,0.0,0.0,0.0,0.0,1.0,0.9999999999999999,-1.05,0.0
1770415537.8729708,21,148,0.0,0.0,0.0,0.0,1.0,0.9999999999999999,-1.05,0.0
1770415537.8736372,21,149,0.0,0.0,0.0,0.0,1.0,0.9999999999999999,-1.05,0.0
1770415537.8743312,21,150,0.0,0.0,0.0,0.0,1.0,0.9999999999999999,-1.05,0.0
1770415537.8750923,21,151,0.0,0.0,0.0,0.0,1.0,0.9999999999999999,-1.05,0.0
1770415537.8760824,21,152,0.0,0.0,0.0,0.0,1.0,0.9999999999999999,-1.05,0.0
1770415537.877118,21,153,0.0,0.0,0.0,0.0,1.0,0.9999999999999999,-1.05,0.0
1770415537.8781722,21,154,0.0,0.0,0.0,0.0,1.0,0.9999999999999999,-1.05,0.0
1770415537.8791978,21,155,0.0,0.0,0.0,0.0,1.0,0.9999999999999999,-1.05,0.0
1770415537.8802648,21,156,0.0,0.0,0.0,0.0,1.0,0.9999999999999999,-1.05,0.0
1770415537.881349,21,157,0.0,0.0,0.0,0.0,1.0,0.9999999999999999,-1.05,0.0
1770415537.882315,21,158,0.0,0.0,0.0,0.0,1.0,0.9999999999999999,-1.05,0.0
1770415537.8831394,21,159,0.0,0.0,0.0,0.0,1.0,0.9999999999999999,-1.05,0.0
1770415537.8839629,21,160,0.0,0.0,0.0,0.0,1.0,0.9999999999999999,-1.05,0.0
1770415537.8846884,21,161,0.0,0.0,0.0,0.0,1.0,0.9999999999999999,-1.05,0.0
1770415537.8855903,21,162,0.0,0.0,0.0,0.0,1.0,0.9999999999999999,-1.05,0.0
1770415537.8864713,21,163,0.0,0.0,0.0,0.0,1.0,0.9999999999999999,-1.05,0.0
1770415537.8873763,21,164,0.0,0.0,0.0,0.0,1.0,0.9999999999999999,-1.05,0.0
1770415537.8884563,21,165,0.0,0.0,0.0,0.0,1.0,0.9999999999999999,-1.05,0.0
1770415537.889554,21,166,0.0,0.0,0.0,0.0,1.0,0.9999999999999999,-1.05,0.0
1770415537.8904655,21,167,0.0,0.0,0.0,0.0,1.0,0.9999999999999999,-1.05,0.0
1770415537.8916223,21,168,0.0,0.0,0.0,0.0,1.0,0.9999999999999999,-1.05,0.0
1770415537.892415,21,169,0.0,0.0,0.0,0.0,1.0,0.9999999999999999,-1.05,0.0
1770415537.8932018,21,170,0.0,0.0,0.0,0.0,1.0,0.9999999999999999,-1.05,0.0
1770415537.8939703,21,171,0.0,0.0,0.0,0.0,1.0,0.9999999999999999,-1.05,0.0
1770415537.8946557,21,172,0.0,0.0,0.0,0.0,1.0,0.9999999999999999,-1.05,0.0
1770415537.8953989,21,173,0.0,0.0,0.0,0.0,1.0,0.9999999999999999,-1.05,0.0
1770415537.8961337,21,174,0.0,0.0,0.0,0.0,1.0,0.9999999999999999,-1.05,0.0
1770415537.8969223,21,175,0.0,0.0,0.0,0.0,1.0,0.9999999999999999,-1.05,0.0
1770415537.8978286,21,176,0.0,0.0,0.0,0.0,1.0,0.9999999999999999,-1.05,0.0
1770415537.8988583,21,177,0.0,0.0,0.0,0.0,1.0,0.9999999999999999,-1.05,0.0
1770415537.899878,21,178,0.0,0.0,0.0,0.0,1.0,0.9999999999999999,-1.05,0.0
1770415537.900843,21,179,0.0,0.0,0.0,0.0,1.0,0.9999999999999999,-1.05,0.0
1770415537.9018505,21,180,0.0,0.0,0.0,0.0,1.0,0.9999999999999999,-1.05,0.0
1770415537.902811,21,181,0.0,0.0,0.0,0.0,1.0,0.9999999999999999,-1.05,0.0
1770415537.903872,21,182,0.0,0.0,0.0,0.0,1.0,0.9999999999999999,-1.05,0.0
1770415537.904788,21,183,0.0,0.0,0.0,0.0,1.0,0.9999999999999999,-1.05,0.0
1770415537.9057176,21,184,0.0,0.0,0.0,0.0,1.0,0.9999999999999999,-1.05,0.0
1770415537.9065351,21,185,0.0,0.0,0.0,0.0,1.0,0.9999999999999999,-1.05,0.0
1770415537.9077036,21,186,0.0,0.0,0.0,0.0,1.0,0.9999999999999999,-1.05,0.0
1770415537.9087315,21,187,0.0,0.0,0.0,0.0,1.0,0.9999999999999999,-1.05,0.0
1770415537.9097264,21,188,0.0,0.0,0.0,0.0,1.0,0.9999999999999999,-1.05,0.0
1770415537.9107542,21,189,0.0,0.0,0.0,0.0,1.0,0.9999999999999999,-1.05,0.0
1770415537.9117153,21,190,0.0,0.0,0.0,0.0,1.0,0.9999999999999999,-1.05,0.0
1770415537.9128015,21,191,0.0,0.0,0.0,0.0,1.0,0.9999999999999999,-1.05,0.0
1770415537.9140687,21,192,0.0,0.0,0.0,0.0,1.0,0.9999999999999999,-1.05,0.0
1770415537.9150968,21,193,0.0,0.0,0.0,0.0,1.0,0.9999999999999999,-1.05,0.0
1770415537.9161694,21,194,0.0,0.0,0.0,0.0,1.0,0.9999999999999999,-1.05,0.0
1770415537.917113,21,195,0.0,0.0,0.0,0.0,1.0,0.9999999999999999,-1.05,0.0
1770415537.9181676,21,196,0.0,0.0,0.0,0.0,1.0,0.9999999999999999,-1.05,0.0
1770415537.919191,21,197,0.0,0.0,0.0,0.0,1.0,0.9999999999999999,-1.05,0.0
1770415537.9202619,21,198,0.0,0.0,0.0,0.0,1.0,0.9999999999999999,-1.05,0.0
1770415537.9213119,21,199,0.0,0.0,0.0,0.0,1.0,0.9999999999999999,-1.05,0.0
1770415537.9220886,21,200,0.0,0.0,0.0,0.0,1.0,0.9999999999999999,-1.05,0.0
1770415537.9694216,22,0,0.0,0.0,0.0,0.0,1.0,0.0,0.0,0.0
1770415537.9704053,22,1,0.0,0.0,0.0,0.0,1.0,0.9999999999999999,-0.049999999999999996,0.0
1770415537.9713998,22,2,0.0,0.0,0.0,0.0,1.0,0.9999999999999999,-0.049999999999999996,0.0
1770415537.9723234,22,3,0.0,0.0,0.0,0.0,1.0,0.9999999999999999,-0.049999999999999996,0.0
1770415537.97337,22,4,0.0,0.0,0.0,0.0,1.0,0.9999999999999999,-0.049999999999999996,0.0
1770415537.974425,22,5,0.0,0.0,0.0,0.0,1.0,0.9999999999999999,-0.049999999999999996,0.0
1770415537.9757066,22,6,0.0,0.0,0.0,0.0,1.0,0.9999999999999999,-1.05,0.0
1770415537.9767692,22,7,0.0,0.0,0.0,0.0,1.0,0.9999999999999999,-1.05,0.0
1770415537.9778988,22,8,0.0,0.0,0.0,0.0,1.0,0.9999999999999999,-1.05,0.0
1770415537.9789639,22,9,0.0,0.0,0.0,0.0,1.0,0.9999999999999999,-1.05,0.0
1770415537.980008,22,10,0.0,0.0,0.0,0.0,1.0,0.9999999999999999,-1.05,0.0
1770415537.9808397,22,11,0.0,0.0,0.0,0.0,1.0,0.9999999999999999,-1.05,0.0
1770415537.9818308,22,12,0.0,0.0,0.0,0.0,1.0,0.9999999999999999,-1.05,0.0
1770415537.9829307,22,13,0.0,0.0,0.0,0.0,1.0,0.9999999999999999,-1.05,0.0
1770415537.983962,22,14,0.0,0.0,0.0,0.0,1.0,0.9999999999999999,-1.05,0.0
1770415537.9850533,22,15,0.0,0.0,0.0,0.0,1.0,0.9999999999999999,-1.05,0.0
1770415537.9861076,22,16,0.0,0.0,0.0,0.0,1.0,0.9999999999999999,-1.05,0.0
1770415537.9871573,22,17,0.0,0.0,0.0,0.0,1.0,0.9999999999999999,-1.05,0.0
1770415537.9882286,22,18,0.0,0.0,0.0,0.0,1.0,0.9999999999999999,-1.05,0.0
1770415537.9894848,22,19,0.0,0.0,0.0,0.0,1.0,0.9999999999999999,-1.05,0.0
1770415537.9905894,22,20,0.0,0.0,0.0,0.0,1.0,0.9999999999999999,-1.05,0.0
1770415537.9917207,22,21,0.0,0.0,0.0,0.0,1.0,0.9999999999999999,-1.05,0.0
1770415537.992616,22,22,0.0,0.0,0.0,0.0,1.0,0.9999999999999999,-1.05,0.0
1770415537.993363,22,23,0.0,0.0,0.0,0.0,1.0,0.9999999999999999,-1.05,0.0
1770415537.9945302,22,24,0.0,0.0,0.0,0.0,1.0,0.9999999999999999,-1.05,0.0
1770415537.9953966,22,25,0.0,0.0,0.0,0.0,1.0,0.9999999999999999,-1.05,0.0
1770415537.9962857,22,26,0.0,0.0,0.0,0.0,1.0,0.9999999999999999,-1.05,0.0
1770415537.9971163,22,27,0.0,0.0,0.0,0.0,1.0,0.9999999999999999,-1.05,0.0
1770415537.9980652,22,28,0.0,0.0,0.0,0.0,1.0,0.9999999999999999,-1.05,0.0
1770415537.9990568,22,29,0.0,0.0,0.0,0.0,1.0,0.9999999999999999,-1.05,0.0
1770415537.9999728,22,30,0.0,0.0,0.0,0.0,1.0,0.9999999999999999,-1.05,0.0
1770415538.0008395,22,31,0.0,0.0,0.0,0.0,1.0,0.9999999999999999,-1.05,0.0
1770415538.0019176,22,32,0.0,0.0,0.0,0.0,1.0,0.9999999999999999,-1.05,0.0
1770415538.00305,22,33,0.0,0.0,0.0,0.0,1.0,0.9999999999999999,-1.05,0.0
1770415538.0040507,22,34,0.0,0.0,0.0,0.0,1.0,0.9999999999999999,-1.05,0.0
1770415538.0049706,22,35,0.0,0.0,0.0,0.0,1.0,0.9999999999999999,-1.05,0.0
1770415538.0059788,22,36,0.0,0.0,0.0,0.0,1.0,0.9999999999999999,-1.05,0.0
1770415538.0071073,22,37,0.0,0.0,0.0,0.0,1.0,0.9999999999999999,-1.05,0.0
1770415538.0081656,22,38,0.0,0.0,0.0,0.0,1.0,0.9999999999999999,-1.05,0.0
1770415538.0092056,22,39,0.0,0.0,0.0,0.0,1.0,0.9999999999999999,-1.05,0.0
1770415538.010101,22,40,0.0,0.0,0.0,0.0,1.0,0.9999999999999999,-1.05,0.0
1770415538.010806,22,41,0.0,0.0,0.0,0.0,1.0,0.9999999999999999,-1.05,0.0
1770415538.0115857,22,42,0.0,0.0,0.0,0.0,1.0,0.9999999999999999,-1.05,0.0
1770415538.0124142,22,43,0.0,0.0,0.0,0.0,1.0,0.9999999999999999,-1.05,0.0
1770415538.0133388,22,44,0.0,0.0,0.0,0.0,1.0,0.9999999999999999,-1.05,0.0
1770415538.01427,22,45,0.0,0.0,0.0,0.0,1.0,0.9999999999999999,-1.05,0.0
1770415538.015639,22,46,0.0,0.0,0.0,0.0,1.0,0.9999999999999999,-1.05,0.0
1770415538.0166674,22,47,0.0,0.0,0.0,0.0,1.0,0.9999999999999999,-1.05,0.0
1770415538.0178106,22,48,0.0,0.0,0.0,0.0,1.0,0.9999999999999999,-1.05,0.0
1770415538.0189633,22,49,0.0,0.0,0.0,0.0,1.0,0.9999999999999999,-1.05,0.0
1770415538.020024,22,50,0.0,0.0,0.0,0.0,1.0,0.9999999999999999,-1.05,0.0
1770415538.0210962,22,51,0.0,0.0,0.0,0.0,1.0,0.9999999999999999,-1.05,0.0
1770415538.0221918,22,52,0.0,0.0,0.0,0.0,1.0,0.9999999999999999,-1.05,0.0
1770415538.0232632,22,53,0.0,0.0,0.0,0.0,1.0,0.9999999999999999,-1.05,0.0
1770415538.0244355,22,54,0.0,0.0,0.0,0.0,1.0,0.9999999999999999,-1.05,0.0
1770415538.0254884,22,55,0.0,0.0,0.0,0.0,1.0,0.9999999999999999,-1.05,0.0
1770415538.0263932,22,56,0.0,0.0,0.0,0.0,1.0,0.9999999999999999,-1.05,0.0
1770415538.0273798,22,57,0.0,0.0,0.0,0.0,1.0,0.9999999999999999,-1.05,0.0
1770415538.0283556,22,58,0.0,0.0,0.0,0.0,1.0,0.9999999999999999,-1.05,0.0
1770415538.0294616,22,59,0.0,0.0,0.0,0.0,1.0,0.9999999999999999,-1.05,0.0
1770415538.0305905,22,60,0.0,0.0,0.0,0.0,1.0,0.9999999999999999,-1.05,0.0
1770415538.0314178,22,61,0.0,0.0,0.0,0.0,1.0,0.9999999999999999,-1.05,0.0
1770415538.0321987,22,62,0.0,0.0,0.0,0.0,1.0,0.9999999999999999,-1.05,0.0
1770415538.0330355,22,63,0.0,0.0,0.0,0.0,1.0,0.9999999999999999,-1.05,0.0
1770415538.0337996,22,64,0.0,0.0,0.0,0.0,1.0,0.9999999999999999,-1.05,0.0
1770415538.0346434,22,65,0.0,0.0,0.0,0.0,1.0,0.9999999999999999,-1.05,0.0
1770415538.0356293,22,66,0.0,0.0,0.0,0.0,1.0,0.9999999999999999,-1.05,0.0
1770415538.036538,22,67,0.0,0.0,0.0,0.0,1.0,0.9999999999999999,-1.05,0.0
1770415538.0374546,22,68,0.0,0.0,0.0,0.0,1.0,0.9999999999999999,-1.05,0.0
1770415538.0385358,22,69,0.0,0.0,0.0,0.0,1.0,0.9999999999999999,-1.05,0.0
1770415538.039546,22,70,0.0,0.0,0.0,0.0,1.0,0.9999999999999999,-1.05,0.0
1770415538.040689,22,71,0.0,0.0,0.0,0.0,1.0,0.9999999999999999,-1.05,0.0
1770415538.041568,22,72,0.0,0.0,0.0,0.0,1.0,0.9999999999999999,-1.05,0.0
1770415538.042585,22,73,0.0,0.0,0.0,0.0,1.0,0.9999999999999999,-1.05,0.0
1770415538.0436182,22,74,0.0,0.0,0.0,0.0,1.0,0.9999999999999999,-1.05,0.0
1770415538.0445364,22,75,0.0,0.0,0.0,0.0,1.0,0.9999999999999999,-1.05,0.0
1770415538.0457067,22,76,0.0,0.0,0.0,0.0,1.0,0.9999999999999999,-1.05,0.0
1770415538.0466924,22,77,0.0,0.0,0.0,0.0,1.0,0.9999999999999999,-1.05,0.0
1770415538.0477898,22,78,0.0,0.0,0.0,0.0,1.0,0.9999999999999999,-1.05,0.0
1770415538.0490866,22,79,0.0,0.0,0.0,0.0,1.0,0.9999999999999999,-1.05,0.0
1770415538.0500948,22,80,0.0,0.0,0.0,0.0,1.0,0.9999999999999999,-1.05,0.0
1770415538.0510237,22,81,0.0,0.0,0.0,0.0,1.0,0.9999999999999999,-1.05,0.0
1770415538.0518365,22,82,0.0,0.0,0.0,0.0,1.0,0.9999999999999999,-1.05,0.0
1770415538.052705,22,83,0.0,0.0,0.0,0.0,1.0,0.9999999999999999,-1.05,0.0
1770415538.0535953,22,84,0.0,0.0,0.0,0.0,1.0,0.9999999999999999,-1.05,0.0
1770415538.0545745,22,85,0.0,0.0,0.0,0.0,1.0,0.9999999999999999,-1.05,0.0
1770415538.0554855,22,86,0.0,0.0,0.0,0.0,1.0,0.9999999999999999,-1.05,0.0
1770415538.0564582,22,87,0.0,0.0,0.0,0.0,1.0,0.9999999999999999,-1.05,0.0
1770415538.0574505,22,88,0.0,0.0,0.0,0.0,1.0,0.9999999999999999,-1.05,0.0
1770415538.058347,22,89,0.0,0.0,0.0,0.0,1.0,0.9999999999999999,-1.05,0.0
1770415538.059299,22,90,0.0,0.0,0.0,0.0,1.0,0.9999999999999999,-1.05,0.0
1770415538.0604413,22,91,0.0,0.0,0.0,0.0,1.0,0.9999999999999999,-1.05,0.0
1770415538.0613406,22,92,0.0,0.0,0.0,0.0,1.0,0.9999999999999999,-1.05,0.0
1770415538.0623944,22,93,0.0,0.0,0.0,0.0,1.0,0.9999999999999999,-1.05,0.0
1770415538.06328,22,94,0.0,0.0,0.0,0.0,1.0,0.9999999999999999,-1.05,0.0
1770415538.0640814,22,95,0.0,0.0,0.0,0.0,1.0,0.9999999999999999,-1.05,0.0
1770415538.065077,22,96,0.0,0.0,0.0,0.0,1.0,0.9999999999999999,-1.05,0.0
1770415538.066335,22,97,0.0,0.0,0.0,0.0,1.0,0.9999999999999999,-1.05,0.0
1770415538.0675669,22,98,0.0,0.0,0.0,0.0,1.0,0.9999999999999999,-1.05,0.0
1770415538.068625,22,99,0.0,0.0,0.0,0.0,1.0,0.9999999999999999,-1.05,0.0
1770415538.0696974,22,100,0.0,0.0,0.0,0.0,1.0,0.9999999999999999,-1.05,0.0
1770415538.0706074,22,101,0.0,0.0,0.0,0.0,1.0,0.9999999999999999,-1.05,0.0
1770415538.071497,22,102,0.0,0.0,0.0,0.0,1.0,0.9999999999999999,-1.05,0.0
1770415538.0726278,22,103,0.0,0.0,0.0,0.0,1.0,0.9999999999999999,-1.05,0.0
1770415538.073818,22,104,0.0,0.0,0.0,0.0,1.0,0.9999999999999999,-1.05,0.0
1770415538.0749626,22,105,0.0,0.0,0.0,0.0,1.0,0.9999999999999999,-1.05,0.0
1770415538.0761209,22,106,0.0,0.0,0.0,0.0,1.0,0.9999999999999999,-1.05,0.0
1770415538.077149,22,107,0.0,0.0,0.0,0.0,1.0,0.9999999999999999,-1.05,0.0
1770415538.0781891,22,108,0.0,0.0,0.0,0.0,1.0,0.9999999999999999,-1.05,0.0
1770415538.0792408,22,109,0.0,0.0,0.0,0.0,1.0,0.9999999999999999,-1.05,0.0
1770415538.080123,22,110,0.0,0.0,0.0,0.0,1.0,0.9999999999999999,-1.05,0.0
1770415538.0810049,22,111,0.0,0.0,0.0,0.0,1.0,0.9999999999999999,-1.05,0.0
1770415538.0817282,22,112,0.0,0.0,0.0,0.0,1.0,0.9999999999999999,-1.05,0.0
1770415538.0825272,22,113,0.0,0.0,0.0,0.0,1.0,0.9999999999999999,-1.05,0.0
1770415538.0833664,22,114,0.0,0.0,0.0,0.0,1.0,0.9999999999999999,-1.05,0.0
1770415538.0844069,22,115,0.0,0.0,0.0,0.0,1.0,0.9999999999999999,-1.05,0.0
1770415538.0854383,22,116,0.0,0.0,0.0,0.0,1.0,0.9999999999999999,-1.05,0.0
1770415538.0864775,22,117,0.0,0.0,0.0,0.0,1.0,0.9999999999999999,-1.05,0.0
1770415538.0873706,22,118,0.0,0.0,0.0,0.0,1.0,0.9999999999999999,-1.05,0.0
1770415538.0884323,22,119,0.0,0.0,0.0,0.0,1.0,0.9999999999999999,-1.05,0.0
1770415538.0893111,22,120,0.0,0.0,0.0,0.0,1.0,0.9999999999999999,-1.05,0.0
1770415538.090317,22,121,0.0,0.0,0.0,0.0,1.0,0.9999999999999999,-1.05,0.0
1770415538.0912857,22,122,0.0,0.0,0.0,0.0,1.0,0.9999999999999999,-1.05,0.0
1770415538.092111,22,123,0.0,0.0,0.0,0.0,1.0,0.9999999999999999,-1.05,0.0
1770415538.0929005,22,124,0.0,0.0,0.0,0.0,1.0,0.9999999999999999,-1.05,0.0
1770415538.0937963,22,125,0.0,0.0,0.0,0.0,1.0,0.9999999999999999,-1.05,0.0
1770415538.094821,22,126,0.0,0.0,0.0,0.0,1.0,0.9999999999999999,-1.05,0.0
1770415538.0957892,22,127,0.0,0.0,0.0,0.0,1.0,0.9999999999999999,-1.05,0.0
1770415538.09708,22,128,0.0,0.0,0.0,0.0,1.0,0.9999999999999999,-1.05,0.0
1770415538.0980554,22,129,0.0,0.0,0.0,0.0,1.0,0.9999999999999999,-1.05,0.0
1770415538.098872,22,130,0.0,0.0,0.0,0.0,1.0,0.9999999999999999,-1.05,0.0
1770415538.0996454,22,131,0.0,0.0,0.0,0.0,1.0,0.9999999999999999,-1.05,0.0
1770415538.1003666,22,132,0.0,0.0,0.0,0.0,1.0,0.9999999999999999,-1.05,0.0
1770415538.101155,22,133,0.0,0.0,0.0,0.0,1.0,0.9999999999999999,-1.05,0.0
1770415538.1019044,22,134,0.0,0.0,0.0,0.0,1.0,0.9999999999999999,-1.05,0.0
1770415538.102623,22,135,0.0,0.0,0.0,0.0,1.0,0.9999999999999999,-1.05,0.0
1770415538.103454,22,136,0.0,0.0,0.0,0.0,1.0,0.9999999999999999,-1.05,0.0
1770415538.1045833,22,137,0.0,0.0,0.0,0.0,1.0,0.9999999999999999,-1.05,0.0
1770415538.1055672,22,138,0.0,0.0,0.0,0.0,1.0,0.9999999999999999,-1.05,0.0
1770415538.106621,22,139,0.0,0.0,0.0,0.0,1.0,0.9999999999999999,-1.05,0.0
1770415538.1074944,22,140,0.0,0.0,0.0,0.0,1.0,0.9999999999999999,-1.05,0.0
1770415538.1083155,22,141,0.0,0.0,0.0,0.0,1.0,0.9999999999999999,-1.05,0.0
1770415538.1093678,22,142,0.0,0.0,0.0,0.0,1.0,0.9999999999999999,-1.05,0.0
1770415538.1106384,22,143,0.0,0.0,0.0,0.0,1.0,0.9999999999999999,-1.05,0.0
1770415538.1115825,22,144,0.0,0.0,0.0,0.0,1.0,0.9999999999999999,-1.05,0.0
1770415538.1125169,22,145,0.0,0.0,0.0,0.0,1.0,0.9999999999999999,-1.05,0.0
1770415538.1134512,22,146,0.0,0.0,0.0,0.0,1.0,0.9999999999999999,-1.05,0.0
1770415538.1143875,22,147,0.0,0.0,0.0,0.0,1.0,0.9999999999999999,-1.05,0.0
1770415538.1155903,22,148,0.0,0.0,0.0,0.0,1.0,0.9999999999999999,-1.05,0.0
1770415538.1166115,22,149,0.0,0.0,0.0,0.0,1.0,0.9999999999999999,-1.05,0.0
1770415538.1175785,22,150,0.0,0.0,0.0,0.0,1.0,0.9999999999999999,-1.05,0.0
1770415538.1185224,22,151,0.0,0.0,0.0,0.0,1.0,0.9999999999999999,-1.05,0.0
1770415538.1194193,22,152,0.0,0.0,0.0,0.0,1.0,0.9999999999999999,-1.05,0.0
1770415538.1204398,22,153,0.0,0.0,0.0,0.0,1.0,0.9999999999999999,-1.05,0.0
1770415538.1213715,22,154,0.0,0.0,0.0,0.0,1.0,0.9999999999999999,-1.05,0.0
1770415538.1222072,22,155,0.0,0.0,0.0,0.0,1.0,0.9999999999999999,-1.05,0.0
1770415538.1230872,22,156,0.0,0.0,0.0,0.0,1.0,0.9999999999999999,-1.05,0.0
1770415538.1240082,22,157,0.0,0.0,0.0,0.0,1.0,0.9999999999999999,-1.05,0.0
1770415538.124779,22,158,0.0,0.0,0.0,0.0,1.0,0.9999999999999999,-1.05,0.0
1770415538.1256547,22,159,0.0,0.0,0.0,0.0,1.0,0.9999999999999999,-1.05,0.0
1770415538.1265397,22,160,0.0,0.0,0.0,0.0,1.0,0.9999999999999999,-1.05,0.0
1770415538.127525,22,161,0.0,0.0,0.0,0.0,1.0,0.9999999999999999,-1.05,0.0
1770415538.128537,22,162,0.0,0.0,0.0,0.0,1.0,0.9999999999999999,-1.05,0.0
1770415538.1295788,22,163,0.0,0.0,0.0,0.0,1.0,0.9999999999999999,-1.05,0.0
1770415538.130362,22,164,0.0,0.0,0.0,0.0,1.0,0.9999999999999999,-1.05,0.0
1770415538.131276,22,165,0.0,0.0,0.0,0.0,1.0,0.9999999999999999,-1.05,0.0
1770415538.1322188,22,166,0.0,0.0,0.0,0.0,1.0,0.9999999999999999,-1.05,0.0
1770415538.133225,22,167,0.0,0.0,0.0,0.0,1.0,0.9999999999999999,-1.05,0.0
1770415538.134217,22,168,0.0,0.0,0.0,0.0,1.0,0.9999999999999999,-1.05,0.0
1770415538.1352682,22,169,0.0,0.0,0.0,0.0,1.0,0.9999999999999999,-1.05,0.0
1770415538.1363087,22,170,0.0,0.0,0.0,0.0,1.0,0.9999999999999999,-1.05,0.0
1770415538.137217,22,171,0.0,0.0,0.0,0.0,1.0,0.9999999999999999,-1.05,0.0
1770415538.1380064,22,172,0.0,0.0,0.0,0.0,1.0,0.9999999999999999,-1.05,0.0
1770415538.1387546,22,173,0.0,0.0,0.0,0.0,1.0,0.9999999999999999,-1.05,0.0
1770415538.139568,22,174,0.0,0.0,0.0,0.0,1.0,0.9999999999999999,-1.05,0.0
1770415538.140814,22,175,0.0,0.0,0.0,0.0,1.0,0.9999999999999999,-1.05,0.0
1770415538.141711,22,176,0.0,0.0,0.0,0.0,1.0,0.9999999999999999,-1.05,0.0
1770415538.1426363,22,177,0.0,0.0,0.0,0.0,1.0,0.9999999999999999,-1.05,0.0
1770415538.143597,22,178,0.0,0.0,0.0,0.0,1.0,0.9999999999999999,-1.05,0.0
1770415538.1444547,22,179,0.0,0.0,0.0,0.0,1.0,0.9999999999999999,-1.05,0.0
1770415538.1452608,22,180,0.0,0.0,0.0,0.0,1.0,0.9999999999999999,-1.05,0.0
1770415538.145993,22,181,0.0,0.0,0.0,0.0,1.0,0.9999999999999999,-1.05,0.0
1770415538.1467388,22,182,0.0,0.0,0.0,0.0,1.0,0.9999999999999999,-1.05,0.0
1770415538.1475546,22,183,0.0,0.0,0.0,0.0,1.0,0.9999999999999999,-1.05,0.0
1770415538.1484885,22,184,0.0,0.0,0.0,0.0,1.0,0.9999999999999999,-1.05,0.0
1770415538.1494288,22,185,0.0,0.0,0.0,0.0,1.0,0.9999999999999999,-1.05,0.0
1770415538.1505466,22,186,0.0,0.0,0.0,0.0,1.0,0.9999999999999999,-1.05,0.0
1770415538.1515763,22,187,0.0,0.0,0.0,0.0,1.0,0.9999999999999999,-1.05,0.0
1770415538.152585,22,188,0.0,0.0,0.0,0.0,1.0,0.9999999999999999,-1.05,0.0
1770415538.1534946,22,189,0.0,0.0,0.0,0.0,1.0,0.9999999999999999,-1.05,0.0
1770415538.15451,22,190,0.0,0.0,0.0,0.0,1.0,0.9999999999999999,-1.05,0.0
1770415538.1554818,22,191,0.0,0.0,0.0,0.0,1.0,0.9999999999999999,-1.05,0.0
1770415538.1564715,22,192,0.0,0.0,0.0,0.0,1.0,0.9999999999999999,-1.05,0.0
1770415538.1573768,22,193,0.0,0.0,0.0,0.0,1.0,0.9999999999999999,-1.05,0.0
1770415538.158346,22,194,0.0,0.0,0.0,0.0,1.0,0.9999999999999999,-1.05,0.0
1770415538.1593416,22,195,0.0,0.0,0.0,0.0,1.0,0.9999999999999999,-1.05,0.0
1770415538.1604,22,196,0.0,0.0,0.0,0.0,1.0,0.9999999999999999,-1.05,0.0
1770415538.1613286,22,197,0.0,0.0,0.0,0.0,1.0,0.9999999999999999,-1.05,0.0
1770415538.1624558,22,198,0.0,0.0,0.0,0.0,1.0,0.9999999999999999,-1.05,0.0
1770415538.1633382,22,199,0.0,0.0,0.0,0.0,1.0,0.9999999999999999,-1.05,0.0
1770415538.1644301,22,200,0.0,0.0,0.0,0.0,1.0,0.9999999999999999,-1.05,0.0
1770415538.2121747,23,0,0.0,0.0,0.0,0.0,1.0,0.0,0.0,0.0
1770415538.2131298,23,1,0.0,0.0,0.0,0.0,1.0,0.9999999999999999,-0.049999999999999996,0.0
1770415538.2138245,23,2,0.0,0.0,0.0,0.0,1.0,0.9999999999999999,-0.049999999999999996,0.0
1770415538.2146673,23,3,0.0,0.0,0.0,0.0,1.0,0.9999999999999999,-0.049999999999999996,0.0
1770415538.2154915,23,4,0.0,0.0,0.0,0.0,1.0,0.9999999999999999,-0.049999999999999996,0.0
1770415538.216267,23,5,0.0,0.0,0.0,0.0,1.0,0.9999999999999999,-0.049999999999999996,0.0
1770415538.2171688,23,6,0.0,0.0,0.0,0.0,1.0,0.9999999999999999,-1.05,0.0
1770415538.2182016,23,7,0.0,0.0,0.0,0.0,1.0,0.9999999999999999,-1.05,0.0
1770415538.219279,23,8,0.0,0.0,0.0,0.0,1.0,0.9999999999999999,-1.05,0.0
1770415538.2203753,23,9,0.0,0.0,0.0,0.0,1.0,0.9999999999999999,-1.05,0.0
1770415538.2213538,23,10,0.0,0.0,0.0,0.0,1.0,0.9999999999999999,-1.05,0.0
1770415538.2224712,23,11,0.0,0.0,0.0,0.0,1.0,0.9999999999999999,-1.05,0.0
1770415538.2235527,23,12,0.0,0.0,0.0,0.0,1.0,0.9999999999999999,-1.05,0.0
1770415538.2244747,23,13,0.0,0.0,0.0,0.0,1.0,0.9999999999999999,-1.05,0.0
1770415538.2254925,23,14,0.0,0.0,0.0,0.0,1.0,0.9999999999999999,-1.05,0.0
1770415538.2265527,23,15,0.0,0.0,0.0,0.0,1.0,0.9999999999999999,-1.05,0.0
1770415538.227622,23,16,0.0,0.0,0.0,0.0,1.0,0.9999999999999999,-1.05,0.0
1770415538.2284873,23,17,0.0,0.0,0.0,0.0,1.0,0.9999999999999999,-1.05,0.0
1770415538.2295032,23,18,0.0,0.0,0.0,0.0,1.0,0.9999999999999999,-1.05,0.0
1770415538.2305331,23,19,0.0,0.0,0.0,0.0,1.0,0.9999999999999999,-1.05,0.0
1770415538.2317228,23,20,0.0,0.0,0.0,0.0,1.0,0.9999999999999999,-1.05,0.0
1770415538.2327573,23,21,0.0,0.0,0.0,0.0,1.0,0.9999999999999999,-1.05,0.0
1770415538.23384,23,22,0.0,0.0,0.0,0.0,1.0,0.9999999999999999,-1.05,0.0
1770415538.234771,23,23,0.0,0.0,0.0,0.0,1.0,0.9999999999999999,-1.05,0.0
1770415538.235731,23,24,0.0,0.0,0.0,0.0,1.0,0.9999999999999999,-1.05,0.0
1770415538.2367585,23,25,0.0,0.0,0.0,0.0,1.0,0.9999999999999999,-1.05,0.0
1770415538.237492,23,26,0.0,0.0,0.0,0.0,1.0,0.9999999999999999,-1.05,0.0
1770415538.2385767,23,27,0.0,0.0,0.0,0.0,1.0,0.9999999999999999,-1.05,0.0
1770415538.23971,23,28,0.0,0.0,0.0,0.0,1.0,0.9999999999999999,-1.05,0.0
1770415538.240678,23,29,0.0,0.0,0.0,0.0,1.0,0.9999999999999999,-1.05,0.0
1770415538.2416482,23,30,0.0,0.0,0.0,0.0,1.0,0.9999999999999999,-1.05,0.0
1770415538.2426362,23,31,0.0,0.0,0.0,0.0,1.0,0.9999999999999999,-1.05,0.0
1770415538.243839,23,32,0.0,0.0,0.0,0.0,1.0,0.9999999999999999,-1.05,0.0
1770415538.2452033,23,33,0.0,0.0,0.0,0.0,1.0,0.9999999999999999,-1.05,0.0
1770415538.2461915,23,34,0.0,0.0,0.0,0.0,1.0,0.9999999999999999,-1.05,0.0
1770415538.2473292,23,35,0.0,0.0,0.0,0.0,1.0,0.9999999999999999,-1.05,0.0
1770415538.2485373,23,36,0.0,0.0,0.0,0.0,1.0,0.9999999999999999,-1.05,0.0
1770415538.249668,23,37,0.0,0.0,0.0,0.0,1.0,0.9999999999999999,-1.05,0.0
1770415538.2507293,23,38,0.0,0.0,0.0,0.0,1.0,0.9999999999999999,-1.05,0.0
1770415538.2516644,23,39,0.0,0.0,0.0,0.0,1.0,0.9999999999999999,-1.05,0.0
1770415538.2527769,23,40,0.0,0.0,0.0,0.0,1.0,0.9999999999999999,-1.05,0.0
1770415538.253665,23,41,0.0,0.0,0.0,0.0,1.0,0.9999999999999999,-1.05,0.0
1770415538.2547507,23,42,0.0,0.0,0.0,0.0,1.0,0.9999999999999999,-1.05,0.0
1770415538.2559948,23,43,0.0,0.0,0.0,0.0,1.0,0.9999999999999999,-1.05,0.0
1770415538.257125,23,44,0.0,0.0,0.0,0.0,1.0,0.9999999999999999,-1.05,0.0
1770415538.258306,23,45,0.0,0.0,0.0,0.0,1.0,0.9999999999999999,-1.05,0.0
1770415538.2593346,23,46,0.0,0.0,0.0,0.0,1.0,0.9999999999999999,-1.05,0.0
1770415538.2603335,23,47,0.0,0.0,0.0,0.0,1.0,0.9999999999999999,-1.05,0.0
1770415538.2611036,23,48,0.0,0.0,0.0,0.0,1.0,0.9999999999999999,-1.05,0.0
1770415538.2620726,23,49,0.0,0.0,0.0,0.0,1.0,0.9999999999999999,-1.05,0.0
1770415538.263102,23,50,0.0,0.0,0.0,0.0,1.0,0.9999999999999999,-1.05,0.0
1770415538.264113,23,51,0.0,0.0,0.0,0.0,1.0,0.9999999999999999,-1.05,0.0
1770415538.2652354,23,52,0.0,0.0,0.0,0.0,1.0,0.9999999999999999,-1.05,0.0
1770415538.2664614,23,53,0.0,0.0,0.0,0.0,1.0,0.9999999999999999,-1.05,0.0
1770415538.2675183,23,54,0.0,0.0,0.0,0.0,1.0,0.9999999999999999,-1.05,0.0
1770415538.2683814,23,55,0.0,0.0,0.0,0.0,1.0,0.9999999999999999,-1.05,0.0
1770415538.2692966,23,56,0.0,0.0,0.0,0.0,1.0,0.9999999999999999,-1.05,0.0
1770415538.2705495,23,57,0.0,0.0,0.0,0.0,1.0,0.9999999999999999,-1.05,0.0
1770415538.2715788,23,58,0.0,0.0,0.0,0.0,1.0,0.9999999999999999,-1.05,0.0
1770415538.272749,23,59,0.0,0.0,0.0,0.0,1.0,0.9999999999999999,-1.05,0.0
1770415538.2738576,23,60,0.0,0.0,0.0,0.0,1.0,0.9999999999999999,-1.05,0.0
1770415538.2751164,23,61,0.0,0.0,0.0,0.0,1.0,0.9999999999999999,-1.05,0.0
1770415538.2761703,23,62,0.0,0.0,0.0,0.0,1.0,0.9999999999999999,-1.05,0.0
1770415538.2772458,23,63,0.0,0.0,0.0,0.0,1.0,0.9999999999999999,-1.05,0.0
1770415538.278261,23,64,0.0,0.0,0.0,0.0,1.0,0.9999999999999999,-1.05,0.0
1770415538.279116,23,65,0.0,0.0,0.0,0.0,1.0,0.9999999999999999,-1.05,0.0
1770415538.2799995,23,66,0.0,0.0,0.0,0.0,1.0,0.9999999999999999,-1.05,0.0
1770415538.2810478,23,67,0.0,0.0,0.0,0.0,1.0,0.9999999999999999,-1.05,0.0
1770415538.282214,23,68,0.0,0.0,0.0,0.0,1.0,0.9999999999999999,-1.05,0.0
1770415538.2834194,23,69,0.0,0.0,0.0,0.0,1.0,0.9999999999999999,-1.05,0.0
1770415538.2846344,23,70,0.0,0.0,0.0,0.0,1.0,0.9999999999999999,-1.05,0.0
1770415538.2856824,23,71,0.0,0.0,0.0,0.0,1.0,0.9999999999999999,-1.05,0.0
1770415538.286591,23,72,0.0,0.0,0.0,0.0,1.0,0.9999999999999999,-1.05,0.0
1770415538.2876217,23,73,0.0,0.0,0.0,0.0,1.0,0.9999999999999999,-1.05,0.0
1770415538.288585,23,74,0.0,0.0,0.0,0.0,1.0,0.9999999999999999,-1.05,0.0
1770415538.2895226,23,75,0.0,0.0,0.0,0.0,1.0,0.9999999999999999,-1.05,0.0
1770415538.2907445,23,76,0.0,0.0,0.0,0.0,1.0,0.9999999999999999,-1.05,0.0
1770415538.291641,23,77,0.0,0.0,0.0,0.0,1.0,0.9999999999999999,-1.05,0.0
1770415538.2925205,23,78,0.0,0.0,0.0,0.0,1.0,0.9999999999999999,-1.05,0.0
1770415538.293528,23,79,0.0,0.0,0.0,0.0,1.0,0.9999999999999999,-1.05,0.0
1770415538.2944407,23,80,0.0,0.0,0.0,0.0,1.0,0.9999999999999999,-1.05,0.0
1770415538.2953868,23,81,0.0,0.0,0.0,0.0,1.0,0.9999999999999999,-1.05,0.0
1770415538.296288,23,82,0.0,0.0,0.0,0.0,1.0,0.9999999999999999,-1.05,0.0
1770415538.2970877,23,83,0.0,0.0,0.0,0.0,1.0,0.9999999999999999,-1.05,0.0
1770415538.2979436,23,84,0.0,0.0,0.0,0.0,1.0,0.9999999999999999,-1.05,0.0
1770415538.2989972,23,85,0.0,0.0,0.0,0.0,1.0,0.9999999999999999,-1.05,0.0
1770415538.2999356,23,86,0.0,0.0,0.0,0.0,1.0,0.9999999999999999,-1.05,0.0
1770415538.3009346,23,87,0.0,0.0,0.0,0.0,1.0,0.9999999999999999,-1.05,0.0
1770415538.3019433,23,88,0.0,0.0,0.0,0.0,1.0,0.9999999999999999,-1.05,0.0
1770415538.3028343,23,89,0.0,0.0,0.0,0.0,1.0,0.9999999999999999,-1.05,0.0
1770415538.3038971,23,90,0.0,0.0,0.0,0.0,1.0,0.9999999999999999,-1.05,0.0
1770415538.304963,23,91,0.0,0.0,0.0,0.0,1.0,0.9999999999999999,-1.05,0.0
1770415538.306277,23,92,0.0,0.0,0.0,0.0,1.0,0.9999999999999999,-1.05,0.0
1770415538.307345,23,93,0.0,0.0,0.0,0.0,1.0,0.9999999999999999,-1.05,0.0
1770415538.3083768,23,94,0.0,0.0,0.0,0.0,1.0,0.9999999999999999,-1.05,0.0
1770415538.3094175,23,95,0.0,0.0,0.0,0.0,1.0,0.9999999999999999,-1.05,0.0
1770415538.3104725,23,96,0.0,0.0,0.0,0.0,1.0,0.9999999999999999,-1.05,0.0
1770415538.3114588,23,97,0.0,0.0,0.0,0.0,1.0,0.9999999999999999,-1.05,0.0
1770415538.3125904,23,98,0.0,0.0,0.0,0.0,1.0,0.9999999999999999,-1.05,0.0
1770415538.3136535,23,99,0.0,0.0,0.0,0.0,1.0,0.9999999999999999,-1.05,0.0
1770415538.3145719,23,100,0.0,0.0,0.0,0.0,1.0,0.9999999999999999,-1.05,0.0
1770415538.3154063,23,101,0.0,0.0,0.0,0.0,1.0,0.9999999999999999,-1.05,0.0
1770415538.3164542,23,102,0.0,0.0,0.0,0.0,1.0,0.9999999999999999,-1.05,0.0
1770415538.317611,23,103,0.0,0.0,0.0,0.0,1.0,0.9999999999999999,-1.05,0.0
1770415538.3187218,23,104,0.0,0.0,0.0,0.0,1.0,0.9999999999999999,-1.05,0.0
1770415538.3196497,23,105,0.0,0.0,0.0,0.0,1.0,0.9999999999999999,-1.05,0.0
1770415538.3205364,23,106,0.0,0.0,0.0,0.0,1.0,0.9999999999999999,-1.05,0.0
1770415538.321449,23,107,0.0,0.0,0.0,0.0,1.0,0.9999999999999999,-1.05,0.0
1770415538.3226328,23,108,0.0,0.0,0.0,0.0,1.0,0.9999999999999999,-1.05,0.0
1770415538.3235776,23,109,0.0,0.0,0.0,0.0,1.0,0.9999999999999999,-1.05,0.0
1770415538.3244386,23,110,0.0,0.0,0.0,0.0,1.0,0.9999999999999999,-1.05,0.0
1770415538.3254144,23,111,0.0,0.0,0.0,0.0,1.0,0.9999999999999999,-1.05,0.0
1770415538.326408,23,112,0.0,0.0,0.0,0.0,1.0,0.9999999999999999,-1.05,0.0
1770415538.327323,23,113,0.0,0.0,0.0,0.0,1.0,0.9999999999999999,-1.05,0.0
1770415538.3282747,23,114,0.0,0.0,0.0,0.0,1.0,0.9999999999999999,-1.05,0.0
1770415538.3293052,23,115,0.0,0.0,0.0,0.0,1.0,0.9999999999999999,-1.05,0.0
1770415538.3301032,23,116,0.0,0.0,0.0,0.0,1.0,0.9999999999999999,-1.05,0.0
1770415538.3308258,23,117,0.0,0.0,0.0,0.0,1.0,0.9999999999999999,-1.05,0.0
1770415538.331839,23,118,0.0,0.0,0.0,0.0,1.0,0.9999999999999999,-1.05,0.0
1770415538.3327293,23,119,0.0,0.0,0.0,0.0,1.0,0.9999999999999999,-1.05,0.0
1770415538.333758,23,120,0.0,0.0,0.0,0.0,1.0,0.9999999999999999,-1.05,0.0
1770415538.3348532,23,121,0.0,0.0,0.0,0.0,1.0,0.9999999999999999,-1.05,0.0
1770415538.3358583,23,122,0.0,0.0,0.0,0.0,1.0,0.9999999999999999,-1.05,0.0
1770415538.336773,23,123,0.0,0.0,0.0,0.0,1.0,0.9999999999999999,-1.05,0.0
1770415538.3379297,23,124,0.0,0.0,0.0,0.0,1.0,0.9999999999999999,-1.05,0.0
1770415538.3390799,23,125,0.0,0.0,0.0,0.0,1.0,0.9999999999999999,-1.05,0.0
1770415538.3401477,23,126,0.0,0.0,0.0,0.0,1.0,0.9999999999999999,-1.05,0.0
1770415538.3411686,23,127,0.0,0.0,0.0,0.0,1.0,0.9999999999999999,-1.05,0.0
1770415538.3422856,23,128,0.0,0.0,0.0,0.0,1.0,0.9999999999999999,-1.05,0.0
1770415538.3433099,23,129,0.0,0.0,0.0,0.0,1.0,0.9999999999999999,-1.05,0.0
1770415538.3441389,23,130,0.0,0.0,0.0,0.0,1.0,0.9999999999999999,-1.05,0.0
1770415538.3451588,23,131,0.0,0.0,0.0,0.0,1.0,0.9999999999999999,-1.05,0.0
1770415538.345941,23,132,0.0,0.0,0.0,0.0,1.0,0.9999999999999999,-1.05,0.0
1770415538.346686,23,133,0.0,0.0,0.0,0.0,1.0,0.9999999999999999,-1.05,0.0
1770415538.3474348,23,134,0.0,0.0,0.0,0.0,1.0,0.9999999999999999,-1.05,0.0
1770415538.3482134,23,135,0.0,0.0,0.0,0.0,1.0,0.9999999999999999,-1.05,0.0
1770415538.3491867,23,136,0.0,0.0,0.0,0.0,1.0,0.9999999999999999,-1.05,0.0
1770415538.3502705,23,137,0.0,0.0,0.0,0.0,1.0,0.9999999999999999,-1.05,0.0
1770415538.351614,23,138,0.0,0.0,0.0,0.0,1.0,0.9999999999999999,-1.05,0.0
1770415538.3524585,23,139,0.0,0.0,0.0,0.0,1.0,0.9999999999999999,-1.05,0.0
1770415538.3531876,23,140,0.0,0.0,0.0,0.0,1.0,0.9999999999999999,-1.05,0.0
1770415538.3540158,23,141,0.0,0.0,0.0,0.0,1.0,0.9999999999999999,-1.05,0.0
1770415538.355012,23,142,0.0,0.0,0.0,0.0,1.0,0.9999999999999999,-1.05,0.0
1770415538.355946,23,143,0.0,0.0,0.0,0.0,1.0,0.9999999999999999,-1.05,0.0
1770415538.356826,23,144,0.0,0.0,0.0,0.0,1.0,0.9999999999999999,-1.05,0.0
1770415538.357719,23,145,0.0,0.0,0.0,0.0,1.0,0.9999999999999999,-1.05,0.0
1770415538.358531,23,146,0.0,0.0,0.0,0.0,1.0,0.9999999999999999,-1.05,0.0
1770415538.3593235,23,147,0.0,0.0,0.0,0.0,1.0,0.9999999999999999,-1.05,0.0
1770415538.3602445,23,148,0.0,0.0,0.0,0.0,1.0,0.9999999999999999,-1.05,0.0
1770415538.3611765,23,149,0.0,0.0,0.0,0.0,1.0,0.9999999999999999,-1.05,0.0
1770415538.3622754,23,150,0.0,0.0,0.0,0.0,1.0,0.9999999999999999,-1.05,0.0
1770415538.3633528,23,151,0.0,0.0,0.0,0.0,1.0,0.9999999999999999,-1.05,0.0
1770415538.3640943,23,152,0.0,0.0,0.0,0.0,1.0,0.9999999999999999,-1.05,0.0
1770415538.3649,23,153,0.0,0.0,0.0,0.0,1.0,0.9999999999999999,-1.05,0.0
1770415538.3660932,23,154,0.0,0.0,0.0,0.0,1.0,0.9999999999999999,-1.05,0.0
1770415538.3671825,23,155,0.0,0.0,0.0,0.0,1.0,0.9999999999999999,-1.05,0.0
1770415538.3681881,23,156,0.0,0.0,0.0,0.0,1.0,0.9999999999999999,-1.05,0.0
1770415538.3690584,23,157,0.0,0.0,0.0,0.0,1.0,0.9999999999999999,-1.05,0.0
1770415538.3697677,23,158,0.0,0.0,0.0,0.0,1.0,0.9999999999999999,-1.05,0.0
1770415538.3708897,23,159,0.0,0.0,0.0,0.0,1.0,0.9999999999999999,-1.05,0.0
1770415538.3720927,23,160,0.0,0.0,0.0,0.0,1.0,0.9999999999999999,-1.05,0.0
1770415538.3731012,23,161,0.0,0.0,0.0,0.0,1.0,0.9999999999999999,-1.05,0.0
1770415538.3741255,23,162,0.0,0.0,0.0,0.0,1.0,0.9999999999999999,-1.05,0.0
1770415538.375081,23,163,0.0,0.0,0.0,0.0,1.0,0.9999999999999999,-1.05,0.0
1770415538.3759336,23,164,0.0,0.0,0.0,0.0,1.0,0.9999999999999999,-1.05,0.0
1770415538.3767204,23,165,0.0,0.0,0.0,0.0,1.0,0.9999999999999999,-1.05,0.0
1770415538.3778422,23,166,0.0,0.0,0.0,0.0,1.0,0.9999999999999999,-1.05,0.0
1770415538.3788588,23,167,0.0,0.0,0.0,0.0,1.0,0.9999999999999999,-1.05,0.0
1770415538.3799284,23,168,0.0,0.0,0.0,0.0,1.0,0.9999999999999999,-1.05,0.0
1770415538.3809495,23,169,0.0,0.0,0.0,0.0,1.0,0.9999999999999999,-1.05,0.0
1770415538.3820612,23,170,0.0,0.0,0.0,0.0,1.0,0.9999999999999999,-1.05,0.0
1770415538.3829985,23,171,0.0,0.0,0.0,0.0,1.0,0.9999999999999999,-1.05,0.0
1770415538.3839688,23,172,0.0,0.0,0.0,0.0,1.0,0.9999999999999999,-1.05,0.0
1770415538.3847518,23,173,0.0,0.0,0.0,0.0,1.0,0.9999999999999999,-1.05,0.0
1770415538.3854957,23,174,0.0,0.0,0.0,0.0,1.0,0.9999999999999999,-1.05,0.0
1770415538.3863573,23,175,0.0,0.0,0.0,0.0,1.0,0.9999999999999999,-1.05,0.0
1770415538.3873746,23,176,0.0,0.0,0.0,0.0,1.0,0.9999999999999999,-1.05,0.0
1770415538.3884664,23,177,0.0,0.0,0.0,0.0,1.0,0.9999999999999999,-1.05,0.0
1770415538.3893054,23,178,0.0,0.0,0.0,0.0,1.0,0.9999999999999999,-1.05,0.0
1770415538.3901038,23,179,0.0,0.0,0.0,0.0,1.0,0.9999999999999999,-1.05,0.0
1770415538.3909628,23,180,0.0,0.0,0.0,0.0,1.0,0.9999999999999999,-1.05,0.0
1770415538.392057,23,181,0.0,0.0,0.0,0.0,1.0,0.9999999999999999,-1.05,0.0
1770415538.3930228,23,182,0.0,0.0,0.0,0.0,1.0,0.9999999999999999,-1.05,0.0
1770415538.393868,23,183,0.0,0.0,0.0,0.0,1.0,0.9999999999999999,-1.05,0.0
1770415538.3946397,23,184,0.0,0.0,0.0,0.0,1.0,0.9999999999999999,-1.05,0.0
1770415538.3954117,23,185,0.0,0.0,0.0,0.0,1.0,0.9999999999999999,-1.05,0.0
1770415538.3963454,23,186,0.0,0.0,0.0,0.0,1.0,0.9999999999999999,-1.05,0.0
1770415538.3973339,23,187,0.0,0.0,0.0,0.0,1.0,0.9999999999999999,-1.05,0.0
1770415538.398351,23,188,0.0,0.0,0.0,0.0,1.0,0.9999999999999999,-1.05,0.0
1770415538.3991644,23,189,0.0,0.0,0.0,0.0,1.0,0.9999999999999999,-1.05,0.0
1770415538.400155,23,190,0.0,0.0,0.0,0.0,1.0,0.9999999999999999,-1.05,0.0
1770415538.4011197,23,191,0.0,0.0,0.0,0.0,1.0,0.9999999999999999,-1.05,0.0
1770415538.4019408,23,192,0.0,0.0,0.0,0.0,1.0,0.9999999999999999,-1.05,0.0
1770415538.402629,23,193,0.0,0.0,0.0,0.0,1.0,0.9999999999999999,-1.05,0.0
1770415538.403347,23,194,0.0,0.0,0.0,0.0,1.0,0.9999999999999999,-1.05,0.0
1770415538.4044075,23,195,0.0,0.0,0.0,0.0,1.0,0.9999999999999999,-1.05,0.0
1770415538.4054399,23,196,0.0,0.0,0.0,0.0,1.0,0.9999999999999999,-1.05,0.0
1770415538.406339,23,197,0.0,0.0,0.0,0.0,1.0,0.9999999999999999,-1.05,0.0
1770415538.407373,23,198,0.0,0.0,0.0,0.0,1.0,0.9999999999999999,-1.05,0.0
1770415538.4082372,23,199,0.0,0.0,0.0,0.0,1.0,0.9999999999999999,-1.05,0.0
1770415538.4092412,23,200,0.0,0.0,0.0,0.0,1.0,0.9999999999999999,-1.05,0.0
1770415538.4555898,24,0,0.0,0.0,0.0,0.0,1.0,0.0,0.0,0.0
1770415538.4568222,24,1,0.0,0.0,0.0,0.0,1.0,0.9999999999999999,-0.049999999999999996,0.0
1770415538.4577444,24,2,0.0,0.0,0.0,0.0,1.0,0.9999999999999999,-0.049999999999999996,0.0
1770415538.4586315,24,3,0.0,0.0,0.0,0.0,1.0,0.9999999999999999,-0.049999999999999996,0.0
1770415538.4595017,24,4,0.0,0.0,0.0,0.0,1.0,0.9999999999999999,-0.049999999999999996,0.0
1770415538.4602642,24,5,0.0,0.0,0.0,0.0,1.0,0.9999999999999999,-0.049999999999999996,0.0
1770415538.461132,24,6,0.0,0.0,0.0,0.0,1.0,0.9999999999999999,-1.05,0.0
1770415538.4622872,24,7,0.0,0.0,0.0,0.0,1.0,0.9999999999999999,-1.05,0.0
1770415538.463145,24,8,0.0,0.0,0.0,0.0,1.0,0.9999999999999999,-1.05,0.0
1770415538.463925,24,9,0.0,0.0,0.0,0.0,1.0,0.9999999999999999,-1.05,0.0
1770415538.464861,24,10,0.0,0.0,0.0,0.0,1.0,0.9999999999999999,-1.05,0.0
1770415538.465631,24,11,0.0,0.0,0.0,0.0,1.0,0.9999999999999999,-1.05,0.0
1770415538.4666219,24,12,0.0,0.0,0.0,0.0,1.0,0.9999999999999999,-1.05,0.0
1770415538.467742,24,13,0.0,0.0,0.0,0.0,1.0,0.9999999999999999,-1.05,0.0
1770415538.4686384,24,14,0.0,0.0,0.0,0.0,1.0,0.9999999999999999,-1.05,0.0
1770415538.469793,24,15,0.0,0.0,0.0,0.0,1.0,0.9999999999999999,-1.05,0.0
1770415538.4706805,24,16,0.0,0.0,0.0,0.0,1.0,0.9999999999999999,-1.05,0.0
1770415538.4717462,24,17,0.0,0.0,0.0,0.0,1.0,0.9999999999999999,-1.05,0.0
1770415538.4728148,24,18,0.0,0.0,0.0,0.0,1.0,0.9999999999999999,-1.05,0.0
1770415538.4738352,24,19,0.0,0.0,0.0,0.0,1.0,0.9999999999999999,-1.05,0.0
1770415538.4747303,24,20,0.0,0.0,0.0,0.0,1.0,0.9999999999999999,-1.05,0.0
1770415538.4759932,24,21,0.0,0.0,0.0,0.0,1.0,0.9999999999999999,-1.05,0.0
1770415538.4771976,24,22,0.0,0.0,0.0,0.0,1.0,0.9999999999999999,-1.05,0.0
1770415538.478279,24,23,0.0,0.0,0.0,0.0,1.0,0.9999999999999999,-1.05,0.0
1770415538.4793208,24,24,0.0,0.0,0.0,0.0,1.0,0.9999999999999999,-1.05,0.0
1770415538.480441,24,25,0.0,0.0,0.0,0.0,1.0,0.9999999999999999,-1.05,0.0
1770415538.4814823,24,26,0.0,0.0,0.0,0.0,1.0,0.9999999999999999,-1.05,0.0
1770415538.4827392,24,27,0.0,0.0,0.0,0.0,1.0,0.9999999999999999,-1.05,0.0
1770415538.4837747,24,28,0.0,0.0,0.0,0.0,1.0,0.9999999999999999,-1.05,0.0
1770415538.4857795,24,29,0.0,0.0,0.0,0.0,1.0,0.9999999999999999,-1.05,0.0
1770415538.4869409,24,30,0.0,0.0,0.0,0.0,1.0,0.9999999999999999,-1.05,0.0
1770415538.4882364,24,31,0.0,0.0,0.0,0.0,1.0,0.9999999999999999,-1.05,0.0
1770415538.489511,24,32,0.0,0.0,0.0,0.0,1.0,0.9999999999999999,-1.05,0.0
1770415538.490658,24,33,0.0,0.0,0.0,0.0,1.0,0.9999999999999999,-1.05,0.0
1770415538.4918187,24,34,0.0,0.0,0.0,0.0,1.0,0.9999999999999999,-1.05,0.0
1770415538.492921,24,35,0.0,0.0,0.0,0.0,1.0,0.9999999999999999,-1.05,0.0
1770415538.494193,24,36,0.0,0.0,0.0,0.0,1.0,0.9999999999999999,-1.05,0.0
1770415538.4954743,24,37,0.0,0.0,0.0,0.0,1.0,0.9999999999999999,-1.05,0.0
1770415538.496843,24,38,0.0,0.0,0.0,0.0,1.0,0.9999999999999999,-1.05,0.0
1770415538.4978518,24,39,0.0,0.0,0.0,0.0,1.0,0.9999999999999999,-1.05,0.0
1770415538.4991846,24,40,0.0,0.0,0.0,0.0,1.0,0.9999999999999999,-1.05,0.0
1770415538.500254,24,41,0.0,0.0,0.0,0.0,1.0,0.9999999999999999,-1.05,0.0
1770415538.501249,24,42,0.0,0.0,0.0,0.0,1.0,0.9999999999999999,-1.05,0.0
1770415538.5024652,24,43,0.0,0.0,0.0,0.0,1.0,0.9999999999999999,-1.05,0.0
1770415538.5034738,24,44,0.0,0.0,0.0,0.0,1.0,0.9999999999999999,-1.05,0.0
1770415538.5047574,24,45,0.0,0.0,0.0,0.0,1.0,0.9999999999999999,-1.05,0.0
1770415538.5060823,24,46,0.0,0.0,0.0,0.0,1.0,0.9999999999999999,-1.05,0.0
1770415538.5072145,24,47,0.0,0.0,0.0,0.0,1.0,0.9999999999999999,-1.05,0.0
1770415538.5082784,24,48,0.0,0.0,0.0,0.0,1.0,0.9999999999999999,-1.05,0.0
1770415538.5091996,24,49,0.0,0.0,0.0,0.0,1.0,0.9999999999999999,-1.05,0.0
1770415538.510008,24,50,0.0,0.0,0.0,0.0,1.0,0.9999999999999999,-1.05,0.0
1770415538.510995,24,51,0.0,0.0,0.0,0.0,1.0,0.9999999999999999,-1.05,0.0
1770415538.5119202,24,52,0.0,0.0,0.0,0.0,1.0,0.9999999999999999,-1.05,0.0
1770415538.5130594,24,53,0.0,0.0,0.0,0.0,1.0,0.9999999999999999,-1.05,0.0
1770415538.5141976,24,54,0.0,0.0,0.0,0.0,1.0,0.9999999999999999,-1.05,0.0
1770415538.5153413,24,55,0.0,0.0,0.0,0.0,1.0,0.9999999999999999,-1.05,0.0
1770415538.5165343,24,56,0.0,0.0,0.0,0.0,1.0,0.9999999999999999,-1.05,0.0
1770415538.5176141,24,57,0.0,0.0,0.0,0.0,1.0,0.9999999999999999,-1.05,0.0
1770415538.5185738,24,58,0.0,0.0,0.0,0.0,1.0,0.9999999999999999,-1.05,0.0
1770415538.5194087,24,59,0.0,0.0,0.0,0.0,1.0,0.9999999999999999,-1.05,0.0
1770415538.520355,24,60,0.0,0.0,0.0,0.0,1.0,0.9999999999999999,-1.05,0.0
1770415538.5214243,24,61,0.0,0.0,0.0,0.0,1.0,0.9999999999999999,-1.05,0.0
1770415538.522475,24,62,0.0,0.0,0.0,0.0,1.0,0.9999999999999999,-1.05,0.0
1770415538.5236073,24,63,0.0,0.0,0.0,0.0,1.0,0.9999999999999999,-1.05,0.0
1770415538.52471,24,64,0.0,0.0,0.0,0.0,1.0,0.9999999999999999,-1.05,0.0
1770415538.5258548,24,65,0.0,0.0,0.0,0.0,1.0,0.9999999999999999,-1.05,0.0
1770415538.5269322,24,66,0.0,0.0,0.0,0.0,1.0,0.9999999999999999,-1.05,0.0
1770415538.5279877,24,67,0.0,0.0,0.0,0.0,1.0,0.9999999999999999,-1.05,0.0
1770415538.5291517,24,68,0.0,0.0,0.0,0.0,1.0,0.9999999999999999,-1.05,0.0
1770415538.5302906,24,69,0.0,0.0,0.0,0.0,1.0,0.9999999999999999,-1.05,0.0
1770415538.5317361,24,70,0.0,0.0,0.0,0.0,1.0,0.9999999999999999,-1.05,0.0
1770415538.5328178,24,71,0.0,0.0,0.0,0.0,1.0,0.9999999999999999,-1.05,0.0
1770415538.5341716,24,72,0.0,0.0,0.0,0.0,1.0,0.9999999999999999,-1.05,0.0
1770415538.535283,24,73,0.0,0.0,0.0,0.0,1.0,0.9999999999999999,-1.05,0.0
1770415538.5362165,24,74,0.0,0.0,0.0,0.0,1.0,0.9999999999999999,-1.05,0.0
1770415538.5370646,24,75,0.0,0.0,0.0,0.0,1.0,0.9999999999999999,-1.05,0.0
1770415538.5381072,24,76,0.0,0.0,0.0,0.0,1.0,0.9999999999999999,-1.05,0.0
1770415538.5390751,24,77,0.0,0.0,0.0,0.0,1.0,0.9999999999999999,-1.05,0.0
1770415538.5400667,24,78,0.0,0.0,0.0,0.0,1.0,0.9999999999999999,-1.05,0.0
1770415538.5410242,24,79,0.0,0.0,0.0,0.0,1.0,0.9999999999999999,-1.05,0.0
1770415538.5421093,24,80,0.0,0.0,0.0,0.0,1.0,0.9999999999999999,-1.05,0.0
1770415538.5432718,24,81,0.0,0.0,0.0,0.0,1.0,0.9999999999999999,-1.05,0.0
1770415538.5444312,24,82,0.0,0.0,0.0,0.0,1.0,0.9999999999999999,-1.05,0.0
1770415538.5454764,24,83,0.0,0.0,0.0,0.0,1.0,0.9999999999999999,-1.05,0.0
1770415538.5465758,24,84,0.0,0.0,0.0,0.0,1.0,0.9999999999999999,-1.05,0.0
1770415538.547547,24,85,0.0,0.0,0.0,0.0,1.0,0.9999999999999999,-1.05,0.0
1770415538.5484982,24,86,0.0,0.0,0.0,0.0,1.0,0.9999999999999999,-1.05,0.0
1770415538.5494406,24,87,0.0,0.0,0.0,0.0,1.0,0.9999999999999999,-1.05,0.0
1770415538.5504856,24,88,0.0,0.0,0.0,0.0,1.0,0.9999999999999999,-1.05,0.0
1770415538.5514987,24,89,0.0,0.0,0.0,0.0,1.0,0.9999999999999999,-1.05,0.0
1770415538.552565,24,90,0.0,0.0,0.0,0.0,1.0,0.9999999999999999,-1.05,0.0
1770415538.5534894,24,91,0.0,0.0,0.0,0.0,1.0,0.9999999999999999,-1.05,0.0
1770415538.55486,24,92,0.0,0.0,0.0,0.0,1.0,0.9999999999999999,-1.05,0.0
1770415538.555893,24,93,0.0,0.0,0.0,0.0,1.0,0.9999999999999999,-1.05,0.0
1770415538.556752,24,94,0.0,0.0,0.0,0.0,1.0,0.9999999999999999,-1.05,0.0
1770415538.5577364,24,95,0.0,0.0,0.0,0.0,1.0,0.9999999999999999,-1.05,0.0
1770415538.5588005,24,96,0.0,0.0,0.0,0.0,1.0,0.9999999999999999,-1.05,0.0
1770415538.5598528,24,97,0.0,0.0,0.0,0.0,1.0,0.9999999999999999,-1.05,0.0
1770415538.5608616,24,98,0.0,0.0,0.0,0.0,1.0,0.9999999999999999,-1.05,0.0
1770415538.5617712,24,99,0.0,0.0,0.0,0.0,1.0,0.9999999999999999,-1.05,0.0
1770415538.562803,24,100,0.0,0.0,0.0,0.0,1.0,0.9999999999999999,-1.05,0.0
1770415538.5637476,24,101,0.0,0.0,0.0,0.0,1.0,0.9999999999999999,-1.05,0.0
1770415538.5646057,24,102,0.0,0.0,0.0,0.0,1.0,0.9999999999999999,-1.05,0.0
1770415538.5655959,24,103,0.0,0.0,0.0,0.0,1.0,0.9999999999999999,-1.05,0.0
1770415538.5665267,24,104,0.0,0.0,0.0,0.0,1.0,0.9999999999999999,-1.05,0.0
1770415538.5676882,24,105,0.0,0.0,0.0,0.0,1.0,0.9999999999999999,-1.05,0.0
1770415538.5687263,24,106,0.0,0.0,0.0,0.0,1.0,0.9999999999999999,-1.05,0.0
1770415538.5695908,24,107,0.0,0.0,0.0,0.0,1.0,0.9999999999999999,-1.05,0.0
1770415538.5706003,24,108,0.0,0.0,0.0,0.0,1.0,0.9999999999999999,-1.05,0.0
1770415538.5715938,24,109,0.0,0.0,0.0,0.0,1.0,0.9999999999999999,-1.05,0.0
1770415538.5727518,24,110,0.0,0.0,0.0,0.0,1.0,0.9999999999999999,-1.05,0.0
1770415538.5740106,24,111,0.0,0.0,0.0,0.0,1.0,0.9999999999999999,-1.05,0.0
1770415538.575027,24,112,0.0,0.0,0.0,0.0,1.0,0.9999999999999999,-1.05,0.0
1770415538.5761254,24,113,0.0,0.0,0.0,0.0,1.0,0.9999999999999999,-1.05,0.0
1770415538.5773118,24,114,0.0,0.0,0.0,0.0,1.0,0.9999999999999999,-1.05,0.0
1770415538.5785155,24,115,0.0,0.0,0.0,0.0,1.0,0.9999999999999999,-1.05,0.0
1770415538.5795891,24,116,0.0,0.0,0.0,0.0,1.0,0.9999999999999999,-1.05,0.0
1770415538.5808475,24,117,0.0,0.0,0.0,0.0,1.0,0.9999999999999999,-1.05,0.0
1770415538.582122,24,118,0.0,0.0,0.0,0.0,1.0,0.9999999999999999,-1.05,0.0
1770415538.5833027,24,119,0.0,0.0,0.0,0.0,1.0,0.9999999999999999,-1.05,0.0
1770415538.5845861,24,120,0.0,0.0,0.0,0.0,1.0,0.9999999999999999,-1.05,0.0
1770415538.5856838,24,121,0.0,0.0,0.0,0.0,1.0,0.9999999999999999,-1.05,0.0
1770415538.5866795,24,122,0.0,0.0,0.0,0.0,1.0,0.9999999999999999,-1.05,0.0
1770415538.5875537,24,123,0.0,0.0,0.0,0.0,1.0,0.9999999999999999,-1.05,0.0
1770415538.588523,24,124,0.0,0.0,0.0,0.0,1.0,0.9999999999999999,-1.05,0.0
1770415538.5894647,24,125,0.0,0.0,0.0,0.0,1.0,0.9999999999999999,-1.05,0.0
1770415538.5905516,24,126,0.0,0.0,0.0,0.0,1.0,0.9999999999999999,-1.05,0.0
1770415538.5915153,24,127,0.0,0.0,0.0,0.0,1.0,0.9999999999999999,-1.05,0.0
1770415538.592505,24,128,0.0,0.0,0.0,0.0,1.0,0.9999999999999999,-1.05,0.0
1770415538.593365,24,129,0.0,0.0,0.0,0.0,1.0,0.9999999999999999,-1.05,0.0
1770415538.5943322,24,130,0.0,0.0,0.0,0.0,1.0,0.9999999999999999,-1.05,0.0
1770415538.5952244,24,131,0.0,0.0,0.0,0.0,1.0,0.9999999999999999,-1.05,0.0
1770415538.5961535,24,132,0.0,0.0,0.0,0.0,1.0,0.9999999999999999,-1.05,0.0
1770415538.5969365,24,133,0.0,0.0,0.0,0.0,1.0,0.9999999999999999,-1.05,0.0
1770415538.5976589,24,134,0.0,0.0,0.0,0.0,1.0,0.9999999999999999,-1.05,0.0
1770415538.5985272,24,135,0.0,0.0,0.0,0.0,1.0,0.9999999999999999,-1.05,0.0
1770415538.5995228,24,136,0.0,0.0,0.0,0.0,1.0,0.9999999999999999,-1.05,0.0
1770415538.6005769,24,137,0.0,0.0,0.0,0.0,1.0,0.9999999999999999,-1.05,0.0
1770415538.6015294,24,138,0.0,0.0,0.0,0.0,1.0,0.9999999999999999,-1.05,0.0
1770415538.6024752,24,139,0.0,0.0,0.0,0.0,1.0,0.9999999999999999,-1.05,0.0
1770415538.6034732,24,140,0.0,0.0,0.0,0.0,1.0,0.9999999999999999,-1.05,0.0
1770415538.6043797,24,141,0.0,0.0,0.0,0.0,1.0,0.9999999999999999,-1.05,0.0
1770415538.605542,24,142,0.0,0.0,0.0,0.0,1.0,0.9999999999999999,-1.05,0.0
1770415538.606743,24,143,0.0,0.0,0.0,0.0,1.0,0.9999999999999999,-1.05,0.0
1770415538.6077473,24,144,0.0,0.0,0.0,0.0,1.0,0.9999999999999999,-1.05,0.0
1770415538.6086378,24,145,0.0,0.0,0.0,0.0,1.0,0.9999999999999999,-1.05,0.0
1770415538.6096263,24,146,0.0,0.0,0.0,0.0,1.0,0.9999999999999999,-1.05,0.0
1770415538.610701,24,147,0.0,0.0,0.0,0.0,1.0,0.9999999999999999,-1.05,0.0
1770415538.6117618,24,148,0.0,0.0,0.0,0.0,1.0,0.9999999999999999,-1.05,0.0
1770415538.6128502,24,149,0.0,0.0,0.0,0.0,1.0,0.9999999999999999,-1.05,0.0
1770415538.613898,24,150,0.0,0.0,0.0,0.0,1.0,0.9999999999999999,-1.05,0.0
1770415538.6152363,24,151,0.0,0.0,0.0,0.0,1.0,0.9999999999999999,-1.05,0.0
1770415538.6163604,24,152,0.0,0.0,0.0,0.0,1.0,0.9999999999999999,-1.05,0.0
1770415538.6176133,24,153,0.0,0.0,0.0,0.0,1.0,0.9999999999999999,-1.05,0.0
1770415538.61857,24,154,0.0,0.0,0.0,0.0,1.0,0.9999999999999999,-1.05,0.0
1770415538.6196637,24,155,0.0,0.0,0.0,0.0,1.0,0.9999999999999999,-1.05,0.0
1770415538.6206586,24,156,0.0,0.0,0.0,0.0,1.0,0.9999999999999999,-1.05,0.0
1770415538.6214237,24,157,0.0,0.0,0.0,0.0,1.0,0.9999999999999999,-1.05,0.0
1770415538.622348,24,158,0.0,0.0,0.0,0.0,1.0,0.9999999999999999,-1.05,0.0
1770415538.6233637,24,159,0.0,0.0,0.0,0.0,1.0,0.9999999999999999,-1.05,0.0
1770415538.624295,24,160,0.0,0.0,0.0,0.0,1.0,0.9999999999999999,-1.05,0.0
1770415538.6250577,24,161,0.0,0.0,0.0,0.0,1.0,0.9999999999999999,-1.05,0.0
1770415538.6257813,24,162,0.0,0.0,0.0,0.0,1.0,0.9999999999999999,-1.05,0.0
1770415538.626698,24,163,0.0,0.0,0.0,0.0,1.0,0.9999999999999999,-1.05,0.0
1770415538.627682,24,164,0.0,0.0,0.0,0.0,1.0,0.9999999999999999,-1.05,0.0
1770415538.6286986,24,165,0.0,0.0,0.0,0.0,1.0,0.9999999999999999,-1.05,0.0
1770415538.6297038,24,166,0.0,0.0,0.0,0.0,1.0,0.9999999999999999,-1.05,0.0
1770415538.630643,24,167,0.0,0.0,0.0,0.0,1.0,0.9999999999999999,-1.05,0.0
1770415538.6318336,24,168,0.0,0.0,0.0,0.0,1.0,0.9999999999999999,-1.05,0.0
1770415538.6328828,24,169,0.0,0.0,0.0,0.0,1.0,0.9999999999999999,-1.05,0.0
1770415538.6341445,24,170,0.0,0.0,0.0,0.0,1.0,0.9999999999999999,-1.05,0.0
1770415538.6352484,24,171,0.0,0.0,0.0,0.0,1.0,0.9999999999999999,-1.05,0.0
1770415538.636156,24,172,0.0,0.0,0.0,0.0,1.0,0.9999999999999999,-1.05,0.0
1770415538.6371095,24,173,0.0,0.0,0.0,0.0,1.0,0.9999999999999999,-1.05,0.0
1770415538.6381207,24,174,0.0,0.0,0.0,0.0,1.0,0.9999999999999999,-1.05,0.0
1770415538.639158,24,175,0.0,0.0,0.0,0.0,1.0,0.9999999999999999,-1.05,0.0
1770415538.640189,24,176,0.0,0.0,0.0,0.0,1.0,0.9999999999999999,-1.05,0.0
1770415538.6411657,24,177,0.0,0.0,0.0,0.0,1.0,0.9999999999999999,-1.05,0.0
1770415538.6422083,24,178,0.0,0.0,0.0,0.0,1.0,0.9999999999999999,-1.05,0.0
1770415538.6431096,24,179,0.0,0.0,0.0,0.0,1.0,0.9999999999999999,-1.05,0.0
1770415538.6438725,24,180,0.0,0.0,0.0,0.0,1.0,0.9999999999999999,-1.05,0.0
1770415538.644601,24,181,0.0,0.0,0.0,0.0,1.0,0.9999999999999999,-1.05,0.0
1770415538.6453385,24,182,0.0,0.0,0.0,0.0,1.0,0.9999999999999999,-1.05,0.0
1770415538.6462977,24,183,0.0,0.0,0.0,0.0,1.0,0.9999999999999999,-1.05,0.0
1770415538.6472816,24,184,0.0,0.0,0.0,0.0,1.0,0.9999999999999999,-1.05,0.0
1770415538.648345,24,185,0.0,0.0,0.0,0.0,1.0,0.9999999999999999,-1.05,0.0
1770415538.649309,24,186,0.0,0.0,0.0,0.0,1.0,0.9999999999999999,-1.05,0.0
1770415538.6503108,24,187,0.0,0.0,0.0,0.0,1.0,0.9999999999999999,-1.05,0.0
1770415538.6512496,24,188,0.0,0.0,0.0,0.0,1.0,0.9999999999999999,-1.05,0.0
1770415538.652037,24,189,0.0,0.0,0.0,0.0,1.0,0.9999999999999999,-1.05,0.0
1770415538.6526964,24,190,0.0,0.0,0.0,0.0,1.0,0.9999999999999999,-1.05,0.0
1770415538.653375,24,191,0.0,0.0,0.0,0.0,1.0,0.9999999999999999,-1.05,0.0
1770415538.6542835,24,192,0.0,0.0,0.0,0.0,1.0,0.9999999999999999,-1.05,0.0
1770415538.6552062,24,193,0.0,0.0,0.0,0.0,1.0,0.9999999999999999,-1.05,0.0
1770415538.656215,24,194,0.0,0.0,0.0,0.0,1.0,0.9999999999999999,-1.05,0.0
1770415538.6571693,24,195,0.0,0.0,0.0,0.0,1.0,0.9999999999999999,-1.05,0.0
1770415538.6579921,24,196,0.0,0.0,0.0,0.0,1.0,0.9999999999999999,-1.05,0.0
1770415538.6588395,24,197,0.0,0.0,0.0,0.0,1.0,0.9999999999999999,-1.05,0.0
1770415538.6596348,24,198,0.0,0.0,0.0,0.0,1.0,0.9999999999999999,-1.05,0.0
1770415538.6605227,24,199,0.0,0.0,0.0,0.0,1.0,0.9999999999999999,-1.05,0.0
1770415538.66142,24,200,0.0,0.0,0.0,0.0,1.0,0.9999999999999999,-1.05,0.0
1770415538.7083392,25,0,0.0,0.0,0.0,0.0,1.0,0.0,0.0,0.0
1770415538.7094615,25,1,0.0,0.0,0.0,0.0,1.0,0.9999999999999999,-0.049999999999999996,0.0
1770415538.7103631,25,2,0.0,0.0,0.0,0.0,1.0,0.9999999999999999,-0.049999999999999996,0.0
1770415538.7113276,25,3,0.0,0.0,0.0,0.0,1.0,0.9999999999999999,-0.049999999999999996,0.0
1770415538.7123628,25,4,0.0,0.0,0.0,0.0,1.0,0.9999999999999999,-0.049999999999999996,0.0
1770415538.7132401,25,5,0.0,0.0,0.0,0.0,1.0,0.9999999999999999,-0.049999999999999996,0.0
1770415538.714223,25,6,0.0,0.0,0.0,0.0,1.0,0.9999999999999999,-1.05,0.0
1770415538.7151222,25,7,0.0,0.0,0.0,0.0,1.0,0.9999999999999999,-1.05,0.0
1770415538.7160535,25,8,0.0,0.0,0.0,0.0,1.0,0.9999999999999999,-1.05,0.0
1770415538.7169607,25,9,0.0,0.0,0.0,0.0,1.0,0.9999999999999999,-1.05,0.0
1770415538.7177687,25,10,0.0,0.0,0.0,0.0,1.0,0.9999999999999999,-1.05,0.0
1770415538.7186294,25,11,0.0,0.0,0.0,0.0,1.0,0.9999999999999999,-1.05,0.0
1770415538.7194972,25,12,0.0,0.0,0.0,0.0,1.0,0.9999999999999999,-1.05,0.0
1770415538.7205067,25,13,0.0,0.0,0.0,0.0,1.0,0.9999999999999999,-1.05,0.0
1770415538.7216554,25,14,0.0,0.0,0.0,0.0,1.0,0.9999999999999999,-1.05,0.0
1770415538.7225752,25,15,0.0,0.0,0.0,0.0,1.0,0.9999999999999999,-1.05,0.0
1770415538.723473,25,16,0.0,0.0,0.0,0.0,1.0,0.9999999999999999,-1.05,0.0
1770415538.7244797,25,17,0.0,0.0,0.0,0.0,1.0,0.9999999999999999,-1.05,0.0
1770415538.725822,25,18,0.0,0.0,0.0,0.0,1.0,0.9999999999999999,-1.05,0.0
1770415538.7267773,25,19,0.0,0.0,0.0,0.0,1.0,0.9999999999999999,-1.05,0.0
1770415538.7277343,25,20,0.0,0.0,0.0,0.0,1.0,0.9999999999999999,-1.05,0.0
1770415538.7288861,25,21,0.0,0.0,0.0,0.0,1.0,0.9999999999999999,-1.05,0.0
1770415538.7299154,25,22,0.0,0.0,0.0,0.0,1.0,0.9999999999999999,-1.05,0.0
1770415538.7308824,25,23,0.0,0.0,0.0,0.0,1.0,0.9999999999999999,-1.05,0.0
1770415538.7318673,25,24,0.0,0.0,0.0,0.0,1.0,0.9999999999999999,-1.05,0.0
1770415538.7328465,25,25,0.0,0.0,0.0,0.0,1.0,0.9999999999999999,-1.05,0.0
1770415538.7340767,25,26,0.0,0.0,0.0,0.0,1.0,0.9999999999999999,-1.05,0.0
1770415538.7352188,25,27,0.0,0.0,0.0,0.0,1.0,0.9999999999999999,-1.05,0.0
1770415538.7362921,25,28,0.0,0.0,0.0,0.0,1.0,0.9999999999999999,-1.05,0.0
1770415538.7374682,25,29,0.0,0.0,0.0,0.0,1.0,0.9999999999999999,-1.05,0.0
1770415538.7387426,25,30,0.0,0.0,0.0,0.0,1.0,0.9999999999999999,-1.05,0.0
1770415538.7398686,25,31,0.0,0.0,0.0,0.0,1.0,0.9999999999999999,-1.05,0.0
1770415538.7410107,25,32,0.0,0.0,0.0,0.0,1.0,0.9999999999999999,-1.05,0.0
1770415538.7422225,25,33,0.0,0.0,0.0,0.0,1.0,0.9999999999999999,-1.05,0.0
1770415538.7434938,25,34,0.0,0.0,0.0,0.0,1.0,0.9999999999999999,-1.05,0.0
1770415538.74435,25,35,0.0,0.0,0.0,0.0,1.0,0.9999999999999999,-1.05,0.0
1770415538.7451096,25,36,0.0,0.0,0.0,0.0,1.0,0.9999999999999999,-1.05,0.0
1770415538.7462704,25,37,0.0,0.0,0.0,0.0,1.0,0.9999999999999999,-1.05,0.0
1770415538.747208,25,38,0.0,0.0,0.0,0.0,1.0,0.9999999999999999,-1.05,0.0
1770415538.748002,25,39,0.0,0.0,0.0,0.0,1.0,0.9999999999999999,-1.05,0.0
1770415538.7491863,25,40,0.0,0.0,0.0,0.0,1.0,0.9999999999999999,-1.05,0.0
1770415538.7503269,25,41,0.0,0.0,0.0,0.0,1.0,0.9999999999999999,-1.05,0.0
1770415538.751372,25,42,0.0,0.0,0.0,0.0,1.0,0.9999999999999999,-1.05,0.0
1770415538.752328,25,43,0.0,0.0,0.0,0.0,1.0,0.9999999999999999,-1.05,0.0
1770415538.7531135,25,44,0.0,0.0,0.0,0.0,1.0,0.9999999999999999,-1.05,0.0
1770415538.7538824,25,45,0.0,0.0,0.0,0.0,1.0,0.9999999999999999,-1.05,0.0
1770415538.754848,25,46,0.0,0.0,0.0,0.0,1.0,0.9999999999999999,-1.05,0.0
1770415538.7557175,25,47,0.0,0.0,0.0,0.0,1.0,0.9999999999999999,-1.05,0.0
1770415538.756495,25,48,0.0,0.0,0.0,0.0,1.0,0.9999999999999999,-1.05,0.0
1770415538.7572641,25,49,0.0,0.0,0.0,0.0,1.0,0.9999999999999999,-1.05,0.0
1770415538.7580473,25,50,0.0,0.0,0.0,0.0,1.0,0.9999999999999999,-1.05,0.0
1770415538.7589724,25,51,0.0,0.0,0.0,0.0,1.0,0.9999999999999999,-1.05,0.0
1770415538.7598214,25,52,0.0,0.0,0.0,0.0,1.0,0.9999999999999999,-1.05,0.0
1770415538.7609346,25,53,0.0,0.0,0.0,0.0,1.0,0.9999999999999999,-1.05,0.0
1770415538.7621229,25,54,0.0,0.0,0.0,0.0,1.0,0.9999999999999999,-1.05,0.0
1770415538.76303,25,55,0.0,0.0,0.0,0.0,1.0,0.9999999999999999,-1.05,0.0
1770415538.76382,25,56,0.0,0.0,0.0,0.0,1.0,0.9999999999999999,-1.05,0.0
1770415538.7646477,25,57,0.0,0.0,0.0,0.0,1.0,0.9999999999999999,-1.05,0.0
1770415538.7655346,25,58,0.0,0.0,0.0,0.0,1.0,0.9999999999999999,-1.05,0.0
1770415538.7664015,25,59,0.0,0.0,0.0,0.0,1.0,0.9999999999999999,-1.05,0.0
1770415538.7675602,25,60,0.0,0.0,0.0,0.0,1.0,0.9999999999999999,-1.05,0.0
1770415538.7687452,25,61,0.0,0.0,0.0,0.0,1.0,0.9999999999999999,-1.05,0.0
1770415538.7696512,25,62,0.0,0.0,0.0,0.0,1.0,0.9999999999999999,-1.05,0.0
1770415538.7710097,25,63,0.0,0.0,0.0,0.0,1.0,0.9999999999999999,-1.05,0.0
1770415538.772994,25,64,0.0,0.0,0.0,0.0,1.0,0.9999999999999999,-1.05,0.0
1770415538.7749891,25,65,0.0,0.0,0.0,0.0,1.0,0.9999999999999999,-1.05,0.0
1770415538.7771015,25,66,0.0,0.0,0.0,0.0,1.0,0.9999999999999999,-1.05,0.0
1770415538.7792706,25,67,0.0,0.0,0.0,0.0,1.0,0.9999999999999999,-1.05,0.0
1770415538.781171,25,68,0.0,0.0,0.0,0.0,1.0,0.9999999999999999,-1.05,0.0
1770415538.7831774,25,69,0.0,0.0,0.0,0.0,1.0,0.9999999999999999,-1.05,0.0
1770415538.78527,25,70,0.0,0.0,0.0,0.0,1.0,0.9999999999999999,-1.05,0.0
1770415538.787254,25,71,0.0,0.0,0.0,0.0,1.0,0.9999999999999999,-1.05,0.0
1770415538.7885184,25,72,0.0,0.0,0.0,0.0,1.0,0.9999999999999999,-1.05,0.0
1770415538.7894628,25,73,0.0,0.0,0.0,0.0,1.0,0.9999999999999999,-1.05,0.0
1770415538.7905414,25,74,0.0,0.0,0.0,0.0,1.0,0.9999999999999999,-1.05,0.0
1770415538.7914772,25,75,0.0,0.0,0.0,0.0,1.0,0.9999999999999999,-1.05,0.0
1770415538.792525,25,76,0.0,0.0,0.0,0.0,1.0,0.9999999999999999,-1.05,0.0
1770415538.7935483,25,77,0.0,0.0,0.0,0.0,1.0,0.9999999999999999,-1.05,0.0
1770415538.7944462,25,78,0.0,0.0,0.0,0.0,1.0,0.9999999999999999,-1.05,0.0
1770415538.795467,25,79,0.0,0.0,0.0,0.0,1.0,0.9999999999999999,-1.05,0.0
1770415538.796233,25,80,0.0,0.0,0.0,0.0,1.0,0.9999999999999999,-1.05,0.0
1770415538.7969744,25,81,0.0,0.0,0.0,0.0,1.0,0.9999999999999999,-1.05,0.0
1770415538.7977707,25,82,0.0,0.0,0.0,0.0,1.0,0.9999999999999999,-1.05,0.0
1770415538.7988286,25,83,0.0,0.0,0.0,0.0,1.0,0.9999999999999999,-1.05,0.0
1770415538.799762,25,84,0.0,0.0,0.0,0.0,1.0,0.9999999999999999,-1.05,0.0
1770415538.800586,25,85,0.0,0.0,0.0,0.0,1.0,0.9999999999999999,-1.05,0.0
1770415538.8016183,25,86,0.0,0.0,0.0,0.0,1.0,0.9999999999999999,-1.05,0.0
1770415538.8026137,25,87,0.0,0.0,0.0,0.0,1.0,0.9999999999999999,-1.05,0.0
1770415538.803592,25,88,0.0,0.0,0.0,0.0,1.0,0.9999999999999999,-1.05,0.0
1770415538.8044722,25,89,0.0,0.0,0.0,0.0,1.0,0.9999999999999999,-1.05,0.0
1770415538.8053465,25,90,0.0,0.0,0.0,0.0,1.0,0.9999999999999999,-1.05,0.0
1770415538.8063588,25,91,0.0,0.0,0.0,0.0,1.0,0.9999999999999999,-1.05,0.0
1770415538.8075056,25,92,0.0,0.0,0.0,0.0,1.0,0.9999999999999999,-1.05,0.0
1770415538.8084028,25,93,0.0,0.0,0.0,0.0,1.0,0.9999999999999999,-1.05,0.0
1770415538.8095431,25,94,0.0,0.0,0.0,0.0,1.0,0.9999999999999999,-1.05,0.0
1770415538.8114617,25,95,0.0,0.0,0.0,0.0,1.0,0.9999999999999999,-1.05,0.0
1770415538.8135731,25,96,0.0,0.0,0.0,0.0,1.0,0.9999999999999999,-1.05,0.0
1770415538.8148136,25,97,0.0,0.0,0.0,0.0,1.0,0.9999999999999999,-1.05,0.0
1770415538.8158205,25,98,0.0,0.0,0.0,0.0,1.0,0.9999999999999999,-1.05,0.0
1770415538.8170369,25,99,0.0,0.0,0.0,0.0,1.0,0.9999999999999999,-1.05,0.0
1770415538.8182101,25,100,0.0,0.0,0.0,0.0,1.0,0.9999999999999999,-1.05,0.0
1770415538.8193672,25,101,0.0,0.0,0.0,0.0,1.0,0.9999999999999999,-1.05,0.0
1770415538.8204322,25,102,0.0,0.0,0.0,0.0,1.0,0.9999999999999999,-1.05,0.0
1770415538.8215587,25,103,0.0,0.0,0.0,0.0,1.0,0.9999999999999999,-1.05,0.0
1770415538.822553,25,104,0.0,0.0,0.0,0.0,1.0,0.9999999999999999,-1.05,0.0
1770415538.8236716,25,105,0.0,0.0,0.0,0.0,1.0,0.9999999999999999,-1.05,0.0
1770415538.8247087,25,106,0.0,0.0,0.0,0.0,1.0,0.9999999999999999,-1.05,0.0
1770415538.8257089,25,107,0.0,0.0,0.0,0.0,1.0,0.9999999999999999,-1.05,0.0
1770415538.8269997,25,108,0.0,0.0,0.0,0.0,1.0,0.9999999999999999,-1.05,0.0
1770415538.8280575,25,109,0.0,0.0,0.0,0.0,1.0,0.9999999999999999,-1.05,0.0
1770415538.8290439,25,110,0.0,0.0,0.0,0.0,1.0,0.9999999999999999,-1.05,0.0
1770415538.8301988,25,111,0.0,0.0,0.0,0.0,1.0,0.9999999999999999,-1.05,0.0
1770415538.831383,25,112,0.0,0.0,0.0,0.0,1.0,0.9999999999999999,-1.05,0.0
1770415538.8326054,25,113,0.0,0.0,0.0,0.0,1.0,0.9999999999999999,-1.05,0.0
1770415538.8337636,25,114,0.0,0.0,0.0,0.0,1.0,0.9999999999999999,-1.05,0.0
1770415538.8348231,25,115,0.0,0.0,0.0,0.0,1.0,0.9999999999999999,-1.05,0.0
1770415538.836107,25,116,0.0,0.0,0.0,0.0,1.0,0.9999999999999999,-1.05,0.0
1770415538.8373485,25,117,0.0,0.0,0.0,0.0,1.0,0.9999999999999999,-1.05,0.0
1770415538.8386233,25,118,0.0,0.0,0.0,0.0,1.0,0.9999999999999999,-1.05,0.0
1770415538.8400562,25,119,0.0,0.0,0.0,0.0,1.0,0.9999999999999999,-1.05,0.0
1770415538.8414414,25,120,0.0,0.0,0.0,0.0,1.0,0.9999999999999999,-1.05,0.0
1770415538.8424242,25,121,0.0,0.0,0.0,0.0,1.0,0.9999999999999999,-1.05,0.0
1770415538.8439016,25,122,0.0,0.0,0.0,0.0,1.0,0.9999999999999999,-1.05,0.0
1770415538.844919,25,123,0.0,0.0,0.0,0.0,1.0,0.9999999999999999,-1.05,0.0
1770415538.8460162,25,124,0.0,0.0,0.0,0.0,1.0,0.9999999999999999,-1.05,0.0
1770415538.8469532,25,125,0.0,0.0,0.0,0.0,1.0,0.9999999999999999,-1.05,0.0
1770415538.8477285,25,126,0.0,0.0,0.0,0.0,1.0,0.9999999999999999,-1.05,0.0
1770415538.8486035,25,127,0.0,0.0,0.0,0.0,1.0,0.9999999999999999,-1.05,0.0
1770415538.8493881,25,128,0.0,0.0,0.0,0.0,1.0,0.9999999999999999,-1.05,0.0
1770415538.8503833,25,129,0.0,0.0,0.0,0.0,1.0,0.9999999999999999,-1.05,0.0
1770415538.8512983,25,130,0.0,0.0,0.0,0.0,1.0,0.9999999999999999,-1.05,0.0
1770415538.852247,25,131,0.0,0.0,0.0,0.0,1.0,0.9999999999999999,-1.05,0.0
1770415538.853466,25,132,0.0,0.0,0.0,0.0,1.0,0.9999999999999999,-1.05,0.0
1770415538.8545725,25,133,0.0,0.0,0.0,0.0,1.0,0.9999999999999999,-1.05,0.0
1770415538.8553684,25,134,0.0,0.0,0.0,0.0,1.0,0.9999999999999999,-1.05,0.0
1770415538.8564975,25,135,0.0,0.0,0.0,0.0,1.0,0.9999999999999999,-1.05,0.0
1770415538.8577547,25,136,0.0,0.0,0.0,0.0,1.0,0.9999999999999999,-1.05,0.0
1770415538.8588405,25,137,0.0,0.0,0.0,0.0,1.0,0.9999999999999999,-1.05,0.0
1770415538.859918,25,138,0.0,0.0,0.0,0.0,1.0,0.9999999999999999,-1.05,0.0
1770415538.8608165,25,139,0.0,0.0,0.0,0.0,1.0,0.9999999999999999,-1.05,0.0
1770415538.8621328,25,140,0.0,0.0,0.0,0.0,1.0,0.9999999999999999,-1.05,0.0
1770415538.8634691,25,141,0.0,0.0,0.0,0.0,1.0,0.9999999999999999,-1.05,0.0
1770415538.8645234,25,142,0.0,0.0,0.0,0.0,1.0,0.9999999999999999,-1.05,0.0
1770415538.8655543,25,143,0.0,0.0,0.0,0.0,1.0,0.9999999999999999,-1.05,0.0
1770415538.8664827,25,144,0.0,0.0,0.0,0.0,1.0,0.9999999999999999,-1.05,0.0
1770415538.8677785,25,145,0.0,0.0,0.0,0.0,1.0,0.9999999999999999,-1.05,0.0
1770415538.8688757,25,146,0.0,0.0,0.0,0.0,1.0,0.9999999999999999,-1.05,0.0
1770415538.8701713,25,147,0.0,0.0,0.0,0.0,1.0,0.9999999999999999,-1.05,0.0
1770415538.8719232,25,148,0.0,0.0,0.0,0.0,1.0,0.9999999999999999,-1.05,0.0
1770415538.8731084,25,149,0.0,0.0,0.0,0.0,1.0,0.9999999999999999,-1.05,0.0
1770415538.8742602,25,150,0.0,0.0,0.0,0.0,1.0,0.9999999999999999,-1.05,0.0
1770415538.8752997,25,151,0.0,0.0,0.0,0.0,1.0,0.9999999999999999,-1.05,0.0
1770415538.876288,25,152,0.0,0.0,0.0,0.0,1.0,0.9999999999999999,-1.05,0.0
1770415538.8774235,25,153,0.0,0.0,0.0,0.0,1.0,0.9999999999999999,-1.05,0.0
1770415538.878496,25,154,0.0,0.0,0.0,0.0,1.0,0.9999999999999999,-1.05,0.0
1770415538.879455,25,155,0.0,0.0,0.0,0.0,1.0,0.9999999999999999,-1.05,0.0
1770415538.8805473,25,156,0.0,0.0,0.0,0.0,1.0,0.9999999999999999,-1.05,0.0
1770415538.881443,25,157,0.0,0.0,0.0,0.0,1.0,0.9999999999999999,-1.05,0.0
1770415538.8826246,25,158,0.0,0.0,0.0,0.0,1.0,0.9999999999999999,-1.05,0.0
1770415538.8838618,25,159,0.0,0.0,0.0,0.0,1.0,0.9999999999999999,-1.05,0.0
1770415538.88492,25,160,0.0,0.0,0.0,0.0,1.0,0.9999999999999999,-1.05,0.0
1770415538.8860354,25,161,0.0,0.0,0.0,0.0,1.0,0.9999999999999999,-1.05,0.0
1770415538.8870761,25,162,0.0,0.0,0.0,0.0,1.0,0.9999999999999999,-1.05,0.0
1770415538.8882306,25,163,0.0,0.0,0.0,0.0,1.0,0.9999999999999999,-1.05,0.0
1770415538.889466,25,164,0.0,0.0,0.0,0.0,1.0,0.9999999999999999,-1.05,0.0
1770415538.8907616,25,165,0.0,0.0,0.0,0.0,1.0,0.9999999999999999,-1.05,0.0
1770415538.8919175,25,166,0.0,0.0,0.0,0.0,1.0,0.9999999999999999,-1.05,0.0
1770415538.8930726,25,167,0.0,0.0,0.0,0.0,1.0,0.9999999999999999,-1.05,0.0
1770415538.8940449,25,168,0.0,0.0,0.0,0.0,1.0,0.9999999999999999,-1.05,0.0
1770415538.895231,25,169,0.0,0.0,0.0,0.0,1.0,0.9999999999999999,-1.05,0.0
1770415538.8962522,25,170,0.0,0.0,0.0,0.0,1.0,0.9999999999999999,-1.05,0.0
1770415538.89721,25,171,0.0,0.0,0.0,0.0,1.0,0.9999999999999999,-1.05,0.0
1770415538.8980894,25,172,0.0,0.0,0.0,0.0,1.0,0.9999999999999999,-1.05,0.0
1770415538.8989854,25,173,0.0,0.0,0.0,0.0,1.0,0.9999999999999999,-1.05,0.0
1770415538.9000926,25,174,0.0,0.0,0.0,0.0,1.0,0.9999999999999999,-1.05,0.0
1770415538.9011195,25,175,0.0,0.0,0.0,0.0,1.0,0.9999999999999999,-1.05,0.0
1770415538.9020715,25,176,0.0,0.0,0.0,0.0,1.0,0.9999999999999999,-1.05,0.0
1770415538.902978,25,177,0.0,0.0,0.0,0.0,1.0,0.9999999999999999,-1.05,0.0
1770415538.9040978,25,178,0.0,0.0,0.0,0.0,1.0,0.9999999999999999,-1.05,0.0
1770415538.9051712,25,179,0.0,0.0,0.0,0.0,1.0,0.9999999999999999,-1.05,0.0
1770415538.9062376,25,180,0.0,0.0,0.0,0.0,1.0,0.9999999999999999,-1.05,0.0
1770415538.9072106,25,181,0.0,0.0,0.0,0.0,1.0,0.9999999999999999,-1.05,0.0
1770415538.9083588,25,182,0.0,0.0,0.0,0.0,1.0,0.9999999999999999,-1.05,0.0
1770415538.9096372,25,183,0.0,0.0,0.0,0.0,1.0,0.9999999999999999,-1.05,0.0
1770415538.910842,25,184,0.0,0.0,0.0,0.0,1.0,0.9999999999999999,-1.05,0.0
1770415538.91177,25,185,0.0,0.0,0.0,0.0,1.0,0.9999999999999999,-1.05,0.0
1770415538.9128876,25,186,0.0,0.0,0.0,0.0,1.0,0.9999999999999999,-1.05,0.0
1770415538.913952,25,187,0.0,0.0,0.0,0.0,1.0,0.9999999999999999,-1.05,0.0
1770415538.9150565,25,188,0.0,0.0,0.0,0.0,1.0,0.9999999999999999,-1.05,0.0
1770415538.9161055,25,189,0.0,0.0,0.0,0.0,1.0,0.9999999999999999,-1.05,0.0
1770415538.917219,25,190,0.0,0.0,0.0,0.0,1.0,0.9999999999999999,-1.05,0.0
1770415538.9184089,25,191,0.0,0.0,0.0,0.0,1.0,0.9999999999999999,-1.05,0.0
1770415538.9195833,25,192,0.0,0.0,0.0,0.0,1.0,0.9999999999999999,-1.05,0.0
1770415538.920549,25,193,0.0,0.0,0.0,0.0,1.0,0.9999999999999999,-1.05,0.0
1770415538.9214578,25,194,0.0,0.0,0.0,0.0,1.0,0.9999999999999999,-1.05,0.0
1770415538.9225087,25,195,0.0,0.0,0.0,0.0,1.0,0.9999999999999999,-1.05,0.0
1770415538.9235787,25,196,0.0,0.0,0.0,0.0,1.0,0.9999999999999999,-1.05,0.0
1770415538.924706,25,197,0.0,0.0,0.0,0.0,1.0,0.9999999999999999,-1.05,0.0
1770415538.9259157,25,198,0.0,0.0,0.0,0.0,1.0,0.9999999999999999,-1.05,0.0
1770415538.9269965,25,199,0.0,0.0,0.0,0.0,1.0,0.9999999999999999,-1.05,0.0
1770415538.9280722,25,200,0.0,0.0,0.0,0.0,1.0,0.9999999999999999,-1.05,0.0
1770415538.9766912,26,0,0.0,0.0,0.0,0.0,1.0,0.0,0.0,0.0
1770415538.977666,26,1,0.0,0.0,0.0,0.0,1.0,0.9999999999999999,-0.049999999999999996,0.0
1770415538.9784663,26,2,0.0,0.0,0.0,0.0,1.0,0.9999999999999999,-0.049999999999999996,0.0
1770415538.9794617,26,3,0.0,0.0,0.0,0.0,1.0,0.9999999999999999,-0.049999999999999996,0.0
1770415538.9805074,26,4,0.0,0.0,0.0,0.0,1.0,0.9999999999999999,-0.049999999999999996,0.0
1770415538.9814756,26,5,0.0,0.0,0.0,0.0,1.0,0.9999999999999999,-0.049999999999999996,0.0
1770415538.9825957,26,6,0.0,0.0,0.0,0.0,1.0,0.9999999999999999,-1.05,0.0
1770415538.9836426,26,7,0.0,0.0,0.0,0.0,1.0,0.9999999999999999,-1.05,0.0
1770415538.9845178,26,8,0.0,0.0,0.0,0.0,1.0,0.9999999999999999,-1.05,0.0
1770415538.9855351,26,9,0.0,0.0,0.0,0.0,1.0,0.9999999999999999,-1.05,0.0
1770415538.986562,26,10,0.0,0.0,0.0,0.0,1.0,0.9999999999999999,-1.05,0.0
1770415538.9874551,26,11,0.0,0.0,0.0,0.0,1.0,0.9999999999999999,-1.05,0.0
1770415538.9884322,26,12,0.0,0.0,0.0,0.0,1.0,0.9999999999999999,-1.05,0.0
1770415538.9893796,26,13,0.0,0.0,0.0,0.0,1.0,0.9999999999999999,-1.05,0.0
1770415538.9903393,26,14,0.0,0.0,0.0,0.0,1.0,0.9999999999999999,-1.05,0.0
1770415538.9914737,26,15,0.0,0.0,0.0,0.0,1.0,0.9999999999999999,-1.05,0.0
1770415538.9925249,26,16,0.0,0.0,0.0,0.0,1.0,0.9999999999999999,-1.05,0.0
1770415538.9934437,26,17,0.0,0.0,0.0,0.0,1.0,0.9999999999999999,-1.05,0.0
1770415538.9946969,26,18,0.0,0.0,0.0,0.0,1.0,0.9999999999999999,-1.05,0.0
1770415538.9977212,26,19,0.0,0.0,0.0,0.0,1.0,0.9999999999999999,-1.05,0.0
1770415538.9990265,26,20,0.0,0.0,0.0,0.0,1.0,0.9999999999999999,-1.05,0.0
1770415539.0003598,26,21,0.0,0.0,0.0,0.0,1.0,0.9999999999999999,-1.05,0.0
1770415539.0014336,26,22,0.0,0.0,0.0,0.0,1.0,0.9999999999999999,-1.05,0.0
1770415539.002516,26,23,0.0,0.0,0.0,0.0,1.0,0.9999999999999999,-1.05,0.0
1770415539.0035882,26,24,0.0,0.0,0.0,0.0,1.0,0.9999999999999999,-1.05,0.0
1770415539.004521,26,25,0.0,0.0,0.0,0.0,1.0,0.9999999999999999,-1.05,0.0
1770415539.0057068,26,26,0.0,0.0,0.0,0.0,1.0,0.9999999999999999,-1.05,0.0
1770415539.0066965,26,27,0.0,0.0,0.0,0.0,1.0,0.9999999999999999,-1.05,0.0
1770415539.007909,26,28,0.0,0.0,0.0,0.0,1.0,0.9999999999999999,-1.05,0.0
1770415539.0090015,26,29,0.0,0.0,0.0,0.0,1.0,0.9999999999999999,-1.05,0.0
1770415539.0100615,26,30,0.0,0.0,0.0,0.0,1.0,0.9999999999999999,-1.05,0.0
1770415539.0110943,26,31,0.0,0.0,0.0,0.0,1.0,0.9999999999999999,-1.05,0.0
1770415539.0121958,26,32,0.0,0.0,0.0,0.0,1.0,0.9999999999999999,-1.05,0.0
1770415539.0134952,26,33,0.0,0.0,0.0,0.0,1.0,0.9999999999999999,-1.05,0.0
1770415539.0146716,26,34,0.0,0.0,0.0,0.0,1.0,0.9999999999999999,-1.05,0.0
1770415539.0168257,26,35,0.0,0.0,0.0,0.0,1.0,0.9999999999999999,-1.05,0.0
1770415539.0187442,26,36,0.0,0.0,0.0,0.0,1.0,0.9999999999999999,-1.05,0.0
1770415539.0207815,26,37,0.0,0.0,0.0,0.0,1.0,0.9999999999999999,-1.05,0.0
1770415539.022699,26,38,0.0,0.0,0.0,0.0,1.0,0.9999999999999999,-1.05,0.0
1770415539.0240793,26,39,0.0,0.0,0.0,0.0,1.0,0.9999999999999999,-1.05,0.0
1770415539.0251195,26,40,0.0,0.0,0.0,0.0,1.0,0.9999999999999999,-1.05,0.0
1770415539.0262973,26,41,0.0,0.0,0.0,0.0,1.0,0.9999999999999999,-1.05,0.0
1770415539.0275037,26,42,0.0,0.0,0.0,0.0,1.0,0.9999999999999999,-1.05,0.0
1770415539.0286577,26,43,0.0,0.0,0.0,0.0,1.0,0.9999999999999999,-1.05,0.0
1770415539.0295706,26,44,0.0,0.0,0.0,0.0,1.0,0.9999999999999999,-1.05,0.0
1770415539.0306666,26,45,0.0,0.0,0.0,0.0,1.0,0.9999999999999999,-1.05,0.0
1770415539.0321517,26,46,0.0,0.0,0.0,0.0,1.0,0.9999999999999999,-1.05,0.0
1770415539.0333683,26,47,0.0,0.0,0.0,0.0,1.0,0.9999999999999999,-1.05,0.0
1770415539.0345402,26,48,0.0,0.0,0.0,0.0,1.0,0.9999999999999999,-1.05,0.0
1770415539.0354974,26,49,0.0,0.0,0.0,0.0,1.0,0.9999999999999999,-1.05,0.0
1770415539.0364125,26,50,0.0,0.0,0.0,0.0,1.0,0.9999999999999999,-1.05,0.0
1770415539.037535,26,51,0.0,0.0,0.0,0.0,1.0,0.9999999999999999,-1.05,0.0
1770415539.0385802,26,52,0.0,0.0,0.0,0.0,1.0,0.9999999999999999,-1.05,0.0
1770415539.0394964,26,53,0.0,0.0,0.0,0.0,1.0,0.9999999999999999,-1.05,0.0
1770415539.040711,26,54,0.0,0.0,0.0,0.0,1.0,0.9999999999999999,-1.05,0.0
1770415539.0416157,26,55,0.0,0.0,0.0,0.0,1.0,0.9999999999999999,-1.05,0.0
1770415539.0426683,26,56,0.0,0.0,0.0,0.0,1.0,0.9999999999999999,-1.05,0.0
1770415539.0436907,26,57,0.0,0.0,0.0,0.0,1.0,0.9999999999999999,-1.05,0.0
1770415539.044655,26,58,0.0,0.0,0.0,0.0,1.0,0.9999999999999999,-1.05,0.0
1770415539.0459154,26,59,0.0,0.0,0.0,0.0,1.0,0.9999999999999999,-1.05,0.0
1770415539.0471313,26,60,0.0,0.0,0.0,0.0,1.0,0.9999999999999999,-1.05,0.0
1770415539.0482597,26,61,0.0,0.0,0.0,0.0,1.0,0.9999999999999999,-1.05,0.0
1770415539.0494974,26,62,0.0,0.0,0.0,0.0,1.0,0.9999999999999999,-1.05,0.0
1770415539.050566,26,63,0.0,0.0,0.0,0.0,1.0,0.9999999999999999,-1.05,0.0
1770415539.0516474,26,64,0.0,0.0,0.0,0.0,1.0,0.9999999999999999,-1.05,0.0
1770415539.0525918,26,65,0.0,0.0,0.0,0.0,1.0,0.9999999999999999,-1.05,0.0
1770415539.0535686,26,66,0.0,0.0,0.0,0.0,1.0,0.9999999999999999,-1.05,0.0
1770415539.0545154,26,67,0.0,0.0,0.0,0.0,1.0,0.9999999999999999,-1.05,0.0
1770415539.0555506,26,68,0.0,0.0,0.0,0.0,1.0,0.9999999999999999,-1.05,0.0
1770415539.056489,26,69,0.0,0.0,0.0,0.0,1.0,0.9999999999999999,-1.05,0.0
1770415539.057468,26,70,0.0,0.0,0.0,0.0,1.0,0.9999999999999999,-1.05,0.0
1770415539.0585084,26,71,0.0,0.0,0.0,0.0,1.0,0.9999999999999999,-1.05,0.0
1770415539.0595036,26,72,0.0,0.0,0.0,0.0,1.0,0.9999999999999999,-1.05,0.0
1770415539.0603445,26,73,0.0,0.0,0.0,0.0,1.0,0.9999999999999999,-1.05,0.0
1770415539.0611703,26,74,0.0,0.0,0.0,0.0,1.0,0.9999999999999999,-1.05,0.0
1770415539.06205,26,75,0.0,0.0,0.0,0.0,1.0,0.9999999999999999,-1.05,0.0
1770415539.0630322,26,76,0.0,0.0,0.0,0.0,1.0,0.9999999999999999,-1.05,0.0
1770415539.064145,26,77,0.0,0.0,0.0,0.0,1.0,0.9999999999999999,-1.05,0.0
1770415539.0650375,26,78,0.0,0.0,0.0,0.0,1.0,0.9999999999999999,-1.05,0.0
1770415539.0657465,26,79,0.0,0.0,0.0,0.0,1.0,0.9999999999999999,-1.05,0.0
1770415539.0665221,26,80,0.0,0.0,0.0,0.0,1.0,0.9999999999999999,-1.05,0.0
1770415539.067723,26,81,0.0,0.0,0.0,0.0,1.0,0.9999999999999999,-1.05,0.0
1770415539.0686443,26,82,0.0,0.0,0.0,0.0,1.0,0.9999999999999999,-1.05,0.0
1770415539.0696383,26,83,0.0,0.0,0.0,0.0,1.0,0.9999999999999999,-1.05,0.0
1770415539.0705245,26,84,0.0,0.0,0.0,0.0,1.0,0.9999999999999999,-1.05,0.0
1770415539.0714736,26,85,0.0,0.0,0.0,0.0,1.0,0.9999999999999999,-1.05,0.0
1770415539.0723622,26,86,0.0,0.0,0.0,0.0,1.0,0.9999999999999999,-1.05,0.0
1770415539.0731413,26,87,0.0,0.0,0.0,0.0,1.0,0.9999999999999999,-1.05,0.0
1770415539.0740097,26,88,0.0,0.0,0.0,0.0,1.0,0.9999999999999999,-1.05,0.0
1770415539.074847,26,89,0.0,0.0,0.0,0.0,1.0,0.9999999999999999,-1.05,0.0
1770415539.0759242,26,90,0.0,0.0,0.0,0.0,1.0,0.9999999999999999,-1.05,0.0
1770415539.0769796,26,91,0.0,0.0,0.0,0.0,1.0,0.9999999999999999,-1.05,0.0
1770415539.0778434,26,92,0.0,0.0,0.0,0.0,1.0,0.9999999999999999,-1.05,0.0
1770415539.0785925,26,93,0.0,0.0,0.0,0.0,1.0,0.9999999999999999,-1.05,0.0
1770415539.0794334,26,94,0.0,0.0,0.0,0.0,1.0,0.9999999999999999,-1.05,0.0
1770415539.0802486,26,95,0.0,0.0,0.0,0.0,1.0,0.9999999999999999,-1.05,0.0
1770415539.0813618,26,96,0.0,0.0,0.0,0.0,1.0,0.9999999999999999,-1.05,0.0
1770415539.082364,26,97,0.0,0.0,0.0,0.0,1.0,0.9999999999999999,-1.05,0.0
1770415539.0832386,26,98,0.0,0.0,0.0,0.0,1.0,0.9999999999999999,-1.05,0.0
1770415539.0840385,26,99,0.0,0.0,0.0,0.0,1.0,0.9999999999999999,-1.05,0.0
1770415539.0847023,26,100,0.0,0.0,0.0,0.0,1.0,0.9999999999999999,-1.05,0.0
1770415539.085518,26,101,0.0,0.0,0.0,0.0,1.0,0.9999999999999999,-1.05,0.0
1770415539.0863733,26,102,0.0,0.0,0.0,0.0,1.0,0.9999999999999999,-1.05,0.0
1770415539.0872426,26,103,0.0,0.0,0.0,0.0,1.0,0.9999999999999999,-1.05,0.0
1770415539.088317,26,104,0.0,0.0,0.0,0.0,1.0,0.9999999999999999,-1.05,0.0
1770415539.0893817,26,105,0.0,0.0,0.0,0.0,1.0,0.9999999999999999,-1.05,0.0
1770415539.0902374,26,106,0.0,0.0,0.0,0.0,1.0,0.9999999999999999,-1.05,0.0
1770415539.0911913,26,107,0.0,0.0,0.0,0.0,1.0,0.9999999999999999,-1.05,0.0
1770415539.0919979,26,108,0.0,0.0,0.0,0.0,1.0,0.9999999999999999,-1.05,0.0
1770415539.0928953,26,109,0.0,0.0,0.0,0.0,1.0,0.9999999999999999,-1.05,0.0
1770415539.0936365,26,110,0.0,0.0,0.0,0.0,1.0,0.9999999999999999,-1.05,0.0
1770415539.0944116,26,111,0.0,0.0,0.0,0.0,1.0,0.9999999999999999,-1.05,0.0
1770415539.0952203,26,112,0.0,0.0,0.0,0.0,1.0,0.9999999999999999,-1.05,0.0
1770415539.096077,26,113,0.0,0.0,0.0,0.0,1.0,0.9999999999999999,-1.05,0.0
1770415539.0970418,26,114,0.0,0.0,0.0,0.0,1.0,0.9999999999999999,-1.05,0.0
1770415539.0978386,26,115,0.0,0.0,0.0,0.0,1.0,0.9999999999999999,-1.05,0.0
1770415539.0990763,26,116,0.0,0.0,0.0,0.0,1.0,0.9999999999999999,-1.05,0.0
1770415539.1002316,26,117,0.0,0.0,0.0,0.0,1.0,0.9999999999999999,-1.05,0.0
1770415539.1012285,26,118,0.0,0.0,0.0,0.0,1.0,0.9999999999999999,-1.05,0.0
1770415539.102395,26,119,0.0,0.0,0.0,0.0,1.0,0.9999999999999999,-1.05,0.0
1770415539.1036036,26,120,0.0,0.0,0.0,0.0,1.0,0.9999999999999999,-1.05,0.0
1770415539.104892,26,121,0.0,0.0,0.0,0.0,1.0,0.9999999999999999,-1.05,0.0
1770415539.106208,26,122,0.0,0.0,0.0,0.0,1.0,0.9999999999999999,-1.05,0.0
1770415539.1074045,26,123,0.0,0.0,0.0,0.0,1.0,0.9999999999999999,-1.05,0.0
1770415539.1081553,26,124,0.0,0.0,0.0,0.0,1.0,0.9999999999999999,-1.05,0.0
1770415539.1089416,26,125,0.0,0.0,0.0,0.0,1.0,0.9999999999999999,-1.05,0.0
1770415539.110037,26,126,0.0,0.0,0.0,0.0,1.0,0.9999999999999999,-1.05,0.0
1770415539.1111205,26,127,0.0,0.0,0.0,0.0,1.0,0.9999999999999999,-1.05,0.0
1770415539.1120458,26,128,0.0,0.0,0.0,0.0,1.0,0.9999999999999999,-1.05,0.0
1770415539.1131222,26,129,0.0,0.0,0.0,0.0,1.0,0.9999999999999999,-1.05,0.0
1770415539.1141512,26,130,0.0,0.0,0.0,0.0,1.0,0.9999999999999999,-1.05,0.0
1770415539.1151946,26,131,0.0,0.0,0.0,0.0,1.0,0.9999999999999999,-1.05,0.0
1770415539.1163507,26,132,0.0,0.0,0.0,0.0,1.0,0.9999999999999999,-1.05,0.0
1770415539.117403,26,133,0.0,0.0,0.0,0.0,1.0,0.9999999999999999,-1.05,0.0
1770415539.1184974,26,134,0.0,0.0,0.0,0.0,1.0,0.9999999999999999,-1.05,0.0
1770415539.1196597,26,135,0.0,0.0,0.0,0.0,1.0,0.9999999999999999,-1.05,0.0
1770415539.1207478,26,136,0.0,0.0,0.0,0.0,1.0,0.9999999999999999,-1.05,0.0
1770415539.1215854,26,137,0.0,0.0,0.0,0.0,1.0,0.9999999999999999,-1.05,0.0
1770415539.1225996,26,138,0.0,0.0,0.0,0.0,1.0,0.9999999999999999,-1.05,0.0
1770415539.1236334,26,139,0.0,0.0,0.0,0.0,1.0,0.9999999999999999,-1.05,0.0
1770415539.1245072,26,140,0.0,0.0,0.0,0.0,1.0,0.9999999999999999,-1.05,0.0
1770415539.1253433,26,141,0.0,0.0,0.0,0.0,1.0,0.9999999999999999,-1.05,0.0
1770415539.126131,26,142,0.0,0.0,0.0,0.0,1.0,0.9999999999999999,-1.05,0.0
1770415539.1270735,26,143,0.0,0.0,0.0,0.0,1.0,0.9999999999999999,-1.05,0.0
1770415539.1281848,26,144,0.0,0.0,0.0,0.0,1.0,0.9999999999999999,-1.05,0.0
1770415539.1293616,26,145,0.0,0.0,0.0,0.0,1.0,0.9999999999999999,-1.05,0.0
1770415539.130274,26,146,0.0,0.0,0.0,0.0,1.0,0.9999999999999999,-1.05,0.0
1770415539.131096,26,147,0.0,0.0,0.0,0.0,1.0,0.9999999999999999,-1.05,0.0
1770415539.1320477,26,148,0.0,0.0,0.0,0.0,1.0,0.9999999999999999,-1.05,0.0
1770415539.1329165,26,149,0.0,0.0,0.0,0.0,1.0,0.9999999999999999,-1.05,0.0
1770415539.133958,26,150,0.0,0.0,0.0,0.0,1.0,0.9999999999999999,-1.05,0.0
1770415539.135024,26,151,0.0,0.0,0.0,0.0,1.0,0.9999999999999999,-1.05,0.0
1770415539.1361113,26,152,0.0,0.0,0.0,0.0,1.0,0.9999999999999999,-1.05,0.0
1770415539.1370535,26,153,0.0,0.0,0.0,0.0,1.0,0.9999999999999999,-1.05,0.0
1770415539.1381433,26,154,0.0,0.0,0.0,0.0,1.0,0.9999999999999999,-1.05,0.0
1770415539.1394753,26,155,0.0,0.0,0.0,0.0,1.0,0.9999999999999999,-1.05,0.0
1770415539.140828,26,156,0.0,0.0,0.0,0.0,1.0,0.9999999999999999,-1.05,0.0
1770415539.1420035,26,157,0.0,0.0,0.0,0.0,1.0,0.9999999999999999,-1.05,0.0
1770415539.1431417,26,158,0.0,0.0,0.0,0.0,1.0,0.9999999999999999,-1.05,0.0
1770415539.1442928,26,159,0.0,0.0,0.0,0.0,1.0,0.9999999999999999,-1.05,0.0
1770415539.1454237,26,160,0.0,0.0,0.0,0.0,1.0,0.9999999999999999,-1.05,0.0
1770415539.1465251,26,161,0.0,0.0,0.0,0.0,1.0,0.9999999999999999,-1.05,0.0
1770415539.147379,26,162,0.0,0.0,0.0,0.0,1.0,0.9999999999999999,-1.05,0.0
1770415539.148215,26,163,0.0,0.0,0.0,0.0,1.0,0.9999999999999999,-1.05,0.0
1770415539.1491675,26,164,0.0,0.0,0.0,0.0,1.0,0.9999999999999999,-1.05,0.0
1770415539.1500287,26,165,0.0,0.0,0.0,0.0,1.0,0.9999999999999999,-1.05,0.0
1770415539.1509333,26,166,0.0,0.0,0.0,0.0,1.0,0.9999999999999999,-1.05,0.0
1770415539.1519947,26,167,0.0,0.0,0.0,0.0,1.0,0.9999999999999999,-1.05,0.0
1770415539.1530507,26,168,0.0,0.0,0.0,0.0,1.0,0.9999999999999999,-1.05,0.0
1770415539.1541698,26,169,0.0,0.0,0.0,0.0,1.0,0.9999999999999999,-1.05,0.0
1770415539.1553433,26,170,0.0,0.0,0.0,0.0,1.0,0.9999999999999999,-1.05,0.0
1770415539.1563828,26,171,0.0,0.0,0.0,0.0,1.0,0.9999999999999999,-1.05,0.0
1770415539.157409,26,172,0.0,0.0,0.0,0.0,1.0,0.9999999999999999,-1.05,0.0
1770415539.1584487,26,173,0.0,0.0,0.0,0.0,1.0,0.9999999999999999,-1.05,0.0
1770415539.159437,26,174,0.0,0.0,0.0,0.0,1.0,0.9999999999999999,-1.05,0.0
1770415539.160184,26,175,0.0,0.0,0.0,0.0,1.0,0.9999999999999999,-1.05,0.0
1770415539.1610606,26,176,0.0,0.0,0.0,0.0,1.0,0.9999999999999999,-1.05,0.0
1770415539.161867,26,177,0.0,0.0,0.0,0.0,1.0,0.9999999999999999,-1.05,0.0
1770415539.1629906,26,178,0.0,0.0,0.0,0.0,1.0,0.9999999999999999,-1.05,0.0
1770415539.16394,26,179,0.0,0.0,0.0,0.0,1.0,0.9999999999999999,-1.05,0.0
1770415539.165079,26,180,0.0,0.0,0.0,0.0,1.0,0.9999999999999999,-1.05,0.0
1770415539.1662447,26,181,0.0,0.0,0.0,0.0,1.0,0.9999999999999999,-1.05,0.0
1770415539.167292,26,182,0.0,0.0,0.0,0.0,1.0,0.9999999999999999,-1.05,0.0
1770415539.1681523,26,183,0.0,0.0,0.0,0.0,1.0,0.9999999999999999,-1.05,0.0
1770415539.1690087,26,184,0.0,0.0,0.0,0.0,1.0,0.9999999999999999,-1.05,0.0
1770415539.169974,26,185,0.0,0.0,0.0,0.0,1.0,0.9999999999999999,-1.05,0.0
1770415539.171159,26,186,0.0,0.0,0.0,0.0,1.0,0.9999999999999999,-1.05,0.0
1770415539.1721027,26,187,0.0,0.0,0.0,0.0,1.0,0.9999999999999999,-1.05,0.0
1770415539.17304,26,188,0.0,0.0,0.0,0.0,1.0,0.9999999999999999,-1.05,0.0
1770415539.1739268,26,189,0.0,0.0,0.0,0.0,1.0,0.9999999999999999,-1.05,0.0
1770415539.1747477,26,190,0.0,0.0,0.0,0.0,1.0,0.9999999999999999,-1.05,0.0
1770415539.1755106,26,191,0.0,0.0,0.0,0.0,1.0,0.9999999999999999,-1.05,0.0
1770415539.1764631,26,192,0.0,0.0,0.0,0.0,1.0,0.9999999999999999,-1.05,0.0
1770415539.1774113,26,193,0.0,0.0,0.0,0.0,1.0,0.9999999999999999,-1.05,0.0
1770415539.1783254,26,194,0.0,0.0,0.0,0.0,1.0,0.9999999999999999,-1.05,0.0
1770415539.1792202,26,195,0.0,0.0,0.0,0.0,1.0,0.9999999999999999,-1.05,0.0
1770415539.180184,26,196,0.0,0.0,0.0,0.0,1.0,0.9999999999999999,-1.05,0.0
1770415539.1811054,26,197,0.0,0.0,0.0,0.0,1.0,0.9999999999999999,-1.05,0.0
1770415539.1818888,26,198,0.0,0.0,0.0,0.0,1.0,0.9999999999999999,-1.05,0.0
1770415539.1826546,26,199,0.0,0.0,0.0,0.0,1.0,0.9999999999999999,-1.05,0.0
1770415539.1835158,26,200,0.0,0.0,0.0,0.0,1.0,0.9999999999999999,-1.05,0.0
1770415539.2447262,27,0,0.0,0.0,0.0,0.0,1.0,0.0,0.0,0.0
1770415539.2458978,27,1,0.0,0.0,0.0,0.0,1.0,0.9999999999999999,-0.049999999999999996,0.0
1770415539.2478473,27,2,0.0,0.0,0.0,0.0,1.0,0.9999999999999999,-0.049999999999999996,0.0
1770415539.2497725,27,3,0.0,0.0,0.0,0.0,1.0,0.9999999999999999,-0.049999999999999996,0.0
1770415539.2518618,27,4,0.0,0.0,0.0,0.0,1.0,0.9999999999999999,-0.049999999999999996,0.0
1770415539.2537272,27,5,0.0,0.0,0.0,0.0,1.0,0.9999999999999999,-0.049999999999999996,0.0
1770415539.2556055,27,6,0.0,0.0,0.0,0.0,1.0,0.9999999999999999,-1.05,0.0
1770415539.2574694,27,7,0.0,0.0,0.0,0.0,1.0,0.9999999999999999,-1.05,0.0
1770415539.2593355,27,8,0.0,0.0,0.0,0.0,1.0,0.9999999999999999,-1.05,0.0
1770415539.2613428,27,9,0.0,0.0,0.0,0.0,1.0,0.9999999999999999,-1.05,0.0
1770415539.2634985,27,10,0.0,0.0,0.0,0.0,1.0,0.9999999999999999,-1.05,0.0
1770415539.2655375,27,11,0.0,0.0,0.0,0.0,1.0,0.9999999999999999,-1.05,0.0
1770415539.2674994,27,12,0.0,0.0,0.0,0.0,1.0,0.9999999999999999,-1.05,0.0
1770415539.2694385,27,13,0.0,0.0,0.0,0.0,1.0,0.9999999999999999,-1.05,0.0
1770415539.2712247,27,14,0.0,0.0,0.0,0.0,1.0,0.9999999999999999,-1.05,0.0
1770415539.2730503,27,15,0.0,0.0,0.0,0.0,1.0,0.9999999999999999,-1.05,0.0
1770415539.2748902,27,16,0.0,0.0,0.0,0.0,1.0,0.9999999999999999,-1.05,0.0
1770415539.2771204,27,17,0.0,0.0,0.0,0.0,1.0,0.9999999999999999,-1.05,0.0
1770415539.279342,27,18,0.0,0.0,0.0,0.0,1.0,0.9999999999999999,-1.05,0.0
1770415539.2814102,27,19,0.0,0.0,0.0,0.0,1.0,0.9999999999999999,-1.05,0.0
1770415539.283194,27,20,0.0,0.0,0.0,0.0,1.0,0.9999999999999999,-1.05,0.0
1770415539.2851489,27,21,0.0,0.0,0.0,0.0,1.0,0.9999999999999999,-1.05,0.0
1770415539.2872944,27,22,0.0,0.0,0.0,0.0,1.0,0.9999999999999999,-1.05,0.0
1770415539.2895012,27,23,0.0,0.0,0.0,0.0,1.0,0.9999999999999999,-1.05,0.0
1770415539.2915485,27,24,0.0,0.0,0.0,0.0,1.0,0.9999999999999999,-1.05,0.0
1770415539.293433,27,25,0.0,0.0,0.0,0.0,1.0,0.9999999999999999,-1.05,0.0
1770415539.295932,27,26,0.0,0.0,0.0,0.0,1.0,0.9999999999999999,-1.05,0.0
1770415539.2976284,27,27,0.0,0.0,0.0,0.0,1.0,0.9999999999999999,-1.05,0.0
1770415539.2996523,27,28,0.0,0.0,0.0,0.0,1.0,0.9999999999999999,-1.05,0.0
1770415539.30164,27,29,0.0,0.0,0.0,0.0,1.0,0.9999999999999999,-1.05,0.0
1770415539.3035884,27,30,0.0,0.0,0.0,0.0,1.0,0.9999999999999999,-1.05,0.0
1770415539.3057497,27,31,0.0,0.0,0.0,0.0,1.0,0.9999999999999999,-1.05,0.0
1770415539.3080199,27,32,0.0,0.0,0.0,0.0,1.0,0.9999999999999999,-1.05,0.0
1770415539.3091915,27,33,0.0,0.0,0.0,0.0,1.0,0.9999999999999999,-1.05,0.0
1770415539.3105495,27,34,0.0,0.0,0.0,0.0,1.0,0.9999999999999999,-1.05,0.0
1770415539.3116827,27,35,0.0,0.0,0.0,0.0,1.0,0.9999999999999999,-1.05,0.0
1770415539.3136938,27,36,0.0,0.0,0.0,0.0,1.0,0.9999999999999999,-1.05,0.0
1770415539.3156862,27,37,0.0,0.0,0.0,0.0,1.0,0.9999999999999999,-1.05,0.0
1770415539.3176405,27,38,0.0,0.0,0.0,0.0,1.0,0.9999999999999999,-1.05,0.0
1770415539.3197906,27,39,0.0,0.0,0.0,0.0,1.0,0.9999999999999999,-1.05,0.0
1770415539.3211017,27,40,0.0,0.0,0.0,0.0,1.0,0.9999999999999999,-1.05,0.0
1770415539.3222597,27,41,0.0,0.0,0.0,0.0,1.0,0.9999999999999999,-1.05,0.0
1770415539.3239772,27,42,0.0,0.0,0.0,0.0,1.0,0.9999999999999999,-1.05,0.0
1770415539.3250806,27,43,0.0,0.0,0.0,0.0,1.0,0.9999999999999999,-1.05,0.0
1770415539.3261423,27,44,0.0,0.0,0.0,0.0,1.0,0.9999999999999999,-1.05,0.0
1770415539.3271158,27,45,0.0,0.0,0.0,0.0,1.0,0.9999999999999999,-1.05,0.0
1770415539.328094,27,46,0.0,0.0,0.0,0.0,1.0,0.9999999999999999,-1.05,0.0
1770415539.3290613,27,47,0.0,0.0,0.0,0.0,1.0,0.9999999999999999,-1.05,0.0
1770415539.329997,27,48,0.0,0.0,0.0,0.0,1.0,0.9999999999999999,-1.05,0.0
1770415539.3310156,27,49,0.0,0.0,0.0,0.0,1.0,0.9999999999999999,-1.05,0.0
1770415539.3319914,27,50,0.0,0.0,0.0,0.0,1.0,0.9999999999999999,-1.05,0.0
1770415539.3329973,27,51,0.0,0.0,0.0,0.0,1.0,0.9999999999999999,-1.05,0.0
1770415539.3339286,27,52,0.0,0.0,0.0,0.0,1.0,0.9999999999999999,-1.05,0.0
1770415539.3349552,27,53,0.0,0.0,0.0,0.0,1.0,0.9999999999999999,-1.05,0.0
1770415539.335825,27,54,0.0,0.0,0.0,0.0,1.0,0.9999999999999999,-1.05,0.0
1770415539.3367543,27,55,0.0,0.0,0.0,0.0,1.0,0.9999999999999999,-1.05,0.0
1770415539.337588,27,56,0.0,0.0,0.0,0.0,1.0,0.9999999999999999,-1.05,0.0
1770415539.3384612,27,57,0.0,0.0,0.0,0.0,1.0,0.9999999999999999,-1.05,0.0
1770415539.339297,27,58,0.0,0.0,0.0,0.0,1.0,0.9999999999999999,-1.05,0.0
1770415539.3401563,27,59,0.0,0.0,0.0,0.0,1.0,0.9999999999999999,-1.05,0.0
1770415539.341118,27,60,0.0,0.0,0.0,0.0,1.0,0.9999999999999999,-1.05,0.0
1770415539.3421867,27,61,0.0,0.0,0.0,0.0,1.0,0.9999999999999999,-1.05,0.0
1770415539.343305,27,62,0.0,0.0,0.0,0.0,1.0,0.9999999999999999,-1.05,0.0
1770415539.3444276,27,63,0.0,0.0,0.0,0.0,1.0,0.9999999999999999,-1.05,0.0
1770415539.34546,27,64,0.0,0.0,0.0,0.0,1.0,0.9999999999999999,-1.05,0.0
1770415539.346399,27,65,0.0,0.0,0.0,0.0,1.0,0.9999999999999999,-1.05,0.0
1770415539.34747,27,66,0.0,0.0,0.0,0.0,1.0,0.9999999999999999,-1.05,0.0
1770415539.3485448,27,67,0.0,0.0,0.0,0.0,1.0,0.9999999999999999,-1.05,0.0
1770415539.3495789,27,68,0.0,0.0,0.0,0.0,1.0,0.9999999999999999,-1.05,0.0
1770415539.3504965,27,69,0.0,0.0,0.0,0.0,1.0,0.9999999999999999,-1.05,0.0
1770415539.3515205,27,70,0.0,0.0,0.0,0.0,1.0,0.9999999999999999,-1.05,0.0
1770415539.3524873,27,71,0.0,0.0,0.0,0.0,1.0,0.9999999999999999,-1.05,0.0
1770415539.3535554,27,72,0.0,0.0,0.0,0.0,1.0,0.9999999999999999,-1.05,0.0
1770415539.3545356,27,73,0.0,0.0,0.0,0.0,1.0,0.9999999999999999,-1.05,0.0
1770415539.3555815,27,74,0.0,0.0,0.0,0.0,1.0,0.9999999999999999,-1.05,0.0
1770415539.3566904,27,75,0.0,0.0,0.0,0.0,1.0,0.9999999999999999,-1.05,0.0
1770415539.3577695,27,76,0.0,0.0,0.0,0.0,1.0,0.9999999999999999,-1.05,0.0
1770415539.358887,27,77,0.0,0.0,0.0,0.0,1.0,0.9999999999999999,-1.05,0.0
1770415539.360137,27,78,0.0,0.0,0.0,0.0,1.0,0.9999999999999999,-1.05,0.0
1770415539.361416,27,79,0.0,0.0,0.0,0.0,1.0,0.9999999999999999,-1.05,0.0
1770415539.3625867,27,80,0.0,0.0,0.0,0.0,1.0,0.9999999999999999,-1.05,0.0
1770415539.3635275,27,81,0.0,0.0,0.0,0.0,1.0,0.9999999999999999,-1.05,0.0
1770415539.3643923,27,82,0.0,0.0,0.0,0.0,1.0,0.9999999999999999,-1.05,0.0
1770415539.3654659,27,83,0.0,0.0,0.0,0.0,1.0,0.9999999999999999,-1.05,0.0
1770415539.3664625,27,84,0.0,0.0,0.0,0.0,1.0,0.9999999999999999,-1.05,0.0
1770415539.3674674,27,85,0.0,0.0,0.0,0.0,1.0,0.9999999999999999,-1.05,0.0
1770415539.368526,27,86,0.0,0.0,0.0,0.0,1.0,0.9999999999999999,-1.05,0.0
1770415539.3696213,27,87,0.0,0.0,0.0,0.0,1.0,0.9999999999999999,-1.05,0.0
1770415539.3707237,27,88,0.0,0.0,0.0,0.0,1.0,0.9999999999999999,-1.05,0.0
1770415539.3718684,27,89,0.0,0.0,0.0,0.0,1.0,0.9999999999999999,-1.05,0.0
1770415539.3730922,27,90,0.0,0.0,0.0,0.0,1.0,0.9999999999999999,-1.05,0.0
1770415539.3742914,27,91,0.0,0.0,0.0,0.0,1.0,0.9999999999999999,-1.05,0.0
1770415539.3753636,27,92,0.0,0.0,0.0,0.0,1.0,0.9999999999999999,-1.05,0.0
1770415539.3765182,27,93,0.0,0.0,0.0,0.0,1.0,0.9999999999999999,-1.05,0.0
1770415539.3774908,27,94,0.0,0.0,0.0,0.0,1.0,0.9999999999999999,-1.05,0.0
1770415539.3783872,27,95,0.0,0.0,0.0,0.0,1.0,0.9999999999999999,-1.05,0.0
1770415539.379465,27,96,0.0,0.0,0.0,0.0,1.0,0.9999999999999999,-1.05,0.0
1770415539.380497,27,97,0.0,0.0,0.0,0.0,1.0,0.9999999999999999,-1.05,0.0
1770415539.381466,27,98,0.0,0.0,0.0,0.0,1.0,0.9999999999999999,-1.05,0.0
1770415539.3824599,27,99,0.0,0.0,0.0,0.0,1.0,0.9999999999999999,-1.05,0.0
1770415539.383436,27,100,0.0,0.0,0.0,0.0,1.0,0.9999999999999999,-1.05,0.0
1770415539.384504,27,101,0.0,0.0,0.0,0.0,1.0,0.9999999999999999,-1.05,0.0
1770415539.3853807,27,102,0.0,0.0,0.0,0.0,1.0,0.9999999999999999,-1.05,0.0
1770415539.3861475,27,103,0.0,0.0,0.0,0.0,1.0,0.9999999999999999,-1.05,0.0
1770415539.387142,27,104,0.0,0.0,0.0,0.0,1.0,0.9999999999999999,-1.05,0.0
1770415539.3881915,27,105,0.0,0.0,0.0,0.0,1.0,0.9999999999999999,-1.05,0.0
1770415539.3892677,27,106,0.0,0.0,0.0,0.0,1.0,0.9999999999999999,-1.05,0.0
1770415539.3903353,27,107,0.0,0.0,0.0,0.0,1.0,0.9999999999999999,-1.05,0.0
1770415539.3913481,27,108,0.0,0.0,0.0,0.0,1.0,0.9999999999999999,-1.05,0.0
1770415539.3925047,27,109,0.0,0.0,0.0,0.0,1.0,0.9999999999999999,-1.05,0.0
1770415539.39351,27,110,0.0,0.0,0.0,0.0,1.0,0.9999999999999999,-1.05,0.0
1770415539.3947372,27,111,0.0,0.0,0.0,0.0,1.0,0.9999999999999999,-1.05,0.0
1770415539.3959055,27,112,0.0,0.0,0.0,0.0,1.0,0.9999999999999999,-1.05,0.0
1770415539.396723,27,113,0.0,0.0,0.0,0.0,1.0,0.9999999999999999,-1.05,0.0
1770415539.3975754,27,114,0.0,0.0,0.0,0.0,1.0,0.9999999999999999,-1.05,0.0
1770415539.3986526,27,115,0.0,0.0,0.0,0.0,1.0,0.9999999999999999,-1.05,0.0
1770415539.3998022,27,116,0.0,0.0,0.0,0.0,1.0,0.9999999999999999,-1.05,0.0
1770415539.4011366,27,117,0.0,0.0,0.0,0.0,1.0,0.9999999999999999,-1.05,0.0
1770415539.40229,27,118,0.0,0.0,0.0,0.0,1.0,0.9999999999999999,-1.05,0.0
1770415539.4042575,27,119,0.0,0.0,0.0,0.0,1.0,0.9999999999999999,-1.05,0.0
1770415539.4064183,27,120,0.0,0.0,0.0,0.0,1.0,0.9999999999999999,-1.05,0.0
1770415539.4084187,27,121,0.0,0.0,0.0,0.0,1.0,0.9999999999999999,-1.05,0.0
1770415539.4102504,27,122,0.0,0.0,0.0,0.0,1.0,0.9999999999999999,-1.05,0.0
1770415539.412169,27,123,0.0,0.0,0.0,0.0,1.0,0.9999999999999999,-1.05,0.0
1770415539.4141214,27,124,0.0,0.0,0.0,0.0,1.0,0.9999999999999999,-1.05,0.0
1770415539.4160223,27,125,0.0,0.0,0.0,0.0,1.0,0.9999999999999999,-1.05,0.0
1770415539.4180048,27,126,0.0,0.0,0.0,0.0,1.0,0.9999999999999999,-1.05,0.0
1770415539.4199808,27,127,0.0,0.0,0.0,0.0,1.0,0.9999999999999999,-1.05,0.0
1770415539.421104,27,128,0.0,0.0,0.0,0.0,1.0,0.9999999999999999,-1.05,0.0
1770415539.4224293,27,129,0.0,0.0,0.0,0.0,1.0,0.9999999999999999,-1.05,0.0
1770415539.4236193,27,130,0.0,0.0,0.0,0.0,1.0,0.9999999999999999,-1.05,0.0
1770415539.4249003,27,131,0.0,0.0,0.0,0.0,1.0,0.9999999999999999,-1.05,0.0
1770415539.4261832,27,132,0.0,0.0,0.0,0.0,1.0,0.9999999999999999,-1.05,0.0
1770415539.4274065,27,133,0.0,0.0,0.0,0.0,1.0,0.9999999999999999,-1.05,0.0
1770415539.4286327,27,134,0.0,0.0,0.0,0.0,1.0,0.9999999999999999,-1.05,0.0
1770415539.429637,27,135,0.0,0.0,0.0,0.0,1.0,0.9999999999999999,-1.05,0.0
1770415539.4305458,27,136,0.0,0.0,0.0,0.0,1.0,0.9999999999999999,-1.05,0.0
1770415539.4317782,27,137,0.0,0.0,0.0,0.0,1.0,0.9999999999999999,-1.05,0.0
1770415539.4330058,27,138,0.0,0.0,0.0,0.0,1.0,0.9999999999999999,-1.05,0.0
1770415539.4342167,27,139,0.0,0.0,0.0,0.0,1.0,0.9999999999999999,-1.05,0.0
1770415539.4355726,27,140,0.0,0.0,0.0,0.0,1.0,0.9999999999999999,-1.05,0.0
1770415539.4367237,27,141,0.0,0.0,0.0,0.0,1.0,0.9999999999999999,-1.05,0.0
1770415539.43773,27,142,0.0,0.0,0.0,0.0,1.0,0.9999999999999999,-1.05,0.0
1770415539.4389617,27,143,0.0,0.0,0.0,0.0,1.0,0.9999999999999999,-1.05,0.0
1770415539.4401894,27,144,0.0,0.0,0.0,0.0,1.0,0.9999999999999999,-1.05,0.0
1770415539.4414783,27,145,0.0,0.0,0.0,0.0,1.0,0.9999999999999999,-1.05,0.0
1770415539.4428413,27,146,0.0,0.0,0.0,0.0,1.0,0.9999999999999999,-1.05,0.0
1770415539.4440715,27,147,0.0,0.0,0.0,0.0,1.0,0.9999999999999999,-1.05,0.0
1770415539.4452097,27,148,0.0,0.0,0.0,0.0,1.0,0.9999999999999999,-1.05,0.0
1770415539.4464436,27,149,0.0,0.0,0.0,0.0,1.0,0.9999999999999999,-1.05,0.0
1770415539.447483,27,150,0.0,0.0,0.0,0.0,1.0,0.9999999999999999,-1.05,0.0
1770415539.448702,27,151,0.0,0.0,0.0,0.0,1.0,0.9999999999999999,-1.05,0.0
1770415539.4496841,27,152,0.0,0.0,0.0,0.0,1.0,0.9999999999999999,-1.05,0.0
1770415539.4507785,27,153,0.0,0.0,0.0,0.0,1.0,0.9999999999999999,-1.05,0.0
1770415539.4519846,27,154,0.0,0.0,0.0,0.0,1.0,0.9999999999999999,-1.05,0.0
1770415539.4531186,27,155,0.0,0.0,0.0,0.0,1.0,0.9999999999999999,-1.05,0.0
1770415539.4543202,27,156,0.0,0.0,0.0,0.0,1.0,0.9999999999999999,-1.05,0.0
1770415539.4555192,27,157,0.0,0.0,0.0,0.0,1.0,0.9999999999999999,-1.05,0.0
1770415539.4567943,27,158,0.0,0.0,0.0,0.0,1.0,0.9999999999999999,-1.05,0.0
1770415539.4577637,27,159,0.0,0.0,0.0,0.0,1.0,0.9999999999999999,-1.05,0.0
1770415539.458814,27,160,0.0,0.0,0.0,0.0,1.0,0.9999999999999999,-1.05,0.0
1770415539.460099,27,161,0.0,0.0,0.0,0.0,1.0,0.9999999999999999,-1.05,0.0
1770415539.4613147,27,162,0.0,0.0,0.0,0.0,1.0,0.9999999999999999,-1.05,0.0
1770415539.462472,27,163,0.0,0.0,0.0,0.0,1.0,0.9999999999999999,-1.05,0.0
1770415539.4635756,27,164,0.0,0.0,0.0,0.0,1.0,0.9999999999999999,-1.05,0.0
1770415539.4647198,27,165,0.0,0.0,0.0,0.0,1.0,0.9999999999999999,-1.05,0.0
1770415539.4658854,27,166,0.0,0.0,0.0,0.0,1.0,0.9999999999999999,-1.05,0.0
1770415539.4672575,27,167,0.0,0.0,0.0,0.0,1.0,0.9999999999999999,-1.05,0.0
1770415539.4686227,27,168,0.0,0.0,0.0,0.0,1.0,0.9999999999999999,-1.05,0.0
1770415539.4696412,27,169,0.0,0.0,0.0,0.0,1.0,0.9999999999999999,-1.05,0.0
1770415539.470593,27,170,0.0,0.0,0.0,0.0,1.0,0.9999999999999999,-1.05,0.0
1770415539.4717262,27,171,0.0,0.0,0.0,0.0,1.0,0.9999999999999999,-1.05,0.0
1770415539.472842,27,172,0.0,0.0,0.0,0.0,1.0,0.9999999999999999,-1.05,0.0
1770415539.4740624,27,173,0.0,0.0,0.0,0.0,1.0,0.9999999999999999,-1.05,0.0
1770415539.4754791,27,174,0.0,0.0,0.0,0.0,1.0,0.9999999999999999,-1.05,0.0
1770415539.476844,27,175,0.0,0.0,0.0,0.0,1.0,0.9999999999999999,-1.05,0.0
1770415539.4779265,27,176,0.0,0.0,0.0,0.0,1.0,0.9999999999999999,-1.05,0.0
1770415539.4790883,27,177,0.0,0.0,0.0,0.0,1.0,0.9999999999999999,-1.05,0.0
1770415539.4802074,27,178,0.0,0.0,0.0,0.0,1.0,0.9999999999999999,-1.05,0.0
1770415539.48128,27,179,0.0,0.0,0.0,0.0,1.0,0.9999999999999999,-1.05,0.0
1770415539.4821165,27,180,0.0,0.0,0.0,0.0,1.0,0.9999999999999999,-1.05,0.0
1770415539.4834425,27,181,0.0,0.0,0.0,0.0,1.0,0.9999999999999999,-1.05,0.0
1770415539.484538,27,182,0.0,0.0,0.0,0.0,1.0,0.9999999999999999,-1.05,0.0
1770415539.485669,27,183,0.0,0.0,0.0,0.0,1.0,0.9999999999999999,-1.05,0.0
1770415539.4867406,27,184,0.0,0.0,0.0,0.0,1.0,0.9999999999999999,-1.05,0.0
1770415539.4877996,27,185,0.0,0.0,0.0,0.0,1.0,0.9999999999999999,-1.05,0.0
1770415539.4891465,27,186,0.0,0.0,0.0,0.0,1.0,0.9999999999999999,-1.05,0.0
1770415539.4902244,27,187,0.0,0.0,0.0,0.0,1.0,0.9999999999999999,-1.05,0.0
1770415539.491315,27,188,0.0,0.0,0.0,0.0,1.0,0.9999999999999999,-1.05,0.0
1770415539.4923046,27,189,0.0,0.0,0.0,0.0,1.0,0.9999999999999999,-1.05,0.0
1770415539.4932895,27,190,0.0,0.0,0.0,0.0,1.0,0.9999999999999999,-1.05,0.0
1770415539.4943635,27,191,0.0,0.0,0.0,0.0,1.0,0.9999999999999999,-1.05,0.0
1770415539.4955583,27,192,0.0,0.0,0.0,0.0,1.0,0.9999999999999999,-1.05,0.0
1770415539.4966528,27,193,0.0,0.0,0.0,0.0,1.0,0.9999999999999999,-1.05,0.0
1770415539.4977038,27,194,0.0,0.0,0.0,0.0,1.0,0.9999999999999999,-1.05,0.0
1770415539.4986813,27,195,0.0,0.0,0.0,0.0,1.0,0.9999999999999999,-1.05,0.0
1770415539.4995093,27,196,0.0,0.0,0.0,0.0,1.0,0.9999999999999999,-1.05,0.0
1770415539.5005322,27,197,0.0,0.0,0.0,0.0,1.0,0.9999999999999999,-1.05,0.0
1770415539.5015855,27,198,0.0,0.0,0.0,0.0,1.0,0.9999999999999999,-1.05,0.0
1770415539.502559,27,199,0.0,0.0,0.0,0.0,1.0,0.9999999999999999,-1.05,0.0
1770415539.5037334,27,200,0.0,0.0,0.0,0.0,1.0,0.9999999999999999,-1.05,0.0
1770415539.551032,28,0,0.0,0.0,0.0,0.0,1.0,0.0,0.0,0.0
1770415539.5533047,28,1,0.0,0.0,0.0,0.0,1.0,0.9999999999999999,-0.049999999999999996,0.0
1770415539.5554473,28,2,0.0,0.0,0.0,0.0,1.0,0.9999999999999999,-0.049999999999999996,0.0
1770415539.5576441,28,3,0.0,0.0,0.0,0.0,1.0,0.9999999999999999,-0.049999999999999996,0.0
1770415539.5597196,28,4,0.0,0.0,0.0,0.0,1.0,0.9999999999999999,-0.049999999999999996,0.0
1770415539.56165,28,5,0.0,0.0,0.0,0.0,1.0,0.9999999999999999,-0.049999999999999996,0.0
1770415539.5638468,28,6,0.0,0.0,0.0,0.0,1.0,0.9999999999999999,-1.05,0.0
1770415539.5660138,28,7,0.0,0.0,0.0,0.0,1.0,0.9999999999999999,-1.05,0.0
1770415539.5680065,28,8,0.0,0.0,0.0,0.0,1.0,0.9999999999999999,-1.05,0.0
1770415539.5698698,28,9,0.0,0.0,0.0,0.0,1.0,0.9999999999999999,-1.05,0.0
1770415539.5717223,28,10,0.0,0.0,0.0,0.0,1.0,0.9999999999999999,-1.05,0.0
1770415539.573705,28,11,0.0,0.0,0.0,0.0,1.0,0.9999999999999999,-1.05,0.0
1770415539.5758011,28,12,0.0,0.0,0.0,0.0,1.0,0.9999999999999999,-1.05,0.0
1770415539.5779548,28,13,0.0,0.0,0.0,0.0,1.0,0.9999999999999999,-1.05,0.0
1770415539.5800335,28,14,0.0,0.0,0.0,0.0,1.0,0.9999999999999999,-1.05,0.0
1770415539.5822845,28,15,0.0,0.0,0.0,0.0,1.0,0.9999999999999999,-1.05,0.0
1770415539.584338,28,16,0.0,0.0,0.0,0.0,1.0,0.9999999999999999,-1.05,0.0
1770415539.5865235,28,17,0.0,0.0,0.0,0.0,1.0,0.9999999999999999,-1.05,0.0
1770415539.5888207,28,18,0.0,0.0,0.0,0.0,1.0,0.9999999999999999,-1.05,0.0
1770415539.5898652,28,19,0.0,0.0,0.0,0.0,1.0,0.9999999999999999,-1.05,0.0
1770415539.590851,28,20,0.0,0.0,0.0,0.0,1.0,0.9999999999999999,-1.05,0.0
1770415539.5921273,28,21,0.0,0.0,0.0,0.0,1.0,0.9999999999999999,-1.05,0.0
1770415539.5932662,28,22,0.0,0.0,0.0,0.0,1.0,0.9999999999999999,-1.05,0.0
1770415539.5943065,28,23,0.0,0.0,0.0,0.0,1.0,0.9999999999999999,-1.05,0.0
1770415539.595409,28,24,0.0,0.0,0.0,0.0,1.0,0.9999999999999999,-1.05,0.0
1770415539.5967298,28,25,0.0,0.0,0.0,0.0,1.0,0.9999999999999999,-1.05,0.0
1770415539.5980074,28,26,0.0,0.0,0.0,0.0,1.0,0.9999999999999999,-1.05,0.0
1770415539.5991695,28,27,0.0,0.0,0.0,0.0,1.0,0.9999999999999999,-1.05,0.0
1770415539.60029,28,28,0.0,0.0,0.0,0.0,1.0,0.9999999999999999,-1.05,0.0
1770415539.601487,28,29,0.0,0.0,0.0,0.0,1.0,0.9999999999999999,-1.05,0.0
1770415539.602697,28,30,0.0,0.0,0.0,0.0,1.0,0.9999999999999999,-1.05,0.0
1770415539.6038752,28,31,0.0,0.0,0.0,0.0,1.0,0.9999999999999999,-1.05,0.0
1770415539.6049979,28,32,0.0,0.0,0.0,0.0,1.0,0.9999999999999999,-1.05,0.0
1770415539.6060898,28,33,0.0,0.0,0.0,0.0,1.0,0.9999999999999999,-1.05,0.0
1770415539.6070375,28,34,0.0,0.0,0.0,0.0,1.0,0.9999999999999999,-1.05,0.0
1770415539.6079202,28,35,0.0,0.0,0.0,0.0,1.0,0.9999999999999999,-1.05,0.0
1770415539.608996,28,36,0.0,0.0,0.0,0.0,1.0,0.9999999999999999,-1.05,0.0
1770415539.610087,28,37,0.0,0.0,0.0,0.0,1.0,0.9999999999999999,-1.05,0.0
1770415539.611042,28,38,0.0,0.0,0.0,0.0,1.0,0.9999999999999999,-1.05,0.0
1770415539.6131268,28,39,0.0,0.0,0.0,0.0,1.0,0.9999999999999999,-1.05,0.0
1770415539.6152356,28,40,0.0,0.0,0.0,0.0,1.0,0.9999999999999999,-1.05,0.0
1770415539.616864,28,41,0.0,0.0,0.0,0.0,1.0,0.9999999999999999,-1.05,0.0
1770415539.618065,28,42,0.0,0.0,0.0,0.0,1.0,0.9999999999999999,-1.05,0.0
1770415539.6191308,28,43,0.0,0.0,0.0,0.0,1.0,0.9999999999999999,-1.05,0.0
1770415539.6200778,28,44,0.0,0.0,0.0,0.0,1.0,0.9999999999999999,-1.05,0.0
1770415539.6209948,28,45,0.0,0.0,0.0,0.0,1.0,0.9999999999999999,-1.05,0.0
1770415539.6220706,28,46,0.0,0.0,0.0,0.0,1.0,0.9999999999999999,-1.05,0.0
1770415539.6231425,28,47,0.0,0.0,0.0,0.0,1.0,0.9999999999999999,-1.05,0.0
1770415539.6240299,28,48,0.0,0.0,0.0,0.0,1.0,0.9999999999999999,-1.05,0.0
1770415539.6249871,28,49,0.0,0.0,0.0,0.0,1.0,0.9999999999999999,-1.05,0.0
1770415539.626078,28,50,0.0,0.0,0.0,0.0,1.0,0.9999999999999999,-1.05,0.0
1770415539.6271565,28,51,0.0,0.0,0.0,0.0,1.0,0.9999999999999999,-1.05,0.0
1770415539.6284037,28,52,0.0,0.0,0.0,0.0,1.0,0.9999999999999999,-1.05,0.0
1770415539.6294336,28,53,0.0,0.0,0.0,0.0,1.0,0.9999999999999999,-1.05,0.0
1770415539.6305358,28,54,0.0,0.0,0.0,0.0,1.0,0.9999999999999999,-1.05,0.0
1770415539.6315289,28,55,0.0,0.0,0.0,0.0,1.0,0.9999999999999999,-1.05,0.0
1770415539.6324086,28,56,0.0,0.0,0.0,0.0,1.0,0.9999999999999999,-1.05,0.0
1770415539.6333477,28,57,0.0,0.0,0.0,0.0,1.0,0.9999999999999999,-1.05,0.0
1770415539.634619,28,58,0.0,0.0,0.0,0.0,1.0,0.9999999999999999,-1.05,0.0
1770415539.635645,28,59,0.0,0.0,0.0,0.0,1.0,0.9999999999999999,-1.05,0.0
1770415539.636755,28,60,0.0,0.0,0.0,0.0,1.0,0.9999999999999999,-1.05,0.0
1770415539.6378455,28,61,0.0,0.0,0.0,0.0,1.0,0.9999999999999999,-1.05,0.0
1770415539.6390047,28,62,0.0,0.0,0.0,0.0,1.0,0.9999999999999999,-1.05,0.0
1770415539.6401277,28,63,0.0,0.0,0.0,0.0,1.0,0.9999999999999999,-1.05,0.0
1770415539.641184,28,64,0.0,0.0,0.0,0.0,1.0,0.9999999999999999,-1.05,0.0
1770415539.64311,28,65,0.0,0.0,0.0,0.0,1.0,0.9999999999999999,-1.05,0.0
1770415539.6451936,28,66,0.0,0.0,0.0,0.0,1.0,0.9999999999999999,-1.05,0.0
1770415539.647322,28,67,0.0,0.0,0.0,0.0,1.0,0.9999999999999999,-1.05,0.0
1770415539.6493356,28,68,0.0,0.0,0.0,0.0,1.0,0.9999999999999999,-1.05,0.0
1770415539.6514192,28,69,0.0,0.0,0.0,0.0,1.0,0.9999999999999999,-1.05,0.0
1770415539.6533842,28,70,0.0,0.0,0.0,0.0,1.0,0.9999999999999999,-1.05,0.0
1770415539.6556854,28,71,0.0,0.0,0.0,0.0,1.0,0.9999999999999999,-1.05,0.0
1770415539.6577392,28,72,0.0,0.0,0.0,0.0,1.0,0.9999999999999999,-1.05,0.0
1770415539.659834,28,73,0.0,0.0,0.0,0.0,1.0,0.9999999999999999,-1.05,0.0
1770415539.661774,28,74,0.0,0.0,0.0,0.0,1.0,0.9999999999999999,-1.05,0.0
1770415539.664115,28,75,0.0,0.0,0.0,0.0,1.0,0.9999999999999999,-1.05,0.0
1770415539.6659827,28,76,0.0,0.0,0.0,0.0,1.0,0.9999999999999999,-1.05,0.0
1770415539.6671076,28,77,0.0,0.0,0.0,0.0,1.0,0.9999999999999999,-1.05,0.0
1770415539.6684756,28,78,0.0,0.0,0.0,0.0,1.0,0.9999999999999999,-1.05,0.0
1770415539.6695857,28,79,0.0,0.0,0.0,0.0,1.0,0.9999999999999999,-1.05,0.0
1770415539.6709127,28,80,0.0,0.0,0.0,0.0,1.0,0.9999999999999999,-1.05,0.0
1770415539.6721098,28,81,0.0,0.0,0.0,0.0,1.0,0.9999999999999999,-1.05,0.0
1770415539.6732912,28,82,0.0,0.0,0.0,0.0,1.0,0.9999999999999999,-1.05,0.0
1770415539.6747265,28,83,0.0,0.0,0.0,0.0,1.0,0.9999999999999999,-1.05,0.0
1770415539.675864,28,84,0.0,0.0,0.0,0.0,1.0,0.9999999999999999,-1.05,0.0
1770415539.6776967,28,85,0.0,0.0,0.0,0.0,1.0,0.9999999999999999,-1.05,0.0
1770415539.678849,28,86,0.0,0.0,0.0,0.0,1.0,0.9999999999999999,-1.05,0.0
1770415539.6800044,28,87,0.0,0.0,0.0,0.0,1.0,0.9999999999999999,-1.05,0.0
1770415539.6811209,28,88,0.0,0.0,0.0,0.0,1.0,0.9999999999999999,-1.05,0.0
1770415539.6823242,28,89,0.0,0.0,0.0,0.0,1.0,0.9999999999999999,-1.05,0.0
1770415539.6837285,28,90,0.0,0.0,0.0,0.0,1.0,0.9999999999999999,-1.05,0.0
1770415539.6850328,28,91,0.0,0.0,0.0,0.0,1.0,0.9999999999999999,-1.05,0.0
1770415539.6861572,28,92,0.0,0.0,0.0,0.0,1.0,0.9999999999999999,-1.05,0.0
1770415539.6871753,28,93,0.0,0.0,0.0,0.0,1.0,0.9999999999999999,-1.05,0.0
1770415539.6884637,28,94,0.0,0.0,0.0,0.0,1.0,0.9999999999999999,-1.05,0.0
1770415539.6899364,28,95,0.0,0.0,0.0,0.0,1.0,0.9999999999999999,-1.05,0.0
1770415539.6911209,28,96,0.0,0.0,0.0,0.0,1.0,0.9999999999999999,-1.05,0.0
1770415539.692332,28,97,0.0,0.0,0.0,0.0,1.0,0.9999999999999999,-1.05,0.0
1770415539.6934855,28,98,0.0,0.0,0.0,0.0,1.0,0.9999999999999999,-1.05,0.0
1770415539.6946995,28,99,0.0,0.0,0.0,0.0,1.0,0.9999999999999999,-1.05,0.0
1770415539.6956882,28,100,0.0,0.0,0.0,0.0,1.0,0.9999999999999999,-1.05,0.0
1770415539.6966436,28,101,0.0,0.0,0.0,0.0,1.0,0.9999999999999999,-1.05,0.0
1770415539.697872,28,102,0.0,0.0,0.0,0.0,1.0,0.9999999999999999,-1.05,0.0
1770415539.699017,28,103,0.0,0.0,0.0,0.0,1.0,0.9999999999999999,-1.05,0.0
1770415539.700139,28,104,0.0,0.0,0.0,0.0,1.0,0.9999999999999999,-1.05,0.0
1770415539.7013693,28,105,0.0,0.0,0.0,0.0,1.0,0.9999999999999999,-1.05,0.0
1770415539.7025807,28,106,0.0,0.0,0.0,0.0,1.0,0.9999999999999999,-1.05,0.0
1770415539.703625,28,107,0.0,0.0,0.0,0.0,1.0,0.9999999999999999,-1.05,0.0
1770415539.7046213,28,108,0.0,0.0,0.0,0.0,1.0,0.9999999999999999,-1.05,0.0
1770415539.7055323,28,109,0.0,0.0,0.0,0.0,1.0,0.9999999999999999,-1.05,0.0
1770415539.7066278,28,110,0.0,0.0,0.0,0.0,1.0,0.9999999999999999,-1.05,0.0
1770415539.7079422,28,111,0.0,0.0,0.0,0.0,1.0,0.9999999999999999,-1.05,0.0
1770415539.708761,28,112,0.0,0.0,0.0,0.0,1.0,0.9999999999999999,-1.05,0.0
1770415539.7096589,28,113,0.0,0.0,0.0,0.0,1.0,0.9999999999999999,-1.05,0.0
1770415539.710675,28,114,0.0,0.0,0.0,0.0,1.0,0.9999999999999999,-1.05,0.0
1770415539.711642,28,115,0.0,0.0,0.0,0.0,1.0,0.9999999999999999,-1.05,0.0
1770415539.7125158,28,116,0.0,0.0,0.0,0.0,1.0,0.9999999999999999,-1.05,0.0
1770415539.7137513,28,117,0.0,0.0,0.0,0.0,1.0,0.9999999999999999,-1.05,0.0
1770415539.7150633,28,118,0.0,0.0,0.0,0.0,1.0,0.9999999999999999,-1.05,0.0
1770415539.7161803,28,119,0.0,0.0,0.0,0.0,1.0,0.9999999999999999,-1.05,0.0
1770415539.7174132,28,120,0.0,0.0,0.0,0.0,1.0,0.9999999999999999,-1.05,0.0
1770415539.7185483,28,121,0.0,0.0,0.0,0.0,1.0,0.9999999999999999,-1.05,0.0
1770415539.7196295,28,122,0.0,0.0,0.0,0.0,1.0,0.9999999999999999,-1.05,0.0
1770415539.7206194,28,123,0.0,0.0,0.0,0.0,1.0,0.9999999999999999,-1.05,0.0
1770415539.7218902,28,124,0.0,0.0,0.0,0.0,1.0,0.9999999999999999,-1.05,0.0
1770415539.722879,28,125,0.0,0.0,0.0,0.0,1.0,0.9999999999999999,-1.05,0.0
1770415539.7241077,28,126,0.0,0.0,0.0,0.0,1.0,0.9999999999999999,-1.05,0.0
1770415539.7251422,28,127,0.0,0.0,0.0,0.0,1.0,0.9999999999999999,-1.05,0.0
1770415539.7262468,28,128,0.0,0.0,0.0,0.0,1.0,0.9999999999999999,-1.05,0.0
1770415539.727496,28,129,0.0,0.0,0.0,0.0,1.0,0.9999999999999999,-1.05,0.0
1770415539.7285767,28,130,0.0,0.0,0.0,0.0,1.0,0.9999999999999999,-1.05,0.0
1770415539.7295673,28,131,0.0,0.0,0.0,0.0,1.0,0.9999999999999999,-1.05,0.0
1770415539.7306793,28,132,0.0,0.0,0.0,0.0,1.0,0.9999999999999999,-1.05,0.0
1770415539.731836,28,133,0.0,0.0,0.0,0.0,1.0,0.9999999999999999,-1.05,0.0
1770415539.7329304,28,134,0.0,0.0,0.0,0.0,1.0,0.9999999999999999,-1.05,0.0
1770415539.7341633,28,135,0.0,0.0,0.0,0.0,1.0,0.9999999999999999,-1.05,0.0
1770415539.7352526,28,136,0.0,0.0,0.0,0.0,1.0,0.9999999999999999,-1.05,0.0
1770415539.7364664,28,137,0.0,0.0,0.0,0.0,1.0,0.9999999999999999,-1.05,0.0
1770415539.737519,28,138,0.0,0.0,0.0,0.0,1.0,0.9999999999999999,-1.05,0.0
1770415539.7386603,28,139,0.0,0.0,0.0,0.0,1.0,0.9999999999999999,-1.05,0.0
1770415539.7395554,28,140,0.0,0.0,0.0,0.0,1.0,0.9999999999999999,-1.05,0.0
1770415539.7405133,28,141,0.0,0.0,0.0,0.0,1.0,0.9999999999999999,-1.05,0.0
1770415539.7415166,28,142,0.0,0.0,0.0,0.0,1.0,0.9999999999999999,-1.05,0.0
1770415539.7427015,28,143,0.0,0.0,0.0,0.0,1.0,0.9999999999999999,-1.05,0.0
1770415539.7435668,28,144,0.0,0.0,0.0,0.0,1.0,0.9999999999999999,-1.05,0.0
1770415539.7446563,28,145,0.0,0.0,0.0,0.0,1.0,0.9999999999999999,-1.05,0.0
1770415539.7455428,28,146,0.0,0.0,0.0,0.0,1.0,0.9999999999999999,-1.05,0.0
1770415539.7467308,28,147,0.0,0.0,0.0,0.0,1.0,0.9999999999999999,-1.05,0.0
1770415539.747661,28,148,0.0,0.0,0.0,0.0,1.0,0.9999999999999999,-1.05,0.0
1770415539.748911,28,149,0.0,0.0,0.0,0.0,1.0,0.9999999999999999,-1.05,0.0
1770415539.7500193,28,150,0.0,0.0,0.0,0.0,1.0,0.9999999999999999,-1.05,0.0
1770415539.751104,28,151,0.0,0.0,0.0,0.0,1.0,0.9999999999999999,-1.05,0.0
1770415539.752493,28,152,0.0,0.0,0.0,0.0,1.0,0.9999999999999999,-1.05,0.0
1770415539.7534401,28,153,0.0,0.0,0.0,0.0,1.0,0.9999999999999999,-1.05,0.0
1770415539.754606,28,154,0.0,0.0,0.0,0.0,1.0,0.9999999999999999,-1.05,0.0
1770415539.7555947,28,155,0.0,0.0,0.0,0.0,1.0,0.9999999999999999,-1.05,0.0
1770415539.7566173,28,156,0.0,0.0,0.0,0.0,1.0,0.9999999999999999,-1.05,0.0
1770415539.7576087,28,157,0.0,0.0,0.0,0.0,1.0,0.9999999999999999,-1.05,0.0
1770415539.758696,28,158,0.0,0.0,0.0,0.0,1.0,0.9999999999999999,-1.05,0.0
1770415539.7595751,28,159,0.0,0.0,0.0,0.0,1.0,0.9999999999999999,-1.05,0.0
1770415539.7603886,28,160,0.0,0.0,0.0,0.0,1.0,0.9999999999999999,-1.05,0.0
1770415539.7616389,28,161,0.0,0.0,0.0,0.0,1.0,0.9999999999999999,-1.05,0.0
1770415539.7626634,28,162,0.0,0.0,0.0,0.0,1.0,0.9999999999999999,-1.05,0.0
1770415539.763618,28,163,0.0,0.0,0.0,0.0,1.0,0.9999999999999999,-1.05,0.0
1770415539.7645187,28,164,0.0,0.0,0.0,0.0,1.0,0.9999999999999999,-1.05,0.0
1770415539.7655246,28,165,0.0,0.0,0.0,0.0,1.0,0.9999999999999999,-1.05,0.0
1770415539.7666454,28,166,0.0,0.0,0.0,0.0,1.0,0.9999999999999999,-1.05,0.0
1770415539.7677715,28,167,0.0,0.0,0.0,0.0,1.0,0.9999999999999999,-1.05,0.0
1770415539.768939,28,168,0.0,0.0,0.0,0.0,1.0,0.9999999999999999,-1.05,0.0
1770415539.770079,28,169,0.0,0.0,0.0,0.0,1.0,0.9999999999999999,-1.05,0.0
1770415539.7711568,28,170,0.0,0.0,0.0,0.0,1.0,0.9999999999999999,-1.05,0.0
1770415539.7723205,28,171,0.0,0.0,0.0,0.0,1.0,0.9999999999999999,-1.05,0.0
1770415539.7735815,28,172,0.0,0.0,0.0,0.0,1.0,0.9999999999999999,-1.05,0.0
1770415539.7745743,28,173,0.0,0.0,0.0,0.0,1.0,0.9999999999999999,-1.05,0.0
1770415539.7755878,28,174,0.0,0.0,0.0,0.0,1.0,0.9999999999999999,-1.05,0.0
1770415539.776623,28,175,0.0,0.0,0.0,0.0,1.0,0.9999999999999999,-1.05,0.0
1770415539.7774801,28,176,0.0,0.0,0.0,0.0,1.0,0.9999999999999999,-1.05,0.0
1770415539.7785165,28,177,0.0,0.0,0.0,0.0,1.0,0.9999999999999999,-1.05,0.0
1770415539.779406,28,178,0.0,0.0,0.0,0.0,1.0,0.9999999999999999,-1.05,0.0
1770415539.780417,28,179,0.0,0.0,0.0,0.0,1.0,0.9999999999999999,-1.05,0.0
1770415539.7814918,28,180,0.0,0.0,0.0,0.0,1.0,0.9999999999999999,-1.05,0.0
1770415539.7825499,28,181,0.0,0.0,0.0,0.0,1.0,0.9999999999999999,-1.05,0.0
1770415539.7834003,28,182,0.0,0.0,0.0,0.0,1.0,0.9999999999999999,-1.05,0.0
1770415539.7847025,28,183,0.0,0.0,0.0,0.0,1.0,0.9999999999999999,-1.05,0.0
1770415539.785573,28,184,0.0,0.0,0.0,0.0,1.0,0.9999999999999999,-1.05,0.0
1770415539.7864728,28,185,0.0,0.0,0.0,0.0,1.0,0.9999999999999999,-1.05,0.0
1770415539.787457,28,186,0.0,0.0,0.0,0.0,1.0,0.9999999999999999,-1.05,0.0
1770415539.788286,28,187,0.0,0.0,0.0,0.0,1.0,0.9999999999999999,-1.05,0.0
1770415539.7891784,28,188,0.0,0.0,0.0,0.0,1.0,0.9999999999999999,-1.05,0.0
1770415539.7901895,28,189,0.0,0.0,0.0,0.0,1.0,0.9999999999999999,-1.05,0.0
1770415539.7911267,28,190,0.0,0.0,0.0,0.0,1.0,0.9999999999999999,-1.05,0.0
1770415539.7920718,28,191,0.0,0.0,0.0,0.0,1.0,0.9999999999999999,-1.05,0.0
1770415539.7931368,28,192,0.0,0.0,0.0,0.0,1.0,0.9999999999999999,-1.05,0.0
1770415539.794238,28,193,0.0,0.0,0.0,0.0,1.0,0.9999999999999999,-1.05,0.0
1770415539.7950966,28,194,0.0,0.0,0.0,0.0,1.0,0.9999999999999999,-1.05,0.0
1770415539.795999,28,195,0.0,0.0,0.0,0.0,1.0,0.9999999999999999,-1.05,0.0
1770415539.7967424,28,196,0.0,0.0,0.0,0.0,1.0,0.9999999999999999,-1.05,0.0
1770415539.79756,28,197,0.0,0.0,0.0,0.0,1.0,0.9999999999999999,-1.05,0.0
1770415539.7985866,28,198,0.0,0.0,0.0,0.0,1.0,0.9999999999999999,-1.05,0.0
1770415539.7995408,28,199,0.0,0.0,0.0,0.0,1.0,0.9999999999999999,-1.05,0.0
1770415539.8005726,28,200,0.0,0.0,0.0,0.0,1.0,0.9999999999999999,-1.05,0.0
1770415539.8476124,29,0,0.0,0.0,0.0,0.0,1.0,0.0,0.0,0.0
1770415539.848774,29,1,0.0,0.0,0.0,0.0,1.0,0.9999999999999999,-0.049999999999999996,0.0
1770415539.8497572,29,2,0.0,0.0,0.0,0.0,1.0,0.9999999999999999,-0.049999999999999996,0.0
1770415539.8507185,29,3,0.0,0.0,0.0,0.0,1.0,0.9999999999999999,-0.049999999999999996,0.0
1770415539.8516576,29,4,0.0,0.0,0.0,0.0,1.0,0.9999999999999999,-0.049999999999999996,0.0
1770415539.8526142,29,5,0.0,0.0,0.0,0.0,1.0,0.9999999999999999,-0.049999999999999996,0.0
1770415539.8534434,29,6,0.0,0.0,0.0,0.0,1.0,0.9999999999999999,-1.05,0.0
1770415539.85438,29,7,0.0,0.0,0.0,0.0,1.0,0.9999999999999999,-1.05,0.0
1770415539.855531,29,8,0.0,0.0,0.0,0.0,1.0,0.9999999999999999,-1.05,0.0
1770415539.8566344,29,9,0.0,0.0,0.0,0.0,1.0,0.9999999999999999,-1.05,0.0
1770415539.8576128,29,10,0.0,0.0,0.0,0.0,1.0,0.9999999999999999,-1.05,0.0
1770415539.858727,29,11,0.0,0.0,0.0,0.0,1.0,0.9999999999999999,-1.05,0.0
1770415539.8597972,29,12,0.0,0.0,0.0,0.0,1.0,0.9999999999999999,-1.05,0.0
1770415539.8608184,29,13,0.0,0.0,0.0,0.0,1.0,0.9999999999999999,-1.05,0.0
1770415539.8617635,29,14,0.0,0.0,0.0,0.0,1.0,0.9999999999999999,-1.05,0.0
1770415539.8628025,29,15,0.0,0.0,0.0,0.0,1.0,0.9999999999999999,-1.05,0.0
1770415539.863848,29,16,0.0,0.0,0.0,0.0,1.0,0.9999999999999999,-1.05,0.0
1770415539.8649697,29,17,0.0,0.0,0.0,0.0,1.0,0.9999999999999999,-1.05,0.0
1770415539.8660424,29,18,0.0,0.0,0.0,0.0,1.0,0.9999999999999999,-1.05,0.0
1770415539.8670764,29,19,0.0,0.0,0.0,0.0,1.0,0.9999999999999999,-1.05,0.0
1770415539.8681636,29,20,0.0,0.0,0.0,0.0,1.0,0.9999999999999999,-1.05,0.0
1770415539.8692877,29,21,0.0,0.0,0.0,0.0,1.0,0.9999999999999999,-1.05,0.0
1770415539.8703604,29,22,0.0,0.0,0.0,0.0,1.0,0.9999999999999999,-1.05,0.0
1770415539.8711832,29,23,0.0,0.0,0.0,0.0,1.0,0.9999999999999999,-1.05,0.0
1770415539.872056,29,24,0.0,0.0,0.0,0.0,1.0,0.9999999999999999,-1.05,0.0
1770415539.8730986,29,25,0.0,0.0,0.0,0.0,1.0,0.9999999999999999,-1.05,0.0
1770415539.8740985,29,26,0.0,0.0,0.0,0.0,1.0,0.9999999999999999,-1.05,0.0
1770415539.8750648,29,27,0.0,0.0,0.0,0.0,1.0,0.9999999999999999,-1.05,0.0
1770415539.875889,29,28,0.0,0.0,0.0,0.0,1.0,0.9999999999999999,-1.05,0.0
1770415539.8767657,29,29,0.0,0.0,0.0,0.0,1.0,0.9999999999999999,-1.05,0.0
1770415539.8777244,29,30,0.0,0.0,0.0,0.0,1.0,0.9999999999999999,-1.05,0.0
1770415539.8786745,29,31,0.0,0.0,0.0,0.0,1.0,0.9999999999999999,-1.05,0.0
1770415539.8797712,29,32,0.0,0.0,0.0,0.0,1.0,0.9999999999999999,-1.05,0.0
1770415539.8810954,29,33,0.0,0.0,0.0,0.0,1.0,0.9999999999999999,-1.05,0.0
1770415539.8822699,29,34,0.0,0.0,0.0,0.0,1.0,0.9999999999999999,-1.05,0.0
1770415539.883432,29,35,0.0,0.0,0.0,0.0,1.0,0.9999999999999999,-1.05,0.0
1770415539.884497,29,36,0.0,0.0,0.0,0.0,1.0,0.9999999999999999,-1.05,0.0
1770415539.8854887,29,37,0.0,0.0,0.0,0.0,1.0,0.9999999999999999,-1.05,0.0
1770415539.8864272,29,38,0.0,0.0,0.0,0.0,1.0,0.9999999999999999,-1.05,0.0
1770415539.8874276,29,39,0.0,0.0,0.0,0.0,1.0,0.9999999999999999,-1.05,0.0
1770415539.8885086,29,40,0.0,0.0,0.0,0.0,1.0,0.9999999999999999,-1.05,0.0
1770415539.8894267,29,41,0.0,0.0,0.0,0.0,1.0,0.9999999999999999,-1.05,0.0
1770415539.8905637,29,42,0.0,0.0,0.0,0.0,1.0,0.9999999999999999,-1.05,0.0
1770415539.8917086,29,43,0.0,0.0,0.0,0.0,1.0,0.9999999999999999,-1.05,0.0
1770415539.8928301,29,44,0.0,0.0,0.0,0.0,1.0,0.9999999999999999,-1.05,0.0
1770415539.8937201,29,45,0.0,0.0,0.0,0.0,1.0,0.9999999999999999,-1.05,0.0
1770415539.8946784,29,46,0.0,0.0,0.0,0.0,1.0,0.9999999999999999,-1.05,0.0
1770415539.8956778,29,47,0.0,0.0,0.0,0.0,1.0,0.9999999999999999,-1.05,0.0
1770415539.8966339,29,48,0.0,0.0,0.0,0.0,1.0,0.9999999999999999,-1.05,0.0
1770415539.8978229,29,49,0.0,0.0,0.0,0.0,1.0,0.9999999999999999,-1.05,0.0
1770415539.8989897,29,50,0.0,0.0,0.0,0.0,1.0,0.9999999999999999,-1.05,0.0
1770415539.8999972,29,51,0.0,0.0,0.0,0.0,1.0,0.9999999999999999,-1.05,0.0
1770415539.9010625,29,52,0.0,0.0,0.0,0.0,1.0,0.9999999999999999,-1.05,0.0
1770415539.9020736,29,53,0.0,0.0,0.0,0.0,1.0,0.9999999999999999,-1.05,0.0
1770415539.9030843,29,54,0.0,0.0,0.0,0.0,1.0,0.9999999999999999,-1.05,0.0
1770415539.9040146,29,55,0.0,0.0,0.0,0.0,1.0,0.9999999999999999,-1.05,0.0
1770415539.9050434,29,56,0.0,0.0,0.0,0.0,1.0,0.9999999999999999,-1.05,0.0
1770415539.9062684,29,57,0.0,0.0,0.0,0.0,1.0,0.9999999999999999,-1.05,0.0
1770415539.9074855,29,58,0.0,0.0,0.0,0.0,1.0,0.9999999999999999,-1.05,0.0
1770415539.9084818,29,59,0.0,0.0,0.0,0.0,1.0,0.9999999999999999,-1.05,0.0
1770415539.90963,29,60,0.0,0.0,0.0,0.0,1.0,0.9999999999999999,-1.05,0.0
1770415539.9105837,29,61,0.0,0.0,0.0,0.0,1.0,0.9999999999999999,-1.05,0.0
1770415539.911674,29,62,0.0,0.0,0.0,0.0,1.0,0.9999999999999999,-1.05,0.0
1770415539.9126253,29,63,0.0,0.0,0.0,0.0,1.0,0.9999999999999999,-1.05,0.0
1770415539.9136162,29,64,0.0,0.0,0.0,0.0,1.0,0.9999999999999999,-1.05,0.0
1770415539.9146025,29,65,0.0,0.0,0.0,0.0,1.0,0.9999999999999999,-1.05,0.0
1770415539.9157066,29,66,0.0,0.0,0.0,0.0,1.0,0.9999999999999999,-1.05,0.0
1770415539.91653,29,67,0.0,0.0,0.0,0.0,1.0,0.9999999999999999,-1.05,0.0
1770415539.9175057,29,68,0.0,0.0,0.0,0.0,1.0,0.9999999999999999,-1.05,0.0
1770415539.9184494,29,69,0.0,0.0,0.0,0.0,1.0,0.9999999999999999,-1.05,0.0
1770415539.9194353,29,70,0.0,0.0,0.0,0.0,1.0,0.9999999999999999,-1.05,0.0
1770415539.9206975,29,71,0.0,0.0,0.0,0.0,1.0,0.9999999999999999,-1.05,0.0
1770415539.9216704,29,72,0.0,0.0,0.0,0.0,1.0,0.9999999999999999,-1.05,0.0
1770415539.922806,29,73,0.0,0.0,0.0,0.0,1.0,0.9999999999999999,-1.05,0.0
1770415539.9239318,29,74,0.0,0.0,0.0,0.0,1.0,0.9999999999999999,-1.05,0.0
1770415539.9252567,29,75,0.0,0.0,0.0,0.0,1.0,0.9999999999999999,-1.05,0.0
1770415539.9264586,29,76,0.0,0.0,0.0,0.0,1.0,0.9999999999999999,-1.05,0.0
1770415539.9274454,29,77,0.0,0.0,0.0,0.0,1.0,0.9999999999999999,-1.05,0.0
1770415539.9285805,29,78,0.0,0.0,0.0,0.0,1.0,0.9999999999999999,-1.05,0.0
1770415539.9295917,29,79,0.0,0.0,0.0,0.0,1.0,0.9999999999999999,-1.05,0.0
1770415539.9307535,29,80,0.0,0.0,0.0,0.0,1.0,0.9999999999999999,-1.05,0.0
1770415539.9316857,29,81,0.0,0.0,0.0,0.0,1.0,0.9999999999999999,-1.05,0.0
1770415539.9325812,29,82,0.0,0.0,0.0,0.0,1.0,0.9999999999999999,-1.05,0.0
1770415539.9335299,29,83,0.0,0.0,0.0,0.0,1.0,0.9999999999999999,-1.05,0.0
1770415539.934506,29,84,0.0,0.0,0.0,0.0,1.0,0.9999999999999999,-1.05,0.0
1770415539.935531,29,85,0.0,0.0,0.0,0.0,1.0,0.9999999999999999,-1.05,0.0
1770415539.9365594,29,86,0.0,0.0,0.0,0.0,1.0,0.9999999999999999,-1.05,0.0
1770415539.9375813,29,87,0.0,0.0,0.0,0.0,1.0,0.9999999999999999,-1.05,0.0
1770415539.9386394,29,88,0.0,0.0,0.0,0.0,1.0,0.9999999999999999,-1.05,0.0
1770415539.93962,29,89,0.0,0.0,0.0,0.0,1.0,0.9999999999999999,-1.05,0.0
1770415539.9405587,29,90,0.0,0.0,0.0,0.0,1.0,0.9999999999999999,-1.05,0.0
1770415539.941527,29,91,0.0,0.0,0.0,0.0,1.0,0.9999999999999999,-1.05,0.0
1770415539.9424946,29,92,0.0,0.0,0.0,0.0,1.0,0.9999999999999999,-1.05,0.0
1770415539.9435785,29,93,0.0,0.0,0.0,0.0,1.0,0.9999999999999999,-1.05,0.0
1770415539.9445174,29,94,0.0,0.0,0.0,0.0,1.0,0.9999999999999999,-1.05,0.0
1770415539.9455354,29,95,0.0,0.0,0.0,0.0,1.0,0.9999999999999999,-1.05,0.0
1770415539.9464676,29,96,0.0,0.0,0.0,0.0,1.0,0.9999999999999999,-1.05,0.0
1770415539.9476187,29,97,0.0,0.0,0.0,0.0,1.0,0.9999999999999999,-1.05,0.0
1770415539.9487247,29,98,0.0,0.0,0.0,0.0,1.0,0.9999999999999999,-1.05,0.0
1770415539.9496186,29,99,0.0,0.0,0.0,0.0,1.0,0.9999999999999999,-1.05,0.0
1770415539.9505563,29,100,0.0,0.0,0.0,0.0,1.0,0.9999999999999999,-1.05,0.0
1770415539.9515712,29,101,0.0,0.0,0.0,0.0,1.0,0.9999999999999999,-1.05,0.0
1770415539.9527407,29,102,0.0,0.0,0.0,0.0,1.0,0.9999999999999999,-1.05,0.0
1770415539.9537244,29,103,0.0,0.0,0.0,0.0,1.0,0.9999999999999999,-1.05,0.0
1770415539.9547234,29,104,0.0,0.0,0.0,0.0,1.0,0.9999999999999999,-1.05,0.0
1770415539.9557304,29,105,0.0,0.0,0.0,0.0,1.0,0.9999999999999999,-1.05,0.0
1770415539.9568584,29,106,0.0,0.0,0.0,0.0,1.0,0.9999999999999999,-1.05,0.0
1770415539.957848,29,107,0.0,0.0,0.0,0.0,1.0,0.9999999999999999,-1.05,0.0
1770415539.958973,29,108,0.0,0.0,0.0,0.0,1.0,0.9999999999999999,-1.05,0.0
1770415539.959947,29,109,0.0,0.0,0.0,0.0,1.0,0.9999999999999999,-1.05,0.0
1770415539.9608877,29,110,0.0,0.0,0.0,0.0,1.0,0.9999999999999999,-1.05,0.0
1770415539.9617164,29,111,0.0,0.0,0.0,0.0,1.0,0.9999999999999999,-1.05,0.0
1770415539.9625275,29,112,0.0,0.0,0.0,0.0,1.0,0.9999999999999999,-1.05,0.0
1770415539.9634862,29,113,0.0,0.0,0.0,0.0,1.0,0.9999999999999999,-1.05,0.0
1770415539.9645011,29,114,0.0,0.0,0.0,0.0,1.0,0.9999999999999999,-1.05,0.0
1770415539.9656053,29,115,0.0,0.0,0.0,0.0,1.0,0.9999999999999999,-1.05,0.0
1770415539.9665911,29,116,0.0,0.0,0.0,0.0,1.0,0.9999999999999999,-1.05,0.0
1770415539.9677382,29,117,0.0,0.0,0.0,0.0,1.0,0.9999999999999999,-1.05,0.0
1770415539.9688401,29,118,0.0,0.0,0.0,0.0,1.0,0.9999999999999999,-1.05,0.0
1770415539.969838,29,119,0.0,0.0,0.0,0.0,1.0,0.9999999999999999,-1.05,0.0
1770415539.9710565,29,120,0.0,0.0,0.0,0.0,1.0,0.9999999999999999,-1.05,0.0
1770415539.9722161,29,121,0.0,0.0,0.0,0.0,1.0,0.9999999999999999,-1.05,0.0
1770415539.973494,29,122,0.0,0.0,0.0,0.0,1.0,0.9999999999999999,-1.05,0.0
1770415539.9745436,29,123,0.0,0.0,0.0,0.0,1.0,0.9999999999999999,-1.05,0.0
1770415539.9756825,29,124,0.0,0.0,0.0,0.0,1.0,0.9999999999999999,-1.05,0.0
1770415539.9767053,29,125,0.0,0.0,0.0,0.0,1.0,0.9999999999999999,-1.05,0.0
1770415539.9777298,29,126,0.0,0.0,0.0,0.0,1.0,0.9999999999999999,-1.05,0.0
1770415539.9788792,29,127,0.0,0.0,0.0,0.0,1.0,0.9999999999999999,-1.05,0.0
1770415539.9798498,29,128,0.0,0.0,0.0,0.0,1.0,0.9999999999999999,-1.05,0.0
1770415539.9809685,29,129,0.0,0.0,0.0,0.0,1.0,0.9999999999999999,-1.05,0.0
1770415539.9821296,29,130,0.0,0.0,0.0,0.0,1.0,0.9999999999999999,-1.05,0.0
1770415539.9831073,29,131,0.0,0.0,0.0,0.0,1.0,0.9999999999999999,-1.05,0.0
1770415539.9841893,29,132,0.0,0.0,0.0,0.0,1.0,0.9999999999999999,-1.05,0.0
1770415539.9852145,29,133,0.0,0.0,0.0,0.0,1.0,0.9999999999999999,-1.05,0.0
1770415539.9863942,29,134,0.0,0.0,0.0,0.0,1.0,0.9999999999999999,-1.05,0.0
1770415539.9874618,29,135,0.0,0.0,0.0,0.0,1.0,0.9999999999999999,-1.05,0.0
1770415539.9883637,29,136,0.0,0.0,0.0,0.0,1.0,0.9999999999999999,-1.05,0.0
1770415539.9892683,29,137,0.0,0.0,0.0,0.0,1.0,0.9999999999999999,-1.05,0.0
1770415539.9900107,29,138,0.0,0.0,0.0,0.0,1.0,0.9999999999999999,-1.05,0.0
1770415539.9909542,29,139,0.0,0.0,0.0,0.0,1.0,0.9999999999999999,-1.05,0.0
1770415539.9917445,29,140,0.0,0.0,0.0,0.0,1.0,0.9999999999999999,-1.05,0.0
1770415539.992497,29,141,0.0,0.0,0.0,0.0,1.0,0.9999999999999999,-1.05,0.0
1770415539.9933631,29,142,0.0,0.0,0.0,0.0,1.0,0.9999999999999999,-1.05,0.0
1770415539.9943938,29,143,0.0,0.0,0.0,0.0,1.0,0.9999999999999999,-1.05,0.0
1770415539.9954398,29,144,0.0,0.0,0.0,0.0,1.0,0.9999999999999999,-1.05,0.0
1770415539.996441,29,145,0.0,0.0,0.0,0.0,1.0,0.9999999999999999,-1.05,0.0
1770415539.9977298,29,146,0.0,0.0,0.0,0.0,1.0,0.9999999999999999,-1.05,0.0
1770415539.9988077,29,147,0.0,0.0,0.0,0.0,1.0,0.9999999999999999,-1.05,0.0
1770415539.999973,29,148,0.0,0.0,0.0,0.0,1.0,0.9999999999999999,-1.05,0.0
1770415540.0010731,29,149,0.0,0.0,0.0,0.0,1.0,0.9999999999999999,-1.05,0.0
1770415540.0021484,29,150,0.0,0.0,0.0,0.0,1.0,0.9999999999999999,-1.05,0.0
1770415540.0031836,29,151,0.0,0.0,0.0,0.0,1.0,0.9999999999999999,-1.05,0.0
1770415540.0040975,29,152,0.0,0.0,0.0,0.0,1.0,0.9999999999999999,-1.05,0.0
1770415540.0053732,29,153,0.0,0.0,0.0,0.0,1.0,0.9999999999999999,-1.05,0.0
1770415540.0063186,29,154,0.0,0.0,0.0,0.0,1.0,0.9999999999999999,-1.05,0.0
1770415540.0075843,29,155,0.0,0.0,0.0,0.0,1.0,0.9999999999999999,-1.05,0.0
1770415540.0087042,29,156,0.0,0.0,0.0,0.0,1.0,0.9999999999999999,-1.05,0.0
1770415540.0098386,29,157,0.0,0.0,0.0,0.0,1.0,0.9999999999999999,-1.05,0.0
1770415540.0106487,29,158,0.0,0.0,0.0,0.0,1.0,0.9999999999999999,-1.05,0.0
1770415540.0118272,29,159,0.0,0.0,0.0,0.0,1.0,0.9999999999999999,-1.05,0.0
1770415540.0126443,29,160,0.0,0.0,0.0,0.0,1.0,0.9999999999999999,-1.05,0.0
1770415540.0138578,29,161,0.0,0.0,0.0,0.0,1.0,0.9999999999999999,-1.05,0.0
1770415540.0151067,29,162,0.0,0.0,0.0,0.0,1.0,0.9999999999999999,-1.05,0.0
1770415540.0163538,29,163,0.0,0.0,0.0,0.0,1.0,0.9999999999999999,-1.05,0.0
1770415540.0174873,29,164,0.0,0.0,0.0,0.0,1.0,0.9999999999999999,-1.05,0.0
1770415540.0186825,29,165,0.0,0.0,0.0,0.0,1.0,0.9999999999999999,-1.05,0.0
1770415540.0199628,29,166,0.0,0.0,0.0,0.0,1.0,0.9999999999999999,-1.05,0.0
1770415540.021014,29,167,0.0,0.0,0.0,0.0,1.0,0.9999999999999999,-1.05,0.0
1770415540.0222092,29,168,0.0,0.0,0.0,0.0,1.0,0.9999999999999999,-1.05,0.0
1770415540.0232487,29,169,0.0,0.0,0.0,0.0,1.0,0.9999999999999999,-1.05,0.0
1770415540.024118,29,170,0.0,0.0,0.0,0.0,1.0,0.9999999999999999,-1.05,0.0
1770415540.0251217,29,171,0.0,0.0,0.0,0.0,1.0,0.9999999999999999,-1.05,0.0
1770415540.0262513,29,172,0.0,0.0,0.0,0.0,1.0,0.9999999999999999,-1.05,0.0
1770415540.027244,29,173,0.0,0.0,0.0,0.0,1.0,0.9999999999999999,-1.05,0.0
1770415540.0284228,29,174,0.0,0.0,0.0,0.0,1.0,0.9999999999999999,-1.05,0.0
1770415540.0295026,29,175,0.0,0.0,0.0,0.0,1.0,0.9999999999999999,-1.05,0.0
1770415540.0304341,29,176,0.0,0.0,0.0,0.0,1.0,0.9999999999999999,-1.05,0.0
1770415540.0316544,29,177,0.0,0.0,0.0,0.0,1.0,0.9999999999999999,-1.05,0.0
1770415540.0328345,29,178,0.0,0.0,0.0,0.0,1.0,0.9999999999999999,-1.05,0.0
1770415540.0337796,29,179,0.0,0.0,0.0,0.0,1.0,0.9999999999999999,-1.05,0.0
1770415540.0349798,29,180,0.0,0.0,0.0,0.0,1.0,0.9999999999999999,-1.05,0.0
1770415540.036199,29,181,0.0,0.0,0.0,0.0,1.0,0.9999999999999999,-1.05,0.0
1770415540.0371492,29,182,0.0,0.0,0.0,0.0,1.0,0.9999999999999999,-1.05,0.0
1770415540.0382562,29,183,0.0,0.0,0.0,0.0,1.0,0.9999999999999999,-1.05,0.0
1770415540.0393457,29,184,0.0,0.0,0.0,0.0,1.0,0.9999999999999999,-1.05,0.0
1770415540.0402899,29,185,0.0,0.0,0.0,0.0,1.0,0.9999999999999999,-1.05,0.0
1770415540.0415666,29,186,0.0,0.0,0.0,0.0,1.0,0.9999999999999999,-1.05,0.0
1770415540.0427983,29,187,0.0,0.0,0.0,0.0,1.0,0.9999999999999999,-1.05,0.0
1770415540.0440507,29,188,0.0,0.0,0.0,0.0,1.0,0.9999999999999999,-1.05,0.0
1770415540.0454676,29,189,0.0,0.0,0.0,0.0,1.0,0.9999999999999999,-1.05,0.0
1770415540.046605,29,190,0.0,0.0,0.0,0.0,1.0,0.9999999999999999,-1.05,0.0
1770415540.0478456,29,191,0.0,0.0,0.0,0.0,1.0,0.9999999999999999,-1.05,0.0
1770415540.048987,29,192,0.0,0.0,0.0,0.0,1.0,0.9999999999999999,-1.05,0.0
1770415540.0501683,29,193,0.0,0.0,0.0,0.0,1.0,0.9999999999999999,-1.05,0.0
1770415540.0513556,29,194,0.0,0.0,0.0,0.0,1.0,0.9999999999999999,-1.05,0.0
1770415540.0524018,29,195,0.0,0.0,0.0,0.0,1.0,0.9999999999999999,-1.05,0.0
1770415540.053356,29,196,0.0,0.0,0.0,0.0,1.0,0.9999999999999999,-1.05,0.0
1770415540.0544333,29,197,0.0,0.0,0.0,0.0,1.0,0.9999999999999999,-1.05,0.0
1770415540.0554733,29,198,0.0,0.0,0.0,0.0,1.0,0.9999999999999999,-1.05,0.0
1770415540.0563889,29,199,0.0,0.0,0.0,0.0,1.0,0.9999999999999999,-1.05,0.0
1770415540.057456,29,200,0.0,0.0,0.0,0.0,1.0,0.9999999999999999,-1.05,0.0
1770415540.1053445,30,0,0.0,0.0,0.0,0.0,1.0,0.0,0.0,0.0
1770415540.1066287,30,1,0.0,0.0,0.0,0.0,1.0,0.9999999999999999,-0.049999999999999996,0.0
1770415540.107692,30,2,0.0,0.0,0.0,0.0,1.0,0.9999999999999999,-0.049999999999999996,0.0
1770415540.108542,30,3,0.0,0.0,0.0,0.0,1.0,0.9999999999999999,-0.049999999999999996,0.0
1770415540.1094842,30,4,0.0,0.0,0.0,0.0,1.0,0.9999999999999999,-0.049999999999999996,0.0
1770415540.1102228,30,5,0.0,0.0,0.0,0.0,1.0,0.9999999999999999,-0.049999999999999996,0.0
1770415540.1111348,30,6,0.0,0.0,0.0,0.0,1.0,0.9999999999999999,-1.05,0.0
1770415540.1124759,30,7,0.0,0.0,0.0,0.0,1.0,0.9999999999999999,-1.05,0.0
1770415540.1136377,30,8,0.0,0.0,0.0,0.0,1.0,0.9999999999999999,-1.05,0.0
1770415540.1145303,30,9,0.0,0.0,0.0,0.0,1.0,0.9999999999999999,-1.05,0.0
1770415540.1153996,30,10,0.0,0.0,0.0,0.0,1.0,0.9999999999999999,-1.05,0.0
1770415540.1163192,30,11,0.0,0.0,0.0,0.0,1.0,0.9999999999999999,-1.05,0.0
1770415540.1173847,30,12,0.0,0.0,0.0,0.0,1.0,0.9999999999999999,-1.05,0.0
1770415540.1185753,30,13,0.0,0.0,0.0,0.0,1.0,0.9999999999999999,-1.05,0.0
1770415540.1197908,30,14,0.0,0.0,0.0,0.0,1.0,0.9999999999999999,-1.05,0.0
1770415540.1207752,30,15,0.0,0.0,0.0,0.0,1.0,0.9999999999999999,-1.05,0.0
1770415540.1216688,30,16,0.0,0.0,0.0,0.0,1.0,0.9999999999999999,-1.05,0.0
1770415540.1227393,30,17,0.0,0.0,0.0,0.0,1.0,0.9999999999999999,-1.05,0.0
1770415540.1236823,30,18,0.0,0.0,0.0,0.0,1.0,0.9999999999999999,-1.05,0.0
1770415540.124761,30,19,0.0,0.0,0.0,0.0,1.0,0.9999999999999999,-1.05,0.0
1770415540.1259568,30,20,0.0,0.0,0.0,0.0,1.0,0.9999999999999999,-1.05,0.0
1770415540.1269283,30,21,0.0,0.0,0.0,0.0,1.0,0.9999999999999999,-1.05,0.0
1770415540.1278687,30,22,0.0,0.0,0.0,0.0,1.0,0.9999999999999999,-1.05,0.0
1770415540.128806,30,23,0.0,0.0,0.0,0.0,1.0,0.9999999999999999,-1.05,0.0
1770415540.1297305,30,24,0.0,0.0,0.0,0.0,1.0,0.9999999999999999,-1.05,0.0
1770415540.130598,30,25,0.0,0.0,0.0,0.0,1.0,0.9999999999999999,-1.05,0.0
1770415540.131633,30,26,0.0,0.0,0.0,0.0,1.0,0.9999999999999999,-1.05,0.0
1770415540.1325383,30,27,0.0,0.0,0.0,0.0,1.0,0.9999999999999999,-1.05,0.0
1770415540.1335945,30,28,0.0,0.0,0.0,0.0,1.0,0.9999999999999999,-1.05,0.0
1770415540.1347148,30,29,0.0,0.0,0.0,0.0,1.0,0.9999999999999999,-1.05,0.0
1770415540.1358876,30,30,0.0,0.0,0.0,0.0,1.0,0.9999999999999999,-1.05,0.0
1770415540.136833,30,31,0.0,0.0,0.0,0.0,1.0,0.9999999999999999,-1.05,0.0
1770415540.137949,30,32,0.0,0.0,0.0,0.0,1.0,0.9999999999999999,-1.05,0.0
1770415540.138926,30,33,0.0,0.0,0.0,0.0,1.0,0.9999999999999999,-1.05,0.0
1770415540.1398544,30,34,0.0,0.0,0.0,0.0,1.0,0.9999999999999999,-1.05,0.0
1770415540.1409628,30,35,0.0,0.0,0.0,0.0,1.0,0.9999999999999999,-1.05,0.0
1770415540.1420093,30,36,0.0,0.0,0.0,0.0,1.0,0.9999999999999999,-1.05,0.0
1770415540.1431398,30,37,0.0,0.0,0.0,0.0,1.0,0.9999999999999999,-1.05,0.0
1770415540.1442642,30,38,0.0,0.0,0.0,0.0,1.0,0.9999999999999999,-1.05,0.0
1770415540.1453023,30,39,0.0,0.0,0.0,0.0,1.0,0.9999999999999999,-1.05,0.0
1770415540.1462314,30,40,0.0,0.0,0.0,0.0,1.0,0.9999999999999999,-1.05,0.0
1770415540.1473398,30,41,0.0,0.0,0.0,0.0,1.0,0.9999999999999999,-1.05,0.0
1770415540.1485472,30,42,0.0,0.0,0.0,0.0,1.0,0.9999999999999999,-1.05,0.0
1770415540.149569,30,43,0.0,0.0,0.0,0.0,1.0,0.9999999999999999,-1.05,0.0
1770415540.1506097,30,44,0.0,0.0,0.0,0.0,1.0,0.9999999999999999,-1.05,0.0
1770415540.1516466,30,45,0.0,0.0,0.0,0.0,1.0,0.9999999999999999,-1.05,0.0
1770415540.1526685,30,46,0.0,0.0,0.0,0.0,1.0,0.9999999999999999,-1.05,0.0
1770415540.1537516,30,47,0.0,0.0,0.0,0.0,1.0,0.9999999999999999,-1.05,0.0
1770415540.1547072,30,48,0.0,0.0,0.0,0.0,1.0,0.9999999999999999,-1.05,0.0
1770415540.1556468,30,49,0.0,0.0,0.0,0.0,1.0,0.9999999999999999,-1.05,0.0
1770415540.1565711,30,50,0.0,0.0,0.0,0.0,1.0,0.9999999999999999,-1.05,0.0
1770415540.157566,30,51,0.0,0.0,0.0,0.0,1.0,0.9999999999999999,-1.05,0.0
1770415540.158685,30,52,0.0,0.0,0.0,0.0,1.0,0.9999999999999999,-1.05,0.0
1770415540.1598833,30,53,0.0,0.0,0.0,0.0,1.0,0.9999999999999999,-1.05,0.0
1770415540.1607897,30,54,0.0,0.0,0.0,0.0,1.0,0.9999999999999999,-1.05,0.0
1770415540.1617098,30,55,0.0,0.0,0.0,0.0,1.0,0.9999999999999999,-1.05,0.0
1770415540.1625211,30,56,0.0,0.0,0.0,0.0,1.0,0.9999999999999999,-1.05,0.0
1770415540.163468,30,57,0.0,0.0,0.0,0.0,1.0,0.9999999999999999,-1.05,0.0
1770415540.1643746,30,58,0.0,0.0,0.0,0.0,1.0,0.9999999999999999,-1.05,0.0
1770415540.1652834,30,59,0.0,0.0,0.0,0.0,1.0,0.9999999999999999,-1.05,0.0
1770415540.1664422,30,60,0.0,0.0,0.0,0.0,1.0,0.9999999999999999,-1.05,0.0
1770415540.1676137,30,61,0.0,0.0,0.0,0.0,1.0,0.9999999999999999,-1.05,0.0
1770415540.1686356,30,62,0.0,0.0,0.0,0.0,1.0,0.9999999999999999,-1.05,0.0
1770415540.169648,30,63,0.0,0.0,0.0,0.0,1.0,0.9999999999999999,-1.05,0.0
1770415540.17082,30,64,0.0,0.0,0.0,0.0,1.0,0.9999999999999999,-1.05,0.0
1770415540.1719615,30,65,0.0,0.0,0.0,0.0,1.0,0.9999999999999999,-1.05,0.0
1770415540.1731482,30,66,0.0,0.0,0.0,0.0,1.0,0.9999999999999999,-1.05,0.0
1770415540.174346,30,67,0.0,0.0,0.0,0.0,1.0,0.9999999999999999,-1.05,0.0
1770415540.1755147,30,68,0.0,0.0,0.0,0.0,1.0,0.9999999999999999,-1.05,0.0
1770415540.176518,30,69,0.0,0.0,0.0,0.0,1.0,0.9999999999999999,-1.05,0.0
1770415540.1774194,30,70,0.0,0.0,0.0,0.0,1.0,0.9999999999999999,-1.05,0.0
1770415540.1787288,30,71,0.0,0.0,0.0,0.0,1.0,0.9999999999999999,-1.05,0.0
1770415540.1796181,30,72,0.0,0.0,0.0,0.0,1.0,0.9999999999999999,-1.05,0.0
1770415540.1806192,30,73,0.0,0.0,0.0,0.0,1.0,0.9999999999999999,-1.05,0.0
1770415540.1816082,30,74,0.0,0.0,0.0,0.0,1.0,0.9999999999999999,-1.05,0.0
1770415540.18263,30,75,0.0,0.0,0.0,0.0,1.0,0.9999999999999999,-1.05,0.0
1770415540.1836214,30,76,0.0,0.0,0.0,0.0,1.0,0.9999999999999999,-1.05,0.0
1770415540.1846004,30,77,0.0,0.0,0.0,0.0,1.0,0.9999999999999999,-1.05,0.0
1770415540.1854193,30,78,0.0,0.0,0.0,0.0,1.0,0.9999999999999999,-1.05,0.0
1770415540.1865385,30,79,0.0,0.0,0.0,0.0,1.0,0.9999999999999999,-1.05,0.0
1770415540.1873448,30,80,0.0,0.0,0.0,0.0,1.0,0.9999999999999999,-1.05,0.0
1770415540.188424,30,81,0.0,0.0,0.0,0.0,1.0,0.9999999999999999,-1.05,0.0
1770415540.1894803,30,82,0.0,0.0,0.0,0.0,1.0,0.9999999999999999,-1.05,0.0
1770415540.1905782,30,83,0.0,0.0,0.0,0.0,1.0,0.9999999999999999,-1.05,0.0
1770415540.191671,30,84,0.0,0.0,0.0,0.0,1.0,0.9999999999999999,-1.05,0.0
1770415540.1926873,30,85,0.0,0.0,0.0,0.0,1.0,0.9999999999999999,-1.05,0.0
1770415540.1934886,30,86,0.0,0.0,0.0,0.0,1.0,0.9999999999999999,-1.05,0.0
1770415540.1944575,30,87,0.0,0.0,0.0,0.0,1.0,0.9999999999999999,-1.05,0.0
1770415540.1954763,30,88,0.0,0.0,0.0,0.0,1.0,0.9999999999999999,-1.05,0.0
1770415540.196471,30,89,0.0,0.0,0.0,0.0,1.0,0.9999999999999999,-1.05,0.0
1770415540.197561,30,90,0.0,0.0,0.0,0.0,1.0,0.9999999999999999,-1.05,0.0
1770415540.198555,30,91,0.0,0.0,0.0,0.0,1.0,0.9999999999999999,-1.05,0.0
1770415540.1994808,30,92,0.0,0.0,0.0,0.0,1.0,0.9999999999999999,-1.05,0.0
1770415540.200533,30,93,0.0,0.0,0.0,0.0,1.0,0.9999999999999999,-1.05,0.0
1770415540.2014399,30,94,0.0,0.0,0.0,0.0,1.0,0.9999999999999999,-1.05,0.0
1770415540.2024918,30,95,0.0,0.0,0.0,0.0,1.0,0.9999999999999999,-1.05,0.0
1770415540.2035604,30,96,0.0,0.0,0.0,0.0,1.0,0.9999999999999999,-1.05,0.0
1770415540.2045436,30,97,0.0,0.0,0.0,0.0,1.0,0.9999999999999999,-1.05,0.0
1770415540.2055128,30,98,0.0,0.0,0.0,0.0,1.0,0.9999999999999999,-1.05,0.0
1770415540.2065487,30,99,0.0,0.0,0.0,0.0,1.0,0.9999999999999999,-1.05,0.0
1770415540.2076426,30,100,0.0,0.0,0.0,0.0,1.0,0.9999999999999999,-1.05,0.0
1770415540.208709,30,101,0.0,0.0,0.0,0.0,1.0,0.9999999999999999,-1.05,0.0
1770415540.2096415,30,102,0.0,0.0,0.0,0.0,1.0,0.9999999999999999,-1.05,0.0
1770415540.210686,30,103,0.0,0.0,0.0,0.0,1.0,0.9999999999999999,-1.05,0.0
1770415540.2115898,30,104,0.0,0.0,0.0,0.0,1.0,0.9999999999999999,-1.05,0.0
1770415540.21248,30,105,0.0,0.0,0.0,0.0,1.0,0.9999999999999999,-1.05,0.0
1770415540.2134821,30,106,0.0,0.0,0.0,0.0,1.0,0.9999999999999999,-1.05,0.0
1770415540.2145972,30,107,0.0,0.0,0.0,0.0,1.0,0.9999999999999999,-1.05,0.0
1770415540.2156873,30,108,0.0,0.0,0.0,0.0,1.0,0.9999999999999999,-1.05,0.0
1770415540.216821,30,109,0.0,0.0,0.0,0.0,1.0,0.9999999999999999,-1.05,0.0
1770415540.2179704,30,110,0.0,0.0,0.0,0.0,1.0,0.9999999999999999,-1.05,0.0
1770415540.2191346,30,111,0.0,0.0,0.0,0.0,1.0,0.9999999999999999,-1.05,0.0
1770415540.2202425,30,112,0.0,0.0,0.0,0.0,1.0,0.9999999999999999,-1.05,0.0
1770415540.2213676,30,113,0.0,0.0,0.0,0.0,1.0,0.9999999999999999,-1.05,0.0
1770415540.222338,30,114,0.0,0.0,0.0,0.0,1.0,0.9999999999999999,-1.05,0.0
1770415540.2232804,30,115,0.0,0.0,0.0,0.0,1.0,0.9999999999999999,-1.05,0.0
1770415540.2242928,30,116,0.0,0.0,0.0,0.0,1.0,0.9999999999999999,-1.05,0.0
1770415540.2253723,30,117,0.0,0.0,0.0,0.0,1.0,0.9999999999999999,-1.05,0.0
1770415540.2262778,30,118,0.0,0.0,0.0,0.0,1.0,0.9999999999999999,-1.05,0.0
1770415540.227555,30,119,0.0,0.0,0.0,0.0,1.0,0.9999999999999999,-1.05,0.0
1770415540.2286823,30,120,0.0,0.0,0.0,0.0,1.0,0.9999999999999999,-1.05,0.0
1770415540.2295551,30,121,0.0,0.0,0.0,0.0,1.0,0.9999999999999999,-1.05,0.0
1770415540.2304666,30,122,0.0,0.0,0.0,0.0,1.0,0.9999999999999999,-1.05,0.0
1770415540.231477,30,123,0.0,0.0,0.0,0.0,1.0,0.9999999999999999,-1.05,0.0
1770415540.2325845,30,124,0.0,0.0,0.0,0.0,1.0,0.9999999999999999,-1.05,0.0
1770415540.2335384,30,125,0.0,0.0,0.0,0.0,1.0,0.9999999999999999,-1.05,0.0
1770415540.2345185,30,126,0.0,0.0,0.0,0.0,1.0,0.9999999999999999,-1.05,0.0
1770415540.2356582,30,127,0.0,0.0,0.0,0.0,1.0,0.9999999999999999,-1.05,0.0
1770415540.2366736,30,128,0.0,0.0,0.0,0.0,1.0,0.9999999999999999,-1.05,0.0
1770415540.237621,30,129,0.0,0.0,0.0,0.0,1.0,0.9999999999999999,-1.05,0.0
1770415540.2386115,30,130,0.0,0.0,0.0,0.0,1.0,0.9999999999999999,-1.05,0.0
1770415540.2398381,30,131,0.0,0.0,0.0,0.0,1.0,0.9999999999999999,-1.05,0.0
1770415540.2410254,30,132,0.0,0.0,0.0,0.0,1.0,0.9999999999999999,-1.05,0.0
1770415540.2421312,30,133,0.0,0.0,0.0,0.0,1.0,0.9999999999999999,-1.05,0.0
1770415540.2432353,30,134,0.0,0.0,0.0,0.0,1.0,0.9999999999999999,-1.05,0.0
1770415540.2443871,30,135,0.0,0.0,0.0,0.0,1.0,0.9999999999999999,-1.05,0.0
1770415540.2455397,30,136,0.0,0.0,0.0,0.0,1.0,0.9999999999999999,-1.05,0.0
1770415540.246472,30,137,0.0,0.0,0.0,0.0,1.0,0.9999999999999999,-1.05,0.0
1770415540.2474182,30,138,0.0,0.0,0.0,0.0,1.0,0.9999999999999999,-1.05,0.0
1770415540.248404,30,139,0.0,0.0,0.0,0.0,1.0,0.9999999999999999,-1.05,0.0
1770415540.249338,30,140,0.0,0.0,0.0,0.0,1.0,0.9999999999999999,-1.05,0.0
1770415540.2502372,30,141,0.0,0.0,0.0,0.0,1.0,0.9999999999999999,-1.05,0.0
1770415540.2510993,30,142,0.0,0.0,0.0,0.0,1.0,0.9999999999999999,-1.05,0.0
1770415540.2518861,30,143,0.0,0.0,0.0,0.0,1.0,0.9999999999999999,-1.05,0.0
1770415540.2528007,30,144,0.0,0.0,0.0,0.0,1.0,0.9999999999999999,-1.05,0.0
1770415540.2537167,30,145,0.0,0.0,0.0,0.0,1.0,0.9999999999999999,-1.05,0.0
1770415540.2548583,30,146,0.0,0.0,0.0,0.0,1.0,0.9999999999999999,-1.05,0.0
1770415540.255976,30,147,0.0,0.0,0.0,0.0,1.0,0.9999999999999999,-1.05,0.0
1770415540.2571962,30,148,0.0,0.0,0.0,0.0,1.0,0.9999999999999999,-1.05,0.0
1770415540.258374,30,149,0.0,0.0,0.0,0.0,1.0,0.9999999999999999,-1.05,0.0
1770415540.2596292,30,150,0.0,0.0,0.0,0.0,1.0,0.9999999999999999,-1.05,0.0
1770415540.2606986,30,151,0.0,0.0,0.0,0.0,1.0,0.9999999999999999,-1.05,0.0
1770415540.261781,30,152,0.0,0.0,0.0,0.0,1.0,0.9999999999999999,-1.05,0.0
1770415540.26265,30,153,0.0,0.0,0.0,0.0,1.0,0.9999999999999999,-1.05,0.0
1770415540.2634373,30,154,0.0,0.0,0.0,0.0,1.0,0.9999999999999999,-1.05,0.0
1770415540.264252,30,155,0.0,0.0,0.0,0.0,1.0,0.9999999999999999,-1.05,0.0
1770415540.2650878,30,156,0.0,0.0,0.0,0.0,1.0,0.9999999999999999,-1.05,0.0
1770415540.2658298,30,157,0.0,0.0,0.0,0.0,1.0,0.9999999999999999,-1.05,0.0
1770415540.266762,30,158,0.0,0.0,0.0,0.0,1.0,0.9999999999999999,-1.05,0.0
1770415540.2678874,30,159,0.0,0.0,0.0,0.0,1.0,0.9999999999999999,-1.05,0.0
1770415540.2688503,30,160,0.0,0.0,0.0,0.0,1.0,0.9999999999999999,-1.05,0.0
1770415540.2700443,30,161,0.0,0.0,0.0,0.0,1.0,0.9999999999999999,-1.05,0.0
1770415540.2710588,30,162,0.0,0.0,0.0,0.0,1.0,0.9999999999999999,-1.05,0.0
1770415540.2719567,30,163,0.0,0.0,0.0,0.0,1.0,0.9999999999999999,-1.05,0.0
1770415540.2729614,30,164,0.0,0.0,0.0,0.0,1.0,0.9999999999999999,-1.05,0.0
1770415540.274048,30,165,0.0,0.0,0.0,0.0,1.0,0.9999999999999999,-1.05,0.0
1770415540.2752666,30,166,0.0,0.0,0.0,0.0,1.0,0.9999999999999999,-1.05,0.0
1770415540.2766483,30,167,0.0,0.0,0.0,0.0,1.0,0.9999999999999999,-1.05,0.0
1770415540.277985,30,168,0.0,0.0,0.0,0.0,1.0,0.9999999999999999,-1.05,0.0
1770415540.279226,30,169,0.0,0.0,0.0,0.0,1.0,0.9999999999999999,-1.05,0.0
1770415540.2802436,30,170,0.0,0.0,0.0,0.0,1.0,0.9999999999999999,-1.05,0.0
1770415540.281421,30,171,0.0,0.0,0.0,0.0,1.0,0.9999999999999999,-1.05,0.0
1770415540.2826102,30,172,0.0,0.0,0.0,0.0,1.0,0.9999999999999999,-1.05,0.0
1770415540.283736,30,173,0.0,0.0,0.0,0.0,1.0,0.9999999999999999,-1.05,0.0
1770415540.2846284,30,174,0.0,0.0,0.0,0.0,1.0,0.9999999999999999,-1.05,0.0
1770415540.2858005,30,175,0.0,0.0,0.0,0.0,1.0,0.9999999999999999,-1.05,0.0
1770415540.2869408,30,176,0.0,0.0,0.0,0.0,1.0,0.9999999999999999,-1.05,0.0
1770415540.2880723,30,177,0.0,0.0,0.0,0.0,1.0,0.9999999999999999,-1.05,0.0
1770415540.2890592,30,178,0.0,0.0,0.0,0.0,1.0,0.9999999999999999,-1.05,0.0
1770415540.290068,30,179,0.0,0.0,0.0,0.0,1.0,0.9999999999999999,-1.05,0.0
1770415540.2912354,30,180,0.0,0.0,0.0,0.0,1.0,0.9999999999999999,-1.05,0.0
1770415540.292369,30,181,0.0,0.0,0.0,0.0,1.0,0.9999999999999999,-1.05,0.0
1770415540.2933018,30,182,0.0,0.0,0.0,0.0,1.0,0.9999999999999999,-1.05,0.0
1770415540.2944922,30,183,0.0,0.0,0.0,0.0,1.0,0.9999999999999999,-1.05,0.0
1770415540.2957819,30,184,0.0,0.0,0.0,0.0,1.0,0.9999999999999999,-1.05,0.0
1770415540.2968125,30,185,0.0,0.0,0.0,0.0,1.0,0.9999999999999999,-1.05,0.0
1770415540.2979467,30,186,0.0,0.0,0.0,0.0,1.0,0.9999999999999999,-1.05,0.0
1770415540.2991438,30,187,0.0,0.0,0.0,0.0,1.0,0.9999999999999999,-1.05,0.0
1770415540.2999747,30,188,0.0,0.0,0.0,0.0,1.0,0.9999999999999999,-1.05,0.0
1770415540.3009498,30,189,0.0,0.0,0.0,0.0,1.0,0.9999999999999999,-1.05,0.0
1770415540.3020792,30,190,0.0,0.0,0.0,0.0,1.0,0.9999999999999999,-1.05,0.0
1770415540.3031595,30,191,0.0,0.0,0.0,0.0,1.0,0.9999999999999999,-1.05,0.0
1770415540.3041887,30,192,0.0,0.0,0.0,0.0,1.0,0.9999999999999999,-1.05,0.0
1770415540.3052723,30,193,0.0,0.0,0.0,0.0,1.0,0.9999999999999999,-1.05,0.0
1770415540.306498,30,194,0.0,0.0,0.0,0.0,1.0,0.9999999999999999,-1.05,0.0
1770415540.3077347,30,195,0.0,0.0,0.0,0.0,1.0,0.9999999999999999,-1.05,0.0
1770415540.3089712,30,196,0.0,0.0,0.0,0.0,1.0,0.9999999999999999,-1.05,0.0
1770415540.310103,30,197,0.0,0.0,0.0,0.0,1.0,0.9999999999999999,-1.05,0.0
1770415540.3110445,30,198,0.0,0.0,0.0,0.0,1.0,0.9999999999999999,-1.05,0.0
1770415540.3122666,30,199,0.0,0.0,0.0,0.0,1.0,0.9999999999999999,-1.05,0.0
1770415540.313312,30,200,0.0,0.0,0.0,0.0,1.0,0.9999999999999999,-1.05,0.0
1770415540.3591013,31,0,0.0,0.0,0.0,0.0,1.0,0.0,0.0,0.0
1770415540.360436,31,1,0.0,0.0,0.0,0.0,1.0,0.9999999999999999,-0.049999999999999996,0.0
1770415540.3612611,31,2,0.0,0.0,0.0,0.0,1.0,0.9999999999999999,-0.049999999999999996,0.0
1770415540.3621519,31,3,0.0,0.0,0.0,0.0,1.0,0.9999999999999999,-0.049999999999999996,0.0
1770415540.3634114,31,4,0.0,0.0,0.0,0.0,1.0,0.9999999999999999,-0.049999999999999996,0.0
1770415540.3643935,31,5,0.0,0.0,0.0,0.0,1.0,0.9999999999999999,-0.049999999999999996,0.0
1770415540.365415,31,6,0.0,0.0,0.0,0.0,1.0,0.9999999999999999,-1.05,0.0
1770415540.3662825,31,7,0.0,0.0,0.0,0.0,1.0,0.9999999999999999,-1.05,0.0
1770415540.3671918,31,8,0.0,0.0,0.0,0.0,1.0,0.9999999999999999,-1.05,0.0
1770415540.3681226,31,9,0.0,0.0,0.0,0.0,1.0,0.9999999999999999,-1.05,0.0
1770415540.3692303,31,10,0.0,0.0,0.0,0.0,1.0,0.9999999999999999,-1.05,0.0
1770415540.3702438,31,11,0.0,0.0,0.0,0.0,1.0,0.9999999999999999,-1.05,0.0
1770415540.3713303,31,12,0.0,0.0,0.0,0.0,1.0,0.9999999999999999,-1.05,0.0
1770415540.3724258,31,13,0.0,0.0,0.0,0.0,1.0,0.9999999999999999,-1.05,0.0
1770415540.3733993,31,14,0.0,0.0,0.0,0.0,1.0,0.9999999999999999,-1.05,0.0
1770415540.3745003,31,15,0.0,0.0,0.0,0.0,1.0,0.9999999999999999,-1.05,0.0
1770415540.3756804,31,16,0.0,0.0,0.0,0.0,1.0,0.9999999999999999,-1.05,0.0
1770415540.3767588,31,17,0.0,0.0,0.0,0.0,1.0,0.9999999999999999,-1.05,0.0
1770415540.377686,31,18,0.0,0.0,0.0,0.0,1.0,0.9999999999999999,-1.05,0.0
1770415540.3788638,31,19,0.0,0.0,0.0,0.0,1.0,0.9999999999999999,-1.05,0.0
1770415540.380108,31,20,0.0,0.0,0.0,0.0,1.0,0.9999999999999999,-1.05,0.0
1770415540.3811839,31,21,0.0,0.0,0.0,0.0,1.0,0.9999999999999999,-1.05,0.0
1770415540.3823783,31,22,0.0,0.0,0.0,0.0,1.0,0.9999999999999999,-1.05,0.0
1770415540.3837128,31,23,0.0,0.0,0.0,0.0,1.0,0.9999999999999999,-1.05,0.0
1770415540.3850632,31,24,0.0,0.0,0.0,0.0,1.0,0.9999999999999999,-1.05,0.0
1770415540.3863168,31,25,0.0,0.0,0.0,0.0,1.0,0.9999999999999999,-1.05,0.0
1770415540.3876946,31,26,0.0,0.0,0.0,0.0,1.0,0.9999999999999999,-1.05,0.0
1770415540.388633,31,27,0.0,0.0,0.0,0.0,1.0,0.9999999999999999,-1.05,0.0
1770415540.3896685,31,28,0.0,0.0,0.0,0.0,1.0,0.9999999999999999,-1.05,0.0
1770415540.3908768,31,29,0.0,0.0,0.0,0.0,1.0,0.9999999999999999,-1.05,0.0
1770415540.3920555,31,30,0.0,0.0,0.0,0.0,1.0,0.9999999999999999,-1.05,0.0
1770415540.3932226,31,31,0.0,0.0,0.0,0.0,1.0,0.9999999999999999,-1.05,0.0
1770415540.394242,31,32,0.0,0.0,0.0,0.0,1.0,0.9999999999999999,-1.05,0.0
1770415540.395539,31,33,0.0,0.0,0.0,0.0,1.0,0.9999999999999999,-1.05,0.0
1770415540.3966243,31,34,0.0,0.0,0.0,0.0,1.0,0.9999999999999999,-1.05,0.0
1770415540.3975656,31,35,0.0,0.0,0.0,0.0,1.0,0.9999999999999999,-1.05,0.0
1770415540.3985167,31,36,0.0,0.0,0.0,0.0,1.0,0.9999999999999999,-1.05,0.0
1770415540.3994892,31,37,0.0,0.0,0.0,0.0,1.0,0.9999999999999999,-1.05,0.0
1770415540.4004054,31,38,0.0,0.0,0.0,0.0,1.0,0.9999999999999999,-1.05,0.0
1770415540.401369,31,39,0.0,0.0,0.0,0.0,1.0,0.9999999999999999,-1.05,0.0
1770415540.4024775,31,40,0.0,0.0,0.0,0.0,1.0,0.9999999999999999,-1.05,0.0
1770415540.40356,31,41,0.0,0.0,0.0,0.0,1.0,0.9999999999999999,-1.05,0.0
1770415540.4043083,31,42,0.0,0.0,0.0,0.0,1.0,0.9999999999999999,-1.05,0.0
1770415540.4052236,31,43,0.0,0.0,0.0,0.0,1.0,0.9999999999999999,-1.05,0.0
1770415540.4061117,31,44,0.0,0.0,0.0,0.0,1.0,0.9999999999999999,-1.05,0.0
1770415540.4070354,31,45,0.0,0.0,0.0,0.0,1.0,0.9999999999999999,-1.05,0.0
1770415540.4081438,31,46,0.0,0.0,0.0,0.0,1.0,0.9999999999999999,-1.05,0.0
1770415540.4091966,31,47,0.0,0.0,0.0,0.0,1.0,0.9999999999999999,-1.05,0.0
1770415540.4103227,31,48,0.0,0.0,0.0,0.0,1.0,0.9999999999999999,-1.05,0.0
1770415540.4114506,31,49,0.0,0.0,0.0,0.0,1.0,0.9999999999999999,-1.05,0.0
1770415540.412593,31,50,0.0,0.0,0.0,0.0,1.0,0.9999999999999999,-1.05,0.0
1770415540.4137273,31,51,0.0,0.0,0.0,0.0,1.0,0.9999999999999999,-1.05,0.0
1770415540.4147651,31,52,0.0,0.0,0.0,0.0,1.0,0.9999999999999999,-1.05,0.0
1770415540.4159756,31,53,0.0,0.0,0.0,0.0,1.0,0.9999999999999999,-1.05,0.0
1770415540.4168844,31,54,0.0,0.0,0.0,0.0,1.0,0.9999999999999999,-1.05,0.0
1770415540.4176795,31,55,0.0,0.0,0.0,0.0,1.0,0.9999999999999999,-1.05,0.0
1770415540.4185145,31,56,0.0,0.0,0.0,0.0,1.0,0.9999999999999999,-1.05,0.0
1770415540.4193983,31,57,0.0,0.0,0.0,0.0,1.0,0.9999999999999999,-1.05,0.0
1770415540.42016,31,58,0.0,0.0,0.0,0.0,1.0,0.9999999999999999,-1.05,0.0
1770415540.4209933,31,59,0.0,0.0,0.0,0.0,1.0,0.9999999999999999,-1.05,0.0
1770415540.4222827,31,60,0.0,0.0,0.0,0.0,1.0,0.9999999999999999,-1.05,0.0
1770415540.4233527,31,61,0.0,0.0,0.0,0.0,1.0,0.9999999999999999,-1.05,0.0
1770415540.4243472,31,62,0.0,0.0,0.0,0.0,1.0,0.9999999999999999,-1.05,0.0
1770415540.4252915,31,63,0.0,0.0,0.0,0.0,1.0,0.9999999999999999,-1.05,0.0
1770415540.426243,31,64,0.0,0.0,0.0,0.0,1.0,0.9999999999999999,-1.05,0.0
1770415540.4272728,31,65,0.0,0.0,0.0,0.0,1.0,0.9999999999999999,-1.05,0.0
1770415540.4282632,31,66,0.0,0.0,0.0,0.0,1.0,0.9999999999999999,-1.05,0.0
1770415540.4290972,31,67,0.0,0.0,0.0,0.0,1.0,0.9999999999999999,-1.05,0.0
1770415540.4298806,31,68,0.0,0.0,0.0,0.0,1.0,0.9999999999999999,-1.05,0.0
1770415540.4307761,31,69,0.0,0.0,0.0,0.0,1.0,0.9999999999999999,-1.05,0.0
1770415540.4317946,31,70,0.0,0.0,0.0,0.0,1.0,0.9999999999999999,-1.05,0.0
1770415540.43285,31,71,0.0,0.0,0.0,0.0,1.0,0.9999999999999999,-1.05,0.0
1770415540.4339974,31,72,0.0,0.0,0.0,0.0,1.0,0.9999999999999999,-1.05,0.0
1770415540.4350805,31,73,0.0,0.0,0.0,0.0,1.0,0.9999999999999999,-1.05,0.0
1770415540.4361234,31,74,0.0,0.0,0.0,0.0,1.0,0.9999999999999999,-1.05,0.0
1770415540.4374766,31,75,0.0,0.0,0.0,0.0,1.0,0.9999999999999999,-1.05,0.0
1770415540.4385512,31,76,0.0,0.0,0.0,0.0,1.0,0.9999999999999999,-1.05,0.0
1770415540.4395816,31,77,0.0,0.0,0.0,0.0,1.0,0.9999999999999999,-1.05,0.0
1770415540.4405978,31,78,0.0,0.0,0.0,0.0,1.0,0.9999999999999999,-1.05,0.0
1770415540.4415958,31,79,0.0,0.0,0.0,0.0,1.0,0.9999999999999999,-1.05,0.0
1770415540.4425023,31,80,0.0,0.0,0.0,0.0,1.0,0.9999999999999999,-1.05,0.0
1770415540.4434373,31,81,0.0,0.0,0.0,0.0,1.0,0.9999999999999999,-1.05,0.0
1770415540.444581,31,82,0.0,0.0,0.0,0.0,1.0,0.9999999999999999,-1.05,0.0
1770415540.4455998,31,83,0.0,0.0,0.0,0.0,1.0,0.9999999999999999,-1.05,0.0
1770415540.4466467,31,84,0.0,0.0,0.0,0.0,1.0,0.9999999999999999,-1.05,0.0
1770415540.4475417,31,85,0.0,0.0,0.0,0.0,1.0,0.9999999999999999,-1.05,0.0
1770415540.4486778,31,86,0.0,0.0,0.0,0.0,1.0,0.9999999999999999,-1.05,0.0
1770415540.4498367,31,87,0.0,0.0,0.0,0.0,1.0,0.9999999999999999,-1.05,0.0
1770415540.4507706,31,88,0.0,0.0,0.0,0.0,1.0,0.9999999999999999,-1.05,0.0
1770415540.45181,31,89,0.0,0.0,0.0,0.0,1.0,0.9999999999999999,-1.05,0.0
1770415540.4527822,31,90,0.0,0.0,0.0,0.0,1.0,0.9999999999999999,-1.05,0.0
1770415540.4536417,31,91,0.0,0.0,0.0,0.0,1.0,0.9999999999999999,-1.05,0.0
1770415540.454498,31,92,0.0,0.0,0.0,0.0,1.0,0.9999999999999999,-1.05,0.0
1770415540.455509,31,93,0.0,0.0,0.0,0.0,1.0,0.9999999999999999,-1.05,0.0
1770415540.4565763,31,94,0.0,0.0,0.0,0.0,1.0,0.9999999999999999,-1.05,0.0
1770415540.4574354,31,95,0.0,0.0,0.0,0.0,1.0,0.9999999999999999,-1.05,0.0
1770415540.4584873,31,96,0.0,0.0,0.0,0.0,1.0,0.9999999999999999,-1.05,0.0
1770415540.459557,31,97,0.0,0.0,0.0,0.0,1.0,0.9999999999999999,-1.05,0.0
1770415540.4603677,31,98,0.0,0.0,0.0,0.0,1.0,0.9999999999999999,-1.05,0.0
1770415540.461375,31,99,0.0,0.0,0.0,0.0,1.0,0.9999999999999999,-1.05,0.0
1770415540.4625015,31,100,0.0,0.0,0.0,0.0,1.0,0.9999999999999999,-1.05,0.0
1770415540.4635596,31,101,0.0,0.0,0.0,0.0,1.0,0.9999999999999999,-1.05,0.0
1770415540.4645472,31,102,0.0,0.0,0.0,0.0,1.0,0.9999999999999999,-1.05,0.0
1770415540.4654412,31,103,0.0,0.0,0.0,0.0,1.0,0.9999999999999999,-1.05,0.0
1770415540.4663966,31,104,0.0,0.0,0.0,0.0,1.0,0.9999999999999999,-1.05,0.0
1770415540.467516,31,105,0.0,0.0,0.0,0.0,1.0,0.9999999999999999,-1.05,0.0
1770415540.4688373,31,106,0.0,0.0,0.0,0.0,1.0,0.9999999999999999,-1.05,0.0
1770415540.4696918,31,107,0.0,0.0,0.0,0.0,1.0,0.9999999999999999,-1.05,0.0
1770415540.470564,31,108,0.0,0.0,0.0,0.0,1.0,0.9999999999999999,-1.05,0.0
1770415540.4715261,31,109,0.0,0.0,0.0,0.0,1.0,0.9999999999999999,-1.05,0.0
1770415540.4725058,31,110,0.0,0.0,0.0,0.0,1.0,0.9999999999999999,-1.05,0.0
1770415540.4734204,31,111,0.0,0.0,0.0,0.0,1.0,0.9999999999999999,-1.05,0.0
1770415540.4743586,31,112,0.0,0.0,0.0,0.0,1.0,0.9999999999999999,-1.05,0.0
1770415540.4754198,31,113,0.0,0.0,0.0,0.0,1.0,0.9999999999999999,-1.05,0.0
1770415540.476555,31,114,0.0,0.0,0.0,0.0,1.0,0.9999999999999999,-1.05,0.0
1770415540.4775274,31,115,0.0,0.0,0.0,0.0,1.0,0.9999999999999999,-1.05,0.0
1770415540.4783442,31,116,0.0,0.0,0.0,0.0,1.0,0.9999999999999999,-1.05,0.0
1770415540.4795709,31,117,0.0,0.0,0.0,0.0,1.0,0.9999999999999999,-1.05,0.0
1770415540.480621,31,118,0.0,0.0,0.0,0.0,1.0,0.9999999999999999,-1.05,0.0
1770415540.4815276,31,119,0.0,0.0,0.0,0.0,1.0,0.9999999999999999,-1.05,0.0
1770415540.4824576,31,120,0.0,0.0,0.0,0.0,1.0,0.9999999999999999,-1.05,0.0
1770415540.4836147,31,121,0.0,0.0,0.0,0.0,1.0,0.9999999999999999,-1.05,0.0
1770415540.484545,31,122,0.0,0.0,0.0,0.0,1.0,0.9999999999999999,-1.05,0.0
1770415540.4854383,31,123,0.0,0.0,0.0,0.0,1.0,0.9999999999999999,-1.05,0.0
1770415540.4863498,31,124,0.0,0.0,0.0,0.0,1.0,0.9999999999999999,-1.05,0.0
1770415540.487218,31,125,0.0,0.0,0.0,0.0,1.0,0.9999999999999999,-1.05,0.0
1770415540.4881864,31,126,0.0,0.0,0.0,0.0,1.0,0.9999999999999999,-1.05,0.0
1770415540.4890208,31,127,0.0,0.0,0.0,0.0,1.0,0.9999999999999999,-1.05,0.0
1770415540.4899473,31,128,0.0,0.0,0.0,0.0,1.0,0.9999999999999999,-1.05,0.0
1770415540.4909961,31,129,0.0,0.0,0.0,0.0,1.0,0.9999999999999999,-1.05,0.0
1770415540.4920769,31,130,0.0,0.0,0.0,0.0,1.0,0.9999999999999999,-1.05,0.0
1770415540.4930782,31,131,0.0,0.0,0.0,0.0,1.0,0.9999999999999999,-1.05,0.0
1770415540.494039,31,132,0.0,0.0,0.0,0.0,1.0,0.9999999999999999,-1.05,0.0
1770415540.4950855,31,133,0.0,0.0,0.0,0.0,1.0,0.9999999999999999,-1.05,0.0
1770415540.495981,31,134,0.0,0.0,0.0,0.0,1.0,0.9999999999999999,-1.05,0.0
1770415540.4967656,31,135,0.0,0.0,0.0,0.0,1.0,0.9999999999999999,-1.05,0.0
1770415540.4976122,31,136,0.0,0.0,0.0,0.0,1.0,0.9999999999999999,-1.05,0.0
1770415540.498411,31,137,0.0,0.0,0.0,0.0,1.0,0.9999999999999999,-1.05,0.0
1770415540.4993408,31,138,0.0,0.0,0.0,0.0,1.0,0.9999999999999999,-1.05,0.0
1770415540.5002844,31,139,0.0,0.0,0.0,0.0,1.0,0.9999999999999999,-1.05,0.0
1770415540.5009882,31,140,0.0,0.0,0.0,0.0,1.0,0.9999999999999999,-1.05,0.0
1770415540.501744,31,141,0.0,0.0,0.0,0.0,1.0,0.9999999999999999,-1.05,0.0
1770415540.502444,31,142,0.0,0.0,0.0,0.0,1.0,0.9999999999999999,-1.05,0.0
1770415540.5032012,31,143,0.0,0.0,0.0,0.0,1.0,0.9999999999999999,-1.05,0.0
1770415540.5039825,31,144,0.0,0.0,0.0,0.0,1.0,0.9999999999999999,-1.05,0.0
1770415540.5049887,31,145,0.0,0.0,0.0,0.0,1.0,0.9999999999999999,-1.05,0.0
1770415540.505955,31,146,0.0,0.0,0.0,0.0,1.0,0.9999999999999999,-1.05,0.0
1770415540.5069697,31,147,0.0,0.0,0.0,0.0,1.0,0.9999999999999999,-1.05,0.0
1770415540.5078287,31,148,0.0,0.0,0.0,0.0,1.0,0.9999999999999999,-1.05,0.0
1770415540.5085692,31,149,0.0,0.0,0.0,0.0,1.0,0.9999999999999999,-1.05,0.0
1770415540.5093129,31,150,0.0,0.0,0.0,0.0,1.0,0.9999999999999999,-1.05,0.0
1770415540.5103223,31,151,0.0,0.0,0.0,0.0,1.0,0.9999999999999999,-1.05,0.0
1770415540.5113304,31,152,0.0,0.0,0.0,0.0,1.0,0.9999999999999999,-1.05,0.0
1770415540.512309,31,153,0.0,0.0,0.0,0.0,1.0,0.9999999999999999,-1.05,0.0
1770415540.5134254,31,154,0.0,0.0,0.0,0.0,1.0,0.9999999999999999,-1.05,0.0
1770415540.5143077,31,155,0.0,0.0,0.0,0.0,1.0,0.9999999999999999,-1.05,0.0
1770415540.5153897,31,156,0.0,0.0,0.0,0.0,1.0,0.9999999999999999,-1.05,0.0
1770415540.5163434,31,157,0.0,0.0,0.0,0.0,1.0,0.9999999999999999,-1.05,0.0
1770415540.5175457,31,158,0.0,0.0,0.0,0.0,1.0,0.9999999999999999,-1.05,0.0
1770415540.5186646,31,159,0.0,0.0,0.0,0.0,1.0,0.9999999999999999,-1.05,0.0
1770415540.5195758,31,160,0.0,0.0,0.0,0.0,1.0,0.9999999999999999,-1.05,0.0
1770415540.5206008,31,161,0.0,0.0,0.0,0.0,1.0,0.9999999999999999,-1.05,0.0
1770415540.5215676,31,162,0.0,0.0,0.0,0.0,1.0,0.9999999999999999,-1.05,0.0
1770415540.5225823,31,163,0.0,0.0,0.0,0.0,1.0,0.9999999999999999,-1.05,0.0
1770415540.5236533,31,164,0.0,0.0,0.0,0.0,1.0,0.9999999999999999,-1.05,0.0
1770415540.5245714,31,165,0.0,0.0,0.0,0.0,1.0,0.9999999999999999,-1.05,0.0
1770415540.525646,31,166,0.0,0.0,0.0,0.0,1.0,0.9999999999999999,-1.05,0.0
1770415540.5266354,31,167,0.0,0.0,0.0,0.0,1.0,0.9999999999999999,-1.05,0.0
1770415540.5276062,31,168,0.0,0.0,0.0,0.0,1.0,0.9999999999999999,-1.05,0.0
1770415540.5284986,31,169,0.0,0.0,0.0,0.0,1.0,0.9999999999999999,-1.05,0.0
1770415540.529382,31,170,0.0,0.0,0.0,0.0,1.0,0.9999999999999999,-1.05,0.0
1770415540.530631,31,171,0.0,0.0,0.0,0.0,1.0,0.9999999999999999,-1.05,0.0
1770415540.531627,31,172,0.0,0.0,0.0,0.0,1.0,0.9999999999999999,-1.05,0.0
1770415540.532498,31,173,0.0,0.0,0.0,0.0,1.0,0.9999999999999999,-1.05,0.0
1770415540.5337355,31,174,0.0,0.0,0.0,0.0,1.0,0.9999999999999999,-1.05,0.0
1770415540.5347588,31,175,0.0,0.0,0.0,0.0,1.0,0.9999999999999999,-1.05,0.0
1770415540.5356402,31,176,0.0,0.0,0.0,0.0,1.0,0.9999999999999999,-1.05,0.0
1770415540.5364802,31,177,0.0,0.0,0.0,0.0,1.0,0.9999999999999999,-1.05,0.0
1770415540.5374105,31,178,0.0,0.0,0.0,0.0,1.0,0.9999999999999999,-1.05,0.0
1770415540.538494,31,179,0.0,0.0,0.0,0.0,1.0,0.9999999999999999,-1.05,0.0
1770415540.5395381,31,180,0.0,0.0,0.0,0.0,1.0,0.9999999999999999,-1.05,0.0
1770415540.5404515,31,181,0.0,0.0,0.0,0.0,1.0,0.9999999999999999,-1.05,0.0
1770415540.5412836,31,182,0.0,0.0,0.0,0.0,1.0,0.9999999999999999,-1.05,0.0
1770415540.5421731,31,183,0.0,0.0,0.0,0.0,1.0,0.9999999999999999,-1.05,0.0
1770415540.5430112,31,184,0.0,0.0,0.0,0.0,1.0,0.9999999999999999,-1.05,0.0
1770415540.5439591,31,185,0.0,0.0,0.0,0.0,1.0,0.9999999999999999,-1.05,0.0
1770415540.5450203,31,186,0.0,0.0,0.0,0.0,1.0,0.9999999999999999,-1.05,0.0
1770415540.5461788,31,187,0.0,0.0,0.0,0.0,1.0,0.9999999999999999,-1.05,0.0
1770415540.5471833,31,188,0.0,0.0,0.0,0.0,1.0,0.9999999999999999,-1.05,0.0
1770415540.5481913,31,189,0.0,0.0,0.0,0.0,1.0,0.9999999999999999,-1.05,0.0
1770415540.54909,31,190,0.0,0.0,0.0,0.0,1.0,0.9999999999999999,-1.05,0.0
1770415540.5500677,31,191,0.0,0.0,0.0,0.0,1.0,0.9999999999999999,-1.05,0.0
1770415540.551031,31,192,0.0,0.0,0.0,0.0,1.0,0.9999999999999999,-1.05,0.0
1770415540.5520518,31,193,0.0,0.0,0.0,0.0,1.0,0.9999999999999999,-1.05,0.0
1770415540.5529761,31,194,0.0,0.0,0.0,0.0,1.0,0.9999999999999999,-1.05,0.0
1770415540.5539231,31,195,0.0,0.0,0.0,0.0,1.0,0.9999999999999999,-1.05,0.0
1770415540.5548565,31,196,0.0,0.0,0.0,0.0,1.0,0.9999999999999999,-1.05,0.0
1770415540.555973,31,197,0.0,0.0,0.0,0.0,1.0,0.9999999999999999,-1.05,0.0
1770415540.557044,31,198,0.0,0.0,0.0,0.0,1.0,0.9999999999999999,-1.05,0.0
1770415540.5580597,31,199,0.0,0.0,0.0,0.0,1.0,0.9999999999999999,-1.05,0.0
1770415540.5589786,31,200,0.0,0.0,0.0,0.0,1.0,0.9999999999999999,-1.05,0.0
1770415540.6054769,32,0,0.0,0.0,0.0,0.0,1.0,0.0,0.0,0.0
1770415540.6066456,32,1,0.0,0.0,0.0,0.0,1.0,0.9999999999999999,-0.049999999999999996,0.0
1770415540.607484,32,2,0.0,0.0,0.0,0.0,1.0,0.9999999999999999,-0.049999999999999996,0.0
1770415540.6086464,32,3,0.0,0.0,0.0,0.0,1.0,0.9999999999999999,-0.049999999999999996,0.0
1770415540.6096723,32,4,0.0,0.0,0.0,0.0,1.0,0.9999999999999999,-0.049999999999999996,0.0
1770415540.6109257,32,5,0.0,0.0,0.0,0.0,1.0,0.9999999999999999,-0.049999999999999996,0.0
1770415540.612279,32,6,0.0,0.0,0.0,0.0,1.0,0.9999999999999999,-1.05,0.0
1770415540.6135018,32,7,0.0,0.0,0.0,0.0,1.0,0.9999999999999999,-1.05,0.0
1770415540.6143122,32,8,0.0,0.0,0.0,0.0,1.0,0.9999999999999999,-1.05,0.0
1770415540.6151514,32,9,0.0,0.0,0.0,0.0,1.0,0.9999999999999999,-1.05,0.0
1770415540.6161103,32,10,0.0,0.0,0.0,0.0,1.0,0.9999999999999999,-1.05,0.0
1770415540.61719,32,11,0.0,0.0,0.0,0.0,1.0,0.9999999999999999,-1.05,0.0
1770415540.6181989,32,12,0.0,0.0,0.0,0.0,1.0,0.9999999999999999,-1.05,0.0
1770415540.6194994,32,13,0.0,0.0,0.0,0.0,1.0,0.9999999999999999,-1.05,0.0
1770415540.6205528,32,14,0.0,0.0,0.0,0.0,1.0,0.9999999999999999,-1.05,0.0
1770415540.621701,32,15,0.0,0.0,0.0,0.0,1.0,0.9999999999999999,-1.05,0.0
1770415540.6231055,32,16,0.0,0.0,0.0,0.0,1.0,0.9999999999999999,-1.05,0.0
1770415540.624179,32,17,0.0,0.0,0.0,0.0,1.0,0.9999999999999999,-1.05,0.0
1770415540.6253402,32,18,0.0,0.0,0.0,0.0,1.0,0.9999999999999999,-1.05,0.0
1770415540.6265755,32,19,0.0,0.0,0.0,0.0,1.0,0.9999999999999999,-1.05,0.0
1770415540.6279073,32,20,0.0,0.0,0.0,0.0,1.0,0.9999999999999999,-1.05,0.0
1770415540.6290066,32,21,0.0,0.0,0.0,0.0,1.0,0.9999999999999999,-1.05,0.0
1770415540.6301692,32,22,0.0,0.0,0.0,0.0,1.0,0.9999999999999999,-1.05,0.0
1770415540.6312177,32,23,0.0,0.0,0.0,0.0,1.0,0.9999999999999999,-1.05,0.0
1770415540.6322622,32,24,0.0,0.0,0.0,0.0,1.0,0.9999999999999999,-1.05,0.0
1770415540.6334968,32,25,0.0,0.0,0.0,0.0,1.0,0.9999999999999999,-1.05,0.0
1770415540.634607,32,26,0.0,0.0,0.0,0.0,1.0,0.9999999999999999,-1.05,0.0
1770415540.6357315,32,27,0.0,0.0,0.0,0.0,1.0,0.9999999999999999,-1.05,0.0
1770415540.6365762,32,28,0.0,0.0,0.0,0.0,1.0,0.9999999999999999,-1.05,0.0
1770415540.6374514,32,29,0.0,0.0,0.0,0.0,1.0,0.9999999999999999,-1.05,0.0
1770415540.6385386,32,30,0.0,0.0,0.0,0.0,1.0,0.9999999999999999,-1.05,0.0
1770415540.6396306,32,31,0.0,0.0,0.0,0.0,1.0,0.9999999999999999,-1.05,0.0
1770415540.6404977,32,32,0.0,0.0,0.0,0.0,1.0,0.9999999999999999,-1.05,0.0
1770415540.6415627,32,33,0.0,0.0,0.0,0.0,1.0,0.9999999999999999,-1.05,0.0
1770415540.6426058,32,34,0.0,0.0,0.0,0.0,1.0,0.9999999999999999,-1.05,0.0
1770415540.6435878,32,35,0.0,0.0,0.0,0.0,1.0,0.9999999999999999,-1.05,0.0
1770415540.6445491,32,36,0.0,0.0,0.0,0.0,1.0,0.9999999999999999,-1.05,0.0
1770415540.645519,32,37,0.0,0.0,0.0,0.0,1.0,0.9999999999999999,-1.05,0.0
1770415540.6464798,32,38,0.0,0.0,0.0,0.0,1.0,0.9999999999999999,-1.05,0.0
1770415540.6475418,32,39,0.0,0.0,0.0,0.0,1.0,0.9999999999999999,-1.05,0.0
1770415540.6483912,32,40,0.0,0.0,0.0,0.0,1.0,0.9999999999999999,-1.05,0.0
1770415540.6492429,32,41,0.0,0.0,0.0,0.0,1.0,0.9999999999999999,-1.05,0.0
1770415540.6502118,32,42,0.0,0.0,0.0,0.0,1.0,0.9999999999999999,-1.05,0.0
1770415540.6510422,32,43,0.0,0.0,0.0,0.0,1.0,0.9999999999999999,-1.05,0.0
1770415540.6521215,32,44,0.0,0.0,0.0,0.0,1.0,0.9999999999999999,-1.05,0.0
1770415540.653319,32,45,0.0,0.0,0.0,0.0,1.0,0.9999999999999999,-1.05,0.0
1770415540.6544287,32,46,0.0,0.0,0.0,0.0,1.0,0.9999999999999999,-1.05,0.0
1770415540.6553538,32,47,0.0,0.0,0.0,0.0,1.0,0.9999999999999999,-1.05,0.0
1770415540.656176,32,48,0.0,0.0,0.0,0.0,1.0,0.9999999999999999,-1.05,0.0
1770415540.6572576,32,49,0.0,0.0,0.0,0.0,1.0,0.9999999999999999,-1.05,0.0
1770415540.6585197,32,50,0.0,0.0,0.0,0.0,1.0,0.9999999999999999,-1.05,0.0
1770415540.6596735,32,51,0.0,0.0,0.0,0.0,1.0,0.9999999999999999,-1.05,0.0
1770415540.660888,32,52,0.0,0.0,0.0,0.0,1.0,0.9999999999999999,-1.05,0.0
1770415540.6618822,32,53,0.0,0.0,0.0,0.0,1.0,0.9999999999999999,-1.05,0.0
1770415540.6628273,32,54,0.0,0.0,0.0,0.0,1.0,0.9999999999999999,-1.05,0.0
1770415540.6638727,32,55,0.0,0.0,0.0,0.0,1.0,0.9999999999999999,-1.05,0.0
1770415540.6647224,32,56,0.0,0.0,0.0,0.0,1.0,0.9999999999999999,-1.05,0.0
1770415540.6655211,32,57,0.0,0.0,0.0,0.0,1.0,0.9999999999999999,-1.05,0.0
1770415540.666515,32,58,0.0,0.0,0.0,0.0,1.0,0.9999999999999999,-1.05,0.0
1770415540.6674788,32,59,0.0,0.0,0.0,0.0,1.0,0.9999999999999999,-1.05,0.0
1770415540.6687434,32,60,0.0,0.0,0.0,0.0,1.0,0.9999999999999999,-1.05,0.0
1770415540.6696286,32,61,0.0,0.0,0.0,0.0,1.0,0.9999999999999999,-1.05,0.0
1770415540.6706076,32,62,0.0,0.0,0.0,0.0,1.0,0.9999999999999999,-1.05,0.0
1770415540.6717825,32,63,0.0,0.0,0.0,0.0,1.0,0.9999999999999999,-1.05,0.0
1770415540.6728625,32,64,0.0,0.0,0.0,0.0,1.0,0.9999999999999999,-1.05,0.0
1770415540.6737738,32,65,0.0,0.0,0.0,0.0,1.0,0.9999999999999999,-1.05,0.0
1770415540.6748025,32,66,0.0,0.0,0.0,0.0,1.0,0.9999999999999999,-1.05,0.0
1770415540.6759229,32,67,0.0,0.0,0.0,0.0,1.0,0.9999999999999999,-1.05,0.0
1770415540.6771295,32,68,0.0,0.0,0.0,0.0,1.0,0.9999999999999999,-1.05,0.0
1770415540.6781948,32,69,0.0,0.0,0.0,0.0,1.0,0.9999999999999999,-1.05,0.0
1770415540.679145,32,70,0.0,0.0,0.0,0.0,1.0,0.9999999999999999,-1.05,0.0
1770415540.680032,32,71,0.0,0.0,0.0,0.0,1.0,0.9999999999999999,-1.05,0.0
1770415540.6809235,32,72,0.0,0.0,0.0,0.0,1.0,0.9999999999999999,-1.05,0.0
1770415540.6818614,32,73,0.0,0.0,0.0,0.0,1.0,0.9999999999999999,-1.05,0.0
1770415540.6827648,32,74,0.0,0.0,0.0,0.0,1.0,0.9999999999999999,-1.05,0.0
1770415540.6839952,32,75,0.0,0.0,0.0,0.0,1.0,0.9999999999999999,-1.05,0.0
1770415540.6850867,32,76,0.0,0.0,0.0,0.0,1.0,0.9999999999999999,-1.05,0.0
1770415540.6863449,32,77,0.0,0.0,0.0,0.0,1.0,0.9999999999999999,-1.05,0.0
1770415540.68741,32,78,0.0,0.0,0.0,0.0,1.0,0.9999999999999999,-1.05,0.0
1770415540.6885781,32,79,0.0,0.0,0.0,0.0,1.0,0.9999999999999999,-1.05,0.0
1770415540.6894925,32,80,0.0,0.0,0.0,0.0,1.0,0.9999999999999999,-1.05,0.0
1770415540.6904862,32,81,0.0,0.0,0.0,0.0,1.0,0.9999999999999999,-1.05,0.0
1770415540.6916203,32,82,0.0,0.0,0.0,0.0,1.0,0.9999999999999999,-1.05,0.0
1770415540.6926007,32,83,0.0,0.0,0.0,0.0,1.0,0.9999999999999999,-1.05,0.0
1770415540.693741,32,84,0.0,0.0,0.0,0.0,1.0,0.9999999999999999,-1.05,0.0
1770415540.6948023,32,85,0.0,0.0,0.0,0.0,1.0,0.9999999999999999,-1.05,0.0
1770415540.6959288,32,86,0.0,0.0,0.0,0.0,1.0,0.9999999999999999,-1.05,0.0
1770415540.6969535,32,87,0.0,0.0,0.0,0.0,1.0,0.9999999999999999,-1.05,0.0
1770415540.698015,32,88,0.0,0.0,0.0,0.0,1.0,0.9999999999999999,-1.05,0.0
1770415540.6988852,32,89,0.0,0.0,0.0,0.0,1.0,0.9999999999999999,-1.05,0.0
1770415540.6998792,32,90,0.0,0.0,0.0,0.0,1.0,0.9999999999999999,-1.05,0.0
1770415540.7016923,32,91,0.0,0.0,0.0,0.0,1.0,0.9999999999999999,-1.05,0.0
1770415540.7034414,32,92,0.0,0.0,0.0,0.0,1.0,0.9999999999999999,-1.05,0.0
1770415540.7052069,32,93,0.0,0.0,0.0,0.0,1.0,0.9999999999999999,-1.05,0.0
1770415540.7073696,32,94,0.0,0.0,0.0,0.0,1.0,0.9999999999999999,-1.05,0.0
1770415540.7094162,32,95,0.0,0.0,0.0,0.0,1.0,0.9999999999999999,-1.05,0.0
1770415540.7113326,32,96,0.0,0.0,0.0,0.0,1.0,0.9999999999999999,-1.05,0.0
1770415540.7130096,32,97,0.0,0.0,0.0,0.0,1.0,0.9999999999999999,-1.05,0.0
1770415540.7139452,32,98,0.0,0.0,0.0,0.0,1.0,0.9999999999999999,-1.05,0.0
1770415540.7150087,32,99,0.0,0.0,0.0,0.0,1.0,0.9999999999999999,-1.05,0.0
1770415540.7160578,32,100,0.0,0.0,0.0,0.0,1.0,0.9999999999999999,-1.05,0.0
1770415540.7171047,32,101,0.0,0.0,0.0,0.0,1.0,0.9999999999999999,-1.05,0.0
1770415540.7182481,32,102,0.0,0.0,0.0,0.0,1.0,0.9999999999999999,-1.05,0.0
1770415540.7193923,32,103,0.0,0.0,0.0,0.0,1.0,0.9999999999999999,-1.05,0.0
1770415540.7204106,32,104,0.0,0.0,0.0,0.0,1.0,0.9999999999999999,-1.05,0.0
1770415540.721539,32,105,0.0,0.0,0.0,0.0,1.0,0.9999999999999999,-1.05,0.0
1770415540.7227333,32,106,0.0,0.0,0.0,0.0,1.0,0.9999999999999999,-1.05,0.0
1770415540.723743,32,107,0.0,0.0,0.0,0.0,1.0,0.9999999999999999,-1.05,0.0
1770415540.7249155,32,108,0.0,0.0,0.0,0.0,1.0,0.9999999999999999,-1.05,0.0
1770415540.7261589,32,109,0.0,0.0,0.0,0.0,1.0,0.9999999999999999,-1.05,0.0
1770415540.727433,32,110,0.0,0.0,0.0,0.0,1.0,0.9999999999999999,-1.05,0.0
1770415540.7284164,32,111,0.0,0.0,0.0,0.0,1.0,0.9999999999999999,-1.05,0.0
1770415540.7294464,32,112,0.0,0.0,0.0,0.0,1.0,0.9999999999999999,-1.05,0.0
1770415540.7302558,32,113,0.0,0.0,0.0,0.0,1.0,0.9999999999999999,-1.05,0.0
1770415540.7312343,32,114,0.0,0.0,0.0,0.0,1.0,0.9999999999999999,-1.05,0.0
1770415540.73215,32,115,0.0,0.0,0.0,0.0,1.0,0.9999999999999999,-1.05,0.0
1770415540.7331069,32,116,0.0,0.0,0.0,0.0,1.0,0.9999999999999999,-1.05,0.0
1770415540.7340717,32,117,0.0,0.0,0.0,0.0,1.0,0.9999999999999999,-1.05,0.0
1770415540.7350976,32,118,0.0,0.0,0.0,0.0,1.0,0.9999999999999999,-1.05,0.0
1770415540.7359822,32,119,0.0,0.0,0.0,0.0,1.0,0.9999999999999999,-1.05,0.0
1770415540.736894,32,120,0.0,0.0,0.0,0.0,1.0,0.9999999999999999,-1.05,0.0
1770415540.7380664,32,121,0.0,0.0,0.0,0.0,1.0,0.9999999999999999,-1.05,0.0
1770415540.739157,32,122,0.0,0.0,0.0,0.0,1.0,0.9999999999999999,-1.05,0.0
1770415540.7400482,32,123,0.0,0.0,0.0,0.0,1.0,0.9999999999999999,-1.05,0.0
1770415540.7410614,32,124,0.0,0.0,0.0,0.0,1.0,0.9999999999999999,-1.05,0.0
1770415540.7423816,32,125,0.0,0.0,0.0,0.0,1.0,0.9999999999999999,-1.05,0.0
1770415540.7434356,32,126,0.0,0.0,0.0,0.0,1.0,0.9999999999999999,-1.05,0.0
1770415540.74464,32,127,0.0,0.0,0.0,0.0,1.0,0.9999999999999999,-1.05,0.0
1770415540.7458427,32,128,0.0,0.0,0.0,0.0,1.0,0.9999999999999999,-1.05,0.0
1770415540.7470508,32,129,0.0,0.0,0.0,0.0,1.0,0.9999999999999999,-1.05,0.0
1770415540.7481902,32,130,0.0,0.0,0.0,0.0,1.0,0.9999999999999999,-1.05,0.0
1770415540.7493362,32,131,0.0,0.0,0.0,0.0,1.0,0.9999999999999999,-1.05,0.0
1770415540.7507355,32,132,0.0,0.0,0.0,0.0,1.0,0.9999999999999999,-1.05,0.0
1770415540.7521117,32,133,0.0,0.0,0.0,0.0,1.0,0.9999999999999999,-1.05,0.0
1770415540.7532318,32,134,0.0,0.0,0.0,0.0,1.0,0.9999999999999999,-1.05,0.0
1770415540.7541294,32,135,0.0,0.0,0.0,0.0,1.0,0.9999999999999999,-1.05,0.0
1770415540.755093,32,136,0.0,0.0,0.0,0.0,1.0,0.9999999999999999,-1.05,0.0
1770415540.756038,32,137,0.0,0.0,0.0,0.0,1.0,0.9999999999999999,-1.05,0.0
1770415540.7570558,32,138,0.0,0.0,0.0,0.0,1.0,0.9999999999999999,-1.05,0.0
1770415540.7580912,32,139,0.0,0.0,0.0,0.0,1.0,0.9999999999999999,-1.05,0.0
1770415540.7591622,32,140,0.0,0.0,0.0,0.0,1.0,0.9999999999999999,-1.05,0.0
1770415540.7600713,32,141,0.0,0.0,0.0,0.0,1.0,0.9999999999999999,-1.05,0.0
1770415540.761128,32,142,0.0,0.0,0.0,0.0,1.0,0.9999999999999999,-1.05,0.0
1770415540.7620795,32,143,0.0,0.0,0.0,0.0,1.0,0.9999999999999999,-1.05,0.0
1770415540.7630405,32,144,0.0,0.0,0.0,0.0,1.0,0.9999999999999999,-1.05,0.0
1770415540.7640953,32,145,0.0,0.0,0.0,0.0,1.0,0.9999999999999999,-1.05,0.0
1770415540.7650836,32,146,0.0,0.0,0.0,0.0,1.0,0.9999999999999999,-1.05,0.0
1770415540.7662477,32,147,0.0,0.0,0.0,0.0,1.0,0.9999999999999999,-1.05,0.0
1770415540.7672822,32,148,0.0,0.0,0.0,0.0,1.0,0.9999999999999999,-1.05,0.0
1770415540.7683866,32,149,0.0,0.0,0.0,0.0,1.0,0.9999999999999999,-1.05,0.0
1770415540.769431,32,150,0.0,0.0,0.0,0.0,1.0,0.9999999999999999,-1.05,0.0
1770415540.7706025,32,151,0.0,0.0,0.0,0.0,1.0,0.9999999999999999,-1.05,0.0
1770415540.7718472,32,152,0.0,0.0,0.0,0.0,1.0,0.9999999999999999,-1.05,0.0
1770415540.7729979,32,153,0.0,0.0,0.0,0.0,1.0,0.9999999999999999,-1.05,0.0
1770415540.7741282,32,154,0.0,0.0,0.0,0.0,1.0,0.9999999999999999,-1.05,0.0
1770415540.7751164,32,155,0.0,0.0,0.0,0.0,1.0,0.9999999999999999,-1.05,0.0
1770415540.7762194,32,156,0.0,0.0,0.0,0.0,1.0,0.9999999999999999,-1.05,0.0
1770415540.7771597,32,157,0.0,0.0,0.0,0.0,1.0,0.9999999999999999,-1.05,0.0
1770415540.7781966,32,158,0.0,0.0,0.0,0.0,1.0,0.9999999999999999,-1.05,0.0
1770415540.7794049,32,159,0.0,0.0,0.0,0.0,1.0,0.9999999999999999,-1.05,0.0
1770415540.7804806,32,160,0.0,0.0,0.0,0.0,1.0,0.9999999999999999,-1.05,0.0
1770415540.7814193,32,161,0.0,0.0,0.0,0.0,1.0,0.9999999999999999,-1.05,0.0
1770415540.7825458,32,162,0.0,0.0,0.0,0.0,1.0,0.9999999999999999,-1.05,0.0
1770415540.7836351,32,163,0.0,0.0,0.0,0.0,1.0,0.9999999999999999,-1.05,0.0
1770415540.7845256,32,164,0.0,0.0,0.0,0.0,1.0,0.9999999999999999,-1.05,0.0
1770415540.7853668,32,165,0.0,0.0,0.0,0.0,1.0,0.9999999999999999,-1.05,0.0
1770415540.7862568,32,166,0.0,0.0,0.0,0.0,1.0,0.9999999999999999,-1.05,0.0
1770415540.7871866,32,167,0.0,0.0,0.0,0.0,1.0,0.9999999999999999,-1.05,0.0
1770415540.7884417,32,168,0.0,0.0,0.0,0.0,1.0,0.9999999999999999,-1.05,0.0
1770415540.7895424,32,169,0.0,0.0,0.0,0.0,1.0,0.9999999999999999,-1.05,0.0
1770415540.7907054,32,170,0.0,0.0,0.0,0.0,1.0,0.9999999999999999,-1.05,0.0
1770415540.7919116,32,171,0.0,0.0,0.0,0.0,1.0,0.9999999999999999,-1.05,0.0
1770415540.7929518,32,172,0.0,0.0,0.0,0.0,1.0,0.9999999999999999,-1.05,0.0
1770415540.7940273,32,173,0.0,0.0,0.0,0.0,1.0,0.9999999999999999,-1.05,0.0
1770415540.795169,32,174,0.0,0.0,0.0,0.0,1.0,0.9999999999999999,-1.05,0.0
1770415540.7963202,32,175,0.0,0.0,0.0,0.0,1.0,0.9999999999999999,-1.05,0.0
1770415540.7974184,32,176,0.0,0.0,0.0,0.0,1.0,0.9999999999999999,-1.05,0.0
1770415540.798513,32,177,0.0,0.0,0.0,0.0,1.0,0.9999999999999999,-1.05,0.0
1770415540.799665,32,178,0.0,0.0,0.0,0.0,1.0,0.9999999999999999,-1.05,0.0
1770415540.8007941,32,179,0.0,0.0,0.0,0.0,1.0,0.9999999999999999,-1.05,0.0
1770415540.8018456,32,180,0.0,0.0,0.0,0.0,1.0,0.9999999999999999,-1.05,0.0
1770415540.8043354,32,181,0.0,0.0,0.0,0.0,1.0,0.9999999999999999,-1.05,0.0
1770415540.8059356,32,182,0.0,0.0,0.0,0.0,1.0,0.9999999999999999,-1.05,0.0
1770415540.8071992,32,183,0.0,0.0,0.0,0.0,1.0,0.9999999999999999,-1.05,0.0
1770415540.8081658,32,184,0.0,0.0,0.0,0.0,1.0,0.9999999999999999,-1.05,0.0
1770415540.8089216,32,185,0.0,0.0,0.0,0.0,1.0,0.9999999999999999,-1.05,0.0
1770415540.8096905,32,186,0.0,0.0,0.0,0.0,1.0,0.9999999999999999,-1.05,0.0
1770415540.8106406,32,187,0.0,0.0,0.0,0.0,1.0,0.9999999999999999,-1.05,0.0
1770415540.8115833,32,188,0.0,0.0,0.0,0.0,1.0,0.9999999999999999,-1.05,0.0
1770415540.8124506,32,189,0.0,0.0,0.0,0.0,1.0,0.9999999999999999,-1.05,0.0
1770415540.8134618,32,190,0.0,0.0,0.0,0.0,1.0,0.9999999999999999,-1.05,0.0
1770415540.8144686,32,191,0.0,0.0,0.0,0.0,1.0,0.9999999999999999,-1.05,0.0
1770415540.8153706,32,192,0.0,0.0,0.0,0.0,1.0,0.9999999999999999,-1.05,0.0
1770415540.8163445,32,193,0.0,0.0,0.0,0.0,1.0,0.9999999999999999,-1.05,0.0
1770415540.8171806,32,194,0.0,0.0,0.0,0.0,1.0,0.9999999999999999,-1.05,0.0
1770415540.8181357,32,195,0.0,0.0,0.0,0.0,1.0,0.9999999999999999,-1.05,0.0
1770415540.8191473,32,196,0.0,0.0,0.0,0.0,1.0,0.9999999999999999,-1.05,0.0
1770415540.8200967,32,197,0.0,0.0,0.0,0.0,1.0,0.9999999999999999,-1.05,0.0
1770415540.8210845,32,198,0.0,0.0,0.0,0.0,1.0,0.9999999999999999,-1.05,0.0
1770415540.8220875,32,199,0.0,0.0,0.0,0.0,1.0,0.9999999999999999,-1.05,0.0
1770415540.823096,32,200,0.0,0.0,0.0,0.0,1.0,0.9999999999999999,-1.05,0.0
1770415540.8722663,33,0,0.0,0.0,0.0,0.0,1.0,0.0,0.0,0.0
1770415540.873471,33,1,0.0,0.0,0.0,0.0,1.0,0.9999999999999999,-0.049999999999999996,0.0
1770415540.8745778,33,2,0.0,0.0,0.0,0.0,1.0,0.9999999999999999,-0.049999999999999996,0.0
1770415540.8753505,33,3,0.0,0.0,0.0,0.0,1.0,0.9999999999999999,-0.049999999999999996,0.0
1770415540.8772118,33,4,0.0,0.0,0.0,0.0,1.0,0.9999999999999999,-0.049999999999999996,0.0
1770415540.879373,33,5,0.0,0.0,0.0,0.0,1.0,0.9999999999999999,-0.049999999999999996,0.0
1770415540.8815906,33,6,0.0,0.0,0.0,0.0,1.0,0.9999999999999999,-1.05,0.0
1770415540.8827906,33,7,0.0,0.0,0.0,0.0,1.0,0.9999999999999999,-1.05,0.0
1770415540.8840299,33,8,0.0,0.0,0.0,0.0,1.0,0.9999999999999999,-1.05,0.0
1770415540.8850844,33,9,0.0,0.0,0.0,0.0,1.0,0.9999999999999999,-1.05,0.0
1770415540.886234,33,10,0.0,0.0,0.0,0.0,1.0,0.9999999999999999,-1.05,0.0
1770415540.8873672,33,11,0.0,0.0,0.0,0.0,1.0,0.9999999999999999,-1.05,0.0
1770415540.888516,33,12,0.0,0.0,0.0,0.0,1.0,0.9999999999999999,-1.05,0.0
1770415540.889395,33,13,0.0,0.0,0.0,0.0,1.0,0.9999999999999999,-1.05,0.0
1770415540.8903089,33,14,0.0,0.0,0.0,0.0,1.0,0.9999999999999999,-1.05,0.0
1770415540.891755,33,15,0.0,0.0,0.0,0.0,1.0,0.9999999999999999,-1.05,0.0
1770415540.8927248,33,16,0.0,0.0,0.0,0.0,1.0,0.9999999999999999,-1.05,0.0
1770415540.893702,33,17,0.0,0.0,0.0,0.0,1.0,0.9999999999999999,-1.05,0.0
1770415540.894798,33,18,0.0,0.0,0.0,0.0,1.0,0.9999999999999999,-1.05,0.0
1770415540.896058,33,19,0.0,0.0,0.0,0.0,1.0,0.9999999999999999,-1.05,0.0
1770415540.8970098,33,20,0.0,0.0,0.0,0.0,1.0,0.9999999999999999,-1.05,0.0
1770415540.899155,33,21,0.0,0.0,0.0,0.0,1.0,0.9999999999999999,-1.05,0.0
1770415540.901454,33,22,0.0,0.0,0.0,0.0,1.0,0.9999999999999999,-1.05,0.0
1770415540.9035277,33,23,0.0,0.0,0.0,0.0,1.0,0.9999999999999999,-1.05,0.0
1770415540.9045706,33,24,0.0,0.0,0.0,0.0,1.0,0.9999999999999999,-1.05,0.0
1770415540.9056492,33,25,0.0,0.0,0.0,0.0,1.0,0.9999999999999999,-1.05,0.0
1770415540.9067512,33,26,0.0,0.0,0.0,0.0,1.0,0.9999999999999999,-1.05,0.0
1770415540.9077704,33,27,0.0,0.0,0.0,0.0,1.0,0.9999999999999999,-1.05,0.0
1770415540.9089165,33,28,0.0,0.0,0.0,0.0,1.0,0.9999999999999999,-1.05,0.0
1770415540.9101706,33,29,0.0,0.0,0.0,0.0,1.0,0.9999999999999999,-1.05,0.0
1770415540.9114087,33,30,0.0,0.0,0.0,0.0,1.0,0.9999999999999999,-1.05,0.0
1770415540.9125466,33,31,0.0,0.0,0.0,0.0,1.0,0.9999999999999999,-1.05,0.0
1770415540.9134595,33,32,0.0,0.0,0.0,0.0,1.0,0.9999999999999999,-1.05,0.0
1770415540.9143977,33,33,0.0,0.0,0.0,0.0,1.0,0.9999999999999999,-1.05,0.0
1770415540.9154506,33,34,0.0,0.0,0.0,0.0,1.0,0.9999999999999999,-1.05,0.0
1770415540.9163778,33,35,0.0,0.0,0.0,0.0,1.0,0.9999999999999999,-1.05,0.0
1770415540.9171548,33,36,0.0,0.0,0.0,0.0,1.0,0.9999999999999999,-1.05,0.0
1770415540.9181147,33,37,0.0,0.0,0.0,0.0,1.0,0.9999999999999999,-1.05,0.0
1770415540.9192793,33,38,0.0,0.0,0.0,0.0,1.0,0.9999999999999999,-1.05,0.0
1770415540.920434,33,39,0.0,0.0,0.0,0.0,1.0,0.9999999999999999,-1.05,0.0
1770415540.921459,33,40,0.0,0.0,0.0,0.0,1.0,0.9999999999999999,-1.05,0.0
1770415540.9225914,33,41,0.0,0.0,0.0,0.0,1.0,0.9999999999999999,-1.05,0.0
1770415540.9236434,33,42,0.0,0.0,0.0,0.0,1.0,0.9999999999999999,-1.05,0.0
1770415540.9245582,33,43,0.0,0.0,0.0,0.0,1.0,0.9999999999999999,-1.05,0.0
1770415540.9254317,33,44,0.0,0.0,0.0,0.0,1.0,0.9999999999999999,-1.05,0.0
1770415540.9264917,33,45,0.0,0.0,0.0,0.0,1.0,0.9999999999999999,-1.05,0.0
1770415540.9275796,33,46,0.0,0.0,0.0,0.0,1.0,0.9999999999999999,-1.05,0.0
1770415540.9287543,33,47,0.0,0.0,0.0,0.0,1.0,0.9999999999999999,-1.05,0.0
1770415540.9296207,33,48,0.0,0.0,0.0,0.0,1.0,0.9999999999999999,-1.05,0.0
1770415540.9307709,33,49,0.0,0.0,0.0,0.0,1.0,0.9999999999999999,-1.05,0.0
1770415540.9317138,33,50,0.0,0.0,0.0,0.0,1.0,0.9999999999999999,-1.05,0.0
1770415540.9326813,33,51,0.0,0.0,0.0,0.0,1.0,0.9999999999999999,-1.05,0.0
1770415540.9338245,33,52,0.0,0.0,0.0,0.0,1.0,0.9999999999999999,-1.05,0.0
1770415540.934869,33,53,0.0,0.0,0.0,0.0,1.0,0.9999999999999999,-1.05,0.0
1770415540.9358766,33,54,0.0,0.0,0.0,0.0,1.0,0.9999999999999999,-1.05,0.0
1770415540.936837,33,55,0.0,0.0,0.0,0.0,1.0,0.9999999999999999,-1.05,0.0
1770415540.9377656,33,56,0.0,0.0,0.0,0.0,1.0,0.9999999999999999,-1.05,0.0
1770415540.9387178,33,57,0.0,0.0,0.0,0.0,1.0,0.9999999999999999,-1.05,0.0
1770415540.9396234,33,58,0.0,0.0,0.0,0.0,1.0,0.9999999999999999,-1.05,0.0
1770415540.940497,33,59,0.0,0.0,0.0,0.0,1.0,0.9999999999999999,-1.05,0.0
1770415540.9414403,33,60,0.0,0.0,0.0,0.0,1.0,0.9999999999999999,-1.05,0.0
1770415540.9426258,33,61,0.0,0.0,0.0,0.0,1.0,0.9999999999999999,-1.05,0.0
1770415540.9437163,33,62,0.0,0.0,0.0,0.0,1.0,0.9999999999999999,-1.05,0.0
1770415540.9446692,33,63,0.0,0.0,0.0,0.0,1.0,0.9999999999999999,-1.05,0.0
1770415540.945695,33,64,0.0,0.0,0.0,0.0,1.0,0.9999999999999999,-1.05,0.0
1770415540.9468224,33,65,0.0,0.0,0.0,0.0,1.0,0.9999999999999999,-1.05,0.0
1770415540.9481547,33,66,0.0,0.0,0.0,0.0,1.0,0.9999999999999999,-1.05,0.0
1770415540.949253,33,67,0.0,0.0,0.0,0.0,1.0,0.9999999999999999,-1.05,0.0
1770415540.950427,33,68,0.0,0.0,0.0,0.0,1.0,0.9999999999999999,-1.05,0.0
1770415540.9515486,33,69,0.0,0.0,0.0,0.0,1.0,0.9999999999999999,-1.05,0.0
1770415540.9525948,33,70,0.0,0.0,0.0,0.0,1.0,0.9999999999999999,-1.05,0.0
1770415540.953818,33,71,0.0,0.0,0.0,0.0,1.0,0.9999999999999999,-1.05,0.0
1770415540.954735,33,72,0.0,0.0,0.0,0.0,1.0,0.9999999999999999,-1.05,0.0
1770415540.9556081,33,73,0.0,0.0,0.0,0.0,1.0,0.9999999999999999,-1.05,0.0
1770415540.9565125,33,74,0.0,0.0,0.0,0.0,1.0,0.9999999999999999,-1.05,0.0
1770415540.9574106,33,75,0.0,0.0,0.0,0.0,1.0,0.9999999999999999,-1.05,0.0
1770415540.958606,33,76,0.0,0.0,0.0,0.0,1.0,0.9999999999999999,-1.05,0.0
1770415540.959807,33,77,0.0,0.0,0.0,0.0,1.0,0.9999999999999999,-1.05,0.0
1770415540.961151,33,78,0.0,0.0,0.0,0.0,1.0,0.9999999999999999,-1.05,0.0
1770415540.9624069,33,79,0.0,0.0,0.0,0.0,1.0,0.9999999999999999,-1.05,0.0
1770415540.963611,33,80,0.0,0.0,0.0,0.0,1.0,0.9999999999999999,-1.05,0.0
1770415540.9645956,33,81,0.0,0.0,0.0,0.0,1.0,0.9999999999999999,-1.05,0.0
1770415540.9657571,33,82,0.0,0.0,0.0,0.0,1.0,0.9999999999999999,-1.05,0.0
1770415540.9666872,33,83,0.0,0.0,0.0,0.0,1.0,0.9999999999999999,-1.05,0.0
1770415540.9676375,33,84,0.0,0.0,0.0,0.0,1.0,0.9999999999999999,-1.05,0.0
1770415540.9688075,33,85,0.0,0.0,0.0,0.0,1.0,0.9999999999999999,-1.05,0.0
1770415540.9700139,33,86,0.0,0.0,0.0,0.0,1.0,0.9999999999999999,-1.05,0.0
1770415540.9714215,33,87,0.0,0.0,0.0,0.0,1.0,0.9999999999999999,-1.05,0.0
1770415540.972547,33,88,0.0,0.0,0.0,0.0,1.0,0.9999999999999999,-1.05,0.0
1770415540.9735367,33,89,0.0,0.0,0.0,0.0,1.0,0.9999999999999999,-1.05,0.0
1770415540.9746225,33,90,0.0,0.0,0.0,0.0,1.0,0.9999999999999999,-1.05,0.0
1770415540.9756267,33,91,0.0,0.0,0.0,0.0,1.0,0.9999999999999999,-1.05,0.0
1770415540.9766984,33,92,0.0,0.0,0.0,0.0,1.0,0.9999999999999999,-1.05,0.0
1770415540.9779298,33,93,0.0,0.0,0.0,0.0,1.0,0.9999999999999999,-1.05,0.0
1770415540.9790428,33,94,0.0,0.0,0.0,0.0,1.0,0.9999999999999999,-1.05,0.0
1770415540.9802284,33,95,0.0,0.0,0.0,0.0,1.0,0.9999999999999999,-1.05,0.0
1770415540.9813619,33,96,0.0,0.0,0.0,0.0,1.0,0.9999999999999999,-1.05,0.0
1770415540.982685,33,97,0.0,0.0,0.0,0.0,1.0,0.9999999999999999,-1.05,0.0
1770415540.983889,33,98,0.0,0.0,0.0,0.0,1.0,0.9999999999999999,-1.05,0.0
1770415540.9850419,33,99,0.0,0.0,0.0,0.0,1.0,0.9999999999999999,-1.05,0.0
1770415540.986324,33,100,0.0,0.0,0.0,0.0,1.0,0.9999999999999999,-1.05,0.0
1770415540.9875603,33,101,0.0,0.0,0.0,0.0,1.0,0.9999999999999999,-1.05,0.0
1770415540.9887412,33,102,0.0,0.0,0.0,0.0,1.0,0.9999999999999999,-1.05,0.0
1770415540.9900339,33,103,0.0,0.0,0.0,0.0,1.0,0.9999999999999999,-1.05,0.0
1770415540.9910648,33,104,0.0,0.0,0.0,0.0,1.0,0.9999999999999999,-1.05,0.0
1770415540.992269,33,105,0.0,0.0,0.0,0.0,1.0,0.9999999999999999,-1.05,0.0
1770415540.993526,33,106,0.0,0.0,0.0,0.0,1.0,0.9999999999999999,-1.05,0.0
1770415540.9946876,33,107,0.0,0.0,0.0,0.0,1.0,0.9999999999999999,-1.05,0.0
1770415540.9958003,33,108,0.0,0.0,0.0,0.0,1.0,0.9999999999999999,-1.05,0.0
1770415540.9969497,33,109,0.0,0.0,0.0,0.0,1.0,0.9999999999999999,-1.05,0.0
1770415540.9980273,33,110,0.0,0.0,0.0,0.0,1.0,0.9999999999999999,-1.05,0.0
1770415540.99906,33,111,0.0,0.0,0.0,0.0,1.0,0.9999999999999999,-1.05,0.0
1770415541.0000665,33,112,0.0,0.0,0.0,0.0,1.0,0.9999999999999999,-1.05,0.0
1770415541.001004,33,113,0.0,0.0,0.0,0.0,1.0,0.9999999999999999,-1.05,0.0
1770415541.001952,33,114,0.0,0.0,0.0,0.0,1.0,0.9999999999999999,-1.05,0.0
1770415541.0029237,33,115,0.0,0.0,0.0,0.0,1.0,0.9999999999999999,-1.05,0.0
1770415541.003801,33,116,0.0,0.0,0.0,0.0,1.0,0.9999999999999999,-1.05,0.0
1770415541.0047114,33,117,0.0,0.0,0.0,0.0,1.0,0.9999999999999999,-1.05,0.0
1770415541.0059345,33,118,0.0,0.0,0.0,0.0,1.0,0.9999999999999999,-1.05,0.0
1770415541.0071907,33,119,0.0,0.0,0.0,0.0,1.0,0.9999999999999999,-1.05,0.0
1770415541.008323,33,120,0.0,0.0,0.0,0.0,1.0,0.9999999999999999,-1.05,0.0
1770415541.009369,33,121,0.0,0.0,0.0,0.0,1.0,0.9999999999999999,-1.05,0.0
1770415541.010548,33,122,0.0,0.0,0.0,0.0,1.0,0.9999999999999999,-1.05,0.0
1770415541.0119731,33,123,0.0,0.0,0.0,0.0,1.0,0.9999999999999999,-1.05,0.0
1770415541.0131154,33,124,0.0,0.0,0.0,0.0,1.0,0.9999999999999999,-1.05,0.0
1770415541.0142891,33,125,0.0,0.0,0.0,0.0,1.0,0.9999999999999999,-1.05,0.0
1770415541.0153627,33,126,0.0,0.0,0.0,0.0,1.0,0.9999999999999999,-1.05,0.0
1770415541.016476,33,127,0.0,0.0,0.0,0.0,1.0,0.9999999999999999,-1.05,0.0
1770415541.0175254,33,128,0.0,0.0,0.0,0.0,1.0,0.9999999999999999,-1.05,0.0
1770415541.0186713,33,129,0.0,0.0,0.0,0.0,1.0,0.9999999999999999,-1.05,0.0
1770415541.0196216,33,130,0.0,0.0,0.0,0.0,1.0,0.9999999999999999,-1.05,0.0
1770415541.0207665,33,131,0.0,0.0,0.0,0.0,1.0,0.9999999999999999,-1.05,0.0
1770415541.021814,33,132,0.0,0.0,0.0,0.0,1.0,0.9999999999999999,-1.05,0.0
1770415541.0229428,33,133,0.0,0.0,0.0,0.0,1.0,0.9999999999999999,-1.05,0.0
1770415541.024105,33,134,0.0,0.0,0.0,0.0,1.0,0.9999999999999999,-1.05,0.0
1770415541.0251427,33,135,0.0,0.0,0.0,0.0,1.0,0.9999999999999999,-1.05,0.0
1770415541.0263572,33,136,0.0,0.0,0.0,0.0,1.0,0.9999999999999999,-1.05,0.0
1770415541.02744,33,137,0.0,0.0,0.0,0.0,1.0,0.9999999999999999,-1.05,0.0
1770415541.0286298,33,138,0.0,0.0,0.0,0.0,1.0,0.9999999999999999,-1.05,0.0
1770415541.0296938,33,139,0.0,0.0,0.0,0.0,1.0,0.9999999999999999,-1.05,0.0
1770415541.0306222,33,140,0.0,0.0,0.0,0.0,1.0,0.9999999999999999,-1.05,0.0
1770415541.0317495,33,141,0.0,0.0,0.0,0.0,1.0,0.9999999999999999,-1.05,0.0
1770415541.032958,33,142,0.0,0.0,0.0,0.0,1.0,0.9999999999999999,-1.05,0.0
1770415541.0338619,33,143,0.0,0.0,0.0,0.0,1.0,0.9999999999999999,-1.05,0.0
1770415541.0347931,33,144,0.0,0.0,0.0,0.0,1.0,0.9999999999999999,-1.05,0.0
1770415541.0358417,33,145,0.0,0.0,0.0,0.0,1.0,0.9999999999999999,-1.05,0.0
1770415541.0369568,33,146,0.0,0.0,0.0,0.0,1.0,0.9999999999999999,-1.05,0.0
1770415541.0380147,33,147,0.0,0.0,0.0,0.0,1.0,0.9999999999999999,-1.05,0.0
1770415541.0390215,33,148,0.0,0.0,0.0,0.0,1.0,0.9999999999999999,-1.05,0.0
1770415541.0401003,33,149,0.0,0.0,0.0,0.0,1.0,0.9999999999999999,-1.05,0.0
1770415541.0411465,33,150,0.0,0.0,0.0,0.0,1.0,0.9999999999999999,-1.05,0.0
1770415541.0421805,33,151,0.0,0.0,0.0,0.0,1.0,0.9999999999999999,-1.05,0.0
1770415541.0431607,33,152,0.0,0.0,0.0,0.0,1.0,0.9999999999999999,-1.05,0.0
1770415541.044113,33,153,0.0,0.0,0.0,0.0,1.0,0.9999999999999999,-1.05,0.0
1770415541.0451653,33,154,0.0,0.0,0.0,0.0,1.0,0.9999999999999999,-1.05,0.0
1770415541.04608,33,155,0.0,0.0,0.0,0.0,1.0,0.9999999999999999,-1.05,0.0
1770415541.0470548,33,156,0.0,0.0,0.0,0.0,1.0,0.9999999999999999,-1.05,0.0
1770415541.0480917,33,157,0.0,0.0,0.0,0.0,1.0,0.9999999999999999,-1.05,0.0
1770415541.0491025,33,158,0.0,0.0,0.0,0.0,1.0,0.9999999999999999,-1.05,0.0
1770415541.0501165,33,159,0.0,0.0,0.0,0.0,1.0,0.9999999999999999,-1.05,0.0
1770415541.051016,33,160,0.0,0.0,0.0,0.0,1.0,0.9999999999999999,-1.05,0.0
1770415541.0517392,33,161,0.0,0.0,0.0,0.0,1.0,0.9999999999999999,-1.05,0.0
1770415541.052456,33,162,0.0,0.0,0.0,0.0,1.0,0.9999999999999999,-1.05,0.0
1770415541.0533695,33,163,0.0,0.0,0.0,0.0,1.0,0.9999999999999999,-1.05,0.0
1770415541.0543027,33,164,0.0,0.0,0.0,0.0,1.0,0.9999999999999999,-1.05,0.0
1770415541.055139,33,165,0.0,0.0,0.0,0.0,1.0,0.9999999999999999,-1.05,0.0
1770415541.0560076,33,166,0.0,0.0,0.0,0.0,1.0,0.9999999999999999,-1.05,0.0
1770415541.0568461,33,167,0.0,0.0,0.0,0.0,1.0,0.9999999999999999,-1.05,0.0
1770415541.0576162,33,168,0.0,0.0,0.0,0.0,1.0,0.9999999999999999,-1.05,0.0
1770415541.0586476,33,169,0.0,0.0,0.0,0.0,1.0,0.9999999999999999,-1.05,0.0
1770415541.0595949,33,170,0.0,0.0,0.0,0.0,1.0,0.9999999999999999,-1.05,0.0
1770415541.060419,33,171,0.0,0.0,0.0,0.0,1.0,0.9999999999999999,-1.05,0.0
1770415541.0611792,33,172,0.0,0.0,0.0,0.0,1.0,0.9999999999999999,-1.05,0.0
1770415541.0621057,33,173,0.0,0.0,0.0,0.0,1.0,0.9999999999999999,-1.05,0.0
1770415541.0630174,33,174,0.0,0.0,0.0,0.0,1.0,0.9999999999999999,-1.05,0.0
1770415541.0639486,33,175,0.0,0.0,0.0,0.0,1.0,0.9999999999999999,-1.05,0.0
1770415541.064706,33,176,0.0,0.0,0.0,0.0,1.0,0.9999999999999999,-1.05,0.0
1770415541.0658333,33,177,0.0,0.0,0.0,0.0,1.0,0.9999999999999999,-1.05,0.0
1770415541.0668674,33,178,0.0,0.0,0.0,0.0,1.0,0.9999999999999999,-1.05,0.0
1770415541.0680873,33,179,0.0,0.0,0.0,0.0,1.0,0.9999999999999999,-1.05,0.0
1770415541.0697577,33,180,0.0,0.0,0.0,0.0,1.0,0.9999999999999999,-1.05,0.0
1770415541.0707257,33,181,0.0,0.0,0.0,0.0,1.0,0.9999999999999999,-1.05,0.0
1770415541.0717046,33,182,0.0,0.0,0.0,0.0,1.0,0.9999999999999999,-1.05,0.0
1770415541.0726736,33,183,0.0,0.0,0.0,0.0,1.0,0.9999999999999999,-1.05,0.0
1770415541.0736635,33,184,0.0,0.0,0.0,0.0,1.0,0.9999999999999999,-1.05,0.0
1770415541.0748224,33,185,0.0,0.0,0.0,0.0,1.0,0.9999999999999999,-1.05,0.0
1770415541.0758967,33,186,0.0,0.0,0.0,0.0,1.0,0.9999999999999999,-1.05,0.0
1770415541.076893,33,187,0.0,0.0,0.0,0.0,1.0,0.9999999999999999,-1.05,0.0
1770415541.0778077,33,188,0.0,0.0,0.0,0.0,1.0,0.9999999999999999,-1.05,0.0
1770415541.078938,33,189,0.0,0.0,0.0,0.0,1.0,0.9999999999999999,-1.05,0.0
1770415541.0799952,33,190,0.0,0.0,0.0,0.0,1.0,0.9999999999999999,-1.05,0.0
1770415541.0810566,33,191,0.0,0.0,0.0,0.0,1.0,0.9999999999999999,-1.05,0.0
1770415541.082027,33,192,0.0,0.0,0.0,0.0,1.0,0.9999999999999999,-1.05,0.0
1770415541.08314,33,193,0.0,0.0,0.0,0.0,1.0,0.9999999999999999,-1.05,0.0
1770415541.084225,33,194,0.0,0.0,0.0,0.0,1.0,0.9999999999999999,-1.05,0.0
1770415541.0853727,33,195,0.0,0.0,0.0,0.0,1.0,0.9999999999999999,-1.05,0.0
1770415541.0865548,33,196,0.0,0.0,0.0,0.0,1.0,0.9999999999999999,-1.05,0.0
1770415541.087743,33,197,0.0,0.0,0.0,0.0,1.0,0.9999999999999999,-1.05,0.0
1770415541.0887682,33,198,0.0,0.0,0.0,0.0,1.0,0.9999999999999999,-1.05,0.0
1770415541.0899692,33,199,0.0,0.0,0.0,0.0,1.0,0.9999999999999999,-1.05,0.0
1770415541.0910196,33,200,0.0,0.0,0.0,0.0,1.0,0.9999999999999999,-1.05,0.0
1770415541.1369023,34,0,0.0,0.0,0.0,0.0,1.0,0.0,0.0,0.0
1770415541.1383462,34,1,0.0,0.0,0.0,0.0,1.0,0.9999999999999999,-0.049999999999999996,0.0
1770415541.139396,34,2,0.0,0.0,0.0,0.0,1.0,0.9999999999999999,-0.049999999999999996,0.0
1770415541.1401906,34,3,0.0,0.0,0.0,0.0,1.0,0.9999999999999999,-0.049999999999999996,0.0
1770415541.1410892,34,4,0.0,0.0,0.0,0.0,1.0,0.9999999999999999,-0.049999999999999996,0.0
1770415541.1419795,34,5,0.0,0.0,0.0,0.0,1.0,0.9999999999999999,-0.049999999999999996,0.0
1770415541.142795,34,6,0.0,0.0,0.0,0.0,1.0,0.9999999999999999,-1.05,0.0
1770415541.1437895,34,7,0.0,0.0,0.0,0.0,1.0,0.9999999999999999,-1.05,0.0
1770415541.1452353,34,8,0.0,0.0,0.0,0.0,1.0,0.9999999999999999,-1.05,0.0
1770415541.1462252,34,9,0.0,0.0,0.0,0.0,1.0,0.9999999999999999,-1.05,0.0
1770415541.1471674,34,10,0.0,0.0,0.0,0.0,1.0,0.9999999999999999,-1.05,0.0
1770415541.148256,34,11,0.0,0.0,0.0,0.0,1.0,0.9999999999999999,-1.05,0.0
1770415541.1496842,34,12,0.0,0.0,0.0,0.0,1.0,0.9999999999999999,-1.05,0.0
1770415541.1510632,34,13,0.0,0.0,0.0,0.0,1.0,0.9999999999999999,-1.05,0.0
1770415541.1530108,34,14,0.0,0.0,0.0,0.0,1.0,0.9999999999999999,-1.05,0.0
1770415541.154929,34,15,0.0,0.0,0.0,0.0,1.0,0.9999999999999999,-1.05,0.0
1770415541.1572108,34,16,0.0,0.0,0.0,0.0,1.0,0.9999999999999999,-1.05,0.0
1770415541.1593668,34,17,0.0,0.0,0.0,0.0,1.0,0.9999999999999999,-1.05,0.0
1770415541.1613724,34,18,0.0,0.0,0.0,0.0,1.0,0.9999999999999999,-1.05,0.0
1770415541.163318,34,19,0.0,0.0,0.0,0.0,1.0,0.9999999999999999,-1.05,0.0
1770415541.1645591,34,20,0.0,0.0,0.0,0.0,1.0,0.9999999999999999,-1.05,0.0
1770415541.165725,34,21,0.0,0.0,0.0,0.0,1.0,0.9999999999999999,-1.05,0.0
1770415541.1666954,34,22,0.0,0.0,0.0,0.0,1.0,0.9999999999999999,-1.05,0.0
1770415541.1676104,34,23,0.0,0.0,0.0,0.0,1.0,0.9999999999999999,-1.05,0.0
1770415541.1686165,34,24,0.0,0.0,0.0,0.0,1.0,0.9999999999999999,-1.05,0.0
1770415541.1697943,34,25,0.0,0.0,0.0,0.0,1.0,0.9999999999999999,-1.05,0.0
1770415541.1709476,34,26,0.0,0.0,0.0,0.0,1.0,0.9999999999999999,-1.05,0.0
1770415541.1720195,34,27,0.0,0.0,0.0,0.0,1.0,0.9999999999999999,-1.05,0.0
1770415541.173056,34,28,0.0,0.0,0.0,0.0,1.0,0.9999999999999999,-1.05,0.0
1770415541.1742342,34,29,0.0,0.0,0.0,0.0,1.0,0.9999999999999999,-1.05,0.0
1770415541.1756191,34,30,0.0,0.0,0.0,0.0,1.0,0.9999999999999999,-1.05,0.0
1770415541.1768959,34,31,0.0,0.0,0.0,0.0,1.0,0.9999999999999999,-1.05,0.0
1770415541.178018,34,32,0.0,0.0,0.0,0.0,1.0,0.9999999999999999,-1.05,0.0
1770415541.1791067,34,33,0.0,0.0,0.0,0.0,1.0,0.9999999999999999,-1.05,0.0
1770415541.179977,34,34,0.0,0.0,0.0,0.0,1.0,0.9999999999999999,-1.05,0.0
1770415541.1807737,34,35,0.0,0.0,0.0,0.0,1.0,0.9999999999999999,-1.05,0.0
1770415541.1816566,34,36,0.0,0.0,0.0,0.0,1.0,0.9999999999999999,-1.05,0.0
1770415541.1825118,34,37,0.0,0.0,0.0,0.0,1.0,0.9999999999999999,-1.05,0.0
1770415541.1835434,34,38,0.0,0.0,0.0,0.0,1.0,0.9999999999999999,-1.05,0.0
1770415541.1845086,34,39,0.0,0.0,0.0,0.0,1.0,0.9999999999999999,-1.05,0.0
1770415541.1852784,34,40,0.0,0.0,0.0,0.0,1.0,0.9999999999999999,-1.05,0.0
1770415541.1861506,34,41,0.0,0.0,0.0,0.0,1.0,0.9999999999999999,-1.05,0.0
1770415541.1870565,34,42,0.0,0.0,0.0,0.0,1.0,0.9999999999999999,-1.05,0.0
1770415541.1879797,34,43,0.0,0.0,0.0,0.0,1.0,0.9999999999999999,-1.05,0.0
1770415541.1893704,34,44,0.0,0.0,0.0,0.0,1.0,0.9999999999999999,-1.05,0.0
1770415541.1905959,34,45,0.0,0.0,0.0,0.0,1.0,0.9999999999999999,-1.05,0.0
1770415541.1916182,34,46,0.0,0.0,0.0,0.0,1.0,0.9999999999999999,-1.05,0.0
1770415541.1927028,34,47,0.0,0.0,0.0,0.0,1.0,0.9999999999999999,-1.05,0.0
1770415541.1937263,34,48,0.0,0.0,0.0,0.0,1.0,0.9999999999999999,-1.05,0.0
1770415541.1945698,34,49,0.0,0.0,0.0,0.0,1.0,0.9999999999999999,-1.05,0.0
1770415541.195552,34,50,0.0,0.0,0.0,0.0,1.0,0.9999999999999999,-1.05,0.0
1770415541.196543,34,51,0.0,0.0,0.0,0.0,1.0,0.9999999999999999,-1.05,0.0
1770415541.197664,34,52,0.0,0.0,0.0,0.0,1.0,0.9999999999999999,-1.05,0.0
1770415541.198811,34,53,0.0,0.0,0.0,0.0,1.0,0.9999999999999999,-1.05,0.0
1770415541.1998012,34,54,0.0,0.0,0.0,0.0,1.0,0.9999999999999999,-1.05,0.0
1770415541.2007926,34,55,0.0,0.0,0.0,0.0,1.0,0.9999999999999999,-1.05,0.0
1770415541.2016065,34,56,0.0,0.0,0.0,0.0,1.0,0.9999999999999999,-1.05,0.0
1770415541.2025485,34,57,0.0,0.0,0.0,0.0,1.0,0.9999999999999999,-1.05,0.0
1770415541.2036529,34,58,0.0,0.0,0.0,0.0,1.0,0.9999999999999999,-1.05,0.0
1770415541.2046037,34,59,0.0,0.0,0.0,0.0,1.0,0.9999999999999999,-1.05,0.0
1770415541.2056289,34,60,0.0,0.0,0.0,0.0,1.0,0.9999999999999999,-1.05,0.0
1770415541.2066534,34,61,0.0,0.0,0.0,0.0,1.0,0.9999999999999999,-1.05,0.0
1770415541.2078044,34,62,0.0,0.0,0.0,0.0,1.0,0.9999999999999999,-1.05,0.0
1770415541.2090387,34,63,0.0,0.0,0.0,0.0,1.0,0.9999999999999999,-1.05,0.0
1770415541.2099602,34,64,0.0,0.0,0.0,0.0,1.0,0.9999999999999999,-1.05,0.0
1770415541.2108307,34,65,0.0,0.0,0.0,0.0,1.0,0.9999999999999999,-1.05,0.0
1770415541.2119951,34,66,0.0,0.0,0.0,0.0,1.0,0.9999999999999999,-1.05,0.0
1770415541.2129288,34,67,0.0,0.0,0.0,0.0,1.0,0.9999999999999999,-1.05,0.0
1770415541.2136252,34,68,0.0,0.0,0.0,0.0,1.0,0.9999999999999999,-1.05,0.0
1770415541.2147825,34,69,0.0,0.0,0.0,0.0,1.0,0.9999999999999999,-1.05,0.0
1770415541.2158167,34,70,0.0,0.0,0.0,0.0,1.0,0.9999999999999999,-1.05,0.0
1770415541.2168224,34,71,0.0,0.0,0.0,0.0,1.0,0.9999999999999999,-1.05,0.0
1770415541.2180603,34,72,0.0,0.0,0.0,0.0,1.0,0.9999999999999999,-1.05,0.0
1770415541.2191973,34,73,0.0,0.0,0.0,0.0,1.0,0.9999999999999999,-1.05,0.0
1770415541.2201986,34,74,0.0,0.0,0.0,0.0,1.0,0.9999999999999999,-1.05,0.0
1770415541.221279,34,75,0.0,0.0,0.0,0.0,1.0,0.9999999999999999,-1.05,0.0
1770415541.2222068,34,76,0.0,0.0,0.0,0.0,1.0,0.9999999999999999,-1.05,0.0
1770415541.223215,34,77,0.0,0.0,0.0,0.0,1.0,0.9999999999999999,-1.05,0.0
1770415541.2241857,34,78,0.0,0.0,0.0,0.0,1.0,0.9999999999999999,-1.05,0.0
1770415541.225127,34,79,0.0,0.0,0.0,0.0,1.0,0.9999999999999999,-1.05,0.0
1770415541.2261307,34,80,0.0,0.0,0.0,0.0,1.0,0.9999999999999999,-1.05,0.0
1770415541.227319,34,81,0.0,0.0,0.0,0.0,1.0,0.9999999999999999,-1.05,0.0
1770415541.2286642,34,82,0.0,0.0,0.0,0.0,1.0,0.9999999999999999,-1.05,0.0
1770415541.2300885,34,83,0.0,0.0,0.0,0.0,1.0,0.9999999999999999,-1.05,0.0
1770415541.2313387,34,84,0.0,0.0,0.0,0.0,1.0,0.9999999999999999,-1.05,0.0
1770415541.2325478,34,85,0.0,0.0,0.0,0.0,1.0,0.9999999999999999,-1.05,0.0
1770415541.2335231,34,86,0.0,0.0,0.0,0.0,1.0,0.9999999999999999,-1.05,0.0
1770415541.2346733,34,87,0.0,0.0,0.0,0.0,1.0,0.9999999999999999,-1.05,0.0
1770415541.2356796,34,88,0.0,0.0,0.0,0.0,1.0,0.9999999999999999,-1.05,0.0
1770415541.2365587,34,89,0.0,0.0,0.0,0.0,1.0,0.9999999999999999,-1.05,0.0
1770415541.2386084,34,90,0.0,0.0,0.0,0.0,1.0,0.9999999999999999,-1.05,0.0
1770415541.2404954,34,91,0.0,0.0,0.0,0.0,1.0,0.9999999999999999,-1.05,0.0
1770415541.242155,34,92,0.0,0.0,0.0,0.0,1.0,0.9999999999999999,-1.05,0.0
1770415541.243892,34,93,0.0,0.0,0.0,0.0,1.0,0.9999999999999999,-1.05,0.0
1770415541.2458096,34,94,0.0,0.0,0.0,0.0,1.0,0.9999999999999999,-1.05,0.0
1770415541.2478046,34,95,0.0,0.0,0.0,0.0,1.0,0.9999999999999999,-1.05,0.0
1770415541.2496428,34,96,0.0,0.0,0.0,0.0,1.0,0.9999999999999999,-1.05,0.0
1770415541.2508314,34,97,0.0,0.0,0.0,0.0,1.0,0.9999999999999999,-1.05,0.0
1770415541.2519503,34,98,0.0,0.0,0.0,0.0,1.0,0.9999999999999999,-1.05,0.0
1770415541.2533324,34,99,0.0,0.0,0.0,0.0,1.0,0.9999999999999999,-1.05,0.0
1770415541.2545543,34,100,0.0,0.0,0.0,0.0,1.0,0.9999999999999999,-1.05,0.0
1770415541.2554193,34,101,0.0,0.0,0.0,0.0,1.0,0.9999999999999999,-1.05,0.0
1770415541.2566495,34,102,0.0,0.0,0.0,0.0,1.0,0.9999999999999999,-1.05,0.0
1770415541.257944,34,103,0.0,0.0,0.0,0.0,1.0,0.9999999999999999,-1.05,0.0
1770415541.2591217,34,104,0.0,0.0,0.0,0.0,1.0,0.9999999999999999,-1.05,0.0
1770415541.2603486,34,105,0.0,0.0,0.0,0.0,1.0,0.9999999999999999,-1.05,0.0
1770415541.2616534,34,106,0.0,0.0,0.0,0.0,1.0,0.9999999999999999,-1.05,0.0
1770415541.2629952,34,107,0.0,0.0,0.0,0.0,1.0,0.9999999999999999,-1.05,0.0
1770415541.264216,34,108,0.0,0.0,0.0,0.0,1.0,0.9999999999999999,-1.05,0.0
1770415541.265373,34,109,0.0,0.0,0.0,0.0,1.0,0.9999999999999999,-1.05,0.0
1770415541.2663589,34,110,0.0,0.0,0.0,0.0,1.0,0.9999999999999999,-1.05,0.0
1770415541.2672787,34,111,0.0,0.0,0.0,0.0,1.0,0.9999999999999999,-1.05,0.0
1770415541.2682428,34,112,0.0,0.0,0.0,0.0,1.0,0.9999999999999999,-1.05,0.0
1770415541.269181,34,113,0.0,0.0,0.0,0.0,1.0,0.9999999999999999,-1.05,0.0
1770415541.2701852,34,114,0.0,0.0,0.0,0.0,1.0,0.9999999999999999,-1.05,0.0
1770415541.2711413,34,115,0.0,0.0,0.0,0.0,1.0,0.9999999999999999,-1.05,0.0
1770415541.2723155,34,116,0.0,0.0,0.0,0.0,1.0,0.9999999999999999,-1.05,0.0
1770415541.2735283,34,117,0.0,0.0,0.0,0.0,1.0,0.9999999999999999,-1.05,0.0
1770415541.2744887,34,118,0.0,0.0,0.0,0.0,1.0,0.9999999999999999,-1.05,0.0
1770415541.2755206,34,119,0.0,0.0,0.0,0.0,1.0,0.9999999999999999,-1.05,0.0
1770415541.2765198,34,120,0.0,0.0,0.0,0.0,1.0,0.9999999999999999,-1.05,0.0
1770415541.277691,34,121,0.0,0.0,0.0,0.0,1.0,0.9999999999999999,-1.05,0.0
1770415541.2793837,34,122,0.0,0.0,0.0,0.0,1.0,0.9999999999999999,-1.05,0.0
1770415541.2813883,34,123,0.0,0.0,0.0,0.0,1.0,0.9999999999999999,-1.05,0.0
1770415541.283148,34,124,0.0,0.0,0.0,0.0,1.0,0.9999999999999999,-1.05,0.0
1770415541.2849245,34,125,0.0,0.0,0.0,0.0,1.0,0.9999999999999999,-1.05,0.0
1770415541.2869754,34,126,0.0,0.0,0.0,0.0,1.0,0.9999999999999999,-1.05,0.0
1770415541.288893,34,127,0.0,0.0,0.0,0.0,1.0,0.9999999999999999,-1.05,0.0
1770415541.2906966,34,128,0.0,0.0,0.0,0.0,1.0,0.9999999999999999,-1.05,0.0
1770415541.2919393,34,129,0.0,0.0,0.0,0.0,1.0,0.9999999999999999,-1.05,0.0
1770415541.2930756,34,130,0.0,0.0,0.0,0.0,1.0,0.9999999999999999,-1.05,0.0
1770415541.294312,34,131,0.0,0.0,0.0,0.0,1.0,0.9999999999999999,-1.05,0.0
1770415541.2954009,34,132,0.0,0.0,0.0,0.0,1.0,0.9999999999999999,-1.05,0.0
1770415541.296412,34,133,0.0,0.0,0.0,0.0,1.0,0.9999999999999999,-1.05,0.0
1770415541.2975364,34,134,0.0,0.0,0.0,0.0,1.0,0.9999999999999999,-1.05,0.0
1770415541.2986014,34,135,0.0,0.0,0.0,0.0,1.0,0.9999999999999999,-1.05,0.0
1770415541.2996614,34,136,0.0,0.0,0.0,0.0,1.0,0.9999999999999999,-1.05,0.0
1770415541.3007581,34,137,0.0,0.0,0.0,0.0,1.0,0.9999999999999999,-1.05,0.0
1770415541.3019838,34,138,0.0,0.0,0.0,0.0,1.0,0.9999999999999999,-1.05,0.0
1770415541.302818,34,139,0.0,0.0,0.0,0.0,1.0,0.9999999999999999,-1.05,0.0
1770415541.3039224,34,140,0.0,0.0,0.0,0.0,1.0,0.9999999999999999,-1.05,0.0
1770415541.3050761,34,141,0.0,0.0,0.0,0.0,1.0,0.9999999999999999,-1.05,0.0
1770415541.3061125,34,142,0.0,0.0,0.0,0.0,1.0,0.9999999999999999,-1.05,0.0
1770415541.3072076,34,143,0.0,0.0,0.0,0.0,1.0,0.9999999999999999,-1.05,0.0
1770415541.3083038,34,144,0.0,0.0,0.0,0.0,1.0,0.9999999999999999,-1.05,0.0
1770415541.3094106,34,145,0.0,0.0,0.0,0.0,1.0,0.9999999999999999,-1.05,0.0
1770415541.3105419,34,146,0.0,0.0,0.0,0.0,1.0,0.9999999999999999,-1.05,0.0
1770415541.3118317,34,147,0.0,0.0,0.0,0.0,1.0,0.9999999999999999,-1.05,0.0
1770415541.3130188,34,148,0.0,0.0,0.0,0.0,1.0,0.9999999999999999,-1.05,0.0
1770415541.3140461,34,149,0.0,0.0,0.0,0.0,1.0,0.9999999999999999,-1.05,0.0
1770415541.315136,34,150,0.0,0.0,0.0,0.0,1.0,0.9999999999999999,-1.05,0.0
1770415541.3162024,34,151,0.0,0.0,0.0,0.0,1.0,0.9999999999999999,-1.05,0.0
1770415541.317185,34,152,0.0,0.0,0.0,0.0,1.0,0.9999999999999999,-1.05,0.0
1770415541.3181555,34,153,0.0,0.0,0.0,0.0,1.0,0.9999999999999999,-1.05,0.0
1770415541.3193467,34,154,0.0,0.0,0.0,0.0,1.0,0.9999999999999999,-1.05,0.0
1770415541.3203454,34,155,0.0,0.0,0.0,0.0,1.0,0.9999999999999999,-1.05,0.0
1770415541.3214226,34,156,0.0,0.0,0.0,0.0,1.0,0.9999999999999999,-1.05,0.0
1770415541.3224409,34,157,0.0,0.0,0.0,0.0,1.0,0.9999999999999999,-1.05,0.0
1770415541.3235767,34,158,0.0,0.0,0.0,0.0,1.0,0.9999999999999999,-1.05,0.0
1770415541.324555,34,159,0.0,0.0,0.0,0.0,1.0,0.9999999999999999,-1.05,0.0
1770415541.3255196,34,160,0.0,0.0,0.0,0.0,1.0,0.9999999999999999,-1.05,0.0
1770415541.3264954,34,161,0.0,0.0,0.0,0.0,1.0,0.9999999999999999,-1.05,0.0
1770415541.3275414,34,162,0.0,0.0,0.0,0.0,1.0,0.9999999999999999,-1.05,0.0
1770415541.3284812,34,163,0.0,0.0,0.0,0.0,1.0,0.9999999999999999,-1.05,0.0
1770415541.3293986,34,164,0.0,0.0,0.0,0.0,1.0,0.9999999999999999,-1.05,0.0
1770415541.3304007,34,165,0.0,0.0,0.0,0.0,1.0,0.9999999999999999,-1.05,0.0
1770415541.3315847,34,166,0.0,0.0,0.0,0.0,1.0,0.9999999999999999,-1.05,0.0
1770415541.3328192,34,167,0.0,0.0,0.0,0.0,1.0,0.9999999999999999,-1.05,0.0
1770415541.334054,34,168,0.0,0.0,0.0,0.0,1.0,0.9999999999999999,-1.05,0.0
1770415541.3352058,34,169,0.0,0.0,0.0,0.0,1.0,0.9999999999999999,-1.05,0.0
1770415541.336326,34,170,0.0,0.0,0.0,0.0,1.0,0.9999999999999999,-1.05,0.0
1770415541.337579,34,171,0.0,0.0,0.0,0.0,1.0,0.9999999999999999,-1.05,0.0
1770415541.338567,34,172,0.0,0.0,0.0,0.0,1.0,0.9999999999999999,-1.05,0.0
1770415541.3395064,34,173,0.0,0.0,0.0,0.0,1.0,0.9999999999999999,-1.05,0.0
1770415541.3404062,34,174,0.0,0.0,0.0,0.0,1.0,0.9999999999999999,-1.05,0.0
1770415541.3414614,34,175,0.0,0.0,0.0,0.0,1.0,0.9999999999999999,-1.05,0.0
1770415541.3425436,34,176,0.0,0.0,0.0,0.0,1.0,0.9999999999999999,-1.05,0.0
1770415541.3437202,34,177,0.0,0.0,0.0,0.0,1.0,0.9999999999999999,-1.05,0.0
1770415541.3448658,34,178,0.0,0.0,0.0,0.0,1.0,0.9999999999999999,-1.05,0.0
1770415541.3460093,34,179,0.0,0.0,0.0,0.0,1.0,0.9999999999999999,-1.05,0.0
1770415541.3470416,34,180,0.0,0.0,0.0,0.0,1.0,0.9999999999999999,-1.05,0.0
1770415541.348243,34,181,0.0,0.0,0.0,0.0,1.0,0.9999999999999999,-1.05,0.0
1770415541.349202,34,182,0.0,0.0,0.0,0.0,1.0,0.9999999999999999,-1.05,0.0
1770415541.3501506,34,183,0.0,0.0,0.0,0.0,1.0,0.9999999999999999,-1.05,0.0
1770415541.3511517,34,184,0.0,0.0,0.0,0.0,1.0,0.9999999999999999,-1.05,0.0
1770415541.3521202,34,185,0.0,0.0,0.0,0.0,1.0,0.9999999999999999,-1.05,0.0
1770415541.3531475,34,186,0.0,0.0,0.0,0.0,1.0,0.9999999999999999,-1.05,0.0
1770415541.3540375,34,187,0.0,0.0,0.0,0.0,1.0,0.9999999999999999,-1.05,0.0
1770415541.3547418,34,188,0.0,0.0,0.0,0.0,1.0,0.9999999999999999,-1.05,0.0
1770415541.3558457,34,189,0.0,0.0,0.0,0.0,1.0,0.9999999999999999,-1.05,0.0
1770415541.356817,34,190,0.0,0.0,0.0,0.0,1.0,0.9999999999999999,-1.05,0.0
1770415541.3576987,34,191,0.0,0.0,0.0,0.0,1.0,0.9999999999999999,-1.05,0.0
1770415541.3587067,34,192,0.0,0.0,0.0,0.0,1.0,0.9999999999999999,-1.05,0.0
1770415541.359643,34,193,0.0,0.0,0.0,0.0,1.0,0.9999999999999999,-1.05,0.0
1770415541.3606155,34,194,0.0,0.0,0.0,0.0,1.0,0.9999999999999999,-1.05,0.0
1770415541.3616126,34,195,0.0,0.0,0.0,0.0,1.0,0.9999999999999999,-1.05,0.0
1770415541.3625662,34,196,0.0,0.0,0.0,0.0,1.0,0.9999999999999999,-1.05,0.0
1770415541.3634505,34,197,0.0,0.0,0.0,0.0,1.0,0.9999999999999999,-1.05,0.0
1770415541.3645778,34,198,0.0,0.0,0.0,0.0,1.0,0.9999999999999999,-1.05,0.0
1770415541.3654323,34,199,0.0,0.0,0.0,0.0,1.0,0.9999999999999999,-1.05,0.0
1770415541.3663578,34,200,0.0,0.0,0.0,0.0,1.0,0.9999999999999999,-1.05,0.0
1770415541.41402,35,0,0.0,0.0,0.0,0.0,1.0,0.0,0.0,0.0
1770415541.4151492,35,1,0.0,0.0,0.0,0.0,1.0,0.9999999999999999,-0.049999999999999996,0.0
1770415541.4162388,35,2,0.0,0.0,0.0,0.0,1.0,0.9999999999999999,-0.049999999999999996,0.0
1770415541.4173353,35,3,0.0,0.0,0.0,0.0,1.0,0.9999999999999999,-0.049999999999999996,0.0
1770415541.4184265,35,4,0.0,0.0,0.0,0.0,1.0,0.9999999999999999,-0.049999999999999996,0.0
1770415541.4197617,35,5,0.0,0.0,0.0,0.0,1.0,0.9999999999999999,-0.049999999999999996,0.0
1770415541.4210246,35,6,0.0,0.0,0.0,0.0,1.0,0.9999999999999999,-1.05,0.0
1770415541.4220085,35,7,0.0,0.0,0.0,0.0,1.0,0.9999999999999999,-1.05,0.0
1770415541.4228954,35,8,0.0,0.0,0.0,0.0,1.0,0.9999999999999999,-1.05,0.0
1770415541.423813,35,9,0.0,0.0,0.0,0.0,1.0,0.9999999999999999,-1.05,0.0
1770415541.4248,35,10,0.0,0.0,0.0,0.0,1.0,0.9999999999999999,-1.05,0.0
1770415541.4258657,35,11,0.0,0.0,0.0,0.0,1.0,0.9999999999999999,-1.05,0.0
1770415541.42685,35,12,0.0,0.0,0.0,0.0,1.0,0.9999999999999999,-1.05,0.0
1770415541.4278088,35,13,0.0,0.0,0.0,0.0,1.0,0.9999999999999999,-1.05,0.0
1770415541.4287057,35,14,0.0,0.0,0.0,0.0,1.0,0.9999999999999999,-1.05,0.0
1770415541.4297316,35,15,0.0,0.0,0.0,0.0,1.0,0.9999999999999999,-1.05,0.0
1770415541.4309711,35,16,0.0,0.0,0.0,0.0,1.0,0.9999999999999999,-1.05,0.0
1770415541.4320445,35,17,0.0,0.0,0.0,0.0,1.0,0.9999999999999999,-1.05,0.0
1770415541.433009,35,18,0.0,0.0,0.0,0.0,1.0,0.9999999999999999,-1.05,0.0
1770415541.434197,35,19,0.0,0.0,0.0,0.0,1.0,0.9999999999999999,-1.05,0.0
1770415541.4352236,35,20,0.0,0.0,0.0,0.0,1.0,0.9999999999999999,-1.05,0.0
1770415541.4361532,35,21,0.0,0.0,0.0,0.0,1.0,0.9999999999999999,-1.05,0.0
1770415541.437059,35,22,0.0,0.0,0.0,0.0,1.0,0.9999999999999999,-1.05,0.0
1770415541.4380596,35,23,0.0,0.0,0.0,0.0,1.0,0.9999999999999999,-1.05,0.0
1770415541.439137,35,24,0.0,0.0,0.0,0.0,1.0,0.9999999999999999,-1.05,0.0
1770415541.4400063,35,25,0.0,0.0,0.0,0.0,1.0,0.9999999999999999,-1.05,0.0
1770415541.4411566,35,26,0.0,0.0,0.0,0.0,1.0,0.9999999999999999,-1.05,0.0
1770415541.4423265,35,27,0.0,0.0,0.0,0.0,1.0,0.9999999999999999,-1.05,0.0
1770415541.4435616,35,28,0.0,0.0,0.0,0.0,1.0,0.9999999999999999,-1.05,0.0
1770415541.4447258,35,29,0.0,0.0,0.0,0.0,1.0,0.9999999999999999,-1.05,0.0
1770415541.4456475,35,30,0.0,0.0,0.0,0.0,1.0,0.9999999999999999,-1.05,0.0
1770415541.4465032,35,31,0.0,0.0,0.0,0.0,1.0,0.9999999999999999,-1.05,0.0
1770415541.4475365,35,32,0.0,0.0,0.0,0.0,1.0,0.9999999999999999,-1.05,0.0
1770415541.4485104,35,33,0.0,0.0,0.0,0.0,1.0,0.9999999999999999,-1.05,0.0
1770415541.4496384,35,34,0.0,0.0,0.0,0.0,1.0,0.9999999999999999,-1.05,0.0
1770415541.4507098,35,35,0.0,0.0,0.0,0.0,1.0,0.9999999999999999,-1.05,0.0
1770415541.4526849,35,36,0.0,0.0,0.0,0.0,1.0,0.9999999999999999,-1.05,0.0
1770415541.454444,35,37,0.0,0.0,0.0,0.0,1.0,0.9999999999999999,-1.05,0.0
1770415541.456354,35,38,0.0,0.0,0.0,0.0,1.0,0.9999999999999999,-1.05,0.0
1770415541.458616,35,39,0.0,0.0,0.0,0.0,1.0,0.9999999999999999,-1.05,0.0
1770415541.4606545,35,40,0.0,0.0,0.0,0.0,1.0,0.9999999999999999,-1.05,0.0
1770415541.4627652,35,41,0.0,0.0,0.0,0.0,1.0,0.9999999999999999,-1.05,0.0
1770415541.4648097,35,42,0.0,0.0,0.0,0.0,1.0,0.9999999999999999,-1.05,0.0
1770415541.466551,35,43,0.0,0.0,0.0,0.0,1.0,0.9999999999999999,-1.05,0.0
1770415541.468175,35,44,0.0,0.0,0.0,0.0,1.0,0.9999999999999999,-1.05,0.0
1770415541.470078,35,45,0.0,0.0,0.0,0.0,1.0,0.9999999999999999,-1.05,0.0
1770415541.472226,35,46,0.0,0.0,0.0,0.0,1.0,0.9999999999999999,-1.05,0.0
1770415541.4742167,35,47,0.0,0.0,0.0,0.0,1.0,0.9999999999999999,-1.05,0.0
1770415541.476315,35,48,0.0,0.0,0.0,0.0,1.0,0.9999999999999999,-1.05,0.0
1770415541.4781888,35,49,0.0,0.0,0.0,0.0,1.0,0.9999999999999999,-1.05,0.0
1770415541.4802144,35,50,0.0,0.0,0.0,0.0,1.0,0.9999999999999999,-1.05,0.0
1770415541.4821727,35,51,0.0,0.0,0.0,0.0,1.0,0.9999999999999999,-1.05,0.0
1770415541.484194,35,52,0.0,0.0,0.0,0.0,1.0,0.9999999999999999,-1.05,0.0
1770415541.4860733,35,53,0.0,0.0,0.0,0.0,1.0,0.9999999999999999,-1.05,0.0
1770415541.4876359,35,54,0.0,0.0,0.0,0.0,1.0,0.9999999999999999,-1.05,0.0
1770415541.4895499,35,55,0.0,0.0,0.0,0.0,1.0,0.9999999999999999,-1.05,0.0
1770415541.491462,35,56,0.0,0.0,0.0,0.0,1.0,0.9999999999999999,-1.05,0.0
1770415541.4934607,35,57,0.0,0.0,0.0,0.0,1.0,0.9999999999999999,-1.05,0.0
1770415541.4953594,35,58,0.0,0.0,0.0,0.0,1.0,0.9999999999999999,-1.05,0.0
1770415541.497217,35,59,0.0,0.0,0.0,0.0,1.0,0.9999999999999999,-1.05,0.0
1770415541.4993205,35,60,0.0,0.0,0.0,0.0,1.0,0.9999999999999999,-1.05,0.0
1770415541.5012715,35,61,0.0,0.0,0.0,0.0,1.0,0.9999999999999999,-1.05,0.0
1770415541.5029204,35,62,0.0,0.0,0.0,0.0,1.0,0.9999999999999999,-1.05,0.0
1770415541.504627,35,63,0.0,0.0,0.0,0.0,1.0,0.9999999999999999,-1.05,0.0
1770415541.5065682,35,64,0.0,0.0,0.0,0.0,1.0,0.9999999999999999,-1.05,0.0
1770415541.5082242,35,65,0.0,0.0,0.0,0.0,1.0,0.9999999999999999,-1.05,0.0
1770415541.510209,35,66,0.0,0.0,0.0,0.0,1.0,0.9999999999999999,-1.05,0.0
1770415541.5118055,35,67,0.0,0.0,0.0,0.0,1.0,0.9999999999999999,-1.05,0.0
1770415541.513097,35,68,0.0,0.0,0.0,0.0,1.0,0.9999999999999999,-1.05,0.0
1770415541.5142567,35,69,0.0,0.0,0.0,0.0,1.0,0.9999999999999999,-1.05,0.0
1770415541.5155447,35,70,0.0,0.0,0.0,0.0,1.0,0.9999999999999999,-1.05,0.0
1770415541.5168414,35,71,0.0,0.0,0.0,0.0,1.0,0.9999999999999999,-1.05,0.0
1770415541.5187662,35,72,0.0,0.0,0.0,0.0,1.0,0.9999999999999999,-1.05,0.0
1770415541.520553,35,73,0.0,0.0,0.0,0.0,1.0,0.9999999999999999,-1.05,0.0
1770415541.522614,35,74,0.0,0.0,0.0,0.0,1.0,0.9999999999999999,-1.05,0.0
1770415541.5238261,35,75,0.0,0.0,0.0,0.0,1.0,0.9999999999999999,-1.05,0.0
1770415541.5250328,35,76,0.0,0.0,0.0,0.0,1.0,0.9999999999999999,-1.05,0.0
1770415541.5261302,35,77,0.0,0.0,0.0,0.0,1.0,0.9999999999999999,-1.05,0.0
1770415541.5272572,35,78,0.0,0.0,0.0,0.0,1.0,0.9999999999999999,-1.05,0.0
1770415541.5285063,35,79,0.0,0.0,0.0,0.0,1.0,0.9999999999999999,-1.05,0.0
1770415541.5295358,35,80,0.0,0.0,0.0,0.0,1.0,0.9999999999999999,-1.05,0.0
1770415541.5305293,35,81,0.0,0.0,0.0,0.0,1.0,0.9999999999999999,-1.05,0.0
1770415541.5315037,35,82,0.0,0.0,0.0,0.0,1.0,0.9999999999999999,-1.05,0.0
1770415541.5324686,35,83,0.0,0.0,0.0,0.0,1.0,0.9999999999999999,-1.05,0.0
1770415541.5336607,35,84,0.0,0.0,0.0,0.0,1.0,0.9999999999999999,-1.05,0.0
1770415541.5350296,35,85,0.0,0.0,0.0,0.0,1.0,0.9999999999999999,-1.05,0.0
1770415541.5360086,35,86,0.0,0.0,0.0,0.0,1.0,0.9999999999999999,-1.05,0.0
1770415541.5369143,35,87,0.0,0.0,0.0,0.0,1.0,0.9999999999999999,-1.05,0.0
1770415541.5378609,35,88,0.0,0.0,0.0,0.0,1.0,0.9999999999999999,-1.05,0.0
1770415541.5387416,35,89,0.0,0.0,0.0,0.0,1.0,0.9999999999999999,-1.05,0.0
1770415541.5397577,35,90,0.0,0.0,0.0,0.0,1.0,0.9999999999999999,-1.05,0.0
1770415541.5408535,35,91,0.0,0.0,0.0,0.0,1.0,0.9999999999999999,-1.05,0.0
1770415541.542003,35,92,0.0,0.0,0.0,0.0,1.0,0.9999999999999999,-1.05,0.0
1770415541.5430758,35,93,0.0,0.0,0.0,0.0,1.0,0.9999999999999999,-1.05,0.0
1770415541.544161,35,94,0.0,0.0,0.0,0.0,1.0,0.9999999999999999,-1.05,0.0
1770415541.5451488,35,95,0.0,0.0,0.0,0.0,1.0,0.9999999999999999,-1.05,0.0
1770415541.5461488,35,96,0.0,0.0,0.0,0.0,1.0,0.9999999999999999,-1.05,0.0
1770415541.5471845,35,97,0.0,0.0,0.0,0.0,1.0,0.9999999999999999,-1.05,0.0
1770415541.548328,35,98,0.0,0.0,0.0,0.0,1.0,0.9999999999999999,-1.05,0.0
1770415541.5493479,35,99,0.0,0.0,0.0,0.0,1.0,0.9999999999999999,-1.05,0.0
1770415541.5502536,35,100,0.0,0.0,0.0,0.0,1.0,0.9999999999999999,-1.05,0.0
1770415541.5512586,35,101,0.0,0.0,0.0,0.0,1.0,0.9999999999999999,-1.05,0.0
1770415541.5523026,35,102,0.0,0.0,0.0,0.0,1.0,0.9999999999999999,-1.05,0.0
1770415541.5533984,35,103,0.0,0.0,0.0,0.0,1.0,0.9999999999999999,-1.05,0.0
1770415541.55461,35,104,0.0,0.0,0.0,0.0,1.0,0.9999999999999999,-1.05,0.0
1770415541.555824,35,105,0.0,0.0,0.0,0.0,1.0,0.9999999999999999,-1.05,0.0
1770415541.5570984,35,106,0.0,0.0,0.0,0.0,1.0,0.9999999999999999,-1.05,0.0
1770415541.55824,35,107,0.0,0.0,0.0,0.0,1.0,0.9999999999999999,-1.05,0.0
1770415541.5593045,35,108,0.0,0.0,0.0,0.0,1.0,0.9999999999999999,-1.05,0.0
1770415541.5604863,35,109,0.0,0.0,0.0,0.0,1.0,0.9999999999999999,-1.05,0.0
1770415541.5617204,35,110,0.0,0.0,0.0,0.0,1.0,0.9999999999999999,-1.05,0.0
1770415541.5628097,35,111,0.0,0.0,0.0,0.0,1.0,0.9999999999999999,-1.05,0.0
1770415541.5637982,35,112,0.0,0.0,0.0,0.0,1.0,0.9999999999999999,-1.05,0.0
1770415541.5649786,35,113,0.0,0.0,0.0,0.0,1.0,0.9999999999999999,-1.05,0.0
1770415541.5660384,35,114,0.0,0.0,0.0,0.0,1.0,0.9999999999999999,-1.05,0.0
1770415541.5671425,35,115,0.0,0.0,0.0,0.0,1.0,0.9999999999999999,-1.05,0.0
1770415541.5683048,35,116,0.0,0.0,0.0,0.0,1.0,0.9999999999999999,-1.05,0.0
1770415541.5695076,35,117,0.0,0.0,0.0,0.0,1.0,0.9999999999999999,-1.05,0.0
1770415541.570536,35,118,0.0,0.0,0.0,0.0,1.0,0.9999999999999999,-1.05,0.0
1770415541.5716171,35,119,0.0,0.0,0.0,0.0,1.0,0.9999999999999999,-1.05,0.0
1770415541.5726151,35,120,0.0,0.0,0.0,0.0,1.0,0.9999999999999999,-1.05,0.0
1770415541.573711,35,121,0.0,0.0,0.0,0.0,1.0,0.9999999999999999,-1.05,0.0
1770415541.5748289,35,122,0.0,0.0,0.0,0.0,1.0,0.9999999999999999,-1.05,0.0
1770415541.5761409,35,123,0.0,0.0,0.0,0.0,1.0,0.9999999999999999,-1.05,0.0
1770415541.5773737,35,124,0.0,0.0,0.0,0.0,1.0,0.9999999999999999,-1.05,0.0
1770415541.5785623,35,125,0.0,0.0,0.0,0.0,1.0,0.9999999999999999,-1.05,0.0
1770415541.5797713,35,126,0.0,0.0,0.0,0.0,1.0,0.9999999999999999,-1.05,0.0
1770415541.5809813,35,127,0.0,0.0,0.0,0.0,1.0,0.9999999999999999,-1.05,0.0
1770415541.5820825,35,128,0.0,0.0,0.0,0.0,1.0,0.9999999999999999,-1.05,0.0
1770415541.5832074,35,129,0.0,0.0,0.0,0.0,1.0,0.9999999999999999,-1.05,0.0
1770415541.5843616,35,130,0.0,0.0,0.0,0.0,1.0,0.9999999999999999,-1.05,0.0
1770415541.5855873,35,131,0.0,0.0,0.0,0.0,1.0,0.9999999999999999,-1.05,0.0
1770415541.5869236,35,132,0.0,0.0,0.0,0.0,1.0,0.9999999999999999,-1.05,0.0
1770415541.5879953,35,133,0.0,0.0,0.0,0.0,1.0,0.9999999999999999,-1.05,0.0
1770415541.588946,35,134,0.0,0.0,0.0,0.0,1.0,0.9999999999999999,-1.05,0.0
1770415541.5900187,35,135,0.0,0.0,0.0,0.0,1.0,0.9999999999999999,-1.05,0.0
1770415541.5910318,35,136,0.0,0.0,0.0,0.0,1.0,0.9999999999999999,-1.05,0.0
1770415541.5920959,35,137,0.0,0.0,0.0,0.0,1.0,0.9999999999999999,-1.05,0.0
1770415541.5930777,35,138,0.0,0.0,0.0,0.0,1.0,0.9999999999999999,-1.05,0.0
1770415541.5940268,35,139,0.0,0.0,0.0,0.0,1.0,0.9999999999999999,-1.05,0.0
1770415541.5951447,35,140,0.0,0.0,0.0,0.0,1.0,0.9999999999999999,-1.05,0.0
1770415541.5963705,35,141,0.0,0.0,0.0,0.0,1.0,0.9999999999999999,-1.05,0.0
1770415541.5975018,35,142,0.0,0.0,0.0,0.0,1.0,0.9999999999999999,-1.05,0.0
1770415541.5983627,35,143,0.0,0.0,0.0,0.0,1.0,0.9999999999999999,-1.05,0.0
1770415541.5994208,35,144,0.0,0.0,0.0,0.0,1.0,0.9999999999999999,-1.05,0.0
1770415541.6005,35,145,0.0,0.0,0.0,0.0,1.0,0.9999999999999999,-1.05,0.0
1770415541.601383,35,146,0.0,0.0,0.0,0.0,1.0,0.9999999999999999,-1.05,0.0
1770415541.602292,35,147,0.0,0.0,0.0,0.0,1.0,0.9999999999999999,-1.05,0.0
1770415541.6031437,35,148,0.0,0.0,0.0,0.0,1.0,0.9999999999999999,-1.05,0.0
1770415541.6040096,35,149,0.0,0.0,0.0,0.0,1.0,0.9999999999999999,-1.05,0.0
1770415541.6051874,35,150,0.0,0.0,0.0,0.0,1.0,0.9999999999999999,-1.05,0.0
1770415541.6064742,35,151,0.0,0.0,0.0,0.0,1.0,0.9999999999999999,-1.05,0.0
1770415541.6076465,35,152,0.0,0.0,0.0,0.0,1.0,0.9999999999999999,-1.05,0.0
1770415541.6087663,35,153,0.0,0.0,0.0,0.0,1.0,0.9999999999999999,-1.05,0.0
1770415541.6096358,35,154,0.0,0.0,0.0,0.0,1.0,0.9999999999999999,-1.05,0.0
1770415541.6106222,35,155,0.0,0.0,0.0,0.0,1.0,0.9999999999999999,-1.05,0.0
1770415541.611616,35,156,0.0,0.0,0.0,0.0,1.0,0.9999999999999999,-1.05,0.0
1770415541.6126847,35,157,0.0,0.0,0.0,0.0,1.0,0.9999999999999999,-1.05,0.0
1770415541.6140108,35,158,0.0,0.0,0.0,0.0,1.0,0.9999999999999999,-1.05,0.0
1770415541.6150463,35,159,0.0,0.0,0.0,0.0,1.0,0.9999999999999999,-1.05,0.0
1770415541.616205,35,160,0.0,0.0,0.0,0.0,1.0,0.9999999999999999,-1.05,0.0
1770415541.617346,35,161,0.0,0.0,0.0,0.0,1.0,0.9999999999999999,-1.05,0.0
1770415541.6185186,35,162,0.0,0.0,0.0,0.0,1.0,0.9999999999999999,-1.05,0.0
1770415541.6195078,35,163,0.0,0.0,0.0,0.0,1.0,0.9999999999999999,-1.05,0.0
1770415541.6204119,35,164,0.0,0.0,0.0,0.0,1.0,0.9999999999999999,-1.05,0.0
1770415541.6215868,35,165,0.0,0.0,0.0,0.0,1.0,0.9999999999999999,-1.05,0.0
1770415541.6228335,35,166,0.0,0.0,0.0,0.0,1.0,0.9999999999999999,-1.05,0.0
1770415541.623758,35,167,0.0,0.0,0.0,0.0,1.0,0.9999999999999999,-1.05,0.0
1770415541.6246738,35,168,0.0,0.0,0.0,0.0,1.0,0.9999999999999999,-1.05,0.0
1770415541.6257079,35,169,0.0,0.0,0.0,0.0,1.0,0.9999999999999999,-1.05,0.0
1770415541.626764,35,170,0.0,0.0,0.0,0.0,1.0,0.9999999999999999,-1.05,0.0
1770415541.6288285,35,171,0.0,0.0,0.0,0.0,1.0,0.9999999999999999,-1.05,0.0
1770415541.6300638,35,172,0.0,0.0,0.0,0.0,1.0,0.9999999999999999,-1.05,0.0
1770415541.6311748,35,173,0.0,0.0,0.0,0.0,1.0,0.9999999999999999,-1.05,0.0
1770415541.6322103,35,174,0.0,0.0,0.0,0.0,1.0,0.9999999999999999,-1.05,0.0
1770415541.6334138,35,175,0.0,0.0,0.0,0.0,1.0,0.9999999999999999,-1.05,0.0
1770415541.6342928,35,176,0.0,0.0,0.0,0.0,1.0,0.9999999999999999,-1.05,0.0
1770415541.635364,35,177,0.0,0.0,0.0,0.0,1.0,0.9999999999999999,-1.05,0.0
1770415541.6363902,35,178,0.0,0.0,0.0,0.0,1.0,0.9999999999999999,-1.05,0.0
1770415541.6373196,35,179,0.0,0.0,0.0,0.0,1.0,0.9999999999999999,-1.05,0.0
1770415541.6383471,35,180,0.0,0.0,0.0,0.0,1.0,0.9999999999999999,-1.05,0.0
1770415541.6394498,35,181,0.0,0.0,0.0,0.0,1.0,0.9999999999999999,-1.05,0.0
1770415541.6403759,35,182,0.0,0.0,0.0,0.0,1.0,0.9999999999999999,-1.05,0.0
1770415541.641476,35,183,0.0,0.0,0.0,0.0,1.0,0.9999999999999999,-1.05,0.0
1770415541.6425717,35,184,0.0,0.0,0.0,0.0,1.0,0.9999999999999999,-1.05,0.0
1770415541.643808,35,185,0.0,0.0,0.0,0.0,1.0,0.9999999999999999,-1.05,0.0
1770415541.6450226,35,186,0.0,0.0,0.0,0.0,1.0,0.9999999999999999,-1.05,0.0
1770415541.6463249,35,187,0.0,0.0,0.0,0.0,1.0,0.9999999999999999,-1.05,0.0
1770415541.647604,35,188,0.0,0.0,0.0,0.0,1.0,0.9999999999999999,-1.05,0.0
1770415541.648708,35,189,0.0,0.0,0.0,0.0,1.0,0.9999999999999999,-1.05,0.0
1770415541.6496522,35,190,0.0,0.0,0.0,0.0,1.0,0.9999999999999999,-1.05,0.0
1770415541.6506543,35,191,0.0,0.0,0.0,0.0,1.0,0.9999999999999999,-1.05,0.0
1770415541.6519046,35,192,0.0,0.0,0.0,0.0,1.0,0.9999999999999999,-1.05,0.0
1770415541.652986,35,193,0.0,0.0,0.0,0.0,1.0,0.9999999999999999,-1.05,0.0
1770415541.6542253,35,194,0.0,0.0,0.0,0.0,1.0,0.9999999999999999,-1.05,0.0
1770415541.6552773,35,195,0.0,0.0,0.0,0.0,1.0,0.9999999999999999,-1.05,0.0
1770415541.6562936,35,196,0.0,0.0,0.0,0.0,1.0,0.9999999999999999,-1.05,0.0
1770415541.6574395,35,197,0.0,0.0,0.0,0.0,1.0,0.9999999999999999,-1.05,0.0
1770415541.658662,35,198,0.0,0.0,0.0,0.0,1.0,0.9999999999999999,-1.05,0.0
1770415541.6599004,35,199,0.0,0.0,0.0,0.0,1.0,0.9999999999999999,-1.05,0.0
1770415541.6609693,35,200,0.0,0.0,0.0,0.0,1.0,0.9999999999999999,-1.05,0.0
1770415541.707117,36,0,0.0,0.0,0.0,0.0,1.0,0.0,0.0,0.0
1770415541.7083652,36,1,0.0,0.0,0.0,0.0,1.0,0.9999999999999999,-0.049999999999999996,0.0
1770415541.7093382,36,2,0.0,0.0,0.0,0.0,1.0,0.9999999999999999,-0.049999999999999996,0.0
1770415541.710418,36,3,0.0,0.0,0.0,0.0,1.0,0.9999999999999999,-0.049999999999999996,0.0
1770415541.7113132,36,4,0.0,0.0,0.0,0.0,1.0,0.9999999999999999,-0.049999999999999996,0.0
1770415541.7122998,36,5,0.0,0.0,0.0,0.0,1.0,0.9999999999999999,-0.049999999999999996,0.0
1770415541.7132888,36,6,0.0,0.0,0.0,0.0,1.0,0.9999999999999999,-1.05,0.0
1770415541.7144682,36,7,0.0,0.0,0.0,0.0,1.0,0.9999999999999999,-1.05,0.0
1770415541.715464,36,8,0.0,0.0,0.0,0.0,1.0,0.9999999999999999,-1.05,0.0
1770415541.716448,36,9,0.0,0.0,0.0,0.0,1.0,0.9999999999999999,-1.05,0.0
1770415541.7175615,36,10,0.0,0.0,0.0,0.0,1.0,0.9999999999999999,-1.05,0.0
1770415541.7183993,36,11,0.0,0.0,0.0,0.0,1.0,0.9999999999999999,-1.05,0.0
1770415541.719286,36,12,0.0,0.0,0.0,0.0,1.0,0.9999999999999999,-1.05,0.0
1770415541.7205133,36,13,0.0,0.0,0.0,0.0,1.0,0.9999999999999999,-1.05,0.0
1770415541.7215424,36,14,0.0,0.0,0.0,0.0,1.0,0.9999999999999999,-1.05,0.0
1770415541.722743,36,15,0.0,0.0,0.0,0.0,1.0,0.9999999999999999,-1.05,0.0
1770415541.723607,36,16,0.0,0.0,0.0,0.0,1.0,0.9999999999999999,-1.05,0.0
1770415541.7244532,36,17,0.0,0.0,0.0,0.0,1.0,0.9999999999999999,-1.05,0.0
1770415541.7253385,36,18,0.0,0.0,0.0,0.0,1.0,0.9999999999999999,-1.05,0.0
1770415541.7263443,36,19,0.0,0.0,0.0,0.0,1.0,0.9999999999999999,-1.05,0.0
1770415541.7274146,36,20,0.0,0.0,0.0,0.0,1.0,0.9999999999999999,-1.05,0.0
1770415541.7285004,36,21,0.0,0.0,0.0,0.0,1.0,0.9999999999999999,-1.05,0.0
1770415541.7295227,36,22,0.0,0.0,0.0,0.0,1.0,0.9999999999999999,-1.05,0.0
1770415541.7307436,36,23,0.0,0.0,0.0,0.0,1.0,0.9999999999999999,-1.05,0.0
1770415541.7319179,36,24,0.0,0.0,0.0,0.0,1.0,0.9999999999999999,-1.05,0.0
1770415541.7331924,36,25,0.0,0.0,0.0,0.0,1.0,0.9999999999999999,-1.05,0.0
1770415541.7344244,36,26,0.0,0.0,0.0,0.0,1.0,0.9999999999999999,-1.05,0.0
1770415541.7356231,36,27,0.0,0.0,0.0,0.0,1.0,0.9999999999999999,-1.05,0.0
1770415541.7366776,36,28,0.0,0.0,0.0,0.0,1.0,0.9999999999999999,-1.05,0.0
1770415541.7376986,36,29,0.0,0.0,0.0,0.0,1.0,0.9999999999999999,-1.05,0.0
1770415541.7387612,36,30,0.0,0.0,0.0,0.0,1.0,0.9999999999999999,-1.05,0.0
1770415541.7397428,36,31,0.0,0.0,0.0,0.0,1.0,0.9999999999999999,-1.05,0.0
1770415541.7407322,36,32,0.0,0.0,0.0,0.0,1.0,0.9999999999999999,-1.05,0.0
1770415541.741977,36,33,0.0,0.0,0.0,0.0,1.0,0.9999999999999999,-1.05,0.0
1770415541.743242,36,34,0.0,0.0,0.0,0.0,1.0,0.9999999999999999,-1.05,0.0
1770415541.7444048,36,35,0.0,0.0,0.0,0.0,1.0,0.9999999999999999,-1.05,0.0
1770415541.7455285,36,36,0.0,0.0,0.0,0.0,1.0,0.9999999999999999,-1.05,0.0
1770415541.7464342,36,37,0.0,0.0,0.0,0.0,1.0,0.9999999999999999,-1.05,0.0
1770415541.7477112,36,38,0.0,0.0,0.0,0.0,1.0,0.9999999999999999,-1.05,0.0
1770415541.7488098,36,39,0.0,0.0,0.0,0.0,1.0,0.9999999999999999,-1.05,0.0
1770415541.75011,36,40,0.0,0.0,0.0,0.0,1.0,0.9999999999999999,-1.05,0.0
1770415541.7514465,36,41,0.0,0.0,0.0,0.0,1.0,0.9999999999999999,-1.05,0.0
1770415541.7525365,36,42,0.0,0.0,0.0,0.0,1.0,0.9999999999999999,-1.05,0.0
1770415541.7535942,36,43,0.0,0.0,0.0,0.0,1.0,0.9999999999999999,-1.05,0.0
1770415541.754653,36,44,0.0,0.0,0.0,0.0,1.0,0.9999999999999999,-1.05,0.0
1770415541.7560477,36,45,0.0,0.0,0.0,0.0,1.0,0.9999999999999999,-1.05,0.0
1770415541.7572136,36,46,0.0,0.0,0.0,0.0,1.0,0.9999999999999999,-1.05,0.0
1770415541.7581875,36,47,0.0,0.0,0.0,0.0,1.0,0.9999999999999999,-1.05,0.0
1770415541.7592082,36,48,0.0,0.0,0.0,0.0,1.0,0.9999999999999999,-1.05,0.0
1770415541.7601924,36,49,0.0,0.0,0.0,0.0,1.0,0.9999999999999999,-1.05,0.0
1770415541.7610552,36,50,0.0,0.0,0.0,0.0,1.0,0.9999999999999999,-1.05,0.0
1770415541.7622983,36,51,0.0,0.0,0.0,0.0,1.0,0.9999999999999999,-1.05,0.0
1770415541.763394,36,52,0.0,0.0,0.0,0.0,1.0,0.9999999999999999,-1.05,0.0
1770415541.7645698,36,53,0.0,0.0,0.0,0.0,1.0,0.9999999999999999,-1.05,0.0
1770415541.7655976,36,54,0.0,0.0,0.0,0.0,1.0,0.9999999999999999,-1.05,0.0
1770415541.7666097,36,55,0.0,0.0,0.0,0.0,1.0,0.9999999999999999,-1.05,0.0
1770415541.76773,36,56,0.0,0.0,0.0,0.0,1.0,0.9999999999999999,-1.05,0.0
1770415541.768642,36,57,0.0,0.0,0.0,0.0,1.0,0.9999999999999999,-1.05,0.0
1770415541.7696118,36,58,0.0,0.0,0.0,0.0,1.0,0.9999999999999999,-1.05,0.0
1770415541.7705014,36,59,0.0,0.0,0.0,0.0,1.0,0.9999999999999999,-1.05,0.0
1770415541.7718832,36,60,0.0,0.0,0.0,0.0,1.0,0.9999999999999999,-1.05,0.0
1770415541.773055,36,61,0.0,0.0,0.0,0.0,1.0,0.9999999999999999,-1.05,0.0
1770415541.774073,36,62,0.0,0.0,0.0,0.0,1.0,0.9999999999999999,-1.05,0.0
1770415541.7753348,36,63,0.0,0.0,0.0,0.0,1.0,0.9999999999999999,-1.05,0.0
1770415541.7765932,36,64,0.0,0.0,0.0,0.0,1.0,0.9999999999999999,-1.05,0.0
1770415541.7777302,36,65,0.0,0.0,0.0,0.0,1.0,0.9999999999999999,-1.05,0.0
1770415541.7791047,36,66,0.0,0.0,0.0,0.0,1.0,0.9999999999999999,-1.05,0.0
1770415541.7802434,36,67,0.0,0.0,0.0,0.0,1.0,0.9999999999999999,-1.05,0.0
1770415541.7811837,36,68,0.0,0.0,0.0,0.0,1.0,0.9999999999999999,-1.05,0.0
1770415541.7819757,36,69,0.0,0.0,0.0,0.0,1.0,0.9999999999999999,-1.05,0.0
1770415541.7828476,36,70,0.0,0.0,0.0,0.0,1.0,0.9999999999999999,-1.05,0.0
1770415541.7838159,36,71,0.0,0.0,0.0,0.0,1.0,0.9999999999999999,-1.05,0.0
1770415541.7849035,36,72,0.0,0.0,0.0,0.0,1.0,0.9999999999999999,-1.05,0.0
1770415541.7858202,36,73,0.0,0.0,0.0,0.0,1.0,0.9999999999999999,-1.05,0.0
1770415541.7866464,36,74,0.0,0.0,0.0,0.0,1.0,0.9999999999999999,-1.05,0.0
1770415541.7876577,36,75,0.0,0.0,0.0,0.0,1.0,0.9999999999999999,-1.05,0.0
1770415541.7887967,36,76,0.0,0.0,0.0,0.0,1.0,0.9999999999999999,-1.05,0.0
1770415541.7899532,36,77,0.0,0.0,0.0,0.0,1.0,0.9999999999999999,-1.05,0.0
1770415541.791147,36,78,0.0,0.0,0.0,0.0,1.0,0.9999999999999999,-1.05,0.0
1770415541.7923243,36,79,0.0,0.0,0.0,0.0,1.0,0.9999999999999999,-1.05,0.0
1770415541.7933857,36,80,0.0,0.0,0.0,0.0,1.0,0.9999999999999999,-1.05,0.0
1770415541.7944946,36,81,0.0,0.0,0.0,0.0,1.0,0.9999999999999999,-1.05,0.0
1770415541.795507,36,82,0.0,0.0,0.0,0.0,1.0,0.9999999999999999,-1.05,0.0
1770415541.7965703,36,83,0.0,0.0,0.0,0.0,1.0,0.9999999999999999,-1.05,0.0
1770415541.7975802,36,84,0.0,0.0,0.0,0.0,1.0,0.9999999999999999,-1.05,0.0
1770415541.7985365,36,85,0.0,0.0,0.0,0.0,1.0,0.9999999999999999,-1.05,0.0
1770415541.7994998,36,86,0.0,0.0,0.0,0.0,1.0,0.9999999999999999,-1.05,0.0
1770415541.8004816,36,87,0.0,0.0,0.0,0.0,1.0,0.9999999999999999,-1.05,0.0
1770415541.8014371,36,88,0.0,0.0,0.0,0.0,1.0,0.9999999999999999,-1.05,0.0
1770415541.8022876,36,89,0.0,0.0,0.0,0.0,1.0,0.9999999999999999,-1.05,0.0
1770415541.803161,36,90,0.0,0.0,0.0,0.0,1.0,0.9999999999999999,-1.05,0.0
1770415541.8039246,36,91,0.0,0.0,0.0,0.0,1.0,0.9999999999999999,-1.05,0.0
1770415541.8045704,36,92,0.0,0.0,0.0,0.0,1.0,0.9999999999999999,-1.05,0.0
1770415541.8053088,36,93,0.0,0.0,0.0,0.0,1.0,0.9999999999999999,-1.05,0.0
1770415541.8061469,36,94,0.0,0.0,0.0,0.0,1.0,0.9999999999999999,-1.05,0.0
1770415541.8069732,36,95,0.0,0.0,0.0,0.0,1.0,0.9999999999999999,-1.05,0.0
1770415541.8078444,36,96,0.0,0.0,0.0,0.0,1.0,0.9999999999999999,-1.05,0.0
1770415541.8087282,36,97,0.0,0.0,0.0,0.0,1.0,0.9999999999999999,-1.05,0.0
1770415541.8095214,36,98,0.0,0.0,0.0,0.0,1.0,0.9999999999999999,-1.05,0.0
1770415541.8103204,36,99,0.0,0.0,0.0,0.0,1.0,0.9999999999999999,-1.05,0.0
1770415541.8111475,36,100,0.0,0.0,0.0,0.0,1.0,0.9999999999999999,-1.05,0.0
1770415541.8120055,36,101,0.0,0.0,0.0,0.0,1.0,0.9999999999999999,-1.05,0.0
1770415541.8127398,36,102,0.0,0.0,0.0,0.0,1.0,0.9999999999999999,-1.05,0.0
1770415541.8134449,36,103,0.0,0.0,0.0,0.0,1.0,0.9999999999999999,-1.05,0.0
1770415541.8140981,36,104,0.0,0.0,0.0,0.0,1.0,0.9999999999999999,-1.05,0.0
1770415541.8147976,36,105,0.0,0.0,0.0,0.0,1.0,0.9999999999999999,-1.05,0.0
1770415541.8157716,36,106,0.0,0.0,0.0,0.0,1.0,0.9999999999999999,-1.05,0.0
1770415541.8167956,36,107,0.0,0.0,0.0,0.0,1.0,0.9999999999999999,-1.05,0.0
1770415541.8178487,36,108,0.0,0.0,0.0,0.0,1.0,0.9999999999999999,-1.05,0.0
1770415541.8190055,36,109,0.0,0.0,0.0,0.0,1.0,0.9999999999999999,-1.05,0.0
1770415541.820115,36,110,0.0,0.0,0.0,0.0,1.0,0.9999999999999999,-1.05,0.0
1770415541.8211865,36,111,0.0,0.0,0.0,0.0,1.0,0.9999999999999999,-1.05,0.0
1770415541.822275,36,112,0.0,0.0,0.0,0.0,1.0,0.9999999999999999,-1.05,0.0
1770415541.823242,36,113,0.0,0.0,0.0,0.0,1.0,0.9999999999999999,-1.05,0.0
1770415541.8243315,36,114,0.0,0.0,0.0,0.0,1.0,0.9999999999999999,-1.05,0.0
1770415541.8254228,36,115,0.0,0.0,0.0,0.0,1.0,0.9999999999999999,-1.05,0.0
1770415541.8263366,36,116,0.0,0.0,0.0,0.0,1.0,0.9999999999999999,-1.05,0.0
1770415541.827399,36,117,0.0,0.0,0.0,0.0,1.0,0.9999999999999999,-1.05,0.0
1770415541.8283536,36,118,0.0,0.0,0.0,0.0,1.0,0.9999999999999999,-1.05,0.0
1770415541.8291063,36,119,0.0,0.0,0.0,0.0,1.0,0.9999999999999999,-1.05,0.0
1770415541.8299706,36,120,0.0,0.0,0.0,0.0,1.0,0.9999999999999999,-1.05,0.0
1770415541.830927,36,121,0.0,0.0,0.0,0.0,1.0,0.9999999999999999,-1.05,0.0
1770415541.8319814,36,122,0.0,0.0,0.0,0.0,1.0,0.9999999999999999,-1.05,0.0
1770415541.8329754,36,123,0.0,0.0,0.0,0.0,1.0,0.9999999999999999,-1.05,0.0
1770415541.8338392,36,124,0.0,0.0,0.0,0.0,1.0,0.9999999999999999,-1.05,0.0
1770415541.834734,36,125,0.0,0.0,0.0,0.0,1.0,0.9999999999999999,-1.05,0.0
1770415541.8356395,36,126,0.0,0.0,0.0,0.0,1.0,0.9999999999999999,-1.05,0.0
1770415541.8366983,36,127,0.0,0.0,0.0,0.0,1.0,0.9999999999999999,-1.05,0.0
1770415541.8376794,36,128,0.0,0.0,0.0,0.0,1.0,0.9999999999999999,-1.05,0.0
1770415541.8385258,36,129,0.0,0.0,0.0,0.0,1.0,0.9999999999999999,-1.05,0.0
1770415541.839612,36,130,0.0,0.0,0.0,0.0,1.0,0.9999999999999999,-1.05,0.0
1770415541.8406422,36,131,0.0,0.0,0.0,0.0,1.0,0.9999999999999999,-1.05,0.0
1770415541.8416624,36,132,0.0,0.0,0.0,0.0,1.0,0.9999999999999999,-1.05,0.0
1770415541.8426883,36,133,0.0,0.0,0.0,0.0,1.0,0.9999999999999999,-1.05,0.0
1770415541.8435323,36,134,0.0,0.0,0.0,0.0,1.0,0.9999999999999999,-1.05,0.0
1770415541.844374,36,135,0.0,0.0,0.0,0.0,1.0,0.9999999999999999,-1.05,0.0
1770415541.845427,36,136,0.0,0.0,0.0,0.0,1.0,0.9999999999999999,-1.05,0.0
1770415541.8464794,36,137,0.0,0.0,0.0,0.0,1.0,0.9999999999999999,-1.05,0.0
1770415541.8474586,36,138,0.0,0.0,0.0,0.0,1.0,0.9999999999999999,-1.05,0.0
1770415541.848481,36,139,0.0,0.0,0.0,0.0,1.0,0.9999999999999999,-1.05,0.0
1770415541.84968,36,140,0.0,0.0,0.0,0.0,1.0,0.9999999999999999,-1.05,0.0
1770415541.8508193,36,141,0.0,0.0,0.0,0.0,1.0,0.9999999999999999,-1.05,0.0
1770415541.8520436,36,142,0.0,0.0,0.0,0.0,1.0,0.9999999999999999,-1.05,0.0
1770415541.8533273,36,143,0.0,0.0,0.0,0.0,1.0,0.9999999999999999,-1.05,0.0
1770415541.8545427,36,144,0.0,0.0,0.0,0.0,1.0,0.9999999999999999,-1.05,0.0
1770415541.855579,36,145,0.0,0.0,0.0,0.0,1.0,0.9999999999999999,-1.05,0.0
1770415541.8565927,36,146,0.0,0.0,0.0,0.0,1.0,0.9999999999999999,-1.05,0.0
1770415541.8577995,36,147,0.0,0.0,0.0,0.0,1.0,0.9999999999999999,-1.05,0.0
1770415541.8590214,36,148,0.0,0.0,0.0,0.0,1.0,0.9999999999999999,-1.05,0.0
1770415541.8605285,36,149,0.0,0.0,0.0,0.0,1.0,0.9999999999999999,-1.05,0.0
1770415541.8618097,36,150,0.0,0.0,0.0,0.0,1.0,0.9999999999999999,-1.05,0.0
1770415541.8630707,36,151,0.0,0.0,0.0,0.0,1.0,0.9999999999999999,-1.05,0.0
1770415541.8642712,36,152,0.0,0.0,0.0,0.0,1.0,0.9999999999999999,-1.05,0.0
1770415541.865457,36,153,0.0,0.0,0.0,0.0,1.0,0.9999999999999999,-1.05,0.0
1770415541.866646,36,154,0.0,0.0,0.0,0.0,1.0,0.9999999999999999,-1.05,0.0
1770415541.8676395,36,155,0.0,0.0,0.0,0.0,1.0,0.9999999999999999,-1.05,0.0
1770415541.8684828,36,156,0.0,0.0,0.0,0.0,1.0,0.9999999999999999,-1.05,0.0
1770415541.8693228,36,157,0.0,0.0,0.0,0.0,1.0,0.9999999999999999,-1.05,0.0
1770415541.8703346,36,158,0.0,0.0,0.0,0.0,1.0,0.9999999999999999,-1.05,0.0
1770415541.871226,36,159,0.0,0.0,0.0,0.0,1.0,0.9999999999999999,-1.05,0.0
1770415541.8724608,36,160,0.0,0.0,0.0,0.0,1.0,0.9999999999999999,-1.05,0.0
1770415541.8735785,36,161,0.0,0.0,0.0,0.0,1.0,0.9999999999999999,-1.05,0.0
1770415541.8747141,36,162,0.0,0.0,0.0,0.0,1.0,0.9999999999999999,-1.05,0.0
1770415541.8757937,36,163,0.0,0.0,0.0,0.0,1.0,0.9999999999999999,-1.05,0.0
1770415541.876919,36,164,0.0,0.0,0.0,0.0,1.0,0.9999999999999999,-1.05,0.0
1770415541.878147,36,165,0.0,0.0,0.0,0.0,1.0,0.9999999999999999,-1.05,0.0
1770415541.8794432,36,166,0.0,0.0,0.0,0.0,1.0,0.9999999999999999,-1.05,0.0
1770415541.8806205,36,167,0.0,0.0,0.0,0.0,1.0,0.9999999999999999,-1.05,0.0
1770415541.8816197,36,168,0.0,0.0,0.0,0.0,1.0,0.9999999999999999,-1.05,0.0
1770415541.8827343,36,169,0.0,0.0,0.0,0.0,1.0,0.9999999999999999,-1.05,0.0
1770415541.8838146,36,170,0.0,0.0,0.0,0.0,1.0,0.9999999999999999,-1.05,0.0
1770415541.8848252,36,171,0.0,0.0,0.0,0.0,1.0,0.9999999999999999,-1.05,0.0
1770415541.8859518,36,172,0.0,0.0,0.0,0.0,1.0,0.9999999999999999,-1.05,0.0
1770415541.8869636,36,173,0.0,0.0,0.0,0.0,1.0,0.9999999999999999,-1.05,0.0
1770415541.888169,36,174,0.0,0.0,0.0,0.0,1.0,0.9999999999999999,-1.05,0.0
1770415541.8893144,36,175,0.0,0.0,0.0,0.0,1.0,0.9999999999999999,-1.05,0.0
1770415541.8904624,36,176,0.0,0.0,0.0,0.0,1.0,0.9999999999999999,-1.05,0.0
1770415541.8917043,36,177,0.0,0.0,0.0,0.0,1.0,0.9999999999999999,-1.05,0.0
1770415541.8929744,36,178,0.0,0.0,0.0,0.0,1.0,0.9999999999999999,-1.05,0.0
1770415541.8940845,36,179,0.0,0.0,0.0,0.0,1.0,0.9999999999999999,-1.05,0.0
1770415541.895483,36,180,0.0,0.0,0.0,0.0,1.0,0.9999999999999999,-1.05,0.0
1770415541.8965955,36,181,0.0,0.0,0.0,0.0,1.0,0.9999999999999999,-1.05,0.0
1770415541.8973207,36,182,0.0,0.0,0.0,0.0,1.0,0.9999999999999999,-1.05,0.0
1770415541.898256,36,183,0.0,0.0,0.0,0.0,1.0,0.9999999999999999,-1.05,0.0
1770415541.8992946,36,184,0.0,0.0,0.0,0.0,1.0,0.9999999999999999,-1.05,0.0
1770415541.9002273,36,185,0.0,0.0,0.0,0.0,1.0,0.9999999999999999,-1.05,0.0
1770415541.9012086,36,186,0.0,0.0,0.0,0.0,1.0,0.9999999999999999,-1.05,0.0
1770415541.9023209,36,187,0.0,0.0,0.0,0.0,1.0,0.9999999999999999,-1.05,0.0
1770415541.9033735,36,188,0.0,0.0,0.0,0.0,1.0,0.9999999999999999,-1.05,0.0
1770415541.9043865,36,189,0.0,0.0,0.0,0.0,1.0,0.9999999999999999,-1.05,0.0
1770415541.9054317,36,190,0.0,0.0,0.0,0.0,1.0,0.9999999999999999,-1.05,0.0
1770415541.9064722,36,191,0.0,0.0,0.0,0.0,1.0,0.9999999999999999,-1.05,0.0
1770415541.9073129,36,192,0.0,0.0,0.0,0.0,1.0,0.9999999999999999,-1.05,0.0
1770415541.908129,36,193,0.0,0.0,0.0,0.0,1.0,0.9999999999999999,-1.05,0.0
1770415541.9089394,36,194,0.0,0.0,0.0,0.0,1.0,0.9999999999999999,-1.05,0.0
1770415541.909951,36,195,0.0,0.0,0.0,0.0,1.0,0.9999999999999999,-1.05,0.0
1770415541.910817,36,196,0.0,0.0,0.0,0.0,1.0,0.9999999999999999,-1.05,0.0
1770415541.9117725,36,197,0.0,0.0,0.0,0.0,1.0,0.9999999999999999,-1.05,0.0
1770415541.9127793,36,198,0.0,0.0,0.0,0.0,1.0,0.9999999999999999,-1.05,0.0
1770415541.9135842,36,199,0.0,0.0,0.0,0.0,1.0,0.9999999999999999,-1.05,0.0
1770415541.9144487,36,200,0.0,0.0,0.0,0.0,1.0,0.9999999999999999,-1.05,0.0
1770415541.9619355,37,0,0.0,0.0,0.0,0.0,1.0,0.0,0.0,0.0
1770415541.9632628,37,1,0.0,0.0,0.0,0.0,1.0,0.9999999999999999,-0.049999999999999996,0.0
1770415541.9640806,37,2,0.0,0.0,0.0,0.0,1.0,0.9999999999999999,-0.049999999999999996,0.0
1770415541.9648185,37,3,0.0,0.0,0.0,0.0,1.0,0.9999999999999999,-0.049999999999999996,0.0
1770415541.9657607,37,4,0.0,0.0,0.0,0.0,1.0,0.9999999999999999,-0.049999999999999996,0.0
1770415541.966538,37,5,0.0,0.0,0.0,0.0,1.0,0.9999999999999999,-0.049999999999999996,0.0
1770415541.9673321,37,6,0.0,0.0,0.0,0.0,1.0,0.9999999999999999,-1.05,0.0
1770415541.9681,37,7,0.0,0.0,0.0,0.0,1.0,0.9999999999999999,-1.05,0.0
1770415541.969096,37,8,0.0,0.0,0.0,0.0,1.0,0.9999999999999999,-1.05,0.0
1770415541.970186,37,9,0.0,0.0,0.0,0.0,1.0,0.9999999999999999,-1.05,0.0
1770415541.9711611,37,10,0.0,0.0,0.0,0.0,1.0,0.9999999999999999,-1.05,0.0
1770415541.9719417,37,11,0.0,0.0,0.0,0.0,1.0,0.9999999999999999,-1.05,0.0
1770415541.9727452,37,12,0.0,0.0,0.0,0.0,1.0,0.9999999999999999,-1.05,0.0
1770415541.9734986,37,13,0.0,0.0,0.0,0.0,1.0,0.9999999999999999,-1.05,0.0
1770415541.9742773,37,14,0.0,0.0,0.0,0.0,1.0,0.9999999999999999,-1.05,0.0
1770415541.975331,37,15,0.0,0.0,0.0,0.0,1.0,0.9999999999999999,-1.05,0.0
1770415541.9766507,37,16,0.0,0.0,0.0,0.0,1.0,0.9999999999999999,-1.05,0.0
1770415541.9774163,37,17,0.0,0.0,0.0,0.0,1.0,0.9999999999999999,-1.05,0.0
1770415541.978232,37,18,0.0,0.0,0.0,0.0,1.0,0.9999999999999999,-1.05,0.0
1770415541.9796681,37,19,0.0,0.0,0.0,0.0,1.0,0.9999999999999999,-1.05,0.0
1770415541.9814534,37,20,0.0,0.0,0.0,0.0,1.0,0.9999999999999999,-1.05,0.0
1770415541.983512,37,21,0.0,0.0,0.0,0.0,1.0,0.9999999999999999,-1.05,0.0
1770415541.984618,37,22,0.0,0.0,0.0,0.0,1.0,0.9999999999999999,-1.05,0.0
1770415541.9859843,37,23,0.0,0.0,0.0,0.0,1.0,0.9999999999999999,-1.05,0.0
1770415541.9873428,37,24,0.0,0.0,0.0,0.0,1.0,0.9999999999999999,-1.05,0.0
1770415541.9886353,37,25,0.0,0.0,0.0,0.0,1.0,0.9999999999999999,-1.05,0.0
1770415541.9895961,37,26,0.0,0.0,0.0,0.0,1.0,0.9999999999999999,-1.05,0.0
1770415541.990524,37,27,0.0,0.0,0.0,0.0,1.0,0.9999999999999999,-1.05,0.0
1770415541.9915042,37,28,0.0,0.0,0.0,0.0,1.0,0.9999999999999999,-1.05,0.0
1770415541.9926515,37,29,0.0,0.0,0.0,0.0,1.0,0.9999999999999999,-1.05,0.0
1770415541.99372,37,30,0.0,0.0,0.0,0.0,1.0,0.9999999999999999,-1.05,0.0
1770415541.9945643,37,31,0.0,0.0,0.0,0.0,1.0,0.9999999999999999,-1.05,0.0
1770415541.9953337,37,32,0.0,0.0,0.0,0.0,1.0,0.9999999999999999,-1.05,0.0
1770415541.9962919,37,33,0.0,0.0,0.0,0.0,1.0,0.9999999999999999,-1.05,0.0
1770415541.9971645,37,34,0.0,0.0,0.0,0.0,1.0,0.9999999999999999,-1.05,0.0
1770415541.99797,37,35,0.0,0.0,0.0,0.0,1.0,0.9999999999999999,-1.05,0.0
1770415541.998645,37,36,0.0,0.0,0.0,0.0,1.0,0.9999999999999999,-1.05,0.0
1770415541.9994838,37,37,0.0,0.0,0.0,0.0,1.0,0.9999999999999999,-1.05,0.0
1770415542.000321,37,38,0.0,0.0,0.0,0.0,1.0,0.9999999999999999,-1.05,0.0
1770415542.0012217,37,39,0.0,0.0,0.0,0.0,1.0,0.9999999999999999,-1.05,0.0
1770415542.0024195,37,40,0.0,0.0,0.0,0.0,1.0,0.9999999999999999,-1.05,0.0
1770415542.0033753,37,41,0.0,0.0,0.0,0.0,1.0,0.9999999999999999,-1.05,0.0
1770415542.0043354,37,42,0.0,0.0,0.0,0.0,1.0,0.9999999999999999,-1.05,0.0
1770415542.00506,37,43,0.0,0.0,0.0,0.0,1.0,0.9999999999999999,-1.05,0.0
1770415542.005869,37,44,0.0,0.0,0.0,0.0,1.0,0.9999999999999999,-1.05,0.0
1770415542.0067341,37,45,0.0,0.0,0.0,0.0,1.0,0.9999999999999999,-1.05,0.0
1770415542.0075178,37,46,0.0,0.0,0.0,0.0,1.0,0.9999999999999999,-1.05,0.0
1770415542.0085604,37,47,0.0,0.0,0.0,0.0,1.0,0.9999999999999999,-1.05,0.0
1770415542.0095973,37,48,0.0,0.0,0.0,0.0,1.0,0.9999999999999999,-1.05,0.0
1770415542.010709,37,49,0.0,0.0,0.0,0.0,1.0,0.9999999999999999,-1.05,0.0
1770415542.011522,37,50,0.0,0.0,0.0,0.0,1.0,0.9999999999999999,-1.05,0.0
1770415542.0128047,37,51,0.0,0.0,0.0,0.0,1.0,0.9999999999999999,-1.05,0.0
1770415542.0140083,37,52,0.0,0.0,0.0,0.0,1.0,0.9999999999999999,-1.05,0.0
1770415542.015125,37,53,0.0,0.0,0.0,0.0,1.0,0.9999999999999999,-1.05,0.0
1770415542.0161197,37,54,0.0,0.0,0.0,0.0,1.0,0.9999999999999999,-1.05,0.0
1770415542.017074,37,55,0.0,0.0,0.0,0.0,1.0,0.9999999999999999,-1.05,0.0
1770415542.0179465,37,56,0.0,0.0,0.0,0.0,1.0,0.9999999999999999,-1.05,0.0
1770415542.0191653,37,57,0.0,0.0,0.0,0.0,1.0,0.9999999999999999,-1.05,0.0
1770415542.0204167,37,58,0.0,0.0,0.0,0.0,1.0,0.9999999999999999,-1.05,0.0
1770415542.0213127,37,59,0.0,0.0,0.0,0.0,1.0,0.9999999999999999,-1.05,0.0
1770415542.022409,37,60,0.0,0.0,0.0,0.0,1.0,0.9999999999999999,-1.05,0.0
1770415542.0236182,37,61,0.0,0.0,0.0,0.0,1.0,0.9999999999999999,-1.05,0.0
1770415542.0245936,37,62,0.0,0.0,0.0,0.0,1.0,0.9999999999999999,-1.05,0.0
1770415542.0255122,37,63,0.0,0.0,0.0,0.0,1.0,0.9999999999999999,-1.05,0.0
1770415542.0264351,37,64,0.0,0.0,0.0,0.0,1.0,0.9999999999999999,-1.05,0.0
1770415542.027574,37,65,0.0,0.0,0.0,0.0,1.0,0.9999999999999999,-1.05,0.0
1770415542.0285928,37,66,0.0,0.0,0.0,0.0,1.0,0.9999999999999999,-1.05,0.0
1770415542.0295382,37,67,0.0,0.0,0.0,0.0,1.0,0.9999999999999999,-1.05,0.0
1770415542.0305178,37,68,0.0,0.0,0.0,0.0,1.0,0.9999999999999999,-1.05,0.0
1770415542.0315857,37,69,0.0,0.0,0.0,0.0,1.0,0.9999999999999999,-1.05,0.0
1770415542.032621,37,70,0.0,0.0,0.0,0.0,1.0,0.9999999999999999,-1.05,0.0
1770415542.0336702,37,71,0.0,0.0,0.0,0.0,1.0,0.9999999999999999,-1.05,0.0
1770415542.0345008,37,72,0.0,0.0,0.0,0.0,1.0,0.9999999999999999,-1.05,0.0
1770415542.0353723,37,73,0.0,0.0,0.0,0.0,1.0,0.9999999999999999,-1.05,0.0
1770415542.0364473,37,74,0.0,0.0,0.0,0.0,1.0,0.9999999999999999,-1.05,0.0
1770415542.037555,37,75,0.0,0.0,0.0,0.0,1.0,0.9999999999999999,-1.05,0.0
1770415542.0385969,37,76,0.0,0.0,0.0,0.0,1.0,0.9999999999999999,-1.05,0.0
1770415542.0398402,37,77,0.0,0.0,0.0,0.0,1.0,0.9999999999999999,-1.05,0.0
1770415542.0410454,37,78,0.0,0.0,0.0,0.0,1.0,0.9999999999999999,-1.05,0.0
1770415542.042169,37,79,0.0,0.0,0.0,0.0,1.0,0.9999999999999999,-1.05,0.0
1770415542.0434272,37,80,0.0,0.0,0.0,0.0,1.0,0.9999999999999999,-1.05,0.0
1770415542.0448275,37,81,0.0,0.0,0.0,0.0,1.0,0.9999999999999999,-1.05,0.0
1770415542.0460343,37,82,0.0,0.0,0.0,0.0,1.0,0.9999999999999999,-1.05,0.0
1770415542.0470767,37,83,0.0,0.0,0.0,0.0,1.0,0.9999999999999999,-1.05,0.0
1770415542.0483317,37,84,0.0,0.0,0.0,0.0,1.0,0.9999999999999999,-1.05,0.0
1770415542.049441,37,85,0.0,0.0,0.0,0.0,1.0,0.9999999999999999,-1.05,0.0
1770415542.0504613,37,86,0.0,0.0,0.0,0.0,1.0,0.9999999999999999,-1.05,0.0
1770415542.0517335,37,87,0.0,0.0,0.0,0.0,1.0,0.9999999999999999,-1.05,0.0
1770415542.05292,37,88,0.0,0.0,0.0,0.0,1.0,0.9999999999999999,-1.05,0.0
1770415542.053994,37,89,0.0,0.0,0.0,0.0,1.0,0.9999999999999999,-1.05,0.0
1770415542.0550551,37,90,0.0,0.0,0.0,0.0,1.0,0.9999999999999999,-1.05,0.0
1770415542.0561702,37,91,0.0,0.0,0.0,0.0,1.0,0.9999999999999999,-1.05,0.0
1770415542.057187,37,92,0.0,0.0,0.0,0.0,1.0,0.9999999999999999,-1.05,0.0
1770415542.058201,37,93,0.0,0.0,0.0,0.0,1.0,0.9999999999999999,-1.05,0.0
1770415542.0594258,37,94,0.0,0.0,0.0,0.0,1.0,0.9999999999999999,-1.05,0.0
1770415542.0604873,37,95,0.0,0.0,0.0,0.0,1.0,0.9999999999999999,-1.05,0.0
1770415542.0614626,37,96,0.0,0.0,0.0,0.0,1.0,0.9999999999999999,-1.05,0.0
1770415542.062383,37,97,0.0,0.0,0.0,0.0,1.0,0.9999999999999999,-1.05,0.0
1770415542.0633137,37,98,0.0,0.0,0.0,0.0,1.0,0.9999999999999999,-1.05,0.0
1770415542.064251,37,99,0.0,0.0,0.0,0.0,1.0,0.9999999999999999,-1.05,0.0
1770415542.0651665,37,100,0.0,0.0,0.0,0.0,1.0,0.9999999999999999,-1.05,0.0
1770415542.0660427,37,101,0.0,0.0,0.0,0.0,1.0,0.9999999999999999,-1.05,0.0
1770415542.0668197,37,102,0.0,0.0,0.0,0.0,1.0,0.9999999999999999,-1.05,0.0
1770415542.0677953,37,103,0.0,0.0,0.0,0.0,1.0,0.9999999999999999,-1.05,0.0
1770415542.0689085,37,104,0.0,0.0,0.0,0.0,1.0,0.9999999999999999,-1.05,0.0
1770415542.0700145,37,105,0.0,0.0,0.0,0.0,1.0,0.9999999999999999,-1.05,0.0
1770415542.0710354,37,106,0.0,0.0,0.0,0.0,1.0,0.9999999999999999,-1.05,0.0
1770415542.0720325,37,107,0.0,0.0,0.0,0.0,1.0,0.9999999999999999,-1.05,0.0
1770415542.0729415,37,108,0.0,0.0,0.0,0.0,1.0,0.9999999999999999,-1.05,0.0
1770415542.0740194,37,109,0.0,0.0,0.0,0.0,1.0,0.9999999999999999,-1.05,0.0
1770415542.074961,37,110,0.0,0.0,0.0,0.0,1.0,0.9999999999999999,-1.05,0.0
1770415542.0757127,37,111,0.0,0.0,0.0,0.0,1.0,0.9999999999999999,-1.05,0.0
1770415542.076618,37,112,0.0,0.0,0.0,0.0,1.0,0.9999999999999999,-1.05,0.0
1770415542.0775402,37,113,0.0,0.0,0.0,0.0,1.0,0.9999999999999999,-1.05,0.0
1770415542.0784717,37,114,0.0,0.0,0.0,0.0,1.0,0.9999999999999999,-1.05,0.0
1770415542.0795033,37,115,0.0,0.0,0.0,0.0,1.0,0.9999999999999999,-1.05,0.0
1770415542.0802975,37,116,0.0,0.0,0.0,0.0,1.0,0.9999999999999999,-1.05,0.0
1770415542.0812178,37,117,0.0,0.0,0.0,0.0,1.0,0.9999999999999999,-1.05,0.0
1770415542.0820336,37,118,0.0,0.0,0.0,0.0,1.0,0.9999999999999999,-1.05,0.0
1770415542.0830336,37,119,0.0,0.0,0.0,0.0,1.0,0.9999999999999999,-1.05,0.0
1770415542.0840967,37,120,0.0,0.0,0.0,0.0,1.0,0.9999999999999999,-1.05,0.0
1770415542.0851095,37,121,0.0,0.0,0.0,0.0,1.0,0.9999999999999999,-1.05,0.0
1770415542.0860639,37,122,0.0,0.0,0.0,0.0,1.0,0.9999999999999999,-1.05,0.0
1770415542.0873046,37,123,0.0,0.0,0.0,0.0,1.0,0.9999999999999999,-1.05,0.0
1770415542.0884292,37,124,0.0,0.0,0.0,0.0,1.0,0.9999999999999999,-1.05,0.0
1770415542.0894263,37,125,0.0,0.0,0.0,0.0,1.0,0.9999999999999999,-1.05,0.0
1770415542.0903525,37,126,0.0,0.0,0.0,0.0,1.0,0.9999999999999999,-1.05,0.0
1770415542.091461,37,127,0.0,0.0,0.0,0.0,1.0,0.9999999999999999,-1.05,0.0
1770415542.0924842,37,128,0.0,0.0,0.0,0.0,1.0,0.9999999999999999,-1.05,0.0
1770415542.0935214,37,129,0.0,0.0,0.0,0.0,1.0,0.9999999999999999,-1.05,0.0
1770415542.0945618,37,130,0.0,0.0,0.0,0.0,1.0,0.9999999999999999,-1.05,0.0
1770415542.0956059,37,131,0.0,0.0,0.0,0.0,1.0,0.9999999999999999,-1.05,0.0
1770415542.096499,37,132,0.0,0.0,0.0,0.0,1.0,0.9999999999999999,-1.05,0.0
1770415542.0973275,37,133,0.0,0.0,0.0,0.0,1.0,0.9999999999999999,-1.05,0.0
1770415542.0982082,37,134,0.0,0.0,0.0,0.0,1.0,0.9999999999999999,-1.05,0.0
1770415542.099045,37,135,0.0,0.0,0.0,0.0,1.0,0.9999999999999999,-1.05,0.0
1770415542.099857,37,136,0.0,0.0,0.0,0.0,1.0,0.9999999999999999,-1.05,0.0
1770415542.1005907,37,137,0.0,0.0,0.0,0.0,1.0,0.9999999999999999,-1.05,0.0
1770415542.1014764,37,138,0.0,0.0,0.0,0.0,1.0,0.9999999999999999,-1.05,0.0
1770415542.1024327,37,139,0.0,0.0,0.0,0.0,1.0,0.9999999999999999,-1.05,0.0
1770415542.1033106,37,140,0.0,0.0,0.0,0.0,1.0,0.9999999999999999,-1.05,0.0
1770415542.104405,37,141,0.0,0.0,0.0,0.0,1.0,0.9999999999999999,-1.05,0.0
1770415542.1053371,37,142,0.0,0.0,0.0,0.0,1.0,0.9999999999999999,-1.05,0.0
1770415542.1062398,37,143,0.0,0.0,0.0,0.0,1.0,0.9999999999999999,-1.05,0.0
1770415542.1076488,37,144,0.0,0.0,0.0,0.0,1.0,0.9999999999999999,-1.05,0.0
1770415542.1086035,37,145,0.0,0.0,0.0,0.0,1.0,0.9999999999999999,-1.05,0.0
1770415542.1105316,37,146,0.0,0.0,0.0,0.0,1.0,0.9999999999999999,-1.05,0.0
1770415542.1130126,37,147,0.0,0.0,0.0,0.0,1.0,0.9999999999999999,-1.05,0.0
1770415542.1142895,37,148,0.0,0.0,0.0,0.0,1.0,0.9999999999999999,-1.05,0.0
1770415542.1156957,37,149,0.0,0.0,0.0,0.0,1.0,0.9999999999999999,-1.05,0.0
1770415542.1168373,37,150,0.0,0.0,0.0,0.0,1.0,0.9999999999999999,-1.05,0.0
1770415542.1179512,37,151,0.0,0.0,0.0,0.0,1.0,0.9999999999999999,-1.05,0.0
1770415542.1189873,37,152,0.0,0.0,0.0,0.0,1.0,0.9999999999999999,-1.05,0.0
1770415542.1198597,37,153,0.0,0.0,0.0,0.0,1.0,0.9999999999999999,-1.05,0.0
1770415542.1211162,37,154,0.0,0.0,0.0,0.0,1.0,0.9999999999999999,-1.05,0.0
1770415542.123542,37,155,0.0,0.0,0.0,0.0,1.0,0.9999999999999999,-1.05,0.0
1770415542.1248896,37,156,0.0,0.0,0.0,0.0,1.0,0.9999999999999999,-1.05,0.0
1770415542.126914,37,157,0.0,0.0,0.0,0.0,1.0,0.9999999999999999,-1.05,0.0
1770415542.1291573,37,158,0.0,0.0,0.0,0.0,1.0,0.9999999999999999,-1.05,0.0
1770415542.1319563,37,159,0.0,0.0,0.0,0.0,1.0,0.9999999999999999,-1.05,0.0
1770415542.134036,37,160,0.0,0.0,0.0,0.0,1.0,0.9999999999999999,-1.05,0.0
1770415542.135944,37,161,0.0,0.0,0.0,0.0,1.0,0.9999999999999999,-1.05,0.0
1770415542.1377974,37,162,0.0,0.0,0.0,0.0,1.0,0.9999999999999999,-1.05,0.0
1770415542.1398544,37,163,0.0,0.0,0.0,0.0,1.0,0.9999999999999999,-1.05,0.0
1770415542.1415913,37,164,0.0,0.0,0.0,0.0,1.0,0.9999999999999999,-1.05,0.0
1770415542.1433492,37,165,0.0,0.0,0.0,0.0,1.0,0.9999999999999999,-1.05,0.0
1770415542.1454105,37,166,0.0,0.0,0.0,0.0,1.0,0.9999999999999999,-1.05,0.0
1770415542.1473293,37,167,0.0,0.0,0.0,0.0,1.0,0.9999999999999999,-1.05,0.0
1770415542.149471,37,168,0.0,0.0,0.0,0.0,1.0,0.9999999999999999,-1.05,0.0
1770415542.1515481,37,169,0.0,0.0,0.0,0.0,1.0,0.9999999999999999,-1.05,0.0
1770415542.153594,37,170,0.0,0.0,0.0,0.0,1.0,0.9999999999999999,-1.05,0.0
1770415542.1545854,37,171,0.0,0.0,0.0,0.0,1.0,0.9999999999999999,-1.05,0.0
1770415542.1556458,37,172,0.0,0.0,0.0,0.0,1.0,0.9999999999999999,-1.05,0.0
1770415542.1567576,37,173,0.0,0.0,0.0,0.0,1.0,0.9999999999999999,-1.05,0.0
1770415542.1577034,37,174,0.0,0.0,0.0,0.0,1.0,0.9999999999999999,-1.05,0.0
1770415542.1586301,37,175,0.0,0.0,0.0,0.0,1.0,0.9999999999999999,-1.05,0.0
1770415542.1598513,37,176,0.0,0.0,0.0,0.0,1.0,0.9999999999999999,-1.05,0.0
1770415542.1608984,37,177,0.0,0.0,0.0,0.0,1.0,0.9999999999999999,-1.05,0.0
1770415542.1621156,37,178,0.0,0.0,0.0,0.0,1.0,0.9999999999999999,-1.05,0.0
1770415542.163122,37,179,0.0,0.0,0.0,0.0,1.0,0.9999999999999999,-1.05,0.0
1770415542.165577,37,180,0.0,0.0,0.0,0.0,1.0,0.9999999999999999,-1.05,0.0
1770415542.1675994,37,181,0.0,0.0,0.0,0.0,1.0,0.9999999999999999,-1.05,0.0
1770415542.1706061,37,182,0.0,0.0,0.0,0.0,1.0,0.9999999999999999,-1.05,0.0
1770415542.172923,37,183,0.0,0.0,0.0,0.0,1.0,0.9999999999999999,-1.05,0.0
1770415542.1749954,37,184,0.0,0.0,0.0,0.0,1.0,0.9999999999999999,-1.05,0.0
1770415542.1770933,37,185,0.0,0.0,0.0,0.0,1.0,0.9999999999999999,-1.05,0.0
1770415542.1793928,37,186,0.0,0.0,0.0,0.0,1.0,0.9999999999999999,-1.05,0.0
1770415542.1815143,37,187,0.0,0.0,0.0,0.0,1.0,0.9999999999999999,-1.05,0.0
1770415542.1834538,37,188,0.0,0.0,0.0,0.0,1.0,0.9999999999999999,-1.05,0.0
1770415542.1856067,37,189,0.0,0.0,0.0,0.0,1.0,0.9999999999999999,-1.05,0.0
1770415542.1875844,37,190,0.0,0.0,0.0,0.0,1.0,0.9999999999999999,-1.05,0.0
1770415542.189759,37,191,0.0,0.0,0.0,0.0,1.0,0.9999999999999999,-1.05,0.0
1770415542.1920347,37,192,0.0,0.0,0.0,0.0,1.0,0.9999999999999999,-1.05,0.0
1770415542.1941416,37,193,0.0,0.0,0.0,0.0,1.0,0.9999999999999999,-1.05,0.0
1770415542.196185,37,194,0.0,0.0,0.0,0.0,1.0,0.9999999999999999,-1.05,0.0
1770415542.1985,37,195,0.0,0.0,0.0,0.0,1.0,0.9999999999999999,-1.05,0.0
1770415542.2006552,37,196,0.0,0.0,0.0,0.0,1.0,0.9999999999999999,-1.05,0.0
1770415542.202832,37,197,0.0,0.0,0.0,0.0,1.0,0.9999999999999999,-1.05,0.0
1770415542.2048998,37,198,0.0,0.0,0.0,0.0,1.0,0.9999999999999999,-1.05,0.0
1770415542.207194,37,199,0.0,0.0,0.0,0.0,1.0,0.9999999999999999,-1.05,0.0
1770415542.2094247,37,200,0.0,0.0,0.0,0.0,1.0,0.9999999999999999,-1.05,0.0
1770415542.2804227,38,0,0.0,0.0,0.0,0.0,1.0,0.0,0.0,0.0
1770415542.2827308,38,1,0.0,0.0,0.0,0.0,1.0,0.9999999999999999,-0.049999999999999996,0.0
1770415542.2846806,38,2,0.0,0.0,0.0,0.0,1.0,0.9999999999999999,-0.049999999999999996,0.0
1770415542.2868016,38,3,0.0,0.0,0.0,0.0,1.0,0.9999999999999999,-0.049999999999999996,0.0
1770415542.2879899,38,4,0.0,0.0,0.0,0.0,1.0,0.9999999999999999,-0.049999999999999996,0.0
1770415542.2891402,38,5,0.0,0.0,0.0,0.0,1.0,0.9999999999999999,-0.049999999999999996,0.0
1770415542.2902038,38,6,0.0,0.0,0.0,0.0,1.0,0.9999999999999999,-1.05,0.0
1770415542.2916641,38,7,0.0,0.0,0.0,0.0,1.0,0.9999999999999999,-1.05,0.0
1770415542.292826,38,8,0.0,0.0,0.0,0.0,1.0,0.9999999999999999,-1.05,0.0
1770415542.2940712,38,9,0.0,0.0,0.0,0.0,1.0,0.9999999999999999,-1.05,0.0
1770415542.2953393,38,10,0.0,0.0,0.0,0.0,1.0,0.9999999999999999,-1.05,0.0
1770415542.2963479,38,11,0.0,0.0,0.0,0.0,1.0,0.9999999999999999,-1.05,0.0
1770415542.2974575,38,12,0.0,0.0,0.0,0.0,1.0,0.9999999999999999,-1.05,0.0
1770415542.2985423,38,13,0.0,0.0,0.0,0.0,1.0,0.9999999999999999,-1.05,0.0
1770415542.2996306,38,14,0.0,0.0,0.0,0.0,1.0,0.9999999999999999,-1.05,0.0
1770415542.300679,38,15,0.0,0.0,0.0,0.0,1.0,0.9999999999999999,-1.05,0.0
1770415542.302114,38,16,0.0,0.0,0.0,0.0,1.0,0.9999999999999999,-1.05,0.0
1770415542.3032012,38,17,0.0,0.0,0.0,0.0,1.0,0.9999999999999999,-1.05,0.0
1770415542.3040876,38,18,0.0,0.0,0.0,0.0,1.0,0.9999999999999999,-1.05,0.0
1770415542.3051758,38,19,0.0,0.0,0.0,0.0,1.0,0.9999999999999999,-1.05,0.0
1770415542.3062098,38,20,0.0,0.0,0.0,0.0,1.0,0.9999999999999999,-1.05,0.0
1770415542.3072495,38,21,0.0,0.0,0.0,0.0,1.0,0.9999999999999999,-1.05,0.0
1770415542.3081708,38,22,0.0,0.0,0.0,0.0,1.0,0.9999999999999999,-1.05,0.0
1770415542.3089213,38,23,0.0,0.0,0.0,0.0,1.0,0.9999999999999999,-1.05,0.0
1770415542.3100233,38,24,0.0,0.0,0.0,0.0,1.0,0.9999999999999999,-1.05,0.0
1770415542.311144,38,25,0.0,0.0,0.0,0.0,1.0,0.9999999999999999,-1.05,0.0
1770415542.312349,38,26,0.0,0.0,0.0,0.0,1.0,0.9999999999999999,-1.05,0.0
1770415542.3135338,38,27,0.0,0.0,0.0,0.0,1.0,0.9999999999999999,-1.05,0.0
1770415542.3146315,38,28,0.0,0.0,0.0,0.0,1.0,0.9999999999999999,-1.05,0.0
1770415542.3158305,38,29,0.0,0.0,0.0,0.0,1.0,0.9999999999999999,-1.05,0.0
1770415542.3169222,38,30,0.0,0.0,0.0,0.0,1.0,0.9999999999999999,-1.05,0.0
1770415542.3180573,38,31,0.0,0.0,0.0,0.0,1.0,0.9999999999999999,-1.05,0.0
1770415542.3191361,38,32,0.0,0.0,0.0,0.0,1.0,0.9999999999999999,-1.05,0.0
1770415542.3207414,38,33,0.0,0.0,0.0,0.0,1.0,0.9999999999999999,-1.05,0.0
1770415542.3225858,38,34,0.0,0.0,0.0,0.0,1.0,0.9999999999999999,-1.05,0.0
1770415542.3247945,38,35,0.0,0.0,0.0,0.0,1.0,0.9999999999999999,-1.05,0.0
1770415542.3265924,38,36,0.0,0.0,0.0,0.0,1.0,0.9999999999999999,-1.05,0.0
1770415542.3275652,38,37,0.0,0.0,0.0,0.0,1.0,0.9999999999999999,-1.05,0.0
1770415542.3285596,38,38,0.0,0.0,0.0,0.0,1.0,0.9999999999999999,-1.05,0.0
1770415542.3295634,38,39,0.0,0.0,0.0,0.0,1.0,0.9999999999999999,-1.05,0.0
1770415542.330611,38,40,0.0,0.0,0.0,0.0,1.0,0.9999999999999999,-1.05,0.0
1770415542.331751,38,41,0.0,0.0,0.0,0.0,1.0,0.9999999999999999,-1.05,0.0
1770415542.3328173,38,42,0.0,0.0,0.0,0.0,1.0,0.9999999999999999,-1.05,0.0
1770415542.3340707,38,43,0.0,0.0,0.0,0.0,1.0,0.9999999999999999,-1.05,0.0
1770415542.3351142,38,44,0.0,0.0,0.0,0.0,1.0,0.9999999999999999,-1.05,0.0
1770415542.336296,38,45,0.0,0.0,0.0,0.0,1.0,0.9999999999999999,-1.05,0.0
1770415542.33753,38,46,0.0,0.0,0.0,0.0,1.0,0.9999999999999999,-1.05,0.0
1770415542.3385913,38,47,0.0,0.0,0.0,0.0,1.0,0.9999999999999999,-1.05,0.0
1770415542.3397765,38,48,0.0,0.0,0.0,0.0,1.0,0.9999999999999999,-1.05,0.0
1770415542.3408694,38,49,0.0,0.0,0.0,0.0,1.0,0.9999999999999999,-1.05,0.0
1770415542.3419964,38,50,0.0,0.0,0.0,0.0,1.0,0.9999999999999999,-1.05,0.0
1770415542.343321,38,51,0.0,0.0,0.0,0.0,1.0,0.9999999999999999,-1.05,0.0
1770415542.3445253,38,52,0.0,0.0,0.0,0.0,1.0,0.9999999999999999,-1.05,0.0
1770415542.3456473,38,53,0.0,0.0,0.0,0.0,1.0,0.9999999999999999,-1.05,0.0
1770415542.3465874,38,54,0.0,0.0,0.0,0.0,1.0,0.9999999999999999,-1.05,0.0
1770415542.3488524,38,55,0.0,0.0,0.0,0.0,1.0,0.9999999999999999,-1.05,0.0
1770415542.3511357,38,56,0.0,0.0,0.0,0.0,1.0,0.9999999999999999,-1.05,0.0
1770415542.3536477,38,57,0.0,0.0,0.0,0.0,1.0,0.9999999999999999,-1.05,0.0
1770415542.354845,38,58,0.0,0.0,0.0,0.0,1.0,0.9999999999999999,-1.05,0.0
1770415542.3568392,38,59,0.0,0.0,0.0,0.0,1.0,0.9999999999999999,-1.05,0.0
1770415542.3589997,38,60,0.0,0.0,0.0,0.0,1.0,0.9999999999999999,-1.05,0.0
1770415542.3611174,38,61,0.0,0.0,0.0,0.0,1.0,0.9999999999999999,-1.05,0.0
1770415542.3634303,38,62,0.0,0.0,0.0,0.0,1.0,0.9999999999999999,-1.05,0.0
1770415542.3643863,38,63,0.0,0.0,0.0,0.0,1.0,0.9999999999999999,-1.05,0.0
1770415542.3654692,38,64,0.0,0.0,0.0,0.0,1.0,0.9999999999999999,-1.05,0.0
1770415542.3667705,38,65,0.0,0.0,0.0,0.0,1.0,0.9999999999999999,-1.05,0.0
1770415542.3677287,38,66,0.0,0.0,0.0,0.0,1.0,0.9999999999999999,-1.05,0.0
1770415542.3689175,38,67,0.0,0.0,0.0,0.0,1.0,0.9999999999999999,-1.05,0.0
1770415542.369938,38,68,0.0,0.0,0.0,0.0,1.0,0.9999999999999999,-1.05,0.0
1770415542.3710496,38,69,0.0,0.0,0.0,0.0,1.0,0.9999999999999999,-1.05,0.0
1770415542.3722265,38,70,0.0,0.0,0.0,0.0,1.0,0.9999999999999999,-1.05,0.0
1770415542.3733227,38,71,0.0,0.0,0.0,0.0,1.0,0.9999999999999999,-1.05,0.0
1770415542.3744226,38,72,0.0,0.0,0.0,0.0,1.0,0.9999999999999999,-1.05,0.0
1770415542.3759286,38,73,0.0,0.0,0.0,0.0,1.0,0.9999999999999999,-1.05,0.0
1770415542.3771682,38,74,0.0,0.0,0.0,0.0,1.0,0.9999999999999999,-1.05,0.0
1770415542.3786566,38,75,0.0,0.0,0.0,0.0,1.0,0.9999999999999999,-1.05,0.0
1770415542.3797755,38,76,0.0,0.0,0.0,0.0,1.0,0.9999999999999999,-1.05,0.0
1770415542.3809907,38,77,0.0,0.0,0.0,0.0,1.0,0.9999999999999999,-1.05,0.0
1770415542.3820627,38,78,0.0,0.0,0.0,0.0,1.0,0.9999999999999999,-1.05,0.0
1770415542.3832896,38,79,0.0,0.0,0.0,0.0,1.0,0.9999999999999999,-1.05,0.0
1770415542.3843377,38,80,0.0,0.0,0.0,0.0,1.0,0.9999999999999999,-1.05,0.0
1770415542.3856177,38,81,0.0,0.0,0.0,0.0,1.0,0.9999999999999999,-1.05,0.0
1770415542.3870625,38,82,0.0,0.0,0.0,0.0,1.0,0.9999999999999999,-1.05,0.0
1770415542.388088,38,83,0.0,0.0,0.0,0.0,1.0,0.9999999999999999,-1.05,0.0
1770415542.3889842,38,84,0.0,0.0,0.0,0.0,1.0,0.9999999999999999,-1.05,0.0
1770415542.3898525,38,85,0.0,0.0,0.0,0.0,1.0,0.9999999999999999,-1.05,0.0
1770415542.3907053,38,86,0.0,0.0,0.0,0.0,1.0,0.9999999999999999,-1.05,0.0
1770415542.3916638,38,87,0.0,0.0,0.0,0.0,1.0,0.9999999999999999,-1.05,0.0
1770415542.3926148,38,88,0.0,0.0,0.0,0.0,1.0,0.9999999999999999,-1.05,0.0
1770415542.3935616,38,89,0.0,0.0,0.0,0.0,1.0,0.9999999999999999,-1.05,0.0
1770415542.3946004,38,90,0.0,0.0,0.0,0.0,1.0,0.9999999999999999,-1.05,0.0
1770415542.3958364,38,91,0.0,0.0,0.0,0.0,1.0,0.9999999999999999,-1.05,0.0
1770415542.3968723,38,92,0.0,0.0,0.0,0.0,1.0,0.9999999999999999,-1.05,0.0
1770415542.3979602,38,93,0.0,0.0,0.0,0.0,1.0,0.9999999999999999,-1.05,0.0
1770415542.3989558,38,94,0.0,0.0,0.0,0.0,1.0,0.9999999999999999,-1.05,0.0
1770415542.4000573,38,95,0.0,0.0,0.0,0.0,1.0,0.9999999999999999,-1.05,0.0
1770415542.4011285,38,96,0.0,0.0,0.0,0.0,1.0,0.9999999999999999,-1.05,0.0
1770415542.4021308,38,97,0.0,0.0,0.0,0.0,1.0,0.9999999999999999,-1.05,0.0
1770415542.4031549,38,98,0.0,0.0,0.0,0.0,1.0,0.9999999999999999,-1.05,0.0
1770415542.4042687,38,99,0.0,0.0,0.0,0.0,1.0,0.9999999999999999,-1.05,0.0
1770415542.4051218,38,100,0.0,0.0,0.0,0.0,1.0,0.9999999999999999,-1.05,0.0
1770415542.4062726,38,101,0.0,0.0,0.0,0.0,1.0,0.9999999999999999,-1.05,0.0
1770415542.4072978,38,102,0.0,0.0,0.0,0.0,1.0,0.9999999999999999,-1.05,0.0
1770415542.4082325,38,103,0.0,0.0,0.0,0.0,1.0,0.9999999999999999,-1.05,0.0
1770415542.4089844,38,104,0.0,0.0,0.0,0.0,1.0,0.9999999999999999,-1.05,0.0
1770415542.4098134,38,105,0.0,0.0,0.0,0.0,1.0,0.9999999999999999,-1.05,0.0
1770415542.4106653,38,106,0.0,0.0,0.0,0.0,1.0,0.9999999999999999,-1.05,0.0
1770415542.411493,38,107,0.0,0.0,0.0,0.0,1.0,0.9999999999999999,-1.05,0.0
1770415542.4124718,38,108,0.0,0.0,0.0,0.0,1.0,0.9999999999999999,-1.05,0.0
1770415542.413521,38,109,0.0,0.0,0.0,0.0,1.0,0.9999999999999999,-1.05,0.0
1770415542.4147801,38,110,0.0,0.0,0.0,0.0,1.0,0.9999999999999999,-1.05,0.0
1770415542.4159255,38,111,0.0,0.0,0.0,0.0,1.0,0.9999999999999999,-1.05,0.0
1770415542.4171002,38,112,0.0,0.0,0.0,0.0,1.0,0.9999999999999999,-1.05,0.0
1770415542.4181724,38,113,0.0,0.0,0.0,0.0,1.0,0.9999999999999999,-1.05,0.0
1770415542.4193764,38,114,0.0,0.0,0.0,0.0,1.0,0.9999999999999999,-1.05,0.0
1770415542.4205704,38,115,0.0,0.0,0.0,0.0,1.0,0.9999999999999999,-1.05,0.0
1770415542.4214668,38,116,0.0,0.0,0.0,0.0,1.0,0.9999999999999999,-1.05,0.0
1770415542.4225466,38,117,0.0,0.0,0.0,0.0,1.0,0.9999999999999999,-1.05,0.0
1770415542.4235287,38,118,0.0,0.0,0.0,0.0,1.0,0.9999999999999999,-1.05,0.0
1770415542.4246452,38,119,0.0,0.0,0.0,0.0,1.0,0.9999999999999999,-1.05,0.0
1770415542.425711,38,120,0.0,0.0,0.0,0.0,1.0,0.9999999999999999,-1.05,0.0
1770415542.426581,38,121,0.0,0.0,0.0,0.0,1.0,0.9999999999999999,-1.05,0.0
1770415542.4277337,38,122,0.0,0.0,0.0,0.0,1.0,0.9999999999999999,-1.05,0.0
1770415542.4289498,38,123,0.0,0.0,0.0,0.0,1.0,0.9999999999999999,-1.05,0.0
1770415542.4298117,38,124,0.0,0.0,0.0,0.0,1.0,0.9999999999999999,-1.05,0.0
1770415542.4306104,38,125,0.0,0.0,0.0,0.0,1.0,0.9999999999999999,-1.05,0.0
1770415542.4314828,38,126,0.0,0.0,0.0,0.0,1.0,0.9999999999999999,-1.05,0.0
1770415542.4324489,38,127,0.0,0.0,0.0,0.0,1.0,0.9999999999999999,-1.05,0.0
1770415542.4333289,38,128,0.0,0.0,0.0,0.0,1.0,0.9999999999999999,-1.05,0.0
1770415542.4341648,38,129,0.0,0.0,0.0,0.0,1.0,0.9999999999999999,-1.05,0.0
1770415542.435087,38,130,0.0,0.0,0.0,0.0,1.0,0.9999999999999999,-1.05,0.0
1770415542.43597,38,131,0.0,0.0,0.0,0.0,1.0,0.9999999999999999,-1.05,0.0
1770415542.4369276,38,132,0.0,0.0,0.0,0.0,1.0,0.9999999999999999,-1.05,0.0
1770415542.4379582,38,133,0.0,0.0,0.0,0.0,1.0,0.9999999999999999,-1.05,0.0
1770415542.4391317,38,134,0.0,0.0,0.0,0.0,1.0,0.9999999999999999,-1.05,0.0
1770415542.4401436,38,135,0.0,0.0,0.0,0.0,1.0,0.9999999999999999,-1.05,0.0
1770415542.4411187,38,136,0.0,0.0,0.0,0.0,1.0,0.9999999999999999,-1.05,0.0
1770415542.4420652,38,137,0.0,0.0,0.0,0.0,1.0,0.9999999999999999,-1.05,0.0
1770415542.442968,38,138,0.0,0.0,0.0,0.0,1.0,0.9999999999999999,-1.05,0.0
1770415542.4437795,38,139,0.0,0.0,0.0,0.0,1.0,0.9999999999999999,-1.05,0.0
1770415542.4447215,38,140,0.0,0.0,0.0,0.0,1.0,0.9999999999999999,-1.05,0.0
1770415542.4457011,38,141,0.0,0.0,0.0,0.0,1.0,0.9999999999999999,-1.05,0.0
1770415542.4469132,38,142,0.0,0.0,0.0,0.0,1.0,0.9999999999999999,-1.05,0.0
1770415542.4480896,38,143,0.0,0.0,0.0,0.0,1.0,0.9999999999999999,-1.05,0.0
1770415542.4491217,38,144,0.0,0.0,0.0,0.0,1.0,0.9999999999999999,-1.05,0.0
1770415542.4500444,38,145,0.0,0.0,0.0,0.0,1.0,0.9999999999999999,-1.05,0.0
1770415542.45083,38,146,0.0,0.0,0.0,0.0,1.0,0.9999999999999999,-1.05,0.0
1770415542.451871,38,147,0.0,0.0,0.0,0.0,1.0,0.9999999999999999,-1.05,0.0
1770415542.4529374,38,148,0.0,0.0,0.0,0.0,1.0,0.9999999999999999,-1.05,0.0
1770415542.4540472,38,149,0.0,0.0,0.0,0.0,1.0,0.9999999999999999,-1.05,0.0
1770415542.4550357,38,150,0.0,0.0,0.0,0.0,1.0,0.9999999999999999,-1.05,0.0
1770415542.4562423,38,151,0.0,0.0,0.0,0.0,1.0,0.9999999999999999,-1.05,0.0
1770415542.4572766,38,152,0.0,0.0,0.0,0.0,1.0,0.9999999999999999,-1.05,0.0
1770415542.4582946,38,153,0.0,0.0,0.0,0.0,1.0,0.9999999999999999,-1.05,0.0
1770415542.45915,38,154,0.0,0.0,0.0,0.0,1.0,0.9999999999999999,-1.05,0.0
1770415542.4599974,38,155,0.0,0.0,0.0,0.0,1.0,0.9999999999999999,-1.05,0.0
1770415542.4608037,38,156,0.0,0.0,0.0,0.0,1.0,0.9999999999999999,-1.05,0.0
1770415542.4617817,38,157,0.0,0.0,0.0,0.0,1.0,0.9999999999999999,-1.05,0.0
1770415542.4627748,38,158,0.0,0.0,0.0,0.0,1.0,0.9999999999999999,-1.05,0.0
1770415542.4638863,38,159,0.0,0.0,0.0,0.0,1.0,0.9999999999999999,-1.05,0.0
1770415542.4650419,38,160,0.0,0.0,0.0,0.0,1.0,0.9999999999999999,-1.05,0.0
1770415542.4660833,38,161,0.0,0.0,0.0,0.0,1.0,0.9999999999999999,-1.05,0.0
1770415542.4670777,38,162,0.0,0.0,0.0,0.0,1.0,0.9999999999999999,-1.05,0.0
1770415542.4680016,38,163,0.0,0.0,0.0,0.0,1.0,0.9999999999999999,-1.05,0.0
1770415542.469055,38,164,0.0,0.0,0.0,0.0,1.0,0.9999999999999999,-1.05,0.0
1770415542.4702268,38,165,0.0,0.0,0.0,0.0,1.0,0.9999999999999999,-1.05,0.0
1770415542.4713495,38,166,0.0,0.0,0.0,0.0,1.0,0.9999999999999999,-1.05,0.0
1770415542.4725935,38,167,0.0,0.0,0.0,0.0,1.0,0.9999999999999999,-1.05,0.0
1770415542.473639,38,168,0.0,0.0,0.0,0.0,1.0,0.9999999999999999,-1.05,0.0
1770415542.4746501,38,169,0.0,0.0,0.0,0.0,1.0,0.9999999999999999,-1.05,0.0
1770415542.4757757,38,170,0.0,0.0,0.0,0.0,1.0,0.9999999999999999,-1.05,0.0
1770415542.4765909,38,171,0.0,0.0,0.0,0.0,1.0,0.9999999999999999,-1.05,0.0
1770415542.4776433,38,172,0.0,0.0,0.0,0.0,1.0,0.9999999999999999,-1.05,0.0
1770415542.4787824,38,173,0.0,0.0,0.0,0.0,1.0,0.9999999999999999,-1.05,0.0
1770415542.4799738,38,174,0.0,0.0,0.0,0.0,1.0,0.9999999999999999,-1.05,0.0
1770415542.4810913,38,175,0.0,0.0,0.0,0.0,1.0,0.9999999999999999,-1.05,0.0
1770415542.482,38,176,0.0,0.0,0.0,0.0,1.0,0.9999999999999999,-1.05,0.0
1770415542.483304,38,177,0.0,0.0,0.0,0.0,1.0,0.9999999999999999,-1.05,0.0
1770415542.4844832,38,178,0.0,0.0,0.0,0.0,1.0,0.9999999999999999,-1.05,0.0
1770415542.485587,38,179,0.0,0.0,0.0,0.0,1.0,0.9999999999999999,-1.05,0.0
1770415542.4866061,38,180,0.0,0.0,0.0,0.0,1.0,0.9999999999999999,-1.05,0.0
1770415542.487567,38,181,0.0,0.0,0.0,0.0,1.0,0.9999999999999999,-1.05,0.0
1770415542.4885657,38,182,0.0,0.0,0.0,0.0,1.0,0.9999999999999999,-1.05,0.0
1770415542.4894104,38,183,0.0,0.0,0.0,0.0,1.0,0.9999999999999999,-1.05,0.0
1770415542.490412,38,184,0.0,0.0,0.0,0.0,1.0,0.9999999999999999,-1.05,0.0
1770415542.4915025,38,185,0.0,0.0,0.0,0.0,1.0,0.9999999999999999,-1.05,0.0
1770415542.4926689,38,186,0.0,0.0,0.0,0.0,1.0,0.9999999999999999,-1.05,0.0
1770415542.4939158,38,187,0.0,0.0,0.0,0.0,1.0,0.9999999999999999,-1.05,0.0
1770415542.4950063,38,188,0.0,0.0,0.0,0.0,1.0,0.9999999999999999,-1.05,0.0
1770415542.4961655,38,189,0.0,0.0,0.0,0.0,1.0,0.9999999999999999,-1.05,0.0
1770415542.4971683,38,190,0.0,0.0,0.0,0.0,1.0,0.9999999999999999,-1.05,0.0
1770415542.498215,38,191,0.0,0.0,0.0,0.0,1.0,0.9999999999999999,-1.05,0.0
1770415542.499367,38,192,0.0,0.0,0.0,0.0,1.0,0.9999999999999999,-1.05,0.0
1770415542.5003204,38,193,0.0,0.0,0.0,0.0,1.0,0.9999999999999999,-1.05,0.0
1770415542.5012016,38,194,0.0,0.0,0.0,0.0,1.0,0.9999999999999999,-1.05,0.0
1770415542.5019753,38,195,0.0,0.0,0.0,0.0,1.0,0.9999999999999999,-1.05,0.0
1770415542.5028749,38,196,0.0,0.0,0.0,0.0,1.0,0.9999999999999999,-1.05,0.0
1770415542.5036933,38,197,0.0,0.0,0.0,0.0,1.0,0.9999999999999999,-1.05,0.0
1770415542.504471,38,198,0.0,0.0,0.0,0.0,1.0,0.9999999999999999,-1.05,0.0
1770415542.5054183,38,199,0.0,0.0,0.0,0.0,1.0,0.9999999999999999,-1.05,0.0
1770415542.506294,38,200,0.0,0.0,0.0,0.0,1.0,0.9999999999999999,-1.05,0.0
1770415542.5519981,39,0,0.0,0.0,0.0,0.0,1.0,0.0,0.0,0.0
1770415542.5532115,39,1,0.0,0.0,0.0,0.0,1.0,0.9999999999999999,-0.049999999999999996,0.0
1770415542.554211,39,2,0.0,0.0,0.0,0.0,1.0,0.9999999999999999,-0.049999999999999996,0.0
1770415542.5551171,39,3,0.0,0.0,0.0,0.0,1.0,0.9999999999999999,-0.049999999999999996,0.0
1770415542.5570583,39,4,0.0,0.0,0.0,0.0,1.0,0.9999999999999999,-0.049999999999999996,0.0
1770415542.5591943,39,5,0.0,0.0,0.0,0.0,1.0,0.9999999999999999,-0.049999999999999996,0.0
1770415542.561215,39,6,0.0,0.0,0.0,0.0,1.0,0.9999999999999999,-1.05,0.0
1770415542.5634964,39,7,0.0,0.0,0.0,0.0,1.0,0.9999999999999999,-1.05,0.0
1770415542.565638,39,8,0.0,0.0,0.0,0.0,1.0,0.9999999999999999,-1.05,0.0
1770415542.5675085,39,9,0.0,0.0,0.0,0.0,1.0,0.9999999999999999,-1.05,0.0
1770415542.5687578,39,10,0.0,0.0,0.0,0.0,1.0,0.9999999999999999,-1.05,0.0
1770415542.5699656,39,11,0.0,0.0,0.0,0.0,1.0,0.9999999999999999,-1.05,0.0
1770415542.5710983,39,12,0.0,0.0,0.0,0.0,1.0,0.9999999999999999,-1.05,0.0
1770415542.5721517,39,13,0.0,0.0,0.0,0.0,1.0,0.9999999999999999,-1.05,0.0
1770415542.5731387,39,14,0.0,0.0,0.0,0.0,1.0,0.9999999999999999,-1.05,0.0
1770415542.5743022,39,15,0.0,0.0,0.0,0.0,1.0,0.9999999999999999,-1.05,0.0
1770415542.5756,39,16,0.0,0.0,0.0,0.0,1.0,0.9999999999999999,-1.05,0.0
1770415542.5773773,39,17,0.0,0.0,0.0,0.0,1.0,0.9999999999999999,-1.05,0.0
1770415542.5791645,39,18,0.0,0.0,0.0,0.0,1.0,0.9999999999999999,-1.05,0.0
1770415542.5802102,39,19,0.0,0.0,0.0,0.0,1.0,0.9999999999999999,-1.05,0.0
1770415542.5810854,39,20,0.0,0.0,0.0,0.0,1.0,0.9999999999999999,-1.05,0.0
1770415542.5821283,39,21,0.0,0.0,0.0,0.0,1.0,0.9999999999999999,-1.05,0.0
1770415542.5831804,39,22,0.0,0.0,0.0,0.0,1.0,0.9999999999999999,-1.05,0.0
1770415542.584318,39,23,0.0,0.0,0.0,0.0,1.0,0.9999999999999999,-1.05,0.0
1770415542.5854704,39,24,0.0,0.0,0.0,0.0,1.0,0.9999999999999999,-1.05,0.0
1770415542.5870085,39,25,0.0,0.0,0.0,0.0,1.0,0.9999999999999999,-1.05,0.0
1770415542.5879462,39,26,0.0,0.0,0.0,0.0,1.0,0.9999999999999999,-1.05,0.0
1770415542.5889895,39,27,0.0,0.0,0.0,0.0,1.0,0.9999999999999999,-1.05,0.0
1770415542.5901191,39,28,0.0,0.0,0.0,0.0,1.0,0.9999999999999999,-1.05,0.0
1770415542.5912042,39,29,0.0,0.0,0.0,0.0,1.0,0.9999999999999999,-1.05,0.0
1770415542.5923355,39,30,0.0,0.0,0.0,0.0,1.0,0.9999999999999999,-1.05,0.0
1770415542.5932941,39,31,0.0,0.0,0.0,0.0,1.0,0.9999999999999999,-1.05,0.0
1770415542.5944018,39,32,0.0,0.0,0.0,0.0,1.0,0.9999999999999999,-1.05,0.0
1770415542.5954142,39,33,0.0,0.0,0.0,0.0,1.0,0.9999999999999999,-1.05,0.0
1770415542.596392,39,34,0.0,0.0,0.0,0.0,1.0,0.9999999999999999,-1.05,0.0
1770415542.5975516,39,35,0.0,0.0,0.0,0.0,1.0,0.9999999999999999,-1.05,0.0
1770415542.5986125,39,36,0.0,0.0,0.0,0.0,1.0,0.9999999999999999,-1.05,0.0
1770415542.5999076,39,37,0.0,0.0,0.0,0.0,1.0,0.9999999999999999,-1.05,0.0
1770415542.6009886,39,38,0.0,0.0,0.0,0.0,1.0,0.9999999999999999,-1.05,0.0
1770415542.6021752,39,39,0.0,0.0,0.0,0.0,1.0,0.9999999999999999,-1.05,0.0
1770415542.6032808,39,40,0.0,0.0,0.0,0.0,1.0,0.9999999999999999,-1.05,0.0
1770415542.6043208,39,41,0.0,0.0,0.0,0.0,1.0,0.9999999999999999,-1.05,0.0
1770415542.6051776,39,42,0.0,0.0,0.0,0.0,1.0,0.9999999999999999,-1.05,0.0
1770415542.6060996,39,43,0.0,0.0,0.0,0.0,1.0,0.9999999999999999,-1.05,0.0
1770415542.607082,39,44,0.0,0.0,0.0,0.0,1.0,0.9999999999999999,-1.05,0.0
1770415542.608143,39,45,0.0,0.0,0.0,0.0,1.0,0.9999999999999999,-1.05,0.0
1770415542.609282,39,46,0.0,0.0,0.0,0.0,1.0,0.9999999999999999,-1.05,0.0
1770415542.6103325,39,47,0.0,0.0,0.0,0.0,1.0,0.9999999999999999,-1.05,0.0
1770415542.6115158,39,48,0.0,0.0,0.0,0.0,1.0,0.9999999999999999,-1.05,0.0
1770415542.6126769,39,49,0.0,0.0,0.0,0.0,1.0,0.9999999999999999,-1.05,0.0
1770415542.613663,39,50,0.0,0.0,0.0,0.0,1.0,0.9999999999999999,-1.05,0.0
1770415542.6151366,39,51,0.0,0.0,0.0,0.0,1.0,0.9999999999999999,-1.05,0.0
1770415542.6164062,39,52,0.0,0.0,0.0,0.0,1.0,0.9999999999999999,-1.05,0.0
1770415542.6176786,39,53,0.0,0.0,0.0,0.0,1.0,0.9999999999999999,-1.05,0.0
1770415542.6189005,39,54,0.0,0.0,0.0,0.0,1.0,0.9999999999999999,-1.05,0.0
1770415542.6203103,39,55,0.0,0.0,0.0,0.0,1.0,0.9999999999999999,-1.05,0.0
1770415542.6225305,39,56,0.0,0.0,0.0,0.0,1.0,0.9999999999999999,-1.05,0.0
1770415542.6244686,39,57,0.0,0.0,0.0,0.0,1.0,0.9999999999999999,-1.05,0.0
1770415542.626212,39,58,0.0,0.0,0.0,0.0,1.0,0.9999999999999999,-1.05,0.0
1770415542.6276302,39,59,0.0,0.0,0.0,0.0,1.0,0.9999999999999999,-1.05,0.0
1770415542.6284838,39,60,0.0,0.0,0.0,0.0,1.0,0.9999999999999999,-1.05,0.0
1770415542.6296265,39,61,0.0,0.0,0.0,0.0,1.0,0.9999999999999999,-1.05,0.0
1770415542.630777,39,62,0.0,0.0,0.0,0.0,1.0,0.9999999999999999,-1.05,0.0
1770415542.6317208,39,63,0.0,0.0,0.0,0.0,1.0,0.9999999999999999,-1.05,0.0
1770415542.6325808,39,64,0.0,0.0,0.0,0.0,1.0,0.9999999999999999,-1.05,0.0
1770415542.6334615,39,65,0.0,0.0,0.0,0.0,1.0,0.9999999999999999,-1.05,0.0
1770415542.634304,39,66,0.0,0.0,0.0,0.0,1.0,0.9999999999999999,-1.05,0.0
1770415542.6350975,39,67,0.0,0.0,0.0,0.0,1.0,0.9999999999999999,-1.05,0.0
1770415542.6359317,39,68,0.0,0.0,0.0,0.0,1.0,0.9999999999999999,-1.05,0.0
1770415542.6368027,39,69,0.0,0.0,0.0,0.0,1.0,0.9999999999999999,-1.05,0.0
1770415542.6376579,39,70,0.0,0.0,0.0,0.0,1.0,0.9999999999999999,-1.05,0.0
1770415542.6384254,39,71,0.0,0.0,0.0,0.0,1.0,0.9999999999999999,-1.05,0.0
1770415542.6392612,39,72,0.0,0.0,0.0,0.0,1.0,0.9999999999999999,-1.05,0.0
1770415542.640362,39,73,0.0,0.0,0.0,0.0,1.0,0.9999999999999999,-1.05,0.0
1770415542.6413758,39,74,0.0,0.0,0.0,0.0,1.0,0.9999999999999999,-1.05,0.0
1770415542.642317,39,75,0.0,0.0,0.0,0.0,1.0,0.9999999999999999,-1.05,0.0
1770415542.6431444,39,76,0.0,0.0,0.0,0.0,1.0,0.9999999999999999,-1.05,0.0
1770415542.6441944,39,77,0.0,0.0,0.0,0.0,1.0,0.9999999999999999,-1.05,0.0
1770415542.6451554,39,78,0.0,0.0,0.0,0.0,1.0,0.9999999999999999,-1.05,0.0
1770415542.645984,39,79,0.0,0.0,0.0,0.0,1.0,0.9999999999999999,-1.05,0.0
1770415542.6468332,39,80,0.0,0.0,0.0,0.0,1.0,0.9999999999999999,-1.05,0.0
1770415542.6478374,39,81,0.0,0.0,0.0,0.0,1.0,0.9999999999999999,-1.05,0.0
1770415542.648826,39,82,0.0,0.0,0.0,0.0,1.0,0.9999999999999999,-1.05,0.0
1770415542.6498241,39,83,0.0,0.0,0.0,0.0,1.0,0.9999999999999999,-1.05,0.0
1770415542.650886,39,84,0.0,0.0,0.0,0.0,1.0,0.9999999999999999,-1.05,0.0
1770415542.6518228,39,85,0.0,0.0,0.0,0.0,1.0,0.9999999999999999,-1.05,0.0
1770415542.6527615,39,86,0.0,0.0,0.0,0.0,1.0,0.9999999999999999,-1.05,0.0
1770415542.654051,39,87,0.0,0.0,0.0,0.0,1.0,0.9999999999999999,-1.05,0.0
1770415542.6549683,39,88,0.0,0.0,0.0,0.0,1.0,0.9999999999999999,-1.05,0.0
1770415542.6557739,39,89,0.0,0.0,0.0,0.0,1.0,0.9999999999999999,-1.05,0.0
1770415542.6565561,39,90,0.0,0.0,0.0,0.0,1.0,0.9999999999999999,-1.05,0.0
1770415542.658527,39,91,0.0,0.0,0.0,0.0,1.0,0.9999999999999999,-1.05,0.0
1770415542.6597302,39,92,0.0,0.0,0.0,0.0,1.0,0.9999999999999999,-1.05,0.0
1770415542.660663,39,93,0.0,0.0,0.0,0.0,1.0,0.9999999999999999,-1.05,0.0
1770415542.661523,39,94,0.0,0.0,0.0,0.0,1.0,0.9999999999999999,-1.05,0.0
1770415542.6624534,39,95,0.0,0.0,0.0,0.0,1.0,0.9999999999999999,-1.05,0.0
1770415542.663442,39,96,0.0,0.0,0.0,0.0,1.0,0.9999999999999999,-1.05,0.0
1770415542.6644313,39,97,0.0,0.0,0.0,0.0,1.0,0.9999999999999999,-1.05,0.0
1770415542.6653097,39,98,0.0,0.0,0.0,0.0,1.0,0.9999999999999999,-1.05,0.0
1770415542.666112,39,99,0.0,0.0,0.0,0.0,1.0,0.9999999999999999,-1.05,0.0
1770415542.6669996,39,100,0.0,0.0,0.0,0.0,1.0,0.9999999999999999,-1.05,0.0
1770415542.6679163,39,101,0.0,0.0,0.0,0.0,1.0,0.9999999999999999,-1.05,0.0
1770415542.6686683,39,102,0.0,0.0,0.0,0.0,1.0,0.9999999999999999,-1.05,0.0
1770415542.669499,39,103,0.0,0.0,0.0,0.0,1.0,0.9999999999999999,-1.05,0.0
1770415542.6702173,39,104,0.0,0.0,0.0,0.0,1.0,0.9999999999999999,-1.05,0.0
1770415542.6710548,39,105,0.0,0.0,0.0,0.0,1.0,0.9999999999999999,-1.05,0.0
1770415542.671969,39,106,0.0,0.0,0.0,0.0,1.0,0.9999999999999999,-1.05,0.0
1770415542.6730504,39,107,0.0,0.0,0.0,0.0,1.0,0.9999999999999999,-1.05,0.0
1770415542.6740196,39,108,0.0,0.0,0.0,0.0,1.0,0.9999999999999999,-1.05,0.0
1770415542.675069,39,109,0.0,0.0,0.0,0.0,1.0,0.9999999999999999,-1.05,0.0
1770415542.6759691,39,110,0.0,0.0,0.0,0.0,1.0,0.9999999999999999,-1.05,0.0
1770415542.6768732,39,111,0.0,0.0,0.0,0.0,1.0,0.9999999999999999,-1.05,0.0
1770415542.678092,39,112,0.0,0.0,0.0,0.0,1.0,0.9999999999999999,-1.05,0.0
1770415542.679174,39,113,0.0,0.0,0.0,0.0,1.0,0.9999999999999999,-1.05,0.0
1770415542.6803658,39,114,0.0,0.0,0.0,0.0,1.0,0.9999999999999999,-1.05,0.0
1770415542.6814907,39,115,0.0,0.0,0.0,0.0,1.0,0.9999999999999999,-1.05,0.0
1770415542.682526,39,116,0.0,0.0,0.0,0.0,1.0,0.9999999999999999,-1.05,0.0
1770415542.683664,39,117,0.0,0.0,0.0,0.0,1.0,0.9999999999999999,-1.05,0.0
1770415542.684627,39,118,0.0,0.0,0.0,0.0,1.0,0.9999999999999999,-1.05,0.0
1770415542.6854923,39,119,0.0,0.0,0.0,0.0,1.0,0.9999999999999999,-1.05,0.0
1770415542.687093,39,120,0.0,0.0,0.0,0.0,1.0,0.9999999999999999,-1.05,0.0
1770415542.688285,39,121,0.0,0.0,0.0,0.0,1.0,0.9999999999999999,-1.05,0.0
1770415542.689333,39,122,0.0,0.0,0.0,0.0,1.0,0.9999999999999999,-1.05,0.0
1770415542.690398,39,123,0.0,0.0,0.0,0.0,1.0,0.9999999999999999,-1.05,0.0
1770415542.691637,39,124,0.0,0.0,0.0,0.0,1.0,0.9999999999999999,-1.05,0.0
1770415542.692658,39,125,0.0,0.0,0.0,0.0,1.0,0.9999999999999999,-1.05,0.0
1770415542.6935236,39,126,0.0,0.0,0.0,0.0,1.0,0.9999999999999999,-1.05,0.0
1770415542.6944518,39,127,0.0,0.0,0.0,0.0,1.0,0.9999999999999999,-1.05,0.0
1770415542.6953318,39,128,0.0,0.0,0.0,0.0,1.0,0.9999999999999999,-1.05,0.0
1770415542.696308,39,129,0.0,0.0,0.0,0.0,1.0,0.9999999999999999,-1.05,0.0
1770415542.6973774,39,130,0.0,0.0,0.0,0.0,1.0,0.9999999999999999,-1.05,0.0
1770415542.698403,39,131,0.0,0.0,0.0,0.0,1.0,0.9999999999999999,-1.05,0.0
1770415542.699282,39,132,0.0,0.0,0.0,0.0,1.0,0.9999999999999999,-1.05,0.0
1770415542.700409,39,133,0.0,0.0,0.0,0.0,1.0,0.9999999999999999,-1.05,0.0
1770415542.7014785,39,134,0.0,0.0,0.0,0.0,1.0,0.9999999999999999,-1.05,0.0
1770415542.7025154,39,135,0.0,0.0,0.0,0.0,1.0,0.9999999999999999,-1.05,0.0
1770415542.7036839,39,136,0.0,0.0,0.0,0.0,1.0,0.9999999999999999,-1.05,0.0
1770415542.7045603,39,137,0.0,0.0,0.0,0.0,1.0,0.9999999999999999,-1.05,0.0
1770415542.7054417,39,138,0.0,0.0,0.0,0.0,1.0,0.9999999999999999,-1.05,0.0
1770415542.7063653,39,139,0.0,0.0,0.0,0.0,1.0,0.9999999999999999,-1.05,0.0
1770415542.707425,39,140,0.0,0.0,0.0,0.0,1.0,0.9999999999999999,-1.05,0.0
1770415542.708273,39,141,0.0,0.0,0.0,0.0,1.0,0.9999999999999999,-1.05,0.0
1770415542.7090492,39,142,0.0,0.0,0.0,0.0,1.0,0.9999999999999999,-1.05,0.0
1770415542.709773,39,143,0.0,0.0,0.0,0.0,1.0,0.9999999999999999,-1.05,0.0
1770415542.710496,39,144,0.0,0.0,0.0,0.0,1.0,0.9999999999999999,-1.05,0.0
1770415542.7114415,39,145,0.0,0.0,0.0,0.0,1.0,0.9999999999999999,-1.05,0.0
1770415542.7126176,39,146,0.0,0.0,0.0,0.0,1.0,0.9999999999999999,-1.05,0.0
1770415542.7135487,39,147,0.0,0.0,0.0,0.0,1.0,0.9999999999999999,-1.05,0.0
1770415542.7144682,39,148,0.0,0.0,0.0,0.0,1.0,0.9999999999999999,-1.05,0.0
1770415542.7154243,39,149,0.0,0.0,0.0,0.0,1.0,0.9999999999999999,-1.05,0.0
1770415542.7163672,39,150,0.0,0.0,0.0,0.0,1.0,0.9999999999999999,-1.05,0.0
1770415542.7174277,39,151,0.0,0.0,0.0,0.0,1.0,0.9999999999999999,-1.05,0.0
1770415542.7183974,39,152,0.0,0.0,0.0,0.0,1.0,0.9999999999999999,-1.05,0.0
1770415542.7194126,39,153,0.0,0.0,0.0,0.0,1.0,0.9999999999999999,-1.05,0.0
1770415542.7203941,39,154,0.0,0.0,0.0,0.0,1.0,0.9999999999999999,-1.05,0.0
1770415542.72112,39,155,0.0,0.0,0.0,0.0,1.0,0.9999999999999999,-1.05,0.0
1770415542.721751,39,156,0.0,0.0,0.0,0.0,1.0,0.9999999999999999,-1.05,0.0
1770415542.7227268,39,157,0.0,0.0,0.0,0.0,1.0,0.9999999999999999,-1.05,0.0
1770415542.723581,39,158,0.0,0.0,0.0,0.0,1.0,0.9999999999999999,-1.05,0.0
1770415542.7244244,39,159,0.0,0.0,0.0,0.0,1.0,0.9999999999999999,-1.05,0.0
1770415542.7252562,39,160,0.0,0.0,0.0,0.0,1.0,0.9999999999999999,-1.05,0.0
1770415542.7261667,39,161,0.0,0.0,0.0,0.0,1.0,0.9999999999999999,-1.05,0.0
1770415542.7269273,39,162,0.0,0.0,0.0,0.0,1.0,0.9999999999999999,-1.05,0.0
1770415542.7277143,39,163,0.0,0.0,0.0,0.0,1.0,0.9999999999999999,-1.05,0.0
1770415542.728384,39,164,0.0,0.0,0.0,0.0,1.0,0.9999999999999999,-1.05,0.0
1770415542.7290902,39,165,0.0,0.0,0.0,0.0,1.0,0.9999999999999999,-1.05,0.0
1770415542.7300267,39,166,0.0,0.0,0.0,0.0,1.0,0.9999999999999999,-1.05,0.0
1770415542.73107,39,167,0.0,0.0,0.0,0.0,1.0,0.9999999999999999,-1.05,0.0
1770415542.7321136,39,168,0.0,0.0,0.0,0.0,1.0,0.9999999999999999,-1.05,0.0
1770415542.7331533,39,169,0.0,0.0,0.0,0.0,1.0,0.9999999999999999,-1.05,0.0
1770415542.7338603,39,170,0.0,0.0,0.0,0.0,1.0,0.9999999999999999,-1.05,0.0
1770415542.7348547,39,171,0.0,0.0,0.0,0.0,1.0,0.9999999999999999,-1.05,0.0
1770415542.735828,39,172,0.0,0.0,0.0,0.0,1.0,0.9999999999999999,-1.05,0.0
1770415542.7366705,39,173,0.0,0.0,0.0,0.0,1.0,0.9999999999999999,-1.05,0.0
1770415542.737419,39,174,0.0,0.0,0.0,0.0,1.0,0.9999999999999999,-1.05,0.0
1770415542.7382243,39,175,0.0,0.0,0.0,0.0,1.0,0.9999999999999999,-1.05,0.0
1770415542.739277,39,176,0.0,0.0,0.0,0.0,1.0,0.9999999999999999,-1.05,0.0
1770415542.7403107,39,177,0.0,0.0,0.0,0.0,1.0,0.9999999999999999,-1.05,0.0
1770415542.7412472,39,178,0.0,0.0,0.0,0.0,1.0,0.9999999999999999,-1.05,0.0
1770415542.7420197,39,179,0.0,0.0,0.0,0.0,1.0,0.9999999999999999,-1.05,0.0
1770415542.7430787,39,180,0.0,0.0,0.0,0.0,1.0,0.9999999999999999,-1.05,0.0
1770415542.7440646,39,181,0.0,0.0,0.0,0.0,1.0,0.9999999999999999,-1.05,0.0
1770415542.7451153,39,182,0.0,0.0,0.0,0.0,1.0,0.9999999999999999,-1.05,0.0
1770415542.7460818,39,183,0.0,0.0,0.0,0.0,1.0,0.9999999999999999,-1.05,0.0
1770415542.746946,39,184,0.0,0.0,0.0,0.0,1.0,0.9999999999999999,-1.05,0.0
1770415542.7478983,39,185,0.0,0.0,0.0,0.0,1.0,0.9999999999999999,-1.05,0.0
1770415542.7488992,39,186,0.0,0.0,0.0,0.0,1.0,0.9999999999999999,-1.05,0.0
1770415542.7500525,39,187,0.0,0.0,0.0,0.0,1.0,0.9999999999999999,-1.05,0.0
1770415542.7510946,39,188,0.0,0.0,0.0,0.0,1.0,0.9999999999999999,-1.05,0.0
1770415542.7522013,39,189,0.0,0.0,0.0,0.0,1.0,0.9999999999999999,-1.05,0.0
1770415542.7531838,39,190,0.0,0.0,0.0,0.0,1.0,0.9999999999999999,-1.05,0.0
1770415542.7546198,39,191,0.0,0.0,0.0,0.0,1.0,0.9999999999999999,-1.05,0.0
1770415542.755598,39,192,0.0,0.0,0.0,0.0,1.0,0.9999999999999999,-1.05,0.0
1770415542.7567034,39,193,0.0,0.0,0.0,0.0,1.0,0.9999999999999999,-1.05,0.0
1770415542.7576716,39,194,0.0,0.0,0.0,0.0,1.0,0.9999999999999999,-1.05,0.0
1770415542.7587886,39,195,0.0,0.0,0.0,0.0,1.0,0.9999999999999999,-1.05,0.0
1770415542.7598999,39,196,0.0,0.0,0.0,0.0,1.0,0.9999999999999999,-1.05,0.0
1770415542.7609534,39,197,0.0,0.0,0.0,0.0,1.0,0.9999999999999999,-1.05,0.0
1770415542.7620318,39,198,0.0,0.0,0.0,0.0,1.0,0.9999999999999999,-1.05,0.0
1770415542.7629597,39,199,0.0,0.0,0.0,0.0,1.0,0.9999999999999999,-1.05,0.0
1770415542.7640786,39,200,0.0,0.0,0.0,0.0,1.0,0.9999999999999999,-1.05,0.0
1770415542.8163345,40,0,0.0,0.0,0.0,0.0,1.0,0.0,0.0,0.0
1770415542.8175964,40,1,0.0,0.0,0.0,0.0,1.0,0.9999999999999999,-0.049999999999999996,0.0
1770415542.8184726,40,2,0.0,0.0,0.0,0.0,1.0,0.9999999999999999,-0.049999999999999996,0.0
1770415542.8194282,40,3,0.0,0.0,0.0,0.0,1.0,0.9999999999999999,-0.049999999999999996,0.0
1770415542.8214622,40,4,0.0,0.0,0.0,0.0,1.0,0.9999999999999999,-0.049999999999999996,0.0
1770415542.823491,40,5,0.0,0.0,0.0,0.0,1.0,0.9999999999999999,-0.049999999999999996,0.0
1770415542.825517,40,6,0.0,0.0,0.0,0.0,1.0,0.9999999999999999,-1.05,0.0
1770415542.8275907,40,7,0.0,0.0,0.0,0.0,1.0,0.9999999999999999,-1.05,0.0
1770415542.8294256,40,8,0.0,0.0,0.0,0.0,1.0,0.9999999999999999,-1.05,0.0
1770415542.831226,40,9,0.0,0.0,0.0,0.0,1.0,0.9999999999999999,-1.05,0.0
1770415542.833279,40,10,0.0,0.0,0.0,0.0,1.0,0.9999999999999999,-1.05,0.0
1770415542.835164,40,11,0.0,0.0,0.0,0.0,1.0,0.9999999999999999,-1.05,0.0
1770415542.837105,40,12,0.0,0.0,0.0,0.0,1.0,0.9999999999999999,-1.05,0.0
1770415542.8389537,40,13,0.0,0.0,0.0,0.0,1.0,0.9999999999999999,-1.05,0.0
1770415542.8409882,40,14,0.0,0.0,0.0,0.0,1.0,0.9999999999999999,-1.05,0.0
1770415542.8432128,40,15,0.0,0.0,0.0,0.0,1.0,0.9999999999999999,-1.05,0.0
1770415542.8447652,40,16,0.0,0.0,0.0,0.0,1.0,0.9999999999999999,-1.05,0.0
1770415542.8457727,40,17,0.0,0.0,0.0,0.0,1.0,0.9999999999999999,-1.05,0.0
1770415542.8467002,40,18,0.0,0.0,0.0,0.0,1.0,0.9999999999999999,-1.05,0.0
1770415542.8474867,40,19,0.0,0.0,0.0,0.0,1.0,0.9999999999999999,-1.05,0.0
1770415542.848378,40,20,0.0,0.0,0.0,0.0,1.0,0.9999999999999999,-1.05,0.0
1770415542.8491428,40,21,0.0,0.0,0.0,0.0,1.0,0.9999999999999999,-1.05,0.0
1770415542.8499506,40,22,0.0,0.0,0.0,0.0,1.0,0.9999999999999999,-1.05,0.0
1770415542.8509738,40,23,0.0,0.0,0.0,0.0,1.0,0.9999999999999999,-1.05,0.0
1770415542.8519604,40,24,0.0,0.0,0.0,0.0,1.0,0.9999999999999999,-1.05,0.0
1770415542.8528242,40,25,0.0,0.0,0.0,0.0,1.0,0.9999999999999999,-1.05,0.0
1770415542.85375,40,26,0.0,0.0,0.0,0.0,1.0,0.9999999999999999,-1.05,0.0
1770415542.8547347,40,27,0.0,0.0,0.0,0.0,1.0,0.9999999999999999,-1.05,0.0
1770415542.8556666,40,28,0.0,0.0,0.0,0.0,1.0,0.9999999999999999,-1.05,0.0
1770415542.8566194,40,29,0.0,0.0,0.0,0.0,1.0,0.9999999999999999,-1.05,0.0
1770415542.8577764,40,30,0.0,0.0,0.0,0.0,1.0,0.9999999999999999,-1.05,0.0
1770415542.8589923,40,31,0.0,0.0,0.0,0.0,1.0,0.9999999999999999,-1.05,0.0
1770415542.860136,40,32,0.0,0.0,0.0,0.0,1.0,0.9999999999999999,-1.05,0.0
1770415542.861158,40,33,0.0,0.0,0.0,0.0,1.0,0.9999999999999999,-1.05,0.0
1770415542.8632212,40,34,0.0,0.0,0.0,0.0,1.0,0.9999999999999999,-1.05,0.0
1770415542.8653004,40,35,0.0,0.0,0.0,0.0,1.0,0.9999999999999999,-1.05,0.0
1770415542.8672009,40,36,0.0,0.0,0.0,0.0,1.0,0.9999999999999999,-1.05,0.0
1770415542.869491,40,37,0.0,0.0,0.0,0.0,1.0,0.9999999999999999,-1.05,0.0
1770415542.8714726,40,38,0.0,0.0,0.0,0.0,1.0,0.9999999999999999,-1.05,0.0
1770415542.8733718,40,39,0.0,0.0,0.0,0.0,1.0,0.9999999999999999,-1.05,0.0
1770415542.8742542,40,40,0.0,0.0,0.0,0.0,1.0,0.9999999999999999,-1.05,0.0
1770415542.8753421,40,41,0.0,0.0,0.0,0.0,1.0,0.9999999999999999,-1.05,0.0
1770415542.876355,40,42,0.0,0.0,0.0,0.0,1.0,0.9999999999999999,-1.05,0.0
1770415542.877279,40,43,0.0,0.0,0.0,0.0,1.0,0.9999999999999999,-1.05,0.0
1770415542.8781993,40,44,0.0,0.0,0.0,0.0,1.0,0.9999999999999999,-1.05,0.0
1770415542.8790908,40,45,0.0,0.0,0.0,0.0,1.0,0.9999999999999999,-1.05,0.0
1770415542.8800366,40,46,0.0,0.0,0.0,0.0,1.0,0.9999999999999999,-1.05,0.0
1770415542.8810222,40,47,0.0,0.0,0.0,0.0,1.0,0.9999999999999999,-1.05,0.0
1770415542.8817487,40,48,0.0,0.0,0.0,0.0,1.0,0.9999999999999999,-1.05,0.0
1770415542.8825684,40,49,0.0,0.0,0.0,0.0,1.0,0.9999999999999999,-1.05,0.0
1770415542.8833342,40,50,0.0,0.0,0.0,0.0,1.0,0.9999999999999999,-1.05,0.0
1770415542.8842273,40,51,0.0,0.0,0.0,0.0,1.0,0.9999999999999999,-1.05,0.0
1770415542.8849983,40,52,0.0,0.0,0.0,0.0,1.0,0.9999999999999999,-1.05,0.0
1770415542.8857267,40,53,0.0,0.0,0.0,0.0,1.0,0.9999999999999999,-1.05,0.0
1770415542.8864534,40,54,0.0,0.0,0.0,0.0,1.0,0.9999999999999999,-1.05,0.0
1770415542.8872454,40,55,0.0,0.0,0.0,0.0,1.0,0.9999999999999999,-1.05,0.0
1770415542.888035,40,56,0.0,0.0,0.0,0.0,1.0,0.9999999999999999,-1.05,0.0
1770415542.8887305,40,57,0.0,0.0,0.0,0.0,1.0,0.9999999999999999,-1.05,0.0
1770415542.8894727,40,58,0.0,0.0,0.0,0.0,1.0,0.9999999999999999,-1.05,0.0
1770415542.8901772,40,59,0.0,0.0,0.0,0.0,1.0,0.9999999999999999,-1.05,0.0
1770415542.8910232,40,60,0.0,0.0,0.0,0.0,1.0,0.9999999999999999,-1.05,0.0
1770415542.8920987,40,61,0.0,0.0,0.0,0.0,1.0,0.9999999999999999,-1.05,0.0
1770415542.8930862,40,62,0.0,0.0,0.0,0.0,1.0,0.9999999999999999,-1.05,0.0
1770415542.8940938,40,63,0.0,0.0,0.0,0.0,1.0,0.9999999999999999,-1.05,0.0
1770415542.8950315,40,64,0.0,0.0,0.0,0.0,1.0,0.9999999999999999,-1.05,0.0
1770415542.8958101,40,65,0.0,0.0,0.0,0.0,1.0,0.9999999999999999,-1.05,0.0
1770415542.8966846,40,66,0.0,0.0,0.0,0.0,1.0,0.9999999999999999,-1.05,0.0
1770415542.8974524,40,67,0.0,0.0,0.0,0.0,1.0,0.9999999999999999,-1.05,0.0
1770415542.8981273,40,68,0.0,0.0,0.0,0.0,1.0,0.9999999999999999,-1.05,0.0
1770415542.8989947,40,69,0.0,0.0,0.0,0.0,1.0,0.9999999999999999,-1.05,0.0
1770415542.899955,40,70,0.0,0.0,0.0,0.0,1.0,0.9999999999999999,-1.05,0.0
1770415542.900959,40,71,0.0,0.0,0.0,0.0,1.0,0.9999999999999999,-1.05,0.0
1770415542.9018338,40,72,0.0,0.0,0.0,0.0,1.0,0.9999999999999999,-1.05,0.0
1770415542.9027333,40,73,0.0,0.0,0.0,0.0,1.0,0.9999999999999999,-1.05,0.0
1770415542.9034503,40,74,0.0,0.0,0.0,0.0,1.0,0.9999999999999999,-1.05,0.0
1770415542.9042299,40,75,0.0,0.0,0.0,0.0,1.0,0.9999999999999999,-1.05,0.0
1770415542.9051323,40,76,0.0,0.0,0.0,0.0,1.0,0.9999999999999999,-1.05,0.0
1770415542.9061577,40,77,0.0,0.0,0.0,0.0,1.0,0.9999999999999999,-1.05,0.0
1770415542.9071412,40,78,0.0,0.0,0.0,0.0,1.0,0.9999999999999999,-1.05,0.0
1770415542.908166,40,79,0.0,0.0,0.0,0.0,1.0,0.9999999999999999,-1.05,0.0
1770415542.9089835,40,80,0.0,0.0,0.0,0.0,1.0,0.9999999999999999,-1.05,0.0
1770415542.9097342,40,81,0.0,0.0,0.0,0.0,1.0,0.9999999999999999,-1.05,0.0
1770415542.9104767,40,82,0.0,0.0,0.0,0.0,1.0,0.9999999999999999,-1.05,0.0
1770415542.9113317,40,83,0.0,0.0,0.0,0.0,1.0,0.9999999999999999,-1.05,0.0
1770415542.9121933,40,84,0.0,0.0,0.0,0.0,1.0,0.9999999999999999,-1.05,0.0
1770415542.9131613,40,85,0.0,0.0,0.0,0.0,1.0,0.9999999999999999,-1.05,0.0
1770415542.9140775,40,86,0.0,0.0,0.0,0.0,1.0,0.9999999999999999,-1.05,0.0
1770415542.9150486,40,87,0.0,0.0,0.0,0.0,1.0,0.9999999999999999,-1.05,0.0
1770415542.9159544,40,88,0.0,0.0,0.0,0.0,1.0,0.9999999999999999,-1.05,0.0
1770415542.9167452,40,89,0.0,0.0,0.0,0.0,1.0,0.9999999999999999,-1.05,0.0
1770415542.9174857,40,90,0.0,0.0,0.0,0.0,1.0,0.9999999999999999,-1.05,0.0
1770415542.9183133,40,91,0.0,0.0,0.0,0.0,1.0,0.9999999999999999,-1.05,0.0
1770415542.919134,40,92,0.0,0.0,0.0,0.0,1.0,0.9999999999999999,-1.05,0.0
1770415542.920049,40,93,0.0,0.0,0.0,0.0,1.0,0.9999999999999999,-1.05,0.0
1770415542.9210908,40,94,0.0,0.0,0.0,0.0,1.0,0.9999999999999999,-1.05,0.0
1770415542.9220955,40,95,0.0,0.0,0.0,0.0,1.0,0.9999999999999999,-1.05,0.0
1770415542.9230793,40,96,0.0,0.0,0.0,0.0,1.0,0.9999999999999999,-1.05,0.0
1770415542.9238288,40,97,0.0,0.0,0.0,0.0,1.0,0.9999999999999999,-1.05,0.0
1770415542.9248056,40,98,0.0,0.0,0.0,0.0,1.0,0.9999999999999999,-1.05,0.0
1770415542.9259956,40,99,0.0,0.0,0.0,0.0,1.0,0.9999999999999999,-1.05,0.0
1770415542.927045,40,100,0.0,0.0,0.0,0.0,1.0,0.9999999999999999,-1.05,0.0
1770415542.928078,40,101,0.0,0.0,0.0,0.0,1.0,0.9999999999999999,-1.05,0.0
1770415542.9290524,40,102,0.0,0.0,0.0,0.0,1.0,0.9999999999999999,-1.05,0.0
1770415542.9301312,40,103,0.0,0.0,0.0,0.0,1.0,0.9999999999999999,-1.05,0.0
1770415542.9311533,40,104,0.0,0.0,0.0,0.0,1.0,0.9999999999999999,-1.05,0.0
1770415542.9320142,40,105,0.0,0.0,0.0,0.0,1.0,0.9999999999999999,-1.05,0.0
1770415542.9329429,40,106,0.0,0.0,0.0,0.0,1.0,0.9999999999999999,-1.05,0.0
1770415542.933818,40,107,0.0,0.0,0.0,0.0,1.0,0.9999999999999999,-1.05,0.0
1770415542.9346046,40,108,0.0,0.0,0.0,0.0,1.0,0.9999999999999999,-1.05,0.0
1770415542.935283,40,109,0.0,0.0,0.0,0.0,1.0,0.9999999999999999,-1.05,0.0
1770415542.9360313,40,110,0.0,0.0,0.0,0.0,1.0,0.9999999999999999,-1.05,0.0
1770415542.9370596,40,111,0.0,0.0,0.0,0.0,1.0,0.9999999999999999,-1.05,0.0
1770415542.9381015,40,112,0.0,0.0,0.0,0.0,1.0,0.9999999999999999,-1.05,0.0
1770415542.9389713,40,113,0.0,0.0,0.0,0.0,1.0,0.9999999999999999,-1.05,0.0
1770415542.9399543,40,114,0.0,0.0,0.0,0.0,1.0,0.9999999999999999,-1.05,0.0
1770415542.940705,40,115,0.0,0.0,0.0,0.0,1.0,0.9999999999999999,-1.05,0.0
1770415542.941552,40,116,0.0,0.0,0.0,0.0,1.0,0.9999999999999999,-1.05,0.0
1770415542.9425635,40,117,0.0,0.0,0.0,0.0,1.0,0.9999999999999999,-1.05,0.0
1770415542.9441082,40,118,0.0,0.0,0.0,0.0,1.0,0.9999999999999999,-1.05,0.0
1770415542.9451604,40,119,0.0,0.0,0.0,0.0,1.0,0.9999999999999999,-1.05,0.0
1770415542.9461331,40,120,0.0,0.0,0.0,0.0,1.0,0.9999999999999999,-1.05,0.0
1770415542.947182,40,121,0.0,0.0,0.0,0.0,1.0,0.9999999999999999,-1.05,0.0
1770415542.9481344,40,122,0.0,0.0,0.0,0.0,1.0,0.9999999999999999,-1.05,0.0
1770415542.9491622,40,123,0.0,0.0,0.0,0.0,1.0,0.9999999999999999,-1.05,0.0
1770415542.9501455,40,124,0.0,0.0,0.0,0.0,1.0,0.9999999999999999,-1.05,0.0
1770415542.9511282,40,125,0.0,0.0,0.0,0.0,1.0,0.9999999999999999,-1.05,0.0
1770415542.952141,40,126,0.0,0.0,0.0,0.0,1.0,0.9999999999999999,-1.05,0.0
1770415542.9531884,40,127,0.0,0.0,0.0,0.0,1.0,0.9999999999999999,-1.05,0.0
1770415542.9542923,40,128,0.0,0.0,0.0,0.0,1.0,0.9999999999999999,-1.05,0.0
1770415542.9557474,40,129,0.0,0.0,0.0,0.0,1.0,0.9999999999999999,-1.05,0.0
1770415542.9568663,40,130,0.0,0.0,0.0,0.0,1.0,0.9999999999999999,-1.05,0.0
1770415542.957963,40,131,0.0,0.0,0.0,0.0,1.0,0.9999999999999999,-1.05,0.0
1770415542.9590695,40,132,0.0,0.0,0.0,0.0,1.0,0.9999999999999999,-1.05,0.0
1770415542.9601142,40,133,0.0,0.0,0.0,0.0,1.0,0.9999999999999999,-1.05,0.0
1770415542.9610567,40,134,0.0,0.0,0.0,0.0,1.0,0.9999999999999999,-1.05,0.0
1770415542.9620168,40,135,0.0,0.0,0.0,0.0,1.0,0.9999999999999999,-1.05,0.0
1770415542.9629676,40,136,0.0,0.0,0.0,0.0,1.0,0.9999999999999999,-1.05,0.0
1770415542.9651592,40,137,0.0,0.0,0.0,0.0,1.0,0.9999999999999999,-1.05,0.0
1770415542.9669657,40,138,0.0,0.0,0.0,0.0,1.0,0.9999999999999999,-1.05,0.0
1770415542.9686987,40,139,0.0,0.0,0.0,0.0,1.0,0.9999999999999999,-1.05,0.0
1770415542.9703903,40,140,0.0,0.0,0.0,0.0,1.0,0.9999999999999999,-1.05,0.0
1770415542.972527,40,141,0.0,0.0,0.0,0.0,1.0,0.9999999999999999,-1.05,0.0
1770415542.9742897,40,142,0.0,0.0,0.0,0.0,1.0,0.9999999999999999,-1.05,0.0
1770415542.9756458,40,143,0.0,0.0,0.0,0.0,1.0,0.9999999999999999,-1.05,0.0
1770415542.9765472,40,144,0.0,0.0,0.0,0.0,1.0,0.9999999999999999,-1.05,0.0
1770415542.9774556,40,145,0.0,0.0,0.0,0.0,1.0,0.9999999999999999,-1.05,0.0
1770415542.9784,40,146,0.0,0.0,0.0,0.0,1.0,0.9999999999999999,-1.05,0.0
1770415542.9793973,40,147,0.0,0.0,0.0,0.0,1.0,0.9999999999999999,-1.05,0.0
1770415542.98025,40,148,0.0,0.0,0.0,0.0,1.0,0.9999999999999999,-1.05,0.0
1770415542.9809482,40,149,0.0,0.0,0.0,0.0,1.0,0.9999999999999999,-1.05,0.0
1770415542.9818034,40,150,0.0,0.0,0.0,0.0,1.0,0.9999999999999999,-1.05,0.0
1770415542.9826303,40,151,0.0,0.0,0.0,0.0,1.0,0.9999999999999999,-1.05,0.0
1770415542.9833572,40,152,0.0,0.0,0.0,0.0,1.0,0.9999999999999999,-1.05,0.0
1770415542.9842153,40,153,0.0,0.0,0.0,0.0,1.0,0.9999999999999999,-1.05,0.0
1770415542.9850466,40,154,0.0,0.0,0.0,0.0,1.0,0.9999999999999999,-1.05,0.0
1770415542.9859684,40,155,0.0,0.0,0.0,0.0,1.0,0.9999999999999999,-1.05,0.0
1770415542.9870985,40,156,0.0,0.0,0.0,0.0,1.0,0.9999999999999999,-1.05,0.0
1770415542.9881294,40,157,0.0,0.0,0.0,0.0,1.0,0.9999999999999999,-1.05,0.0
1770415542.9891465,40,158,0.0,0.0,0.0,0.0,1.0,0.9999999999999999,-1.05,0.0
1770415542.990121,40,159,0.0,0.0,0.0,0.0,1.0,0.9999999999999999,-1.05,0.0
1770415542.9911861,40,160,0.0,0.0,0.0,0.0,1.0,0.9999999999999999,-1.05,0.0
1770415542.9924707,40,161,0.0,0.0,0.0,0.0,1.0,0.9999999999999999,-1.05,0.0
1770415542.9935107,40,162,0.0,0.0,0.0,0.0,1.0,0.9999999999999999,-1.05,0.0
1770415542.9943259,40,163,0.0,0.0,0.0,0.0,1.0,0.9999999999999999,-1.05,0.0
1770415542.9952505,40,164,0.0,0.0,0.0,0.0,1.0,0.9999999999999999,-1.05,0.0
1770415542.9960864,40,165,0.0,0.0,0.0,0.0,1.0,0.9999999999999999,-1.05,0.0
1770415542.9969592,40,166,0.0,0.0,0.0,0.0,1.0,0.9999999999999999,-1.05,0.0
1770415542.9979677,40,167,0.0,0.0,0.0,0.0,1.0,0.9999999999999999,-1.05,0.0
1770415542.9992259,40,168,0.0,0.0,0.0,0.0,1.0,0.9999999999999999,-1.05,0.0
1770415543.0002594,40,169,0.0,0.0,0.0,0.0,1.0,0.9999999999999999,-1.05,0.0
1770415543.001056,40,170,0.0,0.0,0.0,0.0,1.0,0.9999999999999999,-1.05,0.0
1770415543.0019438,40,171,0.0,0.0,0.0,0.0,1.0,0.9999999999999999,-1.05,0.0
1770415543.0027757,40,172,0.0,0.0,0.0,0.0,1.0,0.9999999999999999,-1.05,0.0
1770415543.003674,40,173,0.0,0.0,0.0,0.0,1.0,0.9999999999999999,-1.05,0.0
1770415543.0045118,40,174,0.0,0.0,0.0,0.0,1.0,0.9999999999999999,-1.05,0.0
1770415543.0056555,40,175,0.0,0.0,0.0,0.0,1.0,0.9999999999999999,-1.05,0.0
1770415543.006455,40,176,0.0,0.0,0.0,0.0,1.0,0.9999999999999999,-1.05,0.0
1770415543.0072865,40,177,0.0,0.0,0.0,0.0,1.0,0.9999999999999999,-1.05,0.0
1770415543.0081816,40,178,0.0,0.0,0.0,0.0,1.0,0.9999999999999999,-1.05,0.0
1770415543.00916,40,179,0.0,0.0,0.0,0.0,1.0,0.9999999999999999,-1.05,0.0
1770415543.0102494,40,180,0.0,0.0,0.0,0.0,1.0,0.9999999999999999,-1.05,0.0
1770415543.0114725,40,181,0.0,0.0,0.0,0.0,1.0,0.9999999999999999,-1.05,0.0
1770415543.012603,40,182,0.0,0.0,0.0,0.0,1.0,0.9999999999999999,-1.05,0.0
1770415543.013639,40,183,0.0,0.0,0.0,0.0,1.0,0.9999999999999999,-1.05,0.0
1770415543.0146468,40,184,0.0,0.0,0.0,0.0,1.0,0.9999999999999999,-1.05,0.0
1770415543.0158448,40,185,0.0,0.0,0.0,0.0,1.0,0.9999999999999999,-1.05,0.0
1770415543.0168564,40,186,0.0,0.0,0.0,0.0,1.0,0.9999999999999999,-1.05,0.0
1770415543.0180159,40,187,0.0,0.0,0.0,0.0,1.0,0.9999999999999999,-1.05,0.0
1770415543.0192251,40,188,0.0,0.0,0.0,0.0,1.0,0.9999999999999999,-1.05,0.0
1770415543.020532,40,189,0.0,0.0,0.0,0.0,1.0,0.9999999999999999,-1.05,0.0
1770415543.0216362,40,190,0.0,0.0,0.0,0.0,1.0,0.9999999999999999,-1.05,0.0
1770415543.0227823,40,191,0.0,0.0,0.0,0.0,1.0,0.9999999999999999,-1.05,0.0
1770415543.0237396,40,192,0.0,0.0,0.0,0.0,1.0,0.9999999999999999,-1.05,0.0
1770415543.0246923,40,193,0.0,0.0,0.0,0.0,1.0,0.9999999999999999,-1.05,0.0
1770415543.0257692,40,194,0.0,0.0,0.0,0.0,1.0,0.9999999999999999,-1.05,0.0
1770415543.0267656,40,195,0.0,0.0,0.0,0.0,1.0,0.9999999999999999,-1.05,0.0
1770415543.0276961,40,196,0.0,0.0,0.0,0.0,1.0,0.9999999999999999,-1.05,0.0
1770415543.0284631,40,197,0.0,0.0,0.0,0.0,1.0,0.9999999999999999,-1.05,0.0
1770415543.0294333,40,198,0.0,0.0,0.0,0.0,1.0,0.9999999999999999,-1.05,0.0
1770415543.0304422,40,199,0.0,0.0,0.0,0.0,1.0,0.9999999999999999,-1.05,0.0
1770415543.0314708,40,200,0.0,0.0,0.0,0.0,1.0,0.9999999999999999,-1.05,0.0
1770415543.0766032,41,0,0.0,0.0,0.0,0.0,1.0,0.0,0.0,0.0
1770415543.0777347,41,1,0.0,0.0,0.0,0.0,1.0,0.9999999999999999,-0.049999999999999996,0.0
1770415543.0787332,41,2,0.0,0.0,0.0,0.0,1.0,0.9999999999999999,-0.049999999999999996,0.0
1770415543.0797887,41,3,0.0,0.0,0.0,0.0,1.0,0.9999999999999999,-0.049999999999999996,0.0
1770415543.0807025,41,4,0.0,0.0,0.0,0.0,1.0,0.9999999999999999,-0.049999999999999996,0.0
1770415543.0814846,41,5,0.0,0.0,0.0,0.0,1.0,0.9999999999999999,-0.049999999999999996,0.0
1770415543.0824509,41,6,0.0,0.0,0.0,0.0,1.0,0.9999999999999999,-1.05,0.0
1770415543.083644,41,7,0.0,0.0,0.0,0.0,1.0,0.9999999999999999,-1.05,0.0
1770415543.0848022,41,8,0.0,0.0,0.0,0.0,1.0,0.9999999999999999,-1.05,0.0
1770415543.0860848,41,9,0.0,0.0,0.0,0.0,1.0,0.9999999999999999,-1.05,0.0
1770415543.087238,41,10,0.0,0.0,0.0,0.0,1.0,0.9999999999999999,-1.05,0.0
1770415543.0886948,41,11,0.0,0.0,0.0,0.0,1.0,0.9999999999999999,-1.05,0.0
1770415543.090616,41,12,0.0,0.0,0.0,0.0,1.0,0.9999999999999999,-1.05,0.0
1770415543.0925508,41,13,0.0,0.0,0.0,0.0,1.0,0.9999999999999999,-1.05,0.0
1770415543.0942333,41,14,0.0,0.0,0.0,0.0,1.0,0.9999999999999999,-1.05,0.0
1770415543.096175,41,15,0.0,0.0,0.0,0.0,1.0,0.9999999999999999,-1.05,0.0
1770415543.0982602,41,16,0.0,0.0,0.0,0.0,1.0,0.9999999999999999,-1.05,0.0
1770415543.1003733,41,17,0.0,0.0,0.0,0.0,1.0,0.9999999999999999,-1.05,0.0
1770415543.102469,41,18,0.0,0.0,0.0,0.0,1.0,0.9999999999999999,-1.05,0.0
1770415543.104471,41,19,0.0,0.0,0.0,0.0,1.0,0.9999999999999999,-1.05,0.0
1770415543.1062386,41,20,0.0,0.0,0.0,0.0,1.0,0.9999999999999999,-1.05,0.0
1770415543.1081173,41,21,0.0,0.0,0.0,0.0,1.0,0.9999999999999999,-1.05,0.0
1770415543.1099513,41,22,0.0,0.0,0.0,0.0,1.0,0.9999999999999999,-1.05,0.0
1770415543.1118083,41,23,0.0,0.0,0.0,0.0,1.0,0.9999999999999999,-1.05,0.0
1770415543.1135259,41,24,0.0,0.0,0.0,0.0,1.0,0.9999999999999999,-1.05,0.0
1770415543.1145444,41,25,0.0,0.0,0.0,0.0,1.0,0.9999999999999999,-1.05,0.0
1770415543.115696,41,26,0.0,0.0,0.0,0.0,1.0,0.9999999999999999,-1.05,0.0
1770415543.1166482,41,27,0.0,0.0,0.0,0.0,1.0,0.9999999999999999,-1.05,0.0
1770415543.1176631,41,28,0.0,0.0,0.0,0.0,1.0,0.9999999999999999,-1.05,0.0
1770415543.1186712,41,29,0.0,0.0,0.0,0.0,1.0,0.9999999999999999,-1.05,0.0
1770415543.1195683,41,30,0.0,0.0,0.0,0.0,1.0,0.9999999999999999,-1.05,0.0
1770415543.1205673,41,31,0.0,0.0,0.0,0.0,1.0,0.9999999999999999,-1.05,0.0
1770415543.1216383,41,32,0.0,0.0,0.0,0.0,1.0,0.9999999999999999,-1.05,0.0
1770415543.12264,41,33,0.0,0.0,0.0,0.0,1.0,0.9999999999999999,-1.05,0.0
1770415543.1236176,41,34,0.0,0.0,0.0,0.0,1.0,0.9999999999999999,-1.05,0.0
1770415543.1247513,41,35,0.0,0.0,0.0,0.0,1.0,0.9999999999999999,-1.05,0.0
1770415543.1258495,41,36,0.0,0.0,0.0,0.0,1.0,0.9999999999999999,-1.05,0.0
1770415543.1268961,41,37,0.0,0.0,0.0,0.0,1.0,0.9999999999999999,-1.05,0.0
1770415543.1279857,41,38,0.0,0.0,0.0,0.0,1.0,0.9999999999999999,-1.05,0.0
1770415543.1289985,41,39,0.0,0.0,0.0,0.0,1.0,0.9999999999999999,-1.05,0.0
1770415543.1300874,41,40,0.0,0.0,0.0,0.0,1.0,0.9999999999999999,-1.05,0.0
1770415543.1315413,41,41,0.0,0.0,0.0,0.0,1.0,0.9999999999999999,-1.05,0.0
1770415543.1326494,41,42,0.0,0.0,0.0,0.0,1.0,0.9999999999999999,-1.05,0.0
1770415543.1336038,41,43,0.0,0.0,0.0,0.0,1.0,0.9999999999999999,-1.05,0.0
1770415543.1348035,41,44,0.0,0.0,0.0,0.0,1.0,0.9999999999999999,-1.05,0.0
1770415543.1358492,41,45,0.0,0.0,0.0,0.0,1.0,0.9999999999999999,-1.05,0.0
1770415543.1368847,41,46,0.0,0.0,0.0,0.0,1.0,0.9999999999999999,-1.05,0.0
1770415543.1378343,41,47,0.0,0.0,0.0,0.0,1.0,0.9999999999999999,-1.05,0.0
1770415543.1398518,41,48,0.0,0.0,0.0,0.0,1.0,0.9999999999999999,-1.05,0.0
1770415543.1417644,41,49,0.0,0.0,0.0,0.0,1.0,0.9999999999999999,-1.05,0.0
1770415543.144527,41,50,0.0,0.0,0.0,0.0,1.0,0.9999999999999999,-1.05,0.0
1770415543.1467016,41,51,0.0,0.0,0.0,0.0,1.0,0.9999999999999999,-1.05,0.0
1770415543.1485412,41,52,0.0,0.0,0.0,0.0,1.0,0.9999999999999999,-1.05,0.0
1770415543.1507673,41,53,0.0,0.0,0.0,0.0,1.0,0.9999999999999999,-1.05,0.0
1770415543.1519308,41,54,0.0,0.0,0.0,0.0,1.0,0.9999999999999999,-1.05,0.0
1770415543.1531732,41,55,0.0,0.0,0.0,0.0,1.0,0.9999999999999999,-1.05,0.0
1770415543.1551623,41,56,0.0,0.0,0.0,0.0,1.0,0.9999999999999999,-1.05,0.0
1770415543.1574247,41,57,0.0,0.0,0.0,0.0,1.0,0.9999999999999999,-1.05,0.0
1770415543.1594632,41,58,0.0,0.0,0.0,0.0,1.0,0.9999999999999999,-1.05,0.0
1770415543.161268,41,59,0.0,0.0,0.0,0.0,1.0,0.9999999999999999,-1.05,0.0
1770415543.1628387,41,60,0.0,0.0,0.0,0.0,1.0,0.9999999999999999,-1.05,0.0
1770415543.1637812,41,61,0.0,0.0,0.0,0.0,1.0,0.9999999999999999,-1.05,0.0
1770415543.164815,41,62,0.0,0.0,0.0,0.0,1.0,0.9999999999999999,-1.05,0.0
1770415543.1659563,41,63,0.0,0.0,0.0,0.0,1.0,0.9999999999999999,-1.05,0.0
1770415543.1670587,41,64,0.0,0.0,0.0,0.0,1.0,0.9999999999999999,-1.05,0.0
1770415543.168076,41,65,0.0,0.0,0.0,0.0,1.0,0.9999999999999999,-1.05,0.0
1770415543.169046,41,66,0.0,0.0,0.0,0.0,1.0,0.9999999999999999,-1.05,0.0
1770415543.1700618,41,67,0.0,0.0,0.0,0.0,1.0,0.9999999999999999,-1.05,0.0
1770415543.1711013,41,68,0.0,0.0,0.0,0.0,1.0,0.9999999999999999,-1.05,0.0
1770415543.1722543,41,69,0.0,0.0,0.0,0.0,1.0,0.9999999999999999,-1.05,0.0
1770415543.1732671,41,70,0.0,0.0,0.0,0.0,1.0,0.9999999999999999,-1.05,0.0
1770415543.174397,41,71,0.0,0.0,0.0,0.0,1.0,0.9999999999999999,-1.05,0.0
1770415543.1755643,41,72,0.0,0.0,0.0,0.0,1.0,0.9999999999999999,-1.05,0.0
1770415543.1766434,41,73,0.0,0.0,0.0,0.0,1.0,0.9999999999999999,-1.05,0.0
1770415543.1773975,41,74,0.0,0.0,0.0,0.0,1.0,0.9999999999999999,-1.05,0.0
1770415543.1783319,41,75,0.0,0.0,0.0,0.0,1.0,0.9999999999999999,-1.05,0.0
1770415543.179262,41,76,0.0,0.0,0.0,0.0,1.0,0.9999999999999999,-1.05,0.0
1770415543.1802604,41,77,0.0,0.0,0.0,0.0,1.0,0.9999999999999999,-1.05,0.0
1770415543.1813064,41,78,0.0,0.0,0.0,0.0,1.0,0.9999999999999999,-1.05,0.0
1770415543.1824684,41,79,0.0,0.0,0.0,0.0,1.0,0.9999999999999999,-1.05,0.0
1770415543.1836786,41,80,0.0,0.0,0.0,0.0,1.0,0.9999999999999999,-1.05,0.0
1770415543.1850293,41,81,0.0,0.0,0.0,0.0,1.0,0.9999999999999999,-1.05,0.0
1770415543.1860468,41,82,0.0,0.0,0.0,0.0,1.0,0.9999999999999999,-1.05,0.0
1770415543.1871202,41,83,0.0,0.0,0.0,0.0,1.0,0.9999999999999999,-1.05,0.0
1770415543.188225,41,84,0.0,0.0,0.0,0.0,1.0,0.9999999999999999,-1.05,0.0
1770415543.1893172,41,85,0.0,0.0,0.0,0.0,1.0,0.9999999999999999,-1.05,0.0
1770415543.190479,41,86,0.0,0.0,0.0,0.0,1.0,0.9999999999999999,-1.05,0.0
1770415543.1916182,41,87,0.0,0.0,0.0,0.0,1.0,0.9999999999999999,-1.05,0.0
1770415543.1929033,41,88,0.0,0.0,0.0,0.0,1.0,0.9999999999999999,-1.05,0.0
1770415543.1939466,41,89,0.0,0.0,0.0,0.0,1.0,0.9999999999999999,-1.05,0.0
1770415543.1950724,41,90,0.0,0.0,0.0,0.0,1.0,0.9999999999999999,-1.05,0.0
1770415543.1960566,41,91,0.0,0.0,0.0,0.0,1.0,0.9999999999999999,-1.05,0.0
1770415543.1971343,41,92,0.0,0.0,0.0,0.0,1.0,0.9999999999999999,-1.05,0.0
1770415543.1983147,41,93,0.0,0.0,0.0,0.0,1.0,0.9999999999999999,-1.05,0.0
1770415543.199528,41,94,0.0,0.0,0.0,0.0,1.0,0.9999999999999999,-1.05,0.0
1770415543.2005496,41,95,0.0,0.0,0.0,0.0,1.0,0.9999999999999999,-1.05,0.0
1770415543.2015288,41,96,0.0,0.0,0.0,0.0,1.0,0.9999999999999999,-1.05,0.0
1770415543.2025938,41,97,0.0,0.0,0.0,0.0,1.0,0.9999999999999999,-1.05,0.0
1770415543.203645,41,98,0.0,0.0,0.0,0.0,1.0,0.9999999999999999,-1.05,0.0
1770415543.2057703,41,99,0.0,0.0,0.0,0.0,1.0,0.9999999999999999,-1.05,0.0
1770415543.2077298,41,100,0.0,0.0,0.0,0.0,1.0,0.9999999999999999,-1.05,0.0
1770415543.2096124,41,101,0.0,0.0,0.0,0.0,1.0,0.9999999999999999,-1.05,0.0
1770415543.2107477,41,102,0.0,0.0,0.0,0.0,1.0,0.9999999999999999,-1.05,0.0
1770415543.2118866,41,103,0.0,0.0,0.0,0.0,1.0,0.9999999999999999,-1.05,0.0
1770415543.2129915,41,104,0.0,0.0,0.0,0.0,1.0,0.9999999999999999,-1.05,0.0
1770415543.214286,41,105,0.0,0.0,0.0,0.0,1.0,0.9999999999999999,-1.05,0.0
1770415543.2153075,41,106,0.0,0.0,0.0,0.0,1.0,0.9999999999999999,-1.05,0.0
1770415543.2163482,41,107,0.0,0.0,0.0,0.0,1.0,0.9999999999999999,-1.05,0.0
1770415543.217487,41,108,0.0,0.0,0.0,0.0,1.0,0.9999999999999999,-1.05,0.0
1770415543.218577,41,109,0.0,0.0,0.0,0.0,1.0,0.9999999999999999,-1.05,0.0
1770415543.2195516,41,110,0.0,0.0,0.0,0.0,1.0,0.9999999999999999,-1.05,0.0
1770415543.2214878,41,111,0.0,0.0,0.0,0.0,1.0,0.9999999999999999,-1.05,0.0
1770415543.2230008,41,112,0.0,0.0,0.0,0.0,1.0,0.9999999999999999,-1.05,0.0
1770415543.224073,41,113,0.0,0.0,0.0,0.0,1.0,0.9999999999999999,-1.05,0.0
1770415543.225153,41,114,0.0,0.0,0.0,0.0,1.0,0.9999999999999999,-1.05,0.0
1770415543.2261825,41,115,0.0,0.0,0.0,0.0,1.0,0.9999999999999999,-1.05,0.0
1770415543.2271612,41,116,0.0,0.0,0.0,0.0,1.0,0.9999999999999999,-1.05,0.0
1770415543.2282226,41,117,0.0,0.0,0.0,0.0,1.0,0.9999999999999999,-1.05,0.0
1770415543.2293062,41,118,0.0,0.0,0.0,0.0,1.0,0.9999999999999999,-1.05,0.0
1770415543.2304094,41,119,0.0,0.0,0.0,0.0,1.0,0.9999999999999999,-1.05,0.0
1770415543.2314267,41,120,0.0,0.0,0.0,0.0,1.0,0.9999999999999999,-1.05,0.0
1770415543.2323964,41,121,0.0,0.0,0.0,0.0,1.0,0.9999999999999999,-1.05,0.0
1770415543.233521,41,122,0.0,0.0,0.0,0.0,1.0,0.9999999999999999,-1.05,0.0
1770415543.2346666,41,123,0.0,0.0,0.0,0.0,1.0,0.9999999999999999,-1.05,0.0
1770415543.2357936,41,124,0.0,0.0,0.0,0.0,1.0,0.9999999999999999,-1.05,0.0
1770415543.2367363,41,125,0.0,0.0,0.0,0.0,1.0,0.9999999999999999,-1.05,0.0
1770415543.2376702,41,126,0.0,0.0,0.0,0.0,1.0,0.9999999999999999,-1.05,0.0
1770415543.2386339,41,127,0.0,0.0,0.0,0.0,1.0,0.9999999999999999,-1.05,0.0
1770415543.239612,41,128,0.0,0.0,0.0,0.0,1.0,0.9999999999999999,-1.05,0.0
1770415543.2405498,41,129,0.0,0.0,0.0,0.0,1.0,0.9999999999999999,-1.05,0.0
1770415543.2413907,41,130,0.0,0.0,0.0,0.0,1.0,0.9999999999999999,-1.05,0.0
1770415543.2424293,41,131,0.0,0.0,0.0,0.0,1.0,0.9999999999999999,-1.05,0.0
1770415543.2435167,41,132,0.0,0.0,0.0,0.0,1.0,0.9999999999999999,-1.05,0.0
1770415543.244568,41,133,0.0,0.0,0.0,0.0,1.0,0.9999999999999999,-1.05,0.0
1770415543.245813,41,134,0.0,0.0,0.0,0.0,1.0,0.9999999999999999,-1.05,0.0
1770415543.2481623,41,135,0.0,0.0,0.0,0.0,1.0,0.9999999999999999,-1.05,0.0
1770415543.2506268,41,136,0.0,0.0,0.0,0.0,1.0,0.9999999999999999,-1.05,0.0
1770415543.252428,41,137,0.0,0.0,0.0,0.0,1.0,0.9999999999999999,-1.05,0.0
1770415543.254375,41,138,0.0,0.0,0.0,0.0,1.0,0.9999999999999999,-1.05,0.0
1770415543.2566905,41,139,0.0,0.0,0.0,0.0,1.0,0.9999999999999999,-1.05,0.0
1770415543.2586877,41,140,0.0,0.0,0.0,0.0,1.0,0.9999999999999999,-1.05,0.0
1770415543.2597237,41,141,0.0,0.0,0.0,0.0,1.0,0.9999999999999999,-1.05,0.0
1770415543.2606146,41,142,0.0,0.0,0.0,0.0,1.0,0.9999999999999999,-1.05,0.0
1770415543.2616034,41,143,0.0,0.0,0.0,0.0,1.0,0.9999999999999999,-1.05,0.0
1770415543.2624753,41,144,0.0,0.0,0.0,0.0,1.0,0.9999999999999999,-1.05,0.0
1770415543.2635527,41,145,0.0,0.0,0.0,0.0,1.0,0.9999999999999999,-1.05,0.0
1770415543.2644322,41,146,0.0,0.0,0.0,0.0,1.0,0.9999999999999999,-1.05,0.0
1770415543.2656717,41,147,0.0,0.0,0.0,0.0,1.0,0.9999999999999999,-1.05,0.0
1770415543.2677147,41,148,0.0,0.0,0.0,0.0,1.0,0.9999999999999999,-1.05,0.0
1770415543.269336,41,149,0.0,0.0,0.0,0.0,1.0,0.9999999999999999,-1.05,0.0
1770415543.2714574,41,150,0.0,0.0,0.0,0.0,1.0,0.9999999999999999,-1.05,0.0
1770415543.27259,41,151,0.0,0.0,0.0,0.0,1.0,0.9999999999999999,-1.05,0.0
1770415543.273709,41,152,0.0,0.0,0.0,0.0,1.0,0.9999999999999999,-1.05,0.0
1770415543.2747667,41,153,0.0,0.0,0.0,0.0,1.0,0.9999999999999999,-1.05,0.0
1770415543.2758782,41,154,0.0,0.0,0.0,0.0,1.0,0.9999999999999999,-1.05,0.0
1770415543.276862,41,155,0.0,0.0,0.0,0.0,1.0,0.9999999999999999,-1.05,0.0
1770415543.2779224,41,156,0.0,0.0,0.0,0.0,1.0,0.9999999999999999,-1.05,0.0
1770415543.2790847,41,157,0.0,0.0,0.0,0.0,1.0,0.9999999999999999,-1.05,0.0
1770415543.2803316,41,158,0.0,0.0,0.0,0.0,1.0,0.9999999999999999,-1.05,0.0
1770415543.2815447,41,159,0.0,0.0,0.0,0.0,1.0,0.9999999999999999,-1.05,0.0
1770415543.2827187,41,160,0.0,0.0,0.0,0.0,1.0,0.9999999999999999,-1.05,0.0
1770415543.28404,41,161,0.0,0.0,0.0,0.0,1.0,0.9999999999999999,-1.05,0.0
1770415543.2852023,41,162,0.0,0.0,0.0,0.0,1.0,0.9999999999999999,-1.05,0.0
1770415543.2862406,41,163,0.0,0.0,0.0,0.0,1.0,0.9999999999999999,-1.05,0.0
1770415543.2876785,41,164,0.0,0.0,0.0,0.0,1.0,0.9999999999999999,-1.05,0.0
1770415543.2886224,41,165,0.0,0.0,0.0,0.0,1.0,0.9999999999999999,-1.05,0.0
1770415543.2896435,41,166,0.0,0.0,0.0,0.0,1.0,0.9999999999999999,-1.05,0.0
1770415543.2906241,41,167,0.0,0.0,0.0,0.0,1.0,0.9999999999999999,-1.05,0.0
1770415543.291594,41,168,0.0,0.0,0.0,0.0,1.0,0.9999999999999999,-1.05,0.0
1770415543.2926695,41,169,0.0,0.0,0.0,0.0,1.0,0.9999999999999999,-1.05,0.0
1770415543.293606,41,170,0.0,0.0,0.0,0.0,1.0,0.9999999999999999,-1.05,0.0
1770415543.2946312,41,171,0.0,0.0,0.0,0.0,1.0,0.9999999999999999,-1.05,0.0
1770415543.2954926,41,172,0.0,0.0,0.0,0.0,1.0,0.9999999999999999,-1.05,0.0
1770415543.296406,41,173,0.0,0.0,0.0,0.0,1.0,0.9999999999999999,-1.05,0.0
1770415543.2973912,41,174,0.0,0.0,0.0,0.0,1.0,0.9999999999999999,-1.05,0.0
1770415543.2982044,41,175,0.0,0.0,0.0,0.0,1.0,0.9999999999999999,-1.05,0.0
1770415543.299124,41,176,0.0,0.0,0.0,0.0,1.0,0.9999999999999999,-1.05,0.0
1770415543.3001008,41,177,0.0,0.0,0.0,0.0,1.0,0.9999999999999999,-1.05,0.0
1770415543.3012192,41,178,0.0,0.0,0.0,0.0,1.0,0.9999999999999999,-1.05,0.0
1770415543.3022301,41,179,0.0,0.0,0.0,0.0,1.0,0.9999999999999999,-1.05,0.0
1770415543.303043,41,180,0.0,0.0,0.0,0.0,1.0,0.9999999999999999,-1.05,0.0
1770415543.3038642,41,181,0.0,0.0,0.0,0.0,1.0,0.9999999999999999,-1.05,0.0
1770415543.3046124,41,182,0.0,0.0,0.0,0.0,1.0,0.9999999999999999,-1.05,0.0
1770415543.3054533,41,183,0.0,0.0,0.0,0.0,1.0,0.9999999999999999,-1.05,0.0
1770415543.3063562,41,184,0.0,0.0,0.0,0.0,1.0,0.9999999999999999,-1.05,0.0
1770415543.3073673,41,185,0.0,0.0,0.0,0.0,1.0,0.9999999999999999,-1.05,0.0
1770415543.3083,41,186,0.0,0.0,0.0,0.0,1.0,0.9999999999999999,-1.05,0.0
1770415543.3091407,41,187,0.0,0.0,0.0,0.0,1.0,0.9999999999999999,-1.05,0.0
1770415543.3099477,41,188,0.0,0.0,0.0,0.0,1.0,0.9999999999999999,-1.05,0.0
1770415543.3108764,41,189,0.0,0.0,0.0,0.0,1.0,0.9999999999999999,-1.05,0.0
1770415543.3129737,41,190,0.0,0.0,0.0,0.0,1.0,0.9999999999999999,-1.05,0.0
1770415543.314889,41,191,0.0,0.0,0.0,0.0,1.0,0.9999999999999999,-1.05,0.0
1770415543.3170905,41,192,0.0,0.0,0.0,0.0,1.0,0.9999999999999999,-1.05,0.0
1770415543.3188405,41,193,0.0,0.0,0.0,0.0,1.0,0.9999999999999999,-1.05,0.0
1770415543.3207598,41,194,0.0,0.0,0.0,0.0,1.0,0.9999999999999999,-1.05,0.0
1770415543.322932,41,195,0.0,0.0,0.0,0.0,1.0,0.9999999999999999,-1.05,0.0
1770415543.3250759,41,196,0.0,0.0,0.0,0.0,1.0,0.9999999999999999,-1.05,0.0
1770415543.327038,41,197,0.0,0.0,0.0,0.0,1.0,0.9999999999999999,-1.05,0.0
1770415543.3293262,41,198,0.0,0.0,0.0,0.0,1.0,0.9999999999999999,-1.05,0.0
1770415543.3313022,41,199,0.0,0.0,0.0,0.0,1.0,0.9999999999999999,-1.05,0.0
1770415543.3334699,41,200,0.0,0.0,0.0,0.0,1.0,0.9999999999999999,-1.05,0.0
1770415543.383674,42,0,0.0,0.0,0.0,0.0,1.0,0.0,0.0,0.0
1770415543.3847034,42,1,0.0,0.0,0.0,0.0,1.0,0.9999999999999999,-0.049999999999999996,0.0
1770415543.3854997,42,2,0.0,0.0,0.0,0.0,1.0,0.9999999999999999,-0.049999999999999996,0.0
1770415543.3866093,42,3,0.0,0.0,0.0,0.0,1.0,0.9999999999999999,-0.049999999999999996,0.0
1770415543.38756,42,4,0.0,0.0,0.0,0.0,1.0,0.9999999999999999,-0.049999999999999996,0.0
1770415543.3883083,42,5,0.0,0.0,0.0,0.0,1.0,0.9999999999999999,-0.049999999999999996,0.0
1770415543.3890827,42,6,0.0,0.0,0.0,0.0,1.0,0.9999999999999999,-1.05,0.0
1770415543.3898787,42,7,0.0,0.0,0.0,0.0,1.0,0.9999999999999999,-1.05,0.0
1770415543.3917108,42,8,0.0,0.0,0.0,0.0,1.0,0.9999999999999999,-1.05,0.0
1770415543.393696,42,9,0.0,0.0,0.0,0.0,1.0,0.9999999999999999,-1.05,0.0
1770415543.3956852,42,10,0.0,0.0,0.0,0.0,1.0,0.9999999999999999,-1.05,0.0
1770415543.397766,42,11,0.0,0.0,0.0,0.0,1.0,0.9999999999999999,-1.05,0.0
1770415543.400168,42,12,0.0,0.0,0.0,0.0,1.0,0.9999999999999999,-1.05,0.0
1770415543.4023983,42,13,0.0,0.0,0.0,0.0,1.0,0.9999999999999999,-1.05,0.0
1770415543.4033995,42,14,0.0,0.0,0.0,0.0,1.0,0.9999999999999999,-1.05,0.0
1770415543.404418,42,15,0.0,0.0,0.0,0.0,1.0,0.9999999999999999,-1.05,0.0
1770415543.4053075,42,16,0.0,0.0,0.0,0.0,1.0,0.9999999999999999,-1.05,0.0
1770415543.4061468,42,17,0.0,0.0,0.0,0.0,1.0,0.9999999999999999,-1.05,0.0
1770415543.4072208,42,18,0.0,0.0,0.0,0.0,1.0,0.9999999999999999,-1.05,0.0
1770415543.4082878,42,19,0.0,0.0,0.0,0.0,1.0,0.9999999999999999,-1.05,0.0
1770415543.4091885,42,20,0.0,0.0,0.0,0.0,1.0,0.9999999999999999,-1.05,0.0
1770415543.410239,42,21,0.0,0.0,0.0,0.0,1.0,0.9999999999999999,-1.05,0.0
1770415543.411064,42,22,0.0,0.0,0.0,0.0,1.0,0.9999999999999999,-1.05,0.0
1770415543.4121156,42,23,0.0,0.0,0.0,0.0,1.0,0.9999999999999999,-1.05,0.0
1770415543.413217,42,24,0.0,0.0,0.0,0.0,1.0,0.9999999999999999,-1.05,0.0
1770415543.4145126,42,25,0.0,0.0,0.0,0.0,1.0,0.9999999999999999,-1.05,0.0
1770415543.4155889,42,26,0.0,0.0,0.0,0.0,1.0,0.9999999999999999,-1.05,0.0
1770415543.4165955,42,27,0.0,0.0,0.0,0.0,1.0,0.9999999999999999,-1.05,0.0
1770415543.4175708,42,28,0.0,0.0,0.0,0.0,1.0,0.9999999999999999,-1.05,0.0
1770415543.4184813,42,29,0.0,0.0,0.0,0.0,1.0,0.9999999999999999,-1.05,0.0
1770415543.4193485,42,30,0.0,0.0,0.0,0.0,1.0,0.9999999999999999,-1.05,0.0
1770415543.4202957,42,31,0.0,0.0,0.0,0.0,1.0,0.9999999999999999,-1.05,0.0
1770415543.4212642,42,32,0.0,0.0,0.0,0.0,1.0,0.9999999999999999,-1.05,0.0
1770415543.4224384,42,33,0.0,0.0,0.0,0.0,1.0,0.9999999999999999,-1.05,0.0
1770415543.4234495,42,34,0.0,0.0,0.0,0.0,1.0,0.9999999999999999,-1.05,0.0
1770415543.424448,42,35,0.0,0.0,0.0,0.0,1.0,0.9999999999999999,-1.05,0.0
1770415543.425406,42,36,0.0,0.0,0.0,0.0,1.0,0.9999999999999999,-1.05,0.0
1770415543.4263346,42,37,0.0,0.0,0.0,0.0,1.0,0.9999999999999999,-1.05,0.0
1770415543.4273248,42,38,0.0,0.0,0.0,0.0,1.0,0.9999999999999999,-1.05,0.0
1770415543.4283283,42,39,0.0,0.0,0.0,0.0,1.0,0.9999999999999999,-1.05,0.0
1770415543.4291885,42,40,0.0,0.0,0.0,0.0,1.0,0.9999999999999999,-1.05,0.0
1770415543.4302542,42,41,0.0,0.0,0.0,0.0,1.0,0.9999999999999999,-1.05,0.0
1770415543.431338,42,42,0.0,0.0,0.0,0.0,1.0,0.9999999999999999,-1.05,0.0
1770415543.432299,42,43,0.0,0.0,0.0,0.0,1.0,0.9999999999999999,-1.05,0.0
1770415543.4333906,42,44,0.0,0.0,0.0,0.0,1.0,0.9999999999999999,-1.05,0.0
1770415543.4344587,42,45,0.0,0.0,0.0,0.0,1.0,0.9999999999999999,-1.05,0.0
1770415543.4354064,42,46,0.0,0.0,0.0,0.0,1.0,0.9999999999999999,-1.05,0.0
1770415543.437476,42,47,0.0,0.0,0.0,0.0,1.0,0.9999999999999999,-1.05,0.0
1770415543.4396214,42,48,0.0,0.0,0.0,0.0,1.0,0.9999999999999999,-1.05,0.0
1770415543.4416027,42,49,0.0,0.0,0.0,0.0,1.0,0.9999999999999999,-1.05,0.0
1770415543.4446042,42,50,0.0,0.0,0.0,0.0,1.0,0.9999999999999999,-1.05,0.0
1770415543.446552,42,51,0.0,0.0,0.0,0.0,1.0,0.9999999999999999,-1.05,0.0
1770415543.448797,42,52,0.0,0.0,0.0,0.0,1.0,0.9999999999999999,-1.05,0.0
1770415543.449762,42,53,0.0,0.0,0.0,0.0,1.0,0.9999999999999999,-1.05,0.0
1770415543.4506862,42,54,0.0,0.0,0.0,0.0,1.0,0.9999999999999999,-1.05,0.0
1770415543.4516208,42,55,0.0,0.0,0.0,0.0,1.0,0.9999999999999999,-1.05,0.0
1770415543.4526813,42,56,0.0,0.0,0.0,0.0,1.0,0.9999999999999999,-1.05,0.0
1770415543.4538777,42,57,0.0,0.0,0.0,0.0,1.0,0.9999999999999999,-1.05,0.0
1770415543.4551287,42,58,0.0,0.0,0.0,0.0,1.0,0.9999999999999999,-1.05,0.0
1770415543.4563797,42,59,0.0,0.0,0.0,0.0,1.0,0.9999999999999999,-1.05,0.0
1770415543.4577441,42,60,0.0,0.0,0.0,0.0,1.0,0.9999999999999999,-1.05,0.0
1770415543.459039,42,61,0.0,0.0,0.0,0.0,1.0,0.9999999999999999,-1.05,0.0
1770415543.4601884,42,62,0.0,0.0,0.0,0.0,1.0,0.9999999999999999,-1.05,0.0
1770415543.4613063,42,63,0.0,0.0,0.0,0.0,1.0,0.9999999999999999,-1.05,0.0
1770415543.46258,42,64,0.0,0.0,0.0,0.0,1.0,0.9999999999999999,-1.05,0.0
1770415543.4637616,42,65,0.0,0.0,0.0,0.0,1.0,0.9999999999999999,-1.05,0.0
1770415543.464588,42,66,0.0,0.0,0.0,0.0,1.0,0.9999999999999999,-1.05,0.0
1770415543.4654686,42,67,0.0,0.0,0.0,0.0,1.0,0.9999999999999999,-1.05,0.0
1770415543.4666266,42,68,0.0,0.0,0.0,0.0,1.0,0.9999999999999999,-1.05,0.0
1770415543.4676776,42,69,0.0,0.0,0.0,0.0,1.0,0.9999999999999999,-1.05,0.0
1770415543.4686131,42,70,0.0,0.0,0.0,0.0,1.0,0.9999999999999999,-1.05,0.0
1770415543.4695835,42,71,0.0,0.0,0.0,0.0,1.0,0.9999999999999999,-1.05,0.0
1770415543.4705992,42,72,0.0,0.0,0.0,0.0,1.0,0.9999999999999999,-1.05,0.0
1770415543.472011,42,73,0.0,0.0,0.0,0.0,1.0,0.9999999999999999,-1.05,0.0
1770415543.4728715,42,74,0.0,0.0,0.0,0.0,1.0,0.9999999999999999,-1.05,0.0
1770415543.4740634,42,75,0.0,0.0,0.0,0.0,1.0,0.9999999999999999,-1.05,0.0
1770415543.4753935,42,76,0.0,0.0,0.0,0.0,1.0,0.9999999999999999,-1.05,0.0
1770415543.476651,42,77,0.0,0.0,0.0,0.0,1.0,0.9999999999999999,-1.05,0.0
1770415543.4777207,42,78,0.0,0.0,0.0,0.0,1.0,0.9999999999999999,-1.05,0.0
1770415543.4788446,42,79,0.0,0.0,0.0,0.0,1.0,0.9999999999999999,-1.05,0.0
1770415543.4803264,42,80,0.0,0.0,0.0,0.0,1.0,0.9999999999999999,-1.05,0.0
1770415543.4814363,42,81,0.0,0.0,0.0,0.0,1.0,0.9999999999999999,-1.05,0.0
1770415543.4825387,42,82,0.0,0.0,0.0,0.0,1.0,0.9999999999999999,-1.05,0.0
1770415543.483507,42,83,0.0,0.0,0.0,0.0,1.0,0.9999999999999999,-1.05,0.0
1770415543.484513,42,84,0.0,0.0,0.0,0.0,1.0,0.9999999999999999,-1.05,0.0
1770415543.4854188,42,85,0.0,0.0,0.0,0.0,1.0,0.9999999999999999,-1.05,0.0
1770415543.4865546,42,86,0.0,0.0,0.0,0.0,1.0,0.9999999999999999,-1.05,0.0
1770415543.48758,42,87,0.0,0.0,0.0,0.0,1.0,0.9999999999999999,-1.05,0.0
1770415543.488693,42,88,0.0,0.0,0.0,0.0,1.0,0.9999999999999999,-1.05,0.0
1770415543.489569,42,89,0.0,0.0,0.0,0.0,1.0,0.9999999999999999,-1.05,0.0
1770415543.4904969,42,90,0.0,0.0,0.0,0.0,1.0,0.9999999999999999,-1.05,0.0
1770415543.4913812,42,91,0.0,0.0,0.0,0.0,1.0,0.9999999999999999,-1.05,0.0
1770415543.4921954,42,92,0.0,0.0,0.0,0.0,1.0,0.9999999999999999,-1.05,0.0
1770415543.4930747,42,93,0.0,0.0,0.0,0.0,1.0,0.9999999999999999,-1.05,0.0
1770415543.493977,42,94,0.0,0.0,0.0,0.0,1.0,0.9999999999999999,-1.05,0.0
1770415543.4946923,42,95,0.0,0.0,0.0,0.0,1.0,0.9999999999999999,-1.05,0.0
1770415543.4954948,42,96,0.0,0.0,0.0,0.0,1.0,0.9999999999999999,-1.05,0.0
1770415543.4965425,42,97,0.0,0.0,0.0,0.0,1.0,0.9999999999999999,-1.05,0.0
1770415543.4973161,42,98,0.0,0.0,0.0,0.0,1.0,0.9999999999999999,-1.05,0.0
1770415543.4981625,42,99,0.0,0.0,0.0,0.0,1.0,0.9999999999999999,-1.05,0.0
1770415543.499067,42,100,0.0,0.0,0.0,0.0,1.0,0.9999999999999999,-1.05,0.0
1770415543.4999537,42,101,0.0,0.0,0.0,0.0,1.0,0.9999999999999999,-1.05,0.0
1770415543.5009544,42,102,0.0,0.0,0.0,0.0,1.0,0.9999999999999999,-1.05,0.0
1770415543.5019064,42,103,0.0,0.0,0.0,0.0,1.0,0.9999999999999999,-1.05,0.0
1770415543.502857,42,104,0.0,0.0,0.0,0.0,1.0,0.9999999999999999,-1.05,0.0
1770415543.5039632,42,105,0.0,0.0,0.0,0.0,1.0,0.9999999999999999,-1.05,0.0
1770415543.5051136,42,106,0.0,0.0,0.0,0.0,1.0,0.9999999999999999,-1.05,0.0
1770415543.506203,42,107,0.0,0.0,0.0,0.0,1.0,0.9999999999999999,-1.05,0.0
1770415543.5073066,42,108,0.0,0.0,0.0,0.0,1.0,0.9999999999999999,-1.05,0.0
1770415543.5085013,42,109,0.0,0.0,0.0,0.0,1.0,0.9999999999999999,-1.05,0.0
1770415543.5096357,42,110,0.0,0.0,0.0,0.0,1.0,0.9999999999999999,-1.05,0.0
1770415543.5108082,42,111,0.0,0.0,0.0,0.0,1.0,0.9999999999999999,-1.05,0.0
1770415543.5119402,42,112,0.0,0.0,0.0,0.0,1.0,0.9999999999999999,-1.05,0.0
1770415543.5130172,42,113,0.0,0.0,0.0,0.0,1.0,0.9999999999999999,-1.05,0.0
1770415543.5145206,42,114,0.0,0.0,0.0,0.0,1.0,0.9999999999999999,-1.05,0.0
1770415543.515594,42,115,0.0,0.0,0.0,0.0,1.0,0.9999999999999999,-1.05,0.0
1770415543.516477,42,116,0.0,0.0,0.0,0.0,1.0,0.9999999999999999,-1.05,0.0
1770415543.5174448,42,117,0.0,0.0,0.0,0.0,1.0,0.9999999999999999,-1.05,0.0
1770415543.5186062,42,118,0.0,0.0,0.0,0.0,1.0,0.9999999999999999,-1.05,0.0
1770415543.519509,42,119,0.0,0.0,0.0,0.0,1.0,0.9999999999999999,-1.05,0.0
1770415543.520429,42,120,0.0,0.0,0.0,0.0,1.0,0.9999999999999999,-1.05,0.0
1770415543.5214765,42,121,0.0,0.0,0.0,0.0,1.0,0.9999999999999999,-1.05,0.0
1770415543.522408,42,122,0.0,0.0,0.0,0.0,1.0,0.9999999999999999,-1.05,0.0
1770415543.5232038,42,123,0.0,0.0,0.0,0.0,1.0,0.9999999999999999,-1.05,0.0
1770415543.5240095,42,124,0.0,0.0,0.0,0.0,1.0,0.9999999999999999,-1.05,0.0
1770415543.5247674,42,125,0.0,0.0,0.0,0.0,1.0,0.9999999999999999,-1.05,0.0
1770415543.525852,42,126,0.0,0.0,0.0,0.0,1.0,0.9999999999999999,-1.05,0.0
1770415543.526963,42,127,0.0,0.0,0.0,0.0,1.0,0.9999999999999999,-1.05,0.0
1770415543.5281093,42,128,0.0,0.0,0.0,0.0,1.0,0.9999999999999999,-1.05,0.0
1770415543.5292482,42,129,0.0,0.0,0.0,0.0,1.0,0.9999999999999999,-1.05,0.0
1770415543.5304008,42,130,0.0,0.0,0.0,0.0,1.0,0.9999999999999999,-1.05,0.0
1770415543.531404,42,131,0.0,0.0,0.0,0.0,1.0,0.9999999999999999,-1.05,0.0
1770415543.5324166,42,132,0.0,0.0,0.0,0.0,1.0,0.9999999999999999,-1.05,0.0
1770415543.533642,42,133,0.0,0.0,0.0,0.0,1.0,0.9999999999999999,-1.05,0.0
1770415543.5347981,42,134,0.0,0.0,0.0,0.0,1.0,0.9999999999999999,-1.05,0.0
1770415543.5359228,42,135,0.0,0.0,0.0,0.0,1.0,0.9999999999999999,-1.05,0.0
1770415543.5379436,42,136,0.0,0.0,0.0,0.0,1.0,0.9999999999999999,-1.05,0.0
1770415543.539822,42,137,0.0,0.0,0.0,0.0,1.0,0.9999999999999999,-1.05,0.0
1770415543.5408404,42,138,0.0,0.0,0.0,0.0,1.0,0.9999999999999999,-1.05,0.0
1770415543.5419445,42,139,0.0,0.0,0.0,0.0,1.0,0.9999999999999999,-1.05,0.0
1770415543.5428624,42,140,0.0,0.0,0.0,0.0,1.0,0.9999999999999999,-1.05,0.0
1770415543.5438206,42,141,0.0,0.0,0.0,0.0,1.0,0.9999999999999999,-1.05,0.0
1770415543.5446856,42,142,0.0,0.0,0.0,0.0,1.0,0.9999999999999999,-1.05,0.0
1770415543.5456896,42,143,0.0,0.0,0.0,0.0,1.0,0.9999999999999999,-1.05,0.0
1770415543.5464938,42,144,0.0,0.0,0.0,0.0,1.0,0.9999999999999999,-1.05,0.0
1770415543.5475116,42,145,0.0,0.0,0.0,0.0,1.0,0.9999999999999999,-1.05,0.0
1770415543.5485108,42,146,0.0,0.0,0.0,0.0,1.0,0.9999999999999999,-1.05,0.0
1770415543.5494642,42,147,0.0,0.0,0.0,0.0,1.0,0.9999999999999999,-1.05,0.0
1770415543.5506904,42,148,0.0,0.0,0.0,0.0,1.0,0.9999999999999999,-1.05,0.0
1770415543.5516143,42,149,0.0,0.0,0.0,0.0,1.0,0.9999999999999999,-1.05,0.0
1770415543.5524921,42,150,0.0,0.0,0.0,0.0,1.0,0.9999999999999999,-1.05,0.0
1770415543.5534215,42,151,0.0,0.0,0.0,0.0,1.0,0.9999999999999999,-1.05,0.0
1770415543.5544193,42,152,0.0,0.0,0.0,0.0,1.0,0.9999999999999999,-1.05,0.0
1770415543.5553832,42,153,0.0,0.0,0.0,0.0,1.0,0.9999999999999999,-1.05,0.0
1770415543.5562816,42,154,0.0,0.0,0.0,0.0,1.0,0.9999999999999999,-1.05,0.0
1770415543.557289,42,155,0.0,0.0,0.0,0.0,1.0,0.9999999999999999,-1.05,0.0
1770415543.558203,42,156,0.0,0.0,0.0,0.0,1.0,0.9999999999999999,-1.05,0.0
1770415543.5590804,42,157,0.0,0.0,0.0,0.0,1.0,0.9999999999999999,-1.05,0.0
1770415543.559915,42,158,0.0,0.0,0.0,0.0,1.0,0.9999999999999999,-1.05,0.0
1770415543.560679,42,159,0.0,0.0,0.0,0.0,1.0,0.9999999999999999,-1.05,0.0
1770415543.5614688,42,160,0.0,0.0,0.0,0.0,1.0,0.9999999999999999,-1.05,0.0
1770415543.5625138,42,161,0.0,0.0,0.0,0.0,1.0,0.9999999999999999,-1.05,0.0
1770415543.5632992,42,162,0.0,0.0,0.0,0.0,1.0,0.9999999999999999,-1.05,0.0
1770415543.5640411,42,163,0.0,0.0,0.0,0.0,1.0,0.9999999999999999,-1.05,0.0
1770415543.5646672,42,164,0.0,0.0,0.0,0.0,1.0,0.9999999999999999,-1.05,0.0
1770415543.5654101,42,165,0.0,0.0,0.0,0.0,1.0,0.9999999999999999,-1.05,0.0
1770415543.566254,42,166,0.0,0.0,0.0,0.0,1.0,0.9999999999999999,-1.05,0.0
1770415543.5670867,42,167,0.0,0.0,0.0,0.0,1.0,0.9999999999999999,-1.05,0.0
1770415543.567988,42,168,0.0,0.0,0.0,0.0,1.0,0.9999999999999999,-1.05,0.0
1770415543.568978,42,169,0.0,0.0,0.0,0.0,1.0,0.9999999999999999,-1.05,0.0
1770415543.5702665,42,170,0.0,0.0,0.0,0.0,1.0,0.9999999999999999,-1.05,0.0
1770415543.5713725,42,171,0.0,0.0,0.0,0.0,1.0,0.9999999999999999,-1.05,0.0
1770415543.5727296,42,172,0.0,0.0,0.0,0.0,1.0,0.9999999999999999,-1.05,0.0
1770415543.5736578,42,173,0.0,0.0,0.0,0.0,1.0,0.9999999999999999,-1.05,0.0
1770415543.5747914,42,174,0.0,0.0,0.0,0.0,1.0,0.9999999999999999,-1.05,0.0
1770415543.5759568,42,175,0.0,0.0,0.0,0.0,1.0,0.9999999999999999,-1.05,0.0
1770415543.5768988,42,176,0.0,0.0,0.0,0.0,1.0,0.9999999999999999,-1.05,0.0
1770415543.577818,42,177,0.0,0.0,0.0,0.0,1.0,0.9999999999999999,-1.05,0.0
1770415543.5798755,42,178,0.0,0.0,0.0,0.0,1.0,0.9999999999999999,-1.05,0.0
1770415543.5818331,42,179,0.0,0.0,0.0,0.0,1.0,0.9999999999999999,-1.05,0.0
1770415543.5838647,42,180,0.0,0.0,0.0,0.0,1.0,0.9999999999999999,-1.05,0.0
1770415543.5858417,42,181,0.0,0.0,0.0,0.0,1.0,0.9999999999999999,-1.05,0.0
1770415543.587977,42,182,0.0,0.0,0.0,0.0,1.0,0.9999999999999999,-1.05,0.0
1770415543.590076,42,183,0.0,0.0,0.0,0.0,1.0,0.9999999999999999,-1.05,0.0
1770415543.5920594,42,184,0.0,0.0,0.0,0.0,1.0,0.9999999999999999,-1.05,0.0
1770415543.5943809,42,185,0.0,0.0,0.0,0.0,1.0,0.9999999999999999,-1.05,0.0
1770415543.5963395,42,186,0.0,0.0,0.0,0.0,1.0,0.9999999999999999,-1.05,0.0
1770415543.5983932,42,187,0.0,0.0,0.0,0.0,1.0,0.9999999999999999,-1.05,0.0
1770415543.6002133,42,188,0.0,0.0,0.0,0.0,1.0,0.9999999999999999,-1.05,0.0
1770415543.6022277,42,189,0.0,0.0,0.0,0.0,1.0,0.9999999999999999,-1.05,0.0
1770415543.6042898,42,190,0.0,0.0,0.0,0.0,1.0,0.9999999999999999,-1.05,0.0
1770415543.6062856,42,191,0.0,0.0,0.0,0.0,1.0,0.9999999999999999,-1.05,0.0
1770415543.6078405,42,192,0.0,0.0,0.0,0.0,1.0,0.9999999999999999,-1.05,0.0
1770415543.6090178,42,193,0.0,0.0,0.0,0.0,1.0,0.9999999999999999,-1.05,0.0
1770415543.6101472,42,194,0.0,0.0,0.0,0.0,1.0,0.9999999999999999,-1.05,0.0
1770415543.6112118,42,195,0.0,0.0,0.0,0.0,1.0,0.9999999999999999,-1.05,0.0
1770415543.6122212,42,196,0.0,0.0,0.0,0.0,1.0,0.9999999999999999,-1.05,0.0
1770415543.613277,42,197,0.0,0.0,0.0,0.0,1.0,0.9999999999999999,-1.05,0.0
1770415543.6144776,42,198,0.0,0.0,0.0,0.0,1.0,0.9999999999999999,-1.05,0.0
1770415543.61551,42,199,0.0,0.0,0.0,0.0,1.0,0.9999999999999999,-1.05,0.0
1770415543.6164443,42,200,0.0,0.0,0.0,0.0,1.0,0.9999999999999999,-1.05,0.0
1770415543.6644921,43,0,0.0,0.0,0.0,0.0,1.0,0.0,0.0,0.0
1770415543.6657226,43,1,0.0,0.0,0.0,0.0,1.0,0.9999999999999999,-0.049999999999999996,0.0
1770415543.6665125,43,2,0.0,0.0,0.0,0.0,1.0,0.9999999999999999,-0.049999999999999996,0.0
1770415543.667279,43,3,0.0,0.0,0.0,0.0,1.0,0.9999999999999999,-0.049999999999999996,0.0
1770415543.6680832,43,4,0.0,0.0,0.0,0.0,1.0,0.9999999999999999,-0.049999999999999996,0.0
1770415543.6687994,43,5,0.0,0.0,0.0,0.0,1.0,0.9999999999999999,-0.049999999999999996,0.0
1770415543.6696281,43,6,0.0,0.0,0.0,0.0,1.0,0.9999999999999999,-1.05,0.0
1770415543.6704443,43,7,0.0,0.0,0.0,0.0,1.0,0.9999999999999999,-1.05,0.0
1770415543.6713212,43,8,0.0,0.0,0.0,0.0,1.0,0.9999999999999999,-1.05,0.0
1770415543.672149,43,9,0.0,0.0,0.0,0.0,1.0,0.9999999999999999,-1.05,0.0
1770415543.6730134,43,10,0.0,0.0,0.0,0.0,1.0,0.9999999999999999,-1.05,0.0
1770415543.6739807,43,11,0.0,0.0,0.0,0.0,1.0,0.9999999999999999,-1.05,0.0
1770415543.6749861,43,12,0.0,0.0,0.0,0.0,1.0,0.9999999999999999,-1.05,0.0
1770415543.6760647,43,13,0.0,0.0,0.0,0.0,1.0,0.9999999999999999,-1.05,0.0
1770415543.6771066,43,14,0.0,0.0,0.0,0.0,1.0,0.9999999999999999,-1.05,0.0
1770415543.6781294,43,15,0.0,0.0,0.0,0.0,1.0,0.9999999999999999,-1.05,0.0
1770415543.6790805,43,16,0.0,0.0,0.0,0.0,1.0,0.9999999999999999,-1.05,0.0
1770415543.6799672,43,17,0.0,0.0,0.0,0.0,1.0,0.9999999999999999,-1.05,0.0
1770415543.6810737,43,18,0.0,0.0,0.0,0.0,1.0,0.9999999999999999,-1.05,0.0
1770415543.681958,43,19,0.0,0.0,0.0,0.0,1.0,0.9999999999999999,-1.05,0.0
1770415543.6831295,43,20,0.0,0.0,0.0,0.0,1.0,0.9999999999999999,-1.05,0.0
1770415543.68424,43,21,0.0,0.0,0.0,0.0,1.0,0.9999999999999999,-1.05,0.0
1770415543.6852863,43,22,0.0,0.0,0.0,0.0,1.0,0.9999999999999999,-1.05,0.0
1770415543.686389,43,23,0.0,0.0,0.0,0.0,1.0,0.9999999999999999,-1.05,0.0
1770415543.6875439,43,24,0.0,0.0,0.0,0.0,1.0,0.9999999999999999,-1.05,0.0
1770415543.688793,43,25,0.0,0.0,0.0,0.0,1.0,0.9999999999999999,-1.05,0.0
1770415543.6897035,43,26,0.0,0.0,0.0,0.0,1.0,0.9999999999999999,-1.05,0.0
1770415543.6905696,43,27,0.0,0.0,0.0,0.0,1.0,0.9999999999999999,-1.05,0.0
1770415543.691513,43,28,0.0,0.0,0.0,0.0,1.0,0.9999999999999999,-1.05,0.0
1770415543.6924944,43,29,0.0,0.0,0.0,0.0,1.0,0.9999999999999999,-1.05,0.0
1770415543.6933842,43,30,0.0,0.0,0.0,0.0,1.0,0.9999999999999999,-1.05,0.0
1770415543.694298,43,31,0.0,0.0,0.0,0.0,1.0,0.9999999999999999,-1.05,0.0
1770415543.6951692,43,32,0.0,0.0,0.0,0.0,1.0,0.9999999999999999,-1.05,0.0
1770415543.6960237,43,33,0.0,0.0,0.0,0.0,1.0,0.9999999999999999,-1.05,0.0
1770415543.6968257,43,34,0.0,0.0,0.0,0.0,1.0,0.9999999999999999,-1.05,0.0
1770415543.697958,43,35,0.0,0.0,0.0,0.0,1.0,0.9999999999999999,-1.05,0.0
1770415543.6990707,43,36,0.0,0.0,0.0,0.0,1.0,0.9999999999999999,-1.05,0.0
1770415543.700182,43,37,0.0,0.0,0.0,0.0,1.0,0.9999999999999999,-1.05,0.0
1770415543.7010427,43,38,0.0,0.0,0.0,0.0,1.0,0.9999999999999999,-1.05,0.0
1770415543.702071,43,39,0.0,0.0,0.0,0.0,1.0,0.9999999999999999,-1.05,0.0
1770415543.702952,43,40,0.0,0.0,0.0,0.0,1.0,0.9999999999999999,-1.05,0.0
1770415543.7038112,43,41,0.0,0.0,0.0,0.0,1.0,0.9999999999999999,-1.05,0.0
1770415543.7047682,43,42,0.0,0.0,0.0,0.0,1.0,0.9999999999999999,-1.05,0.0
1770415543.7055264,43,43,0.0,0.0,0.0,0.0,1.0,0.9999999999999999,-1.05,0.0
1770415543.7062051,43,44,0.0,0.0,0.0,0.0,1.0,0.9999999999999999,-1.05,0.0
1770415543.7069707,43,45,0.0,0.0,0.0,0.0,1.0,0.9999999999999999,-1.05,0.0
1770415543.7077293,43,46,0.0,0.0,0.0,0.0,1.0,0.9999999999999999,-1.05,0.0
1770415543.7085059,43,47,0.0,0.0,0.0,0.0,1.0,0.9999999999999999,-1.05,0.0
1770415543.709259,43,48,0.0,0.0,0.0,0.0,1.0,0.9999999999999999,-1.05,0.0
1770415543.710171,43,49,0.0,0.0,0.0,0.0,1.0,0.9999999999999999,-1.05,0.0
1770415543.7112257,43,50,0.0,0.0,0.0,0.0,1.0,0.9999999999999999,-1.05,0.0
1770415543.7121613,43,51,0.0,0.0,0.0,0.0,1.0,0.9999999999999999,-1.05,0.0
1770415543.7129989,43,52,0.0,0.0,0.0,0.0,1.0,0.9999999999999999,-1.05,0.0
1770415543.7138455,43,53,0.0,0.0,0.0,0.0,1.0,0.9999999999999999,-1.05,0.0
1770415543.7146604,43,54,0.0,0.0,0.0,0.0,1.0,0.9999999999999999,-1.05,0.0
1770415543.7155948,43,55,0.0,0.0,0.0,0.0,1.0,0.9999999999999999,-1.05,0.0
1770415543.7165303,43,56,0.0,0.0,0.0,0.0,1.0,0.9999999999999999,-1.05,0.0
1770415543.7173629,43,57,0.0,0.0,0.0,0.0,1.0,0.9999999999999999,-1.05,0.0
1770415543.718168,43,58,0.0,0.0,0.0,0.0,1.0,0.9999999999999999,-1.05,0.0
1770415543.719013,43,59,0.0,0.0,0.0,0.0,1.0,0.9999999999999999,-1.05,0.0
1770415543.719857,43,60,0.0,0.0,0.0,0.0,1.0,0.9999999999999999,-1.05,0.0
1770415543.7207096,43,61,0.0,0.0,0.0,0.0,1.0,0.9999999999999999,-1.05,0.0
1770415543.7215104,43,62,0.0,0.0,0.0,0.0,1.0,0.9999999999999999,-1.05,0.0
1770415543.722493,43,63,0.0,0.0,0.0,0.0,1.0,0.9999999999999999,-1.05,0.0
1770415543.7235343,43,64,0.0,0.0,0.0,0.0,1.0,0.9999999999999999,-1.05,0.0
1770415543.7246222,43,65,0.0,0.0,0.0,0.0,1.0,0.9999999999999999,-1.05,0.0
1770415543.7255852,43,66,0.0,0.0,0.0,0.0,1.0,0.9999999999999999,-1.05,0.0
1770415543.7267532,43,67,0.0,0.0,0.0,0.0,1.0,0.9999999999999999,-1.05,0.0
1770415543.7276478,43,68,0.0,0.0,0.0,0.0,1.0,0.9999999999999999,-1.05,0.0
1770415543.7285647,43,69,0.0,0.0,0.0,0.0,1.0,0.9999999999999999,-1.05,0.0
1770415543.7294583,43,70,0.0,0.0,0.0,0.0,1.0,0.9999999999999999,-1.05,0.0
1770415543.7304347,43,71,0.0,0.0,0.0,0.0,1.0,0.9999999999999999,-1.05,0.0
1770415543.7312515,43,72,0.0,0.0,0.0,0.0,1.0,0.9999999999999999,-1.05,0.0
1770415543.732088,43,73,0.0,0.0,0.0,0.0,1.0,0.9999999999999999,-1.05,0.0
1770415543.7331085,43,74,0.0,0.0,0.0,0.0,1.0,0.9999999999999999,-1.05,0.0
1770415543.7340727,43,75,0.0,0.0,0.0,0.0,1.0,0.9999999999999999,-1.05,0.0
1770415543.7349486,43,76,0.0,0.0,0.0,0.0,1.0,0.9999999999999999,-1.05,0.0
1770415543.7358797,43,77,0.0,0.0,0.0,0.0,1.0,0.9999999999999999,-1.05,0.0
1770415543.7368846,43,78,0.0,0.0,0.0,0.0,1.0,0.9999999999999999,-1.05,0.0
1770415543.73806,43,79,0.0,0.0,0.0,0.0,1.0,0.9999999999999999,-1.05,0.0
1770415543.7389967,43,80,0.0,0.0,0.0,0.0,1.0,0.9999999999999999,-1.05,0.0
1770415543.7398894,43,81,0.0,0.0,0.0,0.0,1.0,0.9999999999999999,-1.05,0.0
1770415543.7408357,43,82,0.0,0.0,0.0,0.0,1.0,0.9999999999999999,-1.05,0.0
1770415543.7419684,43,83,0.0,0.0,0.0,0.0,1.0,0.9999999999999999,-1.05,0.0
1770415543.7431033,43,84,0.0,0.0,0.0,0.0,1.0,0.9999999999999999,-1.05,0.0
1770415543.7442384,43,85,0.0,0.0,0.0,0.0,1.0,0.9999999999999999,-1.05,0.0
1770415543.7453415,43,86,0.0,0.0,0.0,0.0,1.0,0.9999999999999999,-1.05,0.0
1770415543.7464356,43,87,0.0,0.0,0.0,0.0,1.0,0.9999999999999999,-1.05,0.0
1770415543.747545,43,88,0.0,0.0,0.0,0.0,1.0,0.9999999999999999,-1.05,0.0
1770415543.748655,43,89,0.0,0.0,0.0,0.0,1.0,0.9999999999999999,-1.05,0.0
1770415543.749581,43,90,0.0,0.0,0.0,0.0,1.0,0.9999999999999999,-1.05,0.0
1770415543.7507553,43,91,0.0,0.0,0.0,0.0,1.0,0.9999999999999999,-1.05,0.0
1770415543.7516499,43,92,0.0,0.0,0.0,0.0,1.0,0.9999999999999999,-1.05,0.0
1770415543.7527068,43,93,0.0,0.0,0.0,0.0,1.0,0.9999999999999999,-1.05,0.0
1770415543.7538173,43,94,0.0,0.0,0.0,0.0,1.0,0.9999999999999999,-1.05,0.0
1770415543.754932,43,95,0.0,0.0,0.0,0.0,1.0,0.9999999999999999,-1.05,0.0
1770415543.7559516,43,96,0.0,0.0,0.0,0.0,1.0,0.9999999999999999,-1.05,0.0
1770415543.7569895,43,97,0.0,0.0,0.0,0.0,1.0,0.9999999999999999,-1.05,0.0
1770415543.7581635,43,98,0.0,0.0,0.0,0.0,1.0,0.9999999999999999,-1.05,0.0
1770415543.7592282,43,99,0.0,0.0,0.0,0.0,1.0,0.9999999999999999,-1.05,0.0
1770415543.7603137,43,100,0.0,0.0,0.0,0.0,1.0,0.9999999999999999,-1.05,0.0
1770415543.7613883,43,101,0.0,0.0,0.0,0.0,1.0,0.9999999999999999,-1.05,0.0
1770415543.7624574,43,102,0.0,0.0,0.0,0.0,1.0,0.9999999999999999,-1.05,0.0
1770415543.7636302,43,103,0.0,0.0,0.0,0.0,1.0,0.9999999999999999,-1.05,0.0
1770415543.7644763,43,104,0.0,0.0,0.0,0.0,1.0,0.9999999999999999,-1.05,0.0
1770415543.7652712,43,105,0.0,0.0,0.0,0.0,1.0,0.9999999999999999,-1.05,0.0
1770415543.7660797,43,106,0.0,0.0,0.0,0.0,1.0,0.9999999999999999,-1.05,0.0
1770415543.7669172,43,107,0.0,0.0,0.0,0.0,1.0,0.9999999999999999,-1.05,0.0
1770415543.7679534,43,108,0.0,0.0,0.0,0.0,1.0,0.9999999999999999,-1.05,0.0
1770415543.769093,43,109,0.0,0.0,0.0,0.0,1.0,0.9999999999999999,-1.05,0.0
1770415543.7700624,43,110,0.0,0.0,0.0,0.0,1.0,0.9999999999999999,-1.05,0.0
1770415543.770928,43,111,0.0,0.0,0.0,0.0,1.0,0.9999999999999999,-1.05,0.0
1770415543.771748,43,112,0.0,0.0,0.0,0.0,1.0,0.9999999999999999,-1.05,0.0
1770415543.7724588,43,113,0.0,0.0,0.0,0.0,1.0,0.9999999999999999,-1.05,0.0
1770415543.7733328,43,114,0.0,0.0,0.0,0.0,1.0,0.9999999999999999,-1.05,0.0
1770415543.774247,43,115,0.0,0.0,0.0,0.0,1.0,0.9999999999999999,-1.05,0.0
1770415543.7751713,43,116,0.0,0.0,0.0,0.0,1.0,0.9999999999999999,-1.05,0.0
1770415543.776199,43,117,0.0,0.0,0.0,0.0,1.0,0.9999999999999999,-1.05,0.0
1770415543.7772238,43,118,0.0,0.0,0.0,0.0,1.0,0.9999999999999999,-1.05,0.0
1770415543.7782085,43,119,0.0,0.0,0.0,0.0,1.0,0.9999999999999999,-1.05,0.0
1770415543.7791827,43,120,0.0,0.0,0.0,0.0,1.0,0.9999999999999999,-1.05,0.0
1770415543.7803357,43,121,0.0,0.0,0.0,0.0,1.0,0.9999999999999999,-1.05,0.0
1770415543.7814457,43,122,0.0,0.0,0.0,0.0,1.0,0.9999999999999999,-1.05,0.0
1770415543.7824912,43,123,0.0,0.0,0.0,0.0,1.0,0.9999999999999999,-1.05,0.0
1770415543.783471,43,124,0.0,0.0,0.0,0.0,1.0,0.9999999999999999,-1.05,0.0
1770415543.7845473,43,125,0.0,0.0,0.0,0.0,1.0,0.9999999999999999,-1.05,0.0
1770415543.7856984,43,126,0.0,0.0,0.0,0.0,1.0,0.9999999999999999,-1.05,0.0
1770415543.7870026,43,127,0.0,0.0,0.0,0.0,1.0,0.9999999999999999,-1.05,0.0
1770415543.788166,43,128,0.0,0.0,0.0,0.0,1.0,0.9999999999999999,-1.05,0.0
1770415543.7893345,43,129,0.0,0.0,0.0,0.0,1.0,0.9999999999999999,-1.05,0.0
1770415543.7904632,43,130,0.0,0.0,0.0,0.0,1.0,0.9999999999999999,-1.05,0.0
1770415543.7916968,43,131,0.0,0.0,0.0,0.0,1.0,0.9999999999999999,-1.05,0.0
1770415543.7927463,43,132,0.0,0.0,0.0,0.0,1.0,0.9999999999999999,-1.05,0.0
1770415543.7938538,43,133,0.0,0.0,0.0,0.0,1.0,0.9999999999999999,-1.05,0.0
1770415543.795036,43,134,0.0,0.0,0.0,0.0,1.0,0.9999999999999999,-1.05,0.0
1770415543.7962365,43,135,0.0,0.0,0.0,0.0,1.0,0.9999999999999999,-1.05,0.0
1770415543.797279,43,136,0.0,0.0,0.0,0.0,1.0,0.9999999999999999,-1.05,0.0
1770415543.798228,43,137,0.0,0.0,0.0,0.0,1.0,0.9999999999999999,-1.05,0.0
1770415543.7991607,43,138,0.0,0.0,0.0,0.0,1.0,0.9999999999999999,-1.05,0.0
1770415543.8002045,43,139,0.0,0.0,0.0,0.0,1.0,0.9999999999999999,-1.05,0.0
1770415543.8012452,43,140,0.0,0.0,0.0,0.0,1.0,0.9999999999999999,-1.05,0.0
1770415543.8022895,43,141,0.0,0.0,0.0,0.0,1.0,0.9999999999999999,-1.05,0.0
1770415543.8044772,43,142,0.0,0.0,0.0,0.0,1.0,0.9999999999999999,-1.05,0.0
1770415543.8059137,43,143,0.0,0.0,0.0,0.0,1.0,0.9999999999999999,-1.05,0.0
1770415543.807028,43,144,0.0,0.0,0.0,0.0,1.0,0.9999999999999999,-1.05,0.0
1770415543.807971,43,145,0.0,0.0,0.0,0.0,1.0,0.9999999999999999,-1.05,0.0
1770415543.8090146,43,146,0.0,0.0,0.0,0.0,1.0,0.9999999999999999,-1.05,0.0
1770415543.8100805,43,147,0.0,0.0,0.0,0.0,1.0,0.9999999999999999,-1.05,0.0
1770415543.8109705,43,148,0.0,0.0,0.0,0.0,1.0,0.9999999999999999,-1.05,0.0
1770415543.8120368,43,149,0.0,0.0,0.0,0.0,1.0,0.9999999999999999,-1.05,0.0
1770415543.8131218,43,150,0.0,0.0,0.0,0.0,1.0,0.9999999999999999,-1.05,0.0
1770415543.814044,43,151,0.0,0.0,0.0,0.0,1.0,0.9999999999999999,-1.05,0.0
1770415543.814754,43,152,0.0,0.0,0.0,0.0,1.0,0.9999999999999999,-1.05,0.0
1770415543.8156507,43,153,0.0,0.0,0.0,0.0,1.0,0.9999999999999999,-1.05,0.0
1770415543.8165448,43,154,0.0,0.0,0.0,0.0,1.0,0.9999999999999999,-1.05,0.0
1770415543.8173409,43,155,0.0,0.0,0.0,0.0,1.0,0.9999999999999999,-1.05,0.0
1770415543.818149,43,156,0.0,0.0,0.0,0.0,1.0,0.9999999999999999,-1.05,0.0
1770415543.8189857,43,157,0.0,0.0,0.0,0.0,1.0,0.9999999999999999,-1.05,0.0
1770415543.8197386,43,158,0.0,0.0,0.0,0.0,1.0,0.9999999999999999,-1.05,0.0
1770415543.820477,43,159,0.0,0.0,0.0,0.0,1.0,0.9999999999999999,-1.05,0.0
1770415543.821358,43,160,0.0,0.0,0.0,0.0,1.0,0.9999999999999999,-1.05,0.0
1770415543.8224814,43,161,0.0,0.0,0.0,0.0,1.0,0.9999999999999999,-1.05,0.0
1770415543.8234556,43,162,0.0,0.0,0.0,0.0,1.0,0.9999999999999999,-1.05,0.0
1770415543.8244932,43,163,0.0,0.0,0.0,0.0,1.0,0.9999999999999999,-1.05,0.0
1770415543.8253074,43,164,0.0,0.0,0.0,0.0,1.0,0.9999999999999999,-1.05,0.0
1770415543.8261034,43,165,0.0,0.0,0.0,0.0,1.0,0.9999999999999999,-1.05,0.0
1770415543.8269799,43,166,0.0,0.0,0.0,0.0,1.0,0.9999999999999999,-1.05,0.0
1770415543.827878,43,167,0.0,0.0,0.0,0.0,1.0,0.9999999999999999,-1.05,0.0
1770415543.8287559,43,168,0.0,0.0,0.0,0.0,1.0,0.9999999999999999,-1.05,0.0
1770415543.8295085,43,169,0.0,0.0,0.0,0.0,1.0,0.9999999999999999,-1.05,0.0
1770415543.8301444,43,170,0.0,0.0,0.0,0.0,1.0,0.9999999999999999,-1.05,0.0
1770415543.8308475,43,171,0.0,0.0,0.0,0.0,1.0,0.9999999999999999,-1.05,0.0
1770415543.8318918,43,172,0.0,0.0,0.0,0.0,1.0,0.9999999999999999,-1.05,0.0
1770415543.8329787,43,173,0.0,0.0,0.0,0.0,1.0,0.9999999999999999,-1.05,0.0
1770415543.833975,43,174,0.0,0.0,0.0,0.0,1.0,0.9999999999999999,-1.05,0.0
1770415543.8347964,43,175,0.0,0.0,0.0,0.0,1.0,0.9999999999999999,-1.05,0.0
1770415543.8355517,43,176,0.0,0.0,0.0,0.0,1.0,0.9999999999999999,-1.05,0.0
1770415543.8363187,43,177,0.0,0.0,0.0,0.0,1.0,0.9999999999999999,-1.05,0.0
1770415543.8373713,43,178,0.0,0.0,0.0,0.0,1.0,0.9999999999999999,-1.05,0.0
1770415543.8383498,43,179,0.0,0.0,0.0,0.0,1.0,0.9999999999999999,-1.05,0.0
1770415543.839343,43,180,0.0,0.0,0.0,0.0,1.0,0.9999999999999999,-1.05,0.0
1770415543.8403544,43,181,0.0,0.0,0.0,0.0,1.0,0.9999999999999999,-1.05,0.0
1770415543.841211,43,182,0.0,0.0,0.0,0.0,1.0,0.9999999999999999,-1.05,0.0
1770415543.8421173,43,183,0.0,0.0,0.0,0.0,1.0,0.9999999999999999,-1.05,0.0
1770415543.843012,43,184,0.0,0.0,0.0,0.0,1.0,0.9999999999999999,-1.05,0.0
1770415543.8438272,43,185,0.0,0.0,0.0,0.0,1.0,0.9999999999999999,-1.05,0.0
1770415543.8449838,43,186,0.0,0.0,0.0,0.0,1.0,0.9999999999999999,-1.05,0.0
1770415543.8460908,43,187,0.0,0.0,0.0,0.0,1.0,0.9999999999999999,-1.05,0.0
1770415543.8471448,43,188,0.0,0.0,0.0,0.0,1.0,0.9999999999999999,-1.05,0.0
1770415543.8480306,43,189,0.0,0.0,0.0,0.0,1.0,0.9999999999999999,-1.05,0.0
1770415543.8489408,43,190,0.0,0.0,0.0,0.0,1.0,0.9999999999999999,-1.05,0.0
1770415543.8498857,43,191,0.0,0.0,0.0,0.0,1.0,0.9999999999999999,-1.05,0.0
1770415543.850795,43,192,0.0,0.0,0.0,0.0,1.0,0.9999999999999999,-1.05,0.0
1770415543.8517315,43,193,0.0,0.0,0.0,0.0,1.0,0.9999999999999999,-1.05,0.0
1770415543.852452,43,194,0.0,0.0,0.0,0.0,1.0,0.9999999999999999,-1.05,0.0
1770415543.8532262,43,195,0.0,0.0,0.0,0.0,1.0,0.9999999999999999,-1.05,0.0
1770415543.8540516,43,196,0.0,0.0,0.0,0.0,1.0,0.9999999999999999,-1.05,0.0
1770415543.8548412,43,197,0.0,0.0,0.0,0.0,1.0,0.9999999999999999,-1.05,0.0
1770415543.855797,43,198,0.0,0.0,0.0,0.0,1.0,0.9999999999999999,-1.05,0.0
1770415543.8567686,43,199,0.0,0.0,0.0,0.0,1.0,0.9999999999999999,-1.05,0.0
1770415543.857838,43,200,0.0,0.0,0.0,0.0,1.0,0.9999999999999999,-1.05,0.0
1770415543.9215348,44,0,0.0,0.0,0.0,0.0,1.0,0.0,0.0,0.0
1770415543.9237485,44,1,0.0,0.0,0.0,0.0,1.0,0.9999999999999999,-0.049999999999999996,0.0
1770415543.925608,44,2,0.0,0.0,0.0,0.0,1.0,0.9999999999999999,-0.049999999999999996,0.0
1770415543.9276242,44,3,0.0,0.0,0.0,0.0,1.0,0.9999999999999999,-0.049999999999999996,0.0
1770415543.9298089,44,4,0.0,0.0,0.0,0.0,1.0,0.9999999999999999,-0.049999999999999996,0.0
1770415543.932286,44,5,0.0,0.0,0.0,0.0,1.0,0.9999999999999999,-0.049999999999999996,0.0
1770415543.9343548,44,6,0.0,0.0,0.0,0.0,1.0,0.9999999999999999,-1.05,0.0
1770415543.9365082,44,7,0.0,0.0,0.0,0.0,1.0,0.9999999999999999,-1.05,0.0
1770415543.9384658,44,8,0.0,0.0,0.0,0.0,1.0,0.9999999999999999,-1.05,0.0
1770415543.940352,44,9,0.0,0.0,0.0,0.0,1.0,0.9999999999999999,-1.05,0.0
1770415543.9425879,44,10,0.0,0.0,0.0,0.0,1.0,0.9999999999999999,-1.05,0.0
1770415543.9445658,44,11,0.0,0.0,0.0,0.0,1.0,0.9999999999999999,-1.05,0.0
1770415543.9466512,44,12,0.0,0.0,0.0,0.0,1.0,0.9999999999999999,-1.05,0.0
1770415543.9488866,44,13,0.0,0.0,0.0,0.0,1.0,0.9999999999999999,-1.05,0.0
1770415543.9509246,44,14,0.0,0.0,0.0,0.0,1.0,0.9999999999999999,-1.05,0.0
1770415543.953149,44,15,0.0,0.0,0.0,0.0,1.0,0.9999999999999999,-1.05,0.0
1770415543.955438,44,16,0.0,0.0,0.0,0.0,1.0,0.9999999999999999,-1.05,0.0
1770415543.9576602,44,17,0.0,0.0,0.0,0.0,1.0,0.9999999999999999,-1.05,0.0
1770415543.9596796,44,18,0.0,0.0,0.0,0.0,1.0,0.9999999999999999,-1.05,0.0
1770415543.96165,44,19,0.0,0.0,0.0,0.0,1.0,0.9999999999999999,-1.05,0.0
1770415543.9636986,44,20,0.0,0.0,0.0,0.0,1.0,0.9999999999999999,-1.05,0.0
1770415543.965934,44,21,0.0,0.0,0.0,0.0,1.0,0.9999999999999999,-1.05,0.0
1770415543.968161,44,22,0.0,0.0,0.0,0.0,1.0,0.9999999999999999,-1.05,0.0
1770415543.9708452,44,23,0.0,0.0,0.0,0.0,1.0,0.9999999999999999,-1.05,0.0
1770415543.9736383,44,24,0.0,0.0,0.0,0.0,1.0,0.9999999999999999,-1.05,0.0
1770415543.9757986,44,25,0.0,0.0,0.0,0.0,1.0,0.9999999999999999,-1.05,0.0
1770415543.9781547,44,26,0.0,0.0,0.0,0.0,1.0,0.9999999999999999,-1.05,0.0
1770415543.980466,44,27,0.0,0.0,0.0,0.0,1.0,0.9999999999999999,-1.05,0.0
1770415543.9826202,44,28,0.0,0.0,0.0,0.0,1.0,0.9999999999999999,-1.05,0.0
1770415543.984735,44,29,0.0,0.0,0.0,0.0,1.0,0.9999999999999999,-1.05,0.0
1770415543.9867976,44,30,0.0,0.0,0.0,0.0,1.0,0.9999999999999999,-1.05,0.0
1770415543.988925,44,31,0.0,0.0,0.0,0.0,1.0,0.9999999999999999,-1.05,0.0
1770415543.991032,44,32,0.0,0.0,0.0,0.0,1.0,0.9999999999999999,-1.05,0.0
1770415543.9931538,44,33,0.0,0.0,0.0,0.0,1.0,0.9999999999999999,-1.05,0.0
1770415543.9951878,44,34,0.0,0.0,0.0,0.0,1.0,0.9999999999999999,-1.05,0.0
1770415543.997119,44,35,0.0,0.0,0.0,0.0,1.0,0.9999999999999999,-1.05,0.0
1770415543.9991527,44,36,0.0,0.0,0.0,0.0,1.0,0.9999999999999999,-1.05,0.0
1770415544.0013027,44,37,0.0,0.0,0.0,0.0,1.0,0.9999999999999999,-1.05,0.0
1770415544.0036416,44,38,0.0,0.0,0.0,0.0,1.0,0.9999999999999999,-1.05,0.0
1770415544.0059805,44,39,0.0,0.0,0.0,0.0,1.0,0.9999999999999999,-1.05,0.0
1770415544.0082839,44,40,0.0,0.0,0.0,0.0,1.0,0.9999999999999999,-1.05,0.0
1770415544.0105162,44,41,0.0,0.0,0.0,0.0,1.0,0.9999999999999999,-1.05,0.0
1770415544.0128863,44,42,0.0,0.0,0.0,0.0,1.0,0.9999999999999999,-1.05,0.0
1770415544.0152516,44,43,0.0,0.0,0.0,0.0,1.0,0.9999999999999999,-1.05,0.0
1770415544.017726,44,44,0.0,0.0,0.0,0.0,1.0,0.9999999999999999,-1.05,0.0
1770415544.0200386,44,45,0.0,0.0,0.0,0.0,1.0,0.9999999999999999,-1.05,0.0
1770415544.022454,44,46,0.0,0.0,0.0,0.0,1.0,0.9999999999999999,-1.05,0.0
1770415544.024675,44,47,0.0,0.0,0.0,0.0,1.0,0.9999999999999999,-1.05,0.0
1770415544.027204,44,48,0.0,0.0,0.0,0.0,1.0,0.9999999999999999,-1.05,0.0
1770415544.0296268,44,49,0.0,0.0,0.0,0.0,1.0,0.9999999999999999,-1.05,0.0
1770415544.0318716,44,50,0.0,0.0,0.0,0.0,1.0,0.9999999999999999,-1.05,0.0
1770415544.0341878,44,51,0.0,0.0,0.0,0.0,1.0,0.9999999999999999,-1.05,0.0
1770415544.0366066,44,52,0.0,0.0,0.0,0.0,1.0,0.9999999999999999,-1.05,0.0
1770415544.0391777,44,53,0.0,0.0,0.0,0.0,1.0,0.9999999999999999,-1.05,0.0
1770415544.0414886,44,54,0.0,0.0,0.0,0.0,1.0,0.9999999999999999,-1.05,0.0
1770415544.0439184,44,55,0.0,0.0,0.0,0.0,1.0,0.9999999999999999,-1.05,0.0
1770415544.0463269,44,56,0.0,0.0,0.0,0.0,1.0,0.9999999999999999,-1.05,0.0
1770415544.0487065,44,57,0.0,0.0,0.0,0.0,1.0,0.9999999999999999,-1.05,0.0
1770415544.0510194,44,58,0.0,0.0,0.0,0.0,1.0,0.9999999999999999,-1.05,0.0
1770415544.0536563,44,59,0.0,0.0,0.0,0.0,1.0,0.9999999999999999,-1.05,0.0
1770415544.0561795,44,60,0.0,0.0,0.0,0.0,1.0,0.9999999999999999,-1.05,0.0
1770415544.0586317,44,61,0.0,0.0,0.0,0.0,1.0,0.9999999999999999,-1.05,0.0
1770415544.0609956,44,62,0.0,0.0,0.0,0.0,1.0,0.9999999999999999,-1.05,0.0
1770415544.06372,44,63,0.0,0.0,0.0,0.0,1.0,0.9999999999999999,-1.05,0.0
1770415544.0662465,44,64,0.0,0.0,0.0,0.0,1.0,0.9999999999999999,-1.05,0.0
1770415544.0685894,44,65,0.0,0.0,0.0,0.0,1.0,0.9999999999999999,-1.05,0.0
1770415544.070868,44,66,0.0,0.0,0.0,0.0,1.0,0.9999999999999999,-1.05,0.0
1770415544.0734007,44,67,0.0,0.0,0.0,0.0,1.0,0.9999999999999999,-1.05,0.0
1770415544.075616,44,68,0.0,0.0,0.0,0.0,1.0,0.9999999999999999,-1.05,0.0
1770415544.0781755,44,69,0.0,0.0,0.0,0.0,1.0,0.9999999999999999,-1.05,0.0
1770415544.080999,44,70,0.0,0.0,0.0,0.0,1.0,0.9999999999999999,-1.05,0.0
1770415544.083469,44,71,0.0,0.0,0.0,0.0,1.0,0.9999999999999999,-1.05,0.0
1770415544.0859807,44,72,0.0,0.0,0.0,0.0,1.0,0.9999999999999999,-1.05,0.0
1770415544.0885475,44,73,0.0,0.0,0.0,0.0,1.0,0.9999999999999999,-1.05,0.0
1770415544.091033,44,74,0.0,0.0,0.0,0.0,1.0,0.9999999999999999,-1.05,0.0
1770415544.0934038,44,75,0.0,0.0,0.0,0.0,1.0,0.9999999999999999,-1.05,0.0
1770415544.0960689,44,76,0.0,0.0,0.0,0.0,1.0,0.9999999999999999,-1.05,0.0
1770415544.0984976,44,77,0.0,0.0,0.0,0.0,1.0,0.9999999999999999,-1.05,0.0
1770415544.1009433,44,78,0.0,0.0,0.0,0.0,1.0,0.9999999999999999,-1.05,0.0
1770415544.1035697,44,79,0.0,0.0,0.0,0.0,1.0,0.9999999999999999,-1.05,0.0
1770415544.1059847,44,80,0.0,0.0,0.0,0.0,1.0,0.9999999999999999,-1.05,0.0
1770415544.1084342,44,81,0.0,0.0,0.0,0.0,1.0,0.9999999999999999,-1.05,0.0
1770415544.1110597,44,82,0.0,0.0,0.0,0.0,1.0,0.9999999999999999,-1.05,0.0
1770415544.113679,44,83,0.0,0.0,0.0,0.0,1.0,0.9999999999999999,-1.05,0.0
1770415544.1161742,44,84,0.0,0.0,0.0,0.0,1.0,0.9999999999999999,-1.05,0.0
1770415544.1203861,44,85,0.0,0.0,0.0,0.0,1.0,0.9999999999999999,-1.05,0.0
1770415544.1229222,44,86,0.0,0.0,0.0,0.0,1.0,0.9999999999999999,-1.05,0.0
1770415544.1254623,44,87,0.0,0.0,0.0,0.0,1.0,0.9999999999999999,-1.05,0.0
1770415544.127973,44,88,0.0,0.0,0.0,0.0,1.0,0.9999999999999999,-1.05,0.0
1770415544.130495,44,89,0.0,0.0,0.0,0.0,1.0,0.9999999999999999,-1.05,0.0
1770415544.1333668,44,90,0.0,0.0,0.0,0.0,1.0,0.9999999999999999,-1.05,0.0
1770415544.135906,44,91,0.0,0.0,0.0,0.0,1.0,0.9999999999999999,-1.05,0.0
1770415544.1383638,44,92,0.0,0.0,0.0,0.0,1.0,0.9999999999999999,-1.05,0.0
1770415544.1410298,44,93,0.0,0.0,0.0,0.0,1.0,0.9999999999999999,-1.05,0.0
1770415544.143469,44,94,0.0,0.0,0.0,0.0,1.0,0.9999999999999999,-1.05,0.0
1770415544.145689,44,95,0.0,0.0,0.0,0.0,1.0,0.9999999999999999,-1.05,0.0
1770415544.1482484,44,96,0.0,0.0,0.0,0.0,1.0,0.9999999999999999,-1.05,0.0
1770415544.1507564,44,97,0.0,0.0,0.0,0.0,1.0,0.9999999999999999,-1.05,0.0
1770415544.153434,44,98,0.0,0.0,0.0,0.0,1.0,0.9999999999999999,-1.05,0.0
1770415544.1557198,44,99,0.0,0.0,0.0,0.0,1.0,0.9999999999999999,-1.05,0.0
1770415544.1582227,44,100,0.0,0.0,0.0,0.0,1.0,0.9999999999999999,-1.05,0.0
1770415544.1607149,44,101,0.0,0.0,0.0,0.0,1.0,0.9999999999999999,-1.05,0.0
1770415544.1630914,44,102,0.0,0.0,0.0,0.0,1.0,0.9999999999999999,-1.05,0.0
1770415544.1655827,44,103,0.0,0.0,0.0,0.0,1.0,0.9999999999999999,-1.05,0.0
1770415544.1679554,44,104,0.0,0.0,0.0,0.0,1.0,0.9999999999999999,-1.05,0.0
1770415544.1707299,44,105,0.0,0.0,0.0,0.0,1.0,0.9999999999999999,-1.05,0.0
1770415544.1731153,44,106,0.0,0.0,0.0,0.0,1.0,0.9999999999999999,-1.05,0.0
1770415544.175518,44,107,0.0,0.0,0.0,0.0,1.0,0.9999999999999999,-1.05,0.0
1770415544.178011,44,108,0.0,0.0,0.0,0.0,1.0,0.9999999999999999,-1.05,0.0
1770415544.180399,44,109,0.0,0.0,0.0,0.0,1.0,0.9999999999999999,-1.05,0.0
1770415544.1827414,44,110,0.0,0.0,0.0,0.0,1.0,0.9999999999999999,-1.05,0.0
1770415544.1852152,44,111,0.0,0.0,0.0,0.0,1.0,0.9999999999999999,-1.05,0.0
1770415544.1876884,44,112,0.0,0.0,0.0,0.0,1.0,0.9999999999999999,-1.05,0.0
1770415544.190115,44,113,0.0,0.0,0.0,0.0,1.0,0.9999999999999999,-1.05,0.0
1770415544.192479,44,114,0.0,0.0,0.0,0.0,1.0,0.9999999999999999,-1.05,0.0
1770415544.19502,44,115,0.0,0.0,0.0,0.0,1.0,0.9999999999999999,-1.05,0.0
1770415544.1976378,44,116,0.0,0.0,0.0,0.0,1.0,0.9999999999999999,-1.05,0.0
1770415544.2000804,44,117,0.0,0.0,0.0,0.0,1.0,0.9999999999999999,-1.05,0.0
1770415544.2027247,44,118,0.0,0.0,0.0,0.0,1.0,0.9999999999999999,-1.05,0.0
1770415544.205261,44,119,0.0,0.0,0.0,0.0,1.0,0.9999999999999999,-1.05,0.0
1770415544.2079995,44,120,0.0,0.0,0.0,0.0,1.0,0.9999999999999999,-1.05,0.0
1770415544.2111468,44,121,0.0,0.0,0.0,0.0,1.0,0.9999999999999999,-1.05,0.0
1770415544.2138805,44,122,0.0,0.0,0.0,0.0,1.0,0.9999999999999999,-1.05,0.0
1770415544.2156389,44,123,0.0,0.0,0.0,0.0,1.0,0.9999999999999999,-1.05,0.0
1770415544.2185502,44,124,0.0,0.0,0.0,0.0,1.0,0.9999999999999999,-1.05,0.0
1770415544.2201936,44,125,0.0,0.0,0.0,0.0,1.0,0.9999999999999999,-1.05,0.0
1770415544.2219102,44,126,0.0,0.0,0.0,0.0,1.0,0.9999999999999999,-1.05,0.0
1770415544.2236764,44,127,0.0,0.0,0.0,0.0,1.0,0.9999999999999999,-1.05,0.0
1770415544.226614,44,128,0.0,0.0,0.0,0.0,1.0,0.9999999999999999,-1.05,0.0
1770415544.2282617,44,129,0.0,0.0,0.0,0.0,1.0,0.9999999999999999,-1.05,0.0
1770415544.229585,44,130,0.0,0.0,0.0,0.0,1.0,0.9999999999999999,-1.05,0.0
1770415544.2313213,44,131,0.0,0.0,0.0,0.0,1.0,0.9999999999999999,-1.05,0.0
1770415544.2332935,44,132,0.0,0.0,0.0,0.0,1.0,0.9999999999999999,-1.05,0.0
1770415544.235095,44,133,0.0,0.0,0.0,0.0,1.0,0.9999999999999999,-1.05,0.0
1770415544.236836,44,134,0.0,0.0,0.0,0.0,1.0,0.9999999999999999,-1.05,0.0
1770415544.2388136,44,135,0.0,0.0,0.0,0.0,1.0,0.9999999999999999,-1.05,0.0
1770415544.2406592,44,136,0.0,0.0,0.0,0.0,1.0,0.9999999999999999,-1.05,0.0
1770415544.2424371,44,137,0.0,0.0,0.0,0.0,1.0,0.9999999999999999,-1.05,0.0
1770415544.244469,44,138,0.0,0.0,0.0,0.0,1.0,0.9999999999999999,-1.05,0.0
1770415544.2464542,44,139,0.0,0.0,0.0,0.0,1.0,0.9999999999999999,-1.05,0.0
1770415544.2482622,44,140,0.0,0.0,0.0,0.0,1.0,0.9999999999999999,-1.05,0.0
1770415544.2501242,44,141,0.0,0.0,0.0,0.0,1.0,0.9999999999999999,-1.05,0.0
1770415544.2527118,44,142,0.0,0.0,0.0,0.0,1.0,0.9999999999999999,-1.05,0.0
1770415544.2554114,44,143,0.0,0.0,0.0,0.0,1.0,0.9999999999999999,-1.05,0.0
1770415544.2580044,44,144,0.0,0.0,0.0,0.0,1.0,0.9999999999999999,-1.05,0.0
1770415544.2605736,44,145,0.0,0.0,0.0,0.0,1.0,0.9999999999999999,-1.05,0.0
1770415544.2631063,44,146,0.0,0.0,0.0,0.0,1.0,0.9999999999999999,-1.05,0.0
1770415544.2656758,44,147,0.0,0.0,0.0,0.0,1.0,0.9999999999999999,-1.05,0.0
1770415544.268161,44,148,0.0,0.0,0.0,0.0,1.0,0.9999999999999999,-1.05,0.0
1770415544.2706113,44,149,0.0,0.0,0.0,0.0,1.0,0.9999999999999999,-1.05,0.0
1770415544.2730632,44,150,0.0,0.0,0.0,0.0,1.0,0.9999999999999999,-1.05,0.0
1770415544.275628,44,151,0.0,0.0,0.0,0.0,1.0,0.9999999999999999,-1.05,0.0
1770415544.2780802,44,152,0.0,0.0,0.0,0.0,1.0,0.9999999999999999,-1.05,0.0
1770415544.2806358,44,153,0.0,0.0,0.0,0.0,1.0,0.9999999999999999,-1.05,0.0
1770415544.2833135,44,154,0.0,0.0,0.0,0.0,1.0,0.9999999999999999,-1.05,0.0
1770415544.2857003,44,155,0.0,0.0,0.0,0.0,1.0,0.9999999999999999,-1.05,0.0
1770415544.2880318,44,156,0.0,0.0,0.0,0.0,1.0,0.9999999999999999,-1.05,0.0
1770415544.290488,44,157,0.0,0.0,0.0,0.0,1.0,0.9999999999999999,-1.05,0.0
1770415544.2929084,44,158,0.0,0.0,0.0,0.0,1.0,0.9999999999999999,-1.05,0.0
1770415544.295581,44,159,0.0,0.0,0.0,0.0,1.0,0.9999999999999999,-1.05,0.0
1770415544.298048,44,160,0.0,0.0,0.0,0.0,1.0,0.9999999999999999,-1.05,0.0
1770415544.3005745,44,161,0.0,0.0,0.0,0.0,1.0,0.9999999999999999,-1.05,0.0
1770415544.3030396,44,162,0.0,0.0,0.0,0.0,1.0,0.9999999999999999,-1.05,0.0
1770415544.3057098,44,163,0.0,0.0,0.0,0.0,1.0,0.9999999999999999,-1.05,0.0
1770415544.308294,44,164,0.0,0.0,0.0,0.0,1.0,0.9999999999999999,-1.05,0.0
1770415544.3111267,44,165,0.0,0.0,0.0,0.0,1.0,0.9999999999999999,-1.05,0.0
1770415544.314251,44,166,0.0,0.0,0.0,0.0,1.0,0.9999999999999999,-1.05,0.0
1770415544.317423,44,167,0.0,0.0,0.0,0.0,1.0,0.9999999999999999,-1.05,0.0
1770415544.3203795,44,168,0.0,0.0,0.0,0.0,1.0,0.9999999999999999,-1.05,0.0
1770415544.3235145,44,169,0.0,0.0,0.0,0.0,1.0,0.9999999999999999,-1.05,0.0
1770415544.3264923,44,170,0.0,0.0,0.0,0.0,1.0,0.9999999999999999,-1.05,0.0
1770415544.3294926,44,171,0.0,0.0,0.0,0.0,1.0,0.9999999999999999,-1.05,0.0
1770415544.3324828,44,172,0.0,0.0,0.0,0.0,1.0,0.9999999999999999,-1.05,0.0
1770415544.3358629,44,173,0.0,0.0,0.0,0.0,1.0,0.9999999999999999,-1.05,0.0
1770415544.3386056,44,174,0.0,0.0,0.0,0.0,1.0,0.9999999999999999,-1.05,0.0
1770415544.3421357,44,175,0.0,0.0,0.0,0.0,1.0,0.9999999999999999,-1.05,0.0
1770415544.344651,44,176,0.0,0.0,0.0,0.0,1.0,0.9999999999999999,-1.05,0.0
1770415544.3471837,44,177,0.0,0.0,0.0,0.0,1.0,0.9999999999999999,-1.05,0.0
1770415544.349779,44,178,0.0,0.0,0.0,0.0,1.0,0.9999999999999999,-1.05,0.0
1770415544.3524637,44,179,0.0,0.0,0.0,0.0,1.0,0.9999999999999999,-1.05,0.0
1770415544.3555791,44,180,0.0,0.0,0.0,0.0,1.0,0.9999999999999999,-1.05,0.0
1770415544.3585892,44,181,0.0,0.0,0.0,0.0,1.0,0.9999999999999999,-1.05,0.0
1770415544.3616056,44,182,0.0,0.0,0.0,0.0,1.0,0.9999999999999999,-1.05,0.0
1770415544.364782,44,183,0.0,0.0,0.0,0.0,1.0,0.9999999999999999,-1.05,0.0
1770415544.3681004,44,184,0.0,0.0,0.0,0.0,1.0,0.9999999999999999,-1.05,0.0
1770415544.3713639,44,185,0.0,0.0,0.0,0.0,1.0,0.9999999999999999,-1.05,0.0
1770415544.3744636,44,186,0.0,0.0,0.0,0.0,1.0,0.9999999999999999,-1.05,0.0
1770415544.3776197,44,187,0.0,0.0,0.0,0.0,1.0,0.9999999999999999,-1.05,0.0
1770415544.3801816,44,188,0.0,0.0,0.0,0.0,1.0,0.9999999999999999,-1.05,0.0
1770415544.3826683,44,189,0.0,0.0,0.0,0.0,1.0,0.9999999999999999,-1.05,0.0
1770415544.3853056,44,190,0.0,0.0,0.0,0.0,1.0,0.9999999999999999,-1.05,0.0
1770415544.388208,44,191,0.0,0.0,0.0,0.0,1.0,0.9999999999999999,-1.05,0.0
1770415544.3917937,44,192,0.0,0.0,0.0,0.0,1.0,0.9999999999999999,-1.05,0.0
1770415544.3950257,44,193,0.0,0.0,0.0,0.0,1.0,0.9999999999999999,-1.05,0.0
1770415544.3981345,44,194,0.0,0.0,0.0,0.0,1.0,0.9999999999999999,-1.05,0.0
1770415544.4015348,44,195,0.0,0.0,0.0,0.0,1.0,0.9999999999999999,-1.05,0.0
1770415544.4044955,44,196,0.0,0.0,0.0,0.0,1.0,0.9999999999999999,-1.05,0.0
1770415544.407416,44,197,0.0,0.0,0.0,0.0,1.0,0.9999999999999999,-1.05,0.0
1770415544.4111521,44,198,0.0,0.0,0.0,0.0,1.0,0.9999999999999999,-1.05,0.0
1770415544.4141426,44,199,0.0,0.0,0.0,0.0,1.0,0.9999999999999999,-1.05,0.0
1770415544.416758,44,200,0.0,0.0,0.0,0.0,1.0,0.9999999999999999,-1.05,0.0
1770415544.4817336,45,0,0.0,0.0,0.0,0.0,1.0,0.0,0.0,0.0
1770415544.4832318,45,1,0.0,0.0,0.0,0.0,1.0,0.9999999999999999,-0.049999999999999996,0.0
1770415544.4845166,45,2,0.0,0.0,0.0,0.0,1.0,0.9999999999999999,-0.049999999999999996,0.0
1770415544.4860923,45,3,0.0,0.0,0.0,0.0,1.0,0.9999999999999999,-0.049999999999999996,0.0
1770415544.48875,45,4,0.0,0.0,0.0,0.0,1.0,0.9999999999999999,-0.049999999999999996,0.0
1770415544.4908907,45,5,0.0,0.0,0.0,0.0,1.0,0.9999999999999999,-0.049999999999999996,0.0
1770415544.4922466,45,6,0.0,0.0,0.0,0.0,1.0,0.9999999999999999,-1.05,0.0
1770415544.4935071,45,7,0.0,0.0,0.0,0.0,1.0,0.9999999999999999,-1.05,0.0
1770415544.4948025,45,8,0.0,0.0,0.0,0.0,1.0,0.9999999999999999,-1.05,0.0
1770415544.4962137,45,9,0.0,0.0,0.0,0.0,1.0,0.9999999999999999,-1.05,0.0
1770415544.4975622,45,10,0.0,0.0,0.0,0.0,1.0,0.9999999999999999,-1.05,0.0
1770415544.49883,45,11,0.0,0.0,0.0,0.0,1.0,0.9999999999999999,-1.05,0.0
1770415544.500129,45,12,0.0,0.0,0.0,0.0,1.0,0.9999999999999999,-1.05,0.0
1770415544.5014963,45,13,0.0,0.0,0.0,0.0,1.0,0.9999999999999999,-1.05,0.0
1770415544.5025623,45,14,0.0,0.0,0.0,0.0,1.0,0.9999999999999999,-1.05,0.0
1770415544.503736,45,15,0.0,0.0,0.0,0.0,1.0,0.9999999999999999,-1.05,0.0
1770415544.5047977,45,16,0.0,0.0,0.0,0.0,1.0,0.9999999999999999,-1.05,0.0
1770415544.5060728,45,17,0.0,0.0,0.0,0.0,1.0,0.9999999999999999,-1.05,0.0
1770415544.5072863,45,18,0.0,0.0,0.0,0.0,1.0,0.9999999999999999,-1.05,0.0
1770415544.5086055,45,19,0.0,0.0,0.0,0.0,1.0,0.9999999999999999,-1.05,0.0
1770415544.5097387,45,20,0.0,0.0,0.0,0.0,1.0,0.9999999999999999,-1.05,0.0
1770415544.5109186,45,21,0.0,0.0,0.0,0.0,1.0,0.9999999999999999,-1.05,0.0
1770415544.5122762,45,22,0.0,0.0,0.0,0.0,1.0,0.9999999999999999,-1.05,0.0
1770415544.5135975,45,23,0.0,0.0,0.0,0.0,1.0,0.9999999999999999,-1.05,0.0
1770415544.5149188,45,24,0.0,0.0,0.0,0.0,1.0,0.9999999999999999,-1.05,0.0
1770415544.5163178,45,25,0.0,0.0,0.0,0.0,1.0,0.9999999999999999,-1.05,0.0
1770415544.5176556,45,26,0.0,0.0,0.0,0.0,1.0,0.9999999999999999,-1.05,0.0
1770415544.5188365,45,27,0.0,0.0,0.0,0.0,1.0,0.9999999999999999,-1.05,0.0
1770415544.5200582,45,28,0.0,0.0,0.0,0.0,1.0,0.9999999999999999,-1.05,0.0
1770415544.5212126,45,29,0.0,0.0,0.0,0.0,1.0,0.9999999999999999,-1.05,0.0
1770415544.5223954,45,30,0.0,0.0,0.0,0.0,1.0,0.9999999999999999,-1.05,0.0
1770415544.5234413,45,31,0.0,0.0,0.0,0.0,1.0,0.9999999999999999,-1.05,0.0
1770415544.5243833,45,32,0.0,0.0,0.0,0.0,1.0,0.9999999999999999,-1.05,0.0
1770415544.5254529,45,33,0.0,0.0,0.0,0.0,1.0,0.9999999999999999,-1.05,0.0
1770415544.5265822,45,34,0.0,0.0,0.0,0.0,1.0,0.9999999999999999,-1.05,0.0
1770415544.5276818,45,35,0.0,0.0,0.0,0.0,1.0,0.9999999999999999,-1.05,0.0
1770415544.5287104,45,36,0.0,0.0,0.0,0.0,1.0,0.9999999999999999,-1.05,0.0
1770415544.529622,45,37,0.0,0.0,0.0,0.0,1.0,0.9999999999999999,-1.05,0.0
1770415544.5305848,45,38,0.0,0.0,0.0,0.0,1.0,0.9999999999999999,-1.05,0.0
1770415544.5315425,45,39,0.0,0.0,0.0,0.0,1.0,0.9999999999999999,-1.05,0.0
1770415544.533396,45,40,0.0,0.0,0.0,0.0,1.0,0.9999999999999999,-1.05,0.0
1770415544.5347977,45,41,0.0,0.0,0.0,0.0,1.0,0.9999999999999999,-1.05,0.0
1770415544.5361295,45,42,0.0,0.0,0.0,0.0,1.0,0.9999999999999999,-1.05,0.0
1770415544.5375934,45,43,0.0,0.0,0.0,0.0,1.0,0.9999999999999999,-1.05,0.0
1770415544.538759,45,44,0.0,0.0,0.0,0.0,1.0,0.9999999999999999,-1.05,0.0
1770415544.5401418,45,45,0.0,0.0,0.0,0.0,1.0,0.9999999999999999,-1.05,0.0
1770415544.5415783,45,46,0.0,0.0,0.0,0.0,1.0,0.9999999999999999,-1.05,0.0
1770415544.543017,45,47,0.0,0.0,0.0,0.0,1.0,0.9999999999999999,-1.05,0.0
1770415544.5442908,45,48,0.0,0.0,0.0,0.0,1.0,0.9999999999999999,-1.05,0.0
1770415544.5457585,45,49,0.0,0.0,0.0,0.0,1.0,0.9999999999999999,-1.05,0.0
1770415544.5469239,45,50,0.0,0.0,0.0,0.0,1.0,0.9999999999999999,-1.05,0.0
1770415544.5482583,45,51,0.0,0.0,0.0,0.0,1.0,0.9999999999999999,-1.05,0.0
1770415544.5496318,45,52,0.0,0.0,0.0,0.0,1.0,0.9999999999999999,-1.05,0.0
1770415544.550735,45,53,0.0,0.0,0.0,0.0,1.0,0.9999999999999999,-1.05,0.0
1770415544.5520082,45,54,0.0,0.0,0.0,0.0,1.0,0.9999999999999999,-1.05,0.0
1770415544.5532265,45,55,0.0,0.0,0.0,0.0,1.0,0.9999999999999999,-1.05,0.0
1770415544.5544956,45,56,0.0,0.0,0.0,0.0,1.0,0.9999999999999999,-1.05,0.0
1770415544.5557797,45,57,0.0,0.0,0.0,0.0,1.0,0.9999999999999999,-1.05,0.0
1770415544.5570993,45,58,0.0,0.0,0.0,0.0,1.0,0.9999999999999999,-1.05,0.0
1770415544.5583656,45,59,0.0,0.0,0.0,0.0,1.0,0.9999999999999999,-1.05,0.0
1770415544.5597064,45,60,0.0,0.0,0.0,0.0,1.0,0.9999999999999999,-1.05,0.0
1770415544.560938,45,61,0.0,0.0,0.0,0.0,1.0,0.9999999999999999,-1.05,0.0
1770415544.562264,45,62,0.0,0.0,0.0,0.0,1.0,0.9999999999999999,-1.05,0.0
1770415544.563776,45,63,0.0,0.0,0.0,0.0,1.0,0.9999999999999999,-1.05,0.0
1770415544.5648987,45,64,0.0,0.0,0.0,0.0,1.0,0.9999999999999999,-1.05,0.0
1770415544.566103,45,65,0.0,0.0,0.0,0.0,1.0,0.9999999999999999,-1.05,0.0
1770415544.5673246,45,66,0.0,0.0,0.0,0.0,1.0,0.9999999999999999,-1.05,0.0
1770415544.5685763,45,67,0.0,0.0,0.0,0.0,1.0,0.9999999999999999,-1.05,0.0
1770415544.5697615,45,68,0.0,0.0,0.0,0.0,1.0,0.9999999999999999,-1.05,0.0
1770415544.5710073,45,69,0.0,0.0,0.0,0.0,1.0,0.9999999999999999,-1.05,0.0
1770415544.5729904,45,70,0.0,0.0,0.0,0.0,1.0,0.9999999999999999,-1.05,0.0
1770415544.5742712,45,71,0.0,0.0,0.0,0.0,1.0,0.9999999999999999,-1.05,0.0
1770415544.5754025,45,72,0.0,0.0,0.0,0.0,1.0,0.9999999999999999,-1.05,0.0
1770415544.5767748,45,73,0.0,0.0,0.0,0.0,1.0,0.9999999999999999,-1.05,0.0
1770415544.57802,45,74,0.0,0.0,0.0,0.0,1.0,0.9999999999999999,-1.05,0.0
1770415544.5790796,45,75,0.0,0.0,0.0,0.0,1.0,0.9999999999999999,-1.05,0.0
1770415544.5803983,45,76,0.0,0.0,0.0,0.0,1.0,0.9999999999999999,-1.05,0.0
1770415544.5815094,45,77,0.0,0.0,0.0,0.0,1.0,0.9999999999999999,-1.05,0.0
1770415544.5831337,45,78,0.0,0.0,0.0,0.0,1.0,0.9999999999999999,-1.05,0.0
1770415544.5844848,45,79,0.0,0.0,0.0,0.0,1.0,0.9999999999999999,-1.05,0.0
1770415544.5858169,45,80,0.0,0.0,0.0,0.0,1.0,0.9999999999999999,-1.05,0.0
1770415544.586883,45,81,0.0,0.0,0.0,0.0,1.0,0.9999999999999999,-1.05,0.0
1770415544.5880618,45,82,0.0,0.0,0.0,0.0,1.0,0.9999999999999999,-1.05,0.0
1770415544.5893111,45,83,0.0,0.0,0.0,0.0,1.0,0.9999999999999999,-1.05,0.0
1770415544.5906367,45,84,0.0,0.0,0.0,0.0,1.0,0.9999999999999999,-1.05,0.0
1770415544.5918493,45,85,0.0,0.0,0.0,0.0,1.0,0.9999999999999999,-1.05,0.0
1770415544.5930347,45,86,0.0,0.0,0.0,0.0,1.0,0.9999999999999999,-1.05,0.0
1770415544.594167,45,87,0.0,0.0,0.0,0.0,1.0,0.9999999999999999,-1.05,0.0
1770415544.5952282,45,88,0.0,0.0,0.0,0.0,1.0,0.9999999999999999,-1.05,0.0
1770415544.596196,45,89,0.0,0.0,0.0,0.0,1.0,0.9999999999999999,-1.05,0.0
1770415544.5970793,45,90,0.0,0.0,0.0,0.0,1.0,0.9999999999999999,-1.05,0.0
1770415544.5980792,45,91,0.0,0.0,0.0,0.0,1.0,0.9999999999999999,-1.05,0.0
1770415544.5992062,45,92,0.0,0.0,0.0,0.0,1.0,0.9999999999999999,-1.05,0.0
1770415544.6005585,45,93,0.0,0.0,0.0,0.0,1.0,0.9999999999999999,-1.05,0.0
1770415544.6018977,45,94,0.0,0.0,0.0,0.0,1.0,0.9999999999999999,-1.05,0.0
1770415544.602992,45,95,0.0,0.0,0.0,0.0,1.0,0.9999999999999999,-1.05,0.0
1770415544.6041098,45,96,0.0,0.0,0.0,0.0,1.0,0.9999999999999999,-1.05,0.0
1770415544.6052938,45,97,0.0,0.0,0.0,0.0,1.0,0.9999999999999999,-1.05,0.0
1770415544.6065657,45,98,0.0,0.0,0.0,0.0,1.0,0.9999999999999999,-1.05,0.0
1770415544.6078687,45,99,0.0,0.0,0.0,0.0,1.0,0.9999999999999999,-1.05,0.0
1770415544.6091216,45,100,0.0,0.0,0.0,0.0,1.0,0.9999999999999999,-1.05,0.0
1770415544.6103425,45,101,0.0,0.0,0.0,0.0,1.0,0.9999999999999999,-1.05,0.0
1770415544.6117172,45,102,0.0,0.0,0.0,0.0,1.0,0.9999999999999999,-1.05,0.0
1770415544.613059,45,103,0.0,0.0,0.0,0.0,1.0,0.9999999999999999,-1.05,0.0
1770415544.6143007,45,104,0.0,0.0,0.0,0.0,1.0,0.9999999999999999,-1.05,0.0
1770415544.6157353,45,105,0.0,0.0,0.0,0.0,1.0,0.9999999999999999,-1.05,0.0
1770415544.6169949,45,106,0.0,0.0,0.0,0.0,1.0,0.9999999999999999,-1.05,0.0
1770415544.6181138,45,107,0.0,0.0,0.0,0.0,1.0,0.9999999999999999,-1.05,0.0
1770415544.619342,45,108,0.0,0.0,0.0,0.0,1.0,0.9999999999999999,-1.05,0.0
1770415544.6204855,45,109,0.0,0.0,0.0,0.0,1.0,0.9999999999999999,-1.05,0.0
1770415544.6215425,45,110,0.0,0.0,0.0,0.0,1.0,0.9999999999999999,-1.05,0.0
1770415544.6226792,45,111,0.0,0.0,0.0,0.0,1.0,0.9999999999999999,-1.05,0.0
1770415544.6237297,45,112,0.0,0.0,0.0,0.0,1.0,0.9999999999999999,-1.05,0.0
1770415544.6246822,45,113,0.0,0.0,0.0,0.0,1.0,0.9999999999999999,-1.05,0.0
1770415544.6257172,45,114,0.0,0.0,0.0,0.0,1.0,0.9999999999999999,-1.05,0.0
1770415544.626724,45,115,0.0,0.0,0.0,0.0,1.0,0.9999999999999999,-1.05,0.0
1770415544.62775,45,116,0.0,0.0,0.0,0.0,1.0,0.9999999999999999,-1.05,0.0
1770415544.629109,45,117,0.0,0.0,0.0,0.0,1.0,0.9999999999999999,-1.05,0.0
1770415544.630346,45,118,0.0,0.0,0.0,0.0,1.0,0.9999999999999999,-1.05,0.0
1770415544.6315367,45,119,0.0,0.0,0.0,0.0,1.0,0.9999999999999999,-1.05,0.0
1770415544.6327705,45,120,0.0,0.0,0.0,0.0,1.0,0.9999999999999999,-1.05,0.0
1770415544.6339788,45,121,0.0,0.0,0.0,0.0,1.0,0.9999999999999999,-1.05,0.0
1770415544.6349819,45,122,0.0,0.0,0.0,0.0,1.0,0.9999999999999999,-1.05,0.0
1770415544.6359916,45,123,0.0,0.0,0.0,0.0,1.0,0.9999999999999999,-1.05,0.0
1770415544.6370516,45,124,0.0,0.0,0.0,0.0,1.0,0.9999999999999999,-1.05,0.0
1770415544.6381025,45,125,0.0,0.0,0.0,0.0,1.0,0.9999999999999999,-1.05,0.0
1770415544.6392372,45,126,0.0,0.0,0.0,0.0,1.0,0.9999999999999999,-1.05,0.0
1770415544.6405234,45,127,0.0,0.0,0.0,0.0,1.0,0.9999999999999999,-1.05,0.0
1770415544.6416967,45,128,0.0,0.0,0.0,0.0,1.0,0.9999999999999999,-1.05,0.0
1770415544.6427133,45,129,0.0,0.0,0.0,0.0,1.0,0.9999999999999999,-1.05,0.0
1770415544.64375,45,130,0.0,0.0,0.0,0.0,1.0,0.9999999999999999,-1.05,0.0
1770415544.6449966,45,131,0.0,0.0,0.0,0.0,1.0,0.9999999999999999,-1.05,0.0
1770415544.6463313,45,132,0.0,0.0,0.0,0.0,1.0,0.9999999999999999,-1.05,0.0
1770415544.6474538,45,133,0.0,0.0,0.0,0.0,1.0,0.9999999999999999,-1.05,0.0
1770415544.6484833,45,134,0.0,0.0,0.0,0.0,1.0,0.9999999999999999,-1.05,0.0
1770415544.6496835,45,135,0.0,0.0,0.0,0.0,1.0,0.9999999999999999,-1.05,0.0
1770415544.650758,45,136,0.0,0.0,0.0,0.0,1.0,0.9999999999999999,-1.05,0.0
1770415544.6516755,45,137,0.0,0.0,0.0,0.0,1.0,0.9999999999999999,-1.05,0.0
1770415544.6526256,45,138,0.0,0.0,0.0,0.0,1.0,0.9999999999999999,-1.05,0.0
1770415544.653634,45,139,0.0,0.0,0.0,0.0,1.0,0.9999999999999999,-1.05,0.0
1770415544.6545982,45,140,0.0,0.0,0.0,0.0,1.0,0.9999999999999999,-1.05,0.0
1770415544.6556063,45,141,0.0,0.0,0.0,0.0,1.0,0.9999999999999999,-1.05,0.0
1770415544.6566076,45,142,0.0,0.0,0.0,0.0,1.0,0.9999999999999999,-1.05,0.0
1770415544.658574,45,143,0.0,0.0,0.0,0.0,1.0,0.9999999999999999,-1.05,0.0
1770415544.6596904,45,144,0.0,0.0,0.0,0.0,1.0,0.9999999999999999,-1.05,0.0
1770415544.6609607,45,145,0.0,0.0,0.0,0.0,1.0,0.9999999999999999,-1.05,0.0
1770415544.6622326,45,146,0.0,0.0,0.0,0.0,1.0,0.9999999999999999,-1.05,0.0
1770415544.6634417,45,147,0.0,0.0,0.0,0.0,1.0,0.9999999999999999,-1.05,0.0
1770415544.664604,45,148,0.0,0.0,0.0,0.0,1.0,0.9999999999999999,-1.05,0.0
1770415544.6655467,45,149,0.0,0.0,0.0,0.0,1.0,0.9999999999999999,-1.05,0.0
1770415544.666754,45,150,0.0,0.0,0.0,0.0,1.0,0.9999999999999999,-1.05,0.0
1770415544.6678884,45,151,0.0,0.0,0.0,0.0,1.0,0.9999999999999999,-1.05,0.0
1770415544.6690392,45,152,0.0,0.0,0.0,0.0,1.0,0.9999999999999999,-1.05,0.0
1770415544.670079,45,153,0.0,0.0,0.0,0.0,1.0,0.9999999999999999,-1.05,0.0
1770415544.671121,45,154,0.0,0.0,0.0,0.0,1.0,0.9999999999999999,-1.05,0.0
1770415544.6720798,45,155,0.0,0.0,0.0,0.0,1.0,0.9999999999999999,-1.05,0.0
1770415544.6732302,45,156,0.0,0.0,0.0,0.0,1.0,0.9999999999999999,-1.05,0.0
1770415544.6755369,45,157,0.0,0.0,0.0,0.0,1.0,0.9999999999999999,-1.05,0.0
1770415544.6775677,45,158,0.0,0.0,0.0,0.0,1.0,0.9999999999999999,-1.05,0.0
1770415544.6790416,45,159,0.0,0.0,0.0,0.0,1.0,0.9999999999999999,-1.05,0.0
1770415544.681286,45,160,0.0,0.0,0.0,0.0,1.0,0.9999999999999999,-1.05,0.0
1770415544.6834576,45,161,0.0,0.0,0.0,0.0,1.0,0.9999999999999999,-1.05,0.0
1770415544.6857576,45,162,0.0,0.0,0.0,0.0,1.0,0.9999999999999999,-1.05,0.0
1770415544.6881695,45,163,0.0,0.0,0.0,0.0,1.0,0.9999999999999999,-1.05,0.0
1770415544.689908,45,164,0.0,0.0,0.0,0.0,1.0,0.9999999999999999,-1.05,0.0
1770415544.6912127,45,165,0.0,0.0,0.0,0.0,1.0,0.9999999999999999,-1.05,0.0
1770415544.6926033,45,166,0.0,0.0,0.0,0.0,1.0,0.9999999999999999,-1.05,0.0
1770415544.693638,45,167,0.0,0.0,0.0,0.0,1.0,0.9999999999999999,-1.05,0.0
1770415544.6947567,45,168,0.0,0.0,0.0,0.0,1.0,0.9999999999999999,-1.05,0.0
1770415544.695855,45,169,0.0,0.0,0.0,0.0,1.0,0.9999999999999999,-1.05,0.0
1770415544.6970913,45,170,0.0,0.0,0.0,0.0,1.0,0.9999999999999999,-1.05,0.0
1770415544.698369,45,171,0.0,0.0,0.0,0.0,1.0,0.9999999999999999,-1.05,0.0
1770415544.6994464,45,172,0.0,0.0,0.0,0.0,1.0,0.9999999999999999,-1.05,0.0
1770415544.7018447,45,173,0.0,0.0,0.0,0.0,1.0,0.9999999999999999,-1.05,0.0
1770415544.7041237,45,174,0.0,0.0,0.0,0.0,1.0,0.9999999999999999,-1.05,0.0
1770415544.7064168,45,175,0.0,0.0,0.0,0.0,1.0,0.9999999999999999,-1.05,0.0
1770415544.7085538,45,176,0.0,0.0,0.0,0.0,1.0,0.9999999999999999,-1.05,0.0
1770415544.7107718,45,177,0.0,0.0,0.0,0.0,1.0,0.9999999999999999,-1.05,0.0
1770415544.7130704,45,178,0.0,0.0,0.0,0.0,1.0,0.9999999999999999,-1.05,0.0
1770415544.7149308,45,179,0.0,0.0,0.0,0.0,1.0,0.9999999999999999,-1.05,0.0
1770415544.716979,45,180,0.0,0.0,0.0,0.0,1.0,0.9999999999999999,-1.05,0.0
1770415544.7189782,45,181,0.0,0.0,0.0,0.0,1.0,0.9999999999999999,-1.05,0.0
1770415544.7208273,45,182,0.0,0.0,0.0,0.0,1.0,0.9999999999999999,-1.05,0.0
1770415544.7227025,45,183,0.0,0.0,0.0,0.0,1.0,0.9999999999999999,-1.05,0.0
1770415544.7246017,45,184,0.0,0.0,0.0,0.0,1.0,0.9999999999999999,-1.05,0.0
1770415544.725764,45,185,0.0,0.0,0.0,0.0,1.0,0.9999999999999999,-1.05,0.0
1770415544.7267213,45,186,0.0,0.0,0.0,0.0,1.0,0.9999999999999999,-1.05,0.0
1770415544.7275984,45,187,0.0,0.0,0.0,0.0,1.0,0.9999999999999999,-1.05,0.0
1770415544.7285511,45,188,0.0,0.0,0.0,0.0,1.0,0.9999999999999999,-1.05,0.0
1770415544.7295713,45,189,0.0,0.0,0.0,0.0,1.0,0.9999999999999999,-1.05,0.0
1770415544.730611,45,190,0.0,0.0,0.0,0.0,1.0,0.9999999999999999,-1.05,0.0
1770415544.7314801,45,191,0.0,0.0,0.0,0.0,1.0,0.9999999999999999,-1.05,0.0
1770415544.732329,45,192,0.0,0.0,0.0,0.0,1.0,0.9999999999999999,-1.05,0.0
1770415544.7332757,45,193,0.0,0.0,0.0,0.0,1.0,0.9999999999999999,-1.05,0.0
1770415544.7342408,45,194,0.0,0.0,0.0,0.0,1.0,0.9999999999999999,-1.05,0.0
1770415544.7351604,45,195,0.0,0.0,0.0,0.0,1.0,0.9999999999999999,-1.05,0.0
1770415544.7362235,45,196,0.0,0.0,0.0,0.0,1.0,0.9999999999999999,-1.05,0.0
1770415544.737291,45,197,0.0,0.0,0.0,0.0,1.0,0.9999999999999999,-1.05,0.0
1770415544.7385712,45,198,0.0,0.0,0.0,0.0,1.0,0.9999999999999999,-1.05,0.0
1770415544.739915,45,199,0.0,0.0,0.0,0.0,1.0,0.9999999999999999,-1.05,0.0
1770415544.7409906,45,200,0.0,0.0,0.0,0.0,1.0,0.9999999999999999,-1.05,0.0
1770415544.8003914,46,0,0.0,0.0,0.0,0.0,1.0,0.0,0.0,0.0
1770415544.8015342,46,1,0.0,0.0,0.0,0.0,1.0,0.9999999999999999,-0.049999999999999996,0.0
1770415544.802462,46,2,0.0,0.0,0.0,0.0,1.0,0.9999999999999999,-0.049999999999999996,0.0
1770415544.8036797,46,3,0.0,0.0,0.0,0.0,1.0,0.9999999999999999,-0.049999999999999996,0.0
1770415544.8047671,46,4,0.0,0.0,0.0,0.0,1.0,0.9999999999999999,-0.049999999999999996,0.0
1770415544.8057365,46,5,0.0,0.0,0.0,0.0,1.0,0.9999999999999999,-0.049999999999999996,0.0
1770415544.806978,46,6,0.0,0.0,0.0,0.0,1.0,0.9999999999999999,-1.05,0.0
1770415544.8080735,46,7,0.0,0.0,0.0,0.0,1.0,0.9999999999999999,-1.05,0.0
1770415544.8092766,46,8,0.0,0.0,0.0,0.0,1.0,0.9999999999999999,-1.05,0.0
1770415544.8104007,46,9,0.0,0.0,0.0,0.0,1.0,0.9999999999999999,-1.05,0.0
1770415544.8114302,46,10,0.0,0.0,0.0,0.0,1.0,0.9999999999999999,-1.05,0.0
1770415544.8125672,46,11,0.0,0.0,0.0,0.0,1.0,0.9999999999999999,-1.05,0.0
1770415544.8135908,46,12,0.0,0.0,0.0,0.0,1.0,0.9999999999999999,-1.05,0.0
1770415544.8147242,46,13,0.0,0.0,0.0,0.0,1.0,0.9999999999999999,-1.05,0.0
1770415544.8156517,46,14,0.0,0.0,0.0,0.0,1.0,0.9999999999999999,-1.05,0.0
1770415544.8166625,46,15,0.0,0.0,0.0,0.0,1.0,0.9999999999999999,-1.05,0.0
1770415544.817716,46,16,0.0,0.0,0.0,0.0,1.0,0.9999999999999999,-1.05,0.0
1770415544.8186646,46,17,0.0,0.0,0.0,0.0,1.0,0.9999999999999999,-1.05,0.0
1770415544.819586,46,18,0.0,0.0,0.0,0.0,1.0,0.9999999999999999,-1.05,0.0
1770415544.8205411,46,19,0.0,0.0,0.0,0.0,1.0,0.9999999999999999,-1.05,0.0
1770415544.8214812,46,20,0.0,0.0,0.0,0.0,1.0,0.9999999999999999,-1.05,0.0
1770415544.8225963,46,21,0.0,0.0,0.0,0.0,1.0,0.9999999999999999,-1.05,0.0
1770415544.823572,46,22,0.0,0.0,0.0,0.0,1.0,0.9999999999999999,-1.05,0.0
1770415544.8245373,46,23,0.0,0.0,0.0,0.0,1.0,0.9999999999999999,-1.05,0.0
1770415544.8256104,46,24,0.0,0.0,0.0,0.0,1.0,0.9999999999999999,-1.05,0.0
1770415544.8264804,46,25,0.0,0.0,0.0,0.0,1.0,0.9999999999999999,-1.05,0.0
1770415544.8272083,46,26,0.0,0.0,0.0,0.0,1.0,0.9999999999999999,-1.05,0.0
1770415544.827994,46,27,0.0,0.0,0.0,0.0,1.0,0.9999999999999999,-1.05,0.0
1770415544.8287885,46,28,0.0,0.0,0.0,0.0,1.0,0.9999999999999999,-1.05,0.0
1770415544.8295803,46,29,0.0,0.0,0.0,0.0,1.0,0.9999999999999999,-1.05,0.0
1770415544.8303545,46,30,0.0,0.0,0.0,0.0,1.0,0.9999999999999999,-1.05,0.0
1770415544.8321784,46,31,0.0,0.0,0.0,0.0,1.0,0.9999999999999999,-1.05,0.0
1770415544.8332407,46,32,0.0,0.0,0.0,0.0,1.0,0.9999999999999999,-1.05,0.0
1770415544.834155,46,33,0.0,0.0,0.0,0.0,1.0,0.9999999999999999,-1.05,0.0
1770415544.8354154,46,34,0.0,0.0,0.0,0.0,1.0,0.9999999999999999,-1.05,0.0
1770415544.837829,46,35,0.0,0.0,0.0,0.0,1.0,0.9999999999999999,-1.05,0.0
1770415544.8401494,46,36,0.0,0.0,0.0,0.0,1.0,0.9999999999999999,-1.05,0.0
1770415544.8434072,46,37,0.0,0.0,0.0,0.0,1.0,0.9999999999999999,-1.05,0.0
1770415544.8448539,46,38,0.0,0.0,0.0,0.0,1.0,0.9999999999999999,-1.05,0.0
1770415544.8459833,46,39,0.0,0.0,0.0,0.0,1.0,0.9999999999999999,-1.05,0.0
1770415544.8471136,46,40,0.0,0.0,0.0,0.0,1.0,0.9999999999999999,-1.05,0.0
1770415544.848187,46,41,0.0,0.0,0.0,0.0,1.0,0.9999999999999999,-1.05,0.0
1770415544.8492062,46,42,0.0,0.0,0.0,0.0,1.0,0.9999999999999999,-1.05,0.0
1770415544.8503897,46,43,0.0,0.0,0.0,0.0,1.0,0.9999999999999999,-1.05,0.0
1770415544.8513958,46,44,0.0,0.0,0.0,0.0,1.0,0.9999999999999999,-1.05,0.0
1770415544.8525114,46,45,0.0,0.0,0.0,0.0,1.0,0.9999999999999999,-1.05,0.0
1770415544.8536267,46,46,0.0,0.0,0.0,0.0,1.0,0.9999999999999999,-1.05,0.0
1770415544.8546631,46,47,0.0,0.0,0.0,0.0,1.0,0.9999999999999999,-1.05,0.0
1770415544.8559256,46,48,0.0,0.0,0.0,0.0,1.0,0.9999999999999999,-1.05,0.0
1770415544.8579514,46,49,0.0,0.0,0.0,0.0,1.0,0.9999999999999999,-1.05,0.0
1770415544.8591893,46,50,0.0,0.0,0.0,0.0,1.0,0.9999999999999999,-1.05,0.0
1770415544.8603787,46,51,0.0,0.0,0.0,0.0,1.0,0.9999999999999999,-1.05,0.0
1770415544.8624644,46,52,0.0,0.0,0.0,0.0,1.0,0.9999999999999999,-1.05,0.0
1770415544.8644953,46,53,0.0,0.0,0.0,0.0,1.0,0.9999999999999999,-1.05,0.0
1770415544.8673978,46,54,0.0,0.0,0.0,0.0,1.0,0.9999999999999999,-1.05,0.0
1770415544.8688614,46,55,0.0,0.0,0.0,0.0,1.0,0.9999999999999999,-1.05,0.0
1770415544.8699856,46,56,0.0,0.0,0.0,0.0,1.0,0.9999999999999999,-1.05,0.0
1770415544.8710766,46,57,0.0,0.0,0.0,0.0,1.0,0.9999999999999999,-1.05,0.0
1770415544.8721762,46,58,0.0,0.0,0.0,0.0,1.0,0.9999999999999999,-1.05,0.0
1770415544.8732724,46,59,0.0,0.0,0.0,0.0,1.0,0.9999999999999999,-1.05,0.0
1770415544.8742588,46,60,0.0,0.0,0.0,0.0,1.0,0.9999999999999999,-1.05,0.0
1770415544.87521,46,61,0.0,0.0,0.0,0.0,1.0,0.9999999999999999,-1.05,0.0
1770415544.8765926,46,62,0.0,0.0,0.0,0.0,1.0,0.9999999999999999,-1.05,0.0
1770415544.8778417,46,63,0.0,0.0,0.0,0.0,1.0,0.9999999999999999,-1.05,0.0
1770415544.8789504,46,64,0.0,0.0,0.0,0.0,1.0,0.9999999999999999,-1.05,0.0
1770415544.8799381,46,65,0.0,0.0,0.0,0.0,1.0,0.9999999999999999,-1.05,0.0
1770415544.8809643,46,66,0.0,0.0,0.0,0.0,1.0,0.9999999999999999,-1.05,0.0
1770415544.8820353,46,67,0.0,0.0,0.0,0.0,1.0,0.9999999999999999,-1.05,0.0
1770415544.8830678,46,68,0.0,0.0,0.0,0.0,1.0,0.9999999999999999,-1.05,0.0
1770415544.8843207,46,69,0.0,0.0,0.0,0.0,1.0,0.9999999999999999,-1.05,0.0
1770415544.8856788,46,70,0.0,0.0,0.0,0.0,1.0,0.9999999999999999,-1.05,0.0
1770415544.8868644,46,71,0.0,0.0,0.0,0.0,1.0,0.9999999999999999,-1.05,0.0
1770415544.8879328,46,72,0.0,0.0,0.0,0.0,1.0,0.9999999999999999,-1.05,0.0
1770415544.8889694,46,73,0.0,0.0,0.0,0.0,1.0,0.9999999999999999,-1.05,0.0
1770415544.8899949,46,74,0.0,0.0,0.0,0.0,1.0,0.9999999999999999,-1.05,0.0
1770415544.891168,46,75,0.0,0.0,0.0,0.0,1.0,0.9999999999999999,-1.05,0.0
1770415544.8924131,46,76,0.0,0.0,0.0,0.0,1.0,0.9999999999999999,-1.05,0.0
1770415544.8935115,46,77,0.0,0.0,0.0,0.0,1.0,0.9999999999999999,-1.05,0.0
1770415544.894631,46,78,0.0,0.0,0.0,0.0,1.0,0.9999999999999999,-1.05,0.0
1770415544.8957016,46,79,0.0,0.0,0.0,0.0,1.0,0.9999999999999999,-1.05,0.0
1770415544.896545,46,80,0.0,0.0,0.0,0.0,1.0,0.9999999999999999,-1.05,0.0
1770415544.8974912,46,81,0.0,0.0,0.0,0.0,1.0,0.9999999999999999,-1.05,0.0
1770415544.898584,46,82,0.0,0.0,0.0,0.0,1.0,0.9999999999999999,-1.05,0.0
1770415544.8994946,46,83,0.0,0.0,0.0,0.0,1.0,0.9999999999999999,-1.05,0.0
1770415544.9005046,46,84,0.0,0.0,0.0,0.0,1.0,0.9999999999999999,-1.05,0.0
1770415544.9014804,46,85,0.0,0.0,0.0,0.0,1.0,0.9999999999999999,-1.05,0.0
1770415544.9023645,46,86,0.0,0.0,0.0,0.0,1.0,0.9999999999999999,-1.05,0.0
1770415544.9032571,46,87,0.0,0.0,0.0,0.0,1.0,0.9999999999999999,-1.05,0.0
1770415544.9041572,46,88,0.0,0.0,0.0,0.0,1.0,0.9999999999999999,-1.05,0.0
1770415544.905026,46,89,0.0,0.0,0.0,0.0,1.0,0.9999999999999999,-1.05,0.0
1770415544.905885,46,90,0.0,0.0,0.0,0.0,1.0,0.9999999999999999,-1.05,0.0
1770415544.906779,46,91,0.0,0.0,0.0,0.0,1.0,0.9999999999999999,-1.05,0.0
1770415544.9075358,46,92,0.0,0.0,0.0,0.0,1.0,0.9999999999999999,-1.05,0.0
1770415544.908418,46,93,0.0,0.0,0.0,0.0,1.0,0.9999999999999999,-1.05,0.0
1770415544.909442,46,94,0.0,0.0,0.0,0.0,1.0,0.9999999999999999,-1.05,0.0
1770415544.9103413,46,95,0.0,0.0,0.0,0.0,1.0,0.9999999999999999,-1.05,0.0
1770415544.911467,46,96,0.0,0.0,0.0,0.0,1.0,0.9999999999999999,-1.05,0.0
1770415544.9122844,46,97,0.0,0.0,0.0,0.0,1.0,0.9999999999999999,-1.05,0.0
1770415544.9133592,46,98,0.0,0.0,0.0,0.0,1.0,0.9999999999999999,-1.05,0.0
1770415544.914465,46,99,0.0,0.0,0.0,0.0,1.0,0.9999999999999999,-1.05,0.0
1770415544.9154553,46,100,0.0,0.0,0.0,0.0,1.0,0.9999999999999999,-1.05,0.0
1770415544.9165778,46,101,0.0,0.0,0.0,0.0,1.0,0.9999999999999999,-1.05,0.0
1770415544.9174225,46,102,0.0,0.0,0.0,0.0,1.0,0.9999999999999999,-1.05,0.0
1770415544.918239,46,103,0.0,0.0,0.0,0.0,1.0,0.9999999999999999,-1.05,0.0
1770415544.9191067,46,104,0.0,0.0,0.0,0.0,1.0,0.9999999999999999,-1.05,0.0
1770415544.9200234,46,105,0.0,0.0,0.0,0.0,1.0,0.9999999999999999,-1.05,0.0
1770415544.9207826,46,106,0.0,0.0,0.0,0.0,1.0,0.9999999999999999,-1.05,0.0
1770415544.9214334,46,107,0.0,0.0,0.0,0.0,1.0,0.9999999999999999,-1.05,0.0
1770415544.9222238,46,108,0.0,0.0,0.0,0.0,1.0,0.9999999999999999,-1.05,0.0
1770415544.9230206,46,109,0.0,0.0,0.0,0.0,1.0,0.9999999999999999,-1.05,0.0
1770415544.9237523,46,110,0.0,0.0,0.0,0.0,1.0,0.9999999999999999,-1.05,0.0
1770415544.9244754,46,111,0.0,0.0,0.0,0.0,1.0,0.9999999999999999,-1.05,0.0
1770415544.9254014,46,112,0.0,0.0,0.0,0.0,1.0,0.9999999999999999,-1.05,0.0
1770415544.9266303,46,113,0.0,0.0,0.0,0.0,1.0,0.9999999999999999,-1.05,0.0
1770415544.9276142,46,114,0.0,0.0,0.0,0.0,1.0,0.9999999999999999,-1.05,0.0
1770415544.9286764,46,115,0.0,0.0,0.0,0.0,1.0,0.9999999999999999,-1.05,0.0
1770415544.9295335,46,116,0.0,0.0,0.0,0.0,1.0,0.9999999999999999,-1.05,0.0
1770415544.9304695,46,117,0.0,0.0,0.0,0.0,1.0,0.9999999999999999,-1.05,0.0
1770415544.9315877,46,118,0.0,0.0,0.0,0.0,1.0,0.9999999999999999,-1.05,0.0
1770415544.9324687,46,119,0.0,0.0,0.0,0.0,1.0,0.9999999999999999,-1.05,0.0
1770415544.9333327,46,120,0.0,0.0,0.0,0.0,1.0,0.9999999999999999,-1.05,0.0
1770415544.934318,46,121,0.0,0.0,0.0,0.0,1.0,0.9999999999999999,-1.05,0.0
1770415544.9353147,46,122,0.0,0.0,0.0,0.0,1.0,0.9999999999999999,-1.05,0.0
1770415544.9362972,46,123,0.0,0.0,0.0,0.0,1.0,0.9999999999999999,-1.05,0.0
1770415544.9373903,46,124,0.0,0.0,0.0,0.0,1.0,0.9999999999999999,-1.05,0.0
1770415544.9384367,46,125,0.0,0.0,0.0,0.0,1.0,0.9999999999999999,-1.05,0.0
1770415544.93941,46,126,0.0,0.0,0.0,0.0,1.0,0.9999999999999999,-1.05,0.0
1770415544.940273,46,127,0.0,0.0,0.0,0.0,1.0,0.9999999999999999,-1.05,0.0
1770415544.9411712,46,128,0.0,0.0,0.0,0.0,1.0,0.9999999999999999,-1.05,0.0
1770415544.9422317,46,129,0.0,0.0,0.0,0.0,1.0,0.9999999999999999,-1.05,0.0
1770415544.943197,46,130,0.0,0.0,0.0,0.0,1.0,0.9999999999999999,-1.05,0.0
1770415544.944213,46,131,0.0,0.0,0.0,0.0,1.0,0.9999999999999999,-1.05,0.0
1770415544.9452853,46,132,0.0,0.0,0.0,0.0,1.0,0.9999999999999999,-1.05,0.0
1770415544.94633,46,133,0.0,0.0,0.0,0.0,1.0,0.9999999999999999,-1.05,0.0
1770415544.9473991,46,134,0.0,0.0,0.0,0.0,1.0,0.9999999999999999,-1.05,0.0
1770415544.9485657,46,135,0.0,0.0,0.0,0.0,1.0,0.9999999999999999,-1.05,0.0
1770415544.9495294,46,136,0.0,0.0,0.0,0.0,1.0,0.9999999999999999,-1.05,0.0
1770415544.9504638,46,137,0.0,0.0,0.0,0.0,1.0,0.9999999999999999,-1.05,0.0
1770415544.9515166,46,138,0.0,0.0,0.0,0.0,1.0,0.9999999999999999,-1.05,0.0
1770415544.9524987,46,139,0.0,0.0,0.0,0.0,1.0,0.9999999999999999,-1.05,0.0
1770415544.95376,46,140,0.0,0.0,0.0,0.0,1.0,0.9999999999999999,-1.05,0.0
1770415544.954684,46,141,0.0,0.0,0.0,0.0,1.0,0.9999999999999999,-1.05,0.0
1770415544.955525,46,142,0.0,0.0,0.0,0.0,1.0,0.9999999999999999,-1.05,0.0
1770415544.9566312,46,143,0.0,0.0,0.0,0.0,1.0,0.9999999999999999,-1.05,0.0
1770415544.9577017,46,144,0.0,0.0,0.0,0.0,1.0,0.9999999999999999,-1.05,0.0
1770415544.9585717,46,145,0.0,0.0,0.0,0.0,1.0,0.9999999999999999,-1.05,0.0
1770415544.959516,46,146,0.0,0.0,0.0,0.0,1.0,0.9999999999999999,-1.05,0.0
1770415544.9605217,46,147,0.0,0.0,0.0,0.0,1.0,0.9999999999999999,-1.05,0.0
1770415544.9616747,46,148,0.0,0.0,0.0,0.0,1.0,0.9999999999999999,-1.05,0.0
1770415544.962721,46,149,0.0,0.0,0.0,0.0,1.0,0.9999999999999999,-1.05,0.0
1770415544.9636207,46,150,0.0,0.0,0.0,0.0,1.0,0.9999999999999999,-1.05,0.0
1770415544.964671,46,151,0.0,0.0,0.0,0.0,1.0,0.9999999999999999,-1.05,0.0
1770415544.9654634,46,152,0.0,0.0,0.0,0.0,1.0,0.9999999999999999,-1.05,0.0
1770415544.9664648,46,153,0.0,0.0,0.0,0.0,1.0,0.9999999999999999,-1.05,0.0
1770415544.9685497,46,154,0.0,0.0,0.0,0.0,1.0,0.9999999999999999,-1.05,0.0
1770415544.9699097,46,155,0.0,0.0,0.0,0.0,1.0,0.9999999999999999,-1.05,0.0
1770415544.9711087,46,156,0.0,0.0,0.0,0.0,1.0,0.9999999999999999,-1.05,0.0
1770415544.9722333,46,157,0.0,0.0,0.0,0.0,1.0,0.9999999999999999,-1.05,0.0
1770415544.9734225,46,158,0.0,0.0,0.0,0.0,1.0,0.9999999999999999,-1.05,0.0
1770415544.9746788,46,159,0.0,0.0,0.0,0.0,1.0,0.9999999999999999,-1.05,0.0
1770415544.9757338,46,160,0.0,0.0,0.0,0.0,1.0,0.9999999999999999,-1.05,0.0
1770415544.9766605,46,161,0.0,0.0,0.0,0.0,1.0,0.9999999999999999,-1.05,0.0
1770415544.978143,46,162,0.0,0.0,0.0,0.0,1.0,0.9999999999999999,-1.05,0.0
1770415544.9792998,46,163,0.0,0.0,0.0,0.0,1.0,0.9999999999999999,-1.05,0.0
1770415544.9804525,46,164,0.0,0.0,0.0,0.0,1.0,0.9999999999999999,-1.05,0.0
1770415544.9815722,46,165,0.0,0.0,0.0,0.0,1.0,0.9999999999999999,-1.05,0.0
1770415544.9826095,46,166,0.0,0.0,0.0,0.0,1.0,0.9999999999999999,-1.05,0.0
1770415544.9838102,46,167,0.0,0.0,0.0,0.0,1.0,0.9999999999999999,-1.05,0.0
1770415544.985116,46,168,0.0,0.0,0.0,0.0,1.0,0.9999999999999999,-1.05,0.0
1770415544.986304,46,169,0.0,0.0,0.0,0.0,1.0,0.9999999999999999,-1.05,0.0
1770415544.9874794,46,170,0.0,0.0,0.0,0.0,1.0,0.9999999999999999,-1.05,0.0
1770415544.9885125,46,171,0.0,0.0,0.0,0.0,1.0,0.9999999999999999,-1.05,0.0
1770415544.989634,46,172,0.0,0.0,0.0,0.0,1.0,0.9999999999999999,-1.05,0.0
1770415544.9906683,46,173,0.0,0.0,0.0,0.0,1.0,0.9999999999999999,-1.05,0.0
1770415544.9916172,46,174,0.0,0.0,0.0,0.0,1.0,0.9999999999999999,-1.05,0.0
1770415544.9925845,46,175,0.0,0.0,0.0,0.0,1.0,0.9999999999999999,-1.05,0.0
1770415544.9936988,46,176,0.0,0.0,0.0,0.0,1.0,0.9999999999999999,-1.05,0.0
1770415544.9947717,46,177,0.0,0.0,0.0,0.0,1.0,0.9999999999999999,-1.05,0.0
1770415544.9958332,46,178,0.0,0.0,0.0,0.0,1.0,0.9999999999999999,-1.05,0.0
1770415544.9968166,46,179,0.0,0.0,0.0,0.0,1.0,0.9999999999999999,-1.05,0.0
1770415544.997755,46,180,0.0,0.0,0.0,0.0,1.0,0.9999999999999999,-1.05,0.0
1770415544.9987323,46,181,0.0,0.0,0.0,0.0,1.0,0.9999999999999999,-1.05,0.0
1770415544.9995499,46,182,0.0,0.0,0.0,0.0,1.0,0.9999999999999999,-1.05,0.0
1770415545.0006118,46,183,0.0,0.0,0.0,0.0,1.0,0.9999999999999999,-1.05,0.0
1770415545.0016997,46,184,0.0,0.0,0.0,0.0,1.0,0.9999999999999999,-1.05,0.0
1770415545.003014,46,185,0.0,0.0,0.0,0.0,1.0,0.9999999999999999,-1.05,0.0
1770415545.003988,46,186,0.0,0.0,0.0,0.0,1.0,0.9999999999999999,-1.05,0.0
1770415545.005909,46,187,0.0,0.0,0.0,0.0,1.0,0.9999999999999999,-1.05,0.0
1770415545.0081694,46,188,0.0,0.0,0.0,0.0,1.0,0.9999999999999999,-1.05,0.0
1770415545.0104153,46,189,0.0,0.0,0.0,0.0,1.0,0.9999999999999999,-1.05,0.0
1770415545.0124874,46,190,0.0,0.0,0.0,0.0,1.0,0.9999999999999999,-1.05,0.0
1770415545.0143404,46,191,0.0,0.0,0.0,0.0,1.0,0.9999999999999999,-1.05,0.0
1770415545.0163407,46,192,0.0,0.0,0.0,0.0,1.0,0.9999999999999999,-1.05,0.0
1770415545.0182533,46,193,0.0,0.0,0.0,0.0,1.0,0.9999999999999999,-1.05,0.0
1770415545.0197165,46,194,0.0,0.0,0.0,0.0,1.0,0.9999999999999999,-1.05,0.0
1770415545.020663,46,195,0.0,0.0,0.0,0.0,1.0,0.9999999999999999,-1.05,0.0
1770415545.0225792,46,196,0.0,0.0,0.0,0.0,1.0,0.9999999999999999,-1.05,0.0
1770415545.0243578,46,197,0.0,0.0,0.0,0.0,1.0,0.9999999999999999,-1.05,0.0
1770415545.026257,46,198,0.0,0.0,0.0,0.0,1.0,0.9999999999999999,-1.05,0.0
1770415545.02828,46,199,0.0,0.0,0.0,0.0,1.0,0.9999999999999999,-1.05,0.0
1770415545.0303352,46,200,0.0,0.0,0.0,0.0,1.0,0.9999999999999999,-1.05,0.0
1770415545.0867028,47,0,0.0,0.0,0.0,0.0,1.0,0.0,0.0,0.0
1770415545.088706,47,1,0.0,0.0,0.0,0.0,1.0,0.9999999999999999,-0.049999999999999996,0.0
1770415545.0904422,47,2,0.0,0.0,0.0,0.0,1.0,0.9999999999999999,-0.049999999999999996,0.0
1770415545.0923965,47,3,0.0,0.0,0.0,0.0,1.0,0.9999999999999999,-0.049999999999999996,0.0
1770415545.0936346,47,4,0.0,0.0,0.0,0.0,1.0,0.9999999999999999,-0.049999999999999996,0.0
1770415545.0945802,47,5,0.0,0.0,0.0,0.0,1.0,0.9999999999999999,-0.049999999999999996,0.0
1770415545.095655,47,6,0.0,0.0,0.0,0.0,1.0,0.9999999999999999,-1.05,0.0
1770415545.0966244,47,7,0.0,0.0,0.0,0.0,1.0,0.9999999999999999,-1.05,0.0
1770415545.0976005,47,8,0.0,0.0,0.0,0.0,1.0,0.9999999999999999,-1.05,0.0
1770415545.0985894,47,9,0.0,0.0,0.0,0.0,1.0,0.9999999999999999,-1.05,0.0
1770415545.0996373,47,10,0.0,0.0,0.0,0.0,1.0,0.9999999999999999,-1.05,0.0
1770415545.1004455,47,11,0.0,0.0,0.0,0.0,1.0,0.9999999999999999,-1.05,0.0
1770415545.1014457,47,12,0.0,0.0,0.0,0.0,1.0,0.9999999999999999,-1.05,0.0
1770415545.102556,47,13,0.0,0.0,0.0,0.0,1.0,0.9999999999999999,-1.05,0.0
1770415545.1036224,47,14,0.0,0.0,0.0,0.0,1.0,0.9999999999999999,-1.05,0.0
1770415545.1047595,47,15,0.0,0.0,0.0,0.0,1.0,0.9999999999999999,-1.05,0.0
1770415545.1058357,47,16,0.0,0.0,0.0,0.0,1.0,0.9999999999999999,-1.05,0.0
1770415545.106743,47,17,0.0,0.0,0.0,0.0,1.0,0.9999999999999999,-1.05,0.0
1770415545.1076868,47,18,0.0,0.0,0.0,0.0,1.0,0.9999999999999999,-1.05,0.0
1770415545.1090317,47,19,0.0,0.0,0.0,0.0,1.0,0.9999999999999999,-1.05,0.0
1770415545.110227,47,20,0.0,0.0,0.0,0.0,1.0,0.9999999999999999,-1.05,0.0
1770415545.1115901,47,21,0.0,0.0,0.0,0.0,1.0,0.9999999999999999,-1.05,0.0
1770415545.1129844,47,22,0.0,0.0,0.0,0.0,1.0,0.9999999999999999,-1.05,0.0
1770415545.114223,47,23,0.0,0.0,0.0,0.0,1.0,0.9999999999999999,-1.05,0.0
1770415545.1154568,47,24,0.0,0.0,0.0,0.0,1.0,0.9999999999999999,-1.05,0.0
1770415545.1165879,47,25,0.0,0.0,0.0,0.0,1.0,0.9999999999999999,-1.05,0.0
1770415545.1183915,47,26,0.0,0.0,0.0,0.0,1.0,0.9999999999999999,-1.05,0.0
1770415545.1204746,47,27,0.0,0.0,0.0,0.0,1.0,0.9999999999999999,-1.05,0.0
1770415545.122444,47,28,0.0,0.0,0.0,0.0,1.0,0.9999999999999999,-1.05,0.0
1770415545.1239982,47,29,0.0,0.0,0.0,0.0,1.0,0.9999999999999999,-1.05,0.0
1770415545.1250262,47,30,0.0,0.0,0.0,0.0,1.0,0.9999999999999999,-1.05,0.0
1770415545.1260304,47,31,0.0,0.0,0.0,0.0,1.0,0.9999999999999999,-1.05,0.0
1770415545.1269493,47,32,0.0,0.0,0.0,0.0,1.0,0.9999999999999999,-1.05,0.0
1770415545.1278787,47,33,0.0,0.0,0.0,0.0,1.0,0.9999999999999999,-1.05,0.0
1770415545.1290042,47,34,0.0,0.0,0.0,0.0,1.0,0.9999999999999999,-1.05,0.0
1770415545.1299143,47,35,0.0,0.0,0.0,0.0,1.0,0.9999999999999999,-1.05,0.0
1770415545.1308062,47,36,0.0,0.0,0.0,0.0,1.0,0.9999999999999999,-1.05,0.0
1770415545.1320705,47,37,0.0,0.0,0.0,0.0,1.0,0.9999999999999999,-1.05,0.0
1770415545.133164,47,38,0.0,0.0,0.0,0.0,1.0,0.9999999999999999,-1.05,0.0
1770415545.1341367,47,39,0.0,0.0,0.0,0.0,1.0,0.9999999999999999,-1.05,0.0
1770415545.1349945,47,40,0.0,0.0,0.0,0.0,1.0,0.9999999999999999,-1.05,0.0
1770415545.13587,47,41,0.0,0.0,0.0,0.0,1.0,0.9999999999999999,-1.05,0.0
1770415545.136965,47,42,0.0,0.0,0.0,0.0,1.0,0.9999999999999999,-1.05,0.0
1770415545.1381087,47,43,0.0,0.0,0.0,0.0,1.0,0.9999999999999999,-1.05,0.0
1770415545.1390269,47,44,0.0,0.0,0.0,0.0,1.0,0.9999999999999999,-1.05,0.0
1770415545.1399715,47,45,0.0,0.0,0.0,0.0,1.0,0.9999999999999999,-1.05,0.0
1770415545.1411314,47,46,0.0,0.0,0.0,0.0,1.0,0.9999999999999999,-1.05,0.0
1770415545.1423678,47,47,0.0,0.0,0.0,0.0,1.0,0.9999999999999999,-1.05,0.0
1770415545.1435773,47,48,0.0,0.0,0.0,0.0,1.0,0.9999999999999999,-1.05,0.0
1770415545.1446831,47,49,0.0,0.0,0.0,0.0,1.0,0.9999999999999999,-1.05,0.0
1770415545.145767,47,50,0.0,0.0,0.0,0.0,1.0,0.9999999999999999,-1.05,0.0
1770415545.1469276,47,51,0.0,0.0,0.0,0.0,1.0,0.9999999999999999,-1.05,0.0
1770415545.1490474,47,52,0.0,0.0,0.0,0.0,1.0,0.9999999999999999,-1.05,0.0
1770415545.1508508,47,53,0.0,0.0,0.0,0.0,1.0,0.9999999999999999,-1.05,0.0
1770415545.1528406,47,54,0.0,0.0,0.0,0.0,1.0,0.9999999999999999,-1.05,0.0
1770415545.1547775,47,55,0.0,0.0,0.0,0.0,1.0,0.9999999999999999,-1.05,0.0
1770415545.1557941,47,56,0.0,0.0,0.0,0.0,1.0,0.9999999999999999,-1.05,0.0
1770415545.1567638,47,57,0.0,0.0,0.0,0.0,1.0,0.9999999999999999,-1.05,0.0
1770415545.1576557,47,58,0.0,0.0,0.0,0.0,1.0,0.9999999999999999,-1.05,0.0
1770415545.1586652,47,59,0.0,0.0,0.0,0.0,1.0,0.9999999999999999,-1.05,0.0
1770415545.1596847,47,60,0.0,0.0,0.0,0.0,1.0,0.9999999999999999,-1.05,0.0
1770415545.1607437,47,61,0.0,0.0,0.0,0.0,1.0,0.9999999999999999,-1.05,0.0
1770415545.161931,47,62,0.0,0.0,0.0,0.0,1.0,0.9999999999999999,-1.05,0.0
1770415545.1630878,47,63,0.0,0.0,0.0,0.0,1.0,0.9999999999999999,-1.05,0.0
1770415545.1640944,47,64,0.0,0.0,0.0,0.0,1.0,0.9999999999999999,-1.05,0.0
1770415545.1651015,47,65,0.0,0.0,0.0,0.0,1.0,0.9999999999999999,-1.05,0.0
1770415545.1661484,47,66,0.0,0.0,0.0,0.0,1.0,0.9999999999999999,-1.05,0.0
1770415545.1669767,47,67,0.0,0.0,0.0,0.0,1.0,0.9999999999999999,-1.05,0.0
1770415545.1677094,47,68,0.0,0.0,0.0,0.0,1.0,0.9999999999999999,-1.05,0.0
1770415545.1684442,47,69,0.0,0.0,0.0,0.0,1.0,0.9999999999999999,-1.05,0.0
1770415545.1692214,47,70,0.0,0.0,0.0,0.0,1.0,0.9999999999999999,-1.05,0.0
1770415545.1700363,47,71,0.0,0.0,0.0,0.0,1.0,0.9999999999999999,-1.05,0.0
1770415545.1710804,47,72,0.0,0.0,0.0,0.0,1.0,0.9999999999999999,-1.05,0.0
1770415545.1719718,47,73,0.0,0.0,0.0,0.0,1.0,0.9999999999999999,-1.05,0.0
1770415545.1730278,47,74,0.0,0.0,0.0,0.0,1.0,0.9999999999999999,-1.05,0.0
1770415545.173981,47,75,0.0,0.0,0.0,0.0,1.0,0.9999999999999999,-1.05,0.0
1770415545.174735,47,76,0.0,0.0,0.0,0.0,1.0,0.9999999999999999,-1.05,0.0
1770415545.175558,47,77,0.0,0.0,0.0,0.0,1.0,0.9999999999999999,-1.05,0.0
1770415545.1764748,47,78,0.0,0.0,0.0,0.0,1.0,0.9999999999999999,-1.05,0.0
1770415545.177374,47,79,0.0,0.0,0.0,0.0,1.0,0.9999999999999999,-1.05,0.0
1770415545.178381,47,80,0.0,0.0,0.0,0.0,1.0,0.9999999999999999,-1.05,0.0
1770415545.1793401,47,81,0.0,0.0,0.0,0.0,1.0,0.9999999999999999,-1.05,0.0
1770415545.180109,47,82,0.0,0.0,0.0,0.0,1.0,0.9999999999999999,-1.05,0.0
1770415545.1808214,47,83,0.0,0.0,0.0,0.0,1.0,0.9999999999999999,-1.05,0.0
1770415545.1817503,47,84,0.0,0.0,0.0,0.0,1.0,0.9999999999999999,-1.05,0.0
1770415545.182599,47,85,0.0,0.0,0.0,0.0,1.0,0.9999999999999999,-1.05,0.0
1770415545.1835072,47,86,0.0,0.0,0.0,0.0,1.0,0.9999999999999999,-1.05,0.0
1770415545.1845083,47,87,0.0,0.0,0.0,0.0,1.0,0.9999999999999999,-1.05,0.0
1770415545.1854196,47,88,0.0,0.0,0.0,0.0,1.0,0.9999999999999999,-1.05,0.0
1770415545.1863368,47,89,0.0,0.0,0.0,0.0,1.0,0.9999999999999999,-1.05,0.0
1770415545.1872294,47,90,0.0,0.0,0.0,0.0,1.0,0.9999999999999999,-1.05,0.0
1770415545.1879764,47,91,0.0,0.0,0.0,0.0,1.0,0.9999999999999999,-1.05,0.0
1770415545.188747,47,92,0.0,0.0,0.0,0.0,1.0,0.9999999999999999,-1.05,0.0
1770415545.1894777,47,93,0.0,0.0,0.0,0.0,1.0,0.9999999999999999,-1.05,0.0
1770415545.1903071,47,94,0.0,0.0,0.0,0.0,1.0,0.9999999999999999,-1.05,0.0
1770415545.1914492,47,95,0.0,0.0,0.0,0.0,1.0,0.9999999999999999,-1.05,0.0
1770415545.1923506,47,96,0.0,0.0,0.0,0.0,1.0,0.9999999999999999,-1.05,0.0
1770415545.1932557,47,97,0.0,0.0,0.0,0.0,1.0,0.9999999999999999,-1.05,0.0
1770415545.1941788,47,98,0.0,0.0,0.0,0.0,1.0,0.9999999999999999,-1.05,0.0
1770415545.1950605,47,99,0.0,0.0,0.0,0.0,1.0,0.9999999999999999,-1.05,0.0
1770415545.1960435,47,100,0.0,0.0,0.0,0.0,1.0,0.9999999999999999,-1.05,0.0
1770415545.1968753,47,101,0.0,0.0,0.0,0.0,1.0,0.9999999999999999,-1.05,0.0
1770415545.1979115,47,102,0.0,0.0,0.0,0.0,1.0,0.9999999999999999,-1.05,0.0
1770415545.1987507,47,103,0.0,0.0,0.0,0.0,1.0,0.9999999999999999,-1.05,0.0
1770415545.1995394,47,104,0.0,0.0,0.0,0.0,1.0,0.9999999999999999,-1.05,0.0
1770415545.2003956,47,105,0.0,0.0,0.0,0.0,1.0,0.9999999999999999,-1.05,0.0
1770415545.2013645,47,106,0.0,0.0,0.0,0.0,1.0,0.9999999999999999,-1.05,0.0
1770415545.2022803,47,107,0.0,0.0,0.0,0.0,1.0,0.9999999999999999,-1.05,0.0
1770415545.2031984,47,108,0.0,0.0,0.0,0.0,1.0,0.9999999999999999,-1.05,0.0
1770415545.2040067,47,109,0.0,0.0,0.0,0.0,1.0,0.9999999999999999,-1.05,0.0
1770415545.2047927,47,110,0.0,0.0,0.0,0.0,1.0,0.9999999999999999,-1.05,0.0
1770415545.205733,47,111,0.0,0.0,0.0,0.0,1.0,0.9999999999999999,-1.05,0.0
1770415545.207681,47,112,0.0,0.0,0.0,0.0,1.0,0.9999999999999999,-1.05,0.0
1770415545.2093494,47,113,0.0,0.0,0.0,0.0,1.0,0.9999999999999999,-1.05,0.0
1770415545.2112873,47,114,0.0,0.0,0.0,0.0,1.0,0.9999999999999999,-1.05,0.0
1770415545.213391,47,115,0.0,0.0,0.0,0.0,1.0,0.9999999999999999,-1.05,0.0
1770415545.2153792,47,116,0.0,0.0,0.0,0.0,1.0,0.9999999999999999,-1.05,0.0
1770415545.217651,47,117,0.0,0.0,0.0,0.0,1.0,0.9999999999999999,-1.05,0.0
1770415545.218724,47,118,0.0,0.0,0.0,0.0,1.0,0.9999999999999999,-1.05,0.0
1770415545.2196264,47,119,0.0,0.0,0.0,0.0,1.0,0.9999999999999999,-1.05,0.0
1770415545.2205951,47,120,0.0,0.0,0.0,0.0,1.0,0.9999999999999999,-1.05,0.0
1770415545.221339,47,121,0.0,0.0,0.0,0.0,1.0,0.9999999999999999,-1.05,0.0
1770415545.222108,47,122,0.0,0.0,0.0,0.0,1.0,0.9999999999999999,-1.05,0.0
1770415545.2230237,47,123,0.0,0.0,0.0,0.0,1.0,0.9999999999999999,-1.05,0.0
1770415545.224094,47,124,0.0,0.0,0.0,0.0,1.0,0.9999999999999999,-1.05,0.0
1770415545.2250783,47,125,0.0,0.0,0.0,0.0,1.0,0.9999999999999999,-1.05,0.0
1770415545.226234,47,126,0.0,0.0,0.0,0.0,1.0,0.9999999999999999,-1.05,0.0
1770415545.2273471,47,127,0.0,0.0,0.0,0.0,1.0,0.9999999999999999,-1.05,0.0
1770415545.2284596,47,128,0.0,0.0,0.0,0.0,1.0,0.9999999999999999,-1.05,0.0
1770415545.229593,47,129,0.0,0.0,0.0,0.0,1.0,0.9999999999999999,-1.05,0.0
1770415545.2306514,47,130,0.0,0.0,0.0,0.0,1.0,0.9999999999999999,-1.05,0.0
1770415545.231709,47,131,0.0,0.0,0.0,0.0,1.0,0.9999999999999999,-1.05,0.0
1770415545.232724,47,132,0.0,0.0,0.0,0.0,1.0,0.9999999999999999,-1.05,0.0
1770415545.233739,47,133,0.0,0.0,0.0,0.0,1.0,0.9999999999999999,-1.05,0.0
1770415545.2354782,47,134,0.0,0.0,0.0,0.0,1.0,0.9999999999999999,-1.05,0.0
1770415545.2368097,47,135,0.0,0.0,0.0,0.0,1.0,0.9999999999999999,-1.05,0.0
1770415545.238281,47,136,0.0,0.0,0.0,0.0,1.0,0.9999999999999999,-1.05,0.0
1770415545.2397585,47,137,0.0,0.0,0.0,0.0,1.0,0.9999999999999999,-1.05,0.0
1770415545.2408102,47,138,0.0,0.0,0.0,0.0,1.0,0.9999999999999999,-1.05,0.0
1770415545.2419798,47,139,0.0,0.0,0.0,0.0,1.0,0.9999999999999999,-1.05,0.0
1770415545.2439096,47,140,0.0,0.0,0.0,0.0,1.0,0.9999999999999999,-1.05,0.0
1770415545.2459338,47,141,0.0,0.0,0.0,0.0,1.0,0.9999999999999999,-1.05,0.0
1770415545.2481372,47,142,0.0,0.0,0.0,0.0,1.0,0.9999999999999999,-1.05,0.0
1770415545.2502992,47,143,0.0,0.0,0.0,0.0,1.0,0.9999999999999999,-1.05,0.0
1770415545.2523115,47,144,0.0,0.0,0.0,0.0,1.0,0.9999999999999999,-1.05,0.0
1770415545.2543826,47,145,0.0,0.0,0.0,0.0,1.0,0.9999999999999999,-1.05,0.0
1770415545.2562795,47,146,0.0,0.0,0.0,0.0,1.0,0.9999999999999999,-1.05,0.0
1770415545.258269,47,147,0.0,0.0,0.0,0.0,1.0,0.9999999999999999,-1.05,0.0
1770415545.2605016,47,148,0.0,0.0,0.0,0.0,1.0,0.9999999999999999,-1.05,0.0
1770415545.262454,47,149,0.0,0.0,0.0,0.0,1.0,0.9999999999999999,-1.05,0.0
1770415545.2644484,47,150,0.0,0.0,0.0,0.0,1.0,0.9999999999999999,-1.05,0.0
1770415545.2663727,47,151,0.0,0.0,0.0,0.0,1.0,0.9999999999999999,-1.05,0.0
1770415545.2673807,47,152,0.0,0.0,0.0,0.0,1.0,0.9999999999999999,-1.05,0.0
1770415545.2685037,47,153,0.0,0.0,0.0,0.0,1.0,0.9999999999999999,-1.05,0.0
1770415545.2696779,47,154,0.0,0.0,0.0,0.0,1.0,0.9999999999999999,-1.05,0.0
1770415545.2707512,47,155,0.0,0.0,0.0,0.0,1.0,0.9999999999999999,-1.05,0.0
1770415545.272117,47,156,0.0,0.0,0.0,0.0,1.0,0.9999999999999999,-1.05,0.0
1770415545.2732546,47,157,0.0,0.0,0.0,0.0,1.0,0.9999999999999999,-1.05,0.0
1770415545.2742922,47,158,0.0,0.0,0.0,0.0,1.0,0.9999999999999999,-1.05,0.0
1770415545.2753084,47,159,0.0,0.0,0.0,0.0,1.0,0.9999999999999999,-1.05,0.0
1770415545.2763023,47,160,0.0,0.0,0.0,0.0,1.0,0.9999999999999999,-1.05,0.0
1770415545.2773528,47,161,0.0,0.0,0.0,0.0,1.0,0.9999999999999999,-1.05,0.0
1770415545.2785842,47,162,0.0,0.0,0.0,0.0,1.0,0.9999999999999999,-1.05,0.0
1770415545.2796133,47,163,0.0,0.0,0.0,0.0,1.0,0.9999999999999999,-1.05,0.0
1770415545.280457,47,164,0.0,0.0,0.0,0.0,1.0,0.9999999999999999,-1.05,0.0
1770415545.2815745,47,165,0.0,0.0,0.0,0.0,1.0,0.9999999999999999,-1.05,0.0
1770415545.2826262,47,166,0.0,0.0,0.0,0.0,1.0,0.9999999999999999,-1.05,0.0
1770415545.2835696,47,167,0.0,0.0,0.0,0.0,1.0,0.9999999999999999,-1.05,0.0
1770415545.2843359,47,168,0.0,0.0,0.0,0.0,1.0,0.9999999999999999,-1.05,0.0
1770415545.285236,47,169,0.0,0.0,0.0,0.0,1.0,0.9999999999999999,-1.05,0.0
1770415545.2863197,47,170,0.0,0.0,0.0,0.0,1.0,0.9999999999999999,-1.05,0.0
1770415545.287383,47,171,0.0,0.0,0.0,0.0,1.0,0.9999999999999999,-1.05,0.0
1770415545.2885098,47,172,0.0,0.0,0.0,0.0,1.0,0.9999999999999999,-1.05,0.0
1770415545.2893531,47,173,0.0,0.0,0.0,0.0,1.0,0.9999999999999999,-1.05,0.0
1770415545.290248,47,174,0.0,0.0,0.0,0.0,1.0,0.9999999999999999,-1.05,0.0
1770415545.2909975,47,175,0.0,0.0,0.0,0.0,1.0,0.9999999999999999,-1.05,0.0
1770415545.2917202,47,176,0.0,0.0,0.0,0.0,1.0,0.9999999999999999,-1.05,0.0
1770415545.2925286,47,177,0.0,0.0,0.0,0.0,1.0,0.9999999999999999,-1.05,0.0
1770415545.2946854,47,178,0.0,0.0,0.0,0.0,1.0,0.9999999999999999,-1.05,0.0
1770415545.2967327,47,179,0.0,0.0,0.0,0.0,1.0,0.9999999999999999,-1.05,0.0
1770415545.2986479,47,180,0.0,0.0,0.0,0.0,1.0,0.9999999999999999,-1.05,0.0
1770415545.3005295,47,181,0.0,0.0,0.0,0.0,1.0,0.9999999999999999,-1.05,0.0
1770415545.3026125,47,182,0.0,0.0,0.0,0.0,1.0,0.9999999999999999,-1.05,0.0
1770415545.304488,47,183,0.0,0.0,0.0,0.0,1.0,0.9999999999999999,-1.05,0.0
1770415545.3057623,47,184,0.0,0.0,0.0,0.0,1.0,0.9999999999999999,-1.05,0.0
1770415545.3068628,47,185,0.0,0.0,0.0,0.0,1.0,0.9999999999999999,-1.05,0.0
1770415545.307806,47,186,0.0,0.0,0.0,0.0,1.0,0.9999999999999999,-1.05,0.0
1770415545.308685,47,187,0.0,0.0,0.0,0.0,1.0,0.9999999999999999,-1.05,0.0
1770415545.3096442,47,188,0.0,0.0,0.0,0.0,1.0,0.9999999999999999,-1.05,0.0
1770415545.310954,47,189,0.0,0.0,0.0,0.0,1.0,0.9999999999999999,-1.05,0.0
1770415545.3120124,47,190,0.0,0.0,0.0,0.0,1.0,0.9999999999999999,-1.05,0.0
1770415545.3131602,47,191,0.0,0.0,0.0,0.0,1.0,0.9999999999999999,-1.05,0.0
1770415545.3144417,47,192,0.0,0.0,0.0,0.0,1.0,0.9999999999999999,-1.05,0.0
1770415545.3155515,47,193,0.0,0.0,0.0,0.0,1.0,0.9999999999999999,-1.05,0.0
1770415545.3165972,47,194,0.0,0.0,0.0,0.0,1.0,0.9999999999999999,-1.05,0.0
1770415545.3178937,47,195,0.0,0.0,0.0,0.0,1.0,0.9999999999999999,-1.05,0.0
1770415545.3190067,47,196,0.0,0.0,0.0,0.0,1.0,0.9999999999999999,-1.05,0.0
1770415545.3200648,47,197,0.0,0.0,0.0,0.0,1.0,0.9999999999999999,-1.05,0.0
1770415545.320998,47,198,0.0,0.0,0.0,0.0,1.0,0.9999999999999999,-1.05,0.0
1770415545.3218253,47,199,0.0,0.0,0.0,0.0,1.0,0.9999999999999999,-1.05,0.0
1770415545.3226395,47,200,0.0,0.0,0.0,0.0,1.0,0.9999999999999999,-1.05,0.0
1770415545.3678684,48,0,0.0,0.0,0.0,0.0,1.0,0.0,0.0,0.0
1770415545.3690562,48,1,0.0,0.0,0.0,0.0,1.0,0.9999999999999999,-0.049999999999999996,0.0
1770415545.3701134,48,2,0.0,0.0,0.0,0.0,1.0,0.9999999999999999,-0.049999999999999996,0.0
1770415545.3710022,48,3,0.0,0.0,0.0,0.0,1.0,0.9999999999999999,-0.049999999999999996,0.0
1770415545.3717744,48,4,0.0,0.0,0.0,0.0,1.0,0.9999999999999999,-0.049999999999999996,0.0
1770415545.3725467,48,5,0.0,0.0,0.0,0.0,1.0,0.9999999999999999,-0.049999999999999996,0.0
1770415545.373452,48,6,0.0,0.0,0.0,0.0,1.0,0.9999999999999999,-1.05,0.0
1770415545.374278,48,7,0.0,0.0,0.0,0.0,1.0,0.9999999999999999,-1.05,0.0
1770415545.3753889,48,8,0.0,0.0,0.0,0.0,1.0,0.9999999999999999,-1.05,0.0
1770415545.3763397,48,9,0.0,0.0,0.0,0.0,1.0,0.9999999999999999,-1.05,0.0
1770415545.3774037,48,10,0.0,0.0,0.0,0.0,1.0,0.9999999999999999,-1.05,0.0
1770415545.3783076,48,11,0.0,0.0,0.0,0.0,1.0,0.9999999999999999,-1.05,0.0
1770415545.3792548,48,12,0.0,0.0,0.0,0.0,1.0,0.9999999999999999,-1.05,0.0
1770415545.3801765,48,13,0.0,0.0,0.0,0.0,1.0,0.9999999999999999,-1.05,0.0
1770415545.3810225,48,14,0.0,0.0,0.0,0.0,1.0,0.9999999999999999,-1.05,0.0
1770415545.3817418,48,15,0.0,0.0,0.0,0.0,1.0,0.9999999999999999,-1.05,0.0
1770415545.382528,48,16,0.0,0.0,0.0,0.0,1.0,0.9999999999999999,-1.05,0.0
1770415545.38334,48,17,0.0,0.0,0.0,0.0,1.0,0.9999999999999999,-1.05,0.0
1770415545.3843045,48,18,0.0,0.0,0.0,0.0,1.0,0.9999999999999999,-1.05,0.0
1770415545.3852892,48,19,0.0,0.0,0.0,0.0,1.0,0.9999999999999999,-1.05,0.0
1770415545.3861234,48,20,0.0,0.0,0.0,0.0,1.0,0.9999999999999999,-1.05,0.0
1770415545.3870552,48,21,0.0,0.0,0.0,0.0,1.0,0.9999999999999999,-1.05,0.0
1770415545.3881328,48,22,0.0,0.0,0.0,0.0,1.0,0.9999999999999999,-1.05,0.0
1770415545.3891745,48,23,0.0,0.0,0.0,0.0,1.0,0.9999999999999999,-1.05,0.0
1770415545.390058,48,24,0.0,0.0,0.0,0.0,1.0,0.9999999999999999,-1.05,0.0
1770415545.390989,48,25,0.0,0.0,0.0,0.0,1.0,0.9999999999999999,-1.05,0.0
1770415545.3918602,48,26,0.0,0.0,0.0,0.0,1.0,0.9999999999999999,-1.05,0.0
1770415545.392832,48,27,0.0,0.0,0.0,0.0,1.0,0.9999999999999999,-1.05,0.0
1770415545.3937314,48,28,0.0,0.0,0.0,0.0,1.0,0.9999999999999999,-1.05,0.0
1770415545.3945622,48,29,0.0,0.0,0.0,0.0,1.0,0.9999999999999999,-1.05,0.0
1770415545.3954394,48,30,0.0,0.0,0.0,0.0,1.0,0.9999999999999999,-1.05,0.0
1770415545.3963048,48,31,0.0,0.0,0.0,0.0,1.0,0.9999999999999999,-1.05,0.0
1770415545.3972208,48,32,0.0,0.0,0.0,0.0,1.0,0.9999999999999999,-1.05,0.0
1770415545.3984315,48,33,0.0,0.0,0.0,0.0,1.0,0.9999999999999999,-1.05,0.0
1770415545.399658,48,34,0.0,0.0,0.0,0.0,1.0,0.9999999999999999,-1.05,0.0
1770415545.400726,48,35,0.0,0.0,0.0,0.0,1.0,0.9999999999999999,-1.05,0.0
1770415545.4015315,48,36,0.0,0.0,0.0,0.0,1.0,0.9999999999999999,-1.05,0.0
1770415545.4024282,48,37,0.0,0.0,0.0,0.0,1.0,0.9999999999999999,-1.05,0.0
1770415545.4034567,48,38,0.0,0.0,0.0,0.0,1.0,0.9999999999999999,-1.05,0.0
1770415545.4045556,48,39,0.0,0.0,0.0,0.0,1.0,0.9999999999999999,-1.05,0.0
1770415545.4056468,48,40,0.0,0.0,0.0,0.0,1.0,0.9999999999999999,-1.05,0.0
1770415545.4067307,48,41,0.0,0.0,0.0,0.0,1.0,0.9999999999999999,-1.05,0.0
1770415545.4077396,48,42,0.0,0.0,0.0,0.0,1.0,0.9999999999999999,-1.05,0.0
1770415545.4088387,48,43,0.0,0.0,0.0,0.0,1.0,0.9999999999999999,-1.05,0.0
1770415545.4098525,48,44,0.0,0.0,0.0,0.0,1.0,0.9999999999999999,-1.05,0.0
1770415545.4109542,48,45,0.0,0.0,0.0,0.0,1.0,0.9999999999999999,-1.05,0.0
1770415545.4119742,48,46,0.0,0.0,0.0,0.0,1.0,0.9999999999999999,-1.05,0.0
1770415545.4129505,48,47,0.0,0.0,0.0,0.0,1.0,0.9999999999999999,-1.05,0.0
1770415545.4141736,48,48,0.0,0.0,0.0,0.0,1.0,0.9999999999999999,-1.05,0.0
1770415545.415171,48,49,0.0,0.0,0.0,0.0,1.0,0.9999999999999999,-1.05,0.0
1770415545.4161577,48,50,0.0,0.0,0.0,0.0,1.0,0.9999999999999999,-1.05,0.0
1770415545.41729,48,51,0.0,0.0,0.0,0.0,1.0,0.9999999999999999,-1.05,0.0
1770415545.4185019,48,52,0.0,0.0,0.0,0.0,1.0,0.9999999999999999,-1.05,0.0
1770415545.4197185,48,53,0.0,0.0,0.0,0.0,1.0,0.9999999999999999,-1.05,0.0
1770415545.420824,48,54,0.0,0.0,0.0,0.0,1.0,0.9999999999999999,-1.05,0.0
1770415545.4220295,48,55,0.0,0.0,0.0,0.0,1.0,0.9999999999999999,-1.05,0.0
1770415545.4230564,48,56,0.0,0.0,0.0,0.0,1.0,0.9999999999999999,-1.05,0.0
1770415545.4240143,48,57,0.0,0.0,0.0,0.0,1.0,0.9999999999999999,-1.05,0.0
1770415545.4252036,48,58,0.0,0.0,0.0,0.0,1.0,0.9999999999999999,-1.05,0.0
1770415545.426478,48,59,0.0,0.0,0.0,0.0,1.0,0.9999999999999999,-1.05,0.0
1770415545.427566,48,60,0.0,0.0,0.0,0.0,1.0,0.9999999999999999,-1.05,0.0
1770415545.4286373,48,61,0.0,0.0,0.0,0.0,1.0,0.9999999999999999,-1.05,0.0
1770415545.4295855,48,62,0.0,0.0,0.0,0.0,1.0,0.9999999999999999,-1.05,0.0
1770415545.4304745,48,63,0.0,0.0,0.0,0.0,1.0,0.9999999999999999,-1.05,0.0
1770415545.4316413,48,64,0.0,0.0,0.0,0.0,1.0,0.9999999999999999,-1.05,0.0
1770415545.432604,48,65,0.0,0.0,0.0,0.0,1.0,0.9999999999999999,-1.05,0.0
1770415545.4334695,48,66,0.0,0.0,0.0,0.0,1.0,0.9999999999999999,-1.05,0.0
1770415545.4346068,48,67,0.0,0.0,0.0,0.0,1.0,0.9999999999999999,-1.05,0.0
1770415545.4355893,48,68,0.0,0.0,0.0,0.0,1.0,0.9999999999999999,-1.05,0.0
1770415545.4365478,48,69,0.0,0.0,0.0,0.0,1.0,0.9999999999999999,-1.05,0.0
1770415545.4376912,48,70,0.0,0.0,0.0,0.0,1.0,0.9999999999999999,-1.05,0.0
1770415545.4388163,48,71,0.0,0.0,0.0,0.0,1.0,0.9999999999999999,-1.05,0.0
1770415545.439906,48,72,0.0,0.0,0.0,0.0,1.0,0.9999999999999999,-1.05,0.0
1770415545.4409735,48,73,0.0,0.0,0.0,0.0,1.0,0.9999999999999999,-1.05,0.0
1770415545.4420192,48,74,0.0,0.0,0.0,0.0,1.0,0.9999999999999999,-1.05,0.0
1770415545.4429593,48,75,0.0,0.0,0.0,0.0,1.0,0.9999999999999999,-1.05,0.0
1770415545.444269,48,76,0.0,0.0,0.0,0.0,1.0,0.9999999999999999,-1.05,0.0
1770415545.4453068,48,77,0.0,0.0,0.0,0.0,1.0,0.9999999999999999,-1.05,0.0
1770415545.4463568,48,78,0.0,0.0,0.0,0.0,1.0,0.9999999999999999,-1.05,0.0
1770415545.447432,48,79,0.0,0.0,0.0,0.0,1.0,0.9999999999999999,-1.05,0.0
1770415545.448469,48,80,0.0,0.0,0.0,0.0,1.0,0.9999999999999999,-1.05,0.0
1770415545.4494693,48,81,0.0,0.0,0.0,0.0,1.0,0.9999999999999999,-1.05,0.0
1770415545.4505239,48,82,0.0,0.0,0.0,0.0,1.0,0.9999999999999999,-1.05,0.0
1770415545.4522142,48,83,0.0,0.0,0.0,0.0,1.0,0.9999999999999999,-1.05,0.0
1770415545.4532683,48,84,0.0,0.0,0.0,0.0,1.0,0.9999999999999999,-1.05,0.0
1770415545.4543927,48,85,0.0,0.0,0.0,0.0,1.0,0.9999999999999999,-1.05,0.0
1770415545.4555364,48,86,0.0,0.0,0.0,0.0,1.0,0.9999999999999999,-1.05,0.0
1770415545.4567187,48,87,0.0,0.0,0.0,0.0,1.0,0.9999999999999999,-1.05,0.0
1770415545.457703,48,88,0.0,0.0,0.0,0.0,1.0,0.9999999999999999,-1.05,0.0
1770415545.4585211,48,89,0.0,0.0,0.0,0.0,1.0,0.9999999999999999,-1.05,0.0
1770415545.4596741,48,90,0.0,0.0,0.0,0.0,1.0,0.9999999999999999,-1.05,0.0
1770415545.460639,48,91,0.0,0.0,0.0,0.0,1.0,0.9999999999999999,-1.05,0.0
1770415545.4618685,48,92,0.0,0.0,0.0,0.0,1.0,0.9999999999999999,-1.05,0.0
1770415545.4631994,48,93,0.0,0.0,0.0,0.0,1.0,0.9999999999999999,-1.05,0.0
1770415545.4643288,48,94,0.0,0.0,0.0,0.0,1.0,0.9999999999999999,-1.05,0.0
1770415545.465554,48,95,0.0,0.0,0.0,0.0,1.0,0.9999999999999999,-1.05,0.0
1770415545.4667425,48,96,0.0,0.0,0.0,0.0,1.0,0.9999999999999999,-1.05,0.0
1770415545.4676135,48,97,0.0,0.0,0.0,0.0,1.0,0.9999999999999999,-1.05,0.0
1770415545.4686873,48,98,0.0,0.0,0.0,0.0,1.0,0.9999999999999999,-1.05,0.0
1770415545.4701643,48,99,0.0,0.0,0.0,0.0,1.0,0.9999999999999999,-1.05,0.0
1770415545.4712725,48,100,0.0,0.0,0.0,0.0,1.0,0.9999999999999999,-1.05,0.0
1770415545.4723434,48,101,0.0,0.0,0.0,0.0,1.0,0.9999999999999999,-1.05,0.0
1770415545.4733136,48,102,0.0,0.0,0.0,0.0,1.0,0.9999999999999999,-1.05,0.0
1770415545.4743378,48,103,0.0,0.0,0.0,0.0,1.0,0.9999999999999999,-1.05,0.0
1770415545.4755187,48,104,0.0,0.0,0.0,0.0,1.0,0.9999999999999999,-1.05,0.0
1770415545.476603,48,105,0.0,0.0,0.0,0.0,1.0,0.9999999999999999,-1.05,0.0
1770415545.4775136,48,106,0.0,0.0,0.0,0.0,1.0,0.9999999999999999,-1.05,0.0
1770415545.4783578,48,107,0.0,0.0,0.0,0.0,1.0,0.9999999999999999,-1.05,0.0
1770415545.4795563,48,108,0.0,0.0,0.0,0.0,1.0,0.9999999999999999,-1.05,0.0
1770415545.480527,48,109,0.0,0.0,0.0,0.0,1.0,0.9999999999999999,-1.05,0.0
1770415545.4813757,48,110,0.0,0.0,0.0,0.0,1.0,0.9999999999999999,-1.05,0.0
1770415545.4828153,48,111,0.0,0.0,0.0,0.0,1.0,0.9999999999999999,-1.05,0.0
1770415545.4837801,48,112,0.0,0.0,0.0,0.0,1.0,0.9999999999999999,-1.05,0.0
1770415545.4846272,48,113,0.0,0.0,0.0,0.0,1.0,0.9999999999999999,-1.05,0.0
1770415545.4853978,48,114,0.0,0.0,0.0,0.0,1.0,0.9999999999999999,-1.05,0.0
1770415545.4862769,48,115,0.0,0.0,0.0,0.0,1.0,0.9999999999999999,-1.05,0.0
1770415545.4870567,48,116,0.0,0.0,0.0,0.0,1.0,0.9999999999999999,-1.05,0.0
1770415545.4880643,48,117,0.0,0.0,0.0,0.0,1.0,0.9999999999999999,-1.05,0.0
1770415545.4890985,48,118,0.0,0.0,0.0,0.0,1.0,0.9999999999999999,-1.05,0.0
1770415545.4901435,48,119,0.0,0.0,0.0,0.0,1.0,0.9999999999999999,-1.05,0.0
1770415545.4910622,48,120,0.0,0.0,0.0,0.0,1.0,0.9999999999999999,-1.05,0.0
1770415545.4918118,48,121,0.0,0.0,0.0,0.0,1.0,0.9999999999999999,-1.05,0.0
1770415545.4928331,48,122,0.0,0.0,0.0,0.0,1.0,0.9999999999999999,-1.05,0.0
1770415545.493729,48,123,0.0,0.0,0.0,0.0,1.0,0.9999999999999999,-1.05,0.0
1770415545.4946263,48,124,0.0,0.0,0.0,0.0,1.0,0.9999999999999999,-1.05,0.0
1770415545.4955063,48,125,0.0,0.0,0.0,0.0,1.0,0.9999999999999999,-1.05,0.0
1770415545.4963026,48,126,0.0,0.0,0.0,0.0,1.0,0.9999999999999999,-1.05,0.0
1770415545.4971397,48,127,0.0,0.0,0.0,0.0,1.0,0.9999999999999999,-1.05,0.0
1770415545.4980867,48,128,0.0,0.0,0.0,0.0,1.0,0.9999999999999999,-1.05,0.0
1770415545.5000975,48,129,0.0,0.0,0.0,0.0,1.0,0.9999999999999999,-1.05,0.0
1770415545.5011673,48,130,0.0,0.0,0.0,0.0,1.0,0.9999999999999999,-1.05,0.0
1770415545.5022128,48,131,0.0,0.0,0.0,0.0,1.0,0.9999999999999999,-1.05,0.0
1770415545.5032485,48,132,0.0,0.0,0.0,0.0,1.0,0.9999999999999999,-1.05,0.0
1770415545.5045733,48,133,0.0,0.0,0.0,0.0,1.0,0.9999999999999999,-1.05,0.0
1770415545.505727,48,134,0.0,0.0,0.0,0.0,1.0,0.9999999999999999,-1.05,0.0
1770415545.5070171,48,135,0.0,0.0,0.0,0.0,1.0,0.9999999999999999,-1.05,0.0
1770415545.5081222,48,136,0.0,0.0,0.0,0.0,1.0,0.9999999999999999,-1.05,0.0
1770415545.5093122,48,137,0.0,0.0,0.0,0.0,1.0,0.9999999999999999,-1.05,0.0
1770415545.5103288,48,138,0.0,0.0,0.0,0.0,1.0,0.9999999999999999,-1.05,0.0
1770415545.511399,48,139,0.0,0.0,0.0,0.0,1.0,0.9999999999999999,-1.05,0.0
1770415545.5122042,48,140,0.0,0.0,0.0,0.0,1.0,0.9999999999999999,-1.05,0.0
1770415545.5129921,48,141,0.0,0.0,0.0,0.0,1.0,0.9999999999999999,-1.05,0.0
1770415545.51396,48,142,0.0,0.0,0.0,0.0,1.0,0.9999999999999999,-1.05,0.0
1770415545.514982,48,143,0.0,0.0,0.0,0.0,1.0,0.9999999999999999,-1.05,0.0
1770415545.5159698,48,144,0.0,0.0,0.0,0.0,1.0,0.9999999999999999,-1.05,0.0
1770415545.5169456,48,145,0.0,0.0,0.0,0.0,1.0,0.9999999999999999,-1.05,0.0
1770415545.517894,48,146,0.0,0.0,0.0,0.0,1.0,0.9999999999999999,-1.05,0.0
1770415545.5187445,48,147,0.0,0.0,0.0,0.0,1.0,0.9999999999999999,-1.05,0.0
1770415545.5197763,48,148,0.0,0.0,0.0,0.0,1.0,0.9999999999999999,-1.05,0.0
1770415545.520754,48,149,0.0,0.0,0.0,0.0,1.0,0.9999999999999999,-1.05,0.0
1770415545.5217092,48,150,0.0,0.0,0.0,0.0,1.0,0.9999999999999999,-1.05,0.0
1770415545.5226643,48,151,0.0,0.0,0.0,0.0,1.0,0.9999999999999999,-1.05,0.0
1770415545.5235445,48,152,0.0,0.0,0.0,0.0,1.0,0.9999999999999999,-1.05,0.0
1770415545.5245533,48,153,0.0,0.0,0.0,0.0,1.0,0.9999999999999999,-1.05,0.0
1770415545.5255904,48,154,0.0,0.0,0.0,0.0,1.0,0.9999999999999999,-1.05,0.0
1770415545.5268693,48,155,0.0,0.0,0.0,0.0,1.0,0.9999999999999999,-1.05,0.0
1770415545.5280201,48,156,0.0,0.0,0.0,0.0,1.0,0.9999999999999999,-1.05,0.0
1770415545.5290723,48,157,0.0,0.0,0.0,0.0,1.0,0.9999999999999999,-1.05,0.0
1770415545.5301068,48,158,0.0,0.0,0.0,0.0,1.0,0.9999999999999999,-1.05,0.0
1770415545.5311315,48,159,0.0,0.0,0.0,0.0,1.0,0.9999999999999999,-1.05,0.0
1770415545.5321622,48,160,0.0,0.0,0.0,0.0,1.0,0.9999999999999999,-1.05,0.0
1770415545.53309,48,161,0.0,0.0,0.0,0.0,1.0,0.9999999999999999,-1.05,0.0
1770415545.5342634,48,162,0.0,0.0,0.0,0.0,1.0,0.9999999999999999,-1.05,0.0
1770415545.5353096,48,163,0.0,0.0,0.0,0.0,1.0,0.9999999999999999,-1.05,0.0
1770415545.53646,48,164,0.0,0.0,0.0,0.0,1.0,0.9999999999999999,-1.05,0.0
1770415545.5376143,48,165,0.0,0.0,0.0,0.0,1.0,0.9999999999999999,-1.05,0.0
1770415545.5387635,48,166,0.0,0.0,0.0,0.0,1.0,0.9999999999999999,-1.05,0.0
1770415545.5396383,48,167,0.0,0.0,0.0,0.0,1.0,0.9999999999999999,-1.05,0.0
1770415545.540518,48,168,0.0,0.0,0.0,0.0,1.0,0.9999999999999999,-1.05,0.0
1770415545.541674,48,169,0.0,0.0,0.0,0.0,1.0,0.9999999999999999,-1.05,0.0
1770415545.5437946,48,170,0.0,0.0,0.0,0.0,1.0,0.9999999999999999,-1.05,0.0
1770415545.5461566,48,171,0.0,0.0,0.0,0.0,1.0,0.9999999999999999,-1.05,0.0
1770415545.5482614,48,172,0.0,0.0,0.0,0.0,1.0,0.9999999999999999,-1.05,0.0
1770415545.5503235,48,173,0.0,0.0,0.0,0.0,1.0,0.9999999999999999,-1.05,0.0
1770415545.5525517,48,174,0.0,0.0,0.0,0.0,1.0,0.9999999999999999,-1.05,0.0
1770415545.5538533,48,175,0.0,0.0,0.0,0.0,1.0,0.9999999999999999,-1.05,0.0
1770415545.555044,48,176,0.0,0.0,0.0,0.0,1.0,0.9999999999999999,-1.05,0.0
1770415545.556134,48,177,0.0,0.0,0.0,0.0,1.0,0.9999999999999999,-1.05,0.0
1770415545.5572739,48,178,0.0,0.0,0.0,0.0,1.0,0.9999999999999999,-1.05,0.0
1770415545.5582583,48,179,0.0,0.0,0.0,0.0,1.0,0.9999999999999999,-1.05,0.0
1770415545.5595376,48,180,0.0,0.0,0.0,0.0,1.0,0.9999999999999999,-1.05,0.0
1770415545.5606232,48,181,0.0,0.0,0.0,0.0,1.0,0.9999999999999999,-1.05,0.0
1770415545.5615253,48,182,0.0,0.0,0.0,0.0,1.0,0.9999999999999999,-1.05,0.0
1770415545.5626314,48,183,0.0,0.0,0.0,0.0,1.0,0.9999999999999999,-1.05,0.0
1770415545.5633907,48,184,0.0,0.0,0.0,0.0,1.0,0.9999999999999999,-1.05,0.0
1770415545.564206,48,185,0.0,0.0,0.0,0.0,1.0,0.9999999999999999,-1.05,0.0
1770415545.565326,48,186,0.0,0.0,0.0,0.0,1.0,0.9999999999999999,-1.05,0.0
1770415545.5665882,48,187,0.0,0.0,0.0,0.0,1.0,0.9999999999999999,-1.05,0.0
1770415545.5678208,48,188,0.0,0.0,0.0,0.0,1.0,0.9999999999999999,-1.05,0.0
1770415545.568855,48,189,0.0,0.0,0.0,0.0,1.0,0.9999999999999999,-1.05,0.0
1770415545.570178,48,190,0.0,0.0,0.0,0.0,1.0,0.9999999999999999,-1.05,0.0
1770415545.571184,48,191,0.0,0.0,0.0,0.0,1.0,0.9999999999999999,-1.05,0.0
1770415545.572235,48,192,0.0,0.0,0.0,0.0,1.0,0.9999999999999999,-1.05,0.0
1770415545.5735114,48,193,0.0,0.0,0.0,0.0,1.0,0.9999999999999999,-1.05,0.0
1770415545.5746176,48,194,0.0,0.0,0.0,0.0,1.0,0.9999999999999999,-1.05,0.0
1770415545.5759754,48,195,0.0,0.0,0.0,0.0,1.0,0.9999999999999999,-1.05,0.0
1770415545.5769925,48,196,0.0,0.0,0.0,0.0,1.0,0.9999999999999999,-1.05,0.0
1770415545.578144,48,197,0.0,0.0,0.0,0.0,1.0,0.9999999999999999,-1.05,0.0
1770415545.5794508,48,198,0.0,0.0,0.0,0.0,1.0,0.9999999999999999,-1.05,0.0
1770415545.5803945,48,199,0.0,0.0,0.0,0.0,1.0,0.9999999999999999,-1.05,0.0
1770415545.5814953,48,200,0.0,0.0,0.0,0.0,1.0,0.9999999999999999,-1.05,0.0
1770415545.6393225,49,0,0.0,0.0,0.0,0.0,1.0,0.0,0.0,0.0
1770415545.6405175,49,1,0.0,0.0,0.0,0.0,1.0,0.9999999999999999,-0.049999999999999996,0.0
1770415545.641455,49,2,0.0,0.0,0.0,0.0,1.0,0.9999999999999999,-0.049999999999999996,0.0
1770415545.6425729,49,3,0.0,0.0,0.0,0.0,1.0,0.9999999999999999,-0.049999999999999996,0.0
1770415545.6436057,49,4,0.0,0.0,0.0,0.0,1.0,0.9999999999999999,-0.049999999999999996,0.0
1770415545.6444976,49,5,0.0,0.0,0.0,0.0,1.0,0.9999999999999999,-0.049999999999999996,0.0
1770415545.6455255,49,6,0.0,0.0,0.0,0.0,1.0,0.9999999999999999,-1.05,0.0
1770415545.6465716,49,7,0.0,0.0,0.0,0.0,1.0,0.9999999999999999,-1.05,0.0
1770415545.6474373,49,8,0.0,0.0,0.0,0.0,1.0,0.9999999999999999,-1.05,0.0
1770415545.6484063,49,9,0.0,0.0,0.0,0.0,1.0,0.9999999999999999,-1.05,0.0
1770415545.6493921,49,10,0.0,0.0,0.0,0.0,1.0,0.9999999999999999,-1.05,0.0
1770415545.6504533,49,11,0.0,0.0,0.0,0.0,1.0,0.9999999999999999,-1.05,0.0
1770415545.6515164,49,12,0.0,0.0,0.0,0.0,1.0,0.9999999999999999,-1.05,0.0
1770415545.6525295,49,13,0.0,0.0,0.0,0.0,1.0,0.9999999999999999,-1.05,0.0
1770415545.653405,49,14,0.0,0.0,0.0,0.0,1.0,0.9999999999999999,-1.05,0.0
1770415545.6543179,49,15,0.0,0.0,0.0,0.0,1.0,0.9999999999999999,-1.05,0.0
1770415545.6554353,49,16,0.0,0.0,0.0,0.0,1.0,0.9999999999999999,-1.05,0.0
1770415545.6572835,49,17,0.0,0.0,0.0,0.0,1.0,0.9999999999999999,-1.05,0.0
1770415545.6583118,49,18,0.0,0.0,0.0,0.0,1.0,0.9999999999999999,-1.05,0.0
1770415545.6593945,49,19,0.0,0.0,0.0,0.0,1.0,0.9999999999999999,-1.05,0.0
1770415545.660335,49,20,0.0,0.0,0.0,0.0,1.0,0.9999999999999999,-1.05,0.0
1770415545.662443,49,21,0.0,0.0,0.0,0.0,1.0,0.9999999999999999,-1.05,0.0
1770415545.6645124,49,22,0.0,0.0,0.0,0.0,1.0,0.9999999999999999,-1.05,0.0
1770415545.666433,49,23,0.0,0.0,0.0,0.0,1.0,0.9999999999999999,-1.05,0.0
1770415545.6683507,49,24,0.0,0.0,0.0,0.0,1.0,0.9999999999999999,-1.05,0.0
1770415545.6697543,49,25,0.0,0.0,0.0,0.0,1.0,0.9999999999999999,-1.05,0.0
1770415545.6708026,49,26,0.0,0.0,0.0,0.0,1.0,0.9999999999999999,-1.05,0.0
1770415545.6721492,49,27,0.0,0.0,0.0,0.0,1.0,0.9999999999999999,-1.05,0.0
1770415545.6730866,49,28,0.0,0.0,0.0,0.0,1.0,0.9999999999999999,-1.05,0.0
1770415545.6740701,49,29,0.0,0.0,0.0,0.0,1.0,0.9999999999999999,-1.05,0.0
1770415545.6751575,49,30,0.0,0.0,0.0,0.0,1.0,0.9999999999999999,-1.05,0.0
1770415545.6761036,49,31,0.0,0.0,0.0,0.0,1.0,0.9999999999999999,-1.05,0.0
1770415545.676946,49,32,0.0,0.0,0.0,0.0,1.0,0.9999999999999999,-1.05,0.0
1770415545.677921,49,33,0.0,0.0,0.0,0.0,1.0,0.9999999999999999,-1.05,0.0
1770415545.6788187,49,34,0.0,0.0,0.0,0.0,1.0,0.9999999999999999,-1.05,0.0
1770415545.6798308,49,35,0.0,0.0,0.0,0.0,1.0,0.9999999999999999,-1.05,0.0
1770415545.6808171,49,36,0.0,0.0,0.0,0.0,1.0,0.9999999999999999,-1.05,0.0
1770415545.6818466,49,37,0.0,0.0,0.0,0.0,1.0,0.9999999999999999,-1.05,0.0
1770415545.6829205,49,38,0.0,0.0,0.0,0.0,1.0,0.9999999999999999,-1.05,0.0
1770415545.6840277,49,39,0.0,0.0,0.0,0.0,1.0,0.9999999999999999,-1.05,0.0
1770415545.6851666,49,40,0.0,0.0,0.0,0.0,1.0,0.9999999999999999,-1.05,0.0
1770415545.6861863,49,41,0.0,0.0,0.0,0.0,1.0,0.9999999999999999,-1.05,0.0
1770415545.6872969,49,42,0.0,0.0,0.0,0.0,1.0,0.9999999999999999,-1.05,0.0
1770415545.688431,49,43,0.0,0.0,0.0,0.0,1.0,0.9999999999999999,-1.05,0.0
1770415545.6894739,49,44,0.0,0.0,0.0,0.0,1.0,0.9999999999999999,-1.05,0.0
1770415545.6903925,49,45,0.0,0.0,0.0,0.0,1.0,0.9999999999999999,-1.05,0.0
1770415545.6913922,49,46,0.0,0.0,0.0,0.0,1.0,0.9999999999999999,-1.05,0.0
1770415545.693302,49,47,0.0,0.0,0.0,0.0,1.0,0.9999999999999999,-1.05,0.0
1770415545.6951842,49,48,0.0,0.0,0.0,0.0,1.0,0.9999999999999999,-1.05,0.0
1770415545.6969166,49,49,0.0,0.0,0.0,0.0,1.0,0.9999999999999999,-1.05,0.0
1770415545.6986282,49,50,0.0,0.0,0.0,0.0,1.0,0.9999999999999999,-1.05,0.0
1770415545.7003484,49,51,0.0,0.0,0.0,0.0,1.0,0.9999999999999999,-1.05,0.0
1770415545.702188,49,52,0.0,0.0,0.0,0.0,1.0,0.9999999999999999,-1.05,0.0
1770415545.704059,49,53,0.0,0.0,0.0,0.0,1.0,0.9999999999999999,-1.05,0.0
1770415545.7055664,49,54,0.0,0.0,0.0,0.0,1.0,0.9999999999999999,-1.05,0.0
1770415545.7065191,49,55,0.0,0.0,0.0,0.0,1.0,0.9999999999999999,-1.05,0.0
1770415545.7075412,49,56,0.0,0.0,0.0,0.0,1.0,0.9999999999999999,-1.05,0.0
1770415545.7085583,49,57,0.0,0.0,0.0,0.0,1.0,0.9999999999999999,-1.05,0.0
1770415545.7095358,49,58,0.0,0.0,0.0,0.0,1.0,0.9999999999999999,-1.05,0.0
1770415545.7105303,49,59,0.0,0.0,0.0,0.0,1.0,0.9999999999999999,-1.05,0.0
1770415545.711829,49,60,0.0,0.0,0.0,0.0,1.0,0.9999999999999999,-1.05,0.0
1770415545.7129126,49,61,0.0,0.0,0.0,0.0,1.0,0.9999999999999999,-1.05,0.0
1770415545.7138786,49,62,0.0,0.0,0.0,0.0,1.0,0.9999999999999999,-1.05,0.0
1770415545.7151463,49,63,0.0,0.0,0.0,0.0,1.0,0.9999999999999999,-1.05,0.0
1770415545.7161644,49,64,0.0,0.0,0.0,0.0,1.0,0.9999999999999999,-1.05,0.0
1770415545.718121,49,65,0.0,0.0,0.0,0.0,1.0,0.9999999999999999,-1.05,0.0
1770415545.720272,49,66,0.0,0.0,0.0,0.0,1.0,0.9999999999999999,-1.05,0.0
1770415545.722164,49,67,0.0,0.0,0.0,0.0,1.0,0.9999999999999999,-1.05,0.0
1770415545.7237818,49,68,0.0,0.0,0.0,0.0,1.0,0.9999999999999999,-1.05,0.0
1770415545.7255096,49,69,0.0,0.0,0.0,0.0,1.0,0.9999999999999999,-1.05,0.0
1770415545.7273943,49,70,0.0,0.0,0.0,0.0,1.0,0.9999999999999999,-1.05,0.0
1770415545.729245,49,71,0.0,0.0,0.0,0.0,1.0,0.9999999999999999,-1.05,0.0
1770415545.7302587,49,72,0.0,0.0,0.0,0.0,1.0,0.9999999999999999,-1.05,0.0
1770415545.7314193,49,73,0.0,0.0,0.0,0.0,1.0,0.9999999999999999,-1.05,0.0
1770415545.732522,49,74,0.0,0.0,0.0,0.0,1.0,0.9999999999999999,-1.05,0.0
1770415545.7335868,49,75,0.0,0.0,0.0,0.0,1.0,0.9999999999999999,-1.05,0.0
1770415545.7353463,49,76,0.0,0.0,0.0,0.0,1.0,0.9999999999999999,-1.05,0.0
1770415545.7373672,49,77,0.0,0.0,0.0,0.0,1.0,0.9999999999999999,-1.05,0.0
1770415545.7393696,49,78,0.0,0.0,0.0,0.0,1.0,0.9999999999999999,-1.05,0.0
1770415545.7412271,49,79,0.0,0.0,0.0,0.0,1.0,0.9999999999999999,-1.05,0.0
1770415545.742392,49,80,0.0,0.0,0.0,0.0,1.0,0.9999999999999999,-1.05,0.0
1770415545.7437084,49,81,0.0,0.0,0.0,0.0,1.0,0.9999999999999999,-1.05,0.0
1770415545.7451205,49,82,0.0,0.0,0.0,0.0,1.0,0.9999999999999999,-1.05,0.0
1770415545.7463253,49,83,0.0,0.0,0.0,0.0,1.0,0.9999999999999999,-1.05,0.0
1770415545.7476714,49,84,0.0,0.0,0.0,0.0,1.0,0.9999999999999999,-1.05,0.0
1770415545.7489216,49,85,0.0,0.0,0.0,0.0,1.0,0.9999999999999999,-1.05,0.0
1770415545.7499666,49,86,0.0,0.0,0.0,0.0,1.0,0.9999999999999999,-1.05,0.0
1770415545.7509356,49,87,0.0,0.0,0.0,0.0,1.0,0.9999999999999999,-1.05,0.0
1770415545.7521222,49,88,0.0,0.0,0.0,0.0,1.0,0.9999999999999999,-1.05,0.0
1770415545.7533247,49,89,0.0,0.0,0.0,0.0,1.0,0.9999999999999999,-1.05,0.0
1770415545.7544904,49,90,0.0,0.0,0.0,0.0,1.0,0.9999999999999999,-1.05,0.0
1770415545.7555854,49,91,0.0,0.0,0.0,0.0,1.0,0.9999999999999999,-1.05,0.0
1770415545.756903,49,92,0.0,0.0,0.0,0.0,1.0,0.9999999999999999,-1.05,0.0
1770415545.757994,49,93,0.0,0.0,0.0,0.0,1.0,0.9999999999999999,-1.05,0.0
1770415545.7591696,49,94,0.0,0.0,0.0,0.0,1.0,0.9999999999999999,-1.05,0.0
1770415545.7603524,49,95,0.0,0.0,0.0,0.0,1.0,0.9999999999999999,-1.05,0.0
1770415545.761709,49,96,0.0,0.0,0.0,0.0,1.0,0.9999999999999999,-1.05,0.0
1770415545.7629018,49,97,0.0,0.0,0.0,0.0,1.0,0.9999999999999999,-1.05,0.0
1770415545.7639987,49,98,0.0,0.0,0.0,0.0,1.0,0.9999999999999999,-1.05,0.0
1770415545.7650442,49,99,0.0,0.0,0.0,0.0,1.0,0.9999999999999999,-1.05,0.0
1770415545.7660835,49,100,0.0,0.0,0.0,0.0,1.0,0.9999999999999999,-1.05,0.0
1770415545.767039,49,101,0.0,0.0,0.0,0.0,1.0,0.9999999999999999,-1.05,0.0
1770415545.7680857,49,102,0.0,0.0,0.0,0.0,1.0,0.9999999999999999,-1.05,0.0
1770415545.7690024,49,103,0.0,0.0,0.0,0.0,1.0,0.9999999999999999,-1.05,0.0
1770415545.77003,49,104,0.0,0.0,0.0,0.0,1.0,0.9999999999999999,-1.05,0.0
1770415545.7709696,49,105,0.0,0.0,0.0,0.0,1.0,0.9999999999999999,-1.05,0.0
1770415545.7719486,49,106,0.0,0.0,0.0,0.0,1.0,0.9999999999999999,-1.05,0.0
1770415545.7729566,49,107,0.0,0.0,0.0,0.0,1.0,0.9999999999999999,-1.05,0.0
1770415545.774156,49,108,0.0,0.0,0.0,0.0,1.0,0.9999999999999999,-1.05,0.0
1770415545.7751315,49,109,0.0,0.0,0.0,0.0,1.0,0.9999999999999999,-1.05,0.0
1770415545.7762065,49,110,0.0,0.0,0.0,0.0,1.0,0.9999999999999999,-1.05,0.0
1770415545.7781844,49,111,0.0,0.0,0.0,0.0,1.0,0.9999999999999999,-1.05,0.0
1770415545.77962,49,112,0.0,0.0,0.0,0.0,1.0,0.9999999999999999,-1.05,0.0
1770415545.780369,49,113,0.0,0.0,0.0,0.0,1.0,0.9999999999999999,-1.05,0.0
1770415545.7814333,49,114,0.0,0.0,0.0,0.0,1.0,0.9999999999999999,-1.05,0.0
1770415545.7824936,49,115,0.0,0.0,0.0,0.0,1.0,0.9999999999999999,-1.05,0.0
1770415545.783505,49,116,0.0,0.0,0.0,0.0,1.0,0.9999999999999999,-1.05,0.0
1770415545.7845442,49,117,0.0,0.0,0.0,0.0,1.0,0.9999999999999999,-1.05,0.0
1770415545.7857385,49,118,0.0,0.0,0.0,0.0,1.0,0.9999999999999999,-1.05,0.0
1770415545.7870169,49,119,0.0,0.0,0.0,0.0,1.0,0.9999999999999999,-1.05,0.0
1770415545.7881417,49,120,0.0,0.0,0.0,0.0,1.0,0.9999999999999999,-1.05,0.0
1770415545.7890906,49,121,0.0,0.0,0.0,0.0,1.0,0.9999999999999999,-1.05,0.0
1770415545.7903411,49,122,0.0,0.0,0.0,0.0,1.0,0.9999999999999999,-1.05,0.0
1770415545.7914512,49,123,0.0,0.0,0.0,0.0,1.0,0.9999999999999999,-1.05,0.0
1770415545.7926142,49,124,0.0,0.0,0.0,0.0,1.0,0.9999999999999999,-1.05,0.0
1770415545.7936034,49,125,0.0,0.0,0.0,0.0,1.0,0.9999999999999999,-1.05,0.0
1770415545.7946706,49,126,0.0,0.0,0.0,0.0,1.0,0.9999999999999999,-1.05,0.0
1770415545.7959397,49,127,0.0,0.0,0.0,0.0,1.0,0.9999999999999999,-1.05,0.0
1770415545.7971056,49,128,0.0,0.0,0.0,0.0,1.0,0.9999999999999999,-1.05,0.0
1770415545.7982233,49,129,0.0,0.0,0.0,0.0,1.0,0.9999999999999999,-1.05,0.0
1770415545.7995088,49,130,0.0,0.0,0.0,0.0,1.0,0.9999999999999999,-1.05,0.0
1770415545.8006191,49,131,0.0,0.0,0.0,0.0,1.0,0.9999999999999999,-1.05,0.0
1770415545.8017704,49,132,0.0,0.0,0.0,0.0,1.0,0.9999999999999999,-1.05,0.0
1770415545.8029506,49,133,0.0,0.0,0.0,0.0,1.0,0.9999999999999999,-1.05,0.0
1770415545.8041792,49,134,0.0,0.0,0.0,0.0,1.0,0.9999999999999999,-1.05,0.0
1770415545.8053079,49,135,0.0,0.0,0.0,0.0,1.0,0.9999999999999999,-1.05,0.0
1770415545.80658,49,136,0.0,0.0,0.0,0.0,1.0,0.9999999999999999,-1.05,0.0
1770415545.807615,49,137,0.0,0.0,0.0,0.0,1.0,0.9999999999999999,-1.05,0.0
1770415545.808622,49,138,0.0,0.0,0.0,0.0,1.0,0.9999999999999999,-1.05,0.0
1770415545.809648,49,139,0.0,0.0,0.0,0.0,1.0,0.9999999999999999,-1.05,0.0
1770415545.8109202,49,140,0.0,0.0,0.0,0.0,1.0,0.9999999999999999,-1.05,0.0
1770415545.8120806,49,141,0.0,0.0,0.0,0.0,1.0,0.9999999999999999,-1.05,0.0
1770415545.8132737,49,142,0.0,0.0,0.0,0.0,1.0,0.9999999999999999,-1.05,0.0
1770415545.8143408,49,143,0.0,0.0,0.0,0.0,1.0,0.9999999999999999,-1.05,0.0
1770415545.8155174,49,144,0.0,0.0,0.0,0.0,1.0,0.9999999999999999,-1.05,0.0
1770415545.816559,49,145,0.0,0.0,0.0,0.0,1.0,0.9999999999999999,-1.05,0.0
1770415545.8175163,49,146,0.0,0.0,0.0,0.0,1.0,0.9999999999999999,-1.05,0.0
1770415545.8185353,49,147,0.0,0.0,0.0,0.0,1.0,0.9999999999999999,-1.05,0.0
1770415545.8204634,49,148,0.0,0.0,0.0,0.0,1.0,0.9999999999999999,-1.05,0.0
1770415545.8222542,49,149,0.0,0.0,0.0,0.0,1.0,0.9999999999999999,-1.05,0.0
1770415545.82323,49,150,0.0,0.0,0.0,0.0,1.0,0.9999999999999999,-1.05,0.0
1770415545.824275,49,151,0.0,0.0,0.0,0.0,1.0,0.9999999999999999,-1.05,0.0
1770415545.8255272,49,152,0.0,0.0,0.0,0.0,1.0,0.9999999999999999,-1.05,0.0
1770415545.826674,49,153,0.0,0.0,0.0,0.0,1.0,0.9999999999999999,-1.05,0.0
1770415545.8276267,49,154,0.0,0.0,0.0,0.0,1.0,0.9999999999999999,-1.05,0.0
1770415545.8289092,49,155,0.0,0.0,0.0,0.0,1.0,0.9999999999999999,-1.05,0.0
1770415545.8301523,49,156,0.0,0.0,0.0,0.0,1.0,0.9999999999999999,-1.05,0.0
1770415545.831329,49,157,0.0,0.0,0.0,0.0,1.0,0.9999999999999999,-1.05,0.0
1770415545.8324873,49,158,0.0,0.0,0.0,0.0,1.0,0.9999999999999999,-1.05,0.0
1770415545.833506,49,159,0.0,0.0,0.0,0.0,1.0,0.9999999999999999,-1.05,0.0
1770415545.8343978,49,160,0.0,0.0,0.0,0.0,1.0,0.9999999999999999,-1.05,0.0
1770415545.8356345,49,161,0.0,0.0,0.0,0.0,1.0,0.9999999999999999,-1.05,0.0
1770415545.836922,49,162,0.0,0.0,0.0,0.0,1.0,0.9999999999999999,-1.05,0.0
1770415545.8381495,49,163,0.0,0.0,0.0,0.0,1.0,0.9999999999999999,-1.05,0.0
1770415545.8391192,49,164,0.0,0.0,0.0,0.0,1.0,0.9999999999999999,-1.05,0.0
1770415545.8400767,49,165,0.0,0.0,0.0,0.0,1.0,0.9999999999999999,-1.05,0.0
1770415545.8409858,49,166,0.0,0.0,0.0,0.0,1.0,0.9999999999999999,-1.05,0.0
1770415545.8416502,49,167,0.0,0.0,0.0,0.0,1.0,0.9999999999999999,-1.05,0.0
1770415545.84244,49,168,0.0,0.0,0.0,0.0,1.0,0.9999999999999999,-1.05,0.0
1770415545.843394,49,169,0.0,0.0,0.0,0.0,1.0,0.9999999999999999,-1.05,0.0
1770415545.8441546,49,170,0.0,0.0,0.0,0.0,1.0,0.9999999999999999,-1.05,0.0
1770415545.8451705,49,171,0.0,0.0,0.0,0.0,1.0,0.9999999999999999,-1.05,0.0
1770415545.8462381,49,172,0.0,0.0,0.0,0.0,1.0,0.9999999999999999,-1.05,0.0
1770415545.847188,49,173,0.0,0.0,0.0,0.0,1.0,0.9999999999999999,-1.05,0.0
1770415545.847988,49,174,0.0,0.0,0.0,0.0,1.0,0.9999999999999999,-1.05,0.0
1770415545.8490431,49,175,0.0,0.0,0.0,0.0,1.0,0.9999999999999999,-1.05,0.0
1770415545.8500688,49,176,0.0,0.0,0.0,0.0,1.0,0.9999999999999999,-1.05,0.0
1770415545.8511364,49,177,0.0,0.0,0.0,0.0,1.0,0.9999999999999999,-1.05,0.0
1770415545.851983,49,178,0.0,0.0,0.0,0.0,1.0,0.9999999999999999,-1.05,0.0
1770415545.8529363,49,179,0.0,0.0,0.0,0.0,1.0,0.9999999999999999,-1.05,0.0
1770415545.8541307,49,180,0.0,0.0,0.0,0.0,1.0,0.9999999999999999,-1.05,0.0
1770415545.8550608,49,181,0.0,0.0,0.0,0.0,1.0,0.9999999999999999,-1.05,0.0
1770415545.856058,49,182,0.0,0.0,0.0,0.0,1.0,0.9999999999999999,-1.05,0.0
1770415545.8571627,49,183,0.0,0.0,0.0,0.0,1.0,0.9999999999999999,-1.05,0.0
1770415545.8581436,49,184,0.0,0.0,0.0,0.0,1.0,0.9999999999999999,-1.05,0.0
1770415545.8594348,49,185,0.0,0.0,0.0,0.0,1.0,0.9999999999999999,-1.05,0.0
1770415545.860532,49,186,0.0,0.0,0.0,0.0,1.0,0.9999999999999999,-1.05,0.0
1770415545.861548,49,187,0.0,0.0,0.0,0.0,1.0,0.9999999999999999,-1.05,0.0
1770415545.8623838,49,188,0.0,0.0,0.0,0.0,1.0,0.9999999999999999,-1.05,0.0
1770415545.863384,49,189,0.0,0.0,0.0,0.0,1.0,0.9999999999999999,-1.05,0.0
1770415545.86469,49,190,0.0,0.0,0.0,0.0,1.0,0.9999999999999999,-1.05,0.0
1770415545.8658304,49,191,0.0,0.0,0.0,0.0,1.0,0.9999999999999999,-1.05,0.0
1770415545.8668735,49,192,0.0,0.0,0.0,0.0,1.0,0.9999999999999999,-1.05,0.0
1770415545.867768,49,193,0.0,0.0,0.0,0.0,1.0,0.9999999999999999,-1.05,0.0
1770415545.8685913,49,194,0.0,0.0,0.0,0.0,1.0,0.9999999999999999,-1.05,0.0
1770415545.8697398,49,195,0.0,0.0,0.0,0.0,1.0,0.9999999999999999,-1.05,0.0
1770415545.8707738,49,196,0.0,0.0,0.0,0.0,1.0,0.9999999999999999,-1.05,0.0
1770415545.8721147,49,197,0.0,0.0,0.0,0.0,1.0,0.9999999999999999,-1.05,0.0
1770415545.8731449,49,198,0.0,0.0,0.0,0.0,1.0,0.9999999999999999,-1.05,0.0
1770415545.8742523,49,199,0.0,0.0,0.0,0.0,1.0,0.9999999999999999,-1.05,0.0
1770415545.8753493,49,200,0.0,0.0,0.0,0.0,1.0,0.9999999999999999,-1.05,0.0
