t,thr,delay,jitter,loss,numUe,stepEnergyJ,rew,act
1769772855.3753483,0.0,0.0,0.0,0.0,1.0,0.0,0.0,2
1769772855.3789837,0.0,0.0,0.0,0.0,1.0,5.499999999999999,-0.0005499999999999999,2
1769772855.3802414,0.0,0.0,0.0,0.0,1.0,5.499999999999999,-0.0005499999999999999,2
1769772855.3824878,0.0,0.0,0.0,0.0,1.0,5.499999999999999,-0.0005499999999999999,2
1769772855.385258,0.0,0.0,0.0,0.0,1.0,5.499999999999999,-0.0005499999999999999,2
1769772855.3865988,0.0,0.0,0.0,0.0,1.0,5.499999999999999,-0.0005499999999999999,2
1769772855.387866,0.0,0.0,0.0,0.0,1.0,5.499999999999999,-0.0005499999999999999,2
1769772855.3891292,0.0,0.0,0.0,0.0,1.0,5.499999999999999,-0.0005499999999999999,2
1769772855.3932126,0.0,0.0,0.0,0.0,1.0,5.499999999999999,-0.0005499999999999999,2
1769772855.3949857,0.0,0.0,0.0,0.0,1.0,5.499999999999999,-0.0005499999999999999,2
1769772855.3964078,0.0,0.0,0.0,0.0,1.0,5.499999999999999,-0.0005499999999999999,2
1769772855.3980148,0.0,0.0,0.0,0.0,1.0,5.499999999999999,-0.0005499999999999999,2
1769772855.4001393,0.0,0.0,0.0,0.0,1.0,5.499999999999999,-0.0005499999999999999,2
1769772855.4016476,0.0,0.0,0.0,0.0,1.0,5.499999999999999,-0.0005499999999999999,2
1769772855.4026709,0.0,0.0,0.0,0.0,1.0,5.499999999999999,-0.0005499999999999999,2
1769772855.4041128,0.0,0.0,0.0,0.0,1.0,5.499999999999999,-0.0005499999999999999,2
1769772855.405397,0.0,0.0,0.0,0.0,1.0,5.499999999999999,-0.0005499999999999999,2
1769772855.4086564,0.0,0.0,0.0,0.0,1.0,5.499999999999999,-0.0005499999999999999,2
1769772855.4101627,0.0,0.0,0.0,0.0,1.0,5.499999999999999,-0.0005499999999999999,2
1769772855.4116514,0.0,0.0,0.0,0.0,1.0,5.499999999999999,-0.0005499999999999999,2
1769772855.4130247,0.0,0.0,0.0,0.0,1.0,5.499999999999999,-0.0005499999999999999,2
1769772855.4151733,0.0,0.0,0.0,0.0,1.0,5.499999999999999,-0.0005499999999999999,2
1769772855.4177523,0.0,0.0,0.0,0.0,1.0,5.499999999999999,-0.0005499999999999999,2
1769772855.4192624,0.0,0.0,0.0,0.0,1.0,5.499999999999999,-0.0005499999999999999,2
1769772855.4205742,0.0,0.0,0.0,0.0,1.0,5.499999999999999,-0.0005499999999999999,2
1769772855.423094,0.0,0.0,0.0,0.0,1.0,5.499999999999999,-0.0005499999999999999,2
1769772855.424347,0.0,0.0,0.0,0.0,1.0,5.499999999999999,-0.0005499999999999999,2
1769772855.4256504,0.0,0.0,0.0,0.0,1.0,5.499999999999999,-0.0005499999999999999,2
1769772855.4272974,0.0,0.0,0.0,0.0,1.0,5.499999999999999,-0.0005499999999999999,2
1769772855.4285626,0.0,0.0,0.0,0.0,1.0,5.499999999999999,-0.0005499999999999999,2
1769772855.4299304,0.0,0.0,0.0,0.0,1.0,5.499999999999999,-0.0005499999999999999,2
1769772855.431043,0.0,0.0,0.0,0.0,1.0,5.499999999999999,-0.0005499999999999999,2
1769772855.4320617,0.0,0.0,0.0,0.0,1.0,5.499999999999999,-0.0005499999999999999,2
1769772855.4330428,0.0,0.0,0.0,0.0,1.0,5.499999999999999,-0.0005499999999999999,2
1769772855.4340181,0.0,0.0,0.0,0.0,1.0,5.499999999999999,-0.0005499999999999999,2
1769772855.435008,0.0,0.0,0.0,0.0,1.0,5.499999999999999,-0.0005499999999999999,2
1769772855.4360812,0.0,0.0,0.0,0.0,1.0,5.499999999999999,-0.0005499999999999999,2
1769772855.4376235,0.0,0.0,0.0,0.0,1.0,5.499999999999999,-0.0005499999999999999,2
1769772855.4392662,0.0,0.0,0.0,0.0,1.0,5.499999999999999,-0.0005499999999999999,2
1769772855.4407816,0.0,0.0,0.0,0.0,1.0,5.499999999999999,-0.0005499999999999999,2
1769772855.4423537,0.0,0.0,0.0,0.0,1.0,5.499999999999999,-0.0005499999999999999,2
1769772855.443809,0.0,0.0,0.0,0.0,1.0,5.499999999999999,-0.0005499999999999999,2
1769772855.445166,0.0,0.0,0.0,0.0,1.0,5.499999999999999,-0.0005499999999999999,2
1769772855.4467876,0.0,0.0,0.0,0.0,1.0,5.499999999999999,-0.0005499999999999999,2
1769772855.448085,0.0,0.0,0.0,0.0,1.0,5.499999999999999,-0.0005499999999999999,2
1769772855.4494948,0.0,0.0,0.0,0.0,1.0,5.499999999999999,-0.0005499999999999999,2
1769772855.4515243,0.0,0.0,0.0,0.0,1.0,5.499999999999999,-0.0005499999999999999,2
1769772855.4531395,0.0,0.0,0.0,0.0,1.0,5.499999999999999,-0.0005499999999999999,2
1769772855.4546154,0.0,0.0,0.0,0.0,1.0,5.499999999999999,-0.0005499999999999999,2
1769772855.4565885,0.0,0.0,0.0,0.0,1.0,5.499999999999999,-0.0005499999999999999,2
1769772855.4585612,0.0,0.0,0.0,0.0,1.0,5.499999999999999,-0.0005499999999999999,2
1769772855.4598665,0.0,0.0,0.0,0.0,1.0,5.499999999999999,-0.0005499999999999999,2
1769772855.4610722,0.0,0.0,0.0,0.0,1.0,5.499999999999999,-0.0005499999999999999,2
1769772855.464337,0.0,0.0,0.0,0.0,1.0,5.499999999999999,-0.0005499999999999999,2
1769772855.4669442,0.0,0.0,0.0,0.0,1.0,5.499999999999999,-0.0005499999999999999,2
1769772855.4686868,0.0,0.0,0.0,0.0,1.0,5.499999999999999,-0.0005499999999999999,2
1769772855.4697537,0.0,0.0,0.0,0.0,1.0,5.499999999999999,-0.0005499999999999999,2
1769772855.471047,0.0,0.0,0.0,0.0,1.0,5.499999999999999,-0.0005499999999999999,2
1769772855.47203,0.0,0.0,0.0,0.0,1.0,5.499999999999999,-0.0005499999999999999,2
1769772855.4729779,0.0,0.0,0.0,0.0,1.0,5.499999999999999,-0.0005499999999999999,2
1769772855.4739618,0.0,0.0,0.0,0.0,1.0,5.499999999999999,-0.0005499999999999999,2
1769772855.4751232,0.0,0.0,0.0,0.0,1.0,5.499999999999999,-0.0005499999999999999,2
1769772855.4760442,0.0,0.0,0.0,0.0,1.0,5.499999999999999,-0.0005499999999999999,2
1769772855.476979,0.0,0.0,0.0,0.0,1.0,5.499999999999999,-0.0005499999999999999,2
1769772855.477942,0.0,0.0,0.0,0.0,1.0,5.499999999999999,-0.0005499999999999999,2
1769772855.4789708,0.0,0.0,0.0,0.0,1.0,5.499999999999999,-0.0005499999999999999,2
1769772855.4799402,0.0,0.0,0.0,0.0,1.0,5.499999999999999,-0.0005499999999999999,2
1769772855.4813852,0.0,0.0,0.0,0.0,1.0,5.499999999999999,-0.0005499999999999999,2
1769772855.4830828,0.0,0.0,0.0,0.0,1.0,5.499999999999999,-0.0005499999999999999,2
1769772855.4843812,0.0,0.0,0.0,0.0,1.0,5.499999999999999,-0.0005499999999999999,2
1769772855.485443,0.0,0.0,0.0,0.0,1.0,5.499999999999999,-0.0005499999999999999,2
1769772855.4867868,0.0,0.0,0.0,0.0,1.0,5.499999999999999,-0.0005499999999999999,2
1769772855.4879646,0.0,0.0,0.0,0.0,1.0,5.499999999999999,-0.0005499999999999999,2
1769772855.4889524,0.0,0.0,0.0,0.0,1.0,5.499999999999999,-0.0005499999999999999,2
1769772855.4898772,0.0,0.0,0.0,0.0,1.0,5.499999999999999,-0.0005499999999999999,2
1769772855.4909692,0.0,0.0,0.0,0.0,1.0,5.499999999999999,-0.0005499999999999999,2
1769772855.4918673,0.0,0.0,0.0,0.0,1.0,5.499999999999999,-0.0005499999999999999,2
1769772855.4927788,0.0,0.0,0.0,0.0,1.0,5.499999999999999,-0.0005499999999999999,2
1769772855.4941156,0.0,0.0,0.0,0.0,1.0,5.499999999999999,-0.0005499999999999999,2
1769772855.4954011,0.0,0.0,0.0,0.0,1.0,5.499999999999999,-0.0005499999999999999,2
1769772855.4966676,0.0,0.0,0.0,0.0,1.0,5.499999999999999,-0.0005499999999999999,2
1769772855.4976768,0.0,0.0,0.0,0.0,1.0,5.499999999999999,-0.0005499999999999999,2
1769772855.498688,0.0,0.0,0.0,0.0,1.0,5.499999999999999,-0.0005499999999999999,2
1769772855.4996424,0.0,0.0,0.0,0.0,1.0,5.499999999999999,-0.0005499999999999999,2
1769772855.5005994,0.0,0.0,0.0,0.0,1.0,5.499999999999999,-0.0005499999999999999,2
1769772855.501559,0.0,0.0,0.0,0.0,1.0,5.499999999999999,-0.0005499999999999999,2
1769772855.5032957,0.0,0.0,0.0,0.0,1.0,5.499999999999999,-0.0005499999999999999,2
1769772855.50446,0.0,0.0,0.0,0.0,1.0,5.499999999999999,-0.0005499999999999999,2
1769772855.5054193,0.0,0.0,0.0,0.0,1.0,5.499999999999999,-0.0005499999999999999,2
1769772855.5063553,0.0,0.0,0.0,0.0,1.0,5.499999999999999,-0.0005499999999999999,2
1769772855.5072849,0.0,0.0,0.0,0.0,1.0,5.499999999999999,-0.0005499999999999999,2
1769772855.508276,0.0,0.0,0.0,0.0,1.0,5.499999999999999,-0.0005499999999999999,2
1769772855.5092247,0.0,0.0,0.0,0.0,1.0,5.499999999999999,-0.0005499999999999999,2
1769772855.5102632,0.0,0.0,0.0,0.0,1.0,5.499999999999999,-0.0005499999999999999,2
1769772855.5114946,0.0,0.0,0.0,0.0,1.0,5.499999999999999,-0.0005499999999999999,2
1769772855.5128129,0.0,0.0,0.0,0.0,1.0,5.499999999999999,-0.0005499999999999999,2
1769772855.514055,0.0,0.0,0.0,0.0,1.0,5.499999999999999,-0.0005499999999999999,2
1769772855.5152736,0.0,0.0,0.0,0.0,1.0,5.499999999999999,-0.0005499999999999999,2
1769772855.5165231,0.0,0.0,0.0,0.0,1.0,5.499999999999999,-0.0005499999999999999,2
1769772855.51776,0.0,0.0,0.0,0.0,1.0,5.499999999999999,-0.0005499999999999999,2
1769772855.519054,0.0,0.0,0.0,0.0,1.0,5.499999999999999,-0.0005499999999999999,2
1769772855.5202355,0.0,0.0,0.0,0.0,1.0,5.499999999999999,-0.0005499999999999999,2
1769772855.5213854,0.0,0.0,0.0,0.0,1.0,5.499999999999999,-0.0005499999999999999,2
1769772855.5224392,0.0,0.0,0.0,0.0,1.0,5.499999999999999,-0.0005499999999999999,2
1769772855.5233378,0.0,0.0,0.0,0.0,1.0,5.499999999999999,-0.0005499999999999999,2
1769772855.5242858,0.0,0.0,0.0,0.0,1.0,5.499999999999999,-0.0005499999999999999,2
1769772855.52521,0.0,0.0,0.0,0.0,1.0,5.499999999999999,-0.0005499999999999999,2
1769772855.5262923,0.0,0.0,0.0,0.0,1.0,5.499999999999999,-0.0005499999999999999,2
1769772855.5274458,0.0,0.0,0.0,0.0,1.0,5.499999999999999,-0.0005499999999999999,2
1769772855.528525,0.0,0.0,0.0,0.0,1.0,5.499999999999999,-0.0005499999999999999,2
1769772855.5294652,0.0,0.0,0.0,0.0,1.0,5.499999999999999,-0.0005499999999999999,2
1769772855.5304286,0.0,0.0,0.0,0.0,1.0,5.499999999999999,-0.0005499999999999999,2
1769772855.5313668,0.0,0.0,0.0,0.0,1.0,5.499999999999999,-0.0005499999999999999,2
1769772855.5322657,0.0,0.0,0.0,0.0,1.0,5.499999999999999,-0.0005499999999999999,2
1769772855.5332127,0.0,0.0,0.0,0.0,1.0,5.499999999999999,-0.0005499999999999999,2
1769772855.5342705,0.0,0.0,0.0,0.0,1.0,5.499999999999999,-0.0005499999999999999,2
1769772855.5353222,0.0,0.0,0.0,0.0,1.0,5.499999999999999,-0.0005499999999999999,2
1769772855.536275,0.0,0.0,0.0,0.0,1.0,5.499999999999999,-0.0005499999999999999,2
1769772855.5372167,0.0,0.0,0.0,0.0,1.0,5.499999999999999,-0.0005499999999999999,2
1769772855.5382004,0.0,0.0,0.0,0.0,1.0,5.499999999999999,-0.0005499999999999999,2
1769772855.5391107,0.0,0.0,0.0,0.0,1.0,5.499999999999999,-0.0005499999999999999,2
1769772855.5400093,0.0,0.0,0.0,0.0,1.0,5.499999999999999,-0.0005499999999999999,2
1769772855.540887,0.0,0.0,0.0,0.0,1.0,5.499999999999999,-0.0005499999999999999,2
1769772855.5428534,0.0,0.0,0.0,0.0,1.0,5.499999999999999,-0.0005499999999999999,2
1769772855.544183,0.0,0.0,0.0,0.0,1.0,5.499999999999999,-0.0005499999999999999,2
1769772855.5453818,0.0,0.0,0.0,0.0,1.0,5.499999999999999,-0.0005499999999999999,2
1769772855.5466473,0.0,0.0,0.0,0.0,1.0,5.499999999999999,-0.0005499999999999999,2
1769772855.5478997,0.0,0.0,0.0,0.0,1.0,5.499999999999999,-0.0005499999999999999,2
1769772855.5491567,0.0,0.0,0.0,0.0,1.0,5.499999999999999,-0.0005499999999999999,2
1769772855.5505302,0.0,0.0,0.0,0.0,1.0,5.499999999999999,-0.0005499999999999999,2
1769772855.5518959,0.0,0.0,0.0,0.0,1.0,5.499999999999999,-0.0005499999999999999,2
1769772855.5528533,0.0,0.0,0.0,0.0,1.0,5.499999999999999,-0.0005499999999999999,2
1769772855.553836,0.0,0.0,0.0,0.0,1.0,5.499999999999999,-0.0005499999999999999,2
1769772855.5548308,0.0,0.0,0.0,0.0,1.0,5.499999999999999,-0.0005499999999999999,2
1769772855.5557866,0.0,0.0,0.0,0.0,1.0,5.499999999999999,-0.0005499999999999999,2
1769772855.5572224,0.0,0.0,0.0,0.0,1.0,5.499999999999999,-0.0005499999999999999,2
1769772855.5593321,0.0,0.0,0.0,0.0,1.0,5.499999999999999,-0.0005499999999999999,2
1769772855.5611007,0.0,0.0,0.0,0.0,1.0,5.499999999999999,-0.0005499999999999999,2
1769772855.5621488,0.0,0.0,0.0,0.0,1.0,5.499999999999999,-0.0005499999999999999,2
1769772855.563123,0.0,0.0,0.0,0.0,1.0,5.499999999999999,-0.0005499999999999999,2
1769772855.5640619,0.0,0.0,0.0,0.0,1.0,5.499999999999999,-0.0005499999999999999,2
1769772855.565029,0.0,0.0,0.0,0.0,1.0,5.499999999999999,-0.0005499999999999999,2
1769772855.5660481,0.0,0.0,0.0,0.0,1.0,5.499999999999999,-0.0005499999999999999,2
1769772855.5670218,0.0,0.0,0.0,0.0,1.0,5.499999999999999,-0.0005499999999999999,2
1769772855.5680456,0.0,0.0,0.0,0.0,1.0,5.499999999999999,-0.0005499999999999999,2
1769772855.5690103,0.0,0.0,0.0,0.0,1.0,5.499999999999999,-0.0005499999999999999,2
1769772855.569988,0.0,0.0,0.0,0.0,1.0,5.499999999999999,-0.0005499999999999999,2
1769772855.5709207,0.0,0.0,0.0,0.0,1.0,5.499999999999999,-0.0005499999999999999,2
1769772855.5724518,0.0,0.0,0.0,0.0,1.0,5.499999999999999,-0.0005499999999999999,2
1769772855.5738668,0.0,0.0,0.0,0.0,1.0,5.499999999999999,-0.0005499999999999999,2
1769772855.5752552,0.0,0.0,0.0,0.0,1.0,5.499999999999999,-0.0005499999999999999,2
1769772855.5765471,0.0,0.0,0.0,0.0,1.0,5.499999999999999,-0.0005499999999999999,2
1769772855.5777051,0.0,0.0,0.0,0.0,1.0,5.499999999999999,-0.0005499999999999999,2
1769772855.578872,0.0,0.0,0.0,0.0,1.0,5.499999999999999,-0.0005499999999999999,2
1769772855.580042,0.0,0.0,0.0,0.0,1.0,5.499999999999999,-0.0005499999999999999,2
1769772855.5812023,0.0,0.0,0.0,0.0,1.0,5.499999999999999,-0.0005499999999999999,2
1769772855.582315,0.0,0.0,0.0,0.0,1.0,5.499999999999999,-0.0005499999999999999,2
1769772855.583275,0.0,0.0,0.0,0.0,1.0,5.499999999999999,-0.0005499999999999999,2
1769772855.5842168,0.0,0.0,0.0,0.0,1.0,5.499999999999999,-0.0005499999999999999,2
1769772855.5853367,0.0,0.0,0.0,0.0,1.0,5.499999999999999,-0.0005499999999999999,2
1769772855.5869684,0.0,0.0,0.0,0.0,1.0,5.499999999999999,-0.0005499999999999999,2
1769772855.5884347,0.0,0.0,0.0,0.0,1.0,5.499999999999999,-0.0005499999999999999,2
1769772855.58946,0.0,0.0,0.0,0.0,1.0,5.499999999999999,-0.0005499999999999999,2
1769772855.5905588,0.0,0.0,0.0,0.0,1.0,5.499999999999999,-0.0005499999999999999,2
1769772855.591533,0.0,0.0,0.0,0.0,1.0,5.499999999999999,-0.0005499999999999999,2
1769772855.5924737,0.0,0.0,0.0,0.0,1.0,5.499999999999999,-0.0005499999999999999,2
1769772855.5934014,0.0,0.0,0.0,0.0,1.0,5.499999999999999,-0.0005499999999999999,2
1769772855.594371,0.0,0.0,0.0,0.0,1.0,5.499999999999999,-0.0005499999999999999,2
1769772855.5953197,0.0,0.0,0.0,0.0,1.0,5.499999999999999,-0.0005499999999999999,2
1769772855.5963163,0.0,0.0,0.0,0.0,1.0,5.499999999999999,-0.0005499999999999999,2
1769772855.5972588,0.0,0.0,0.0,0.0,1.0,5.499999999999999,-0.0005499999999999999,2
1769772855.5982974,0.0,0.0,0.0,0.0,1.0,5.499999999999999,-0.0005499999999999999,2
1769772855.599253,0.0,0.0,0.0,0.0,1.0,5.499999999999999,-0.0005499999999999999,2
1769772855.600439,0.0,0.0,0.0,0.0,1.0,5.499999999999999,-0.0005499999999999999,2
1769772855.6014252,0.0,0.0,0.0,0.0,1.0,5.499999999999999,-0.0005499999999999999,2
1769772855.6025743,0.0,0.0,0.0,0.0,1.0,5.499999999999999,-0.0005499999999999999,2
1769772855.6039565,0.0,0.0,0.0,0.0,1.0,5.499999999999999,-0.0005499999999999999,2
1769772855.605285,0.0,0.0,0.0,0.0,1.0,5.499999999999999,-0.0005499999999999999,2
1769772855.6066992,0.0,0.0,0.0,0.0,1.0,5.499999999999999,-0.0005499999999999999,2
1769772855.608036,0.0,0.0,0.0,0.0,1.0,5.499999999999999,-0.0005499999999999999,2
1769772855.6094108,0.0,0.0,0.0,0.0,1.0,5.499999999999999,-0.0005499999999999999,2
1769772855.6107476,0.0,0.0,0.0,0.0,1.0,5.499999999999999,-0.0005499999999999999,2
1769772855.6120005,0.0,0.0,0.0,0.0,1.0,5.499999999999999,-0.0005499999999999999,2
1769772855.6132414,0.0,0.0,0.0,0.0,1.0,5.499999999999999,-0.0005499999999999999,2
1769772855.6145205,0.0,0.0,0.0,0.0,1.0,5.499999999999999,-0.0005499999999999999,2
1769772855.615864,0.0,0.0,0.0,0.0,1.0,5.499999999999999,-0.0005499999999999999,2
1769772855.61748,0.0,0.0,0.0,0.0,1.0,5.499999999999999,-0.0005499999999999999,2
1769772855.6191185,0.0,0.0,0.0,0.0,1.0,5.499999999999999,-0.0005499999999999999,2
1769772855.6202996,0.0,0.0,0.0,0.0,1.0,5.499999999999999,-0.0005499999999999999,2
1769772855.621495,0.0,0.0,0.0,0.0,1.0,5.499999999999999,-0.0005499999999999999,2
1769772855.6227818,0.0,0.0,0.0,0.0,1.0,5.499999999999999,-0.0005499999999999999,2
1769772855.6241717,0.0,0.0,0.0,0.0,1.0,5.499999999999999,-0.0005499999999999999,2
1769772855.6254556,0.0,0.0,0.0,0.0,1.0,5.499999999999999,-0.0005499999999999999,2
1769772855.6268005,0.0,0.0,0.0,0.0,1.0,5.499999999999999,-0.0005499999999999999,2
1769772855.6278698,0.0,0.0,0.0,0.0,1.0,5.499999999999999,-0.0005499999999999999,2
1769772855.6287823,0.0,0.0,0.0,0.0,1.0,5.499999999999999,-0.0005499999999999999,2
1769772855.6296835,0.0,0.0,0.0,0.0,1.0,5.499999999999999,-0.0005499999999999999,2
1769772855.6306188,0.0,0.0,0.0,0.0,1.0,5.499999999999999,-0.0005499999999999999,2
1769772855.631543,0.0,0.0,0.0,0.0,1.0,5.499999999999999,-0.0005499999999999999,2
1769772855.6334157,0.0,0.0,0.0,0.0,1.0,5.499999999999999,-0.0005499999999999999,2
1769772855.6348467,0.0,0.0,0.0,0.0,1.0,5.499999999999999,-0.0005499999999999999,2
1769772855.7139173,0.0,0.0,0.0,0.0,1.0,0.0,0.0,2
1769772855.7168875,0.0,0.0,0.0,0.0,1.0,5.499999999999999,-0.0005499999999999999,2
1769772855.7185068,0.0,0.0,0.0,0.0,1.0,5.499999999999999,-0.0005499999999999999,2
1769772855.7197251,0.0,0.0,0.0,0.0,1.0,5.499999999999999,-0.0005499999999999999,2
1769772855.7214496,0.0,0.0,0.0,0.0,1.0,5.499999999999999,-0.0005499999999999999,2
1769772855.7246478,0.0,0.0,0.0,0.0,1.0,5.499999999999999,-0.0005499999999999999,2
1769772855.7260396,0.0,0.0,0.0,0.0,1.0,5.499999999999999,-0.0005499999999999999,2
1769772855.7270312,0.0,0.0,0.0,0.0,1.0,5.499999999999999,-0.0005499999999999999,2
1769772855.7279756,0.0,0.0,0.0,0.0,1.0,5.499999999999999,-0.0005499999999999999,2
1769772855.7300723,0.0,0.0,0.0,0.0,1.0,5.499999999999999,-0.0005499999999999999,2
1769772855.7314816,0.0,0.0,0.0,0.0,1.0,5.499999999999999,-0.0005499999999999999,2
1769772855.732533,0.0,0.0,0.0,0.0,1.0,5.499999999999999,-0.0005499999999999999,2
1769772855.7336376,0.0,0.0,0.0,0.0,1.0,5.499999999999999,-0.0005499999999999999,2
1769772855.7347555,0.0,0.0,0.0,0.0,1.0,5.499999999999999,-0.0005499999999999999,2
1769772855.735896,0.0,0.0,0.0,0.0,1.0,5.499999999999999,-0.0005499999999999999,2
1769772855.7370641,0.0,0.0,0.0,0.0,1.0,5.499999999999999,-0.0005499999999999999,2
1769772855.7396517,0.0,0.0,0.0,0.0,1.0,5.499999999999999,-0.0005499999999999999,2
1769772855.7407334,0.0,0.0,0.0,0.0,1.0,5.499999999999999,-0.0005499999999999999,2
1769772855.7417727,0.0,0.0,0.0,0.0,1.0,5.499999999999999,-0.0005499999999999999,2
1769772855.7430754,0.0,0.0,0.0,0.0,1.0,5.499999999999999,-0.0005499999999999999,2
1769772855.7442992,0.0,0.0,0.0,0.0,1.0,5.499999999999999,-0.0005499999999999999,2
1769772855.7457738,0.0,0.0,0.0,0.0,1.0,5.499999999999999,-0.0005499999999999999,2
1769772855.7478762,0.0,0.0,0.0,0.0,1.0,5.499999999999999,-0.0005499999999999999,2
1769772855.7489233,0.0,0.0,0.0,0.0,1.0,5.499999999999999,-0.0005499999999999999,2
1769772855.749931,0.0,0.0,0.0,0.0,1.0,5.499999999999999,-0.0005499999999999999,2
1769772855.7508962,0.0,0.0,0.0,0.0,1.0,5.499999999999999,-0.0005499999999999999,2
1769772855.7518299,0.0,0.0,0.0,0.0,1.0,5.499999999999999,-0.0005499999999999999,2
1769772855.7532053,0.0,0.0,0.0,0.0,1.0,5.499999999999999,-0.0005499999999999999,2
1769772855.7546105,0.0,0.0,0.0,0.0,1.0,5.499999999999999,-0.0005499999999999999,2
1769772855.7557971,0.0,0.0,0.0,0.0,1.0,5.499999999999999,-0.0005499999999999999,2
1769772855.7567945,0.0,0.0,0.0,0.0,1.0,5.499999999999999,-0.0005499999999999999,2
1769772855.758117,0.0,0.0,0.0,0.0,1.0,5.499999999999999,-0.0005499999999999999,2
1769772855.7595694,0.0,0.0,0.0,0.0,1.0,5.499999999999999,-0.0005499999999999999,2
1769772855.761148,0.0,0.0,0.0,0.0,1.0,5.499999999999999,-0.0005499999999999999,2
1769772855.7625089,0.0,0.0,0.0,0.0,1.0,5.499999999999999,-0.0005499999999999999,2
1769772855.76378,0.0,0.0,0.0,0.0,1.0,5.499999999999999,-0.0005499999999999999,2
1769772855.764801,0.0,0.0,0.0,0.0,1.0,5.499999999999999,-0.0005499999999999999,2
1769772855.7660577,0.0,0.0,0.0,0.0,1.0,5.499999999999999,-0.0005499999999999999,2
1769772855.7671309,0.0,0.0,0.0,0.0,1.0,5.499999999999999,-0.0005499999999999999,2
1769772855.768522,0.0,0.0,0.0,0.0,1.0,5.499999999999999,-0.0005499999999999999,2
1769772855.7700524,0.0,0.0,0.0,0.0,1.0,5.499999999999999,-0.0005499999999999999,2
1769772855.7714524,0.0,0.0,0.0,0.0,1.0,5.499999999999999,-0.0005499999999999999,2
1769772855.7731533,0.0,0.0,0.0,0.0,1.0,5.499999999999999,-0.0005499999999999999,2
1769772855.7750902,0.0,0.0,0.0,0.0,1.0,5.499999999999999,-0.0005499999999999999,2
1769772855.7768497,0.0,0.0,0.0,0.0,1.0,5.499999999999999,-0.0005499999999999999,2
1769772855.7781317,0.0,0.0,0.0,0.0,1.0,5.499999999999999,-0.0005499999999999999,2
1769772855.7792296,0.0,0.0,0.0,0.0,1.0,5.499999999999999,-0.0005499999999999999,2
1769772855.7803197,0.0,0.0,0.0,0.0,1.0,5.499999999999999,-0.0005499999999999999,2
1769772855.7813385,0.0,0.0,0.0,0.0,1.0,5.499999999999999,-0.0005499999999999999,2
1769772855.7824976,0.0,0.0,0.0,0.0,1.0,5.499999999999999,-0.0005499999999999999,2
1769772855.783737,0.0,0.0,0.0,0.0,1.0,5.499999999999999,-0.0005499999999999999,2
1769772855.7849302,0.0,0.0,0.0,0.0,1.0,5.499999999999999,-0.0005499999999999999,2
1769772855.7864256,0.0,0.0,0.0,0.0,1.0,5.499999999999999,-0.0005499999999999999,2
1769772855.7874432,0.0,0.0,0.0,0.0,1.0,5.499999999999999,-0.0005499999999999999,2
1769772855.7884974,0.0,0.0,0.0,0.0,1.0,5.499999999999999,-0.0005499999999999999,2
1769772855.7895184,0.0,0.0,0.0,0.0,1.0,5.499999999999999,-0.0005499999999999999,2
1769772855.790594,0.0,0.0,0.0,0.0,1.0,5.499999999999999,-0.0005499999999999999,2
1769772855.791604,0.0,0.0,0.0,0.0,1.0,5.499999999999999,-0.0005499999999999999,2
1769772855.7926166,0.0,0.0,0.0,0.0,1.0,5.499999999999999,-0.0005499999999999999,2
1769772855.7937162,0.0,0.0,0.0,0.0,1.0,5.499999999999999,-0.0005499999999999999,2
1769772855.7947257,0.0,0.0,0.0,0.0,1.0,5.499999999999999,-0.0005499999999999999,2
1769772855.795695,0.0,0.0,0.0,0.0,1.0,5.499999999999999,-0.0005499999999999999,2
1769772855.7966375,0.0,0.0,0.0,0.0,1.0,5.499999999999999,-0.0005499999999999999,2
1769772855.7983768,0.0,0.0,0.0,0.0,1.0,5.499999999999999,-0.0005499999999999999,2
1769772855.7999263,0.0,0.0,0.0,0.0,1.0,5.499999999999999,-0.0005499999999999999,2
1769772855.800934,0.0,0.0,0.0,0.0,1.0,5.499999999999999,-0.0005499999999999999,2
1769772855.8021405,0.0,0.0,0.0,0.0,1.0,5.499999999999999,-0.0005499999999999999,2
1769772855.803268,0.0,0.0,0.0,0.0,1.0,5.499999999999999,-0.0005499999999999999,2
1769772855.8042958,0.0,0.0,0.0,0.0,1.0,5.499999999999999,-0.0005499999999999999,2
1769772855.8055341,0.0,0.0,0.0,0.0,1.0,5.499999999999999,-0.0005499999999999999,2
1769772855.8066928,0.0,0.0,0.0,0.0,1.0,5.499999999999999,-0.0005499999999999999,2
1769772855.8076596,0.0,0.0,0.0,0.0,1.0,5.499999999999999,-0.0005499999999999999,2
1769772855.8086474,0.0,0.0,0.0,0.0,1.0,5.499999999999999,-0.0005499999999999999,2
1769772855.8097227,0.0,0.0,0.0,0.0,1.0,5.499999999999999,-0.0005499999999999999,2
1769772855.8110254,0.0,0.0,0.0,0.0,1.0,5.499999999999999,-0.0005499999999999999,2
1769772855.8119907,0.0,0.0,0.0,0.0,1.0,5.499999999999999,-0.0005499999999999999,2
1769772855.8140619,0.0,0.0,0.0,0.0,1.0,5.499999999999999,-0.0005499999999999999,2
1769772855.8157873,0.0,0.0,0.0,0.0,1.0,5.499999999999999,-0.0005499999999999999,2
1769772855.817813,0.0,0.0,0.0,0.0,1.0,5.499999999999999,-0.0005499999999999999,2
1769772855.8191986,0.0,0.0,0.0,0.0,1.0,5.499999999999999,-0.0005499999999999999,2
1769772855.820481,0.0,0.0,0.0,0.0,1.0,5.499999999999999,-0.0005499999999999999,2
1769772855.8218155,0.0,0.0,0.0,0.0,1.0,5.499999999999999,-0.0005499999999999999,2
1769772855.823185,0.0,0.0,0.0,0.0,1.0,5.499999999999999,-0.0005499999999999999,2
1769772855.8241348,0.0,0.0,0.0,0.0,1.0,5.499999999999999,-0.0005499999999999999,2
1769772855.825061,0.0,0.0,0.0,0.0,1.0,5.499999999999999,-0.0005499999999999999,2
1769772855.826118,0.0,0.0,0.0,0.0,1.0,5.499999999999999,-0.0005499999999999999,2
1769772855.8279216,0.0,0.0,0.0,0.0,1.0,5.499999999999999,-0.0005499999999999999,2
1769772855.8290374,0.0,0.0,0.0,0.0,1.0,5.499999999999999,-0.0005499999999999999,2
1769772855.8300722,0.0,0.0,0.0,0.0,1.0,5.499999999999999,-0.0005499999999999999,2
1769772855.8310094,0.0,0.0,0.0,0.0,1.0,5.499999999999999,-0.0005499999999999999,2
1769772855.8319376,0.0,0.0,0.0,0.0,1.0,5.499999999999999,-0.0005499999999999999,2
1769772855.8328784,0.0,0.0,0.0,0.0,1.0,5.499999999999999,-0.0005499999999999999,2
1769772855.8338902,0.0,0.0,0.0,0.0,1.0,5.499999999999999,-0.0005499999999999999,2
1769772855.835186,0.0,0.0,0.0,0.0,1.0,5.499999999999999,-0.0005499999999999999,2
1769772855.8361769,0.0,0.0,0.0,0.0,1.0,5.499999999999999,-0.0005499999999999999,2
1769772855.8371196,0.0,0.0,0.0,0.0,1.0,5.499999999999999,-0.0005499999999999999,2
1769772855.8382087,0.0,0.0,0.0,0.0,1.0,5.499999999999999,-0.0005499999999999999,2
1769772855.839389,0.0,0.0,0.0,0.0,1.0,5.499999999999999,-0.0005499999999999999,2
1769772855.8403378,0.0,0.0,0.0,0.0,1.0,5.499999999999999,-0.0005499999999999999,2
1769772855.841297,0.0,0.0,0.0,0.0,1.0,5.499999999999999,-0.0005499999999999999,2
1769772855.8424485,0.0,0.0,0.0,0.0,1.0,5.499999999999999,-0.0005499999999999999,2
1769772855.8438668,0.0,0.0,0.0,0.0,1.0,5.499999999999999,-0.0005499999999999999,2
1769772855.8450813,0.0,0.0,0.0,0.0,1.0,5.499999999999999,-0.0005499999999999999,2
1769772855.8464897,0.0,0.0,0.0,0.0,1.0,5.499999999999999,-0.0005499999999999999,2
1769772855.847738,0.0,0.0,0.0,0.0,1.0,5.499999999999999,-0.0005499999999999999,2
1769772855.8492448,0.0,0.0,0.0,0.0,1.0,5.499999999999999,-0.0005499999999999999,2
1769772855.8507788,0.0,0.0,0.0,0.0,1.0,5.499999999999999,-0.0005499999999999999,2
1769772855.8523104,0.0,0.0,0.0,0.0,1.0,5.499999999999999,-0.0005499999999999999,2
1769772855.8535202,0.0,0.0,0.0,0.0,1.0,5.499999999999999,-0.0005499999999999999,2
1769772855.855295,0.0,0.0,0.0,0.0,1.0,5.499999999999999,-0.0005499999999999999,2
1769772855.8565571,0.0,0.0,0.0,0.0,1.0,5.499999999999999,-0.0005499999999999999,2
1769772855.859404,0.0,0.0,0.0,0.0,1.0,5.499999999999999,-0.0005499999999999999,2
1769772855.8607225,0.0,0.0,0.0,0.0,1.0,5.499999999999999,-0.0005499999999999999,2
1769772855.86187,0.0,0.0,0.0,0.0,1.0,5.499999999999999,-0.0005499999999999999,2
1769772855.8629756,0.0,0.0,0.0,0.0,1.0,5.499999999999999,-0.0005499999999999999,2
1769772855.86407,0.0,0.0,0.0,0.0,1.0,5.499999999999999,-0.0005499999999999999,2
1769772855.865179,0.0,0.0,0.0,0.0,1.0,5.499999999999999,-0.0005499999999999999,2
1769772855.8662827,0.0,0.0,0.0,0.0,1.0,5.499999999999999,-0.0005499999999999999,2
1769772855.8672686,0.0,0.0,0.0,0.0,1.0,5.499999999999999,-0.0005499999999999999,2
1769772855.8681917,0.0,0.0,0.0,0.0,1.0,5.499999999999999,-0.0005499999999999999,2
1769772855.8691208,0.0,0.0,0.0,0.0,1.0,5.499999999999999,-0.0005499999999999999,2
1769772855.870278,0.0,0.0,0.0,0.0,1.0,5.499999999999999,-0.0005499999999999999,2
1769772855.8714414,0.0,0.0,0.0,0.0,1.0,5.499999999999999,-0.0005499999999999999,2
1769772855.8725455,0.0,0.0,0.0,0.0,1.0,5.499999999999999,-0.0005499999999999999,2
1769772855.8744018,0.0,0.0,0.0,0.0,1.0,5.499999999999999,-0.0005499999999999999,2
1769772855.8757348,0.0,0.0,0.0,0.0,1.0,5.499999999999999,-0.0005499999999999999,2
1769772855.8770382,0.0,0.0,0.0,0.0,1.0,5.499999999999999,-0.0005499999999999999,2
1769772855.8784983,0.0,0.0,0.0,0.0,1.0,5.499999999999999,-0.0005499999999999999,2
1769772855.8798246,0.0,0.0,0.0,0.0,1.0,5.499999999999999,-0.0005499999999999999,2
1769772855.8811102,0.0,0.0,0.0,0.0,1.0,5.499999999999999,-0.0005499999999999999,2
1769772855.8826735,0.0,0.0,0.0,0.0,1.0,5.499999999999999,-0.0005499999999999999,2
1769772855.883767,0.0,0.0,0.0,0.0,1.0,5.499999999999999,-0.0005499999999999999,2
1769772855.8847415,0.0,0.0,0.0,0.0,1.0,5.499999999999999,-0.0005499999999999999,2
1769772855.8857574,0.0,0.0,0.0,0.0,1.0,5.499999999999999,-0.0005499999999999999,2
1769772855.8867555,0.0,0.0,0.0,0.0,1.0,5.499999999999999,-0.0005499999999999999,2
1769772855.8881745,0.0,0.0,0.0,0.0,1.0,5.499999999999999,-0.0005499999999999999,2
1769772855.8897035,0.0,0.0,0.0,0.0,1.0,5.499999999999999,-0.0005499999999999999,2
1769772855.8916073,0.0,0.0,0.0,0.0,1.0,5.499999999999999,-0.0005499999999999999,2
1769772855.8931384,0.0,0.0,0.0,0.0,1.0,5.499999999999999,-0.0005499999999999999,2
1769772855.8946571,0.0,0.0,0.0,0.0,1.0,5.499999999999999,-0.0005499999999999999,2
1769772855.895836,0.0,0.0,0.0,0.0,1.0,5.499999999999999,-0.0005499999999999999,2
1769772855.897022,0.0,0.0,0.0,0.0,1.0,5.499999999999999,-0.0005499999999999999,2
1769772855.898453,0.0,0.0,0.0,0.0,1.0,5.499999999999999,-0.0005499999999999999,2
1769772855.8998368,0.0,0.0,0.0,0.0,1.0,5.499999999999999,-0.0005499999999999999,2
1769772855.9009087,0.0,0.0,0.0,0.0,1.0,5.499999999999999,-0.0005499999999999999,2
1769772855.9018776,0.0,0.0,0.0,0.0,1.0,5.499999999999999,-0.0005499999999999999,2
1769772855.902808,0.0,0.0,0.0,0.0,1.0,5.499999999999999,-0.0005499999999999999,2
1769772855.9052346,0.0,0.0,0.0,0.0,1.0,5.499999999999999,-0.0005499999999999999,2
1769772855.9068637,0.0,0.0,0.0,0.0,1.0,5.499999999999999,-0.0005499999999999999,2
1769772855.908435,0.0,0.0,0.0,0.0,1.0,5.499999999999999,-0.0005499999999999999,2
1769772855.9097242,0.0,0.0,0.0,0.0,1.0,5.499999999999999,-0.0005499999999999999,2
1769772855.9111009,0.0,0.0,0.0,0.0,1.0,5.499999999999999,-0.0005499999999999999,2
1769772855.9122872,0.0,0.0,0.0,0.0,1.0,5.499999999999999,-0.0005499999999999999,2
1769772855.9134367,0.0,0.0,0.0,0.0,1.0,5.499999999999999,-0.0005499999999999999,2
1769772855.9146848,0.0,0.0,0.0,0.0,1.0,5.499999999999999,-0.0005499999999999999,2
1769772855.9160252,0.0,0.0,0.0,0.0,1.0,5.499999999999999,-0.0005499999999999999,2
1769772855.9170089,0.0,0.0,0.0,0.0,1.0,5.499999999999999,-0.0005499999999999999,2
1769772855.9184191,0.0,0.0,0.0,0.0,1.0,5.499999999999999,-0.0005499999999999999,2
1769772855.9199228,0.0,0.0,0.0,0.0,1.0,5.499999999999999,-0.0005499999999999999,2
1769772855.9211445,0.0,0.0,0.0,0.0,1.0,5.499999999999999,-0.0005499999999999999,2
1769772855.9230087,0.0,0.0,0.0,0.0,1.0,5.499999999999999,-0.0005499999999999999,2
1769772855.9245884,0.0,0.0,0.0,0.0,1.0,5.499999999999999,-0.0005499999999999999,2
1769772855.9259343,0.0,0.0,0.0,0.0,1.0,5.499999999999999,-0.0005499999999999999,2
1769772855.927233,0.0,0.0,0.0,0.0,1.0,5.499999999999999,-0.0005499999999999999,2
1769772855.928479,0.0,0.0,0.0,0.0,1.0,5.499999999999999,-0.0005499999999999999,2
1769772855.929608,0.0,0.0,0.0,0.0,1.0,5.499999999999999,-0.0005499999999999999,2
1769772855.930896,0.0,0.0,0.0,0.0,1.0,5.499999999999999,-0.0005499999999999999,2
1769772855.9319866,0.0,0.0,0.0,0.0,1.0,5.499999999999999,-0.0005499999999999999,2
1769772855.9334416,0.0,0.0,0.0,0.0,1.0,5.499999999999999,-0.0005499999999999999,2
1769772855.9351075,0.0,0.0,0.0,0.0,1.0,5.499999999999999,-0.0005499999999999999,2
1769772855.9367232,0.0,0.0,0.0,0.0,1.0,5.499999999999999,-0.0005499999999999999,2
1769772855.938077,0.0,0.0,0.0,0.0,1.0,5.499999999999999,-0.0005499999999999999,2
1769772855.9394522,0.0,0.0,0.0,0.0,1.0,5.499999999999999,-0.0005499999999999999,2
1769772855.9408355,0.0,0.0,0.0,0.0,1.0,5.499999999999999,-0.0005499999999999999,2
1769772855.9420962,0.0,0.0,0.0,0.0,1.0,5.499999999999999,-0.0005499999999999999,2
1769772855.943476,0.0,0.0,0.0,0.0,1.0,5.499999999999999,-0.0005499999999999999,2
1769772855.9445825,0.0,0.0,0.0,0.0,1.0,5.499999999999999,-0.0005499999999999999,2
1769772855.945538,0.0,0.0,0.0,0.0,1.0,5.499999999999999,-0.0005499999999999999,2
1769772855.9469032,0.0,0.0,0.0,0.0,1.0,5.499999999999999,-0.0005499999999999999,2
1769772855.948386,0.0,0.0,0.0,0.0,1.0,5.499999999999999,-0.0005499999999999999,2
1769772855.950165,0.0,0.0,0.0,0.0,1.0,5.499999999999999,-0.0005499999999999999,2
1769772855.9517872,0.0,0.0,0.0,0.0,1.0,5.499999999999999,-0.0005499999999999999,2
1769772855.9530687,0.0,0.0,0.0,0.0,1.0,5.499999999999999,-0.0005499999999999999,2
1769772855.954503,0.0,0.0,0.0,0.0,1.0,5.499999999999999,-0.0005499999999999999,2
1769772855.9564712,0.0,0.0,0.0,0.0,1.0,5.499999999999999,-0.0005499999999999999,2
1769772855.957921,0.0,0.0,0.0,0.0,1.0,5.499999999999999,-0.0005499999999999999,2
1769772855.9589314,0.0,0.0,0.0,0.0,1.0,5.499999999999999,-0.0005499999999999999,2
1769772855.95998,0.0,0.0,0.0,0.0,1.0,5.499999999999999,-0.0005499999999999999,2
1769772855.9609404,0.0,0.0,0.0,0.0,1.0,5.499999999999999,-0.0005499999999999999,2
1769772855.9619427,0.0,0.0,0.0,0.0,1.0,5.499999999999999,-0.0005499999999999999,2
1769772855.9634259,0.0,0.0,0.0,0.0,1.0,5.499999999999999,-0.0005499999999999999,2
1769772855.9644346,0.0,0.0,0.0,0.0,1.0,5.499999999999999,-0.0005499999999999999,2
1769772855.9654455,0.0,0.0,0.0,0.0,1.0,5.499999999999999,-0.0005499999999999999,2
1769772855.9665048,0.0,0.0,0.0,0.0,1.0,5.499999999999999,-0.0005499999999999999,2
1769772855.9674184,0.0,0.0,0.0,0.0,1.0,5.499999999999999,-0.0005499999999999999,2
1769772855.968337,0.0,0.0,0.0,0.0,1.0,5.499999999999999,-0.0005499999999999999,2
1769772855.9692557,0.0,0.0,0.0,0.0,1.0,5.499999999999999,-0.0005499999999999999,2
1769772855.970246,0.0,0.0,0.0,0.0,1.0,5.499999999999999,-0.0005499999999999999,2
1769772855.97125,0.0,0.0,0.0,0.0,1.0,5.499999999999999,-0.0005499999999999999,2
1769772855.972231,0.0,0.0,0.0,0.0,1.0,5.499999999999999,-0.0005499999999999999,2
1769772855.9731116,0.0,0.0,0.0,0.0,1.0,5.499999999999999,-0.0005499999999999999,2
1769772856.045178,0.0,0.0,0.0,0.0,1.0,0.0,0.0,2
1769772856.0479834,0.0,0.0,0.0,0.0,1.0,5.499999999999999,-0.0005499999999999999,2
1769772856.0497947,0.0,0.0,0.0,0.0,1.0,5.499999999999999,-0.0005499999999999999,2
1769772856.0511503,0.0,0.0,0.0,0.0,1.0,5.499999999999999,-0.0005499999999999999,2
1769772856.0531938,0.0,0.0,0.0,0.0,1.0,5.499999999999999,-0.0005499999999999999,2
1769772856.0562332,0.0,0.0,0.0,0.0,1.0,5.499999999999999,-0.0005499999999999999,2
1769772856.058101,0.0,0.0,0.0,0.0,1.0,5.499999999999999,-0.0005499999999999999,2
1769772856.05965,0.0,0.0,0.0,0.0,1.0,5.499999999999999,-0.0005499999999999999,2
1769772856.0625086,0.0,0.0,0.0,0.0,1.0,5.499999999999999,-0.0005499999999999999,2
1769772856.063964,0.0,0.0,0.0,0.0,1.0,5.499999999999999,-0.0005499999999999999,2
1769772856.065274,0.0,0.0,0.0,0.0,1.0,5.499999999999999,-0.0005499999999999999,2
1769772856.066846,0.0,0.0,0.0,0.0,1.0,5.499999999999999,-0.0005499999999999999,2
1769772856.0690994,0.0,0.0,0.0,0.0,1.0,5.499999999999999,-0.0005499999999999999,2
1769772856.0706987,0.0,0.0,0.0,0.0,1.0,5.499999999999999,-0.0005499999999999999,2
1769772856.071913,0.0,0.0,0.0,0.0,1.0,5.499999999999999,-0.0005499999999999999,2
1769772856.073283,0.0,0.0,0.0,0.0,1.0,5.499999999999999,-0.0005499999999999999,2
1769772856.0746534,0.0,0.0,0.0,0.0,1.0,5.499999999999999,-0.0005499999999999999,2
1769772856.0761285,0.0,0.0,0.0,0.0,1.0,5.499999999999999,-0.0005499999999999999,2
1769772856.0791218,0.0,0.0,0.0,0.0,1.0,5.499999999999999,-0.0005499999999999999,2
1769772856.080484,0.0,0.0,0.0,0.0,1.0,5.499999999999999,-0.0005499999999999999,2
1769772856.0816274,0.0,0.0,0.0,0.0,1.0,5.499999999999999,-0.0005499999999999999,2
1769772856.0829005,0.0,0.0,0.0,0.0,1.0,5.499999999999999,-0.0005499999999999999,2
1769772856.0844655,0.0,0.0,0.0,0.0,1.0,5.499999999999999,-0.0005499999999999999,2
1769772856.0857182,0.0,0.0,0.0,0.0,1.0,5.499999999999999,-0.0005499999999999999,2
1769772856.0869935,0.0,0.0,0.0,0.0,1.0,5.499999999999999,-0.0005499999999999999,2
1769772856.0881946,0.0,0.0,0.0,0.0,1.0,5.499999999999999,-0.0005499999999999999,2
1769772856.090308,0.0,0.0,0.0,0.0,1.0,5.499999999999999,-0.0005499999999999999,2
1769772856.0918498,0.0,0.0,0.0,0.0,1.0,5.499999999999999,-0.0005499999999999999,2
1769772856.0930817,0.0,0.0,0.0,0.0,1.0,5.499999999999999,-0.0005499999999999999,2
1769772856.0943902,0.0,0.0,0.0,0.0,1.0,5.499999999999999,-0.0005499999999999999,2
1769772856.0955713,0.0,0.0,0.0,0.0,1.0,5.499999999999999,-0.0005499999999999999,2
1769772856.0967515,0.0,0.0,0.0,0.0,1.0,5.499999999999999,-0.0005499999999999999,2
1769772856.0979028,0.0,0.0,0.0,0.0,1.0,5.499999999999999,-0.0005499999999999999,2
1769772856.099496,0.0,0.0,0.0,0.0,1.0,5.499999999999999,-0.0005499999999999999,2
1769772856.1010826,0.0,0.0,0.0,0.0,1.0,5.499999999999999,-0.0005499999999999999,2
1769772856.1023962,0.0,0.0,0.0,0.0,1.0,5.499999999999999,-0.0005499999999999999,2
1769772856.1033583,0.0,0.0,0.0,0.0,1.0,5.499999999999999,-0.0005499999999999999,2
1769772856.104318,0.0,0.0,0.0,0.0,1.0,5.499999999999999,-0.0005499999999999999,2
1769772856.1052775,0.0,0.0,0.0,0.0,1.0,5.499999999999999,-0.0005499999999999999,2
1769772856.1063871,0.0,0.0,0.0,0.0,1.0,5.499999999999999,-0.0005499999999999999,2
1769772856.10741,0.0,0.0,0.0,0.0,1.0,5.499999999999999,-0.0005499999999999999,2
1769772856.1085105,0.0,0.0,0.0,0.0,1.0,5.499999999999999,-0.0005499999999999999,2
1769772856.1095276,0.0,0.0,0.0,0.0,1.0,5.499999999999999,-0.0005499999999999999,2
1769772856.1105254,0.0,0.0,0.0,0.0,1.0,5.499999999999999,-0.0005499999999999999,2
1769772856.1115966,0.0,0.0,0.0,0.0,1.0,5.499999999999999,-0.0005499999999999999,2
1769772856.1129212,0.0,0.0,0.0,0.0,1.0,5.499999999999999,-0.0005499999999999999,2
1769772856.1153834,0.0,0.0,0.0,0.0,1.0,5.499999999999999,-0.0005499999999999999,2
1769772856.1171474,0.0,0.0,0.0,0.0,1.0,5.499999999999999,-0.0005499999999999999,2
1769772856.118571,0.0,0.0,0.0,0.0,1.0,5.499999999999999,-0.0005499999999999999,2
1769772856.1197684,0.0,0.0,0.0,0.0,1.0,5.499999999999999,-0.0005499999999999999,2
1769772856.120928,0.0,0.0,0.0,0.0,1.0,5.499999999999999,-0.0005499999999999999,2
1769772856.1222734,0.0,0.0,0.0,0.0,1.0,5.499999999999999,-0.0005499999999999999,2
1769772856.1234865,0.0,0.0,0.0,0.0,1.0,5.499999999999999,-0.0005499999999999999,2
1769772856.1248894,0.0,0.0,0.0,0.0,1.0,5.499999999999999,-0.0005499999999999999,2
1769772856.1265419,0.0,0.0,0.0,0.0,1.0,5.499999999999999,-0.0005499999999999999,2
1769772856.1277876,0.0,0.0,0.0,0.0,1.0,5.499999999999999,-0.0005499999999999999,2
1769772856.1295595,0.0,0.0,0.0,0.0,1.0,5.499999999999999,-0.0005499999999999999,2
1769772856.1309521,0.0,0.0,0.0,0.0,1.0,5.499999999999999,-0.0005499999999999999,2
1769772856.1326392,0.0,0.0,0.0,0.0,1.0,5.499999999999999,-0.0005499999999999999,2
1769772856.133691,0.0,0.0,0.0,0.0,1.0,5.499999999999999,-0.0005499999999999999,2
1769772856.1346684,0.0,0.0,0.0,0.0,1.0,5.499999999999999,-0.0005499999999999999,2
1769772856.135698,0.0,0.0,0.0,0.0,1.0,5.499999999999999,-0.0005499999999999999,2
1769772856.1366374,0.0,0.0,0.0,0.0,1.0,5.499999999999999,-0.0005499999999999999,2
1769772856.1376066,0.0,0.0,0.0,0.0,1.0,5.499999999999999,-0.0005499999999999999,2
1769772856.1388376,0.0,0.0,0.0,0.0,1.0,5.499999999999999,-0.0005499999999999999,2
1769772856.1398318,0.0,0.0,0.0,0.0,1.0,5.499999999999999,-0.0005499999999999999,2
1769772856.140898,0.0,0.0,0.0,0.0,1.0,5.499999999999999,-0.0005499999999999999,2
1769772856.1421337,0.0,0.0,0.0,0.0,1.0,5.499999999999999,-0.0005499999999999999,2
1769772856.1430764,0.0,0.0,0.0,0.0,1.0,5.499999999999999,-0.0005499999999999999,2
1769772856.1450903,0.0,0.0,0.0,0.0,1.0,5.499999999999999,-0.0005499999999999999,2
1769772856.1465535,0.0,0.0,0.0,0.0,1.0,5.499999999999999,-0.0005499999999999999,2
1769772856.1477773,0.0,0.0,0.0,0.0,1.0,5.499999999999999,-0.0005499999999999999,2
1769772856.1491718,0.0,0.0,0.0,0.0,1.0,5.499999999999999,-0.0005499999999999999,2
1769772856.1505995,0.0,0.0,0.0,0.0,1.0,5.499999999999999,-0.0005499999999999999,2
1769772856.1518953,0.0,0.0,0.0,0.0,1.0,5.499999999999999,-0.0005499999999999999,2
1769772856.153181,0.0,0.0,0.0,0.0,1.0,5.499999999999999,-0.0005499999999999999,2
1769772856.1552353,0.0,0.0,0.0,0.0,1.0,5.499999999999999,-0.0005499999999999999,2
1769772856.1577783,0.0,0.0,0.0,0.0,1.0,5.499999999999999,-0.0005499999999999999,2
1769772856.1598916,0.0,0.0,0.0,0.0,1.0,5.499999999999999,-0.0005499999999999999,2
1769772856.1612358,0.0,0.0,0.0,0.0,1.0,5.499999999999999,-0.0005499999999999999,2
1769772856.162706,0.0,0.0,0.0,0.0,1.0,5.499999999999999,-0.0005499999999999999,2
1769772856.1643817,0.0,0.0,0.0,0.0,1.0,5.499999999999999,-0.0005499999999999999,2
1769772856.1658294,0.0,0.0,0.0,0.0,1.0,5.499999999999999,-0.0005499999999999999,2
1769772856.1672063,0.0,0.0,0.0,0.0,1.0,5.499999999999999,-0.0005499999999999999,2
1769772856.1688044,0.0,0.0,0.0,0.0,1.0,5.499999999999999,-0.0005499999999999999,2
1769772856.1701236,0.0,0.0,0.0,0.0,1.0,5.499999999999999,-0.0005499999999999999,2
1769772856.1710672,0.0,0.0,0.0,0.0,1.0,5.499999999999999,-0.0005499999999999999,2
1769772856.1720045,0.0,0.0,0.0,0.0,1.0,5.499999999999999,-0.0005499999999999999,2
1769772856.1730366,0.0,0.0,0.0,0.0,1.0,5.499999999999999,-0.0005499999999999999,2
1769772856.1744783,0.0,0.0,0.0,0.0,1.0,5.499999999999999,-0.0005499999999999999,2
1769772856.1760128,0.0,0.0,0.0,0.0,1.0,5.499999999999999,-0.0005499999999999999,2
1769772856.1775138,0.0,0.0,0.0,0.0,1.0,5.499999999999999,-0.0005499999999999999,2
1769772856.1793926,0.0,0.0,0.0,0.0,1.0,5.499999999999999,-0.0005499999999999999,2
1769772856.1819465,0.0,0.0,0.0,0.0,1.0,5.499999999999999,-0.0005499999999999999,2
1769772856.1832445,0.0,0.0,0.0,0.0,1.0,5.499999999999999,-0.0005499999999999999,2
1769772856.1842082,0.0,0.0,0.0,0.0,1.0,5.499999999999999,-0.0005499999999999999,2
1769772856.1851828,0.0,0.0,0.0,0.0,1.0,5.499999999999999,-0.0005499999999999999,2
1769772856.1862583,0.0,0.0,0.0,0.0,1.0,5.499999999999999,-0.0005499999999999999,2
1769772856.1873615,0.0,0.0,0.0,0.0,1.0,5.499999999999999,-0.0005499999999999999,2
1769772856.1883385,0.0,0.0,0.0,0.0,1.0,5.499999999999999,-0.0005499999999999999,2
1769772856.1906693,0.0,0.0,0.0,0.0,1.0,5.499999999999999,-0.0005499999999999999,2
1769772856.192334,0.0,0.0,0.0,0.0,1.0,5.499999999999999,-0.0005499999999999999,2
1769772856.1938744,0.0,0.0,0.0,0.0,1.0,5.499999999999999,-0.0005499999999999999,2
1769772856.1968174,0.0,0.0,0.0,0.0,1.0,5.499999999999999,-0.0005499999999999999,2
1769772856.199024,0.0,0.0,0.0,0.0,1.0,5.499999999999999,-0.0005499999999999999,2
1769772856.2010815,0.0,0.0,0.0,0.0,1.0,5.499999999999999,-0.0005499999999999999,2
1769772856.2033198,0.0,0.0,0.0,0.0,1.0,5.499999999999999,-0.0005499999999999999,2
1769772856.2055287,0.0,0.0,0.0,0.0,1.0,5.499999999999999,-0.0005499999999999999,2
1769772856.2071311,0.0,0.0,0.0,0.0,1.0,5.499999999999999,-0.0005499999999999999,2
1769772856.208618,0.0,0.0,0.0,0.0,1.0,5.499999999999999,-0.0005499999999999999,2
1769772856.2106998,0.0,0.0,0.0,0.0,1.0,5.499999999999999,-0.0005499999999999999,2
1769772856.212261,0.0,0.0,0.0,0.0,1.0,5.499999999999999,-0.0005499999999999999,2
1769772856.2140143,0.0,0.0,0.0,0.0,1.0,5.499999999999999,-0.0005499999999999999,2
1769772856.2156377,0.0,0.0,0.0,0.0,1.0,5.499999999999999,-0.0005499999999999999,2
1769772856.2170413,0.0,0.0,0.0,0.0,1.0,5.499999999999999,-0.0005499999999999999,2
1769772856.2187543,0.0,0.0,0.0,0.0,1.0,5.499999999999999,-0.0005499999999999999,2
1769772856.2215543,0.0,0.0,0.0,0.0,1.0,5.499999999999999,-0.0005499999999999999,2
1769772856.2230906,0.0,0.0,0.0,0.0,1.0,5.499999999999999,-0.0005499999999999999,2
1769772856.2243443,0.0,0.0,0.0,0.0,1.0,5.499999999999999,-0.0005499999999999999,2
1769772856.2255702,0.0,0.0,0.0,0.0,1.0,5.499999999999999,-0.0005499999999999999,2
1769772856.2269526,0.0,0.0,0.0,0.0,1.0,5.499999999999999,-0.0005499999999999999,2
1769772856.2281995,0.0,0.0,0.0,0.0,1.0,5.499999999999999,-0.0005499999999999999,2
1769772856.2297356,0.0,0.0,0.0,0.0,1.0,5.499999999999999,-0.0005499999999999999,2
1769772856.231075,0.0,0.0,0.0,0.0,1.0,5.499999999999999,-0.0005499999999999999,2
1769772856.2322814,0.0,0.0,0.0,0.0,1.0,5.499999999999999,-0.0005499999999999999,2
1769772856.2348175,0.0,0.0,0.0,0.0,1.0,5.499999999999999,-0.0005499999999999999,2
1769772856.2373946,0.0,0.0,0.0,0.0,1.0,5.499999999999999,-0.0005499999999999999,2
1769772856.239475,0.0,0.0,0.0,0.0,1.0,5.499999999999999,-0.0005499999999999999,2
1769772856.2411485,0.0,0.0,0.0,0.0,1.0,5.499999999999999,-0.0005499999999999999,2
1769772856.2428145,0.0,0.0,0.0,0.0,1.0,5.499999999999999,-0.0005499999999999999,2
1769772856.2445142,0.0,0.0,0.0,0.0,1.0,5.499999999999999,-0.0005499999999999999,2
1769772856.2462916,0.0,0.0,0.0,0.0,1.0,5.499999999999999,-0.0005499999999999999,2
1769772856.2478013,0.0,0.0,0.0,0.0,1.0,5.499999999999999,-0.0005499999999999999,2
1769772856.2490582,0.0,0.0,0.0,0.0,1.0,5.499999999999999,-0.0005499999999999999,2
1769772856.2509263,0.0,0.0,0.0,0.0,1.0,5.499999999999999,-0.0005499999999999999,2
1769772856.252341,0.0,0.0,0.0,0.0,1.0,5.499999999999999,-0.0005499999999999999,2
1769772856.2543478,0.0,0.0,0.0,0.0,1.0,5.499999999999999,-0.0005499999999999999,2
1769772856.256704,0.0,0.0,0.0,0.0,1.0,5.499999999999999,-0.0005499999999999999,2
1769772856.2586071,0.0,0.0,0.0,0.0,1.0,5.499999999999999,-0.0005499999999999999,2
1769772856.259906,0.0,0.0,0.0,0.0,1.0,5.499999999999999,-0.0005499999999999999,2
1769772856.2612107,0.0,0.0,0.0,0.0,1.0,5.499999999999999,-0.0005499999999999999,2
1769772856.2626119,0.0,0.0,0.0,0.0,1.0,5.499999999999999,-0.0005499999999999999,2
1769772856.2639153,0.0,0.0,0.0,0.0,1.0,5.499999999999999,-0.0005499999999999999,2
1769772856.265239,0.0,0.0,0.0,0.0,1.0,5.499999999999999,-0.0005499999999999999,2
1769772856.266815,0.0,0.0,0.0,0.0,1.0,5.499999999999999,-0.0005499999999999999,2
1769772856.268281,0.0,0.0,0.0,0.0,1.0,5.499999999999999,-0.0005499999999999999,2
1769772856.2696295,0.0,0.0,0.0,0.0,1.0,5.499999999999999,-0.0005499999999999999,2
1769772856.2711403,0.0,0.0,0.0,0.0,1.0,5.499999999999999,-0.0005499999999999999,2
1769772856.2726378,0.0,0.0,0.0,0.0,1.0,5.499999999999999,-0.0005499999999999999,2
1769772856.2741375,0.0,0.0,0.0,0.0,1.0,5.499999999999999,-0.0005499999999999999,2
1769772856.2755518,0.0,0.0,0.0,0.0,1.0,5.499999999999999,-0.0005499999999999999,2
1769772856.276735,0.0,0.0,0.0,0.0,1.0,5.499999999999999,-0.0005499999999999999,2
1769772856.2779944,0.0,0.0,0.0,0.0,1.0,5.499999999999999,-0.0005499999999999999,2
1769772856.2794573,0.0,0.0,0.0,0.0,1.0,5.499999999999999,-0.0005499999999999999,2
1769772856.2806773,0.0,0.0,0.0,0.0,1.0,5.499999999999999,-0.0005499999999999999,2
1769772856.2818463,0.0,0.0,0.0,0.0,1.0,5.499999999999999,-0.0005499999999999999,2
1769772856.2830727,0.0,0.0,0.0,0.0,1.0,5.499999999999999,-0.0005499999999999999,2
1769772856.2843087,0.0,0.0,0.0,0.0,1.0,5.499999999999999,-0.0005499999999999999,2
1769772856.2855475,0.0,0.0,0.0,0.0,1.0,5.499999999999999,-0.0005499999999999999,2
1769772856.2867022,0.0,0.0,0.0,0.0,1.0,5.499999999999999,-0.0005499999999999999,2
1769772856.2877538,0.0,0.0,0.0,0.0,1.0,5.499999999999999,-0.0005499999999999999,2
1769772856.288722,0.0,0.0,0.0,0.0,1.0,5.499999999999999,-0.0005499999999999999,2
1769772856.289714,0.0,0.0,0.0,0.0,1.0,5.499999999999999,-0.0005499999999999999,2
1769772856.2907796,0.0,0.0,0.0,0.0,1.0,5.499999999999999,-0.0005499999999999999,2
1769772856.2918112,0.0,0.0,0.0,0.0,1.0,5.499999999999999,-0.0005499999999999999,2
1769772856.292866,0.0,0.0,0.0,0.0,1.0,5.499999999999999,-0.0005499999999999999,2
1769772856.2940273,0.0,0.0,0.0,0.0,1.0,5.499999999999999,-0.0005499999999999999,2
1769772856.295533,0.0,0.0,0.0,0.0,1.0,5.499999999999999,-0.0005499999999999999,2
1769772856.29689,0.0,0.0,0.0,0.0,1.0,5.499999999999999,-0.0005499999999999999,2
1769772856.298228,0.0,0.0,0.0,0.0,1.0,5.499999999999999,-0.0005499999999999999,2
1769772856.29961,0.0,0.0,0.0,0.0,1.0,5.499999999999999,-0.0005499999999999999,2
1769772856.3010154,0.0,0.0,0.0,0.0,1.0,5.499999999999999,-0.0005499999999999999,2
1769772856.302354,0.0,0.0,0.0,0.0,1.0,5.499999999999999,-0.0005499999999999999,2
1769772856.3035667,0.0,0.0,0.0,0.0,1.0,5.499999999999999,-0.0005499999999999999,2
1769772856.3048055,0.0,0.0,0.0,0.0,1.0,5.499999999999999,-0.0005499999999999999,2
1769772856.3061044,0.0,0.0,0.0,0.0,1.0,5.499999999999999,-0.0005499999999999999,2
1769772856.3073084,0.0,0.0,0.0,0.0,1.0,5.499999999999999,-0.0005499999999999999,2
1769772856.308554,0.0,0.0,0.0,0.0,1.0,5.499999999999999,-0.0005499999999999999,2
1769772856.310208,0.0,0.0,0.0,0.0,1.0,5.499999999999999,-0.0005499999999999999,2
1769772856.3114872,0.0,0.0,0.0,0.0,1.0,5.499999999999999,-0.0005499999999999999,2
1769772856.3125522,0.0,0.0,0.0,0.0,1.0,5.499999999999999,-0.0005499999999999999,2
1769772856.3137074,0.0,0.0,0.0,0.0,1.0,5.499999999999999,-0.0005499999999999999,2
1769772856.3151567,0.0,0.0,0.0,0.0,1.0,5.499999999999999,-0.0005499999999999999,2
1769772856.316417,0.0,0.0,0.0,0.0,1.0,5.499999999999999,-0.0005499999999999999,2
1769772856.3177128,0.0,0.0,0.0,0.0,1.0,5.499999999999999,-0.0005499999999999999,2
1769772856.3190353,0.0,0.0,0.0,0.0,1.0,5.499999999999999,-0.0005499999999999999,2
1769772856.32049,0.0,0.0,0.0,0.0,1.0,5.499999999999999,-0.0005499999999999999,2
1769772856.3221092,0.0,0.0,0.0,0.0,1.0,5.499999999999999,-0.0005499999999999999,2
1769772856.323286,0.0,0.0,0.0,0.0,1.0,5.499999999999999,-0.0005499999999999999,2
1769772856.325107,0.0,0.0,0.0,0.0,1.0,5.499999999999999,-0.0005499999999999999,2
1769772856.3271194,0.0,0.0,0.0,0.0,1.0,5.499999999999999,-0.0005499999999999999,2
1769772856.328918,0.0,0.0,0.0,0.0,1.0,5.499999999999999,-0.0005499999999999999,2
1769772856.3303082,0.0,0.0,0.0,0.0,1.0,5.499999999999999,-0.0005499999999999999,2
1769772856.331893,0.0,0.0,0.0,0.0,1.0,5.499999999999999,-0.0005499999999999999,2
1769772856.333268,0.0,0.0,0.0,0.0,1.0,5.499999999999999,-0.0005499999999999999,2
1769772856.3349588,0.0,0.0,0.0,0.0,1.0,5.499999999999999,-0.0005499999999999999,2
1769772856.3362355,0.0,0.0,0.0,0.0,1.0,5.499999999999999,-0.0005499999999999999,2
1769772856.3372097,0.0,0.0,0.0,0.0,1.0,5.499999999999999,-0.0005499999999999999,2
1769772856.338271,0.0,0.0,0.0,0.0,1.0,5.499999999999999,-0.0005499999999999999,2
1769772856.33922,0.0,0.0,0.0,0.0,1.0,5.499999999999999,-0.0005499999999999999,2
1769772856.340506,0.0,0.0,0.0,0.0,1.0,5.499999999999999,-0.0005499999999999999,2
1769772856.414853,0.0,0.0,0.0,0.0,1.0,0.0,0.0,2
1769772856.4188595,0.0,0.0,0.0,0.0,1.0,5.499999999999999,-0.0005499999999999999,2
1769772856.420078,0.0,0.0,0.0,0.0,1.0,5.499999999999999,-0.0005499999999999999,2
1769772856.4211266,0.0,0.0,0.0,0.0,1.0,5.499999999999999,-0.0005499999999999999,2
1769772856.4224842,0.0,0.0,0.0,0.0,1.0,5.499999999999999,-0.0005499999999999999,2
1769772856.424004,0.0,0.0,0.0,0.0,1.0,5.499999999999999,-0.0005499999999999999,2
1769772856.4258204,0.0,0.0,0.0,0.0,1.0,5.499999999999999,-0.0005499999999999999,2
1769772856.427091,0.0,0.0,0.0,0.0,1.0,5.499999999999999,-0.0005499999999999999,2
1769772856.4281168,0.0,0.0,0.0,0.0,1.0,5.499999999999999,-0.0005499999999999999,2
1769772856.429151,0.0,0.0,0.0,0.0,1.0,5.499999999999999,-0.0005499999999999999,2
1769772856.4303198,0.0,0.0,0.0,0.0,1.0,5.499999999999999,-0.0005499999999999999,2
1769772856.4330266,0.0,0.0,0.0,0.0,1.0,5.499999999999999,-0.0005499999999999999,2
1769772856.4345386,0.0,0.0,0.0,0.0,1.0,5.499999999999999,-0.0005499999999999999,2
1769772856.4358027,0.0,0.0,0.0,0.0,1.0,5.499999999999999,-0.0005499999999999999,2
1769772856.4368773,0.0,0.0,0.0,0.0,1.0,5.499999999999999,-0.0005499999999999999,2
1769772856.4378827,0.0,0.0,0.0,0.0,1.0,5.499999999999999,-0.0005499999999999999,2
1769772856.439008,0.0,0.0,0.0,0.0,1.0,5.499999999999999,-0.0005499999999999999,2
1769772856.4405246,0.0,0.0,0.0,0.0,1.0,5.499999999999999,-0.0005499999999999999,2
1769772856.4423656,0.0,0.0,0.0,0.0,1.0,5.499999999999999,-0.0005499999999999999,2
1769772856.4436314,0.0,0.0,0.0,0.0,1.0,5.499999999999999,-0.0005499999999999999,2
1769772856.4446979,0.0,0.0,0.0,0.0,1.0,5.499999999999999,-0.0005499999999999999,2
1769772856.4462802,0.0,0.0,0.0,0.0,1.0,5.499999999999999,-0.0005499999999999999,2
1769772856.4477131,0.0,0.0,0.0,0.0,1.0,5.499999999999999,-0.0005499999999999999,2
1769772856.4487276,0.0,0.0,0.0,0.0,1.0,5.499999999999999,-0.0005499999999999999,2
1769772856.4497695,0.0,0.0,0.0,0.0,1.0,5.499999999999999,-0.0005499999999999999,2
1769772856.4507396,0.0,0.0,0.0,0.0,1.0,5.499999999999999,-0.0005499999999999999,2
1769772856.4516828,0.0,0.0,0.0,0.0,1.0,5.499999999999999,-0.0005499999999999999,2
1769772856.4536045,0.0,0.0,0.0,0.0,1.0,5.499999999999999,-0.0005499999999999999,2
1769772856.4556568,0.0,0.0,0.0,0.0,1.0,5.499999999999999,-0.0005499999999999999,2
1769772856.4570625,0.0,0.0,0.0,0.0,1.0,5.499999999999999,-0.0005499999999999999,2
1769772856.4583879,0.0,0.0,0.0,0.0,1.0,5.499999999999999,-0.0005499999999999999,2
1769772856.4597144,0.0,0.0,0.0,0.0,1.0,5.499999999999999,-0.0005499999999999999,2
1769772856.4613698,0.0,0.0,0.0,0.0,1.0,5.499999999999999,-0.0005499999999999999,2
1769772856.4628415,0.0,0.0,0.0,0.0,1.0,5.499999999999999,-0.0005499999999999999,2
1769772856.464406,0.0,0.0,0.0,0.0,1.0,5.499999999999999,-0.0005499999999999999,2
1769772856.465703,0.0,0.0,0.0,0.0,1.0,5.499999999999999,-0.0005499999999999999,2
1769772856.4670937,0.0,0.0,0.0,0.0,1.0,5.499999999999999,-0.0005499999999999999,2
1769772856.4683752,0.0,0.0,0.0,0.0,1.0,5.499999999999999,-0.0005499999999999999,2
1769772856.4695506,0.0,0.0,0.0,0.0,1.0,5.499999999999999,-0.0005499999999999999,2
1769772856.4721544,0.0,0.0,0.0,0.0,1.0,5.499999999999999,-0.0005499999999999999,2
1769772856.4737213,0.0,0.0,0.0,0.0,1.0,5.499999999999999,-0.0005499999999999999,2
1769772856.4746995,0.0,0.0,0.0,0.0,1.0,5.499999999999999,-0.0005499999999999999,2
1769772856.476009,0.0,0.0,0.0,0.0,1.0,5.499999999999999,-0.0005499999999999999,2
1769772856.477023,0.0,0.0,0.0,0.0,1.0,5.499999999999999,-0.0005499999999999999,2
1769772856.4780056,0.0,0.0,0.0,0.0,1.0,5.499999999999999,-0.0005499999999999999,2
1769772856.4789805,0.0,0.0,0.0,0.0,1.0,5.499999999999999,-0.0005499999999999999,2
1769772856.48008,0.0,0.0,0.0,0.0,1.0,5.499999999999999,-0.0005499999999999999,2
1769772856.4811075,0.0,0.0,0.0,0.0,1.0,5.499999999999999,-0.0005499999999999999,2
1769772856.4821472,0.0,0.0,0.0,0.0,1.0,5.499999999999999,-0.0005499999999999999,2
1769772856.4831667,0.0,0.0,0.0,0.0,1.0,5.499999999999999,-0.0005499999999999999,2
1769772856.484125,0.0,0.0,0.0,0.0,1.0,5.499999999999999,-0.0005499999999999999,2
1769772856.4851081,0.0,0.0,0.0,0.0,1.0,5.499999999999999,-0.0005499999999999999,2
1769772856.4861765,0.0,0.0,0.0,0.0,1.0,5.499999999999999,-0.0005499999999999999,2
1769772856.4871259,0.0,0.0,0.0,0.0,1.0,5.499999999999999,-0.0005499999999999999,2
1769772856.488405,0.0,0.0,0.0,0.0,1.0,5.499999999999999,-0.0005499999999999999,2
1769772856.4896498,0.0,0.0,0.0,0.0,1.0,5.499999999999999,-0.0005499999999999999,2
1769772856.4906607,0.0,0.0,0.0,0.0,1.0,5.499999999999999,-0.0005499999999999999,2
1769772856.4918563,0.0,0.0,0.0,0.0,1.0,5.499999999999999,-0.0005499999999999999,2
1769772856.492891,0.0,0.0,0.0,0.0,1.0,5.499999999999999,-0.0005499999999999999,2
1769772856.4938312,0.0,0.0,0.0,0.0,1.0,5.499999999999999,-0.0005499999999999999,2
1769772856.494817,0.0,0.0,0.0,0.0,1.0,5.499999999999999,-0.0005499999999999999,2
1769772856.4959097,0.0,0.0,0.0,0.0,1.0,5.499999999999999,-0.0005499999999999999,2
1769772856.4969566,0.0,0.0,0.0,0.0,1.0,5.499999999999999,-0.0005499999999999999,2
1769772856.4979858,0.0,0.0,0.0,0.0,1.0,5.499999999999999,-0.0005499999999999999,2
1769772856.4989893,0.0,0.0,0.0,0.0,1.0,5.499999999999999,-0.0005499999999999999,2
1769772856.4999304,0.0,0.0,0.0,0.0,1.0,5.499999999999999,-0.0005499999999999999,2
1769772856.5009308,0.0,0.0,0.0,0.0,1.0,5.499999999999999,-0.0005499999999999999,2
1769772856.5019164,0.0,0.0,0.0,0.0,1.0,5.499999999999999,-0.0005499999999999999,2
1769772856.5029163,0.0,0.0,0.0,0.0,1.0,5.499999999999999,-0.0005499999999999999,2
1769772856.5039914,0.0,0.0,0.0,0.0,1.0,5.499999999999999,-0.0005499999999999999,2
1769772856.5050437,0.0,0.0,0.0,0.0,1.0,5.499999999999999,-0.0005499999999999999,2
1769772856.5063386,0.0,0.0,0.0,0.0,1.0,5.499999999999999,-0.0005499999999999999,2
1769772856.507664,0.0,0.0,0.0,0.0,1.0,5.499999999999999,-0.0005499999999999999,2
1769772856.5089815,0.0,0.0,0.0,0.0,1.0,5.499999999999999,-0.0005499999999999999,2
1769772856.5103908,0.0,0.0,0.0,0.0,1.0,5.499999999999999,-0.0005499999999999999,2
1769772856.5116353,0.0,0.0,0.0,0.0,1.0,5.499999999999999,-0.0005499999999999999,2
1769772856.513103,0.0,0.0,0.0,0.0,1.0,5.499999999999999,-0.0005499999999999999,2
1769772856.5145066,0.0,0.0,0.0,0.0,1.0,5.499999999999999,-0.0005499999999999999,2
1769772856.5159135,0.0,0.0,0.0,0.0,1.0,5.499999999999999,-0.0005499999999999999,2
1769772856.5171123,0.0,0.0,0.0,0.0,1.0,5.499999999999999,-0.0005499999999999999,2
1769772856.518221,0.0,0.0,0.0,0.0,1.0,5.499999999999999,-0.0005499999999999999,2
1769772856.5193727,0.0,0.0,0.0,0.0,1.0,5.499999999999999,-0.0005499999999999999,2
1769772856.5204575,0.0,0.0,0.0,0.0,1.0,5.499999999999999,-0.0005499999999999999,2
1769772856.5216067,0.0,0.0,0.0,0.0,1.0,5.499999999999999,-0.0005499999999999999,2
1769772856.5231028,0.0,0.0,0.0,0.0,1.0,5.499999999999999,-0.0005499999999999999,2
1769772856.524326,0.0,0.0,0.0,0.0,1.0,5.499999999999999,-0.0005499999999999999,2
1769772856.525491,0.0,0.0,0.0,0.0,1.0,5.499999999999999,-0.0005499999999999999,2
1769772856.5267568,0.0,0.0,0.0,0.0,1.0,5.499999999999999,-0.0005499999999999999,2
1769772856.5281346,0.0,0.0,0.0,0.0,1.0,5.499999999999999,-0.0005499999999999999,2
1769772856.5294409,0.0,0.0,0.0,0.0,1.0,5.499999999999999,-0.0005499999999999999,2
1769772856.5307796,0.0,0.0,0.0,0.0,1.0,5.499999999999999,-0.0005499999999999999,2
1769772856.5321393,0.0,0.0,0.0,0.0,1.0,5.499999999999999,-0.0005499999999999999,2
1769772856.533213,0.0,0.0,0.0,0.0,1.0,5.499999999999999,-0.0005499999999999999,2
1769772856.534462,0.0,0.0,0.0,0.0,1.0,5.499999999999999,-0.0005499999999999999,2
1769772856.5354447,0.0,0.0,0.0,0.0,1.0,5.499999999999999,-0.0005499999999999999,2
1769772856.5368228,0.0,0.0,0.0,0.0,1.0,5.499999999999999,-0.0005499999999999999,2
1769772856.5385878,0.0,0.0,0.0,0.0,1.0,5.499999999999999,-0.0005499999999999999,2
1769772856.5396948,0.0,0.0,0.0,0.0,1.0,5.499999999999999,-0.0005499999999999999,2
1769772856.5407221,0.0,0.0,0.0,0.0,1.0,5.499999999999999,-0.0005499999999999999,2
1769772856.5417721,0.0,0.0,0.0,0.0,1.0,5.499999999999999,-0.0005499999999999999,2
1769772856.5427432,0.0,0.0,0.0,0.0,1.0,5.499999999999999,-0.0005499999999999999,2
1769772856.5436962,0.0,0.0,0.0,0.0,1.0,5.499999999999999,-0.0005499999999999999,2
1769772856.5447724,0.0,0.0,0.0,0.0,1.0,5.499999999999999,-0.0005499999999999999,2
1769772856.5458443,0.0,0.0,0.0,0.0,1.0,5.499999999999999,-0.0005499999999999999,2
1769772856.5469291,0.0,0.0,0.0,0.0,1.0,5.499999999999999,-0.0005499999999999999,2
1769772856.5479078,0.0,0.0,0.0,0.0,1.0,5.499999999999999,-0.0005499999999999999,2
1769772856.548859,0.0,0.0,0.0,0.0,1.0,5.499999999999999,-0.0005499999999999999,2
1769772856.5501144,0.0,0.0,0.0,0.0,1.0,5.499999999999999,-0.0005499999999999999,2
1769772856.5519056,0.0,0.0,0.0,0.0,1.0,5.499999999999999,-0.0005499999999999999,2
1769772856.5537229,0.0,0.0,0.0,0.0,1.0,5.499999999999999,-0.0005499999999999999,2
1769772856.554912,0.0,0.0,0.0,0.0,1.0,5.499999999999999,-0.0005499999999999999,2
1769772856.5559025,0.0,0.0,0.0,0.0,1.0,5.499999999999999,-0.0005499999999999999,2
1769772856.5569553,0.0,0.0,0.0,0.0,1.0,5.499999999999999,-0.0005499999999999999,2
1769772856.55793,0.0,0.0,0.0,0.0,1.0,5.499999999999999,-0.0005499999999999999,2
1769772856.558903,0.0,0.0,0.0,0.0,1.0,5.499999999999999,-0.0005499999999999999,2
1769772856.5598826,0.0,0.0,0.0,0.0,1.0,5.499999999999999,-0.0005499999999999999,2
1769772856.5609634,0.0,0.0,0.0,0.0,1.0,5.499999999999999,-0.0005499999999999999,2
1769772856.5620515,0.0,0.0,0.0,0.0,1.0,5.499999999999999,-0.0005499999999999999,2
1769772856.5630333,0.0,0.0,0.0,0.0,1.0,5.499999999999999,-0.0005499999999999999,2
1769772856.5639822,0.0,0.0,0.0,0.0,1.0,5.499999999999999,-0.0005499999999999999,2
1769772856.5649297,0.0,0.0,0.0,0.0,1.0,5.499999999999999,-0.0005499999999999999,2
1769772856.5658836,0.0,0.0,0.0,0.0,1.0,5.499999999999999,-0.0005499999999999999,2
1769772856.5669906,0.0,0.0,0.0,0.0,1.0,5.499999999999999,-0.0005499999999999999,2
1769772856.5680172,0.0,0.0,0.0,0.0,1.0,5.499999999999999,-0.0005499999999999999,2
1769772856.56968,0.0,0.0,0.0,0.0,1.0,5.499999999999999,-0.0005499999999999999,2
1769772856.5712395,0.0,0.0,0.0,0.0,1.0,5.499999999999999,-0.0005499999999999999,2
1769772856.5726225,0.0,0.0,0.0,0.0,1.0,5.499999999999999,-0.0005499999999999999,2
1769772856.5738714,0.0,0.0,0.0,0.0,1.0,5.499999999999999,-0.0005499999999999999,2
1769772856.5750499,0.0,0.0,0.0,0.0,1.0,5.499999999999999,-0.0005499999999999999,2
1769772856.5763376,0.0,0.0,0.0,0.0,1.0,5.499999999999999,-0.0005499999999999999,2
1769772856.5780628,0.0,0.0,0.0,0.0,1.0,5.499999999999999,-0.0005499999999999999,2
1769772856.5795333,0.0,0.0,0.0,0.0,1.0,5.499999999999999,-0.0005499999999999999,2
1769772856.5805988,0.0,0.0,0.0,0.0,1.0,5.499999999999999,-0.0005499999999999999,2
1769772856.5823152,0.0,0.0,0.0,0.0,1.0,5.499999999999999,-0.0005499999999999999,2
1769772856.5835197,0.0,0.0,0.0,0.0,1.0,5.499999999999999,-0.0005499999999999999,2
1769772856.584782,0.0,0.0,0.0,0.0,1.0,5.499999999999999,-0.0005499999999999999,2
1769772856.5865283,0.0,0.0,0.0,0.0,1.0,5.499999999999999,-0.0005499999999999999,2
1769772856.5878298,0.0,0.0,0.0,0.0,1.0,5.499999999999999,-0.0005499999999999999,2
1769772856.589226,0.0,0.0,0.0,0.0,1.0,5.499999999999999,-0.0005499999999999999,2
1769772856.5908399,0.0,0.0,0.0,0.0,1.0,5.499999999999999,-0.0005499999999999999,2
1769772856.5920446,0.0,0.0,0.0,0.0,1.0,5.499999999999999,-0.0005499999999999999,2
1769772856.5935616,0.0,0.0,0.0,0.0,1.0,5.499999999999999,-0.0005499999999999999,2
1769772856.594933,0.0,0.0,0.0,0.0,1.0,5.499999999999999,-0.0005499999999999999,2
1769772856.5960395,0.0,0.0,0.0,0.0,1.0,5.499999999999999,-0.0005499999999999999,2
1769772856.5974977,0.0,0.0,0.0,0.0,1.0,5.499999999999999,-0.0005499999999999999,2
1769772856.599203,0.0,0.0,0.0,0.0,1.0,5.499999999999999,-0.0005499999999999999,2
1769772856.6004913,0.0,0.0,0.0,0.0,1.0,5.499999999999999,-0.0005499999999999999,2
1769772856.6019363,0.0,0.0,0.0,0.0,1.0,5.499999999999999,-0.0005499999999999999,2
1769772856.6032248,0.0,0.0,0.0,0.0,1.0,5.499999999999999,-0.0005499999999999999,2
1769772856.60446,0.0,0.0,0.0,0.0,1.0,5.499999999999999,-0.0005499999999999999,2
1769772856.605718,0.0,0.0,0.0,0.0,1.0,5.499999999999999,-0.0005499999999999999,2
1769772856.6069264,0.0,0.0,0.0,0.0,1.0,5.499999999999999,-0.0005499999999999999,2
1769772856.6079266,0.0,0.0,0.0,0.0,1.0,5.499999999999999,-0.0005499999999999999,2
1769772856.6092145,0.0,0.0,0.0,0.0,1.0,5.499999999999999,-0.0005499999999999999,2
1769772856.610712,0.0,0.0,0.0,0.0,1.0,5.499999999999999,-0.0005499999999999999,2
1769772856.6119196,0.0,0.0,0.0,0.0,1.0,5.499999999999999,-0.0005499999999999999,2
1769772856.6131701,0.0,0.0,0.0,0.0,1.0,5.499999999999999,-0.0005499999999999999,2
1769772856.6145787,0.0,0.0,0.0,0.0,1.0,5.499999999999999,-0.0005499999999999999,2
1769772856.6157506,0.0,0.0,0.0,0.0,1.0,5.499999999999999,-0.0005499999999999999,2
1769772856.6170764,0.0,0.0,0.0,0.0,1.0,5.499999999999999,-0.0005499999999999999,2
1769772856.618426,0.0,0.0,0.0,0.0,1.0,5.499999999999999,-0.0005499999999999999,2
1769772856.6197593,0.0,0.0,0.0,0.0,1.0,5.499999999999999,-0.0005499999999999999,2
1769772856.6210473,0.0,0.0,0.0,0.0,1.0,5.499999999999999,-0.0005499999999999999,2
1769772856.6224537,0.0,0.0,0.0,0.0,1.0,5.499999999999999,-0.0005499999999999999,2
1769772856.6234329,0.0,0.0,0.0,0.0,1.0,5.499999999999999,-0.0005499999999999999,2
1769772856.6243398,0.0,0.0,0.0,0.0,1.0,5.499999999999999,-0.0005499999999999999,2
1769772856.6256065,0.0,0.0,0.0,0.0,1.0,5.499999999999999,-0.0005499999999999999,2
1769772856.6275117,0.0,0.0,0.0,0.0,1.0,5.499999999999999,-0.0005499999999999999,2
1769772856.62965,0.0,0.0,0.0,0.0,1.0,5.499999999999999,-0.0005499999999999999,2
1769772856.6314056,0.0,0.0,0.0,0.0,1.0,5.499999999999999,-0.0005499999999999999,2
1769772856.6327024,0.0,0.0,0.0,0.0,1.0,5.499999999999999,-0.0005499999999999999,2
1769772856.6343975,0.0,0.0,0.0,0.0,1.0,5.499999999999999,-0.0005499999999999999,2
1769772856.635897,0.0,0.0,0.0,0.0,1.0,5.499999999999999,-0.0005499999999999999,2
1769772856.6370587,0.0,0.0,0.0,0.0,1.0,5.499999999999999,-0.0005499999999999999,2
1769772856.6383657,0.0,0.0,0.0,0.0,1.0,5.499999999999999,-0.0005499999999999999,2
1769772856.6392808,0.0,0.0,0.0,0.0,1.0,5.499999999999999,-0.0005499999999999999,2
1769772856.6401622,0.0,0.0,0.0,0.0,1.0,5.499999999999999,-0.0005499999999999999,2
1769772856.6419313,0.0,0.0,0.0,0.0,1.0,5.499999999999999,-0.0005499999999999999,2
1769772856.6433272,0.0,0.0,0.0,0.0,1.0,5.499999999999999,-0.0005499999999999999,2
1769772856.6442952,0.0,0.0,0.0,0.0,1.0,5.499999999999999,-0.0005499999999999999,2
1769772856.6453037,0.0,0.0,0.0,0.0,1.0,5.499999999999999,-0.0005499999999999999,2
1769772856.6463683,0.0,0.0,0.0,0.0,1.0,5.499999999999999,-0.0005499999999999999,2
1769772856.6473057,0.0,0.0,0.0,0.0,1.0,5.499999999999999,-0.0005499999999999999,2
1769772856.648568,0.0,0.0,0.0,0.0,1.0,5.499999999999999,-0.0005499999999999999,2
1769772856.650334,0.0,0.0,0.0,0.0,1.0,5.499999999999999,-0.0005499999999999999,2
1769772856.6525874,0.0,0.0,0.0,0.0,1.0,5.499999999999999,-0.0005499999999999999,2
1769772856.654698,0.0,0.0,0.0,0.0,1.0,5.499999999999999,-0.0005499999999999999,2
1769772856.656909,0.0,0.0,0.0,0.0,1.0,5.499999999999999,-0.0005499999999999999,2
1769772856.658591,0.0,0.0,0.0,0.0,1.0,5.499999999999999,-0.0005499999999999999,2
1769772856.6600935,0.0,0.0,0.0,0.0,1.0,5.499999999999999,-0.0005499999999999999,2
1769772856.6613746,0.0,0.0,0.0,0.0,1.0,5.499999999999999,-0.0005499999999999999,2
1769772856.6628585,0.0,0.0,0.0,0.0,1.0,5.499999999999999,-0.0005499999999999999,2
1769772856.664259,0.0,0.0,0.0,0.0,1.0,5.499999999999999,-0.0005499999999999999,2
1769772856.6657174,0.0,0.0,0.0,0.0,1.0,5.499999999999999,-0.0005499999999999999,2
1769772856.667188,0.0,0.0,0.0,0.0,1.0,5.499999999999999,-0.0005499999999999999,2
1769772856.6682875,0.0,0.0,0.0,0.0,1.0,5.499999999999999,-0.0005499999999999999,2
1769772856.6691983,0.0,0.0,0.0,0.0,1.0,5.499999999999999,-0.0005499999999999999,2
1769772856.6702044,0.0,0.0,0.0,0.0,1.0,5.499999999999999,-0.0005499999999999999,2
1769772856.6715894,0.0,0.0,0.0,0.0,1.0,5.499999999999999,-0.0005499999999999999,2
1769772856.6730604,0.0,0.0,0.0,0.0,1.0,5.499999999999999,-0.0005499999999999999,2
1769772856.6749737,0.0,0.0,0.0,0.0,1.0,5.499999999999999,-0.0005499999999999999,2
1769772856.747395,0.0,0.0,0.0,0.0,1.0,0.0,0.0,2
1769772856.7518575,0.0,0.0,0.0,0.0,1.0,5.499999999999999,-0.0005499999999999999,2
1769772856.7537153,0.0,0.0,0.0,0.0,1.0,5.499999999999999,-0.0005499999999999999,2
1769772856.7561493,0.0,0.0,0.0,0.0,1.0,5.499999999999999,-0.0005499999999999999,2
1769772856.758075,0.0,0.0,0.0,0.0,1.0,5.499999999999999,-0.0005499999999999999,2
1769772856.759616,0.0,0.0,0.0,0.0,1.0,5.499999999999999,-0.0005499999999999999,2
1769772856.7610192,0.0,0.0,0.0,0.0,1.0,5.499999999999999,-0.0005499999999999999,2
1769772856.7628927,0.0,0.0,0.0,0.0,1.0,5.499999999999999,-0.0005499999999999999,2
1769772856.7644386,0.0,0.0,0.0,0.0,1.0,5.499999999999999,-0.0005499999999999999,2
1769772856.7661998,0.0,0.0,0.0,0.0,1.0,5.499999999999999,-0.0005499999999999999,2
1769772856.7678068,0.0,0.0,0.0,0.0,1.0,5.499999999999999,-0.0005499999999999999,2
1769772856.769498,0.0,0.0,0.0,0.0,1.0,5.499999999999999,-0.0005499999999999999,2
1769772856.7713716,0.0,0.0,0.0,0.0,1.0,5.499999999999999,-0.0005499999999999999,2
1769772856.7730734,0.0,0.0,0.0,0.0,1.0,5.499999999999999,-0.0005499999999999999,2
1769772856.7744763,0.0,0.0,0.0,0.0,1.0,5.499999999999999,-0.0005499999999999999,2
1769772856.7760475,0.0,0.0,0.0,0.0,1.0,5.499999999999999,-0.0005499999999999999,2
1769772856.7774575,0.0,0.0,0.0,0.0,1.0,5.499999999999999,-0.0005499999999999999,2
1769772856.780114,0.0,0.0,0.0,0.0,1.0,5.499999999999999,-0.0005499999999999999,2
1769772856.782156,0.0,0.0,0.0,0.0,1.0,5.499999999999999,-0.0005499999999999999,2
1769772856.7840543,0.0,0.0,0.0,0.0,1.0,5.499999999999999,-0.0005499999999999999,2
1769772856.785748,0.0,0.0,0.0,0.0,1.0,5.499999999999999,-0.0005499999999999999,2
1769772856.787971,0.0,0.0,0.0,0.0,1.0,5.499999999999999,-0.0005499999999999999,2
1769772856.7905474,0.0,0.0,0.0,0.0,1.0,5.499999999999999,-0.0005499999999999999,2
1769772856.7919796,0.0,0.0,0.0,0.0,1.0,5.499999999999999,-0.0005499999999999999,2
1769772856.7939997,0.0,0.0,0.0,0.0,1.0,5.499999999999999,-0.0005499999999999999,2
1769772856.7956588,0.0,0.0,0.0,0.0,1.0,5.499999999999999,-0.0005499999999999999,2
1769772856.7967083,0.0,0.0,0.0,0.0,1.0,5.499999999999999,-0.0005499999999999999,2
1769772856.7981586,0.0,0.0,0.0,0.0,1.0,5.499999999999999,-0.0005499999999999999,2
1769772856.7995493,0.0,0.0,0.0,0.0,1.0,5.499999999999999,-0.0005499999999999999,2
1769772856.8009636,0.0,0.0,0.0,0.0,1.0,5.499999999999999,-0.0005499999999999999,2
1769772856.8021502,0.0,0.0,0.0,0.0,1.0,5.499999999999999,-0.0005499999999999999,2
1769772856.8034964,0.0,0.0,0.0,0.0,1.0,5.499999999999999,-0.0005499999999999999,2
1769772856.8047147,0.0,0.0,0.0,0.0,1.0,5.499999999999999,-0.0005499999999999999,2
1769772856.805982,0.0,0.0,0.0,0.0,1.0,5.499999999999999,-0.0005499999999999999,2
1769772856.8076327,0.0,0.0,0.0,0.0,1.0,5.499999999999999,-0.0005499999999999999,2
1769772856.8094463,0.0,0.0,0.0,0.0,1.0,5.499999999999999,-0.0005499999999999999,2
1769772856.8113756,0.0,0.0,0.0,0.0,1.0,5.499999999999999,-0.0005499999999999999,2
1769772856.8131094,0.0,0.0,0.0,0.0,1.0,5.499999999999999,-0.0005499999999999999,2
1769772856.8148055,0.0,0.0,0.0,0.0,1.0,5.499999999999999,-0.0005499999999999999,2
1769772856.8163307,0.0,0.0,0.0,0.0,1.0,5.499999999999999,-0.0005499999999999999,2
1769772856.8183491,0.0,0.0,0.0,0.0,1.0,5.499999999999999,-0.0005499999999999999,2
1769772856.8202617,0.0,0.0,0.0,0.0,1.0,5.499999999999999,-0.0005499999999999999,2
1769772856.8215725,0.0,0.0,0.0,0.0,1.0,5.499999999999999,-0.0005499999999999999,2
1769772856.8228776,0.0,0.0,0.0,0.0,1.0,5.499999999999999,-0.0005499999999999999,2
1769772856.8246317,0.0,0.0,0.0,0.0,1.0,5.499999999999999,-0.0005499999999999999,2
1769772856.8264244,0.0,0.0,0.0,0.0,1.0,5.499999999999999,-0.0005499999999999999,2
1769772856.8281722,0.0,0.0,0.0,0.0,1.0,5.499999999999999,-0.0005499999999999999,2
1769772856.829805,0.0,0.0,0.0,0.0,1.0,5.499999999999999,-0.0005499999999999999,2
1769772856.8313885,0.0,0.0,0.0,0.0,1.0,5.499999999999999,-0.0005499999999999999,2
1769772856.8329659,0.0,0.0,0.0,0.0,1.0,5.499999999999999,-0.0005499999999999999,2
1769772856.8351731,0.0,0.0,0.0,0.0,1.0,5.499999999999999,-0.0005499999999999999,2
1769772856.8366756,0.0,0.0,0.0,0.0,1.0,5.499999999999999,-0.0005499999999999999,2
1769772856.8390093,0.0,0.0,0.0,0.0,1.0,5.499999999999999,-0.0005499999999999999,2
1769772856.840576,0.0,0.0,0.0,0.0,1.0,5.499999999999999,-0.0005499999999999999,2
1769772856.8418248,0.0,0.0,0.0,0.0,1.0,5.499999999999999,-0.0005499999999999999,2
1769772856.8430672,0.0,0.0,0.0,0.0,1.0,5.499999999999999,-0.0005499999999999999,2
1769772856.844556,0.0,0.0,0.0,0.0,1.0,5.499999999999999,-0.0005499999999999999,2
1769772856.8461297,0.0,0.0,0.0,0.0,1.0,5.499999999999999,-0.0005499999999999999,2
1769772856.847843,0.0,0.0,0.0,0.0,1.0,5.499999999999999,-0.0005499999999999999,2
1769772856.8490837,0.0,0.0,0.0,0.0,1.0,5.499999999999999,-0.0005499999999999999,2
1769772856.8504775,0.0,0.0,0.0,0.0,1.0,5.499999999999999,-0.0005499999999999999,2
1769772856.8522973,0.0,0.0,0.0,0.0,1.0,5.499999999999999,-0.0005499999999999999,2
1769772856.855103,0.0,0.0,0.0,0.0,1.0,5.499999999999999,-0.0005499999999999999,2
1769772856.8567095,0.0,0.0,0.0,0.0,1.0,5.499999999999999,-0.0005499999999999999,2
1769772856.858395,0.0,0.0,0.0,0.0,1.0,5.499999999999999,-0.0005499999999999999,2
1769772856.860169,0.0,0.0,0.0,0.0,1.0,5.499999999999999,-0.0005499999999999999,2
1769772856.8617897,0.0,0.0,0.0,0.0,1.0,5.499999999999999,-0.0005499999999999999,2
1769772856.8631725,0.0,0.0,0.0,0.0,1.0,5.499999999999999,-0.0005499999999999999,2
1769772856.8643117,0.0,0.0,0.0,0.0,1.0,5.499999999999999,-0.0005499999999999999,2
1769772856.8654838,0.0,0.0,0.0,0.0,1.0,5.499999999999999,-0.0005499999999999999,2
1769772856.866894,0.0,0.0,0.0,0.0,1.0,5.499999999999999,-0.0005499999999999999,2
1769772856.8687005,0.0,0.0,0.0,0.0,1.0,5.499999999999999,-0.0005499999999999999,2
1769772856.8710773,0.0,0.0,0.0,0.0,1.0,5.499999999999999,-0.0005499999999999999,2
1769772856.8728004,0.0,0.0,0.0,0.0,1.0,5.499999999999999,-0.0005499999999999999,2
1769772856.8745015,0.0,0.0,0.0,0.0,1.0,5.499999999999999,-0.0005499999999999999,2
1769772856.8762197,0.0,0.0,0.0,0.0,1.0,5.499999999999999,-0.0005499999999999999,2
1769772856.878428,0.0,0.0,0.0,0.0,1.0,5.499999999999999,-0.0005499999999999999,2
1769772856.8799698,0.0,0.0,0.0,0.0,1.0,5.499999999999999,-0.0005499999999999999,2
1769772856.8814478,0.0,0.0,0.0,0.0,1.0,5.499999999999999,-0.0005499999999999999,2
1769772856.8827372,0.0,0.0,0.0,0.0,1.0,5.499999999999999,-0.0005499999999999999,2
1769772856.8846354,0.0,0.0,0.0,0.0,1.0,5.499999999999999,-0.0005499999999999999,2
1769772856.886217,0.0,0.0,0.0,0.0,1.0,5.499999999999999,-0.0005499999999999999,2
1769772856.8876302,0.0,0.0,0.0,0.0,1.0,5.499999999999999,-0.0005499999999999999,2
1769772856.8888824,0.0,0.0,0.0,0.0,1.0,5.499999999999999,-0.0005499999999999999,2
1769772856.8910239,0.0,0.0,0.0,0.0,1.0,5.499999999999999,-0.0005499999999999999,2
1769772856.892398,0.0,0.0,0.0,0.0,1.0,5.499999999999999,-0.0005499999999999999,2
1769772856.8937297,0.0,0.0,0.0,0.0,1.0,5.499999999999999,-0.0005499999999999999,2
1769772856.8950348,0.0,0.0,0.0,0.0,1.0,5.499999999999999,-0.0005499999999999999,2
1769772856.8966432,0.0,0.0,0.0,0.0,1.0,5.499999999999999,-0.0005499999999999999,2
1769772856.8983362,0.0,0.0,0.0,0.0,1.0,5.499999999999999,-0.0005499999999999999,2
1769772856.9002032,0.0,0.0,0.0,0.0,1.0,5.499999999999999,-0.0005499999999999999,2
1769772856.9021535,0.0,0.0,0.0,0.0,1.0,5.499999999999999,-0.0005499999999999999,2
1769772856.9038308,0.0,0.0,0.0,0.0,1.0,5.499999999999999,-0.0005499999999999999,2
1769772856.9053433,0.0,0.0,0.0,0.0,1.0,5.499999999999999,-0.0005499999999999999,2
1769772856.9068696,0.0,0.0,0.0,0.0,1.0,5.499999999999999,-0.0005499999999999999,2
1769772856.9085958,0.0,0.0,0.0,0.0,1.0,5.499999999999999,-0.0005499999999999999,2
1769772856.910428,0.0,0.0,0.0,0.0,1.0,5.499999999999999,-0.0005499999999999999,2
1769772856.9116614,0.0,0.0,0.0,0.0,1.0,5.499999999999999,-0.0005499999999999999,2
1769772856.9129112,0.0,0.0,0.0,0.0,1.0,5.499999999999999,-0.0005499999999999999,2
1769772856.9142036,0.0,0.0,0.0,0.0,1.0,5.499999999999999,-0.0005499999999999999,2
1769772856.915486,0.0,0.0,0.0,0.0,1.0,5.499999999999999,-0.0005499999999999999,2
1769772856.9166906,0.0,0.0,0.0,0.0,1.0,5.499999999999999,-0.0005499999999999999,2
1769772856.917976,0.0,0.0,0.0,0.0,1.0,5.499999999999999,-0.0005499999999999999,2
1769772856.9192095,0.0,0.0,0.0,0.0,1.0,5.499999999999999,-0.0005499999999999999,2
1769772856.9203935,0.0,0.0,0.0,0.0,1.0,5.499999999999999,-0.0005499999999999999,2
1769772856.9216065,0.0,0.0,0.0,0.0,1.0,5.499999999999999,-0.0005499999999999999,2
1769772856.9228384,0.0,0.0,0.0,0.0,1.0,5.499999999999999,-0.0005499999999999999,2
1769772856.924095,0.0,0.0,0.0,0.0,1.0,5.499999999999999,-0.0005499999999999999,2
1769772856.9253588,0.0,0.0,0.0,0.0,1.0,5.499999999999999,-0.0005499999999999999,2
1769772856.9266047,0.0,0.0,0.0,0.0,1.0,5.499999999999999,-0.0005499999999999999,2
1769772856.9277866,0.0,0.0,0.0,0.0,1.0,5.499999999999999,-0.0005499999999999999,2
1769772856.9304342,0.0,0.0,0.0,0.0,1.0,5.499999999999999,-0.0005499999999999999,2
1769772856.9323692,0.0,0.0,0.0,0.0,1.0,5.499999999999999,-0.0005499999999999999,2
1769772856.9340734,0.0,0.0,0.0,0.0,1.0,5.499999999999999,-0.0005499999999999999,2
1769772856.9368582,0.0,0.0,0.0,0.0,1.0,5.499999999999999,-0.0005499999999999999,2
1769772856.9387124,0.0,0.0,0.0,0.0,1.0,5.499999999999999,-0.0005499999999999999,2
1769772856.9415154,0.0,0.0,0.0,0.0,1.0,5.499999999999999,-0.0005499999999999999,2
1769772856.9436638,0.0,0.0,0.0,0.0,1.0,5.499999999999999,-0.0005499999999999999,2
1769772856.9464917,0.0,0.0,0.0,0.0,1.0,5.499999999999999,-0.0005499999999999999,2
1769772856.948193,0.0,0.0,0.0,0.0,1.0,5.499999999999999,-0.0005499999999999999,2
1769772856.94992,0.0,0.0,0.0,0.0,1.0,5.499999999999999,-0.0005499999999999999,2
1769772856.9518912,0.0,0.0,0.0,0.0,1.0,5.499999999999999,-0.0005499999999999999,2
1769772856.953336,0.0,0.0,0.0,0.0,1.0,5.499999999999999,-0.0005499999999999999,2
1769772856.9547946,0.0,0.0,0.0,0.0,1.0,5.499999999999999,-0.0005499999999999999,2
1769772856.9565413,0.0,0.0,0.0,0.0,1.0,5.499999999999999,-0.0005499999999999999,2
1769772856.9587712,0.0,0.0,0.0,0.0,1.0,5.499999999999999,-0.0005499999999999999,2
1769772856.9602664,0.0,0.0,0.0,0.0,1.0,5.499999999999999,-0.0005499999999999999,2
1769772856.961547,0.0,0.0,0.0,0.0,1.0,5.499999999999999,-0.0005499999999999999,2
1769772856.9627247,0.0,0.0,0.0,0.0,1.0,5.499999999999999,-0.0005499999999999999,2
1769772856.9643512,0.0,0.0,0.0,0.0,1.0,5.499999999999999,-0.0005499999999999999,2
1769772856.965797,0.0,0.0,0.0,0.0,1.0,5.499999999999999,-0.0005499999999999999,2
1769772856.9674652,0.0,0.0,0.0,0.0,1.0,5.499999999999999,-0.0005499999999999999,2
1769772856.9693677,0.0,0.0,0.0,0.0,1.0,5.499999999999999,-0.0005499999999999999,2
1769772856.9709463,0.0,0.0,0.0,0.0,1.0,5.499999999999999,-0.0005499999999999999,2
1769772856.9727051,0.0,0.0,0.0,0.0,1.0,5.499999999999999,-0.0005499999999999999,2
1769772856.9750352,0.0,0.0,0.0,0.0,1.0,5.499999999999999,-0.0005499999999999999,2
1769772856.9766355,0.0,0.0,0.0,0.0,1.0,5.499999999999999,-0.0005499999999999999,2
1769772856.9780774,0.0,0.0,0.0,0.0,1.0,5.499999999999999,-0.0005499999999999999,2
1769772856.9796429,0.0,0.0,0.0,0.0,1.0,5.499999999999999,-0.0005499999999999999,2
1769772856.9813695,0.0,0.0,0.0,0.0,1.0,5.499999999999999,-0.0005499999999999999,2
1769772856.9828594,0.0,0.0,0.0,0.0,1.0,5.499999999999999,-0.0005499999999999999,2
1769772856.983896,0.0,0.0,0.0,0.0,1.0,5.499999999999999,-0.0005499999999999999,2
1769772856.9848688,0.0,0.0,0.0,0.0,1.0,5.499999999999999,-0.0005499999999999999,2
1769772856.9861102,0.0,0.0,0.0,0.0,1.0,5.499999999999999,-0.0005499999999999999,2
1769772856.9897335,0.0,0.0,0.0,0.0,1.0,5.499999999999999,-0.0005499999999999999,2
1769772856.9912572,0.0,0.0,0.0,0.0,1.0,5.499999999999999,-0.0005499999999999999,2
1769772856.9922266,0.0,0.0,0.0,0.0,1.0,5.499999999999999,-0.0005499999999999999,2
1769772856.9931762,0.0,0.0,0.0,0.0,1.0,5.499999999999999,-0.0005499999999999999,2
1769772856.9942436,0.0,0.0,0.0,0.0,1.0,5.499999999999999,-0.0005499999999999999,2
1769772856.9951785,0.0,0.0,0.0,0.0,1.0,5.499999999999999,-0.0005499999999999999,2
1769772856.9961202,0.0,0.0,0.0,0.0,1.0,5.499999999999999,-0.0005499999999999999,2
1769772856.9976816,0.0,0.0,0.0,0.0,1.0,5.499999999999999,-0.0005499999999999999,2
1769772856.9989283,0.0,0.0,0.0,0.0,1.0,5.499999999999999,-0.0005499999999999999,2
1769772856.9998844,0.0,0.0,0.0,0.0,1.0,5.499999999999999,-0.0005499999999999999,2
1769772857.00081,0.0,0.0,0.0,0.0,1.0,5.499999999999999,-0.0005499999999999999,2
1769772857.0016937,0.0,0.0,0.0,0.0,1.0,5.499999999999999,-0.0005499999999999999,2
1769772857.0025911,0.0,0.0,0.0,0.0,1.0,5.499999999999999,-0.0005499999999999999,2
1769772857.0045211,0.0,0.0,0.0,0.0,1.0,5.499999999999999,-0.0005499999999999999,2
1769772857.0064385,0.0,0.0,0.0,0.0,1.0,5.499999999999999,-0.0005499999999999999,2
1769772857.0074904,0.0,0.0,0.0,0.0,1.0,5.499999999999999,-0.0005499999999999999,2
1769772857.0085664,0.0,0.0,0.0,0.0,1.0,5.499999999999999,-0.0005499999999999999,2
1769772857.0096176,0.0,0.0,0.0,0.0,1.0,5.499999999999999,-0.0005499999999999999,2
1769772857.0106685,0.0,0.0,0.0,0.0,1.0,5.499999999999999,-0.0005499999999999999,2
1769772857.011631,0.0,0.0,0.0,0.0,1.0,5.499999999999999,-0.0005499999999999999,2
1769772857.0127788,0.0,0.0,0.0,0.0,1.0,5.499999999999999,-0.0005499999999999999,2
1769772857.014226,0.0,0.0,0.0,0.0,1.0,5.499999999999999,-0.0005499999999999999,2
1769772857.0154011,0.0,0.0,0.0,0.0,1.0,5.499999999999999,-0.0005499999999999999,2
1769772857.0163279,0.0,0.0,0.0,0.0,1.0,5.499999999999999,-0.0005499999999999999,2
1769772857.0172513,0.0,0.0,0.0,0.0,1.0,5.499999999999999,-0.0005499999999999999,2
1769772857.0183506,0.0,0.0,0.0,0.0,1.0,5.499999999999999,-0.0005499999999999999,2
1769772857.0194862,0.0,0.0,0.0,0.0,1.0,5.499999999999999,-0.0005499999999999999,2
1769772857.0204442,0.0,0.0,0.0,0.0,1.0,5.499999999999999,-0.0005499999999999999,2
1769772857.0215294,0.0,0.0,0.0,0.0,1.0,5.499999999999999,-0.0005499999999999999,2
1769772857.0228033,0.0,0.0,0.0,0.0,1.0,5.499999999999999,-0.0005499999999999999,2
1769772857.0237658,0.0,0.0,0.0,0.0,1.0,5.499999999999999,-0.0005499999999999999,2
1769772857.0246987,0.0,0.0,0.0,0.0,1.0,5.499999999999999,-0.0005499999999999999,2
1769772857.0256307,0.0,0.0,0.0,0.0,1.0,5.499999999999999,-0.0005499999999999999,2
1769772857.0266109,0.0,0.0,0.0,0.0,1.0,5.499999999999999,-0.0005499999999999999,2
1769772857.0278084,0.0,0.0,0.0,0.0,1.0,5.499999999999999,-0.0005499999999999999,2
1769772857.0288363,0.0,0.0,0.0,0.0,1.0,5.499999999999999,-0.0005499999999999999,2
1769772857.0303195,0.0,0.0,0.0,0.0,1.0,5.499999999999999,-0.0005499999999999999,2
1769772857.0314817,0.0,0.0,0.0,0.0,1.0,5.499999999999999,-0.0005499999999999999,2
1769772857.032391,0.0,0.0,0.0,0.0,1.0,5.499999999999999,-0.0005499999999999999,2
1769772857.033321,0.0,0.0,0.0,0.0,1.0,5.499999999999999,-0.0005499999999999999,2
1769772857.034498,0.0,0.0,0.0,0.0,1.0,5.499999999999999,-0.0005499999999999999,2
1769772857.0359635,0.0,0.0,0.0,0.0,1.0,5.499999999999999,-0.0005499999999999999,2
1769772857.0373049,0.0,0.0,0.0,0.0,1.0,5.499999999999999,-0.0005499999999999999,2
1769772857.0385787,0.0,0.0,0.0,0.0,1.0,5.499999999999999,-0.0005499999999999999,2
1769772857.0399466,0.0,0.0,0.0,0.0,1.0,5.499999999999999,-0.0005499999999999999,2
1769772857.0411382,0.0,0.0,0.0,0.0,1.0,5.499999999999999,-0.0005499999999999999,2
1769772857.0424414,0.0,0.0,0.0,0.0,1.0,5.499999999999999,-0.0005499999999999999,2
1769772857.0436199,0.0,0.0,0.0,0.0,1.0,5.499999999999999,-0.0005499999999999999,2
1769772857.0449657,0.0,0.0,0.0,0.0,1.0,5.499999999999999,-0.0005499999999999999,2
1769772857.0464542,0.0,0.0,0.0,0.0,1.0,5.499999999999999,-0.0005499999999999999,2
1769772857.0477262,0.0,0.0,0.0,0.0,1.0,5.499999999999999,-0.0005499999999999999,2
1769772857.0493717,0.0,0.0,0.0,0.0,1.0,5.499999999999999,-0.0005499999999999999,2
1769772857.0511382,0.0,0.0,0.0,0.0,1.0,5.499999999999999,-0.0005499999999999999,2
1769772857.0527139,0.0,0.0,0.0,0.0,1.0,5.499999999999999,-0.0005499999999999999,2
1769772857.0544305,0.0,0.0,0.0,0.0,1.0,5.499999999999999,-0.0005499999999999999,2
1769772857.0560336,0.0,0.0,0.0,0.0,1.0,5.499999999999999,-0.0005499999999999999,2
1769772857.0573733,0.0,0.0,0.0,0.0,1.0,5.499999999999999,-0.0005499999999999999,2
1769772857.1303625,0.0,0.0,0.0,0.0,1.0,0.0,0.0,2
1769772857.1343997,0.0,0.0,0.0,0.0,1.0,5.499999999999999,-0.0005499999999999999,2
1769772857.13687,0.0,0.0,0.0,0.0,1.0,5.499999999999999,-0.0005499999999999999,2
1769772857.1384768,0.0,0.0,0.0,0.0,1.0,5.499999999999999,-0.0005499999999999999,2
1769772857.140059,0.0,0.0,0.0,0.0,1.0,5.499999999999999,-0.0005499999999999999,2
1769772857.1418178,0.0,0.0,0.0,0.0,1.0,5.499999999999999,-0.0005499999999999999,2
1769772857.1433282,0.0,0.0,0.0,0.0,1.0,5.499999999999999,-0.0005499999999999999,2
1769772857.144415,0.0,0.0,0.0,0.0,1.0,5.499999999999999,-0.0005499999999999999,2
1769772857.1457207,0.0,0.0,0.0,0.0,1.0,5.499999999999999,-0.0005499999999999999,2
1769772857.1476815,0.0,0.0,0.0,0.0,1.0,5.499999999999999,-0.0005499999999999999,2
1769772857.1492207,0.0,0.0,0.0,0.0,1.0,5.499999999999999,-0.0005499999999999999,2
1769772857.1510236,0.0,0.0,0.0,0.0,1.0,5.499999999999999,-0.0005499999999999999,2
1769772857.152329,0.0,0.0,0.0,0.0,1.0,5.499999999999999,-0.0005499999999999999,2
1769772857.1536694,0.0,0.0,0.0,0.0,1.0,5.499999999999999,-0.0005499999999999999,2
1769772857.1549757,0.0,0.0,0.0,0.0,1.0,5.499999999999999,-0.0005499999999999999,2
1769772857.156536,0.0,0.0,0.0,0.0,1.0,5.499999999999999,-0.0005499999999999999,2
1769772857.1587017,0.0,0.0,0.0,0.0,1.0,5.499999999999999,-0.0005499999999999999,2
1769772857.1607893,0.0,0.0,0.0,0.0,1.0,5.499999999999999,-0.0005499999999999999,2
1769772857.1621926,0.0,0.0,0.0,0.0,1.0,5.499999999999999,-0.0005499999999999999,2
1769772857.1636174,0.0,0.0,0.0,0.0,1.0,5.499999999999999,-0.0005499999999999999,2
1769772857.1649175,0.0,0.0,0.0,0.0,1.0,5.499999999999999,-0.0005499999999999999,2
1769772857.1666365,0.0,0.0,0.0,0.0,1.0,5.499999999999999,-0.0005499999999999999,2
1769772857.168811,0.0,0.0,0.0,0.0,1.0,5.499999999999999,-0.0005499999999999999,2
1769772857.1703362,0.0,0.0,0.0,0.0,1.0,5.499999999999999,-0.0005499999999999999,2
1769772857.1723971,0.0,0.0,0.0,0.0,1.0,5.499999999999999,-0.0005499999999999999,2
1769772857.1739502,0.0,0.0,0.0,0.0,1.0,5.499999999999999,-0.0005499999999999999,2
1769772857.175564,0.0,0.0,0.0,0.0,1.0,5.499999999999999,-0.0005499999999999999,2
1769772857.1778023,0.0,0.0,0.0,0.0,1.0,5.499999999999999,-0.0005499999999999999,2
1769772857.1793296,0.0,0.0,0.0,0.0,1.0,5.499999999999999,-0.0005499999999999999,2
1769772857.1807008,0.0,0.0,0.0,0.0,1.0,5.499999999999999,-0.0005499999999999999,2
1769772857.1824622,0.0,0.0,0.0,0.0,1.0,5.499999999999999,-0.0005499999999999999,2
1769772857.184839,0.0,0.0,0.0,0.0,1.0,5.499999999999999,-0.0005499999999999999,2
1769772857.1864393,0.0,0.0,0.0,0.0,1.0,5.499999999999999,-0.0005499999999999999,2
1769772857.1881487,0.0,0.0,0.0,0.0,1.0,5.499999999999999,-0.0005499999999999999,2
1769772857.1897376,0.0,0.0,0.0,0.0,1.0,5.499999999999999,-0.0005499999999999999,2
1769772857.1915674,0.0,0.0,0.0,0.0,1.0,5.499999999999999,-0.0005499999999999999,2
1769772857.1932096,0.0,0.0,0.0,0.0,1.0,5.499999999999999,-0.0005499999999999999,2
1769772857.1948948,0.0,0.0,0.0,0.0,1.0,5.499999999999999,-0.0005499999999999999,2
1769772857.1965523,0.0,0.0,0.0,0.0,1.0,5.499999999999999,-0.0005499999999999999,2
1769772857.1984568,0.0,0.0,0.0,0.0,1.0,5.499999999999999,-0.0005499999999999999,2
1769772857.1999679,0.0,0.0,0.0,0.0,1.0,5.499999999999999,-0.0005499999999999999,2
1769772857.2031965,0.0,0.0,0.0,0.0,1.0,5.499999999999999,-0.0005499999999999999,2
1769772857.2049408,0.0,0.0,0.0,0.0,1.0,5.499999999999999,-0.0005499999999999999,2
1769772857.2062163,0.0,0.0,0.0,0.0,1.0,5.499999999999999,-0.0005499999999999999,2
1769772857.2076473,0.0,0.0,0.0,0.0,1.0,5.499999999999999,-0.0005499999999999999,2
1769772857.208958,0.0,0.0,0.0,0.0,1.0,5.499999999999999,-0.0005499999999999999,2
1769772857.2104585,0.0,0.0,0.0,0.0,1.0,5.499999999999999,-0.0005499999999999999,2
1769772857.2116613,0.0,0.0,0.0,0.0,1.0,5.499999999999999,-0.0005499999999999999,2
1769772857.212969,0.0,0.0,0.0,0.0,1.0,5.499999999999999,-0.0005499999999999999,2
1769772857.2147217,0.0,0.0,0.0,0.0,1.0,5.499999999999999,-0.0005499999999999999,2
1769772857.216663,0.0,0.0,0.0,0.0,1.0,5.499999999999999,-0.0005499999999999999,2
1769772857.2185922,0.0,0.0,0.0,0.0,1.0,5.499999999999999,-0.0005499999999999999,2
1769772857.2199416,0.0,0.0,0.0,0.0,1.0,5.499999999999999,-0.0005499999999999999,2
1769772857.2221415,0.0,0.0,0.0,0.0,1.0,5.499999999999999,-0.0005499999999999999,2
1769772857.2236123,0.0,0.0,0.0,0.0,1.0,5.499999999999999,-0.0005499999999999999,2
1769772857.2250462,0.0,0.0,0.0,0.0,1.0,5.499999999999999,-0.0005499999999999999,2
1769772857.2264068,0.0,0.0,0.0,0.0,1.0,5.499999999999999,-0.0005499999999999999,2
1769772857.227797,0.0,0.0,0.0,0.0,1.0,5.499999999999999,-0.0005499999999999999,2
1769772857.2292523,0.0,0.0,0.0,0.0,1.0,5.499999999999999,-0.0005499999999999999,2
1769772857.2314293,0.0,0.0,0.0,0.0,1.0,5.499999999999999,-0.0005499999999999999,2
1769772857.2328503,0.0,0.0,0.0,0.0,1.0,5.499999999999999,-0.0005499999999999999,2
1769772857.2342885,0.0,0.0,0.0,0.0,1.0,5.499999999999999,-0.0005499999999999999,2
1769772857.23567,0.0,0.0,0.0,0.0,1.0,5.499999999999999,-0.0005499999999999999,2
1769772857.2370334,0.0,0.0,0.0,0.0,1.0,5.499999999999999,-0.0005499999999999999,2
1769772857.2388275,0.0,0.0,0.0,0.0,1.0,5.499999999999999,-0.0005499999999999999,2
1769772857.2402146,0.0,0.0,0.0,0.0,1.0,5.499999999999999,-0.0005499999999999999,2
1769772857.2415123,0.0,0.0,0.0,0.0,1.0,5.499999999999999,-0.0005499999999999999,2
1769772857.2427819,0.0,0.0,0.0,0.0,1.0,5.499999999999999,-0.0005499999999999999,2
1769772857.245274,0.0,0.0,0.0,0.0,1.0,5.499999999999999,-0.0005499999999999999,2
1769772857.247814,0.0,0.0,0.0,0.0,1.0,5.499999999999999,-0.0005499999999999999,2
1769772857.2501402,0.0,0.0,0.0,0.0,1.0,5.499999999999999,-0.0005499999999999999,2
1769772857.251466,0.0,0.0,0.0,0.0,1.0,5.499999999999999,-0.0005499999999999999,2
1769772857.252774,0.0,0.0,0.0,0.0,1.0,5.499999999999999,-0.0005499999999999999,2
1769772857.2541738,0.0,0.0,0.0,0.0,1.0,5.499999999999999,-0.0005499999999999999,2
1769772857.2555473,0.0,0.0,0.0,0.0,1.0,5.499999999999999,-0.0005499999999999999,2
1769772857.2568345,0.0,0.0,0.0,0.0,1.0,5.499999999999999,-0.0005499999999999999,2
1769772857.2579775,0.0,0.0,0.0,0.0,1.0,5.499999999999999,-0.0005499999999999999,2
1769772857.2602818,0.0,0.0,0.0,0.0,1.0,5.499999999999999,-0.0005499999999999999,2
1769772857.2614849,0.0,0.0,0.0,0.0,1.0,5.499999999999999,-0.0005499999999999999,2
1769772857.263078,0.0,0.0,0.0,0.0,1.0,5.499999999999999,-0.0005499999999999999,2
1769772857.2643454,0.0,0.0,0.0,0.0,1.0,5.499999999999999,-0.0005499999999999999,2
1769772857.2655299,0.0,0.0,0.0,0.0,1.0,5.499999999999999,-0.0005499999999999999,2
1769772857.2669895,0.0,0.0,0.0,0.0,1.0,5.499999999999999,-0.0005499999999999999,2
1769772857.2683086,0.0,0.0,0.0,0.0,1.0,5.499999999999999,-0.0005499999999999999,2
1769772857.2704465,0.0,0.0,0.0,0.0,1.0,5.499999999999999,-0.0005499999999999999,2
1769772857.2720528,0.0,0.0,0.0,0.0,1.0,5.499999999999999,-0.0005499999999999999,2
1769772857.2733135,0.0,0.0,0.0,0.0,1.0,5.499999999999999,-0.0005499999999999999,2
1769772857.2746954,0.0,0.0,0.0,0.0,1.0,5.499999999999999,-0.0005499999999999999,2
1769772857.2763886,0.0,0.0,0.0,0.0,1.0,5.499999999999999,-0.0005499999999999999,2
1769772857.2786567,0.0,0.0,0.0,0.0,1.0,5.499999999999999,-0.0005499999999999999,2
1769772857.2807312,0.0,0.0,0.0,0.0,1.0,5.499999999999999,-0.0005499999999999999,2
1769772857.2825212,0.0,0.0,0.0,0.0,1.0,5.499999999999999,-0.0005499999999999999,2
1769772857.2840402,0.0,0.0,0.0,0.0,1.0,5.499999999999999,-0.0005499999999999999,2
1769772857.2856274,0.0,0.0,0.0,0.0,1.0,5.499999999999999,-0.0005499999999999999,2
1769772857.2875888,0.0,0.0,0.0,0.0,1.0,5.499999999999999,-0.0005499999999999999,2
1769772857.2892113,0.0,0.0,0.0,0.0,1.0,5.499999999999999,-0.0005499999999999999,2
1769772857.2909987,0.0,0.0,0.0,0.0,1.0,5.499999999999999,-0.0005499999999999999,2
1769772857.292296,0.0,0.0,0.0,0.0,1.0,5.499999999999999,-0.0005499999999999999,2
1769772857.293627,0.0,0.0,0.0,0.0,1.0,5.499999999999999,-0.0005499999999999999,2
1769772857.295035,0.0,0.0,0.0,0.0,1.0,5.499999999999999,-0.0005499999999999999,2
1769772857.296586,0.0,0.0,0.0,0.0,1.0,5.499999999999999,-0.0005499999999999999,2
1769772857.2984164,0.0,0.0,0.0,0.0,1.0,5.499999999999999,-0.0005499999999999999,2
1769772857.2997577,0.0,0.0,0.0,0.0,1.0,5.499999999999999,-0.0005499999999999999,2
1769772857.301136,0.0,0.0,0.0,0.0,1.0,5.499999999999999,-0.0005499999999999999,2
1769772857.302225,0.0,0.0,0.0,0.0,1.0,5.499999999999999,-0.0005499999999999999,2
1769772857.3035157,0.0,0.0,0.0,0.0,1.0,5.499999999999999,-0.0005499999999999999,2
1769772857.304869,0.0,0.0,0.0,0.0,1.0,5.499999999999999,-0.0005499999999999999,2
1769772857.3064878,0.0,0.0,0.0,0.0,1.0,5.499999999999999,-0.0005499999999999999,2
1769772857.3079622,0.0,0.0,0.0,0.0,1.0,5.499999999999999,-0.0005499999999999999,2
1769772857.3093839,0.0,0.0,0.0,0.0,1.0,5.499999999999999,-0.0005499999999999999,2
1769772857.3107097,0.0,0.0,0.0,0.0,1.0,5.499999999999999,-0.0005499999999999999,2
1769772857.3121295,0.0,0.0,0.0,0.0,1.0,5.499999999999999,-0.0005499999999999999,2
1769772857.3135736,0.0,0.0,0.0,0.0,1.0,5.499999999999999,-0.0005499999999999999,2
1769772857.315063,0.0,0.0,0.0,0.0,1.0,5.499999999999999,-0.0005499999999999999,2
1769772857.3164725,0.0,0.0,0.0,0.0,1.0,5.499999999999999,-0.0005499999999999999,2
1769772857.317952,0.0,0.0,0.0,0.0,1.0,5.499999999999999,-0.0005499999999999999,2
1769772857.3193202,0.0,0.0,0.0,0.0,1.0,5.499999999999999,-0.0005499999999999999,2
1769772857.320842,0.0,0.0,0.0,0.0,1.0,5.499999999999999,-0.0005499999999999999,2
1769772857.3226724,0.0,0.0,0.0,0.0,1.0,5.499999999999999,-0.0005499999999999999,2
1769772857.3241417,0.0,0.0,0.0,0.0,1.0,5.499999999999999,-0.0005499999999999999,2
1769772857.325566,0.0,0.0,0.0,0.0,1.0,5.499999999999999,-0.0005499999999999999,2
1769772857.3270657,0.0,0.0,0.0,0.0,1.0,5.499999999999999,-0.0005499999999999999,2
1769772857.3287199,0.0,0.0,0.0,0.0,1.0,5.499999999999999,-0.0005499999999999999,2
1769772857.33067,0.0,0.0,0.0,0.0,1.0,5.499999999999999,-0.0005499999999999999,2
1769772857.3324258,0.0,0.0,0.0,0.0,1.0,5.499999999999999,-0.0005499999999999999,2
1769772857.3334856,0.0,0.0,0.0,0.0,1.0,5.499999999999999,-0.0005499999999999999,2
1769772857.3346312,0.0,0.0,0.0,0.0,1.0,5.499999999999999,-0.0005499999999999999,2
1769772857.335566,0.0,0.0,0.0,0.0,1.0,5.499999999999999,-0.0005499999999999999,2
1769772857.3371353,0.0,0.0,0.0,0.0,1.0,5.499999999999999,-0.0005499999999999999,2
1769772857.338566,0.0,0.0,0.0,0.0,1.0,5.499999999999999,-0.0005499999999999999,2
1769772857.3398519,0.0,0.0,0.0,0.0,1.0,5.499999999999999,-0.0005499999999999999,2
1769772857.3410532,0.0,0.0,0.0,0.0,1.0,5.499999999999999,-0.0005499999999999999,2
1769772857.3425446,0.0,0.0,0.0,0.0,1.0,5.499999999999999,-0.0005499999999999999,2
1769772857.3443396,0.0,0.0,0.0,0.0,1.0,5.499999999999999,-0.0005499999999999999,2
1769772857.3465447,0.0,0.0,0.0,0.0,1.0,5.499999999999999,-0.0005499999999999999,2
1769772857.3486853,0.0,0.0,0.0,0.0,1.0,5.499999999999999,-0.0005499999999999999,2
1769772857.3507454,0.0,0.0,0.0,0.0,1.0,5.499999999999999,-0.0005499999999999999,2
1769772857.3533657,0.0,0.0,0.0,0.0,1.0,5.499999999999999,-0.0005499999999999999,2
1769772857.3547325,0.0,0.0,0.0,0.0,1.0,5.499999999999999,-0.0005499999999999999,2
1769772857.3560004,0.0,0.0,0.0,0.0,1.0,5.499999999999999,-0.0005499999999999999,2
1769772857.3572233,0.0,0.0,0.0,0.0,1.0,5.499999999999999,-0.0005499999999999999,2
1769772857.3585255,0.0,0.0,0.0,0.0,1.0,5.499999999999999,-0.0005499999999999999,2
1769772857.3598094,0.0,0.0,0.0,0.0,1.0,5.499999999999999,-0.0005499999999999999,2
1769772857.3609474,0.0,0.0,0.0,0.0,1.0,5.499999999999999,-0.0005499999999999999,2
1769772857.3624167,0.0,0.0,0.0,0.0,1.0,5.499999999999999,-0.0005499999999999999,2
1769772857.3636255,0.0,0.0,0.0,0.0,1.0,5.499999999999999,-0.0005499999999999999,2
1769772857.3648303,0.0,0.0,0.0,0.0,1.0,5.499999999999999,-0.0005499999999999999,2
1769772857.3659651,0.0,0.0,0.0,0.0,1.0,5.499999999999999,-0.0005499999999999999,2
1769772857.3681643,0.0,0.0,0.0,0.0,1.0,5.499999999999999,-0.0005499999999999999,2
1769772857.3697584,0.0,0.0,0.0,0.0,1.0,5.499999999999999,-0.0005499999999999999,2
1769772857.3713048,0.0,0.0,0.0,0.0,1.0,5.499999999999999,-0.0005499999999999999,2
1769772857.3727975,0.0,0.0,0.0,0.0,1.0,5.499999999999999,-0.0005499999999999999,2
1769772857.374253,0.0,0.0,0.0,0.0,1.0,5.499999999999999,-0.0005499999999999999,2
1769772857.3757982,0.0,0.0,0.0,0.0,1.0,5.499999999999999,-0.0005499999999999999,2
1769772857.3774881,0.0,0.0,0.0,0.0,1.0,5.499999999999999,-0.0005499999999999999,2
1769772857.3799992,0.0,0.0,0.0,0.0,1.0,5.499999999999999,-0.0005499999999999999,2
1769772857.381272,0.0,0.0,0.0,0.0,1.0,5.499999999999999,-0.0005499999999999999,2
1769772857.384327,0.0,0.0,0.0,0.0,1.0,5.499999999999999,-0.0005499999999999999,2
1769772857.386388,0.0,0.0,0.0,0.0,1.0,5.499999999999999,-0.0005499999999999999,2
1769772857.3878868,0.0,0.0,0.0,0.0,1.0,5.499999999999999,-0.0005499999999999999,2
1769772857.3894608,0.0,0.0,0.0,0.0,1.0,5.499999999999999,-0.0005499999999999999,2
1769772857.3913074,0.0,0.0,0.0,0.0,1.0,5.499999999999999,-0.0005499999999999999,2
1769772857.3932261,0.0,0.0,0.0,0.0,1.0,5.499999999999999,-0.0005499999999999999,2
1769772857.394601,0.0,0.0,0.0,0.0,1.0,5.499999999999999,-0.0005499999999999999,2
1769772857.3958254,0.0,0.0,0.0,0.0,1.0,5.499999999999999,-0.0005499999999999999,2
1769772857.3974595,0.0,0.0,0.0,0.0,1.0,5.499999999999999,-0.0005499999999999999,2
1769772857.40067,0.0,0.0,0.0,0.0,1.0,5.499999999999999,-0.0005499999999999999,2
1769772857.4023578,0.0,0.0,0.0,0.0,1.0,5.499999999999999,-0.0005499999999999999,2
1769772857.403931,0.0,0.0,0.0,0.0,1.0,5.499999999999999,-0.0005499999999999999,2
1769772857.405447,0.0,0.0,0.0,0.0,1.0,5.499999999999999,-0.0005499999999999999,2
1769772857.4084022,0.0,0.0,0.0,0.0,1.0,5.499999999999999,-0.0005499999999999999,2
1769772857.4098687,0.0,0.0,0.0,0.0,1.0,5.499999999999999,-0.0005499999999999999,2
1769772857.4111245,0.0,0.0,0.0,0.0,1.0,5.499999999999999,-0.0005499999999999999,2
1769772857.412458,0.0,0.0,0.0,0.0,1.0,5.499999999999999,-0.0005499999999999999,2
1769772857.4136894,0.0,0.0,0.0,0.0,1.0,5.499999999999999,-0.0005499999999999999,2
1769772857.415953,0.0,0.0,0.0,0.0,1.0,5.499999999999999,-0.0005499999999999999,2
1769772857.4175432,0.0,0.0,0.0,0.0,1.0,5.499999999999999,-0.0005499999999999999,2
1769772857.4188993,0.0,0.0,0.0,0.0,1.0,5.499999999999999,-0.0005499999999999999,2
1769772857.4202218,0.0,0.0,0.0,0.0,1.0,5.499999999999999,-0.0005499999999999999,2
1769772857.4213457,0.0,0.0,0.0,0.0,1.0,5.499999999999999,-0.0005499999999999999,2
1769772857.4225547,0.0,0.0,0.0,0.0,1.0,5.499999999999999,-0.0005499999999999999,2
1769772857.423837,0.0,0.0,0.0,0.0,1.0,5.499999999999999,-0.0005499999999999999,2
1769772857.4251564,0.0,0.0,0.0,0.0,1.0,5.499999999999999,-0.0005499999999999999,2
1769772857.426543,0.0,0.0,0.0,0.0,1.0,5.499999999999999,-0.0005499999999999999,2
1769772857.4278235,0.0,0.0,0.0,0.0,1.0,5.499999999999999,-0.0005499999999999999,2
1769772857.4290113,0.0,0.0,0.0,0.0,1.0,5.499999999999999,-0.0005499999999999999,2
1769772857.430361,0.0,0.0,0.0,0.0,1.0,5.499999999999999,-0.0005499999999999999,2
1769772857.4315088,0.0,0.0,0.0,0.0,1.0,5.499999999999999,-0.0005499999999999999,2
1769772857.4327805,0.0,0.0,0.0,0.0,1.0,5.499999999999999,-0.0005499999999999999,2
1769772857.4342976,0.0,0.0,0.0,0.0,1.0,5.499999999999999,-0.0005499999999999999,2
1769772857.4352648,0.0,0.0,0.0,0.0,1.0,5.499999999999999,-0.0005499999999999999,2
1769772857.4361877,0.0,0.0,0.0,0.0,1.0,5.499999999999999,-0.0005499999999999999,2
1769772857.4371257,0.0,0.0,0.0,0.0,1.0,5.499999999999999,-0.0005499999999999999,2
1769772857.4381866,0.0,0.0,0.0,0.0,1.0,5.499999999999999,-0.0005499999999999999,2
1769772857.4391189,0.0,0.0,0.0,0.0,1.0,5.499999999999999,-0.0005499999999999999,2
1769772857.4400601,0.0,0.0,0.0,0.0,1.0,5.499999999999999,-0.0005499999999999999,2
1769772857.4411032,0.0,0.0,0.0,0.0,1.0,5.499999999999999,-0.0005499999999999999,2
1769772857.4420877,0.0,0.0,0.0,0.0,1.0,5.499999999999999,-0.0005499999999999999,2
1769772857.4437947,0.0,0.0,0.0,0.0,1.0,5.499999999999999,-0.0005499999999999999,2
1769772857.4460938,0.0,0.0,0.0,0.0,1.0,5.499999999999999,-0.0005499999999999999,2
1769772857.4476523,0.0,0.0,0.0,0.0,1.0,5.499999999999999,-0.0005499999999999999,2
1769772857.5137205,0.0,0.0,0.0,0.0,1.0,0.0,0.0,2
1769772857.5162678,0.0,0.0,0.0,0.0,1.0,5.499999999999999,-0.0005499999999999999,2
1769772857.5192041,0.0,0.0,0.0,0.0,1.0,5.499999999999999,-0.0005499999999999999,2
1769772857.5209742,0.0,0.0,0.0,0.0,1.0,5.499999999999999,-0.0005499999999999999,2
1769772857.522971,0.0,0.0,0.0,0.0,1.0,5.499999999999999,-0.0005499999999999999,2
1769772857.5256839,0.0,0.0,0.0,0.0,1.0,5.499999999999999,-0.0005499999999999999,2
1769772857.527143,0.0,0.0,0.0,0.0,1.0,5.499999999999999,-0.0005499999999999999,2
1769772857.5287724,0.0,0.0,0.0,0.0,1.0,5.499999999999999,-0.0005499999999999999,2
1769772857.5303707,0.0,0.0,0.0,0.0,1.0,5.499999999999999,-0.0005499999999999999,2
1769772857.5315874,0.0,0.0,0.0,0.0,1.0,5.499999999999999,-0.0005499999999999999,2
1769772857.534206,0.0,0.0,0.0,0.0,1.0,5.499999999999999,-0.0005499999999999999,2
1769772857.5358522,0.0,0.0,0.0,0.0,1.0,5.499999999999999,-0.0005499999999999999,2
1769772857.5370736,0.0,0.0,0.0,0.0,1.0,5.499999999999999,-0.0005499999999999999,2
1769772857.5394742,0.0,0.0,0.0,0.0,1.0,5.499999999999999,-0.0005499999999999999,2
1769772857.5406709,0.0,0.0,0.0,0.0,1.0,5.499999999999999,-0.0005499999999999999,2
1769772857.5417013,0.0,0.0,0.0,0.0,1.0,5.499999999999999,-0.0005499999999999999,2
1769772857.544344,0.0,0.0,0.0,0.0,1.0,5.499999999999999,-0.0005499999999999999,2
1769772857.5456724,0.0,0.0,0.0,0.0,1.0,5.499999999999999,-0.0005499999999999999,2
1769772857.5476627,0.0,0.0,0.0,0.0,1.0,5.499999999999999,-0.0005499999999999999,2
1769772857.5498421,0.0,0.0,0.0,0.0,1.0,5.499999999999999,-0.0005499999999999999,2
1769772857.5516076,0.0,0.0,0.0,0.0,1.0,5.499999999999999,-0.0005499999999999999,2
1769772857.553236,0.0,0.0,0.0,0.0,1.0,5.499999999999999,-0.0005499999999999999,2
1769772857.55482,0.0,0.0,0.0,0.0,1.0,5.499999999999999,-0.0005499999999999999,2
1769772857.5561757,0.0,0.0,0.0,0.0,1.0,5.499999999999999,-0.0005499999999999999,2
1769772857.5572138,0.0,0.0,0.0,0.0,1.0,5.499999999999999,-0.0005499999999999999,2
1769772857.5583425,0.0,0.0,0.0,0.0,1.0,5.499999999999999,-0.0005499999999999999,2
1769772857.5595412,0.0,0.0,0.0,0.0,1.0,5.499999999999999,-0.0005499999999999999,2
1769772857.5605345,0.0,0.0,0.0,0.0,1.0,5.499999999999999,-0.0005499999999999999,2
1769772857.5615726,0.0,0.0,0.0,0.0,1.0,5.499999999999999,-0.0005499999999999999,2
1769772857.5627303,0.0,0.0,0.0,0.0,1.0,5.499999999999999,-0.0005499999999999999,2
1769772857.5639198,0.0,0.0,0.0,0.0,1.0,5.499999999999999,-0.0005499999999999999,2
1769772857.5649745,0.0,0.0,0.0,0.0,1.0,5.499999999999999,-0.0005499999999999999,2
1769772857.5659735,0.0,0.0,0.0,0.0,1.0,5.499999999999999,-0.0005499999999999999,2
1769772857.566935,0.0,0.0,0.0,0.0,1.0,5.499999999999999,-0.0005499999999999999,2
1769772857.568098,0.0,0.0,0.0,0.0,1.0,5.499999999999999,-0.0005499999999999999,2
1769772857.5690892,0.0,0.0,0.0,0.0,1.0,5.499999999999999,-0.0005499999999999999,2
1769772857.5702944,0.0,0.0,0.0,0.0,1.0,5.499999999999999,-0.0005499999999999999,2
1769772857.5713048,0.0,0.0,0.0,0.0,1.0,5.499999999999999,-0.0005499999999999999,2
1769772857.572272,0.0,0.0,0.0,0.0,1.0,5.499999999999999,-0.0005499999999999999,2
1769772857.573191,0.0,0.0,0.0,0.0,1.0,5.499999999999999,-0.0005499999999999999,2
1769772857.5741873,0.0,0.0,0.0,0.0,1.0,5.499999999999999,-0.0005499999999999999,2
1769772857.5751388,0.0,0.0,0.0,0.0,1.0,5.499999999999999,-0.0005499999999999999,2
1769772857.5761101,0.0,0.0,0.0,0.0,1.0,5.499999999999999,-0.0005499999999999999,2
1769772857.5770514,0.0,0.0,0.0,0.0,1.0,5.499999999999999,-0.0005499999999999999,2
1769772857.578339,0.0,0.0,0.0,0.0,1.0,5.499999999999999,-0.0005499999999999999,2
1769772857.579978,0.0,0.0,0.0,0.0,1.0,5.499999999999999,-0.0005499999999999999,2
1769772857.581204,0.0,0.0,0.0,0.0,1.0,5.499999999999999,-0.0005499999999999999,2
1769772857.5825162,0.0,0.0,0.0,0.0,1.0,5.499999999999999,-0.0005499999999999999,2
1769772857.5837917,0.0,0.0,0.0,0.0,1.0,5.499999999999999,-0.0005499999999999999,2
1769772857.5850782,0.0,0.0,0.0,0.0,1.0,5.499999999999999,-0.0005499999999999999,2
1769772857.5865748,0.0,0.0,0.0,0.0,1.0,5.499999999999999,-0.0005499999999999999,2
1769772857.5879025,0.0,0.0,0.0,0.0,1.0,5.499999999999999,-0.0005499999999999999,2
1769772857.589236,0.0,0.0,0.0,0.0,1.0,5.499999999999999,-0.0005499999999999999,2
1769772857.5905962,0.0,0.0,0.0,0.0,1.0,5.499999999999999,-0.0005499999999999999,2
1769772857.591893,0.0,0.0,0.0,0.0,1.0,5.499999999999999,-0.0005499999999999999,2
1769772857.5931983,0.0,0.0,0.0,0.0,1.0,5.499999999999999,-0.0005499999999999999,2
1769772857.595766,0.0,0.0,0.0,0.0,1.0,5.499999999999999,-0.0005499999999999999,2
1769772857.5968165,0.0,0.0,0.0,0.0,1.0,5.499999999999999,-0.0005499999999999999,2
1769772857.5978637,0.0,0.0,0.0,0.0,1.0,5.499999999999999,-0.0005499999999999999,2
1769772857.5988524,0.0,0.0,0.0,0.0,1.0,5.499999999999999,-0.0005499999999999999,2
1769772857.5997987,0.0,0.0,0.0,0.0,1.0,5.499999999999999,-0.0005499999999999999,2
1769772857.6007488,0.0,0.0,0.0,0.0,1.0,5.499999999999999,-0.0005499999999999999,2
1769772857.6016784,0.0,0.0,0.0,0.0,1.0,5.499999999999999,-0.0005499999999999999,2
1769772857.602739,0.0,0.0,0.0,0.0,1.0,5.499999999999999,-0.0005499999999999999,2
1769772857.6037712,0.0,0.0,0.0,0.0,1.0,5.499999999999999,-0.0005499999999999999,2
1769772857.6047568,0.0,0.0,0.0,0.0,1.0,5.499999999999999,-0.0005499999999999999,2
1769772857.605737,0.0,0.0,0.0,0.0,1.0,5.499999999999999,-0.0005499999999999999,2
1769772857.6067042,0.0,0.0,0.0,0.0,1.0,5.499999999999999,-0.0005499999999999999,2
1769772857.6075969,0.0,0.0,0.0,0.0,1.0,5.499999999999999,-0.0005499999999999999,2
1769772857.6086302,0.0,0.0,0.0,0.0,1.0,5.499999999999999,-0.0005499999999999999,2
1769772857.6106603,0.0,0.0,0.0,0.0,1.0,5.499999999999999,-0.0005499999999999999,2
1769772857.6122878,0.0,0.0,0.0,0.0,1.0,5.499999999999999,-0.0005499999999999999,2
1769772857.613556,0.0,0.0,0.0,0.0,1.0,5.499999999999999,-0.0005499999999999999,2
1769772857.6162531,0.0,0.0,0.0,0.0,1.0,5.499999999999999,-0.0005499999999999999,2
1769772857.617909,0.0,0.0,0.0,0.0,1.0,5.499999999999999,-0.0005499999999999999,2
1769772857.6192906,0.0,0.0,0.0,0.0,1.0,5.499999999999999,-0.0005499999999999999,2
1769772857.6204815,0.0,0.0,0.0,0.0,1.0,5.499999999999999,-0.0005499999999999999,2
1769772857.6213584,0.0,0.0,0.0,0.0,1.0,5.499999999999999,-0.0005499999999999999,2
1769772857.6223576,0.0,0.0,0.0,0.0,1.0,5.499999999999999,-0.0005499999999999999,2
1769772857.6233978,0.0,0.0,0.0,0.0,1.0,5.499999999999999,-0.0005499999999999999,2
1769772857.6258473,0.0,0.0,0.0,0.0,1.0,5.499999999999999,-0.0005499999999999999,2
1769772857.6285915,0.0,0.0,0.0,0.0,1.0,5.499999999999999,-0.0005499999999999999,2
1769772857.6296504,0.0,0.0,0.0,0.0,1.0,5.499999999999999,-0.0005499999999999999,2
1769772857.63081,0.0,0.0,0.0,0.0,1.0,5.499999999999999,-0.0005499999999999999,2
1769772857.632026,0.0,0.0,0.0,0.0,1.0,5.499999999999999,-0.0005499999999999999,2
1769772857.6330123,0.0,0.0,0.0,0.0,1.0,5.499999999999999,-0.0005499999999999999,2
1769772857.6339898,0.0,0.0,0.0,0.0,1.0,5.499999999999999,-0.0005499999999999999,2
1769772857.6350708,0.0,0.0,0.0,0.0,1.0,5.499999999999999,-0.0005499999999999999,2
1769772857.636096,0.0,0.0,0.0,0.0,1.0,5.499999999999999,-0.0005499999999999999,2
1769772857.6373084,0.0,0.0,0.0,0.0,1.0,5.499999999999999,-0.0005499999999999999,2
1769772857.6383638,0.0,0.0,0.0,0.0,1.0,5.499999999999999,-0.0005499999999999999,2
1769772857.639312,0.0,0.0,0.0,0.0,1.0,5.499999999999999,-0.0005499999999999999,2
1769772857.6411295,0.0,0.0,0.0,0.0,1.0,5.499999999999999,-0.0005499999999999999,2
1769772857.643487,0.0,0.0,0.0,0.0,1.0,5.499999999999999,-0.0005499999999999999,2
1769772857.645469,0.0,0.0,0.0,0.0,1.0,5.499999999999999,-0.0005499999999999999,2
1769772857.6466324,0.0,0.0,0.0,0.0,1.0,5.499999999999999,-0.0005499999999999999,2
1769772857.647957,0.0,0.0,0.0,0.0,1.0,5.499999999999999,-0.0005499999999999999,2
1769772857.6490932,0.0,0.0,0.0,0.0,1.0,5.499999999999999,-0.0005499999999999999,2
1769772857.6502392,0.0,0.0,0.0,0.0,1.0,5.499999999999999,-0.0005499999999999999,2
1769772857.6518364,0.0,0.0,0.0,0.0,1.0,5.499999999999999,-0.0005499999999999999,2
1769772857.6529815,0.0,0.0,0.0,0.0,1.0,5.499999999999999,-0.0005499999999999999,2
1769772857.6539824,0.0,0.0,0.0,0.0,1.0,5.499999999999999,-0.0005499999999999999,2
1769772857.6552606,0.0,0.0,0.0,0.0,1.0,5.499999999999999,-0.0005499999999999999,2
1769772857.656755,0.0,0.0,0.0,0.0,1.0,5.499999999999999,-0.0005499999999999999,2
1769772857.6580486,0.0,0.0,0.0,0.0,1.0,5.499999999999999,-0.0005499999999999999,2
1769772857.659438,0.0,0.0,0.0,0.0,1.0,5.499999999999999,-0.0005499999999999999,2
1769772857.6610372,0.0,0.0,0.0,0.0,1.0,5.499999999999999,-0.0005499999999999999,2
1769772857.662456,0.0,0.0,0.0,0.0,1.0,5.499999999999999,-0.0005499999999999999,2
1769772857.6637485,0.0,0.0,0.0,0.0,1.0,5.499999999999999,-0.0005499999999999999,2
1769772857.6650329,0.0,0.0,0.0,0.0,1.0,5.499999999999999,-0.0005499999999999999,2
1769772857.6664362,0.0,0.0,0.0,0.0,1.0,5.499999999999999,-0.0005499999999999999,2
1769772857.6679294,0.0,0.0,0.0,0.0,1.0,5.499999999999999,-0.0005499999999999999,2
1769772857.668954,0.0,0.0,0.0,0.0,1.0,5.499999999999999,-0.0005499999999999999,2
1769772857.6701584,0.0,0.0,0.0,0.0,1.0,5.499999999999999,-0.0005499999999999999,2
1769772857.6732326,0.0,0.0,0.0,0.0,1.0,5.499999999999999,-0.0005499999999999999,2
1769772857.6754355,0.0,0.0,0.0,0.0,1.0,5.499999999999999,-0.0005499999999999999,2
1769772857.6771643,0.0,0.0,0.0,0.0,1.0,5.499999999999999,-0.0005499999999999999,2
1769772857.6795352,0.0,0.0,0.0,0.0,1.0,5.499999999999999,-0.0005499999999999999,2
1769772857.681329,0.0,0.0,0.0,0.0,1.0,5.499999999999999,-0.0005499999999999999,2
1769772857.6833088,0.0,0.0,0.0,0.0,1.0,5.499999999999999,-0.0005499999999999999,2
1769772857.6861792,0.0,0.0,0.0,0.0,1.0,5.499999999999999,-0.0005499999999999999,2
1769772857.6881723,0.0,0.0,0.0,0.0,1.0,5.499999999999999,-0.0005499999999999999,2
1769772857.6896908,0.0,0.0,0.0,0.0,1.0,5.499999999999999,-0.0005499999999999999,2
1769772857.6912584,0.0,0.0,0.0,0.0,1.0,5.499999999999999,-0.0005499999999999999,2
1769772857.6925774,0.0,0.0,0.0,0.0,1.0,5.499999999999999,-0.0005499999999999999,2
1769772857.693813,0.0,0.0,0.0,0.0,1.0,5.499999999999999,-0.0005499999999999999,2
1769772857.6953256,0.0,0.0,0.0,0.0,1.0,5.499999999999999,-0.0005499999999999999,2
1769772857.696664,0.0,0.0,0.0,0.0,1.0,5.499999999999999,-0.0005499999999999999,2
1769772857.6979887,0.0,0.0,0.0,0.0,1.0,5.499999999999999,-0.0005499999999999999,2
1769772857.6993575,0.0,0.0,0.0,0.0,1.0,5.499999999999999,-0.0005499999999999999,2
1769772857.7016172,0.0,0.0,0.0,0.0,1.0,5.499999999999999,-0.0005499999999999999,2
1769772857.7029548,0.0,0.0,0.0,0.0,1.0,5.499999999999999,-0.0005499999999999999,2
1769772857.7043307,0.0,0.0,0.0,0.0,1.0,5.499999999999999,-0.0005499999999999999,2
1769772857.7056453,0.0,0.0,0.0,0.0,1.0,5.499999999999999,-0.0005499999999999999,2
1769772857.7072265,0.0,0.0,0.0,0.0,1.0,5.499999999999999,-0.0005499999999999999,2
1769772857.709706,0.0,0.0,0.0,0.0,1.0,5.499999999999999,-0.0005499999999999999,2
1769772857.7114685,0.0,0.0,0.0,0.0,1.0,5.499999999999999,-0.0005499999999999999,2
1769772857.7149134,0.0,0.0,0.0,0.0,1.0,5.499999999999999,-0.0005499999999999999,2
1769772857.7168384,0.0,0.0,0.0,0.0,1.0,5.499999999999999,-0.0005499999999999999,2
1769772857.7179942,0.0,0.0,0.0,0.0,1.0,5.499999999999999,-0.0005499999999999999,2
1769772857.7192276,0.0,0.0,0.0,0.0,1.0,5.499999999999999,-0.0005499999999999999,2
1769772857.7207012,0.0,0.0,0.0,0.0,1.0,5.499999999999999,-0.0005499999999999999,2
1769772857.721989,0.0,0.0,0.0,0.0,1.0,5.499999999999999,-0.0005499999999999999,2
1769772857.723655,0.0,0.0,0.0,0.0,1.0,5.499999999999999,-0.0005499999999999999,2
1769772857.7250297,0.0,0.0,0.0,0.0,1.0,5.499999999999999,-0.0005499999999999999,2
1769772857.726471,0.0,0.0,0.0,0.0,1.0,5.499999999999999,-0.0005499999999999999,2
1769772857.72777,0.0,0.0,0.0,0.0,1.0,5.499999999999999,-0.0005499999999999999,2
1769772857.7291555,0.0,0.0,0.0,0.0,1.0,5.499999999999999,-0.0005499999999999999,2
1769772857.7309422,0.0,0.0,0.0,0.0,1.0,5.499999999999999,-0.0005499999999999999,2
1769772857.7323241,0.0,0.0,0.0,0.0,1.0,5.499999999999999,-0.0005499999999999999,2
1769772857.733637,0.0,0.0,0.0,0.0,1.0,5.499999999999999,-0.0005499999999999999,2
1769772857.7349777,0.0,0.0,0.0,0.0,1.0,5.499999999999999,-0.0005499999999999999,2
1769772857.7362542,0.0,0.0,0.0,0.0,1.0,5.499999999999999,-0.0005499999999999999,2
1769772857.7375488,0.0,0.0,0.0,0.0,1.0,5.499999999999999,-0.0005499999999999999,2
1769772857.7389922,0.0,0.0,0.0,0.0,1.0,5.499999999999999,-0.0005499999999999999,2
1769772857.7403789,0.0,0.0,0.0,0.0,1.0,5.499999999999999,-0.0005499999999999999,2
1769772857.7416031,0.0,0.0,0.0,0.0,1.0,5.499999999999999,-0.0005499999999999999,2
1769772857.743666,0.0,0.0,0.0,0.0,1.0,5.499999999999999,-0.0005499999999999999,2
1769772857.7466726,0.0,0.0,0.0,0.0,1.0,5.499999999999999,-0.0005499999999999999,2
1769772857.7483945,0.0,0.0,0.0,0.0,1.0,5.499999999999999,-0.0005499999999999999,2
1769772857.7501183,0.0,0.0,0.0,0.0,1.0,5.499999999999999,-0.0005499999999999999,2
1769772857.751457,0.0,0.0,0.0,0.0,1.0,5.499999999999999,-0.0005499999999999999,2
1769772857.752775,0.0,0.0,0.0,0.0,1.0,5.499999999999999,-0.0005499999999999999,2
1769772857.7542253,0.0,0.0,0.0,0.0,1.0,5.499999999999999,-0.0005499999999999999,2
1769772857.7552094,0.0,0.0,0.0,0.0,1.0,5.499999999999999,-0.0005499999999999999,2
1769772857.7567658,0.0,0.0,0.0,0.0,1.0,5.499999999999999,-0.0005499999999999999,2
1769772857.757828,0.0,0.0,0.0,0.0,1.0,5.499999999999999,-0.0005499999999999999,2
1769772857.7590423,0.0,0.0,0.0,0.0,1.0,5.499999999999999,-0.0005499999999999999,2
1769772857.7606237,0.0,0.0,0.0,0.0,1.0,5.499999999999999,-0.0005499999999999999,2
1769772857.7619467,0.0,0.0,0.0,0.0,1.0,5.499999999999999,-0.0005499999999999999,2
1769772857.7636673,0.0,0.0,0.0,0.0,1.0,5.499999999999999,-0.0005499999999999999,2
1769772857.7650964,0.0,0.0,0.0,0.0,1.0,5.499999999999999,-0.0005499999999999999,2
1769772857.7665117,0.0,0.0,0.0,0.0,1.0,5.499999999999999,-0.0005499999999999999,2
1769772857.768036,0.0,0.0,0.0,0.0,1.0,5.499999999999999,-0.0005499999999999999,2
1769772857.7695549,0.0,0.0,0.0,0.0,1.0,5.499999999999999,-0.0005499999999999999,2
1769772857.7710152,0.0,0.0,0.0,0.0,1.0,5.499999999999999,-0.0005499999999999999,2
1769772857.772158,0.0,0.0,0.0,0.0,1.0,5.499999999999999,-0.0005499999999999999,2
1769772857.7732108,0.0,0.0,0.0,0.0,1.0,5.499999999999999,-0.0005499999999999999,2
1769772857.7744415,0.0,0.0,0.0,0.0,1.0,5.499999999999999,-0.0005499999999999999,2
1769772857.775694,0.0,0.0,0.0,0.0,1.0,5.499999999999999,-0.0005499999999999999,2
1769772857.7770414,0.0,0.0,0.0,0.0,1.0,5.499999999999999,-0.0005499999999999999,2
1769772857.7785063,0.0,0.0,0.0,0.0,1.0,5.499999999999999,-0.0005499999999999999,2
1769772857.7799282,0.0,0.0,0.0,0.0,1.0,5.499999999999999,-0.0005499999999999999,2
1769772857.7812743,0.0,0.0,0.0,0.0,1.0,5.499999999999999,-0.0005499999999999999,2
1769772857.7826822,0.0,0.0,0.0,0.0,1.0,5.499999999999999,-0.0005499999999999999,2
1769772857.783984,0.0,0.0,0.0,0.0,1.0,5.499999999999999,-0.0005499999999999999,2
1769772857.78518,0.0,0.0,0.0,0.0,1.0,5.499999999999999,-0.0005499999999999999,2
1769772857.7863142,0.0,0.0,0.0,0.0,1.0,5.499999999999999,-0.0005499999999999999,2
1769772857.7872572,0.0,0.0,0.0,0.0,1.0,5.499999999999999,-0.0005499999999999999,2
1769772857.7883368,0.0,0.0,0.0,0.0,1.0,5.499999999999999,-0.0005499999999999999,2
1769772857.7897365,0.0,0.0,0.0,0.0,1.0,5.499999999999999,-0.0005499999999999999,2
1769772857.7914004,0.0,0.0,0.0,0.0,1.0,5.499999999999999,-0.0005499999999999999,2
1769772857.7930312,0.0,0.0,0.0,0.0,1.0,5.499999999999999,-0.0005499999999999999,2
1769772857.7946174,0.0,0.0,0.0,0.0,1.0,5.499999999999999,-0.0005499999999999999,2
1769772857.7959468,0.0,0.0,0.0,0.0,1.0,5.499999999999999,-0.0005499999999999999,2
1769772857.7976484,0.0,0.0,0.0,0.0,1.0,5.499999999999999,-0.0005499999999999999,2
1769772857.7990837,0.0,0.0,0.0,0.0,1.0,5.499999999999999,-0.0005499999999999999,2
1769772857.8003607,0.0,0.0,0.0,0.0,1.0,5.499999999999999,-0.0005499999999999999,2
1769772857.8018453,0.0,0.0,0.0,0.0,1.0,5.499999999999999,-0.0005499999999999999,2
1769772857.803094,0.0,0.0,0.0,0.0,1.0,5.499999999999999,-0.0005499999999999999,2
1769772857.8040733,0.0,0.0,0.0,0.0,1.0,5.499999999999999,-0.0005499999999999999,2
1769772857.8792584,0.0,0.0,0.0,0.0,1.0,0.0,0.0,2
1769772857.882794,0.0,0.0,0.0,0.0,1.0,5.499999999999999,-0.0005499999999999999,2
1769772857.884244,0.0,0.0,0.0,0.0,1.0,5.499999999999999,-0.0005499999999999999,2
1769772857.886464,0.0,0.0,0.0,0.0,1.0,5.499999999999999,-0.0005499999999999999,2
1769772857.8890507,0.0,0.0,0.0,0.0,1.0,5.499999999999999,-0.0005499999999999999,2
1769772857.8902607,0.0,0.0,0.0,0.0,1.0,5.499999999999999,-0.0005499999999999999,2
1769772857.8913107,0.0,0.0,0.0,0.0,1.0,5.499999999999999,-0.0005499999999999999,2
1769772857.8923166,0.0,0.0,0.0,0.0,1.0,5.499999999999999,-0.0005499999999999999,2
1769772857.8935926,0.0,0.0,0.0,0.0,1.0,5.499999999999999,-0.0005499999999999999,2
1769772857.8953764,0.0,0.0,0.0,0.0,1.0,5.499999999999999,-0.0005499999999999999,2
1769772857.8974426,0.0,0.0,0.0,0.0,1.0,5.499999999999999,-0.0005499999999999999,2
1769772857.8988967,0.0,0.0,0.0,0.0,1.0,5.499999999999999,-0.0005499999999999999,2
1769772857.900064,0.0,0.0,0.0,0.0,1.0,5.499999999999999,-0.0005499999999999999,2
1769772857.9013898,0.0,0.0,0.0,0.0,1.0,5.499999999999999,-0.0005499999999999999,2
1769772857.9036694,0.0,0.0,0.0,0.0,1.0,5.499999999999999,-0.0005499999999999999,2
1769772857.9049957,0.0,0.0,0.0,0.0,1.0,5.499999999999999,-0.0005499999999999999,2
1769772857.9060457,0.0,0.0,0.0,0.0,1.0,5.499999999999999,-0.0005499999999999999,2
1769772857.907001,0.0,0.0,0.0,0.0,1.0,5.499999999999999,-0.0005499999999999999,2
1769772857.9079585,0.0,0.0,0.0,0.0,1.0,5.499999999999999,-0.0005499999999999999,2
1769772857.9090955,0.0,0.0,0.0,0.0,1.0,5.499999999999999,-0.0005499999999999999,2
1769772857.910436,0.0,0.0,0.0,0.0,1.0,5.499999999999999,-0.0005499999999999999,2
1769772857.912124,0.0,0.0,0.0,0.0,1.0,5.499999999999999,-0.0005499999999999999,2
1769772857.9134107,0.0,0.0,0.0,0.0,1.0,5.499999999999999,-0.0005499999999999999,2
1769772857.91481,0.0,0.0,0.0,0.0,1.0,5.499999999999999,-0.0005499999999999999,2
1769772857.9160624,0.0,0.0,0.0,0.0,1.0,5.499999999999999,-0.0005499999999999999,2
1769772857.9171515,0.0,0.0,0.0,0.0,1.0,5.499999999999999,-0.0005499999999999999,2
1769772857.9184012,0.0,0.0,0.0,0.0,1.0,5.499999999999999,-0.0005499999999999999,2
1769772857.9194205,0.0,0.0,0.0,0.0,1.0,5.499999999999999,-0.0005499999999999999,2
1769772857.920343,0.0,0.0,0.0,0.0,1.0,5.499999999999999,-0.0005499999999999999,2
1769772857.9212232,0.0,0.0,0.0,0.0,1.0,5.499999999999999,-0.0005499999999999999,2
1769772857.9222379,0.0,0.0,0.0,0.0,1.0,5.499999999999999,-0.0005499999999999999,2
1769772857.9231396,0.0,0.0,0.0,0.0,1.0,5.499999999999999,-0.0005499999999999999,2
1769772857.924442,0.0,0.0,0.0,0.0,1.0,5.499999999999999,-0.0005499999999999999,2
1769772857.9260545,0.0,0.0,0.0,0.0,1.0,5.499999999999999,-0.0005499999999999999,2
1769772857.927708,0.0,0.0,0.0,0.0,1.0,5.499999999999999,-0.0005499999999999999,2
1769772857.9289136,0.0,0.0,0.0,0.0,1.0,5.499999999999999,-0.0005499999999999999,2
1769772857.9301214,0.0,0.0,0.0,0.0,1.0,5.499999999999999,-0.0005499999999999999,2
1769772857.9313238,0.0,0.0,0.0,0.0,1.0,5.499999999999999,-0.0005499999999999999,2
1769772857.932647,0.0,0.0,0.0,0.0,1.0,5.499999999999999,-0.0005499999999999999,2
1769772857.9340057,0.0,0.0,0.0,0.0,1.0,5.499999999999999,-0.0005499999999999999,2
1769772857.935311,0.0,0.0,0.0,0.0,1.0,5.499999999999999,-0.0005499999999999999,2
1769772857.9365745,0.0,0.0,0.0,0.0,1.0,5.499999999999999,-0.0005499999999999999,2
1769772857.9376335,0.0,0.0,0.0,0.0,1.0,5.499999999999999,-0.0005499999999999999,2
1769772857.9385948,0.0,0.0,0.0,0.0,1.0,5.499999999999999,-0.0005499999999999999,2
1769772857.9395149,0.0,0.0,0.0,0.0,1.0,5.499999999999999,-0.0005499999999999999,2
1769772857.940482,0.0,0.0,0.0,0.0,1.0,5.499999999999999,-0.0005499999999999999,2
1769772857.9427812,0.0,0.0,0.0,0.0,1.0,5.499999999999999,-0.0005499999999999999,2
1769772857.9451616,0.0,0.0,0.0,0.0,1.0,5.499999999999999,-0.0005499999999999999,2
1769772857.9475358,0.0,0.0,0.0,0.0,1.0,5.499999999999999,-0.0005499999999999999,2
1769772857.9492466,0.0,0.0,0.0,0.0,1.0,5.499999999999999,-0.0005499999999999999,2
1769772857.95126,0.0,0.0,0.0,0.0,1.0,5.499999999999999,-0.0005499999999999999,2
1769772857.95278,0.0,0.0,0.0,0.0,1.0,5.499999999999999,-0.0005499999999999999,2
1769772857.9545429,0.0,0.0,0.0,0.0,1.0,5.499999999999999,-0.0005499999999999999,2
1769772857.956816,0.0,0.0,0.0,0.0,1.0,5.499999999999999,-0.0005499999999999999,2
1769772857.9598296,0.0,0.0,0.0,0.0,1.0,5.499999999999999,-0.0005499999999999999,2
1769772857.961413,0.0,0.0,0.0,0.0,1.0,5.499999999999999,-0.0005499999999999999,2
1769772857.9630148,0.0,0.0,0.0,0.0,1.0,5.499999999999999,-0.0005499999999999999,2
1769772857.9644115,0.0,0.0,0.0,0.0,1.0,5.499999999999999,-0.0005499999999999999,2
1769772857.9657307,0.0,0.0,0.0,0.0,1.0,5.499999999999999,-0.0005499999999999999,2
1769772857.9668975,0.0,0.0,0.0,0.0,1.0,5.499999999999999,-0.0005499999999999999,2
1769772857.9679463,0.0,0.0,0.0,0.0,1.0,5.499999999999999,-0.0005499999999999999,2
1769772857.968926,0.0,0.0,0.0,0.0,1.0,5.499999999999999,-0.0005499999999999999,2
1769772857.970089,0.0,0.0,0.0,0.0,1.0,5.499999999999999,-0.0005499999999999999,2
1769772857.9711978,0.0,0.0,0.0,0.0,1.0,5.499999999999999,-0.0005499999999999999,2
1769772857.972652,0.0,0.0,0.0,0.0,1.0,5.499999999999999,-0.0005499999999999999,2
1769772857.9741724,0.0,0.0,0.0,0.0,1.0,5.499999999999999,-0.0005499999999999999,2
1769772857.975752,0.0,0.0,0.0,0.0,1.0,5.499999999999999,-0.0005499999999999999,2
1769772857.9770539,0.0,0.0,0.0,0.0,1.0,5.499999999999999,-0.0005499999999999999,2
1769772857.9784486,0.0,0.0,0.0,0.0,1.0,5.499999999999999,-0.0005499999999999999,2
1769772857.9797227,0.0,0.0,0.0,0.0,1.0,5.499999999999999,-0.0005499999999999999,2
1769772857.981022,0.0,0.0,0.0,0.0,1.0,5.499999999999999,-0.0005499999999999999,2
1769772857.9822953,0.0,0.0,0.0,0.0,1.0,5.499999999999999,-0.0005499999999999999,2
1769772857.9834063,0.0,0.0,0.0,0.0,1.0,5.499999999999999,-0.0005499999999999999,2
1769772857.9844291,0.0,0.0,0.0,0.0,1.0,5.499999999999999,-0.0005499999999999999,2
1769772857.9857676,0.0,0.0,0.0,0.0,1.0,5.499999999999999,-0.0005499999999999999,2
1769772857.9872293,0.0,0.0,0.0,0.0,1.0,5.499999999999999,-0.0005499999999999999,2
1769772857.9882865,0.0,0.0,0.0,0.0,1.0,5.499999999999999,-0.0005499999999999999,2
1769772857.9893246,0.0,0.0,0.0,0.0,1.0,5.499999999999999,-0.0005499999999999999,2
1769772857.9907727,0.0,0.0,0.0,0.0,1.0,5.499999999999999,-0.0005499999999999999,2
1769772857.992061,0.0,0.0,0.0,0.0,1.0,5.499999999999999,-0.0005499999999999999,2
1769772857.993003,0.0,0.0,0.0,0.0,1.0,5.499999999999999,-0.0005499999999999999,2
1769772857.99431,0.0,0.0,0.0,0.0,1.0,5.499999999999999,-0.0005499999999999999,2
1769772857.995281,0.0,0.0,0.0,0.0,1.0,5.499999999999999,-0.0005499999999999999,2
1769772857.9962482,0.0,0.0,0.0,0.0,1.0,5.499999999999999,-0.0005499999999999999,2
1769772857.9971824,0.0,0.0,0.0,0.0,1.0,5.499999999999999,-0.0005499999999999999,2
1769772857.998249,0.0,0.0,0.0,0.0,1.0,5.499999999999999,-0.0005499999999999999,2
1769772857.9993668,0.0,0.0,0.0,0.0,1.0,5.499999999999999,-0.0005499999999999999,2
1769772858.0004714,0.0,0.0,0.0,0.0,1.0,5.499999999999999,-0.0005499999999999999,2
1769772858.0016701,0.0,0.0,0.0,0.0,1.0,5.499999999999999,-0.0005499999999999999,2
1769772858.0031633,0.0,0.0,0.0,0.0,1.0,5.499999999999999,-0.0005499999999999999,2
1769772858.0044827,0.0,0.0,0.0,0.0,1.0,5.499999999999999,-0.0005499999999999999,2
1769772858.0060043,0.0,0.0,0.0,0.0,1.0,5.499999999999999,-0.0005499999999999999,2
1769772858.0072267,0.0,0.0,0.0,0.0,1.0,5.499999999999999,-0.0005499999999999999,2
1769772858.0084178,0.0,0.0,0.0,0.0,1.0,5.499999999999999,-0.0005499999999999999,2
1769772858.00969,0.0,0.0,0.0,0.0,1.0,5.499999999999999,-0.0005499999999999999,2
1769772858.0110075,0.0,0.0,0.0,0.0,1.0,5.499999999999999,-0.0005499999999999999,2
1769772858.0121548,0.0,0.0,0.0,0.0,1.0,5.499999999999999,-0.0005499999999999999,2
1769772858.0131369,0.0,0.0,0.0,0.0,1.0,5.499999999999999,-0.0005499999999999999,2
1769772858.0141788,0.0,0.0,0.0,0.0,1.0,5.499999999999999,-0.0005499999999999999,2
1769772858.0154352,0.0,0.0,0.0,0.0,1.0,5.499999999999999,-0.0005499999999999999,2
1769772858.0174272,0.0,0.0,0.0,0.0,1.0,5.499999999999999,-0.0005499999999999999,2
1769772858.018796,0.0,0.0,0.0,0.0,1.0,5.499999999999999,-0.0005499999999999999,2
1769772858.0200021,0.0,0.0,0.0,0.0,1.0,5.499999999999999,-0.0005499999999999999,2
1769772858.021341,0.0,0.0,0.0,0.0,1.0,5.499999999999999,-0.0005499999999999999,2
1769772858.0228007,0.0,0.0,0.0,0.0,1.0,5.499999999999999,-0.0005499999999999999,2
1769772858.024286,0.0,0.0,0.0,0.0,1.0,5.499999999999999,-0.0005499999999999999,2
1769772858.0255234,0.0,0.0,0.0,0.0,1.0,5.499999999999999,-0.0005499999999999999,2
1769772858.0267925,0.0,0.0,0.0,0.0,1.0,5.499999999999999,-0.0005499999999999999,2
1769772858.0277662,0.0,0.0,0.0,0.0,1.0,5.499999999999999,-0.0005499999999999999,2
1769772858.0287352,0.0,0.0,0.0,0.0,1.0,5.499999999999999,-0.0005499999999999999,2
1769772858.03015,0.0,0.0,0.0,0.0,1.0,5.499999999999999,-0.0005499999999999999,2
1769772858.0317032,0.0,0.0,0.0,0.0,1.0,5.499999999999999,-0.0005499999999999999,2
1769772858.0327978,0.0,0.0,0.0,0.0,1.0,5.499999999999999,-0.0005499999999999999,2
1769772858.033955,0.0,0.0,0.0,0.0,1.0,5.499999999999999,-0.0005499999999999999,2
1769772858.035004,0.0,0.0,0.0,0.0,1.0,5.499999999999999,-0.0005499999999999999,2
1769772858.0360003,0.0,0.0,0.0,0.0,1.0,5.499999999999999,-0.0005499999999999999,2
1769772858.0370047,0.0,0.0,0.0,0.0,1.0,5.499999999999999,-0.0005499999999999999,2
1769772858.038588,0.0,0.0,0.0,0.0,1.0,5.499999999999999,-0.0005499999999999999,2
1769772858.0401404,0.0,0.0,0.0,0.0,1.0,5.499999999999999,-0.0005499999999999999,2
1769772858.041402,0.0,0.0,0.0,0.0,1.0,5.499999999999999,-0.0005499999999999999,2
1769772858.0429358,0.0,0.0,0.0,0.0,1.0,5.499999999999999,-0.0005499999999999999,2
1769772858.0448031,0.0,0.0,0.0,0.0,1.0,5.499999999999999,-0.0005499999999999999,2
1769772858.0478604,0.0,0.0,0.0,0.0,1.0,5.499999999999999,-0.0005499999999999999,2
1769772858.0495145,0.0,0.0,0.0,0.0,1.0,5.499999999999999,-0.0005499999999999999,2
1769772858.050883,0.0,0.0,0.0,0.0,1.0,5.499999999999999,-0.0005499999999999999,2
1769772858.0521557,0.0,0.0,0.0,0.0,1.0,5.499999999999999,-0.0005499999999999999,2
1769772858.053488,0.0,0.0,0.0,0.0,1.0,5.499999999999999,-0.0005499999999999999,2
1769772858.0550556,0.0,0.0,0.0,0.0,1.0,5.499999999999999,-0.0005499999999999999,2
1769772858.0561562,0.0,0.0,0.0,0.0,1.0,5.499999999999999,-0.0005499999999999999,2
1769772858.057178,0.0,0.0,0.0,0.0,1.0,5.499999999999999,-0.0005499999999999999,2
1769772858.058292,0.0,0.0,0.0,0.0,1.0,5.499999999999999,-0.0005499999999999999,2
1769772858.059568,0.0,0.0,0.0,0.0,1.0,5.499999999999999,-0.0005499999999999999,2
1769772858.0605316,0.0,0.0,0.0,0.0,1.0,5.499999999999999,-0.0005499999999999999,2
1769772858.0618873,0.0,0.0,0.0,0.0,1.0,5.499999999999999,-0.0005499999999999999,2
1769772858.0636075,0.0,0.0,0.0,0.0,1.0,5.499999999999999,-0.0005499999999999999,2
1769772858.0646498,0.0,0.0,0.0,0.0,1.0,5.499999999999999,-0.0005499999999999999,2
1769772858.065706,0.0,0.0,0.0,0.0,1.0,5.499999999999999,-0.0005499999999999999,2
1769772858.0666933,0.0,0.0,0.0,0.0,1.0,5.499999999999999,-0.0005499999999999999,2
1769772858.0676692,0.0,0.0,0.0,0.0,1.0,5.499999999999999,-0.0005499999999999999,2
1769772858.0686822,0.0,0.0,0.0,0.0,1.0,5.499999999999999,-0.0005499999999999999,2
1769772858.06964,0.0,0.0,0.0,0.0,1.0,5.499999999999999,-0.0005499999999999999,2
1769772858.0707514,0.0,0.0,0.0,0.0,1.0,5.499999999999999,-0.0005499999999999999,2
1769772858.0717611,0.0,0.0,0.0,0.0,1.0,5.499999999999999,-0.0005499999999999999,2
1769772858.0727692,0.0,0.0,0.0,0.0,1.0,5.499999999999999,-0.0005499999999999999,2
1769772858.073912,0.0,0.0,0.0,0.0,1.0,5.499999999999999,-0.0005499999999999999,2
1769772858.0751953,0.0,0.0,0.0,0.0,1.0,5.499999999999999,-0.0005499999999999999,2
1769772858.0761793,0.0,0.0,0.0,0.0,1.0,5.499999999999999,-0.0005499999999999999,2
1769772858.077677,0.0,0.0,0.0,0.0,1.0,5.499999999999999,-0.0005499999999999999,2
1769772858.079106,0.0,0.0,0.0,0.0,1.0,5.499999999999999,-0.0005499999999999999,2
1769772858.0803368,0.0,0.0,0.0,0.0,1.0,5.499999999999999,-0.0005499999999999999,2
1769772858.0815382,0.0,0.0,0.0,0.0,1.0,5.499999999999999,-0.0005499999999999999,2
1769772858.0829194,0.0,0.0,0.0,0.0,1.0,5.499999999999999,-0.0005499999999999999,2
1769772858.0841844,0.0,0.0,0.0,0.0,1.0,5.499999999999999,-0.0005499999999999999,2
1769772858.0854502,0.0,0.0,0.0,0.0,1.0,5.499999999999999,-0.0005499999999999999,2
1769772858.0868652,0.0,0.0,0.0,0.0,1.0,5.499999999999999,-0.0005499999999999999,2
1769772858.0881665,0.0,0.0,0.0,0.0,1.0,5.499999999999999,-0.0005499999999999999,2
1769772858.0891767,0.0,0.0,0.0,0.0,1.0,5.499999999999999,-0.0005499999999999999,2
1769772858.0902474,0.0,0.0,0.0,0.0,1.0,5.499999999999999,-0.0005499999999999999,2
1769772858.091165,0.0,0.0,0.0,0.0,1.0,5.499999999999999,-0.0005499999999999999,2
1769772858.0937095,0.0,0.0,0.0,0.0,1.0,5.499999999999999,-0.0005499999999999999,2
1769772858.095301,0.0,0.0,0.0,0.0,1.0,5.499999999999999,-0.0005499999999999999,2
1769772858.0965557,0.0,0.0,0.0,0.0,1.0,5.499999999999999,-0.0005499999999999999,2
1769772858.0978076,0.0,0.0,0.0,0.0,1.0,5.499999999999999,-0.0005499999999999999,2
1769772858.0990405,0.0,0.0,0.0,0.0,1.0,5.499999999999999,-0.0005499999999999999,2
1769772858.1003363,0.0,0.0,0.0,0.0,1.0,5.499999999999999,-0.0005499999999999999,2
1769772858.1017108,0.0,0.0,0.0,0.0,1.0,5.499999999999999,-0.0005499999999999999,2
1769772858.1032166,0.0,0.0,0.0,0.0,1.0,5.499999999999999,-0.0005499999999999999,2
1769772858.1046755,0.0,0.0,0.0,0.0,1.0,5.499999999999999,-0.0005499999999999999,2
1769772858.1057148,0.0,0.0,0.0,0.0,1.0,5.499999999999999,-0.0005499999999999999,2
1769772858.1071873,0.0,0.0,0.0,0.0,1.0,5.499999999999999,-0.0005499999999999999,2
1769772858.1086726,0.0,0.0,0.0,0.0,1.0,5.499999999999999,-0.0005499999999999999,2
1769772858.1099842,0.0,0.0,0.0,0.0,1.0,5.499999999999999,-0.0005499999999999999,2
1769772858.1115146,0.0,0.0,0.0,0.0,1.0,5.499999999999999,-0.0005499999999999999,2
1769772858.1128027,0.0,0.0,0.0,0.0,1.0,5.499999999999999,-0.0005499999999999999,2
1769772858.114171,0.0,0.0,0.0,0.0,1.0,5.499999999999999,-0.0005499999999999999,2
1769772858.1154032,0.0,0.0,0.0,0.0,1.0,5.499999999999999,-0.0005499999999999999,2
1769772858.1166134,0.0,0.0,0.0,0.0,1.0,5.499999999999999,-0.0005499999999999999,2
1769772858.117786,0.0,0.0,0.0,0.0,1.0,5.499999999999999,-0.0005499999999999999,2
1769772858.119214,0.0,0.0,0.0,0.0,1.0,5.499999999999999,-0.0005499999999999999,2
1769772858.1203718,0.0,0.0,0.0,0.0,1.0,5.499999999999999,-0.0005499999999999999,2
1769772858.1217327,0.0,0.0,0.0,0.0,1.0,5.499999999999999,-0.0005499999999999999,2
1769772858.123771,0.0,0.0,0.0,0.0,1.0,5.499999999999999,-0.0005499999999999999,2
1769772858.1249404,0.0,0.0,0.0,0.0,1.0,5.499999999999999,-0.0005499999999999999,2
1769772858.1261215,0.0,0.0,0.0,0.0,1.0,5.499999999999999,-0.0005499999999999999,2
1769772858.1274354,0.0,0.0,0.0,0.0,1.0,5.499999999999999,-0.0005499999999999999,2
1769772858.128407,0.0,0.0,0.0,0.0,1.0,5.499999999999999,-0.0005499999999999999,2
1769772858.1294258,0.0,0.0,0.0,0.0,1.0,5.499999999999999,-0.0005499999999999999,2
1769772858.1305304,0.0,0.0,0.0,0.0,1.0,5.499999999999999,-0.0005499999999999999,2
1769772858.1315513,0.0,0.0,0.0,0.0,1.0,5.499999999999999,-0.0005499999999999999,2
1769772858.1326892,0.0,0.0,0.0,0.0,1.0,5.499999999999999,-0.0005499999999999999,2
1769772858.133684,0.0,0.0,0.0,0.0,1.0,5.499999999999999,-0.0005499999999999999,2
1769772858.1346447,0.0,0.0,0.0,0.0,1.0,5.499999999999999,-0.0005499999999999999,2
1769772858.1359456,0.0,0.0,0.0,0.0,1.0,5.499999999999999,-0.0005499999999999999,2
1769772858.1371014,0.0,0.0,0.0,0.0,1.0,5.499999999999999,-0.0005499999999999999,2
1769772858.1383705,0.0,0.0,0.0,0.0,1.0,5.499999999999999,-0.0005499999999999999,2
1769772858.139674,0.0,0.0,0.0,0.0,1.0,5.499999999999999,-0.0005499999999999999,2
1769772858.141483,0.0,0.0,0.0,0.0,1.0,5.499999999999999,-0.0005499999999999999,2
1769772858.1442134,0.0,0.0,0.0,0.0,1.0,5.499999999999999,-0.0005499999999999999,2
1769772858.145989,0.0,0.0,0.0,0.0,1.0,5.499999999999999,-0.0005499999999999999,2
1769772858.1480637,0.0,0.0,0.0,0.0,1.0,5.499999999999999,-0.0005499999999999999,2
1769772858.1498308,0.0,0.0,0.0,0.0,1.0,5.499999999999999,-0.0005499999999999999,2
1769772858.2238746,0.0,0.0,0.0,0.0,1.0,0.0,0.0,2
1769772858.2277281,0.0,0.0,0.0,0.0,1.0,5.499999999999999,-0.0005499999999999999,2
1769772858.2292328,0.0,0.0,0.0,0.0,1.0,5.499999999999999,-0.0005499999999999999,2
1769772858.231525,0.0,0.0,0.0,0.0,1.0,5.499999999999999,-0.0005499999999999999,2
1769772858.2339108,0.0,0.0,0.0,0.0,1.0,5.499999999999999,-0.0005499999999999999,2
1769772858.2373378,0.0,0.0,0.0,0.0,1.0,5.499999999999999,-0.0005499999999999999,2
1769772858.239165,0.0,0.0,0.0,0.0,1.0,5.499999999999999,-0.0005499999999999999,2
1769772858.2412605,0.0,0.0,0.0,0.0,1.0,5.499999999999999,-0.0005499999999999999,2
1769772858.2440825,0.0,0.0,0.0,0.0,1.0,5.499999999999999,-0.0005499999999999999,2
1769772858.2465525,0.0,0.0,0.0,0.0,1.0,5.499999999999999,-0.0005499999999999999,2
1769772858.248332,0.0,0.0,0.0,0.0,1.0,5.499999999999999,-0.0005499999999999999,2
1769772858.2511055,0.0,0.0,0.0,0.0,1.0,5.499999999999999,-0.0005499999999999999,2
1769772858.2531033,0.0,0.0,0.0,0.0,1.0,5.499999999999999,-0.0005499999999999999,2
1769772858.254251,0.0,0.0,0.0,0.0,1.0,5.499999999999999,-0.0005499999999999999,2
1769772858.2551975,0.0,0.0,0.0,0.0,1.0,5.499999999999999,-0.0005499999999999999,2
1769772858.256288,0.0,0.0,0.0,0.0,1.0,5.499999999999999,-0.0005499999999999999,2
1769772858.2572777,0.0,0.0,0.0,0.0,1.0,5.499999999999999,-0.0005499999999999999,2
1769772858.2582774,0.0,0.0,0.0,0.0,1.0,5.499999999999999,-0.0005499999999999999,2
1769772858.2595396,0.0,0.0,0.0,0.0,1.0,5.499999999999999,-0.0005499999999999999,2
1769772858.2604935,0.0,0.0,0.0,0.0,1.0,5.499999999999999,-0.0005499999999999999,2
1769772858.2614417,0.0,0.0,0.0,0.0,1.0,5.499999999999999,-0.0005499999999999999,2
1769772858.262476,0.0,0.0,0.0,0.0,1.0,5.499999999999999,-0.0005499999999999999,2
1769772858.2633939,0.0,0.0,0.0,0.0,1.0,5.499999999999999,-0.0005499999999999999,2
1769772858.2644866,0.0,0.0,0.0,0.0,1.0,5.499999999999999,-0.0005499999999999999,2
1769772858.2654805,0.0,0.0,0.0,0.0,1.0,5.499999999999999,-0.0005499999999999999,2
1769772858.2665787,0.0,0.0,0.0,0.0,1.0,5.499999999999999,-0.0005499999999999999,2
1769772858.2679954,0.0,0.0,0.0,0.0,1.0,5.499999999999999,-0.0005499999999999999,2
1769772858.2690032,0.0,0.0,0.0,0.0,1.0,5.499999999999999,-0.0005499999999999999,2
1769772858.2699835,0.0,0.0,0.0,0.0,1.0,5.499999999999999,-0.0005499999999999999,2
1769772858.2713053,0.0,0.0,0.0,0.0,1.0,5.499999999999999,-0.0005499999999999999,2
1769772858.2725532,0.0,0.0,0.0,0.0,1.0,5.499999999999999,-0.0005499999999999999,2
1769772858.2739327,0.0,0.0,0.0,0.0,1.0,5.499999999999999,-0.0005499999999999999,2
1769772858.2750008,0.0,0.0,0.0,0.0,1.0,5.499999999999999,-0.0005499999999999999,2
1769772858.276036,0.0,0.0,0.0,0.0,1.0,5.499999999999999,-0.0005499999999999999,2
1769772858.2771587,0.0,0.0,0.0,0.0,1.0,5.499999999999999,-0.0005499999999999999,2
1769772858.2781672,0.0,0.0,0.0,0.0,1.0,5.499999999999999,-0.0005499999999999999,2
1769772858.279214,0.0,0.0,0.0,0.0,1.0,5.499999999999999,-0.0005499999999999999,2
1769772858.2803788,0.0,0.0,0.0,0.0,1.0,5.499999999999999,-0.0005499999999999999,2
1769772858.2814746,0.0,0.0,0.0,0.0,1.0,5.499999999999999,-0.0005499999999999999,2
1769772858.282529,0.0,0.0,0.0,0.0,1.0,5.499999999999999,-0.0005499999999999999,2
1769772858.283504,0.0,0.0,0.0,0.0,1.0,5.499999999999999,-0.0005499999999999999,2
1769772858.2844594,0.0,0.0,0.0,0.0,1.0,5.499999999999999,-0.0005499999999999999,2
1769772858.2854233,0.0,0.0,0.0,0.0,1.0,5.499999999999999,-0.0005499999999999999,2
1769772858.2864482,0.0,0.0,0.0,0.0,1.0,5.499999999999999,-0.0005499999999999999,2
1769772858.2874148,0.0,0.0,0.0,0.0,1.0,5.499999999999999,-0.0005499999999999999,2
1769772858.2884085,0.0,0.0,0.0,0.0,1.0,5.499999999999999,-0.0005499999999999999,2
1769772858.289693,0.0,0.0,0.0,0.0,1.0,5.499999999999999,-0.0005499999999999999,2
1769772858.2907574,0.0,0.0,0.0,0.0,1.0,5.499999999999999,-0.0005499999999999999,2
1769772858.2918415,0.0,0.0,0.0,0.0,1.0,5.499999999999999,-0.0005499999999999999,2
1769772858.2928023,0.0,0.0,0.0,0.0,1.0,5.499999999999999,-0.0005499999999999999,2
1769772858.2937672,0.0,0.0,0.0,0.0,1.0,5.499999999999999,-0.0005499999999999999,2
1769772858.2951124,0.0,0.0,0.0,0.0,1.0,5.499999999999999,-0.0005499999999999999,2
1769772858.2962267,0.0,0.0,0.0,0.0,1.0,5.499999999999999,-0.0005499999999999999,2
1769772858.298814,0.0,0.0,0.0,0.0,1.0,5.499999999999999,-0.0005499999999999999,2
1769772858.2998524,0.0,0.0,0.0,0.0,1.0,5.499999999999999,-0.0005499999999999999,2
1769772858.3008463,0.0,0.0,0.0,0.0,1.0,5.499999999999999,-0.0005499999999999999,2
1769772858.3018148,0.0,0.0,0.0,0.0,1.0,5.499999999999999,-0.0005499999999999999,2
1769772858.3028271,0.0,0.0,0.0,0.0,1.0,5.499999999999999,-0.0005499999999999999,2
1769772858.3039906,0.0,0.0,0.0,0.0,1.0,5.499999999999999,-0.0005499999999999999,2
1769772858.3055365,0.0,0.0,0.0,0.0,1.0,5.499999999999999,-0.0005499999999999999,2
1769772858.3069148,0.0,0.0,0.0,0.0,1.0,5.499999999999999,-0.0005499999999999999,2
1769772858.308178,0.0,0.0,0.0,0.0,1.0,5.499999999999999,-0.0005499999999999999,2
1769772858.3094046,0.0,0.0,0.0,0.0,1.0,5.499999999999999,-0.0005499999999999999,2
1769772858.3106184,0.0,0.0,0.0,0.0,1.0,5.499999999999999,-0.0005499999999999999,2
1769772858.3118677,0.0,0.0,0.0,0.0,1.0,5.499999999999999,-0.0005499999999999999,2
1769772858.3135326,0.0,0.0,0.0,0.0,1.0,5.499999999999999,-0.0005499999999999999,2
1769772858.3149724,0.0,0.0,0.0,0.0,1.0,5.499999999999999,-0.0005499999999999999,2
1769772858.3160102,0.0,0.0,0.0,0.0,1.0,5.499999999999999,-0.0005499999999999999,2
1769772858.3169556,0.0,0.0,0.0,0.0,1.0,5.499999999999999,-0.0005499999999999999,2
1769772858.3179462,0.0,0.0,0.0,0.0,1.0,5.499999999999999,-0.0005499999999999999,2
1769772858.3198338,0.0,0.0,0.0,0.0,1.0,5.499999999999999,-0.0005499999999999999,2
1769772858.3214488,0.0,0.0,0.0,0.0,1.0,5.499999999999999,-0.0005499999999999999,2
1769772858.3228247,0.0,0.0,0.0,0.0,1.0,5.499999999999999,-0.0005499999999999999,2
1769772858.3241756,0.0,0.0,0.0,0.0,1.0,5.499999999999999,-0.0005499999999999999,2
1769772858.3253522,0.0,0.0,0.0,0.0,1.0,5.499999999999999,-0.0005499999999999999,2
1769772858.326797,0.0,0.0,0.0,0.0,1.0,5.499999999999999,-0.0005499999999999999,2
1769772858.3280685,0.0,0.0,0.0,0.0,1.0,5.499999999999999,-0.0005499999999999999,2
1769772858.3294716,0.0,0.0,0.0,0.0,1.0,5.499999999999999,-0.0005499999999999999,2
1769772858.3306386,0.0,0.0,0.0,0.0,1.0,5.499999999999999,-0.0005499999999999999,2
1769772858.3320692,0.0,0.0,0.0,0.0,1.0,5.499999999999999,-0.0005499999999999999,2
1769772858.3330312,0.0,0.0,0.0,0.0,1.0,5.499999999999999,-0.0005499999999999999,2
1769772858.3351696,0.0,0.0,0.0,0.0,1.0,5.499999999999999,-0.0005499999999999999,2
1769772858.3371847,0.0,0.0,0.0,0.0,1.0,5.499999999999999,-0.0005499999999999999,2
1769772858.3391156,0.0,0.0,0.0,0.0,1.0,5.499999999999999,-0.0005499999999999999,2
1769772858.3413692,0.0,0.0,0.0,0.0,1.0,5.499999999999999,-0.0005499999999999999,2
1769772858.3434184,0.0,0.0,0.0,0.0,1.0,5.499999999999999,-0.0005499999999999999,2
1769772858.344582,0.0,0.0,0.0,0.0,1.0,5.499999999999999,-0.0005499999999999999,2
1769772858.3456368,0.0,0.0,0.0,0.0,1.0,5.499999999999999,-0.0005499999999999999,2
1769772858.346905,0.0,0.0,0.0,0.0,1.0,5.499999999999999,-0.0005499999999999999,2
1769772858.3479645,0.0,0.0,0.0,0.0,1.0,5.499999999999999,-0.0005499999999999999,2
1769772858.3492374,0.0,0.0,0.0,0.0,1.0,5.499999999999999,-0.0005499999999999999,2
1769772858.3509212,0.0,0.0,0.0,0.0,1.0,5.499999999999999,-0.0005499999999999999,2
1769772858.3524861,0.0,0.0,0.0,0.0,1.0,5.499999999999999,-0.0005499999999999999,2
1769772858.3546689,0.0,0.0,0.0,0.0,1.0,5.499999999999999,-0.0005499999999999999,2
1769772858.3575447,0.0,0.0,0.0,0.0,1.0,5.499999999999999,-0.0005499999999999999,2
1769772858.3592966,0.0,0.0,0.0,0.0,1.0,5.499999999999999,-0.0005499999999999999,2
1769772858.360567,0.0,0.0,0.0,0.0,1.0,5.499999999999999,-0.0005499999999999999,2
1769772858.3619757,0.0,0.0,0.0,0.0,1.0,5.499999999999999,-0.0005499999999999999,2
1769772858.363179,0.0,0.0,0.0,0.0,1.0,5.499999999999999,-0.0005499999999999999,2
1769772858.3645244,0.0,0.0,0.0,0.0,1.0,5.499999999999999,-0.0005499999999999999,2
1769772858.3661563,0.0,0.0,0.0,0.0,1.0,5.499999999999999,-0.0005499999999999999,2
1769772858.367633,0.0,0.0,0.0,0.0,1.0,5.499999999999999,-0.0005499999999999999,2
1769772858.3692224,0.0,0.0,0.0,0.0,1.0,5.499999999999999,-0.0005499999999999999,2
1769772858.3707473,0.0,0.0,0.0,0.0,1.0,5.499999999999999,-0.0005499999999999999,2
1769772858.37197,0.0,0.0,0.0,0.0,1.0,5.499999999999999,-0.0005499999999999999,2
1769772858.373187,0.0,0.0,0.0,0.0,1.0,5.499999999999999,-0.0005499999999999999,2
1769772858.3745198,0.0,0.0,0.0,0.0,1.0,5.499999999999999,-0.0005499999999999999,2
1769772858.3754387,0.0,0.0,0.0,0.0,1.0,5.499999999999999,-0.0005499999999999999,2
1769772858.3764064,0.0,0.0,0.0,0.0,1.0,5.499999999999999,-0.0005499999999999999,2
1769772858.3773763,0.0,0.0,0.0,0.0,1.0,5.499999999999999,-0.0005499999999999999,2
1769772858.3788536,0.0,0.0,0.0,0.0,1.0,5.499999999999999,-0.0005499999999999999,2
1769772858.3806016,0.0,0.0,0.0,0.0,1.0,5.499999999999999,-0.0005499999999999999,2
1769772858.3823593,0.0,0.0,0.0,0.0,1.0,5.499999999999999,-0.0005499999999999999,2
1769772858.3837757,0.0,0.0,0.0,0.0,1.0,5.499999999999999,-0.0005499999999999999,2
1769772858.3850913,0.0,0.0,0.0,0.0,1.0,5.499999999999999,-0.0005499999999999999,2
1769772858.3868985,0.0,0.0,0.0,0.0,1.0,5.499999999999999,-0.0005499999999999999,2
1769772858.388222,0.0,0.0,0.0,0.0,1.0,5.499999999999999,-0.0005499999999999999,2
1769772858.38961,0.0,0.0,0.0,0.0,1.0,5.499999999999999,-0.0005499999999999999,2
1769772858.3912106,0.0,0.0,0.0,0.0,1.0,5.499999999999999,-0.0005499999999999999,2
1769772858.3921914,0.0,0.0,0.0,0.0,1.0,5.499999999999999,-0.0005499999999999999,2
1769772858.3935263,0.0,0.0,0.0,0.0,1.0,5.499999999999999,-0.0005499999999999999,2
1769772858.394741,0.0,0.0,0.0,0.0,1.0,5.499999999999999,-0.0005499999999999999,2
1769772858.3960147,0.0,0.0,0.0,0.0,1.0,5.499999999999999,-0.0005499999999999999,2
1769772858.3969867,0.0,0.0,0.0,0.0,1.0,5.499999999999999,-0.0005499999999999999,2
1769772858.3980646,0.0,0.0,0.0,0.0,1.0,5.499999999999999,-0.0005499999999999999,2
1769772858.3990164,0.0,0.0,0.0,0.0,1.0,5.499999999999999,-0.0005499999999999999,2
1769772858.4000282,0.0,0.0,0.0,0.0,1.0,5.499999999999999,-0.0005499999999999999,2
1769772858.401014,0.0,0.0,0.0,0.0,1.0,5.499999999999999,-0.0005499999999999999,2
1769772858.4023156,0.0,0.0,0.0,0.0,1.0,5.499999999999999,-0.0005499999999999999,2
1769772858.4035044,0.0,0.0,0.0,0.0,1.0,5.499999999999999,-0.0005499999999999999,2
1769772858.404458,0.0,0.0,0.0,0.0,1.0,5.499999999999999,-0.0005499999999999999,2
1769772858.4053843,0.0,0.0,0.0,0.0,1.0,5.499999999999999,-0.0005499999999999999,2
1769772858.4063952,0.0,0.0,0.0,0.0,1.0,5.499999999999999,-0.0005499999999999999,2
1769772858.4074087,0.0,0.0,0.0,0.0,1.0,5.499999999999999,-0.0005499999999999999,2
1769772858.4085207,0.0,0.0,0.0,0.0,1.0,5.499999999999999,-0.0005499999999999999,2
1769772858.410564,0.0,0.0,0.0,0.0,1.0,5.499999999999999,-0.0005499999999999999,2
1769772858.4127443,0.0,0.0,0.0,0.0,1.0,5.499999999999999,-0.0005499999999999999,2
1769772858.415024,0.0,0.0,0.0,0.0,1.0,5.499999999999999,-0.0005499999999999999,2
1769772858.4180608,0.0,0.0,0.0,0.0,1.0,5.499999999999999,-0.0005499999999999999,2
1769772858.420141,0.0,0.0,0.0,0.0,1.0,5.499999999999999,-0.0005499999999999999,2
1769772858.4232888,0.0,0.0,0.0,0.0,1.0,5.499999999999999,-0.0005499999999999999,2
1769772858.4251552,0.0,0.0,0.0,0.0,1.0,5.499999999999999,-0.0005499999999999999,2
1769772858.4271116,0.0,0.0,0.0,0.0,1.0,5.499999999999999,-0.0005499999999999999,2
1769772858.4290478,0.0,0.0,0.0,0.0,1.0,5.499999999999999,-0.0005499999999999999,2
1769772858.4305804,0.0,0.0,0.0,0.0,1.0,5.499999999999999,-0.0005499999999999999,2
1769772858.432045,0.0,0.0,0.0,0.0,1.0,5.499999999999999,-0.0005499999999999999,2
1769772858.4332554,0.0,0.0,0.0,0.0,1.0,5.499999999999999,-0.0005499999999999999,2
1769772858.4348512,0.0,0.0,0.0,0.0,1.0,5.499999999999999,-0.0005499999999999999,2
1769772858.4360871,0.0,0.0,0.0,0.0,1.0,5.499999999999999,-0.0005499999999999999,2
1769772858.4378865,0.0,0.0,0.0,0.0,1.0,5.499999999999999,-0.0005499999999999999,2
1769772858.440336,0.0,0.0,0.0,0.0,1.0,5.499999999999999,-0.0005499999999999999,2
1769772858.443269,0.0,0.0,0.0,0.0,1.0,5.499999999999999,-0.0005499999999999999,2
1769772858.444836,0.0,0.0,0.0,0.0,1.0,5.499999999999999,-0.0005499999999999999,2
1769772858.4467003,0.0,0.0,0.0,0.0,1.0,5.499999999999999,-0.0005499999999999999,2
1769772858.4486222,0.0,0.0,0.0,0.0,1.0,5.499999999999999,-0.0005499999999999999,2
1769772858.4505012,0.0,0.0,0.0,0.0,1.0,5.499999999999999,-0.0005499999999999999,2
1769772858.4521446,0.0,0.0,0.0,0.0,1.0,5.499999999999999,-0.0005499999999999999,2
1769772858.4535398,0.0,0.0,0.0,0.0,1.0,5.499999999999999,-0.0005499999999999999,2
1769772858.4553363,0.0,0.0,0.0,0.0,1.0,5.499999999999999,-0.0005499999999999999,2
1769772858.457074,0.0,0.0,0.0,0.0,1.0,5.499999999999999,-0.0005499999999999999,2
1769772858.4586189,0.0,0.0,0.0,0.0,1.0,5.499999999999999,-0.0005499999999999999,2
1769772858.4603186,0.0,0.0,0.0,0.0,1.0,5.499999999999999,-0.0005499999999999999,2
1769772858.4619484,0.0,0.0,0.0,0.0,1.0,5.499999999999999,-0.0005499999999999999,2
1769772858.4635198,0.0,0.0,0.0,0.0,1.0,5.499999999999999,-0.0005499999999999999,2
1769772858.4649572,0.0,0.0,0.0,0.0,1.0,5.499999999999999,-0.0005499999999999999,2
1769772858.4666271,0.0,0.0,0.0,0.0,1.0,5.499999999999999,-0.0005499999999999999,2
1769772858.4687932,0.0,0.0,0.0,0.0,1.0,5.499999999999999,-0.0005499999999999999,2
1769772858.4703445,0.0,0.0,0.0,0.0,1.0,5.499999999999999,-0.0005499999999999999,2
1769772858.4724898,0.0,0.0,0.0,0.0,1.0,5.499999999999999,-0.0005499999999999999,2
1769772858.474637,0.0,0.0,0.0,0.0,1.0,5.499999999999999,-0.0005499999999999999,2
1769772858.47678,0.0,0.0,0.0,0.0,1.0,5.499999999999999,-0.0005499999999999999,2
1769772858.4796789,0.0,0.0,0.0,0.0,1.0,5.499999999999999,-0.0005499999999999999,2
1769772858.4817033,0.0,0.0,0.0,0.0,1.0,5.499999999999999,-0.0005499999999999999,2
1769772858.4838579,0.0,0.0,0.0,0.0,1.0,5.499999999999999,-0.0005499999999999999,2
1769772858.4858503,0.0,0.0,0.0,0.0,1.0,5.499999999999999,-0.0005499999999999999,2
1769772858.4877865,0.0,0.0,0.0,0.0,1.0,5.499999999999999,-0.0005499999999999999,2
1769772858.48971,0.0,0.0,0.0,0.0,1.0,5.499999999999999,-0.0005499999999999999,2
1769772858.491629,0.0,0.0,0.0,0.0,1.0,5.499999999999999,-0.0005499999999999999,2
1769772858.493336,0.0,0.0,0.0,0.0,1.0,5.499999999999999,-0.0005499999999999999,2
1769772858.4949753,0.0,0.0,0.0,0.0,1.0,5.499999999999999,-0.0005499999999999999,2
1769772858.4962823,0.0,0.0,0.0,0.0,1.0,5.499999999999999,-0.0005499999999999999,2
1769772858.4976323,0.0,0.0,0.0,0.0,1.0,5.499999999999999,-0.0005499999999999999,2
1769772858.4990804,0.0,0.0,0.0,0.0,1.0,5.499999999999999,-0.0005499999999999999,2
1769772858.50036,0.0,0.0,0.0,0.0,1.0,5.499999999999999,-0.0005499999999999999,2
1769772858.5017605,0.0,0.0,0.0,0.0,1.0,5.499999999999999,-0.0005499999999999999,2
1769772858.5031722,0.0,0.0,0.0,0.0,1.0,5.499999999999999,-0.0005499999999999999,2
1769772858.5044668,0.0,0.0,0.0,0.0,1.0,5.499999999999999,-0.0005499999999999999,2
1769772858.5058193,0.0,0.0,0.0,0.0,1.0,5.499999999999999,-0.0005499999999999999,2
1769772858.507266,0.0,0.0,0.0,0.0,1.0,5.499999999999999,-0.0005499999999999999,2
1769772858.5086403,0.0,0.0,0.0,0.0,1.0,5.499999999999999,-0.0005499999999999999,2
1769772858.510098,0.0,0.0,0.0,0.0,1.0,5.499999999999999,-0.0005499999999999999,2
1769772858.5114489,0.0,0.0,0.0,0.0,1.0,5.499999999999999,-0.0005499999999999999,2
1769772858.5127292,0.0,0.0,0.0,0.0,1.0,5.499999999999999,-0.0005499999999999999,2
1769772858.5142913,0.0,0.0,0.0,0.0,1.0,5.499999999999999,-0.0005499999999999999,2
1769772858.5156546,0.0,0.0,0.0,0.0,1.0,5.499999999999999,-0.0005499999999999999,2
1769772858.5176694,0.0,0.0,0.0,0.0,1.0,5.499999999999999,-0.0005499999999999999,2
1769772858.5196285,0.0,0.0,0.0,0.0,1.0,5.499999999999999,-0.0005499999999999999,2
1769772858.5216491,0.0,0.0,0.0,0.0,1.0,5.499999999999999,-0.0005499999999999999,2
1769772858.523519,0.0,0.0,0.0,0.0,1.0,5.499999999999999,-0.0005499999999999999,2
1769772858.5255544,0.0,0.0,0.0,0.0,1.0,5.499999999999999,-0.0005499999999999999,2
1769772858.527914,0.0,0.0,0.0,0.0,1.0,5.499999999999999,-0.0005499999999999999,2
1769772858.6143057,0.0,0.0,0.0,0.0,1.0,0.0,0.0,2
1769772858.616449,0.0,0.0,0.0,0.0,1.0,5.499999999999999,-0.0005499999999999999,2
1769772858.6177032,0.0,0.0,0.0,0.0,1.0,5.499999999999999,-0.0005499999999999999,2
1769772858.618898,0.0,0.0,0.0,0.0,1.0,5.499999999999999,-0.0005499999999999999,2
1769772858.620709,0.0,0.0,0.0,0.0,1.0,5.499999999999999,-0.0005499999999999999,2
1769772858.6236615,0.0,0.0,0.0,0.0,1.0,5.499999999999999,-0.0005499999999999999,2
1769772858.6252315,0.0,0.0,0.0,0.0,1.0,5.499999999999999,-0.0005499999999999999,2
1769772858.6266346,0.0,0.0,0.0,0.0,1.0,5.499999999999999,-0.0005499999999999999,2
1769772858.628434,0.0,0.0,0.0,0.0,1.0,5.499999999999999,-0.0005499999999999999,2
1769772858.6307735,0.0,0.0,0.0,0.0,1.0,5.499999999999999,-0.0005499999999999999,2
1769772858.632075,0.0,0.0,0.0,0.0,1.0,5.499999999999999,-0.0005499999999999999,2
1769772858.6335123,0.0,0.0,0.0,0.0,1.0,5.499999999999999,-0.0005499999999999999,2
1769772858.6349084,0.0,0.0,0.0,0.0,1.0,5.499999999999999,-0.0005499999999999999,2
1769772858.6369994,0.0,0.0,0.0,0.0,1.0,5.499999999999999,-0.0005499999999999999,2
1769772858.6401026,0.0,0.0,0.0,0.0,1.0,5.499999999999999,-0.0005499999999999999,2
1769772858.6420453,0.0,0.0,0.0,0.0,1.0,5.499999999999999,-0.0005499999999999999,2
1769772858.6432257,0.0,0.0,0.0,0.0,1.0,5.499999999999999,-0.0005499999999999999,2
1769772858.6450737,0.0,0.0,0.0,0.0,1.0,5.499999999999999,-0.0005499999999999999,2
1769772858.6472373,0.0,0.0,0.0,0.0,1.0,5.499999999999999,-0.0005499999999999999,2
1769772858.6486175,0.0,0.0,0.0,0.0,1.0,5.499999999999999,-0.0005499999999999999,2
1769772858.6497183,0.0,0.0,0.0,0.0,1.0,5.499999999999999,-0.0005499999999999999,2
1769772858.650795,0.0,0.0,0.0,0.0,1.0,5.499999999999999,-0.0005499999999999999,2
1769772858.6520498,0.0,0.0,0.0,0.0,1.0,5.499999999999999,-0.0005499999999999999,2
1769772858.6537917,0.0,0.0,0.0,0.0,1.0,5.499999999999999,-0.0005499999999999999,2
1769772858.6555834,0.0,0.0,0.0,0.0,1.0,5.499999999999999,-0.0005499999999999999,2
1769772858.6573088,0.0,0.0,0.0,0.0,1.0,5.499999999999999,-0.0005499999999999999,2
1769772858.6588094,0.0,0.0,0.0,0.0,1.0,5.499999999999999,-0.0005499999999999999,2
1769772858.6603935,0.0,0.0,0.0,0.0,1.0,5.499999999999999,-0.0005499999999999999,2
1769772858.6615262,0.0,0.0,0.0,0.0,1.0,5.499999999999999,-0.0005499999999999999,2
1769772858.6627297,0.0,0.0,0.0,0.0,1.0,5.499999999999999,-0.0005499999999999999,2
1769772858.6642609,0.0,0.0,0.0,0.0,1.0,5.499999999999999,-0.0005499999999999999,2
1769772858.6653738,0.0,0.0,0.0,0.0,1.0,5.499999999999999,-0.0005499999999999999,2
1769772858.6664777,0.0,0.0,0.0,0.0,1.0,5.499999999999999,-0.0005499999999999999,2
1769772858.6677039,0.0,0.0,0.0,0.0,1.0,5.499999999999999,-0.0005499999999999999,2
1769772858.6699607,0.0,0.0,0.0,0.0,1.0,5.499999999999999,-0.0005499999999999999,2
1769772858.671274,0.0,0.0,0.0,0.0,1.0,5.499999999999999,-0.0005499999999999999,2
1769772858.6724613,0.0,0.0,0.0,0.0,1.0,5.499999999999999,-0.0005499999999999999,2
1769772858.6735752,0.0,0.0,0.0,0.0,1.0,5.499999999999999,-0.0005499999999999999,2
1769772858.674849,0.0,0.0,0.0,0.0,1.0,5.499999999999999,-0.0005499999999999999,2
1769772858.6763325,0.0,0.0,0.0,0.0,1.0,5.499999999999999,-0.0005499999999999999,2
1769772858.6779487,0.0,0.0,0.0,0.0,1.0,5.499999999999999,-0.0005499999999999999,2
1769772858.6795442,0.0,0.0,0.0,0.0,1.0,5.499999999999999,-0.0005499999999999999,2
1769772858.6822891,0.0,0.0,0.0,0.0,1.0,5.499999999999999,-0.0005499999999999999,2
1769772858.6848943,0.0,0.0,0.0,0.0,1.0,5.499999999999999,-0.0005499999999999999,2
1769772858.6866038,0.0,0.0,0.0,0.0,1.0,5.499999999999999,-0.0005499999999999999,2
1769772858.6883368,0.0,0.0,0.0,0.0,1.0,5.499999999999999,-0.0005499999999999999,2
1769772858.6902246,0.0,0.0,0.0,0.0,1.0,5.499999999999999,-0.0005499999999999999,2
1769772858.6918144,0.0,0.0,0.0,0.0,1.0,5.499999999999999,-0.0005499999999999999,2
1769772858.6941054,0.0,0.0,0.0,0.0,1.0,5.499999999999999,-0.0005499999999999999,2
1769772858.6956882,0.0,0.0,0.0,0.0,1.0,5.499999999999999,-0.0005499999999999999,2
1769772858.696911,0.0,0.0,0.0,0.0,1.0,5.499999999999999,-0.0005499999999999999,2
1769772858.6983457,0.0,0.0,0.0,0.0,1.0,5.499999999999999,-0.0005499999999999999,2
1769772858.6998858,0.0,0.0,0.0,0.0,1.0,5.499999999999999,-0.0005499999999999999,2
1769772858.701322,0.0,0.0,0.0,0.0,1.0,5.499999999999999,-0.0005499999999999999,2
1769772858.7027938,0.0,0.0,0.0,0.0,1.0,5.499999999999999,-0.0005499999999999999,2
1769772858.7041695,0.0,0.0,0.0,0.0,1.0,5.499999999999999,-0.0005499999999999999,2
1769772858.7057316,0.0,0.0,0.0,0.0,1.0,5.499999999999999,-0.0005499999999999999,2
1769772858.7070649,0.0,0.0,0.0,0.0,1.0,5.499999999999999,-0.0005499999999999999,2
1769772858.7084785,0.0,0.0,0.0,0.0,1.0,5.499999999999999,-0.0005499999999999999,2
1769772858.709617,0.0,0.0,0.0,0.0,1.0,5.499999999999999,-0.0005499999999999999,2
1769772858.7109706,0.0,0.0,0.0,0.0,1.0,5.499999999999999,-0.0005499999999999999,2
1769772858.7121396,0.0,0.0,0.0,0.0,1.0,5.499999999999999,-0.0005499999999999999,2
1769772858.7133677,0.0,0.0,0.0,0.0,1.0,5.499999999999999,-0.0005499999999999999,2
1769772858.7150004,0.0,0.0,0.0,0.0,1.0,5.499999999999999,-0.0005499999999999999,2
1769772858.7166378,0.0,0.0,0.0,0.0,1.0,5.499999999999999,-0.0005499999999999999,2
1769772858.7183993,0.0,0.0,0.0,0.0,1.0,5.499999999999999,-0.0005499999999999999,2
1769772858.7207146,0.0,0.0,0.0,0.0,1.0,5.499999999999999,-0.0005499999999999999,2
1769772858.722615,0.0,0.0,0.0,0.0,1.0,5.499999999999999,-0.0005499999999999999,2
1769772858.7241087,0.0,0.0,0.0,0.0,1.0,5.499999999999999,-0.0005499999999999999,2
1769772858.7257125,0.0,0.0,0.0,0.0,1.0,5.499999999999999,-0.0005499999999999999,2
1769772858.7269318,0.0,0.0,0.0,0.0,1.0,5.499999999999999,-0.0005499999999999999,2
1769772858.7280548,0.0,0.0,0.0,0.0,1.0,5.499999999999999,-0.0005499999999999999,2
1769772858.7294586,0.0,0.0,0.0,0.0,1.0,5.499999999999999,-0.0005499999999999999,2
1769772858.7312977,0.0,0.0,0.0,0.0,1.0,5.499999999999999,-0.0005499999999999999,2
1769772858.7335145,0.0,0.0,0.0,0.0,1.0,5.499999999999999,-0.0005499999999999999,2
1769772858.7353988,0.0,0.0,0.0,0.0,1.0,5.499999999999999,-0.0005499999999999999,2
1769772858.7370853,0.0,0.0,0.0,0.0,1.0,5.499999999999999,-0.0005499999999999999,2
1769772858.738818,0.0,0.0,0.0,0.0,1.0,5.499999999999999,-0.0005499999999999999,2
1769772858.7401798,0.0,0.0,0.0,0.0,1.0,5.499999999999999,-0.0005499999999999999,2
1769772858.741505,0.0,0.0,0.0,0.0,1.0,5.499999999999999,-0.0005499999999999999,2
1769772858.7426486,0.0,0.0,0.0,0.0,1.0,5.499999999999999,-0.0005499999999999999,2
1769772858.7448704,0.0,0.0,0.0,0.0,1.0,5.499999999999999,-0.0005499999999999999,2
1769772858.7465,0.0,0.0,0.0,0.0,1.0,5.499999999999999,-0.0005499999999999999,2
1769772858.7477834,0.0,0.0,0.0,0.0,1.0,5.499999999999999,-0.0005499999999999999,2
1769772858.7490776,0.0,0.0,0.0,0.0,1.0,5.499999999999999,-0.0005499999999999999,2
1769772858.750754,0.0,0.0,0.0,0.0,1.0,5.499999999999999,-0.0005499999999999999,2
1769772858.7519846,0.0,0.0,0.0,0.0,1.0,5.499999999999999,-0.0005499999999999999,2
1769772858.7532434,0.0,0.0,0.0,0.0,1.0,5.499999999999999,-0.0005499999999999999,2
1769772858.754626,0.0,0.0,0.0,0.0,1.0,5.499999999999999,-0.0005499999999999999,2
1769772858.7557662,0.0,0.0,0.0,0.0,1.0,5.499999999999999,-0.0005499999999999999,2
1769772858.7571187,0.0,0.0,0.0,0.0,1.0,5.499999999999999,-0.0005499999999999999,2
1769772858.7590861,0.0,0.0,0.0,0.0,1.0,5.499999999999999,-0.0005499999999999999,2
1769772858.7613447,0.0,0.0,0.0,0.0,1.0,5.499999999999999,-0.0005499999999999999,2
1769772858.7631097,0.0,0.0,0.0,0.0,1.0,5.499999999999999,-0.0005499999999999999,2
1769772858.7650664,0.0,0.0,0.0,0.0,1.0,5.499999999999999,-0.0005499999999999999,2
1769772858.767055,0.0,0.0,0.0,0.0,1.0,5.499999999999999,-0.0005499999999999999,2
1769772858.7686834,0.0,0.0,0.0,0.0,1.0,5.499999999999999,-0.0005499999999999999,2
1769772858.770128,0.0,0.0,0.0,0.0,1.0,5.499999999999999,-0.0005499999999999999,2
1769772858.7714705,0.0,0.0,0.0,0.0,1.0,5.499999999999999,-0.0005499999999999999,2
1769772858.772754,0.0,0.0,0.0,0.0,1.0,5.499999999999999,-0.0005499999999999999,2
1769772858.775046,0.0,0.0,0.0,0.0,1.0,5.499999999999999,-0.0005499999999999999,2
1769772858.776961,0.0,0.0,0.0,0.0,1.0,5.499999999999999,-0.0005499999999999999,2
1769772858.778588,0.0,0.0,0.0,0.0,1.0,5.499999999999999,-0.0005499999999999999,2
1769772858.7808661,0.0,0.0,0.0,0.0,1.0,5.499999999999999,-0.0005499999999999999,2
1769772858.782775,0.0,0.0,0.0,0.0,1.0,5.499999999999999,-0.0005499999999999999,2
1769772858.78463,0.0,0.0,0.0,0.0,1.0,5.499999999999999,-0.0005499999999999999,2
1769772858.785908,0.0,0.0,0.0,0.0,1.0,5.499999999999999,-0.0005499999999999999,2
1769772858.7871556,0.0,0.0,0.0,0.0,1.0,5.499999999999999,-0.0005499999999999999,2
1769772858.788391,0.0,0.0,0.0,0.0,1.0,5.499999999999999,-0.0005499999999999999,2
1769772858.7903929,0.0,0.0,0.0,0.0,1.0,5.499999999999999,-0.0005499999999999999,2
1769772858.7916324,0.0,0.0,0.0,0.0,1.0,5.499999999999999,-0.0005499999999999999,2
1769772858.7926404,0.0,0.0,0.0,0.0,1.0,5.499999999999999,-0.0005499999999999999,2
1769772858.793644,0.0,0.0,0.0,0.0,1.0,5.499999999999999,-0.0005499999999999999,2
1769772858.794598,0.0,0.0,0.0,0.0,1.0,5.499999999999999,-0.0005499999999999999,2
1769772858.7955828,0.0,0.0,0.0,0.0,1.0,5.499999999999999,-0.0005499999999999999,2
1769772858.7965844,0.0,0.0,0.0,0.0,1.0,5.499999999999999,-0.0005499999999999999,2
1769772858.7977057,0.0,0.0,0.0,0.0,1.0,5.499999999999999,-0.0005499999999999999,2
1769772858.798842,0.0,0.0,0.0,0.0,1.0,5.499999999999999,-0.0005499999999999999,2
1769772858.799914,0.0,0.0,0.0,0.0,1.0,5.499999999999999,-0.0005499999999999999,2
1769772858.8011706,0.0,0.0,0.0,0.0,1.0,5.499999999999999,-0.0005499999999999999,2
1769772858.8024929,0.0,0.0,0.0,0.0,1.0,5.499999999999999,-0.0005499999999999999,2
1769772858.803668,0.0,0.0,0.0,0.0,1.0,5.499999999999999,-0.0005499999999999999,2
1769772858.8048031,0.0,0.0,0.0,0.0,1.0,5.499999999999999,-0.0005499999999999999,2
1769772858.8067691,0.0,0.0,0.0,0.0,1.0,5.499999999999999,-0.0005499999999999999,2
1769772858.808166,0.0,0.0,0.0,0.0,1.0,5.499999999999999,-0.0005499999999999999,2
1769772858.809329,0.0,0.0,0.0,0.0,1.0,5.499999999999999,-0.0005499999999999999,2
1769772858.8108418,0.0,0.0,0.0,0.0,1.0,5.499999999999999,-0.0005499999999999999,2
1769772858.8122864,0.0,0.0,0.0,0.0,1.0,5.499999999999999,-0.0005499999999999999,2
1769772858.8140955,0.0,0.0,0.0,0.0,1.0,5.499999999999999,-0.0005499999999999999,2
1769772858.8155963,0.0,0.0,0.0,0.0,1.0,5.499999999999999,-0.0005499999999999999,2
1769772858.816612,0.0,0.0,0.0,0.0,1.0,5.499999999999999,-0.0005499999999999999,2
1769772858.817615,0.0,0.0,0.0,0.0,1.0,5.499999999999999,-0.0005499999999999999,2
1769772858.8189054,0.0,0.0,0.0,0.0,1.0,5.499999999999999,-0.0005499999999999999,2
1769772858.8200502,0.0,0.0,0.0,0.0,1.0,5.499999999999999,-0.0005499999999999999,2
1769772858.8211007,0.0,0.0,0.0,0.0,1.0,5.499999999999999,-0.0005499999999999999,2
1769772858.8224187,0.0,0.0,0.0,0.0,1.0,5.499999999999999,-0.0005499999999999999,2
1769772858.8235152,0.0,0.0,0.0,0.0,1.0,5.499999999999999,-0.0005499999999999999,2
1769772858.8244557,0.0,0.0,0.0,0.0,1.0,5.499999999999999,-0.0005499999999999999,2
1769772858.8254364,0.0,0.0,0.0,0.0,1.0,5.499999999999999,-0.0005499999999999999,2
1769772858.8266785,0.0,0.0,0.0,0.0,1.0,5.499999999999999,-0.0005499999999999999,2
1769772858.827812,0.0,0.0,0.0,0.0,1.0,5.499999999999999,-0.0005499999999999999,2
1769772858.8287969,0.0,0.0,0.0,0.0,1.0,5.499999999999999,-0.0005499999999999999,2
1769772858.8299077,0.0,0.0,0.0,0.0,1.0,5.499999999999999,-0.0005499999999999999,2
1769772858.8312774,0.0,0.0,0.0,0.0,1.0,5.499999999999999,-0.0005499999999999999,2
1769772858.8323739,0.0,0.0,0.0,0.0,1.0,5.499999999999999,-0.0005499999999999999,2
1769772858.8335493,0.0,0.0,0.0,0.0,1.0,5.499999999999999,-0.0005499999999999999,2
1769772858.835133,0.0,0.0,0.0,0.0,1.0,5.499999999999999,-0.0005499999999999999,2
1769772858.8367221,0.0,0.0,0.0,0.0,1.0,5.499999999999999,-0.0005499999999999999,2
1769772858.8384879,0.0,0.0,0.0,0.0,1.0,5.499999999999999,-0.0005499999999999999,2
1769772858.8402936,0.0,0.0,0.0,0.0,1.0,5.499999999999999,-0.0005499999999999999,2
1769772858.841878,0.0,0.0,0.0,0.0,1.0,5.499999999999999,-0.0005499999999999999,2
1769772858.8436582,0.0,0.0,0.0,0.0,1.0,5.499999999999999,-0.0005499999999999999,2
1769772858.8451278,0.0,0.0,0.0,0.0,1.0,5.499999999999999,-0.0005499999999999999,2
1769772858.8464873,0.0,0.0,0.0,0.0,1.0,5.499999999999999,-0.0005499999999999999,2
1769772858.847773,0.0,0.0,0.0,0.0,1.0,5.499999999999999,-0.0005499999999999999,2
1769772858.849556,0.0,0.0,0.0,0.0,1.0,5.499999999999999,-0.0005499999999999999,2
1769772858.8517737,0.0,0.0,0.0,0.0,1.0,5.499999999999999,-0.0005499999999999999,2
1769772858.8539758,0.0,0.0,0.0,0.0,1.0,5.499999999999999,-0.0005499999999999999,2
1769772858.8559175,0.0,0.0,0.0,0.0,1.0,5.499999999999999,-0.0005499999999999999,2
1769772858.8580885,0.0,0.0,0.0,0.0,1.0,5.499999999999999,-0.0005499999999999999,2
1769772858.8595812,0.0,0.0,0.0,0.0,1.0,5.499999999999999,-0.0005499999999999999,2
1769772858.8615577,0.0,0.0,0.0,0.0,1.0,5.499999999999999,-0.0005499999999999999,2
1769772858.864798,0.0,0.0,0.0,0.0,1.0,5.499999999999999,-0.0005499999999999999,2
1769772858.867,0.0,0.0,0.0,0.0,1.0,5.499999999999999,-0.0005499999999999999,2
1769772858.8684065,0.0,0.0,0.0,0.0,1.0,5.499999999999999,-0.0005499999999999999,2
1769772858.869876,0.0,0.0,0.0,0.0,1.0,5.499999999999999,-0.0005499999999999999,2
1769772858.8710458,0.0,0.0,0.0,0.0,1.0,5.499999999999999,-0.0005499999999999999,2
1769772858.8723836,0.0,0.0,0.0,0.0,1.0,5.499999999999999,-0.0005499999999999999,2
1769772858.8740509,0.0,0.0,0.0,0.0,1.0,5.499999999999999,-0.0005499999999999999,2
1769772858.8759215,0.0,0.0,0.0,0.0,1.0,5.499999999999999,-0.0005499999999999999,2
1769772858.8786166,0.0,0.0,0.0,0.0,1.0,5.499999999999999,-0.0005499999999999999,2
1769772858.8816156,0.0,0.0,0.0,0.0,1.0,5.499999999999999,-0.0005499999999999999,2
1769772858.8851242,0.0,0.0,0.0,0.0,1.0,5.499999999999999,-0.0005499999999999999,2
1769772858.8875914,0.0,0.0,0.0,0.0,1.0,5.499999999999999,-0.0005499999999999999,2
1769772858.890013,0.0,0.0,0.0,0.0,1.0,5.499999999999999,-0.0005499999999999999,2
1769772858.8922944,0.0,0.0,0.0,0.0,1.0,5.499999999999999,-0.0005499999999999999,2
1769772858.8942668,0.0,0.0,0.0,0.0,1.0,5.499999999999999,-0.0005499999999999999,2
1769772858.8957179,0.0,0.0,0.0,0.0,1.0,5.499999999999999,-0.0005499999999999999,2
1769772858.8968484,0.0,0.0,0.0,0.0,1.0,5.499999999999999,-0.0005499999999999999,2
1769772858.8978627,0.0,0.0,0.0,0.0,1.0,5.499999999999999,-0.0005499999999999999,2
1769772858.899003,0.0,0.0,0.0,0.0,1.0,5.499999999999999,-0.0005499999999999999,2
1769772858.9003518,0.0,0.0,0.0,0.0,1.0,5.499999999999999,-0.0005499999999999999,2
1769772858.9013507,0.0,0.0,0.0,0.0,1.0,5.499999999999999,-0.0005499999999999999,2
1769772858.9025042,0.0,0.0,0.0,0.0,1.0,5.499999999999999,-0.0005499999999999999,2
1769772858.9037561,0.0,0.0,0.0,0.0,1.0,5.499999999999999,-0.0005499999999999999,2
1769772858.9047074,0.0,0.0,0.0,0.0,1.0,5.499999999999999,-0.0005499999999999999,2
1769772858.9057531,0.0,0.0,0.0,0.0,1.0,5.499999999999999,-0.0005499999999999999,2
1769772858.906849,0.0,0.0,0.0,0.0,1.0,5.499999999999999,-0.0005499999999999999,2
1769772858.907825,0.0,0.0,0.0,0.0,1.0,5.499999999999999,-0.0005499999999999999,2
1769772858.9090922,0.0,0.0,0.0,0.0,1.0,5.499999999999999,-0.0005499999999999999,2
1769772858.9106753,0.0,0.0,0.0,0.0,1.0,5.499999999999999,-0.0005499999999999999,2
1769772858.9122026,0.0,0.0,0.0,0.0,1.0,5.499999999999999,-0.0005499999999999999,2
1769772858.913519,0.0,0.0,0.0,0.0,1.0,5.499999999999999,-0.0005499999999999999,2
1769772858.9150124,0.0,0.0,0.0,0.0,1.0,5.499999999999999,-0.0005499999999999999,2
1769772858.9163897,0.0,0.0,0.0,0.0,1.0,5.499999999999999,-0.0005499999999999999,2
1769772858.9177134,0.0,0.0,0.0,0.0,1.0,5.499999999999999,-0.0005499999999999999,2
1769772858.919178,0.0,0.0,0.0,0.0,1.0,5.499999999999999,-0.0005499999999999999,2
1769772858.9202144,0.0,0.0,0.0,0.0,1.0,5.499999999999999,-0.0005499999999999999,2
1769772858.9211612,0.0,0.0,0.0,0.0,1.0,5.499999999999999,-0.0005499999999999999,2
1769772858.9221954,0.0,0.0,0.0,0.0,1.0,5.499999999999999,-0.0005499999999999999,2
1769772858.9230998,0.0,0.0,0.0,0.0,1.0,5.499999999999999,-0.0005499999999999999,2
1769784901.3542209,1975.3086419753085,0.004769630515,0.0,0.0,1.0,10.0,0.9983455904753087,2
1769784901.356352,1980.1980198019803,0.004769630515,0.0,0.0,1.0,5.499999999999999,1.2282349683019804,2
1769784901.3595645,1980.1980198019803,0.004769630515,0.0,0.0,1.0,5.499999999999999,1.2282349683019804,2
1769784901.3614492,1980.1980198019803,0.004769630515,0.0,0.0,1.0,5.499999999999999,1.2282349683019804,2
1769784901.3630142,1980.1980198019803,0.004769630515,0.0,0.0,1.0,5.499999999999999,1.2282349683019804,2
1769784901.364765,1980.1980198019803,0.004769630515,0.0,0.0,1.0,5.499999999999999,1.2282349683019804,2
1769784901.3668995,1980.1980198019803,0.004769630515,0.0,0.0,1.0,5.499999999999999,1.2282349683019804,2
1769784901.3682344,1980.1980198019803,0.004769630515,0.0,0.0,1.0,5.499999999999999,1.2282349683019804,2
1769784901.3696122,1980.1980198019803,0.004769630515,0.0,0.0,1.0,5.499999999999999,1.2282349683019804,2
1769784901.3721452,1980.1980198019803,0.004769630515,0.0,0.0,1.0,5.499999999999999,1.2282349683019804,2
1769784901.3735955,1980.1980198019803,0.004769630515,0.0,0.0,1.0,5.499999999999999,1.2282349683019804,2
1769784901.3748603,1980.1980198019803,0.004769630515,0.0,0.0,1.0,5.499999999999999,1.2282349683019804,2
1769784901.3761537,1980.1980198019803,0.004769630515,0.0,0.0,1.0,5.499999999999999,1.2282349683019804,2
1769784901.3784409,1980.1980198019803,0.004769630515,0.0,0.0,1.0,5.499999999999999,1.2282349683019804,2
1769784901.3803673,1980.1980198019803,0.004769630515,0.0,0.0,1.0,5.499999999999999,1.2282349683019804,2
1769784901.38249,1980.1980198019803,0.004769630515,0.0,0.0,1.0,5.499999999999999,1.2282349683019804,2
1769784901.3839953,1980.1980198019803,0.004769630515,0.0,0.0,1.0,5.499999999999999,1.2282349683019804,2
1769784901.3853056,1980.1980198019803,0.004769630515,0.0,0.0,1.0,5.499999999999999,1.2282349683019804,2
1769784901.386588,1980.1980198019803,0.004769630515,0.0,0.0,1.0,5.499999999999999,1.2282349683019804,2
1769784901.388406,1980.1980198019803,0.004769630515,0.0,0.0,1.0,5.499999999999999,1.2282349683019804,2
1769784901.3896837,1980.1980198019803,0.004769630515,0.0,0.0,1.0,5.499999999999999,1.2282349683019804,2
1769784901.390974,1980.1980198019803,0.004769630515,0.0,0.0,1.0,5.499999999999999,1.2282349683019804,2
1769784901.3932629,1980.1980198019803,0.004769630515,0.0,0.0,1.0,5.499999999999999,1.2282349683019804,2
1769784901.3945117,1980.1980198019803,0.004769630515,0.0,0.0,1.0,5.499999999999999,1.2282349683019804,2
1769784901.3965278,1980.1980198019803,0.004769630515,0.0,0.0,1.0,5.499999999999999,1.2282349683019804,2
1769784901.3978324,1980.1980198019803,0.004769630515,0.0,0.0,1.0,5.499999999999999,1.2282349683019804,2
1769784901.3992515,1980.1980198019803,0.004769630515,0.0,0.0,1.0,5.499999999999999,1.2282349683019804,2
1769784901.400572,1980.1980198019803,0.004769630515,0.0,0.0,1.0,5.499999999999999,1.2282349683019804,2
1769784901.4016623,1980.1980198019803,0.004769630515,0.0,0.0,1.0,5.499999999999999,1.2282349683019804,2
1769784901.4032037,1980.1980198019803,0.004769630515,0.0,0.0,1.0,5.499999999999999,1.2282349683019804,2
1769784901.4045177,1980.1980198019803,0.004769630515,0.0,0.0,1.0,5.499999999999999,1.2282349683019804,2
1769784901.4057097,1980.1980198019803,0.004769630515,0.0,0.0,1.0,5.499999999999999,1.2282349683019804,2
1769784901.4068396,1980.1980198019803,0.004769630515,0.0,0.0,1.0,5.499999999999999,1.2282349683019804,2
1769784901.4083192,1980.1980198019803,0.004769630515,0.0,0.0,1.0,5.499999999999999,1.2282349683019804,2
1769784901.409611,1980.1980198019803,0.004769630515,0.0,0.0,1.0,5.499999999999999,1.2282349683019804,2
1769784901.4122374,1980.1980198019803,0.004769630515,0.0,0.0,1.0,5.499999999999999,1.2282349683019804,2
1769784901.4149687,1980.1980198019803,0.004769630515,0.0,0.0,1.0,5.499999999999999,1.2282349683019804,2
1769784901.4163415,1980.1980198019803,0.004769630515,0.0,0.0,1.0,5.499999999999999,1.2282349683019804,2
1769784901.4177823,1980.1980198019803,0.004769630515,0.0,0.0,1.0,5.499999999999999,1.2282349683019804,2
1769784901.4194393,1980.1980198019803,0.004769630515,0.0,0.0,1.0,5.499999999999999,1.2282349683019804,2
1769784901.4208844,1980.1980198019803,0.004769630515,0.0,0.0,1.0,5.499999999999999,1.2282349683019804,2
1769784901.422489,1980.1980198019803,0.004769630515,0.0,0.0,1.0,5.499999999999999,1.2282349683019804,2
1769784901.4248652,1980.1980198019803,0.004769630515,0.0,0.0,1.0,5.499999999999999,1.2282349683019804,2
1769784901.4276257,1980.1980198019803,0.004769630515,0.0,0.0,1.0,5.499999999999999,1.2282349683019804,2
1769784901.4299047,1980.1980198019803,0.004769630515,0.0,0.0,1.0,5.499999999999999,1.2282349683019804,2
1769784901.4321752,1980.1980198019803,0.004769630515,0.0,0.0,1.0,5.499999999999999,1.2282349683019804,2
1769784901.4343998,1980.1980198019803,0.004769630515,0.0,0.0,1.0,5.499999999999999,1.2282349683019804,2
1769784901.4364161,1980.1980198019803,0.004769630515,0.0,0.0,1.0,5.499999999999999,1.2282349683019804,2
1769784901.4379487,1980.1980198019803,0.004769630515,0.0,0.0,1.0,5.499999999999999,1.2282349683019804,2
1769784901.4394553,1980.1980198019803,0.004769630515,0.0,0.0,1.0,5.499999999999999,1.2282349683019804,2
1769784901.44115,1980.1980198019803,0.004769630515,0.0,0.0,1.0,5.499999999999999,1.2282349683019804,2
1769784901.4435627,1980.1980198019803,0.004769630515,0.0,0.0,1.0,5.499999999999999,1.2282349683019804,2
1769784901.4448538,1980.1980198019803,0.004769630515,0.0,0.0,1.0,5.499999999999999,1.2282349683019804,2
1769784901.4458537,1980.1980198019803,0.004769630515,0.0,0.0,1.0,5.499999999999999,1.2282349683019804,2
1769784901.4468956,1980.1980198019803,0.004769630515,0.0,0.0,1.0,5.499999999999999,1.2282349683019804,2
1769784901.447975,1980.1980198019803,0.004769630515,0.0,0.0,1.0,5.499999999999999,1.2282349683019804,2
1769784901.449416,1980.1980198019803,0.004769630515,0.0,0.0,1.0,5.499999999999999,1.2282349683019804,2
1769784901.4510465,1980.1980198019803,0.004769630515,0.0,0.0,1.0,5.499999999999999,1.2282349683019804,2
1769784901.452316,1980.1980198019803,0.004769630515,0.0,0.0,1.0,5.499999999999999,1.2282349683019804,2
1769784901.4538395,1980.1980198019803,0.004769630515,0.0,0.0,1.0,5.499999999999999,1.2282349683019804,2
1769784901.4556963,1980.1980198019803,0.004769630515,0.0,0.0,1.0,5.499999999999999,1.2282349683019804,2
1769784901.4577472,1980.1980198019803,0.004769630515,0.0,0.0,1.0,5.499999999999999,1.2282349683019804,2
1769784901.4599135,1980.1980198019803,0.004769630515,0.0,0.0,1.0,5.499999999999999,1.2282349683019804,2
1769784901.4612703,1980.1980198019803,0.004769630515,0.0,0.0,1.0,5.499999999999999,1.2282349683019804,2
1769784901.4625292,1980.1980198019803,0.004769630515,0.0,0.0,1.0,5.499999999999999,1.2282349683019804,2
1769784901.4640872,1980.1980198019803,0.004769630515,0.0,0.0,1.0,5.499999999999999,1.2282349683019804,2
1769784901.465912,1980.1980198019803,0.004769630515,0.0,0.0,1.0,5.499999999999999,1.2282349683019804,2
1769784901.4674947,1980.1980198019803,0.004769630515,0.0,0.0,1.0,5.499999999999999,1.2282349683019804,2
1769784901.4689875,1980.1980198019803,0.004769630515,0.0,0.0,1.0,5.499999999999999,1.2282349683019804,2
1769784901.4704485,1980.1980198019803,0.004769630515,0.0,0.0,1.0,5.499999999999999,1.2282349683019804,2
1769784901.471912,1980.1980198019803,0.004769630515,0.0,0.0,1.0,5.499999999999999,1.2282349683019804,2
1769784901.473634,1980.1980198019803,0.004769630515,0.0,0.0,1.0,5.499999999999999,1.2282349683019804,2
1769784901.475038,1980.1980198019803,0.004769630515,0.0,0.0,1.0,5.499999999999999,1.2282349683019804,2
1769784901.4769187,1980.1980198019803,0.004769630515,0.0,0.0,1.0,5.499999999999999,1.2282349683019804,2
1769784901.4784768,1980.1980198019803,0.004769630515,0.0,0.0,1.0,5.499999999999999,1.2282349683019804,2
1769784901.4798028,1980.1980198019803,0.004769630515,0.0,0.0,1.0,5.499999999999999,1.2282349683019804,2
1769784901.4815307,1980.1980198019803,0.004769630515,0.0,0.0,1.0,5.499999999999999,1.2282349683019804,2
1769784901.4833128,1980.1980198019803,0.004769630515,0.0,0.0,1.0,5.499999999999999,1.2282349683019804,2
1769784901.485323,1980.1980198019803,0.004769630515,0.0,0.0,1.0,5.499999999999999,1.2282349683019804,2
1769784901.486617,1980.1980198019803,0.004769630515,0.0,0.0,1.0,5.499999999999999,1.2282349683019804,2
1769784901.4883845,1980.1980198019803,0.004769630515,0.0,0.0,1.0,5.499999999999999,1.2282349683019804,2
1769784901.4900577,1980.1980198019803,0.004769630515,0.0,0.0,1.0,5.499999999999999,1.2282349683019804,2
1769784901.4913898,1980.1980198019803,0.004769630515,0.0,0.0,1.0,5.499999999999999,1.2282349683019804,2
1769784901.4928744,1980.1980198019803,0.004769630515,0.0,0.0,1.0,5.499999999999999,1.2282349683019804,2
1769784901.494137,1980.1980198019803,0.004769630515,0.0,0.0,1.0,5.499999999999999,1.2282349683019804,2
1769784901.4955525,1980.1980198019803,0.004769630515,0.0,0.0,1.0,5.499999999999999,1.2282349683019804,2
1769784901.4973264,1980.1980198019803,0.004769630515,0.0,0.0,1.0,5.499999999999999,1.2282349683019804,2
1769784901.4994462,1980.1980198019803,0.004769630515,0.0,0.0,1.0,5.499999999999999,1.2282349683019804,2
1769784901.5008755,1980.1980198019803,0.004769630515,0.0,0.0,1.0,5.499999999999999,1.2282349683019804,2
1769784901.5023785,1980.1980198019803,0.004769630515,0.0,0.0,1.0,5.499999999999999,1.2282349683019804,2
1769784901.5042436,1980.1980198019803,0.004769630515,0.0,0.0,1.0,5.499999999999999,1.2282349683019804,2
1769784901.5065227,1980.1980198019803,0.004769630515,0.0,0.0,1.0,5.499999999999999,1.2282349683019804,2
1769784901.5082355,1980.1980198019803,0.004769630515,0.0,0.0,1.0,5.499999999999999,1.2282349683019804,2
1769784901.5095885,1980.1980198019803,0.004769630515,0.0,0.0,1.0,5.499999999999999,1.2282349683019804,2
1769784901.5108144,1980.1980198019803,0.004769630515,0.0,0.0,1.0,5.499999999999999,1.2282349683019804,2
1769784901.5121622,1980.1980198019803,0.004769630515,0.0,0.0,1.0,5.499999999999999,1.2282349683019804,2
1769784901.5139732,1980.1980198019803,0.004769630515,0.0,0.0,1.0,5.499999999999999,1.2282349683019804,2
1769784901.51542,1980.1980198019803,0.004769630515,0.0,0.0,1.0,5.499999999999999,1.2282349683019804,2
1769784901.5166817,1980.1980198019803,0.004769630515,0.0,0.0,1.0,5.499999999999999,1.2282349683019804,2
1769784901.5179415,1980.1980198019803,0.004769630515,0.0,0.0,1.0,5.499999999999999,1.2282349683019804,2
1769784901.5192044,1980.1980198019803,0.004769630515,0.0,0.0,1.0,5.499999999999999,1.2282349683019804,2
1769784901.5209694,1980.1980198019803,0.004769630515,0.0,0.0,1.0,5.499999999999999,1.2282349683019804,2
1769784901.5224762,1980.1980198019803,0.004769630515,0.0,0.0,1.0,5.499999999999999,1.2282349683019804,2
1769784901.5238502,1980.1980198019803,0.004769630515,0.0,0.0,1.0,5.499999999999999,1.2282349683019804,2
1769784901.5256405,1980.1980198019803,0.004769630515,0.0,0.0,1.0,5.499999999999999,1.2282349683019804,2
1769784901.5272355,1980.1980198019803,0.004769630515,0.0,0.0,1.0,5.499999999999999,1.2282349683019804,2
1769784901.5296175,1980.1980198019803,0.004769630515,0.0,0.0,1.0,5.499999999999999,1.2282349683019804,2
1769784901.5321288,1980.1980198019803,0.004769630515,0.0,0.0,1.0,5.499999999999999,1.2282349683019804,2
1769784901.533715,1980.1980198019803,0.004769630515,0.0,0.0,1.0,5.499999999999999,1.2282349683019804,2
1769784901.534966,1980.1980198019803,0.004769630515,0.0,0.0,1.0,5.499999999999999,1.2282349683019804,2
1769784901.5367236,1980.1980198019803,0.004769630515,0.0,0.0,1.0,5.499999999999999,1.2282349683019804,2
1769784901.5384169,1980.1980198019803,0.004769630515,0.0,0.0,1.0,5.499999999999999,1.2282349683019804,2
1769784901.5402935,1980.1980198019803,0.004769630515,0.0,0.0,1.0,5.499999999999999,1.2282349683019804,2
1769784901.541983,1980.1980198019803,0.004769630515,0.0,0.0,1.0,5.499999999999999,1.2282349683019804,2
1769784901.5447822,1980.1980198019803,0.004769630515,0.0,0.0,1.0,5.499999999999999,1.2282349683019804,2
1769784901.5474179,1980.1980198019803,0.004769630515,0.0,0.0,1.0,5.499999999999999,1.2282349683019804,2
1769784901.5503452,1980.1980198019803,0.004769630515,0.0,0.0,1.0,5.499999999999999,1.2282349683019804,2
1769784901.5533085,1980.1980198019803,0.004769630515,0.0,0.0,1.0,5.499999999999999,1.2282349683019804,2
1769784901.556095,1980.1980198019803,0.004769630515,0.0,0.0,1.0,5.499999999999999,1.2282349683019804,2
1769784901.5583863,1980.1980198019803,0.004769630515,0.0,0.0,1.0,5.499999999999999,1.2282349683019804,2
1769784901.5615134,1980.1980198019803,0.004769630515,0.0,0.0,1.0,5.499999999999999,1.2282349683019804,2
1769784901.5646827,1980.1980198019803,0.004769630515,0.0,0.0,1.0,5.499999999999999,1.2282349683019804,2
1769784901.5671248,1980.1980198019803,0.004769630515,0.0,0.0,1.0,5.499999999999999,1.2282349683019804,2
1769784901.5695474,1980.1980198019803,0.004769630515,0.0,0.0,1.0,5.499999999999999,1.2282349683019804,2
1769784901.5719352,1980.1980198019803,0.004769630515,0.0,0.0,1.0,5.499999999999999,1.2282349683019804,2
1769784901.5738156,1980.1980198019803,0.004769630515,0.0,0.0,1.0,5.499999999999999,1.2282349683019804,2
1769784901.5759306,1980.1980198019803,0.004769630515,0.0,0.0,1.0,5.499999999999999,1.2282349683019804,2
1769784901.577679,1980.1980198019803,0.004769630515,0.0,0.0,1.0,5.499999999999999,1.2282349683019804,2
1769784901.579445,1980.1980198019803,0.004769630515,0.0,0.0,1.0,5.499999999999999,1.2282349683019804,2
1769784901.5813048,1980.1980198019803,0.004769630515,0.0,0.0,1.0,5.499999999999999,1.2282349683019804,2
1769784901.5833976,1980.1980198019803,0.004769630515,0.0,0.0,1.0,5.499999999999999,1.2282349683019804,2
1769784901.5853858,1980.1980198019803,0.004769630515,0.0,0.0,1.0,5.499999999999999,1.2282349683019804,2
1769784901.58815,1980.1980198019803,0.004769630515,0.0,0.0,1.0,5.499999999999999,1.2282349683019804,2
1769784901.5917668,1980.1980198019803,0.004769630515,0.0,0.0,1.0,5.499999999999999,1.2282349683019804,2
1769784901.595125,1980.1980198019803,0.004769630515,0.0,0.0,1.0,5.499999999999999,1.2282349683019804,2
1769784901.597182,1980.1980198019803,0.004769630515,0.0,0.0,1.0,5.499999999999999,1.2282349683019804,2
1769784901.5992916,1980.1980198019803,0.004769630515,0.0,0.0,1.0,5.499999999999999,1.2282349683019804,2
1769784901.6020024,1980.1980198019803,0.004769630515,0.0,0.0,1.0,5.499999999999999,1.2282349683019804,2
1769784901.6046972,1980.1980198019803,0.004769630515,0.0,0.0,1.0,5.499999999999999,1.2282349683019804,2
1769784901.6070244,1980.1980198019803,0.004769630515,0.0,0.0,1.0,5.499999999999999,1.2282349683019804,2
1769784901.609424,1980.1980198019803,0.004769630515,0.0,0.0,1.0,5.499999999999999,1.2282349683019804,2
1769784901.6121905,1980.1980198019803,0.004769630515,0.0,0.0,1.0,5.499999999999999,1.2282349683019804,2
1769784901.6144757,1980.1980198019803,0.004769630515,0.0,0.0,1.0,5.499999999999999,1.2282349683019804,2
1769784901.6174583,1980.1980198019803,0.004769630515,0.0,0.0,1.0,5.499999999999999,1.2282349683019804,2
1769784901.6202626,1980.1980198019803,0.004769630515,0.0,0.0,1.0,5.499999999999999,1.2282349683019804,2
1769784901.6225224,1980.1980198019803,0.004769630515,0.0,0.0,1.0,5.499999999999999,1.2282349683019804,2
1769784901.6253743,1980.1980198019803,0.004769630515,0.0,0.0,1.0,5.499999999999999,1.2282349683019804,2
1769784901.6277974,1980.1980198019803,0.004769630515,0.0,0.0,1.0,5.499999999999999,1.2282349683019804,2
1769784901.6305125,1980.1980198019803,0.004769630515,0.0,0.0,1.0,5.499999999999999,1.2282349683019804,2
1769784901.6326845,1980.1980198019803,0.004769630515,0.0,0.0,1.0,5.499999999999999,1.2282349683019804,2
1769784901.6345015,1980.1980198019803,0.004769630515,0.0,0.0,1.0,5.499999999999999,1.2282349683019804,2
1769784901.636777,1980.1980198019803,0.004769630515,0.0,0.0,1.0,5.499999999999999,1.2282349683019804,2
1769784901.638967,1980.1980198019803,0.004769630515,0.0,0.0,1.0,5.499999999999999,1.2282349683019804,2
1769784901.640679,1980.1980198019803,0.004769630515,0.0,0.0,1.0,5.499999999999999,1.2282349683019804,2
1769784901.642698,1980.1980198019803,0.004769630515,0.0,0.0,1.0,5.499999999999999,1.2282349683019804,2
1769784901.6443098,1980.1980198019803,0.004769630515,0.0,0.0,1.0,5.499999999999999,1.2282349683019804,2
1769784901.6467364,1980.1980198019803,0.004769630515,0.0,0.0,1.0,5.499999999999999,1.2282349683019804,2
1769784901.649901,1980.1980198019803,0.004769630515,0.0,0.0,1.0,5.499999999999999,1.2282349683019804,2
1769784901.652693,1980.1980198019803,0.004769630515,0.0,0.0,1.0,5.499999999999999,1.2282349683019804,2
1769784901.6548944,1980.1980198019803,0.004769630515,0.0,0.0,1.0,5.499999999999999,1.2282349683019804,2
1769784901.656658,1980.1980198019803,0.004769630515,0.0,0.0,1.0,5.499999999999999,1.2282349683019804,2
1769784901.658315,1980.1980198019803,0.004769630515,0.0,0.0,1.0,5.499999999999999,1.2282349683019804,2
1769784901.6608746,1980.1980198019803,0.004769630515,0.0,0.0,1.0,5.499999999999999,1.2282349683019804,2
1769784901.6632438,1980.1980198019803,0.004769630515,0.0,0.0,1.0,5.499999999999999,1.2282349683019804,2
1769784901.6654599,1980.1980198019803,0.004769630515,0.0,0.0,1.0,5.499999999999999,1.2282349683019804,2
1769784901.6679766,1980.1980198019803,0.004769630515,0.0,0.0,1.0,5.499999999999999,1.2282349683019804,2
1769784901.670325,1980.1980198019803,0.004769630515,0.0,0.0,1.0,5.499999999999999,1.2282349683019804,2
1769784901.6723144,1980.1980198019803,0.004769630515,0.0,0.0,1.0,5.499999999999999,1.2282349683019804,2
1769784901.6748726,1980.1980198019803,0.004769630515,0.0,0.0,1.0,5.499999999999999,1.2282349683019804,2
1769784901.6765752,1980.1980198019803,0.004769630515,0.0,0.0,1.0,5.499999999999999,1.2282349683019804,2
1769784901.6788945,1980.1980198019803,0.004769630515,0.0,0.0,1.0,5.499999999999999,1.2282349683019804,2
1769784901.6806204,1980.1980198019803,0.004769630515,0.0,0.0,1.0,5.499999999999999,1.2282349683019804,2
1769784901.682318,1980.1980198019803,0.004769630515,0.0,0.0,1.0,5.499999999999999,1.2282349683019804,2
1769784901.6839745,1980.1980198019803,0.004769630515,0.0,0.0,1.0,5.499999999999999,1.2282349683019804,2
1769784901.6857657,1980.1980198019803,0.004769630515,0.0,0.0,1.0,5.499999999999999,1.2282349683019804,2
1769784901.687522,1980.1980198019803,0.004769630515,0.0,0.0,1.0,5.499999999999999,1.2282349683019804,2
1769784901.6899517,1980.1980198019803,0.004769630515,0.0,0.0,1.0,5.499999999999999,1.2282349683019804,2
1769784901.6919203,1980.1980198019803,0.004769630515,0.0,0.0,1.0,5.499999999999999,1.2282349683019804,2
1769784901.694189,1980.1980198019803,0.004769630515,0.0,0.0,1.0,5.499999999999999,1.2282349683019804,2
1769784901.6958725,1980.1980198019803,0.004769630515,0.0,0.0,1.0,5.499999999999999,1.2282349683019804,2
1769784901.6974075,1980.1980198019803,0.004769630515,0.0,0.0,1.0,5.499999999999999,1.2282349683019804,2
1769784901.6987462,1980.1980198019803,0.004769630515,0.0,0.0,1.0,5.499999999999999,1.2282349683019804,2
1769784901.7001684,1980.1980198019803,0.004769630515,0.0,0.0,1.0,5.499999999999999,1.2282349683019804,2
1769784901.7018824,1980.1980198019803,0.004769630515,0.0,0.0,1.0,5.499999999999999,1.2282349683019804,2
1769784901.7037272,1980.1980198019803,0.004769630515,0.0,0.0,1.0,5.499999999999999,1.2282349683019804,2
1769784901.70542,1980.1980198019803,0.004769630515,0.0,0.0,1.0,5.499999999999999,1.2282349683019804,2
1769784901.706854,1980.1980198019803,0.004769630515,0.0,0.0,1.0,5.499999999999999,1.2282349683019804,2
1769784901.7083354,1980.1980198019803,0.004769630515,0.0,0.0,1.0,5.499999999999999,1.2282349683019804,2
1769784901.7104063,1980.1980198019803,0.004769630515,0.0,0.0,1.0,5.499999999999999,1.2282349683019804,2
1769784901.711978,1980.1980198019803,0.004769630515,0.0,0.0,1.0,5.499999999999999,1.2282349683019804,2
1769784901.713633,1980.1980198019803,0.004769630515,0.0,0.0,1.0,5.499999999999999,1.2282349683019804,2
1769784901.7152526,1980.1980198019803,0.004769630515,0.0,0.0,1.0,5.499999999999999,1.2282349683019804,2
1769784901.7171228,1980.1980198019803,0.004769630515,0.0,0.0,1.0,5.499999999999999,1.2282349683019804,2
1769784901.7188277,1980.1980198019803,0.004769630515,0.0,0.0,1.0,5.499999999999999,1.2282349683019804,2
1769784901.7202184,1980.1980198019803,0.004769630515,0.0,0.0,1.0,5.499999999999999,1.2282349683019804,2
1769784901.7216423,1980.1980198019803,0.004769630515,0.0,0.0,1.0,5.499999999999999,1.2282349683019804,2
1769784901.722885,1980.1980198019803,0.004769630515,0.0,0.0,1.0,5.499999999999999,1.2282349683019804,2
1769784901.7247546,1980.1980198019803,0.004769630515,0.0,0.0,1.0,5.499999999999999,1.2282349683019804,2
1769784901.726387,1980.1980198019803,0.004769630515,0.0,0.0,1.0,5.499999999999999,1.2282349683019804,2
1769784901.7277296,1980.1980198019803,0.004769630515,0.0,0.0,1.0,5.499999999999999,1.2282349683019804,2
1769784901.8310976,2083.3333333333335,0.0044604430339999996,0.0,0.0,1.0,10.0,1.1372890299333336,2
1769784901.8332787,2083.3333333333335,0.0044604430339999996,0.0,0.0,1.0,5.499999999999999,1.3622890299333337,2
1769784901.8358824,2083.3333333333335,0.0044604430339999996,0.0,0.0,1.0,5.499999999999999,1.3622890299333337,2
1769784901.8394024,2083.3333333333335,0.0044604430339999996,0.0,0.0,1.0,5.499999999999999,1.3622890299333337,2
1769784901.841145,2083.3333333333335,0.0044604430339999996,0.0,0.0,1.0,5.499999999999999,1.3622890299333337,2
1769784901.8432713,2083.3333333333335,0.0044604430339999996,0.0,0.0,1.0,5.499999999999999,1.3622890299333337,2
1769784901.846339,2083.3333333333335,0.0044604430339999996,0.0,0.0,1.0,5.499999999999999,1.3622890299333337,2
1769784901.8482769,2083.3333333333335,0.0044604430339999996,0.0,0.0,1.0,5.499999999999999,1.3622890299333337,2
1769784901.849894,2083.3333333333335,0.0044604430339999996,0.0,0.0,1.0,5.499999999999999,1.3622890299333337,2
1769784901.8518229,2083.3333333333335,0.0044604430339999996,0.0,0.0,1.0,5.499999999999999,1.3622890299333337,2
1769784901.8532531,2083.3333333333335,0.0044604430339999996,0.0,0.0,1.0,5.499999999999999,1.3622890299333337,2
1769784901.8547854,2083.3333333333335,0.0044604430339999996,0.0,0.0,1.0,5.499999999999999,1.3622890299333337,2
1769784901.8566854,2083.3333333333335,0.0044604430339999996,0.0,0.0,1.0,5.499999999999999,1.3622890299333337,2
1769784901.8584683,2083.3333333333335,0.0044604430339999996,0.0,0.0,1.0,5.499999999999999,1.3622890299333337,2
1769784901.8600862,2083.3333333333335,0.0044604430339999996,0.0,0.0,1.0,5.499999999999999,1.3622890299333337,2
1769784901.8614764,2083.3333333333335,0.0044604430339999996,0.0,0.0,1.0,5.499999999999999,1.3622890299333337,2
1769784901.862943,2083.3333333333335,0.0044604430339999996,0.0,0.0,1.0,5.499999999999999,1.3622890299333337,2
1769784901.8647385,2083.3333333333335,0.0044604430339999996,0.0,0.0,1.0,5.499999999999999,1.3622890299333337,2
1769784901.8666549,2083.3333333333335,0.0044604430339999996,0.0,0.0,1.0,5.499999999999999,1.3622890299333337,2
1769784901.8681731,2083.3333333333335,0.0044604430339999996,0.0,0.0,1.0,5.499999999999999,1.3622890299333337,2
1769784901.8696704,2083.3333333333335,0.0044604430339999996,0.0,0.0,1.0,5.499999999999999,1.3622890299333337,2
1769784901.8712084,2083.3333333333335,0.0044604430339999996,0.0,0.0,1.0,5.499999999999999,1.3622890299333337,2
1769784901.8727229,2083.3333333333335,0.0044604430339999996,0.0,0.0,1.0,5.499999999999999,1.3622890299333337,2
1769784901.8745673,2083.3333333333335,0.0044604430339999996,0.0,0.0,1.0,5.499999999999999,1.3622890299333337,2
1769784901.876155,2083.3333333333335,0.0044604430339999996,0.0,0.0,1.0,5.499999999999999,1.3622890299333337,2
1769784901.8775227,2083.3333333333335,0.0044604430339999996,0.0,0.0,1.0,5.499999999999999,1.3622890299333337,2
1769784901.8788795,2083.3333333333335,0.0044604430339999996,0.0,0.0,1.0,5.499999999999999,1.3622890299333337,2
1769784901.8807113,2083.3333333333335,0.0044604430339999996,0.0,0.0,1.0,5.499999999999999,1.3622890299333337,2
1769784901.8827622,2083.3333333333335,0.0044604430339999996,0.0,0.0,1.0,5.499999999999999,1.3622890299333337,2
1769784901.8843336,2083.3333333333335,0.0044604430339999996,0.0,0.0,1.0,5.499999999999999,1.3622890299333337,2
1769784901.8857436,2083.3333333333335,0.0044604430339999996,0.0,0.0,1.0,5.499999999999999,1.3622890299333337,2
1769784901.8871238,2083.3333333333335,0.0044604430339999996,0.0,0.0,1.0,5.499999999999999,1.3622890299333337,2
1769784901.8885229,2083.3333333333335,0.0044604430339999996,0.0,0.0,1.0,5.499999999999999,1.3622890299333337,2
1769784901.890154,2083.3333333333335,0.0044604430339999996,0.0,0.0,1.0,5.499999999999999,1.3622890299333337,2
1769784901.8913953,2083.3333333333335,0.0044604430339999996,0.0,0.0,1.0,5.499999999999999,1.3622890299333337,2
1769784901.8928373,2083.3333333333335,0.0044604430339999996,0.0,0.0,1.0,5.499999999999999,1.3622890299333337,2
1769784901.8947918,2083.3333333333335,0.0044604430339999996,0.0,0.0,1.0,5.499999999999999,1.3622890299333337,2
1769784901.8977244,2083.3333333333335,0.0044604430339999996,0.0,0.0,1.0,5.499999999999999,1.3622890299333337,2
1769784901.8994462,2083.3333333333335,0.0044604430339999996,0.0,0.0,1.0,5.499999999999999,1.3622890299333337,2
1769784901.901013,2083.3333333333335,0.0044604430339999996,0.0,0.0,1.0,5.499999999999999,1.3622890299333337,2
1769784901.9025183,2083.3333333333335,0.0044604430339999996,0.0,0.0,1.0,5.499999999999999,1.3622890299333337,2
1769784901.9040108,2083.3333333333335,0.0044604430339999996,0.0,0.0,1.0,5.499999999999999,1.3622890299333337,2
1769784901.9060428,2083.3333333333335,0.0044604430339999996,0.0,0.0,1.0,5.499999999999999,1.3622890299333337,2
1769784901.907607,2083.3333333333335,0.0044604430339999996,0.0,0.0,1.0,5.499999999999999,1.3622890299333337,2
1769784901.9091902,2083.3333333333335,0.0044604430339999996,0.0,0.0,1.0,5.499999999999999,1.3622890299333337,2
1769784901.9113092,2083.3333333333335,0.0044604430339999996,0.0,0.0,1.0,5.499999999999999,1.3622890299333337,2
1769784901.9132738,2083.3333333333335,0.0044604430339999996,0.0,0.0,1.0,5.499999999999999,1.3622890299333337,2
1769784901.9150572,2083.3333333333335,0.0044604430339999996,0.0,0.0,1.0,5.499999999999999,1.3622890299333337,2
1769784901.9167867,2083.3333333333335,0.0044604430339999996,0.0,0.0,1.0,5.499999999999999,1.3622890299333337,2
1769784901.918702,2083.3333333333335,0.0044604430339999996,0.0,0.0,1.0,5.499999999999999,1.3622890299333337,2
1769784901.9204786,2083.3333333333335,0.0044604430339999996,0.0,0.0,1.0,5.499999999999999,1.3622890299333337,2
1769784901.9220064,2083.3333333333335,0.0044604430339999996,0.0,0.0,1.0,5.499999999999999,1.3622890299333337,2
1769784901.9239042,2083.3333333333335,0.0044604430339999996,0.0,0.0,1.0,5.499999999999999,1.3622890299333337,2
1769784901.926014,2083.3333333333335,0.0044604430339999996,0.0,0.0,1.0,5.499999999999999,1.3622890299333337,2
1769784901.9271536,2083.3333333333335,0.0044604430339999996,0.0,0.0,1.0,5.499999999999999,1.3622890299333337,2
1769784901.9293253,2083.3333333333335,0.0044604430339999996,0.0,0.0,1.0,5.499999999999999,1.3622890299333337,2
1769784901.9312189,2083.3333333333335,0.0044604430339999996,0.0,0.0,1.0,5.499999999999999,1.3622890299333337,2
1769784901.93337,2083.3333333333335,0.0044604430339999996,0.0,0.0,1.0,5.499999999999999,1.3622890299333337,2
1769784901.9345896,2083.3333333333335,0.0044604430339999996,0.0,0.0,1.0,5.499999999999999,1.3622890299333337,2
1769784901.9362159,2083.3333333333335,0.0044604430339999996,0.0,0.0,1.0,5.499999999999999,1.3622890299333337,2
1769784901.9375317,2083.3333333333335,0.0044604430339999996,0.0,0.0,1.0,5.499999999999999,1.3622890299333337,2
1769784901.9390316,2083.3333333333335,0.0044604430339999996,0.0,0.0,1.0,5.499999999999999,1.3622890299333337,2
1769784901.940505,2083.3333333333335,0.0044604430339999996,0.0,0.0,1.0,5.499999999999999,1.3622890299333337,2
1769784901.9417686,2083.3333333333335,0.0044604430339999996,0.0,0.0,1.0,5.499999999999999,1.3622890299333337,2
1769784901.942748,2083.3333333333335,0.0044604430339999996,0.0,0.0,1.0,5.499999999999999,1.3622890299333337,2
1769784901.9445767,2083.3333333333335,0.0044604430339999996,0.0,0.0,1.0,5.499999999999999,1.3622890299333337,2
1769784901.9459083,2083.3333333333335,0.0044604430339999996,0.0,0.0,1.0,5.499999999999999,1.3622890299333337,2
1769784901.9472654,2083.3333333333335,0.0044604430339999996,0.0,0.0,1.0,5.499999999999999,1.3622890299333337,2
1769784901.9485235,2083.3333333333335,0.0044604430339999996,0.0,0.0,1.0,5.499999999999999,1.3622890299333337,2
1769784901.949647,2083.3333333333335,0.0044604430339999996,0.0,0.0,1.0,5.499999999999999,1.3622890299333337,2
1769784901.9507008,2083.3333333333335,0.0044604430339999996,0.0,0.0,1.0,5.499999999999999,1.3622890299333337,2
1769784901.9519153,2083.3333333333335,0.0044604430339999996,0.0,0.0,1.0,5.499999999999999,1.3622890299333337,2
1769784901.9535816,2083.3333333333335,0.0044604430339999996,0.0,0.0,1.0,5.499999999999999,1.3622890299333337,2
1769784901.9547913,2083.3333333333335,0.0044604430339999996,0.0,0.0,1.0,5.499999999999999,1.3622890299333337,2
1769784901.95594,2083.3333333333335,0.0044604430339999996,0.0,0.0,1.0,5.499999999999999,1.3622890299333337,2
1769784901.956936,2083.3333333333335,0.0044604430339999996,0.0,0.0,1.0,5.499999999999999,1.3622890299333337,2
1769784901.957953,2083.3333333333335,0.0044604430339999996,0.0,0.0,1.0,5.499999999999999,1.3622890299333337,2
1769784901.958946,2083.3333333333335,0.0044604430339999996,0.0,0.0,1.0,5.499999999999999,1.3622890299333337,2
1769784901.9603155,2083.3333333333335,0.0044604430339999996,0.0,0.0,1.0,5.499999999999999,1.3622890299333337,2
1769784901.9614818,2083.3333333333335,0.0044604430339999996,0.0,0.0,1.0,5.499999999999999,1.3622890299333337,2
1769784901.9625084,2083.3333333333335,0.0044604430339999996,0.0,0.0,1.0,5.499999999999999,1.3622890299333337,2
1769784901.9636016,2083.3333333333335,0.0044604430339999996,0.0,0.0,1.0,5.499999999999999,1.3622890299333337,2
1769784901.965087,2083.3333333333335,0.0044604430339999996,0.0,0.0,1.0,5.499999999999999,1.3622890299333337,2
1769784901.9661841,2083.3333333333335,0.0044604430339999996,0.0,0.0,1.0,5.499999999999999,1.3622890299333337,2
1769784901.9674501,2083.3333333333335,0.0044604430339999996,0.0,0.0,1.0,5.499999999999999,1.3622890299333337,2
1769784901.9688654,2083.3333333333335,0.0044604430339999996,0.0,0.0,1.0,5.499999999999999,1.3622890299333337,2
1769784901.969981,2083.3333333333335,0.0044604430339999996,0.0,0.0,1.0,5.499999999999999,1.3622890299333337,2
1769784901.9713027,2083.3333333333335,0.0044604430339999996,0.0,0.0,1.0,5.499999999999999,1.3622890299333337,2
1769784901.972473,2083.3333333333335,0.0044604430339999996,0.0,0.0,1.0,5.499999999999999,1.3622890299333337,2
1769784901.973485,2083.3333333333335,0.0044604430339999996,0.0,0.0,1.0,5.499999999999999,1.3622890299333337,2
1769784901.974501,2083.3333333333335,0.0044604430339999996,0.0,0.0,1.0,5.499999999999999,1.3622890299333337,2
1769784901.9760978,2083.3333333333335,0.0044604430339999996,0.0,0.0,1.0,5.499999999999999,1.3622890299333337,2
1769784901.9778054,2083.3333333333335,0.0044604430339999996,0.0,0.0,1.0,5.499999999999999,1.3622890299333337,2
1769784901.979133,2083.3333333333335,0.0044604430339999996,0.0,0.0,1.0,5.499999999999999,1.3622890299333337,2
1769784901.980366,2083.3333333333335,0.0044604430339999996,0.0,0.0,1.0,5.499999999999999,1.3622890299333337,2
1769784901.9814725,2083.3333333333335,0.0044604430339999996,0.0,0.0,1.0,5.499999999999999,1.3622890299333337,2
1769784901.9834955,2083.3333333333335,0.0044604430339999996,0.0,0.0,1.0,5.499999999999999,1.3622890299333337,2
1769784901.9864016,2083.3333333333335,0.0044604430339999996,0.0,0.0,1.0,5.499999999999999,1.3622890299333337,2
1769784901.9890547,2083.3333333333335,0.0044604430339999996,0.0,0.0,1.0,5.499999999999999,1.3622890299333337,2
1769784901.9908628,2083.3333333333335,0.0044604430339999996,0.0,0.0,1.0,5.499999999999999,1.3622890299333337,2
1769784901.9930449,2083.3333333333335,0.0044604430339999996,0.0,0.0,1.0,5.499999999999999,1.3622890299333337,2
1769784901.9943583,2083.3333333333335,0.0044604430339999996,0.0,0.0,1.0,5.499999999999999,1.3622890299333337,2
1769784901.9953794,2083.3333333333335,0.0044604430339999996,0.0,0.0,1.0,5.499999999999999,1.3622890299333337,2
1769784901.996672,2083.3333333333335,0.0044604430339999996,0.0,0.0,1.0,5.499999999999999,1.3622890299333337,2
1769784901.998283,2083.3333333333335,0.0044604430339999996,0.0,0.0,1.0,5.499999999999999,1.3622890299333337,2
1769784901.9998062,2083.3333333333335,0.0044604430339999996,0.0,0.0,1.0,5.499999999999999,1.3622890299333337,2
1769784902.0011737,2083.3333333333335,0.0044604430339999996,0.0,0.0,1.0,5.499999999999999,1.3622890299333337,2
1769784902.0029354,2083.3333333333335,0.0044604430339999996,0.0,0.0,1.0,5.499999999999999,1.3622890299333337,2
1769784902.0043645,2083.3333333333335,0.0044604430339999996,0.0,0.0,1.0,5.499999999999999,1.3622890299333337,2
1769784902.0056894,2083.3333333333335,0.0044604430339999996,0.0,0.0,1.0,5.499999999999999,1.3622890299333337,2
1769784902.0075223,2083.3333333333335,0.0044604430339999996,0.0,0.0,1.0,5.499999999999999,1.3622890299333337,2
1769784902.0088456,2083.3333333333335,0.0044604430339999996,0.0,0.0,1.0,5.499999999999999,1.3622890299333337,2
1769784902.0098546,2083.3333333333335,0.0044604430339999996,0.0,0.0,1.0,5.499999999999999,1.3622890299333337,2
1769784902.0111656,2083.3333333333335,0.0044604430339999996,0.0,0.0,1.0,5.499999999999999,1.3622890299333337,2
1769784902.0134504,2083.3333333333335,0.0044604430339999996,0.0,0.0,1.0,5.499999999999999,1.3622890299333337,2
1769784902.015806,2083.3333333333335,0.0044604430339999996,0.0,0.0,1.0,5.499999999999999,1.3622890299333337,2
1769784902.0174162,2083.3333333333335,0.0044604430339999996,0.0,0.0,1.0,5.499999999999999,1.3622890299333337,2
1769784902.0187376,2083.3333333333335,0.0044604430339999996,0.0,0.0,1.0,5.499999999999999,1.3622890299333337,2
1769784902.0200398,2083.3333333333335,0.0044604430339999996,0.0,0.0,1.0,5.499999999999999,1.3622890299333337,2
1769784902.0216064,2083.3333333333335,0.0044604430339999996,0.0,0.0,1.0,5.499999999999999,1.3622890299333337,2
1769784902.0231946,2083.3333333333335,0.0044604430339999996,0.0,0.0,1.0,5.499999999999999,1.3622890299333337,2
1769784902.0244105,2083.3333333333335,0.0044604430339999996,0.0,0.0,1.0,5.499999999999999,1.3622890299333337,2
1769784902.0253851,2083.3333333333335,0.0044604430339999996,0.0,0.0,1.0,5.499999999999999,1.3622890299333337,2
1769784902.026631,2083.3333333333335,0.0044604430339999996,0.0,0.0,1.0,5.499999999999999,1.3622890299333337,2
1769784902.0281625,2083.3333333333335,0.0044604430339999996,0.0,0.0,1.0,5.499999999999999,1.3622890299333337,2
1769784902.030037,2083.3333333333335,0.0044604430339999996,0.0,0.0,1.0,5.499999999999999,1.3622890299333337,2
1769784902.03132,2083.3333333333335,0.0044604430339999996,0.0,0.0,1.0,5.499999999999999,1.3622890299333337,2
1769784902.032846,2083.3333333333335,0.0044604430339999996,0.0,0.0,1.0,5.499999999999999,1.3622890299333337,2
1769784902.0341182,2083.3333333333335,0.0044604430339999996,0.0,0.0,1.0,5.499999999999999,1.3622890299333337,2
1769784902.0351918,2083.3333333333335,0.0044604430339999996,0.0,0.0,1.0,5.499999999999999,1.3622890299333337,2
1769784902.0363147,2083.3333333333335,0.0044604430339999996,0.0,0.0,1.0,5.499999999999999,1.3622890299333337,2
1769784902.0373442,2083.3333333333335,0.0044604430339999996,0.0,0.0,1.0,5.499999999999999,1.3622890299333337,2
1769784902.038545,2083.3333333333335,0.0044604430339999996,0.0,0.0,1.0,5.499999999999999,1.3622890299333337,2
1769784902.03986,2083.3333333333335,0.0044604430339999996,0.0,0.0,1.0,5.499999999999999,1.3622890299333337,2
1769784902.0413237,2083.3333333333335,0.0044604430339999996,0.0,0.0,1.0,5.499999999999999,1.3622890299333337,2
1769784902.0426524,2083.3333333333335,0.0044604430339999996,0.0,0.0,1.0,5.499999999999999,1.3622890299333337,2
1769784902.0437467,2083.3333333333335,0.0044604430339999996,0.0,0.0,1.0,5.499999999999999,1.3622890299333337,2
1769784902.0447152,2083.3333333333335,0.0044604430339999996,0.0,0.0,1.0,5.499999999999999,1.3622890299333337,2
1769784902.04586,2083.3333333333335,0.0044604430339999996,0.0,0.0,1.0,5.499999999999999,1.3622890299333337,2
1769784902.0470455,2083.3333333333335,0.0044604430339999996,0.0,0.0,1.0,5.499999999999999,1.3622890299333337,2
1769784902.0480745,2083.3333333333335,0.0044604430339999996,0.0,0.0,1.0,5.499999999999999,1.3622890299333337,2
1769784902.0490835,2083.3333333333335,0.0044604430339999996,0.0,0.0,1.0,5.499999999999999,1.3622890299333337,2
1769784902.0499752,2083.3333333333335,0.0044604430339999996,0.0,0.0,1.0,5.499999999999999,1.3622890299333337,2
1769784902.0509145,2083.3333333333335,0.0044604430339999996,0.0,0.0,1.0,5.499999999999999,1.3622890299333337,2
1769784902.0519142,2083.3333333333335,0.0044604430339999996,0.0,0.0,1.0,5.499999999999999,1.3622890299333337,2
1769784902.052806,2083.3333333333335,0.0044604430339999996,0.0,0.0,1.0,5.499999999999999,1.3622890299333337,2
1769784902.053906,2083.3333333333335,0.0044604430339999996,0.0,0.0,1.0,5.499999999999999,1.3622890299333337,2
1769784902.0549867,2083.3333333333335,0.0044604430339999996,0.0,0.0,1.0,5.499999999999999,1.3622890299333337,2
1769784902.0561328,2083.3333333333335,0.0044604430339999996,0.0,0.0,1.0,5.499999999999999,1.3622890299333337,2
1769784902.0575655,2083.3333333333335,0.0044604430339999996,0.0,0.0,1.0,5.499999999999999,1.3622890299333337,2
1769784902.0585685,2083.3333333333335,0.0044604430339999996,0.0,0.0,1.0,5.499999999999999,1.3622890299333337,2
1769784902.0597026,2083.3333333333335,0.0044604430339999996,0.0,0.0,1.0,5.499999999999999,1.3622890299333337,2
1769784902.060875,2083.3333333333335,0.0044604430339999996,0.0,0.0,1.0,5.499999999999999,1.3622890299333337,2
1769784902.062172,2083.3333333333335,0.0044604430339999996,0.0,0.0,1.0,5.499999999999999,1.3622890299333337,2
1769784902.0635242,2083.3333333333335,0.0044604430339999996,0.0,0.0,1.0,5.499999999999999,1.3622890299333337,2
1769784902.0647402,2083.3333333333335,0.0044604430339999996,0.0,0.0,1.0,5.499999999999999,1.3622890299333337,2
1769784902.0657823,2083.3333333333335,0.0044604430339999996,0.0,0.0,1.0,5.499999999999999,1.3622890299333337,2
1769784902.0667799,2083.3333333333335,0.0044604430339999996,0.0,0.0,1.0,5.499999999999999,1.3622890299333337,2
1769784902.067848,2083.3333333333335,0.0044604430339999996,0.0,0.0,1.0,5.499999999999999,1.3622890299333337,2
1769784902.06882,2083.3333333333335,0.0044604430339999996,0.0,0.0,1.0,5.499999999999999,1.3622890299333337,2
1769784902.0703275,2083.3333333333335,0.0044604430339999996,0.0,0.0,1.0,5.499999999999999,1.3622890299333337,2
1769784902.0716593,2083.3333333333335,0.0044604430339999996,0.0,0.0,1.0,5.499999999999999,1.3622890299333337,2
1769784902.0729754,2083.3333333333335,0.0044604430339999996,0.0,0.0,1.0,5.499999999999999,1.3622890299333337,2
1769784902.073953,2083.3333333333335,0.0044604430339999996,0.0,0.0,1.0,5.499999999999999,1.3622890299333337,2
1769784902.075114,2083.3333333333335,0.0044604430339999996,0.0,0.0,1.0,5.499999999999999,1.3622890299333337,2
1769784902.0760984,2083.3333333333335,0.0044604430339999996,0.0,0.0,1.0,5.499999999999999,1.3622890299333337,2
1769784902.0773582,2083.3333333333335,0.0044604430339999996,0.0,0.0,1.0,5.499999999999999,1.3622890299333337,2
1769784902.078438,2083.3333333333335,0.0044604430339999996,0.0,0.0,1.0,5.499999999999999,1.3622890299333337,2
1769784902.0795844,2083.3333333333335,0.0044604430339999996,0.0,0.0,1.0,5.499999999999999,1.3622890299333337,2
1769784902.0805473,2083.3333333333335,0.0044604430339999996,0.0,0.0,1.0,5.499999999999999,1.3622890299333337,2
1769784902.0815434,2083.3333333333335,0.0044604430339999996,0.0,0.0,1.0,5.499999999999999,1.3622890299333337,2
1769784902.0825458,2083.3333333333335,0.0044604430339999996,0.0,0.0,1.0,5.499999999999999,1.3622890299333337,2
1769784902.0835326,2083.3333333333335,0.0044604430339999996,0.0,0.0,1.0,5.499999999999999,1.3622890299333337,2
1769784902.084513,2083.3333333333335,0.0044604430339999996,0.0,0.0,1.0,5.499999999999999,1.3622890299333337,2
1769784902.0861373,2083.3333333333335,0.0044604430339999996,0.0,0.0,1.0,5.499999999999999,1.3622890299333337,2
1769784902.0871768,2083.3333333333335,0.0044604430339999996,0.0,0.0,1.0,5.499999999999999,1.3622890299333337,2
1769784902.0882823,2083.3333333333335,0.0044604430339999996,0.0,0.0,1.0,5.499999999999999,1.3622890299333337,2
1769784902.0893042,2083.3333333333335,0.0044604430339999996,0.0,0.0,1.0,5.499999999999999,1.3622890299333337,2
1769784902.0902567,2083.3333333333335,0.0044604430339999996,0.0,0.0,1.0,5.499999999999999,1.3622890299333337,2
1769784902.0912294,2083.3333333333335,0.0044604430339999996,0.0,0.0,1.0,5.499999999999999,1.3622890299333337,2
1769784902.0922387,2083.3333333333335,0.0044604430339999996,0.0,0.0,1.0,5.499999999999999,1.3622890299333337,2
1769784902.0934343,2083.3333333333335,0.0044604430339999996,0.0,0.0,1.0,5.499999999999999,1.3622890299333337,2
1769784902.094858,2083.3333333333335,0.0044604430339999996,0.0,0.0,1.0,5.499999999999999,1.3622890299333337,2
1769784902.096396,2083.3333333333335,0.0044604430339999996,0.0,0.0,1.0,5.499999999999999,1.3622890299333337,2
1769784902.0976868,2083.3333333333335,0.0044604430339999996,0.0,0.0,1.0,5.499999999999999,1.3622890299333337,2
1769784902.0990133,2083.3333333333335,0.0044604430339999996,0.0,0.0,1.0,5.499999999999999,1.3622890299333337,2
1769784902.1023426,2083.3333333333335,0.0044604430339999996,0.0,0.0,1.0,5.499999999999999,1.3622890299333337,2
1769784902.1046898,2083.3333333333335,0.0044604430339999996,0.0,0.0,1.0,5.499999999999999,1.3622890299333337,2
1769784902.1057808,2083.3333333333335,0.0044604430339999996,0.0,0.0,1.0,5.499999999999999,1.3622890299333337,2
1769784902.106791,2083.3333333333335,0.0044604430339999996,0.0,0.0,1.0,5.499999999999999,1.3622890299333337,2
1769784902.107902,2083.3333333333335,0.0044604430339999996,0.0,0.0,1.0,5.499999999999999,1.3622890299333337,2
1769784902.1090598,2083.3333333333335,0.0044604430339999996,0.0,0.0,1.0,5.499999999999999,1.3622890299333337,2
1769784902.1104162,2083.3333333333335,0.0044604430339999996,0.0,0.0,1.0,5.499999999999999,1.3622890299333337,2
1769784902.1117089,2083.3333333333335,0.0044604430339999996,0.0,0.0,1.0,5.499999999999999,1.3622890299333337,2
1769784902.1128697,2083.3333333333335,0.0044604430339999996,0.0,0.0,1.0,5.499999999999999,1.3622890299333337,2
1769784902.1138384,2083.3333333333335,0.0044604430339999996,0.0,0.0,1.0,5.499999999999999,1.3622890299333337,2
1769784902.1147907,2083.3333333333335,0.0044604430339999996,0.0,0.0,1.0,5.499999999999999,1.3622890299333337,2
1769784902.117069,2083.3333333333335,0.0044604430339999996,0.0,0.0,1.0,5.499999999999999,1.3622890299333337,2
1769784902.118387,2083.3333333333335,0.0044604430339999996,0.0,0.0,1.0,5.499999999999999,1.3622890299333337,2
1769784902.1197577,2083.3333333333335,0.0044604430339999996,0.0,0.0,1.0,5.499999999999999,1.3622890299333337,2
1769784902.2002213,2040.816326530612,0.004232936387,0.0,0.0,1.0,10.0,1.1175226878306121,2
1769784902.2016163,2040.816326530612,0.004232936387,0.0,0.0,1.0,5.499999999999999,1.3425226878306122,2
1769784902.2038476,2040.816326530612,0.004232936387,0.0,0.0,1.0,5.499999999999999,1.3425226878306122,2
1769784902.2057917,2040.816326530612,0.004232936387,0.0,0.0,1.0,5.499999999999999,1.3425226878306122,2
1769784902.206803,2040.816326530612,0.004232936387,0.0,0.0,1.0,5.499999999999999,1.3425226878306122,2
1769784902.2079892,2040.816326530612,0.004232936387,0.0,0.0,1.0,5.499999999999999,1.3425226878306122,2
1769784902.2092268,2040.816326530612,0.004232936387,0.0,0.0,1.0,5.499999999999999,1.3425226878306122,2
1769784902.2102234,2040.816326530612,0.004232936387,0.0,0.0,1.0,5.499999999999999,1.3425226878306122,2
1769784902.2115793,2040.816326530612,0.004232936387,0.0,0.0,1.0,5.499999999999999,1.3425226878306122,2
1769784902.2129006,2040.816326530612,0.004232936387,0.0,0.0,1.0,5.499999999999999,1.3425226878306122,2
1769784902.2139065,2040.816326530612,0.004232936387,0.0,0.0,1.0,5.499999999999999,1.3425226878306122,2
1769784902.2148721,2040.816326530612,0.004232936387,0.0,0.0,1.0,5.499999999999999,1.3425226878306122,2
1769784902.2164898,2040.816326530612,0.004232936387,0.0,0.0,1.0,5.499999999999999,1.3425226878306122,2
1769784902.2178538,2040.816326530612,0.004232936387,0.0,0.0,1.0,5.499999999999999,1.3425226878306122,2
1769784902.22003,2040.816326530612,0.004232936387,0.0,0.0,1.0,5.499999999999999,1.3425226878306122,2
1769784902.2217808,2040.816326530612,0.004232936387,0.0,0.0,1.0,5.499999999999999,1.3425226878306122,2
1769784902.2228198,2040.816326530612,0.004232936387,0.0,0.0,1.0,5.499999999999999,1.3425226878306122,2
1769784902.2239268,2040.816326530612,0.004232936387,0.0,0.0,1.0,5.499999999999999,1.3425226878306122,2
1769784902.225377,2040.816326530612,0.004232936387,0.0,0.0,1.0,5.499999999999999,1.3425226878306122,2
1769784902.226844,2040.816326530612,0.004232936387,0.0,0.0,1.0,5.499999999999999,1.3425226878306122,2
1769784902.2280643,2040.816326530612,0.004232936387,0.0,0.0,1.0,5.499999999999999,1.3425226878306122,2
1769784902.2294858,2040.816326530612,0.004232936387,0.0,0.0,1.0,5.499999999999999,1.3425226878306122,2
1769784902.2307255,2040.816326530612,0.004232936387,0.0,0.0,1.0,5.499999999999999,1.3425226878306122,2
1769784902.2319858,2040.816326530612,0.004232936387,0.0,0.0,1.0,5.499999999999999,1.3425226878306122,2
1769784902.2331643,2040.816326530612,0.004232936387,0.0,0.0,1.0,5.499999999999999,1.3425226878306122,2
1769784902.2344434,2040.816326530612,0.004232936387,0.0,0.0,1.0,5.499999999999999,1.3425226878306122,2
1769784902.2356002,2040.816326530612,0.004232936387,0.0,0.0,1.0,5.499999999999999,1.3425226878306122,2
1769784902.2365742,2040.816326530612,0.004232936387,0.0,0.0,1.0,5.499999999999999,1.3425226878306122,2
1769784902.2375662,2040.816326530612,0.004232936387,0.0,0.0,1.0,5.499999999999999,1.3425226878306122,2
1769784902.238577,2040.816326530612,0.004232936387,0.0,0.0,1.0,5.499999999999999,1.3425226878306122,2
1769784902.2397442,2040.816326530612,0.004232936387,0.0,0.0,1.0,5.499999999999999,1.3425226878306122,2
1769784902.2407835,2040.816326530612,0.004232936387,0.0,0.0,1.0,5.499999999999999,1.3425226878306122,2
1769784902.2421782,2040.816326530612,0.004232936387,0.0,0.0,1.0,5.499999999999999,1.3425226878306122,2
1769784902.2435994,2040.816326530612,0.004232936387,0.0,0.0,1.0,5.499999999999999,1.3425226878306122,2
1769784902.2446067,2040.816326530612,0.004232936387,0.0,0.0,1.0,5.499999999999999,1.3425226878306122,2
1769784902.2456646,2040.816326530612,0.004232936387,0.0,0.0,1.0,5.499999999999999,1.3425226878306122,2
1769784902.2476723,2040.816326530612,0.004232936387,0.0,0.0,1.0,5.499999999999999,1.3425226878306122,2
1769784902.2493486,2040.816326530612,0.004232936387,0.0,0.0,1.0,5.499999999999999,1.3425226878306122,2
1769784902.2510242,2040.816326530612,0.004232936387,0.0,0.0,1.0,5.499999999999999,1.3425226878306122,2
1769784902.2523804,2040.816326530612,0.004232936387,0.0,0.0,1.0,5.499999999999999,1.3425226878306122,2
1769784902.2537208,2040.816326530612,0.004232936387,0.0,0.0,1.0,5.499999999999999,1.3425226878306122,2
1769784902.254844,2040.816326530612,0.004232936387,0.0,0.0,1.0,5.499999999999999,1.3425226878306122,2
1769784902.2560465,2040.816326530612,0.004232936387,0.0,0.0,1.0,5.499999999999999,1.3425226878306122,2
1769784902.2580657,2040.816326530612,0.004232936387,0.0,0.0,1.0,5.499999999999999,1.3425226878306122,2
1769784902.2592053,2040.816326530612,0.004232936387,0.0,0.0,1.0,5.499999999999999,1.3425226878306122,2
1769784902.26022,2040.816326530612,0.004232936387,0.0,0.0,1.0,5.499999999999999,1.3425226878306122,2
1769784902.2616062,2040.816326530612,0.004232936387,0.0,0.0,1.0,5.499999999999999,1.3425226878306122,2
1769784902.263513,2040.816326530612,0.004232936387,0.0,0.0,1.0,5.499999999999999,1.3425226878306122,2
1769784902.2662046,2040.816326530612,0.004232936387,0.0,0.0,1.0,5.499999999999999,1.3425226878306122,2
1769784902.268327,2040.816326530612,0.004232936387,0.0,0.0,1.0,5.499999999999999,1.3425226878306122,2
1769784902.2713974,2040.816326530612,0.004232936387,0.0,0.0,1.0,5.499999999999999,1.3425226878306122,2
1769784902.2744374,2040.816326530612,0.004232936387,0.0,0.0,1.0,5.499999999999999,1.3425226878306122,2
1769784902.2772925,2040.816326530612,0.004232936387,0.0,0.0,1.0,5.499999999999999,1.3425226878306122,2
1769784902.2787101,2040.816326530612,0.004232936387,0.0,0.0,1.0,5.499999999999999,1.3425226878306122,2
1769784902.280033,2040.816326530612,0.004232936387,0.0,0.0,1.0,5.499999999999999,1.3425226878306122,2
1769784902.2815602,2040.816326530612,0.004232936387,0.0,0.0,1.0,5.499999999999999,1.3425226878306122,2
1769784902.2827408,2040.816326530612,0.004232936387,0.0,0.0,1.0,5.499999999999999,1.3425226878306122,2
1769784902.2838168,2040.816326530612,0.004232936387,0.0,0.0,1.0,5.499999999999999,1.3425226878306122,2
1769784902.2849855,2040.816326530612,0.004232936387,0.0,0.0,1.0,5.499999999999999,1.3425226878306122,2
1769784902.2863088,2040.816326530612,0.004232936387,0.0,0.0,1.0,5.499999999999999,1.3425226878306122,2
1769784902.28737,2040.816326530612,0.004232936387,0.0,0.0,1.0,5.499999999999999,1.3425226878306122,2
1769784902.288364,2040.816326530612,0.004232936387,0.0,0.0,1.0,5.499999999999999,1.3425226878306122,2
1769784902.289561,2040.816326530612,0.004232936387,0.0,0.0,1.0,5.499999999999999,1.3425226878306122,2
1769784902.291172,2040.816326530612,0.004232936387,0.0,0.0,1.0,5.499999999999999,1.3425226878306122,2
1769784902.2923977,2040.816326530612,0.004232936387,0.0,0.0,1.0,5.499999999999999,1.3425226878306122,2
1769784902.2939212,2040.816326530612,0.004232936387,0.0,0.0,1.0,5.499999999999999,1.3425226878306122,2
1769784902.295206,2040.816326530612,0.004232936387,0.0,0.0,1.0,5.499999999999999,1.3425226878306122,2
1769784902.2975228,2040.816326530612,0.004232936387,0.0,0.0,1.0,5.499999999999999,1.3425226878306122,2
1769784902.298635,2040.816326530612,0.004232936387,0.0,0.0,1.0,5.499999999999999,1.3425226878306122,2
1769784902.2997377,2040.816326530612,0.004232936387,0.0,0.0,1.0,5.499999999999999,1.3425226878306122,2
1769784902.3007424,2040.816326530612,0.004232936387,0.0,0.0,1.0,5.499999999999999,1.3425226878306122,2
1769784902.3017385,2040.816326530612,0.004232936387,0.0,0.0,1.0,5.499999999999999,1.3425226878306122,2
1769784902.3030224,2040.816326530612,0.004232936387,0.0,0.0,1.0,5.499999999999999,1.3425226878306122,2
1769784902.3042803,2040.816326530612,0.004232936387,0.0,0.0,1.0,5.499999999999999,1.3425226878306122,2
1769784902.3067665,2040.816326530612,0.004232936387,0.0,0.0,1.0,5.499999999999999,1.3425226878306122,2
1769784902.3083909,2040.816326530612,0.004232936387,0.0,0.0,1.0,5.499999999999999,1.3425226878306122,2
1769784902.3096092,2040.816326530612,0.004232936387,0.0,0.0,1.0,5.499999999999999,1.3425226878306122,2
1769784902.3105786,2040.816326530612,0.004232936387,0.0,0.0,1.0,5.499999999999999,1.3425226878306122,2
1769784902.3116596,2040.816326530612,0.004232936387,0.0,0.0,1.0,5.499999999999999,1.3425226878306122,2
1769784902.3130856,2040.816326530612,0.004232936387,0.0,0.0,1.0,5.499999999999999,1.3425226878306122,2
1769784902.3143334,2040.816326530612,0.004232936387,0.0,0.0,1.0,5.499999999999999,1.3425226878306122,2
1769784902.3156571,2040.816326530612,0.004232936387,0.0,0.0,1.0,5.499999999999999,1.3425226878306122,2
1769784902.3171127,2040.816326530612,0.004232936387,0.0,0.0,1.0,5.499999999999999,1.3425226878306122,2
1769784902.3183937,2040.816326530612,0.004232936387,0.0,0.0,1.0,5.499999999999999,1.3425226878306122,2
1769784902.3206463,2040.816326530612,0.004232936387,0.0,0.0,1.0,5.499999999999999,1.3425226878306122,2
1769784902.3218424,2040.816326530612,0.004232936387,0.0,0.0,1.0,5.499999999999999,1.3425226878306122,2
1769784902.3230085,2040.816326530612,0.004232936387,0.0,0.0,1.0,5.499999999999999,1.3425226878306122,2
1769784902.3245058,2040.816326530612,0.004232936387,0.0,0.0,1.0,5.499999999999999,1.3425226878306122,2
1769784902.3258805,2040.816326530612,0.004232936387,0.0,0.0,1.0,5.499999999999999,1.3425226878306122,2
1769784902.3269272,2040.816326530612,0.004232936387,0.0,0.0,1.0,5.499999999999999,1.3425226878306122,2
1769784902.3283296,2040.816326530612,0.004232936387,0.0,0.0,1.0,5.499999999999999,1.3425226878306122,2
1769784902.3295383,2040.816326530612,0.004232936387,0.0,0.0,1.0,5.499999999999999,1.3425226878306122,2
1769784902.3306317,2040.816326530612,0.004232936387,0.0,0.0,1.0,5.499999999999999,1.3425226878306122,2
1769784902.3317227,2040.816326530612,0.004232936387,0.0,0.0,1.0,5.499999999999999,1.3425226878306122,2
1769784902.3327303,2040.816326530612,0.004232936387,0.0,0.0,1.0,5.499999999999999,1.3425226878306122,2
1769784902.3338242,2040.816326530612,0.004232936387,0.0,0.0,1.0,5.499999999999999,1.3425226878306122,2
1769784902.334909,2040.816326530612,0.004232936387,0.0,0.0,1.0,5.499999999999999,1.3425226878306122,2
1769784902.33619,2040.816326530612,0.004232936387,0.0,0.0,1.0,5.499999999999999,1.3425226878306122,2
1769784902.3372688,2040.816326530612,0.004232936387,0.0,0.0,1.0,5.499999999999999,1.3425226878306122,2
1769784902.338301,2040.816326530612,0.004232936387,0.0,0.0,1.0,5.499999999999999,1.3425226878306122,2
1769784902.3392458,2040.816326530612,0.004232936387,0.0,0.0,1.0,5.499999999999999,1.3425226878306122,2
1769784902.340284,2040.816326530612,0.004232936387,0.0,0.0,1.0,5.499999999999999,1.3425226878306122,2
1769784902.341286,2040.816326530612,0.004232936387,0.0,0.0,1.0,5.499999999999999,1.3425226878306122,2
1769784902.3423212,2040.816326530612,0.004232936387,0.0,0.0,1.0,5.499999999999999,1.3425226878306122,2
1769784902.3433502,2040.816326530612,0.004232936387,0.0,0.0,1.0,5.499999999999999,1.3425226878306122,2
1769784902.3444993,2040.816326530612,0.004232936387,0.0,0.0,1.0,5.499999999999999,1.3425226878306122,2
1769784902.3457904,2040.816326530612,0.004232936387,0.0,0.0,1.0,5.499999999999999,1.3425226878306122,2
1769784902.3468773,2040.816326530612,0.004232936387,0.0,0.0,1.0,5.499999999999999,1.3425226878306122,2
1769784902.347931,2040.816326530612,0.004232936387,0.0,0.0,1.0,5.499999999999999,1.3425226878306122,2
1769784902.3491905,2040.816326530612,0.004232936387,0.0,0.0,1.0,5.499999999999999,1.3425226878306122,2
1769784902.3503397,2040.816326530612,0.004232936387,0.0,0.0,1.0,5.499999999999999,1.3425226878306122,2
1769784902.351849,2040.816326530612,0.004232936387,0.0,0.0,1.0,5.499999999999999,1.3425226878306122,2
1769784902.3529394,2040.816326530612,0.004232936387,0.0,0.0,1.0,5.499999999999999,1.3425226878306122,2
1769784902.354115,2040.816326530612,0.004232936387,0.0,0.0,1.0,5.499999999999999,1.3425226878306122,2
1769784902.3552563,2040.816326530612,0.004232936387,0.0,0.0,1.0,5.499999999999999,1.3425226878306122,2
1769784902.3565326,2040.816326530612,0.004232936387,0.0,0.0,1.0,5.499999999999999,1.3425226878306122,2
1769784902.3576412,2040.816326530612,0.004232936387,0.0,0.0,1.0,5.499999999999999,1.3425226878306122,2
1769784902.3586,2040.816326530612,0.004232936387,0.0,0.0,1.0,5.499999999999999,1.3425226878306122,2
1769784902.3599763,2040.816326530612,0.004232936387,0.0,0.0,1.0,5.499999999999999,1.3425226878306122,2
1769784902.361164,2040.816326530612,0.004232936387,0.0,0.0,1.0,5.499999999999999,1.3425226878306122,2
1769784902.3621137,2040.816326530612,0.004232936387,0.0,0.0,1.0,5.499999999999999,1.3425226878306122,2
1769784902.3634095,2040.816326530612,0.004232936387,0.0,0.0,1.0,5.499999999999999,1.3425226878306122,2
1769784902.3648422,2040.816326530612,0.004232936387,0.0,0.0,1.0,5.499999999999999,1.3425226878306122,2
1769784902.3661082,2040.816326530612,0.004232936387,0.0,0.0,1.0,5.499999999999999,1.3425226878306122,2
1769784902.367616,2040.816326530612,0.004232936387,0.0,0.0,1.0,5.499999999999999,1.3425226878306122,2
1769784902.3689587,2040.816326530612,0.004232936387,0.0,0.0,1.0,5.499999999999999,1.3425226878306122,2
1769784902.3701367,2040.816326530612,0.004232936387,0.0,0.0,1.0,5.499999999999999,1.3425226878306122,2
1769784902.3714485,2040.816326530612,0.004232936387,0.0,0.0,1.0,5.499999999999999,1.3425226878306122,2
1769784902.3726525,2040.816326530612,0.004232936387,0.0,0.0,1.0,5.499999999999999,1.3425226878306122,2
1769784902.3738563,2040.816326530612,0.004232936387,0.0,0.0,1.0,5.499999999999999,1.3425226878306122,2
1769784902.3749692,2040.816326530612,0.004232936387,0.0,0.0,1.0,5.499999999999999,1.3425226878306122,2
1769784902.3762999,2040.816326530612,0.004232936387,0.0,0.0,1.0,5.499999999999999,1.3425226878306122,2
1769784902.3777094,2040.816326530612,0.004232936387,0.0,0.0,1.0,5.499999999999999,1.3425226878306122,2
1769784902.378914,2040.816326530612,0.004232936387,0.0,0.0,1.0,5.499999999999999,1.3425226878306122,2
1769784902.3801208,2040.816326530612,0.004232936387,0.0,0.0,1.0,5.499999999999999,1.3425226878306122,2
1769784902.3813825,2040.816326530612,0.004232936387,0.0,0.0,1.0,5.499999999999999,1.3425226878306122,2
1769784902.382496,2040.816326530612,0.004232936387,0.0,0.0,1.0,5.499999999999999,1.3425226878306122,2
1769784902.3840153,2040.816326530612,0.004232936387,0.0,0.0,1.0,5.499999999999999,1.3425226878306122,2
1769784902.3853693,2040.816326530612,0.004232936387,0.0,0.0,1.0,5.499999999999999,1.3425226878306122,2
1769784902.3864625,2040.816326530612,0.004232936387,0.0,0.0,1.0,5.499999999999999,1.3425226878306122,2
1769784902.3876772,2040.816326530612,0.004232936387,0.0,0.0,1.0,5.499999999999999,1.3425226878306122,2
1769784902.3887563,2040.816326530612,0.004232936387,0.0,0.0,1.0,5.499999999999999,1.3425226878306122,2
1769784902.3898098,2040.816326530612,0.004232936387,0.0,0.0,1.0,5.499999999999999,1.3425226878306122,2
1769784902.391157,2040.816326530612,0.004232936387,0.0,0.0,1.0,5.499999999999999,1.3425226878306122,2
1769784902.3925526,2040.816326530612,0.004232936387,0.0,0.0,1.0,5.499999999999999,1.3425226878306122,2
1769784902.394038,2040.816326530612,0.004232936387,0.0,0.0,1.0,5.499999999999999,1.3425226878306122,2
1769784902.39537,2040.816326530612,0.004232936387,0.0,0.0,1.0,5.499999999999999,1.3425226878306122,2
1769784902.3967493,2040.816326530612,0.004232936387,0.0,0.0,1.0,5.499999999999999,1.3425226878306122,2
1769784902.3979328,2040.816326530612,0.004232936387,0.0,0.0,1.0,5.499999999999999,1.3425226878306122,2
1769784902.399698,2040.816326530612,0.004232936387,0.0,0.0,1.0,5.499999999999999,1.3425226878306122,2
1769784902.4014242,2040.816326530612,0.004232936387,0.0,0.0,1.0,5.499999999999999,1.3425226878306122,2
1769784902.4036126,2040.816326530612,0.004232936387,0.0,0.0,1.0,5.499999999999999,1.3425226878306122,2
1769784902.4049497,2040.816326530612,0.004232936387,0.0,0.0,1.0,5.499999999999999,1.3425226878306122,2
1769784902.4061973,2040.816326530612,0.004232936387,0.0,0.0,1.0,5.499999999999999,1.3425226878306122,2
1769784902.408665,2040.816326530612,0.004232936387,0.0,0.0,1.0,5.499999999999999,1.3425226878306122,2
1769784902.4102747,2040.816326530612,0.004232936387,0.0,0.0,1.0,5.499999999999999,1.3425226878306122,2
1769784902.4117424,2040.816326530612,0.004232936387,0.0,0.0,1.0,5.499999999999999,1.3425226878306122,2
1769784902.4128487,2040.816326530612,0.004232936387,0.0,0.0,1.0,5.499999999999999,1.3425226878306122,2
1769784902.4137933,2040.816326530612,0.004232936387,0.0,0.0,1.0,5.499999999999999,1.3425226878306122,2
1769784902.4151902,2040.816326530612,0.004232936387,0.0,0.0,1.0,5.499999999999999,1.3425226878306122,2
1769784902.4164574,2040.816326530612,0.004232936387,0.0,0.0,1.0,5.499999999999999,1.3425226878306122,2
1769784902.417481,2040.816326530612,0.004232936387,0.0,0.0,1.0,5.499999999999999,1.3425226878306122,2
1769784902.4184668,2040.816326530612,0.004232936387,0.0,0.0,1.0,5.499999999999999,1.3425226878306122,2
1769784902.4194367,2040.816326530612,0.004232936387,0.0,0.0,1.0,5.499999999999999,1.3425226878306122,2
1769784902.4203827,2040.816326530612,0.004232936387,0.0,0.0,1.0,5.499999999999999,1.3425226878306122,2
1769784902.4213357,2040.816326530612,0.004232936387,0.0,0.0,1.0,5.499999999999999,1.3425226878306122,2
1769784902.4228766,2040.816326530612,0.004232936387,0.0,0.0,1.0,5.499999999999999,1.3425226878306122,2
1769784902.4240866,2040.816326530612,0.004232936387,0.0,0.0,1.0,5.499999999999999,1.3425226878306122,2
1769784902.4254584,2040.816326530612,0.004232936387,0.0,0.0,1.0,5.499999999999999,1.3425226878306122,2
1769784902.426885,2040.816326530612,0.004232936387,0.0,0.0,1.0,5.499999999999999,1.3425226878306122,2
1769784902.4279559,2040.816326530612,0.004232936387,0.0,0.0,1.0,5.499999999999999,1.3425226878306122,2
1769784902.4291952,2040.816326530612,0.004232936387,0.0,0.0,1.0,5.499999999999999,1.3425226878306122,2
1769784902.4303293,2040.816326530612,0.004232936387,0.0,0.0,1.0,5.499999999999999,1.3425226878306122,2
1769784902.4317086,2040.816326530612,0.004232936387,0.0,0.0,1.0,5.499999999999999,1.3425226878306122,2
1769784902.4330077,2040.816326530612,0.004232936387,0.0,0.0,1.0,5.499999999999999,1.3425226878306122,2
1769784902.434034,2040.816326530612,0.004232936387,0.0,0.0,1.0,5.499999999999999,1.3425226878306122,2
1769784902.4349992,2040.816326530612,0.004232936387,0.0,0.0,1.0,5.499999999999999,1.3425226878306122,2
1769784902.4360158,2040.816326530612,0.004232936387,0.0,0.0,1.0,5.499999999999999,1.3425226878306122,2
1769784902.4369764,2040.816326530612,0.004232936387,0.0,0.0,1.0,5.499999999999999,1.3425226878306122,2
1769784902.438519,2040.816326530612,0.004232936387,0.0,0.0,1.0,5.499999999999999,1.3425226878306122,2
1769784902.4397762,2040.816326530612,0.004232936387,0.0,0.0,1.0,5.499999999999999,1.3425226878306122,2
1769784902.4407847,2040.816326530612,0.004232936387,0.0,0.0,1.0,5.499999999999999,1.3425226878306122,2
1769784902.441796,2040.816326530612,0.004232936387,0.0,0.0,1.0,5.499999999999999,1.3425226878306122,2
1769784902.4428213,2040.816326530612,0.004232936387,0.0,0.0,1.0,5.499999999999999,1.3425226878306122,2
1769784902.4438565,2040.816326530612,0.004232936387,0.0,0.0,1.0,5.499999999999999,1.3425226878306122,2
1769784902.4448736,2040.816326530612,0.004232936387,0.0,0.0,1.0,5.499999999999999,1.3425226878306122,2
1769784902.4459739,2040.816326530612,0.004232936387,0.0,0.0,1.0,5.499999999999999,1.3425226878306122,2
1769784902.4470327,2040.816326530612,0.004232936387,0.0,0.0,1.0,5.499999999999999,1.3425226878306122,2
1769784902.4492908,2040.816326530612,0.004232936387,0.0,0.0,1.0,5.499999999999999,1.3425226878306122,2
1769784902.4506788,2040.816326530612,0.004232936387,0.0,0.0,1.0,5.499999999999999,1.3425226878306122,2
1769784902.4516454,2040.816326530612,0.004232936387,0.0,0.0,1.0,5.499999999999999,1.3425226878306122,2
1769784902.452963,2040.816326530612,0.004232936387,0.0,0.0,1.0,5.499999999999999,1.3425226878306122,2
1769784902.455041,2040.816326530612,0.004232936387,0.0,0.0,1.0,5.499999999999999,1.3425226878306122,2
1769784902.456196,2040.816326530612,0.004232936387,0.0,0.0,1.0,5.499999999999999,1.3425226878306122,2
1769784902.457307,2040.816326530612,0.004232936387,0.0,0.0,1.0,5.499999999999999,1.3425226878306122,2
1769784902.4583266,2040.816326530612,0.004232936387,0.0,0.0,1.0,5.499999999999999,1.3425226878306122,2
1769784902.459285,2040.816326530612,0.004232936387,0.0,0.0,1.0,5.499999999999999,1.3425226878306122,2
1769784902.460234,2040.816326530612,0.004232936387,0.0,0.0,1.0,5.499999999999999,1.3425226878306122,2
1769784902.4611855,2040.816326530612,0.004232936387,0.0,0.0,1.0,5.499999999999999,1.3425226878306122,2
1769784902.4623773,2040.816326530612,0.004232936387,0.0,0.0,1.0,5.499999999999999,1.3425226878306122,2
1769784902.5416114,1927.7108433734938,0.004333936709,0.0,0.0,1.0,10.0,0.9943171724734938,2
1769784902.543226,1941.747572815534,0.004333936709,0.0,0.0,1.0,5.499999999999999,1.2333539019155344,2
1769784902.5464807,1941.747572815534,0.004333936709,0.0,0.0,1.0,5.499999999999999,1.2333539019155344,2
1769784902.549332,1941.747572815534,0.004333936709,0.0,0.0,1.0,5.499999999999999,1.2333539019155344,2
1769784902.550589,1941.747572815534,0.004333936709,0.0,0.0,1.0,5.499999999999999,1.2333539019155344,2
1769784902.5521686,1941.747572815534,0.004333936709,0.0,0.0,1.0,5.499999999999999,1.2333539019155344,2
1769784902.5543802,1941.747572815534,0.004333936709,0.0,0.0,1.0,5.499999999999999,1.2333539019155344,2
1769784902.5557444,1941.747572815534,0.004333936709,0.0,0.0,1.0,5.499999999999999,1.2333539019155344,2
1769784902.557162,1941.747572815534,0.004333936709,0.0,0.0,1.0,5.499999999999999,1.2333539019155344,2
1769784902.558303,1941.747572815534,0.004333936709,0.0,0.0,1.0,5.499999999999999,1.2333539019155344,2
1769784902.5609975,1941.747572815534,0.004333936709,0.0,0.0,1.0,5.499999999999999,1.2333539019155344,2
1769784902.5627928,1941.747572815534,0.004333936709,0.0,0.0,1.0,5.499999999999999,1.2333539019155344,2
1769784902.5643778,1941.747572815534,0.004333936709,0.0,0.0,1.0,5.499999999999999,1.2333539019155344,2
1769784902.566061,1941.747572815534,0.004333936709,0.0,0.0,1.0,5.499999999999999,1.2333539019155344,2
1769784902.5674887,1941.747572815534,0.004333936709,0.0,0.0,1.0,5.499999999999999,1.2333539019155344,2
1769784902.5694735,1941.747572815534,0.004333936709,0.0,0.0,1.0,5.499999999999999,1.2333539019155344,2
1769784902.5714393,1941.747572815534,0.004333936709,0.0,0.0,1.0,5.499999999999999,1.2333539019155344,2
1769784902.5737057,1941.747572815534,0.004333936709,0.0,0.0,1.0,5.499999999999999,1.2333539019155344,2
1769784902.5760043,1941.747572815534,0.004333936709,0.0,0.0,1.0,5.499999999999999,1.2333539019155344,2
1769784902.5788002,1941.747572815534,0.004333936709,0.0,0.0,1.0,5.499999999999999,1.2333539019155344,2
1769784902.5807204,1941.747572815534,0.004333936709,0.0,0.0,1.0,5.499999999999999,1.2333539019155344,2
1769784902.5823216,1941.747572815534,0.004333936709,0.0,0.0,1.0,5.499999999999999,1.2333539019155344,2
1769784902.5839152,1941.747572815534,0.004333936709,0.0,0.0,1.0,5.499999999999999,1.2333539019155344,2
1769784902.585895,1941.747572815534,0.004333936709,0.0,0.0,1.0,5.499999999999999,1.2333539019155344,2
1769784902.5873694,1941.747572815534,0.004333936709,0.0,0.0,1.0,5.499999999999999,1.2333539019155344,2
1769784902.5888047,1941.747572815534,0.004333936709,0.0,0.0,1.0,5.499999999999999,1.2333539019155344,2
1769784902.5904567,1941.747572815534,0.004333936709,0.0,0.0,1.0,5.499999999999999,1.2333539019155344,2
1769784902.5919855,1941.747572815534,0.004333936709,0.0,0.0,1.0,5.499999999999999,1.2333539019155344,2
1769784902.5940335,1941.747572815534,0.004333936709,0.0,0.0,1.0,5.499999999999999,1.2333539019155344,2
1769784902.5955904,1941.747572815534,0.004333936709,0.0,0.0,1.0,5.499999999999999,1.2333539019155344,2
1769784902.597794,1941.747572815534,0.004333936709,0.0,0.0,1.0,5.499999999999999,1.2333539019155344,2
1769784902.599354,1941.747572815534,0.004333936709,0.0,0.0,1.0,5.499999999999999,1.2333539019155344,2
1769784902.6012063,1941.747572815534,0.004333936709,0.0,0.0,1.0,5.499999999999999,1.2333539019155344,2
1769784902.6033404,1941.747572815534,0.004333936709,0.0,0.0,1.0,5.499999999999999,1.2333539019155344,2
1769784902.6047583,1941.747572815534,0.004333936709,0.0,0.0,1.0,5.499999999999999,1.2333539019155344,2
1769784902.6064243,1941.747572815534,0.004333936709,0.0,0.0,1.0,5.499999999999999,1.2333539019155344,2
1769784902.608035,1941.747572815534,0.004333936709,0.0,0.0,1.0,5.499999999999999,1.2333539019155344,2
1769784902.609458,1941.747572815534,0.004333936709,0.0,0.0,1.0,5.499999999999999,1.2333539019155344,2
1769784902.6113267,1941.747572815534,0.004333936709,0.0,0.0,1.0,5.499999999999999,1.2333539019155344,2
1769784902.6130059,1941.747572815534,0.004333936709,0.0,0.0,1.0,5.499999999999999,1.2333539019155344,2
1769784902.614708,1941.747572815534,0.004333936709,0.0,0.0,1.0,5.499999999999999,1.2333539019155344,2
1769784902.6164017,1941.747572815534,0.004333936709,0.0,0.0,1.0,5.499999999999999,1.2333539019155344,2
1769784902.6177828,1941.747572815534,0.004333936709,0.0,0.0,1.0,5.499999999999999,1.2333539019155344,2
1769784902.6195548,1941.747572815534,0.004333936709,0.0,0.0,1.0,5.499999999999999,1.2333539019155344,2
1769784902.6210644,1941.747572815534,0.004333936709,0.0,0.0,1.0,5.499999999999999,1.2333539019155344,2
1769784902.6238294,1941.747572815534,0.004333936709,0.0,0.0,1.0,5.499999999999999,1.2333539019155344,2
1769784902.6258466,1941.747572815534,0.004333936709,0.0,0.0,1.0,5.499999999999999,1.2333539019155344,2
1769784902.6278343,1941.747572815534,0.004333936709,0.0,0.0,1.0,5.499999999999999,1.2333539019155344,2
1769784902.6295474,1941.747572815534,0.004333936709,0.0,0.0,1.0,5.499999999999999,1.2333539019155344,2
1769784902.6306846,1941.747572815534,0.004333936709,0.0,0.0,1.0,5.499999999999999,1.2333539019155344,2
1769784902.6319802,1941.747572815534,0.004333936709,0.0,0.0,1.0,5.499999999999999,1.2333539019155344,2
1769784902.6332192,1941.747572815534,0.004333936709,0.0,0.0,1.0,5.499999999999999,1.2333539019155344,2
1769784902.634538,1941.747572815534,0.004333936709,0.0,0.0,1.0,5.499999999999999,1.2333539019155344,2
1769784902.6359782,1941.747572815534,0.004333936709,0.0,0.0,1.0,5.499999999999999,1.2333539019155344,2
1769784902.6373982,1941.747572815534,0.004333936709,0.0,0.0,1.0,5.499999999999999,1.2333539019155344,2
1769784902.6391408,1941.747572815534,0.004333936709,0.0,0.0,1.0,5.499999999999999,1.2333539019155344,2
1769784902.6409504,1941.747572815534,0.004333936709,0.0,0.0,1.0,5.499999999999999,1.2333539019155344,2
1769784902.6425114,1941.747572815534,0.004333936709,0.0,0.0,1.0,5.499999999999999,1.2333539019155344,2
1769784902.6444054,1941.747572815534,0.004333936709,0.0,0.0,1.0,5.499999999999999,1.2333539019155344,2
1769784902.6462615,1941.747572815534,0.004333936709,0.0,0.0,1.0,5.499999999999999,1.2333539019155344,2
1769784902.647998,1941.747572815534,0.004333936709,0.0,0.0,1.0,5.499999999999999,1.2333539019155344,2
1769784902.6509466,1941.747572815534,0.004333936709,0.0,0.0,1.0,5.499999999999999,1.2333539019155344,2
1769784902.653042,1941.747572815534,0.004333936709,0.0,0.0,1.0,5.499999999999999,1.2333539019155344,2
1769784902.6555376,1941.747572815534,0.004333936709,0.0,0.0,1.0,5.499999999999999,1.2333539019155344,2
1769784902.656977,1941.747572815534,0.004333936709,0.0,0.0,1.0,5.499999999999999,1.2333539019155344,2
1769784902.657996,1941.747572815534,0.004333936709,0.0,0.0,1.0,5.499999999999999,1.2333539019155344,2
1769784902.6589904,1941.747572815534,0.004333936709,0.0,0.0,1.0,5.499999999999999,1.2333539019155344,2
1769784902.6603792,1941.747572815534,0.004333936709,0.0,0.0,1.0,5.499999999999999,1.2333539019155344,2
1769784902.6618147,1941.747572815534,0.004333936709,0.0,0.0,1.0,5.499999999999999,1.2333539019155344,2
1769784902.6627922,1941.747572815534,0.004333936709,0.0,0.0,1.0,5.499999999999999,1.2333539019155344,2
1769784902.6641536,1941.747572815534,0.004333936709,0.0,0.0,1.0,5.499999999999999,1.2333539019155344,2
1769784902.6653066,1941.747572815534,0.004333936709,0.0,0.0,1.0,5.499999999999999,1.2333539019155344,2
1769784902.6663597,1941.747572815534,0.004333936709,0.0,0.0,1.0,5.499999999999999,1.2333539019155344,2
1769784902.6676655,1941.747572815534,0.004333936709,0.0,0.0,1.0,5.499999999999999,1.2333539019155344,2
1769784902.6697292,1941.747572815534,0.004333936709,0.0,0.0,1.0,5.499999999999999,1.2333539019155344,2
1769784902.671246,1941.747572815534,0.004333936709,0.0,0.0,1.0,5.499999999999999,1.2333539019155344,2
1769784902.673031,1941.747572815534,0.004333936709,0.0,0.0,1.0,5.499999999999999,1.2333539019155344,2
1769784902.6740909,1941.747572815534,0.004333936709,0.0,0.0,1.0,5.499999999999999,1.2333539019155344,2
1769784902.6750977,1941.747572815534,0.004333936709,0.0,0.0,1.0,5.499999999999999,1.2333539019155344,2
1769784902.6761832,1941.747572815534,0.004333936709,0.0,0.0,1.0,5.499999999999999,1.2333539019155344,2
1769784902.677384,1941.747572815534,0.004333936709,0.0,0.0,1.0,5.499999999999999,1.2333539019155344,2
1769784902.6791277,1941.747572815534,0.004333936709,0.0,0.0,1.0,5.499999999999999,1.2333539019155344,2
1769784902.680209,1941.747572815534,0.004333936709,0.0,0.0,1.0,5.499999999999999,1.2333539019155344,2
1769784902.6812842,1941.747572815534,0.004333936709,0.0,0.0,1.0,5.499999999999999,1.2333539019155344,2
1769784902.6823993,1941.747572815534,0.004333936709,0.0,0.0,1.0,5.499999999999999,1.2333539019155344,2
1769784902.6834264,1941.747572815534,0.004333936709,0.0,0.0,1.0,5.499999999999999,1.2333539019155344,2
1769784902.6850374,1941.747572815534,0.004333936709,0.0,0.0,1.0,5.499999999999999,1.2333539019155344,2
1769784902.6863885,1941.747572815534,0.004333936709,0.0,0.0,1.0,5.499999999999999,1.2333539019155344,2
1769784902.6874113,1941.747572815534,0.004333936709,0.0,0.0,1.0,5.499999999999999,1.2333539019155344,2
1769784902.6884718,1941.747572815534,0.004333936709,0.0,0.0,1.0,5.499999999999999,1.2333539019155344,2
1769784902.6895816,1941.747572815534,0.004333936709,0.0,0.0,1.0,5.499999999999999,1.2333539019155344,2
1769784902.6906607,1941.747572815534,0.004333936709,0.0,0.0,1.0,5.499999999999999,1.2333539019155344,2
1769784902.6918275,1941.747572815534,0.004333936709,0.0,0.0,1.0,5.499999999999999,1.2333539019155344,2
1769784902.6930206,1941.747572815534,0.004333936709,0.0,0.0,1.0,5.499999999999999,1.2333539019155344,2
1769784902.694343,1941.747572815534,0.004333936709,0.0,0.0,1.0,5.499999999999999,1.2333539019155344,2
1769784902.695471,1941.747572815534,0.004333936709,0.0,0.0,1.0,5.499999999999999,1.2333539019155344,2
1769784902.696518,1941.747572815534,0.004333936709,0.0,0.0,1.0,5.499999999999999,1.2333539019155344,2
1769784902.6974976,1941.747572815534,0.004333936709,0.0,0.0,1.0,5.499999999999999,1.2333539019155344,2
1769784902.698498,1941.747572815534,0.004333936709,0.0,0.0,1.0,5.499999999999999,1.2333539019155344,2
1769784902.6995075,1941.747572815534,0.004333936709,0.0,0.0,1.0,5.499999999999999,1.2333539019155344,2
1769784902.7005825,1941.747572815534,0.004333936709,0.0,0.0,1.0,5.499999999999999,1.2333539019155344,2
1769784902.7024457,1941.747572815534,0.004333936709,0.0,0.0,1.0,5.499999999999999,1.2333539019155344,2
1769784902.7041278,1941.747572815534,0.004333936709,0.0,0.0,1.0,5.499999999999999,1.2333539019155344,2
1769784902.705235,1941.747572815534,0.004333936709,0.0,0.0,1.0,5.499999999999999,1.2333539019155344,2
1769784902.7063372,1941.747572815534,0.004333936709,0.0,0.0,1.0,5.499999999999999,1.2333539019155344,2
1769784902.7075646,1941.747572815534,0.004333936709,0.0,0.0,1.0,5.499999999999999,1.2333539019155344,2
1769784902.708673,1941.747572815534,0.004333936709,0.0,0.0,1.0,5.499999999999999,1.2333539019155344,2
1769784902.7097943,1941.747572815534,0.004333936709,0.0,0.0,1.0,5.499999999999999,1.2333539019155344,2
1769784902.7111707,1941.747572815534,0.004333936709,0.0,0.0,1.0,5.499999999999999,1.2333539019155344,2
1769784902.7122333,1941.747572815534,0.004333936709,0.0,0.0,1.0,5.499999999999999,1.2333539019155344,2
1769784902.7132702,1941.747572815534,0.004333936709,0.0,0.0,1.0,5.499999999999999,1.2333539019155344,2
1769784902.7143056,1941.747572815534,0.004333936709,0.0,0.0,1.0,5.499999999999999,1.2333539019155344,2
1769784902.715358,1941.747572815534,0.004333936709,0.0,0.0,1.0,5.499999999999999,1.2333539019155344,2
1769784902.7172894,1941.747572815534,0.004333936709,0.0,0.0,1.0,5.499999999999999,1.2333539019155344,2
1769784902.718736,1941.747572815534,0.004333936709,0.0,0.0,1.0,5.499999999999999,1.2333539019155344,2
1769784902.7197993,1941.747572815534,0.004333936709,0.0,0.0,1.0,5.499999999999999,1.2333539019155344,2
1769784902.7217388,1941.747572815534,0.004333936709,0.0,0.0,1.0,5.499999999999999,1.2333539019155344,2
1769784902.7252514,1941.747572815534,0.004333936709,0.0,0.0,1.0,5.499999999999999,1.2333539019155344,2
1769784902.7271914,1941.747572815534,0.004333936709,0.0,0.0,1.0,5.499999999999999,1.2333539019155344,2
1769784902.7289228,1941.747572815534,0.004333936709,0.0,0.0,1.0,5.499999999999999,1.2333539019155344,2
1769784902.7301815,1941.747572815534,0.004333936709,0.0,0.0,1.0,5.499999999999999,1.2333539019155344,2
1769784902.7322202,1941.747572815534,0.004333936709,0.0,0.0,1.0,5.499999999999999,1.2333539019155344,2
1769784902.7344513,1941.747572815534,0.004333936709,0.0,0.0,1.0,5.499999999999999,1.2333539019155344,2
1769784902.7365525,1941.747572815534,0.004333936709,0.0,0.0,1.0,5.499999999999999,1.2333539019155344,2
1769784902.7379837,1941.747572815534,0.004333936709,0.0,0.0,1.0,5.499999999999999,1.2333539019155344,2
1769784902.739478,1941.747572815534,0.004333936709,0.0,0.0,1.0,5.499999999999999,1.2333539019155344,2
1769784902.7415402,1941.747572815534,0.004333936709,0.0,0.0,1.0,5.499999999999999,1.2333539019155344,2
1769784902.743065,1941.747572815534,0.004333936709,0.0,0.0,1.0,5.499999999999999,1.2333539019155344,2
1769784902.7449653,1941.747572815534,0.004333936709,0.0,0.0,1.0,5.499999999999999,1.2333539019155344,2
1769784902.7466214,1941.747572815534,0.004333936709,0.0,0.0,1.0,5.499999999999999,1.2333539019155344,2
1769784902.7484694,1941.747572815534,0.004333936709,0.0,0.0,1.0,5.499999999999999,1.2333539019155344,2
1769784902.7499976,1941.747572815534,0.004333936709,0.0,0.0,1.0,5.499999999999999,1.2333539019155344,2
1769784902.7511234,1941.747572815534,0.004333936709,0.0,0.0,1.0,5.499999999999999,1.2333539019155344,2
1769784902.7524538,1941.747572815534,0.004333936709,0.0,0.0,1.0,5.499999999999999,1.2333539019155344,2
1769784902.7538488,1941.747572815534,0.004333936709,0.0,0.0,1.0,5.499999999999999,1.2333539019155344,2
1769784902.7549253,1941.747572815534,0.004333936709,0.0,0.0,1.0,5.499999999999999,1.2333539019155344,2
1769784902.7561488,1941.747572815534,0.004333936709,0.0,0.0,1.0,5.499999999999999,1.2333539019155344,2
1769784902.7574387,1941.747572815534,0.004333936709,0.0,0.0,1.0,5.499999999999999,1.2333539019155344,2
1769784902.7585874,1941.747572815534,0.004333936709,0.0,0.0,1.0,5.499999999999999,1.2333539019155344,2
1769784902.7596917,1941.747572815534,0.004333936709,0.0,0.0,1.0,5.499999999999999,1.2333539019155344,2
1769784902.7609725,1941.747572815534,0.004333936709,0.0,0.0,1.0,5.499999999999999,1.2333539019155344,2
1769784902.7622416,1941.747572815534,0.004333936709,0.0,0.0,1.0,5.499999999999999,1.2333539019155344,2
1769784902.763318,1941.747572815534,0.004333936709,0.0,0.0,1.0,5.499999999999999,1.2333539019155344,2
1769784902.7643971,1941.747572815534,0.004333936709,0.0,0.0,1.0,5.499999999999999,1.2333539019155344,2
1769784902.7654471,1941.747572815534,0.004333936709,0.0,0.0,1.0,5.499999999999999,1.2333539019155344,2
1769784902.7664757,1941.747572815534,0.004333936709,0.0,0.0,1.0,5.499999999999999,1.2333539019155344,2
1769784902.7677758,1941.747572815534,0.004333936709,0.0,0.0,1.0,5.499999999999999,1.2333539019155344,2
1769784902.7690814,1941.747572815534,0.004333936709,0.0,0.0,1.0,5.499999999999999,1.2333539019155344,2
1769784902.7701476,1941.747572815534,0.004333936709,0.0,0.0,1.0,5.499999999999999,1.2333539019155344,2
1769784902.7713048,1941.747572815534,0.004333936709,0.0,0.0,1.0,5.499999999999999,1.2333539019155344,2
1769784902.772842,1941.747572815534,0.004333936709,0.0,0.0,1.0,5.499999999999999,1.2333539019155344,2
1769784902.773828,1941.747572815534,0.004333936709,0.0,0.0,1.0,5.499999999999999,1.2333539019155344,2
1769784902.7750294,1941.747572815534,0.004333936709,0.0,0.0,1.0,5.499999999999999,1.2333539019155344,2
1769784902.776066,1941.747572815534,0.004333936709,0.0,0.0,1.0,5.499999999999999,1.2333539019155344,2
1769784902.7775307,1941.747572815534,0.004333936709,0.0,0.0,1.0,5.499999999999999,1.2333539019155344,2
1769784902.7791157,1941.747572815534,0.004333936709,0.0,0.0,1.0,5.499999999999999,1.2333539019155344,2
1769784902.7804132,1941.747572815534,0.004333936709,0.0,0.0,1.0,5.499999999999999,1.2333539019155344,2
1769784902.781446,1941.747572815534,0.004333936709,0.0,0.0,1.0,5.499999999999999,1.2333539019155344,2
1769784902.7824285,1941.747572815534,0.004333936709,0.0,0.0,1.0,5.499999999999999,1.2333539019155344,2
1769784902.7836165,1941.747572815534,0.004333936709,0.0,0.0,1.0,5.499999999999999,1.2333539019155344,2
1769784902.7847164,1941.747572815534,0.004333936709,0.0,0.0,1.0,5.499999999999999,1.2333539019155344,2
1769784902.7860813,1941.747572815534,0.004333936709,0.0,0.0,1.0,5.499999999999999,1.2333539019155344,2
1769784902.7871714,1941.747572815534,0.004333936709,0.0,0.0,1.0,5.499999999999999,1.2333539019155344,2
1769784902.788256,1941.747572815534,0.004333936709,0.0,0.0,1.0,5.499999999999999,1.2333539019155344,2
1769784902.7892542,1941.747572815534,0.004333936709,0.0,0.0,1.0,5.499999999999999,1.2333539019155344,2
1769784902.7902565,1941.747572815534,0.004333936709,0.0,0.0,1.0,5.499999999999999,1.2333539019155344,2
1769784902.7912405,1941.747572815534,0.004333936709,0.0,0.0,1.0,5.499999999999999,1.2333539019155344,2
1769784902.7922313,1941.747572815534,0.004333936709,0.0,0.0,1.0,5.499999999999999,1.2333539019155344,2
1769784902.7941039,1941.747572815534,0.004333936709,0.0,0.0,1.0,5.499999999999999,1.2333539019155344,2
1769784902.7952716,1941.747572815534,0.004333936709,0.0,0.0,1.0,5.499999999999999,1.2333539019155344,2
1769784902.7963934,1941.747572815534,0.004333936709,0.0,0.0,1.0,5.499999999999999,1.2333539019155344,2
1769784902.7974203,1941.747572815534,0.004333936709,0.0,0.0,1.0,5.499999999999999,1.2333539019155344,2
1769784902.7985482,1941.747572815534,0.004333936709,0.0,0.0,1.0,5.499999999999999,1.2333539019155344,2
1769784902.7996845,1941.747572815534,0.004333936709,0.0,0.0,1.0,5.499999999999999,1.2333539019155344,2
1769784902.800907,1941.747572815534,0.004333936709,0.0,0.0,1.0,5.499999999999999,1.2333539019155344,2
1769784902.8021867,1941.747572815534,0.004333936709,0.0,0.0,1.0,5.499999999999999,1.2333539019155344,2
1769784902.8032832,1941.747572815534,0.004333936709,0.0,0.0,1.0,5.499999999999999,1.2333539019155344,2
1769784902.8043084,1941.747572815534,0.004333936709,0.0,0.0,1.0,5.499999999999999,1.2333539019155344,2
1769784902.8053038,1941.747572815534,0.004333936709,0.0,0.0,1.0,5.499999999999999,1.2333539019155344,2
1769784902.8062963,1941.747572815534,0.004333936709,0.0,0.0,1.0,5.499999999999999,1.2333539019155344,2
1769784902.807472,1941.747572815534,0.004333936709,0.0,0.0,1.0,5.499999999999999,1.2333539019155344,2
1769784902.8085358,1941.747572815534,0.004333936709,0.0,0.0,1.0,5.499999999999999,1.2333539019155344,2
1769784902.8098352,1941.747572815534,0.004333936709,0.0,0.0,1.0,5.499999999999999,1.2333539019155344,2
1769784902.8112798,1941.747572815534,0.004333936709,0.0,0.0,1.0,5.499999999999999,1.2333539019155344,2
1769784902.8124375,1941.747572815534,0.004333936709,0.0,0.0,1.0,5.499999999999999,1.2333539019155344,2
1769784902.8134992,1941.747572815534,0.004333936709,0.0,0.0,1.0,5.499999999999999,1.2333539019155344,2
1769784902.8144648,1941.747572815534,0.004333936709,0.0,0.0,1.0,5.499999999999999,1.2333539019155344,2
1769784902.8157716,1941.747572815534,0.004333936709,0.0,0.0,1.0,5.499999999999999,1.2333539019155344,2
1769784902.817265,1941.747572815534,0.004333936709,0.0,0.0,1.0,5.499999999999999,1.2333539019155344,2
1769784902.819026,1941.747572815534,0.004333936709,0.0,0.0,1.0,5.499999999999999,1.2333539019155344,2
1769784902.8204525,1941.747572815534,0.004333936709,0.0,0.0,1.0,5.499999999999999,1.2333539019155344,2
1769784902.821789,1941.747572815534,0.004333936709,0.0,0.0,1.0,5.499999999999999,1.2333539019155344,2
1769784902.823383,1941.747572815534,0.004333936709,0.0,0.0,1.0,5.499999999999999,1.2333539019155344,2
1769784902.82604,1941.747572815534,0.004333936709,0.0,0.0,1.0,5.499999999999999,1.2333539019155344,2
1769784902.8284051,1941.747572815534,0.004333936709,0.0,0.0,1.0,5.499999999999999,1.2333539019155344,2
1769784902.8299093,1941.747572815534,0.004333936709,0.0,0.0,1.0,5.499999999999999,1.2333539019155344,2
1769784902.8314414,1941.747572815534,0.004333936709,0.0,0.0,1.0,5.499999999999999,1.2333539019155344,2
1769784902.8328347,1941.747572815534,0.004333936709,0.0,0.0,1.0,5.499999999999999,1.2333539019155344,2
1769784902.833931,1941.747572815534,0.004333936709,0.0,0.0,1.0,5.499999999999999,1.2333539019155344,2
1769784902.834978,1941.747572815534,0.004333936709,0.0,0.0,1.0,5.499999999999999,1.2333539019155344,2
1769784902.9147632,2083.3333333333335,0.004017606572,0.0,0.0,1.0,10.0,1.1815726761333334,2
1769784902.9164455,2083.3333333333335,0.004017606572,0.0,0.0,1.0,5.499999999999999,1.4065726761333335,2
1769784902.9180427,2083.3333333333335,0.004017606572,0.0,0.0,1.0,5.499999999999999,1.4065726761333335,2
1769784902.9198072,2083.3333333333335,0.004017606572,0.0,0.0,1.0,5.499999999999999,1.4065726761333335,2
1769784902.9221337,2083.3333333333335,0.004017606572,0.0,0.0,1.0,5.499999999999999,1.4065726761333335,2
1769784902.9232275,2083.3333333333335,0.004017606572,0.0,0.0,1.0,5.499999999999999,1.4065726761333335,2
1769784902.9244468,2083.3333333333335,0.004017606572,0.0,0.0,1.0,5.499999999999999,1.4065726761333335,2
1769784902.9255826,2083.3333333333335,0.004017606572,0.0,0.0,1.0,5.499999999999999,1.4065726761333335,2
1769784902.9271367,2083.3333333333335,0.004017606572,0.0,0.0,1.0,5.499999999999999,1.4065726761333335,2
1769784902.9285688,2083.3333333333335,0.004017606572,0.0,0.0,1.0,5.499999999999999,1.4065726761333335,2
1769784902.9296317,2083.3333333333335,0.004017606572,0.0,0.0,1.0,5.499999999999999,1.4065726761333335,2
1769784902.9307268,2083.3333333333335,0.004017606572,0.0,0.0,1.0,5.499999999999999,1.4065726761333335,2
1769784902.9318638,2083.3333333333335,0.004017606572,0.0,0.0,1.0,5.499999999999999,1.4065726761333335,2
1769784902.9337516,2083.3333333333335,0.004017606572,0.0,0.0,1.0,5.499999999999999,1.4065726761333335,2
1769784902.9363117,2083.3333333333335,0.004017606572,0.0,0.0,1.0,5.499999999999999,1.4065726761333335,2
1769784902.937649,2083.3333333333335,0.004017606572,0.0,0.0,1.0,5.499999999999999,1.4065726761333335,2
1769784902.9392626,2083.3333333333335,0.004017606572,0.0,0.0,1.0,5.499999999999999,1.4065726761333335,2
1769784902.9407432,2083.3333333333335,0.004017606572,0.0,0.0,1.0,5.499999999999999,1.4065726761333335,2
1769784902.9418435,2083.3333333333335,0.004017606572,0.0,0.0,1.0,5.499999999999999,1.4065726761333335,2
1769784902.9428828,2083.3333333333335,0.004017606572,0.0,0.0,1.0,5.499999999999999,1.4065726761333335,2
1769784902.944236,2083.3333333333335,0.004017606572,0.0,0.0,1.0,5.499999999999999,1.4065726761333335,2
1769784902.9456444,2083.3333333333335,0.004017606572,0.0,0.0,1.0,5.499999999999999,1.4065726761333335,2
1769784902.9467325,2083.3333333333335,0.004017606572,0.0,0.0,1.0,5.499999999999999,1.4065726761333335,2
1769784902.9495137,2083.3333333333335,0.004017606572,0.0,0.0,1.0,5.499999999999999,1.4065726761333335,2
1769784902.9513855,2083.3333333333335,0.004017606572,0.0,0.0,1.0,5.499999999999999,1.4065726761333335,2
1769784902.9533062,2083.3333333333335,0.004017606572,0.0,0.0,1.0,5.499999999999999,1.4065726761333335,2
1769784902.9544783,2083.3333333333335,0.004017606572,0.0,0.0,1.0,5.499999999999999,1.4065726761333335,2
1769784902.9557338,2083.3333333333335,0.004017606572,0.0,0.0,1.0,5.499999999999999,1.4065726761333335,2
1769784902.957052,2083.3333333333335,0.004017606572,0.0,0.0,1.0,5.499999999999999,1.4065726761333335,2
1769784902.958118,2083.3333333333335,0.004017606572,0.0,0.0,1.0,5.499999999999999,1.4065726761333335,2
1769784902.9591794,2083.3333333333335,0.004017606572,0.0,0.0,1.0,5.499999999999999,1.4065726761333335,2
1769784902.9608455,2083.3333333333335,0.004017606572,0.0,0.0,1.0,5.499999999999999,1.4065726761333335,2
1769784902.9620357,2083.3333333333335,0.004017606572,0.0,0.0,1.0,5.499999999999999,1.4065726761333335,2
1769784902.963778,2083.3333333333335,0.004017606572,0.0,0.0,1.0,5.499999999999999,1.4065726761333335,2
1769784902.9651997,2083.3333333333335,0.004017606572,0.0,0.0,1.0,5.499999999999999,1.4065726761333335,2
1769784902.966355,2083.3333333333335,0.004017606572,0.0,0.0,1.0,5.499999999999999,1.4065726761333335,2
1769784902.9676876,2083.3333333333335,0.004017606572,0.0,0.0,1.0,5.499999999999999,1.4065726761333335,2
1769784902.9704604,2083.3333333333335,0.004017606572,0.0,0.0,1.0,5.499999999999999,1.4065726761333335,2
1769784902.9716449,2083.3333333333335,0.004017606572,0.0,0.0,1.0,5.499999999999999,1.4065726761333335,2
1769784902.9729173,2083.3333333333335,0.004017606572,0.0,0.0,1.0,5.499999999999999,1.4065726761333335,2
1769784902.9739218,2083.3333333333335,0.004017606572,0.0,0.0,1.0,5.499999999999999,1.4065726761333335,2
1769784902.9749603,2083.3333333333335,0.004017606572,0.0,0.0,1.0,5.499999999999999,1.4065726761333335,2
1769784902.9760554,2083.3333333333335,0.004017606572,0.0,0.0,1.0,5.499999999999999,1.4065726761333335,2
1769784902.9773083,2083.3333333333335,0.004017606572,0.0,0.0,1.0,5.499999999999999,1.4065726761333335,2
1769784902.9787154,2083.3333333333335,0.004017606572,0.0,0.0,1.0,5.499999999999999,1.4065726761333335,2
1769784902.9802697,2083.3333333333335,0.004017606572,0.0,0.0,1.0,5.499999999999999,1.4065726761333335,2
1769784902.9819214,2083.3333333333335,0.004017606572,0.0,0.0,1.0,5.499999999999999,1.4065726761333335,2
1769784902.983243,2083.3333333333335,0.004017606572,0.0,0.0,1.0,5.499999999999999,1.4065726761333335,2
1769784902.9845154,2083.3333333333335,0.004017606572,0.0,0.0,1.0,5.499999999999999,1.4065726761333335,2
1769784902.9859645,2083.3333333333335,0.004017606572,0.0,0.0,1.0,5.499999999999999,1.4065726761333335,2
1769784902.9875517,2083.3333333333335,0.004017606572,0.0,0.0,1.0,5.499999999999999,1.4065726761333335,2
1769784902.988961,2083.3333333333335,0.004017606572,0.0,0.0,1.0,5.499999999999999,1.4065726761333335,2
1769784902.990386,2083.3333333333335,0.004017606572,0.0,0.0,1.0,5.499999999999999,1.4065726761333335,2
1769784902.9915292,2083.3333333333335,0.004017606572,0.0,0.0,1.0,5.499999999999999,1.4065726761333335,2
1769784902.9926546,2083.3333333333335,0.004017606572,0.0,0.0,1.0,5.499999999999999,1.4065726761333335,2
1769784902.9945116,2083.3333333333335,0.004017606572,0.0,0.0,1.0,5.499999999999999,1.4065726761333335,2
1769784902.996282,2083.3333333333335,0.004017606572,0.0,0.0,1.0,5.499999999999999,1.4065726761333335,2
1769784902.9979064,2083.3333333333335,0.004017606572,0.0,0.0,1.0,5.499999999999999,1.4065726761333335,2
1769784902.9995732,2083.3333333333335,0.004017606572,0.0,0.0,1.0,5.499999999999999,1.4065726761333335,2
1769784903.0029624,2083.3333333333335,0.004017606572,0.0,0.0,1.0,5.499999999999999,1.4065726761333335,2
1769784903.0050166,2083.3333333333335,0.004017606572,0.0,0.0,1.0,5.499999999999999,1.4065726761333335,2
1769784903.0066953,2083.3333333333335,0.004017606572,0.0,0.0,1.0,5.499999999999999,1.4065726761333335,2
1769784903.0083308,2083.3333333333335,0.004017606572,0.0,0.0,1.0,5.499999999999999,1.4065726761333335,2
1769784903.0104065,2083.3333333333335,0.004017606572,0.0,0.0,1.0,5.499999999999999,1.4065726761333335,2
1769784903.012249,2083.3333333333335,0.004017606572,0.0,0.0,1.0,5.499999999999999,1.4065726761333335,2
1769784903.0135422,2083.3333333333335,0.004017606572,0.0,0.0,1.0,5.499999999999999,1.4065726761333335,2
1769784903.014718,2083.3333333333335,0.004017606572,0.0,0.0,1.0,5.499999999999999,1.4065726761333335,2
1769784903.0159626,2083.3333333333335,0.004017606572,0.0,0.0,1.0,5.499999999999999,1.4065726761333335,2
1769784903.0171504,2083.3333333333335,0.004017606572,0.0,0.0,1.0,5.499999999999999,1.4065726761333335,2
1769784903.0187035,2083.3333333333335,0.004017606572,0.0,0.0,1.0,5.499999999999999,1.4065726761333335,2
1769784903.0202088,2083.3333333333335,0.004017606572,0.0,0.0,1.0,5.499999999999999,1.4065726761333335,2
1769784903.0213351,2083.3333333333335,0.004017606572,0.0,0.0,1.0,5.499999999999999,1.4065726761333335,2
1769784903.0224133,2083.3333333333335,0.004017606572,0.0,0.0,1.0,5.499999999999999,1.4065726761333335,2
1769784903.0236762,2083.3333333333335,0.004017606572,0.0,0.0,1.0,5.499999999999999,1.4065726761333335,2
1769784903.024888,2083.3333333333335,0.004017606572,0.0,0.0,1.0,5.499999999999999,1.4065726761333335,2
1769784903.026267,2083.3333333333335,0.004017606572,0.0,0.0,1.0,5.499999999999999,1.4065726761333335,2
1769784903.02753,2083.3333333333335,0.004017606572,0.0,0.0,1.0,5.499999999999999,1.4065726761333335,2
1769784903.0288196,2083.3333333333335,0.004017606572,0.0,0.0,1.0,5.499999999999999,1.4065726761333335,2
1769784903.0298588,2083.3333333333335,0.004017606572,0.0,0.0,1.0,5.499999999999999,1.4065726761333335,2
1769784903.0308712,2083.3333333333335,0.004017606572,0.0,0.0,1.0,5.499999999999999,1.4065726761333335,2
1769784903.0319483,2083.3333333333335,0.004017606572,0.0,0.0,1.0,5.499999999999999,1.4065726761333335,2
1769784903.0331335,2083.3333333333335,0.004017606572,0.0,0.0,1.0,5.499999999999999,1.4065726761333335,2
1769784903.034125,2083.3333333333335,0.004017606572,0.0,0.0,1.0,5.499999999999999,1.4065726761333335,2
1769784903.0357444,2083.3333333333335,0.004017606572,0.0,0.0,1.0,5.499999999999999,1.4065726761333335,2
1769784903.0371537,2083.3333333333335,0.004017606572,0.0,0.0,1.0,5.499999999999999,1.4065726761333335,2
1769784903.0383213,2083.3333333333335,0.004017606572,0.0,0.0,1.0,5.499999999999999,1.4065726761333335,2
1769784903.0394845,2083.3333333333335,0.004017606572,0.0,0.0,1.0,5.499999999999999,1.4065726761333335,2
1769784903.0407782,2083.3333333333335,0.004017606572,0.0,0.0,1.0,5.499999999999999,1.4065726761333335,2
1769784903.0421216,2083.3333333333335,0.004017606572,0.0,0.0,1.0,5.499999999999999,1.4065726761333335,2
1769784903.0439496,2083.3333333333335,0.004017606572,0.0,0.0,1.0,5.499999999999999,1.4065726761333335,2
1769784903.045348,2083.3333333333335,0.004017606572,0.0,0.0,1.0,5.499999999999999,1.4065726761333335,2
1769784903.0464187,2083.3333333333335,0.004017606572,0.0,0.0,1.0,5.499999999999999,1.4065726761333335,2
1769784903.047548,2083.3333333333335,0.004017606572,0.0,0.0,1.0,5.499999999999999,1.4065726761333335,2
1769784903.048617,2083.3333333333335,0.004017606572,0.0,0.0,1.0,5.499999999999999,1.4065726761333335,2
1769784903.0497177,2083.3333333333335,0.004017606572,0.0,0.0,1.0,5.499999999999999,1.4065726761333335,2
1769784903.0507994,2083.3333333333335,0.004017606572,0.0,0.0,1.0,5.499999999999999,1.4065726761333335,2
1769784903.0523136,2083.3333333333335,0.004017606572,0.0,0.0,1.0,5.499999999999999,1.4065726761333335,2
1769784903.053616,2083.3333333333335,0.004017606572,0.0,0.0,1.0,5.499999999999999,1.4065726761333335,2
1769784903.0547104,2083.3333333333335,0.004017606572,0.0,0.0,1.0,5.499999999999999,1.4065726761333335,2
1769784903.0560179,2083.3333333333335,0.004017606572,0.0,0.0,1.0,5.499999999999999,1.4065726761333335,2
1769784903.0582461,2083.3333333333335,0.004017606572,0.0,0.0,1.0,5.499999999999999,1.4065726761333335,2
1769784903.0600176,2083.3333333333335,0.004017606572,0.0,0.0,1.0,5.499999999999999,1.4065726761333335,2
1769784903.0618973,2083.3333333333335,0.004017606572,0.0,0.0,1.0,5.499999999999999,1.4065726761333335,2
1769784903.0631816,2083.3333333333335,0.004017606572,0.0,0.0,1.0,5.499999999999999,1.4065726761333335,2
1769784903.0645523,2083.3333333333335,0.004017606572,0.0,0.0,1.0,5.499999999999999,1.4065726761333335,2
1769784903.0656826,2083.3333333333335,0.004017606572,0.0,0.0,1.0,5.499999999999999,1.4065726761333335,2
1769784903.0666926,2083.3333333333335,0.004017606572,0.0,0.0,1.0,5.499999999999999,1.4065726761333335,2
1769784903.0678961,2083.3333333333335,0.004017606572,0.0,0.0,1.0,5.499999999999999,1.4065726761333335,2
1769784903.069345,2083.3333333333335,0.004017606572,0.0,0.0,1.0,5.499999999999999,1.4065726761333335,2
1769784903.0705965,2083.3333333333335,0.004017606572,0.0,0.0,1.0,5.499999999999999,1.4065726761333335,2
1769784903.0718923,2083.3333333333335,0.004017606572,0.0,0.0,1.0,5.499999999999999,1.4065726761333335,2
1769784903.073141,2083.3333333333335,0.004017606572,0.0,0.0,1.0,5.499999999999999,1.4065726761333335,2
1769784903.0741947,2083.3333333333335,0.004017606572,0.0,0.0,1.0,5.499999999999999,1.4065726761333335,2
1769784903.0756207,2083.3333333333335,0.004017606572,0.0,0.0,1.0,5.499999999999999,1.4065726761333335,2
1769784903.0771573,2083.3333333333335,0.004017606572,0.0,0.0,1.0,5.499999999999999,1.4065726761333335,2
1769784903.0782924,2083.3333333333335,0.004017606572,0.0,0.0,1.0,5.499999999999999,1.4065726761333335,2
1769784903.0794132,2083.3333333333335,0.004017606572,0.0,0.0,1.0,5.499999999999999,1.4065726761333335,2
1769784903.080727,2083.3333333333335,0.004017606572,0.0,0.0,1.0,5.499999999999999,1.4065726761333335,2
1769784903.0817516,2083.3333333333335,0.004017606572,0.0,0.0,1.0,5.499999999999999,1.4065726761333335,2
1769784903.0827632,2083.3333333333335,0.004017606572,0.0,0.0,1.0,5.499999999999999,1.4065726761333335,2
1769784903.0838573,2083.3333333333335,0.004017606572,0.0,0.0,1.0,5.499999999999999,1.4065726761333335,2
1769784903.0849793,2083.3333333333335,0.004017606572,0.0,0.0,1.0,5.499999999999999,1.4065726761333335,2
1769784903.0864775,2083.3333333333335,0.004017606572,0.0,0.0,1.0,5.499999999999999,1.4065726761333335,2
1769784903.0877984,2083.3333333333335,0.004017606572,0.0,0.0,1.0,5.499999999999999,1.4065726761333335,2
1769784903.0890496,2083.3333333333335,0.004017606572,0.0,0.0,1.0,5.499999999999999,1.4065726761333335,2
1769784903.0901053,2083.3333333333335,0.004017606572,0.0,0.0,1.0,5.499999999999999,1.4065726761333335,2
1769784903.0911796,2083.3333333333335,0.004017606572,0.0,0.0,1.0,5.499999999999999,1.4065726761333335,2
1769784903.0921915,2083.3333333333335,0.004017606572,0.0,0.0,1.0,5.499999999999999,1.4065726761333335,2
1769784903.0932348,2083.3333333333335,0.004017606572,0.0,0.0,1.0,5.499999999999999,1.4065726761333335,2
1769784903.094542,2083.3333333333335,0.004017606572,0.0,0.0,1.0,5.499999999999999,1.4065726761333335,2
1769784903.0958683,2083.3333333333335,0.004017606572,0.0,0.0,1.0,5.499999999999999,1.4065726761333335,2
1769784903.096916,2083.3333333333335,0.004017606572,0.0,0.0,1.0,5.499999999999999,1.4065726761333335,2
1769784903.0979476,2083.3333333333335,0.004017606572,0.0,0.0,1.0,5.499999999999999,1.4065726761333335,2
1769784903.0989678,2083.3333333333335,0.004017606572,0.0,0.0,1.0,5.499999999999999,1.4065726761333335,2
1769784903.1001892,2083.3333333333335,0.004017606572,0.0,0.0,1.0,5.499999999999999,1.4065726761333335,2
1769784903.1012597,2083.3333333333335,0.004017606572,0.0,0.0,1.0,5.499999999999999,1.4065726761333335,2
1769784903.102489,2083.3333333333335,0.004017606572,0.0,0.0,1.0,5.499999999999999,1.4065726761333335,2
1769784903.1045086,2083.3333333333335,0.004017606572,0.0,0.0,1.0,5.499999999999999,1.4065726761333335,2
1769784903.107113,2083.3333333333335,0.004017606572,0.0,0.0,1.0,5.499999999999999,1.4065726761333335,2
1769784903.1086974,2083.3333333333335,0.004017606572,0.0,0.0,1.0,5.499999999999999,1.4065726761333335,2
1769784903.1105137,2083.3333333333335,0.004017606572,0.0,0.0,1.0,5.499999999999999,1.4065726761333335,2
1769784903.111886,2083.3333333333335,0.004017606572,0.0,0.0,1.0,5.499999999999999,1.4065726761333335,2
1769784903.113302,2083.3333333333335,0.004017606572,0.0,0.0,1.0,5.499999999999999,1.4065726761333335,2
1769784903.1146653,2083.3333333333335,0.004017606572,0.0,0.0,1.0,5.499999999999999,1.4065726761333335,2
1769784903.1166093,2083.3333333333335,0.004017606572,0.0,0.0,1.0,5.499999999999999,1.4065726761333335,2
1769784903.1189744,2083.3333333333335,0.004017606572,0.0,0.0,1.0,5.499999999999999,1.4065726761333335,2
1769784903.120648,2083.3333333333335,0.004017606572,0.0,0.0,1.0,5.499999999999999,1.4065726761333335,2
1769784903.1220045,2083.3333333333335,0.004017606572,0.0,0.0,1.0,5.499999999999999,1.4065726761333335,2
1769784903.1232054,2083.3333333333335,0.004017606572,0.0,0.0,1.0,5.499999999999999,1.4065726761333335,2
1769784903.124394,2083.3333333333335,0.004017606572,0.0,0.0,1.0,5.499999999999999,1.4065726761333335,2
1769784903.1255388,2083.3333333333335,0.004017606572,0.0,0.0,1.0,5.499999999999999,1.4065726761333335,2
1769784903.1272864,2083.3333333333335,0.004017606572,0.0,0.0,1.0,5.499999999999999,1.4065726761333335,2
1769784903.128721,2083.3333333333335,0.004017606572,0.0,0.0,1.0,5.499999999999999,1.4065726761333335,2
1769784903.129907,2083.3333333333335,0.004017606572,0.0,0.0,1.0,5.499999999999999,1.4065726761333335,2
1769784903.13097,2083.3333333333335,0.004017606572,0.0,0.0,1.0,5.499999999999999,1.4065726761333335,2
1769784903.1320865,2083.3333333333335,0.004017606572,0.0,0.0,1.0,5.499999999999999,1.4065726761333335,2
1769784903.1334043,2083.3333333333335,0.004017606572,0.0,0.0,1.0,5.499999999999999,1.4065726761333335,2
1769784903.1344707,2083.3333333333335,0.004017606572,0.0,0.0,1.0,5.499999999999999,1.4065726761333335,2
1769784903.1359155,2083.3333333333335,0.004017606572,0.0,0.0,1.0,5.499999999999999,1.4065726761333335,2
1769784903.1370804,2083.3333333333335,0.004017606572,0.0,0.0,1.0,5.499999999999999,1.4065726761333335,2
1769784903.1380672,2083.3333333333335,0.004017606572,0.0,0.0,1.0,5.499999999999999,1.4065726761333335,2
1769784903.139104,2083.3333333333335,0.004017606572,0.0,0.0,1.0,5.499999999999999,1.4065726761333335,2
1769784903.1403797,2083.3333333333335,0.004017606572,0.0,0.0,1.0,5.499999999999999,1.4065726761333335,2
1769784903.1414165,2083.3333333333335,0.004017606572,0.0,0.0,1.0,5.499999999999999,1.4065726761333335,2
1769784903.1424937,2083.3333333333335,0.004017606572,0.0,0.0,1.0,5.499999999999999,1.4065726761333335,2
1769784903.143993,2083.3333333333335,0.004017606572,0.0,0.0,1.0,5.499999999999999,1.4065726761333335,2
1769784903.145253,2083.3333333333335,0.004017606572,0.0,0.0,1.0,5.499999999999999,1.4065726761333335,2
1769784903.1465952,2083.3333333333335,0.004017606572,0.0,0.0,1.0,5.499999999999999,1.4065726761333335,2
1769784903.1477635,2083.3333333333335,0.004017606572,0.0,0.0,1.0,5.499999999999999,1.4065726761333335,2
1769784903.148792,2083.3333333333335,0.004017606572,0.0,0.0,1.0,5.499999999999999,1.4065726761333335,2
1769784903.149832,2083.3333333333335,0.004017606572,0.0,0.0,1.0,5.499999999999999,1.4065726761333335,2
1769784903.1508467,2083.3333333333335,0.004017606572,0.0,0.0,1.0,5.499999999999999,1.4065726761333335,2
1769784903.1524265,2083.3333333333335,0.004017606572,0.0,0.0,1.0,5.499999999999999,1.4065726761333335,2
1769784903.1537108,2083.3333333333335,0.004017606572,0.0,0.0,1.0,5.499999999999999,1.4065726761333335,2
1769784903.154738,2083.3333333333335,0.004017606572,0.0,0.0,1.0,5.499999999999999,1.4065726761333335,2
1769784903.1558483,2083.3333333333335,0.004017606572,0.0,0.0,1.0,5.499999999999999,1.4065726761333335,2
1769784903.156899,2083.3333333333335,0.004017606572,0.0,0.0,1.0,5.499999999999999,1.4065726761333335,2
1769784903.1579316,2083.3333333333335,0.004017606572,0.0,0.0,1.0,5.499999999999999,1.4065726761333335,2
1769784903.158989,2083.3333333333335,0.004017606572,0.0,0.0,1.0,5.499999999999999,1.4065726761333335,2
1769784903.1602466,2083.3333333333335,0.004017606572,0.0,0.0,1.0,5.499999999999999,1.4065726761333335,2
1769784903.1615813,2083.3333333333335,0.004017606572,0.0,0.0,1.0,5.499999999999999,1.4065726761333335,2
1769784903.1626072,2083.3333333333335,0.004017606572,0.0,0.0,1.0,5.499999999999999,1.4065726761333335,2
1769784903.1637902,2083.3333333333335,0.004017606572,0.0,0.0,1.0,5.499999999999999,1.4065726761333335,2
1769784903.1648254,2083.3333333333335,0.004017606572,0.0,0.0,1.0,5.499999999999999,1.4065726761333335,2
1769784903.165854,2083.3333333333335,0.004017606572,0.0,0.0,1.0,5.499999999999999,1.4065726761333335,2
1769784903.166909,2083.3333333333335,0.004017606572,0.0,0.0,1.0,5.499999999999999,1.4065726761333335,2
1769784903.1691334,2083.3333333333335,0.004017606572,0.0,0.0,1.0,5.499999999999999,1.4065726761333335,2
1769784903.1704535,2083.3333333333335,0.004017606572,0.0,0.0,1.0,5.499999999999999,1.4065726761333335,2
1769784903.1715696,2083.3333333333335,0.004017606572,0.0,0.0,1.0,5.499999999999999,1.4065726761333335,2
1769784903.1726382,2083.3333333333335,0.004017606572,0.0,0.0,1.0,5.499999999999999,1.4065726761333335,2
1769784903.1736999,2083.3333333333335,0.004017606572,0.0,0.0,1.0,5.499999999999999,1.4065726761333335,2
1769784903.1748912,2083.3333333333335,0.004017606572,0.0,0.0,1.0,5.499999999999999,1.4065726761333335,2
1769784903.1760235,2083.3333333333335,0.004017606572,0.0,0.0,1.0,5.499999999999999,1.4065726761333335,2
1769784903.177265,2083.3333333333335,0.004017606572,0.0,0.0,1.0,5.499999999999999,1.4065726761333335,2
1769784903.178877,2083.3333333333335,0.004017606572,0.0,0.0,1.0,5.499999999999999,1.4065726761333335,2
1769784903.180368,2083.3333333333335,0.004017606572,0.0,0.0,1.0,5.499999999999999,1.4065726761333335,2
1769784903.182046,2083.3333333333335,0.004017606572,0.0,0.0,1.0,5.499999999999999,1.4065726761333335,2
1769784903.1837718,2083.3333333333335,0.004017606572,0.0,0.0,1.0,5.499999999999999,1.4065726761333335,2
1769784903.185549,2083.3333333333335,0.004017606572,0.0,0.0,1.0,5.499999999999999,1.4065726761333335,2
1769784903.186906,2083.3333333333335,0.004017606572,0.0,0.0,1.0,5.499999999999999,1.4065726761333335,2
1769784903.267333,2000.0,0.004320792407,0.0,0.0,1.0,10.0,1.0679207593,2
1769784903.269801,2000.0000000000002,0.004320792407,0.0,0.0,1.0,5.499999999999999,1.2929207593000005,2
1769784903.2733452,2000.0000000000002,0.004320792407,0.0,0.0,1.0,5.499999999999999,1.2929207593000005,2
1769784903.2761056,2000.0000000000002,0.004320792407,0.0,0.0,1.0,5.499999999999999,1.2929207593000005,2
1769784903.279639,2000.0000000000002,0.004320792407,0.0,0.0,1.0,5.499999999999999,1.2929207593000005,2
1769784903.281455,2000.0000000000002,0.004320792407,0.0,0.0,1.0,5.499999999999999,1.2929207593000005,2
1769784903.283455,2000.0000000000002,0.004320792407,0.0,0.0,1.0,5.499999999999999,1.2929207593000005,2
1769784903.2854164,2000.0000000000002,0.004320792407,0.0,0.0,1.0,5.499999999999999,1.2929207593000005,2
1769784903.287533,2000.0000000000002,0.004320792407,0.0,0.0,1.0,5.499999999999999,1.2929207593000005,2
1769784903.289362,2000.0000000000002,0.004320792407,0.0,0.0,1.0,5.499999999999999,1.2929207593000005,2
1769784903.2914474,2000.0000000000002,0.004320792407,0.0,0.0,1.0,5.499999999999999,1.2929207593000005,2
1769784903.293337,2000.0000000000002,0.004320792407,0.0,0.0,1.0,5.499999999999999,1.2929207593000005,2
1769784903.2954125,2000.0000000000002,0.004320792407,0.0,0.0,1.0,5.499999999999999,1.2929207593000005,2
1769784903.2973442,2000.0000000000002,0.004320792407,0.0,0.0,1.0,5.499999999999999,1.2929207593000005,2
1769784903.2993362,2000.0000000000002,0.004320792407,0.0,0.0,1.0,5.499999999999999,1.2929207593000005,2
1769784903.3009663,2000.0000000000002,0.004320792407,0.0,0.0,1.0,5.499999999999999,1.2929207593000005,2
1769784903.3030639,2000.0000000000002,0.004320792407,0.0,0.0,1.0,5.499999999999999,1.2929207593000005,2
1769784903.3049917,2000.0000000000002,0.004320792407,0.0,0.0,1.0,5.499999999999999,1.2929207593000005,2
1769784903.3070335,2000.0000000000002,0.004320792407,0.0,0.0,1.0,5.499999999999999,1.2929207593000005,2
1769784903.3090463,2000.0000000000002,0.004320792407,0.0,0.0,1.0,5.499999999999999,1.2929207593000005,2
1769784903.3111174,2000.0000000000002,0.004320792407,0.0,0.0,1.0,5.499999999999999,1.2929207593000005,2
1769784903.3128092,2000.0000000000002,0.004320792407,0.0,0.0,1.0,5.499999999999999,1.2929207593000005,2
1769784903.3144805,2000.0000000000002,0.004320792407,0.0,0.0,1.0,5.499999999999999,1.2929207593000005,2
1769784903.3161976,2000.0000000000002,0.004320792407,0.0,0.0,1.0,5.499999999999999,1.2929207593000005,2
1769784903.317829,2000.0000000000002,0.004320792407,0.0,0.0,1.0,5.499999999999999,1.2929207593000005,2
1769784903.320064,2000.0000000000002,0.004320792407,0.0,0.0,1.0,5.499999999999999,1.2929207593000005,2
1769784903.321744,2000.0000000000002,0.004320792407,0.0,0.0,1.0,5.499999999999999,1.2929207593000005,2
1769784903.3240767,2000.0000000000002,0.004320792407,0.0,0.0,1.0,5.499999999999999,1.2929207593000005,2
1769784903.3256078,2000.0000000000002,0.004320792407,0.0,0.0,1.0,5.499999999999999,1.2929207593000005,2
1769784903.3278668,2000.0000000000002,0.004320792407,0.0,0.0,1.0,5.499999999999999,1.2929207593000005,2
1769784903.329048,2000.0000000000002,0.004320792407,0.0,0.0,1.0,5.499999999999999,1.2929207593000005,2
1769784903.3305497,2000.0000000000002,0.004320792407,0.0,0.0,1.0,5.499999999999999,1.2929207593000005,2
1769784903.3320136,2000.0000000000002,0.004320792407,0.0,0.0,1.0,5.499999999999999,1.2929207593000005,2
1769784903.33333,2000.0000000000002,0.004320792407,0.0,0.0,1.0,5.499999999999999,1.2929207593000005,2
1769784903.3347478,2000.0000000000002,0.004320792407,0.0,0.0,1.0,5.499999999999999,1.2929207593000005,2
1769784903.3366199,2000.0000000000002,0.004320792407,0.0,0.0,1.0,5.499999999999999,1.2929207593000005,2
1769784903.3380253,2000.0000000000002,0.004320792407,0.0,0.0,1.0,5.499999999999999,1.2929207593000005,2
1769784903.3396907,2000.0000000000002,0.004320792407,0.0,0.0,1.0,5.499999999999999,1.2929207593000005,2
1769784903.3410747,2000.0000000000002,0.004320792407,0.0,0.0,1.0,5.499999999999999,1.2929207593000005,2
1769784903.3437035,2000.0000000000002,0.004320792407,0.0,0.0,1.0,5.499999999999999,1.2929207593000005,2
1769784903.3451502,2000.0000000000002,0.004320792407,0.0,0.0,1.0,5.499999999999999,1.2929207593000005,2
1769784903.3466113,2000.0000000000002,0.004320792407,0.0,0.0,1.0,5.499999999999999,1.2929207593000005,2
1769784903.3479815,2000.0000000000002,0.004320792407,0.0,0.0,1.0,5.499999999999999,1.2929207593000005,2
1769784903.3495908,2000.0000000000002,0.004320792407,0.0,0.0,1.0,5.499999999999999,1.2929207593000005,2
1769784903.3509164,2000.0000000000002,0.004320792407,0.0,0.0,1.0,5.499999999999999,1.2929207593000005,2
1769784903.352458,2000.0000000000002,0.004320792407,0.0,0.0,1.0,5.499999999999999,1.2929207593000005,2
1769784903.3544686,2000.0000000000002,0.004320792407,0.0,0.0,1.0,5.499999999999999,1.2929207593000005,2
1769784903.3570786,2000.0000000000002,0.004320792407,0.0,0.0,1.0,5.499999999999999,1.2929207593000005,2
1769784903.3592355,2000.0000000000002,0.004320792407,0.0,0.0,1.0,5.499999999999999,1.2929207593000005,2
1769784903.3615718,2000.0000000000002,0.004320792407,0.0,0.0,1.0,5.499999999999999,1.2929207593000005,2
1769784903.3632343,2000.0000000000002,0.004320792407,0.0,0.0,1.0,5.499999999999999,1.2929207593000005,2
1769784903.3650804,2000.0000000000002,0.004320792407,0.0,0.0,1.0,5.499999999999999,1.2929207593000005,2
1769784903.366612,2000.0000000000002,0.004320792407,0.0,0.0,1.0,5.499999999999999,1.2929207593000005,2
1769784903.3680408,2000.0000000000002,0.004320792407,0.0,0.0,1.0,5.499999999999999,1.2929207593000005,2
1769784903.3702326,2000.0000000000002,0.004320792407,0.0,0.0,1.0,5.499999999999999,1.2929207593000005,2
1769784903.3716981,2000.0000000000002,0.004320792407,0.0,0.0,1.0,5.499999999999999,1.2929207593000005,2
1769784903.3728702,2000.0000000000002,0.004320792407,0.0,0.0,1.0,5.499999999999999,1.2929207593000005,2
1769784903.3741715,2000.0000000000002,0.004320792407,0.0,0.0,1.0,5.499999999999999,1.2929207593000005,2
1769784903.3756163,2000.0000000000002,0.004320792407,0.0,0.0,1.0,5.499999999999999,1.2929207593000005,2
1769784903.3772986,2000.0000000000002,0.004320792407,0.0,0.0,1.0,5.499999999999999,1.2929207593000005,2
1769784903.378644,2000.0000000000002,0.004320792407,0.0,0.0,1.0,5.499999999999999,1.2929207593000005,2
1769784903.380069,2000.0000000000002,0.004320792407,0.0,0.0,1.0,5.499999999999999,1.2929207593000005,2
1769784903.3814068,2000.0000000000002,0.004320792407,0.0,0.0,1.0,5.499999999999999,1.2929207593000005,2
1769784903.3826823,2000.0000000000002,0.004320792407,0.0,0.0,1.0,5.499999999999999,1.2929207593000005,2
1769784903.384436,2000.0000000000002,0.004320792407,0.0,0.0,1.0,5.499999999999999,1.2929207593000005,2
1769784903.3864796,2000.0000000000002,0.004320792407,0.0,0.0,1.0,5.499999999999999,1.2929207593000005,2
1769784903.390287,2000.0000000000002,0.004320792407,0.0,0.0,1.0,5.499999999999999,1.2929207593000005,2
1769784903.3916318,2000.0000000000002,0.004320792407,0.0,0.0,1.0,5.499999999999999,1.2929207593000005,2
1769784903.3929667,2000.0000000000002,0.004320792407,0.0,0.0,1.0,5.499999999999999,1.2929207593000005,2
1769784903.3945823,2000.0000000000002,0.004320792407,0.0,0.0,1.0,5.499999999999999,1.2929207593000005,2
1769784903.395969,2000.0000000000002,0.004320792407,0.0,0.0,1.0,5.499999999999999,1.2929207593000005,2
1769784903.3972628,2000.0000000000002,0.004320792407,0.0,0.0,1.0,5.499999999999999,1.2929207593000005,2
1769784903.3986633,2000.0000000000002,0.004320792407,0.0,0.0,1.0,5.499999999999999,1.2929207593000005,2
1769784903.400058,2000.0000000000002,0.004320792407,0.0,0.0,1.0,5.499999999999999,1.2929207593000005,2
1769784903.401352,2000.0000000000002,0.004320792407,0.0,0.0,1.0,5.499999999999999,1.2929207593000005,2
1769784903.4034636,2000.0000000000002,0.004320792407,0.0,0.0,1.0,5.499999999999999,1.2929207593000005,2
1769784903.40638,2000.0000000000002,0.004320792407,0.0,0.0,1.0,5.499999999999999,1.2929207593000005,2
1769784903.4079025,2000.0000000000002,0.004320792407,0.0,0.0,1.0,5.499999999999999,1.2929207593000005,2
1769784903.4093106,2000.0000000000002,0.004320792407,0.0,0.0,1.0,5.499999999999999,1.2929207593000005,2
1769784903.4105382,2000.0000000000002,0.004320792407,0.0,0.0,1.0,5.499999999999999,1.2929207593000005,2
1769784903.4120622,2000.0000000000002,0.004320792407,0.0,0.0,1.0,5.499999999999999,1.2929207593000005,2
1769784903.4134955,2000.0000000000002,0.004320792407,0.0,0.0,1.0,5.499999999999999,1.2929207593000005,2
1769784903.4146187,2000.0000000000002,0.004320792407,0.0,0.0,1.0,5.499999999999999,1.2929207593000005,2
1769784903.4158974,2000.0000000000002,0.004320792407,0.0,0.0,1.0,5.499999999999999,1.2929207593000005,2
1769784903.417049,2000.0000000000002,0.004320792407,0.0,0.0,1.0,5.499999999999999,1.2929207593000005,2
1769784903.4189317,2000.0000000000002,0.004320792407,0.0,0.0,1.0,5.499999999999999,1.2929207593000005,2
1769784903.4202445,2000.0000000000002,0.004320792407,0.0,0.0,1.0,5.499999999999999,1.2929207593000005,2
1769784903.421699,2000.0000000000002,0.004320792407,0.0,0.0,1.0,5.499999999999999,1.2929207593000005,2
1769784903.4228642,2000.0000000000002,0.004320792407,0.0,0.0,1.0,5.499999999999999,1.2929207593000005,2
1769784903.4239438,2000.0000000000002,0.004320792407,0.0,0.0,1.0,5.499999999999999,1.2929207593000005,2
1769784903.4249434,2000.0000000000002,0.004320792407,0.0,0.0,1.0,5.499999999999999,1.2929207593000005,2
1769784903.4259028,2000.0000000000002,0.004320792407,0.0,0.0,1.0,5.499999999999999,1.2929207593000005,2
1769784903.4274113,2000.0000000000002,0.004320792407,0.0,0.0,1.0,5.499999999999999,1.2929207593000005,2
1769784903.4287627,2000.0000000000002,0.004320792407,0.0,0.0,1.0,5.499999999999999,1.2929207593000005,2
1769784903.4298334,2000.0000000000002,0.004320792407,0.0,0.0,1.0,5.499999999999999,1.2929207593000005,2
1769784903.4308767,2000.0000000000002,0.004320792407,0.0,0.0,1.0,5.499999999999999,1.2929207593000005,2
1769784903.4320328,2000.0000000000002,0.004320792407,0.0,0.0,1.0,5.499999999999999,1.2929207593000005,2
1769784903.433495,2000.0000000000002,0.004320792407,0.0,0.0,1.0,5.499999999999999,1.2929207593000005,2
1769784903.4359896,2000.0000000000002,0.004320792407,0.0,0.0,1.0,5.499999999999999,1.2929207593000005,2
1769784903.4375496,2000.0000000000002,0.004320792407,0.0,0.0,1.0,5.499999999999999,1.2929207593000005,2
1769784903.4386504,2000.0000000000002,0.004320792407,0.0,0.0,1.0,5.499999999999999,1.2929207593000005,2
1769784903.4398084,2000.0000000000002,0.004320792407,0.0,0.0,1.0,5.499999999999999,1.2929207593000005,2
1769784903.4408586,2000.0000000000002,0.004320792407,0.0,0.0,1.0,5.499999999999999,1.2929207593000005,2
1769784903.4418566,2000.0000000000002,0.004320792407,0.0,0.0,1.0,5.499999999999999,1.2929207593000005,2
1769784903.442892,2000.0000000000002,0.004320792407,0.0,0.0,1.0,5.499999999999999,1.2929207593000005,2
1769784903.4444528,2000.0000000000002,0.004320792407,0.0,0.0,1.0,5.499999999999999,1.2929207593000005,2
1769784903.4455383,2000.0000000000002,0.004320792407,0.0,0.0,1.0,5.499999999999999,1.2929207593000005,2
1769784903.4465718,2000.0000000000002,0.004320792407,0.0,0.0,1.0,5.499999999999999,1.2929207593000005,2
1769784903.4476824,2000.0000000000002,0.004320792407,0.0,0.0,1.0,5.499999999999999,1.2929207593000005,2
1769784903.448925,2000.0000000000002,0.004320792407,0.0,0.0,1.0,5.499999999999999,1.2929207593000005,2
1769784903.450019,2000.0000000000002,0.004320792407,0.0,0.0,1.0,5.499999999999999,1.2929207593000005,2
1769784903.4510558,2000.0000000000002,0.004320792407,0.0,0.0,1.0,5.499999999999999,1.2929207593000005,2
1769784903.4521964,2000.0000000000002,0.004320792407,0.0,0.0,1.0,5.499999999999999,1.2929207593000005,2
1769784903.453277,2000.0000000000002,0.004320792407,0.0,0.0,1.0,5.499999999999999,1.2929207593000005,2
1769784903.4543102,2000.0000000000002,0.004320792407,0.0,0.0,1.0,5.499999999999999,1.2929207593000005,2
1769784903.4552722,2000.0000000000002,0.004320792407,0.0,0.0,1.0,5.499999999999999,1.2929207593000005,2
1769784903.4565346,2000.0000000000002,0.004320792407,0.0,0.0,1.0,5.499999999999999,1.2929207593000005,2
1769784903.457575,2000.0000000000002,0.004320792407,0.0,0.0,1.0,5.499999999999999,1.2929207593000005,2
1769784903.458607,2000.0000000000002,0.004320792407,0.0,0.0,1.0,5.499999999999999,1.2929207593000005,2
1769784903.4599528,2000.0000000000002,0.004320792407,0.0,0.0,1.0,5.499999999999999,1.2929207593000005,2
1769784903.4613922,2000.0000000000002,0.004320792407,0.0,0.0,1.0,5.499999999999999,1.2929207593000005,2
1769784903.4624588,2000.0000000000002,0.004320792407,0.0,0.0,1.0,5.499999999999999,1.2929207593000005,2
1769784903.463634,2000.0000000000002,0.004320792407,0.0,0.0,1.0,5.499999999999999,1.2929207593000005,2
1769784903.4649134,2000.0000000000002,0.004320792407,0.0,0.0,1.0,5.499999999999999,1.2929207593000005,2
1769784903.4659467,2000.0000000000002,0.004320792407,0.0,0.0,1.0,5.499999999999999,1.2929207593000005,2
1769784903.46698,2000.0000000000002,0.004320792407,0.0,0.0,1.0,5.499999999999999,1.2929207593000005,2
1769784903.4680338,2000.0000000000002,0.004320792407,0.0,0.0,1.0,5.499999999999999,1.2929207593000005,2
1769784903.4694223,2000.0000000000002,0.004320792407,0.0,0.0,1.0,5.499999999999999,1.2929207593000005,2
1769784903.47057,2000.0000000000002,0.004320792407,0.0,0.0,1.0,5.499999999999999,1.2929207593000005,2
1769784903.4716964,2000.0000000000002,0.004320792407,0.0,0.0,1.0,5.499999999999999,1.2929207593000005,2
1769784903.4727166,2000.0000000000002,0.004320792407,0.0,0.0,1.0,5.499999999999999,1.2929207593000005,2
1769784903.4738004,2000.0000000000002,0.004320792407,0.0,0.0,1.0,5.499999999999999,1.2929207593000005,2
1769784903.4748235,2000.0000000000002,0.004320792407,0.0,0.0,1.0,5.499999999999999,1.2929207593000005,2
1769784903.4759088,2000.0000000000002,0.004320792407,0.0,0.0,1.0,5.499999999999999,1.2929207593000005,2
1769784903.4774377,2000.0000000000002,0.004320792407,0.0,0.0,1.0,5.499999999999999,1.2929207593000005,2
1769784903.4785235,2000.0000000000002,0.004320792407,0.0,0.0,1.0,5.499999999999999,1.2929207593000005,2
1769784903.4806,2000.0000000000002,0.004320792407,0.0,0.0,1.0,5.499999999999999,1.2929207593000005,2
1769784903.482513,2000.0000000000002,0.004320792407,0.0,0.0,1.0,5.499999999999999,1.2929207593000005,2
1769784903.4843953,2000.0000000000002,0.004320792407,0.0,0.0,1.0,5.499999999999999,1.2929207593000005,2
1769784903.4864504,2000.0000000000002,0.004320792407,0.0,0.0,1.0,5.499999999999999,1.2929207593000005,2
1769784903.487769,2000.0000000000002,0.004320792407,0.0,0.0,1.0,5.499999999999999,1.2929207593000005,2
1769784903.489112,2000.0000000000002,0.004320792407,0.0,0.0,1.0,5.499999999999999,1.2929207593000005,2
1769784903.4906614,2000.0000000000002,0.004320792407,0.0,0.0,1.0,5.499999999999999,1.2929207593000005,2
1769784903.4923465,2000.0000000000002,0.004320792407,0.0,0.0,1.0,5.499999999999999,1.2929207593000005,2
1769784903.4939775,2000.0000000000002,0.004320792407,0.0,0.0,1.0,5.499999999999999,1.2929207593000005,2
1769784903.4950578,2000.0000000000002,0.004320792407,0.0,0.0,1.0,5.499999999999999,1.2929207593000005,2
1769784903.4970639,2000.0000000000002,0.004320792407,0.0,0.0,1.0,5.499999999999999,1.2929207593000005,2
1769784903.498307,2000.0000000000002,0.004320792407,0.0,0.0,1.0,5.499999999999999,1.2929207593000005,2
1769784903.4994032,2000.0000000000002,0.004320792407,0.0,0.0,1.0,5.499999999999999,1.2929207593000005,2
1769784903.5004723,2000.0000000000002,0.004320792407,0.0,0.0,1.0,5.499999999999999,1.2929207593000005,2
1769784903.5015867,2000.0000000000002,0.004320792407,0.0,0.0,1.0,5.499999999999999,1.2929207593000005,2
1769784903.5030968,2000.0000000000002,0.004320792407,0.0,0.0,1.0,5.499999999999999,1.2929207593000005,2
1769784903.5045085,2000.0000000000002,0.004320792407,0.0,0.0,1.0,5.499999999999999,1.2929207593000005,2
1769784903.5055583,2000.0000000000002,0.004320792407,0.0,0.0,1.0,5.499999999999999,1.2929207593000005,2
1769784903.5065732,2000.0000000000002,0.004320792407,0.0,0.0,1.0,5.499999999999999,1.2929207593000005,2
1769784903.50771,2000.0000000000002,0.004320792407,0.0,0.0,1.0,5.499999999999999,1.2929207593000005,2
1769784903.5087833,2000.0000000000002,0.004320792407,0.0,0.0,1.0,5.499999999999999,1.2929207593000005,2
1769784903.510165,2000.0000000000002,0.004320792407,0.0,0.0,1.0,5.499999999999999,1.2929207593000005,2
1769784903.5117779,2000.0000000000002,0.004320792407,0.0,0.0,1.0,5.499999999999999,1.2929207593000005,2
1769784903.5128982,2000.0000000000002,0.004320792407,0.0,0.0,1.0,5.499999999999999,1.2929207593000005,2
1769784903.5139496,2000.0000000000002,0.004320792407,0.0,0.0,1.0,5.499999999999999,1.2929207593000005,2
1769784903.5150156,2000.0000000000002,0.004320792407,0.0,0.0,1.0,5.499999999999999,1.2929207593000005,2
1769784903.5160778,2000.0000000000002,0.004320792407,0.0,0.0,1.0,5.499999999999999,1.2929207593000005,2
1769784903.5170949,2000.0000000000002,0.004320792407,0.0,0.0,1.0,5.499999999999999,1.2929207593000005,2
1769784903.5184221,2000.0000000000002,0.004320792407,0.0,0.0,1.0,5.499999999999999,1.2929207593000005,2
1769784903.5199919,2000.0000000000002,0.004320792407,0.0,0.0,1.0,5.499999999999999,1.2929207593000005,2
1769784903.521035,2000.0000000000002,0.004320792407,0.0,0.0,1.0,5.499999999999999,1.2929207593000005,2
1769784903.522071,2000.0000000000002,0.004320792407,0.0,0.0,1.0,5.499999999999999,1.2929207593000005,2
1769784903.523123,2000.0000000000002,0.004320792407,0.0,0.0,1.0,5.499999999999999,1.2929207593000005,2
1769784903.524128,2000.0000000000002,0.004320792407,0.0,0.0,1.0,5.499999999999999,1.2929207593000005,2
1769784903.5251553,2000.0000000000002,0.004320792407,0.0,0.0,1.0,5.499999999999999,1.2929207593000005,2
1769784903.5261958,2000.0000000000002,0.004320792407,0.0,0.0,1.0,5.499999999999999,1.2929207593000005,2
1769784903.5280237,2000.0000000000002,0.004320792407,0.0,0.0,1.0,5.499999999999999,1.2929207593000005,2
1769784903.5299754,2000.0000000000002,0.004320792407,0.0,0.0,1.0,5.499999999999999,1.2929207593000005,2
1769784903.5317008,2000.0000000000002,0.004320792407,0.0,0.0,1.0,5.499999999999999,1.2929207593000005,2
1769784903.5327814,2000.0000000000002,0.004320792407,0.0,0.0,1.0,5.499999999999999,1.2929207593000005,2
1769784903.5338063,2000.0000000000002,0.004320792407,0.0,0.0,1.0,5.499999999999999,1.2929207593000005,2
1769784903.5350375,2000.0000000000002,0.004320792407,0.0,0.0,1.0,5.499999999999999,1.2929207593000005,2
1769784903.5363634,2000.0000000000002,0.004320792407,0.0,0.0,1.0,5.499999999999999,1.2929207593000005,2
1769784903.5378392,2000.0000000000002,0.004320792407,0.0,0.0,1.0,5.499999999999999,1.2929207593000005,2
1769784903.5389483,2000.0000000000002,0.004320792407,0.0,0.0,1.0,5.499999999999999,1.2929207593000005,2
1769784903.54014,2000.0000000000002,0.004320792407,0.0,0.0,1.0,5.499999999999999,1.2929207593000005,2
1769784903.541563,2000.0000000000002,0.004320792407,0.0,0.0,1.0,5.499999999999999,1.2929207593000005,2
1769784903.5430336,2000.0000000000002,0.004320792407,0.0,0.0,1.0,5.499999999999999,1.2929207593000005,2
1769784903.5446002,2000.0000000000002,0.004320792407,0.0,0.0,1.0,5.499999999999999,1.2929207593000005,2
1769784903.5459926,2000.0000000000002,0.004320792407,0.0,0.0,1.0,5.499999999999999,1.2929207593000005,2
1769784903.5470412,2000.0000000000002,0.004320792407,0.0,0.0,1.0,5.499999999999999,1.2929207593000005,2
1769784903.5491266,2000.0000000000002,0.004320792407,0.0,0.0,1.0,5.499999999999999,1.2929207593000005,2
1769784903.5501864,2000.0000000000002,0.004320792407,0.0,0.0,1.0,5.499999999999999,1.2929207593000005,2
1769784903.551451,2000.0000000000002,0.004320792407,0.0,0.0,1.0,5.499999999999999,1.2929207593000005,2
1769784903.5527263,2000.0000000000002,0.004320792407,0.0,0.0,1.0,5.499999999999999,1.2929207593000005,2
1769784903.5538328,2000.0000000000002,0.004320792407,0.0,0.0,1.0,5.499999999999999,1.2929207593000005,2
1769784903.554859,2000.0000000000002,0.004320792407,0.0,0.0,1.0,5.499999999999999,1.2929207593000005,2
1769784903.5558631,2000.0000000000002,0.004320792407,0.0,0.0,1.0,5.499999999999999,1.2929207593000005,2
1769784903.5568326,2000.0000000000002,0.004320792407,0.0,0.0,1.0,5.499999999999999,1.2929207593000005,2
1769784903.557801,2000.0000000000002,0.004320792407,0.0,0.0,1.0,5.499999999999999,1.2929207593000005,2
1769784903.558837,2000.0000000000002,0.004320792407,0.0,0.0,1.0,5.499999999999999,1.2929207593000005,2
1769784903.5621264,2000.0000000000002,0.004320792407,0.0,0.0,1.0,5.499999999999999,1.2929207593000005,2
1769784903.5641937,2000.0000000000002,0.004320792407,0.0,0.0,1.0,5.499999999999999,1.2929207593000005,2
1769784903.566143,2000.0000000000002,0.004320792407,0.0,0.0,1.0,5.499999999999999,1.2929207593000005,2
1769784903.658997,2272.727272727273,0.0040701177219999995,0.0,0.0,1.0,10.0,1.365715500527273,2
1769784903.6615977,2272.727272727273,0.0040701177219999995,0.0,0.0,1.0,5.499999999999999,1.590715500527273,2
1769784903.6642826,2272.727272727273,0.0040701177219999995,0.0,0.0,1.0,5.499999999999999,1.590715500527273,2
1769784903.66567,2272.727272727273,0.0040701177219999995,0.0,0.0,1.0,5.499999999999999,1.590715500527273,2
1769784903.666866,2272.727272727273,0.0040701177219999995,0.0,0.0,1.0,5.499999999999999,1.590715500527273,2
1769784903.6692066,2272.727272727273,0.0040701177219999995,0.0,0.0,1.0,5.499999999999999,1.590715500527273,2
1769784903.671236,2272.727272727273,0.0040701177219999995,0.0,0.0,1.0,5.499999999999999,1.590715500527273,2
1769784903.6724696,2272.727272727273,0.0040701177219999995,0.0,0.0,1.0,5.499999999999999,1.590715500527273,2
1769784903.6735485,2272.727272727273,0.0040701177219999995,0.0,0.0,1.0,5.499999999999999,1.590715500527273,2
1769784903.674581,2272.727272727273,0.0040701177219999995,0.0,0.0,1.0,5.499999999999999,1.590715500527273,2
1769784903.675732,2272.727272727273,0.0040701177219999995,0.0,0.0,1.0,5.499999999999999,1.590715500527273,2
1769784903.6776056,2272.727272727273,0.0040701177219999995,0.0,0.0,1.0,5.499999999999999,1.590715500527273,2
1769784903.679822,2272.727272727273,0.0040701177219999995,0.0,0.0,1.0,5.499999999999999,1.590715500527273,2
1769784903.6817434,2272.727272727273,0.0040701177219999995,0.0,0.0,1.0,5.499999999999999,1.590715500527273,2
1769784903.683435,2272.727272727273,0.0040701177219999995,0.0,0.0,1.0,5.499999999999999,1.590715500527273,2
1769784903.6860955,2272.727272727273,0.0040701177219999995,0.0,0.0,1.0,5.499999999999999,1.590715500527273,2
1769784903.6875937,2272.727272727273,0.0040701177219999995,0.0,0.0,1.0,5.499999999999999,1.590715500527273,2
1769784903.6888142,2272.727272727273,0.0040701177219999995,0.0,0.0,1.0,5.499999999999999,1.590715500527273,2
1769784903.6903238,2272.727272727273,0.0040701177219999995,0.0,0.0,1.0,5.499999999999999,1.590715500527273,2
1769784903.691843,2272.727272727273,0.0040701177219999995,0.0,0.0,1.0,5.499999999999999,1.590715500527273,2
1769784903.6931274,2272.727272727273,0.0040701177219999995,0.0,0.0,1.0,5.499999999999999,1.590715500527273,2
1769784903.695804,2272.727272727273,0.0040701177219999995,0.0,0.0,1.0,5.499999999999999,1.590715500527273,2
1769784903.697235,2272.727272727273,0.0040701177219999995,0.0,0.0,1.0,5.499999999999999,1.590715500527273,2
1769784903.6983557,2272.727272727273,0.0040701177219999995,0.0,0.0,1.0,5.499999999999999,1.590715500527273,2
1769784903.6997373,2272.727272727273,0.0040701177219999995,0.0,0.0,1.0,5.499999999999999,1.590715500527273,2
1769784903.701089,2272.727272727273,0.0040701177219999995,0.0,0.0,1.0,5.499999999999999,1.590715500527273,2
1769784903.7027695,2272.727272727273,0.0040701177219999995,0.0,0.0,1.0,5.499999999999999,1.590715500527273,2
1769784903.7042723,2272.727272727273,0.0040701177219999995,0.0,0.0,1.0,5.499999999999999,1.590715500527273,2
1769784903.7059124,2272.727272727273,0.0040701177219999995,0.0,0.0,1.0,5.499999999999999,1.590715500527273,2
1769784903.7073405,2272.727272727273,0.0040701177219999995,0.0,0.0,1.0,5.499999999999999,1.590715500527273,2
1769784903.7087173,2272.727272727273,0.0040701177219999995,0.0,0.0,1.0,5.499999999999999,1.590715500527273,2
1769784903.71063,2272.727272727273,0.0040701177219999995,0.0,0.0,1.0,5.499999999999999,1.590715500527273,2
1769784903.7125688,2272.727272727273,0.0040701177219999995,0.0,0.0,1.0,5.499999999999999,1.590715500527273,2
1769784903.715006,2272.727272727273,0.0040701177219999995,0.0,0.0,1.0,5.499999999999999,1.590715500527273,2
1769784903.7184284,2272.727272727273,0.0040701177219999995,0.0,0.0,1.0,5.499999999999999,1.590715500527273,2
1769784903.7201126,2272.727272727273,0.0040701177219999995,0.0,0.0,1.0,5.499999999999999,1.590715500527273,2
1769784903.7215567,2272.727272727273,0.0040701177219999995,0.0,0.0,1.0,5.499999999999999,1.590715500527273,2
1769784903.7229,2272.727272727273,0.0040701177219999995,0.0,0.0,1.0,5.499999999999999,1.590715500527273,2
1769784903.7244012,2272.727272727273,0.0040701177219999995,0.0,0.0,1.0,5.499999999999999,1.590715500527273,2
1769784903.7259798,2272.727272727273,0.0040701177219999995,0.0,0.0,1.0,5.499999999999999,1.590715500527273,2
1769784903.7277906,2272.727272727273,0.0040701177219999995,0.0,0.0,1.0,5.499999999999999,1.590715500527273,2
1769784903.7296448,2272.727272727273,0.0040701177219999995,0.0,0.0,1.0,5.499999999999999,1.590715500527273,2
1769784903.732049,2272.727272727273,0.0040701177219999995,0.0,0.0,1.0,5.499999999999999,1.590715500527273,2
1769784903.73501,2272.727272727273,0.0040701177219999995,0.0,0.0,1.0,5.499999999999999,1.590715500527273,2
1769784903.7381155,2272.727272727273,0.0040701177219999995,0.0,0.0,1.0,5.499999999999999,1.590715500527273,2
1769784903.739695,2272.727272727273,0.0040701177219999995,0.0,0.0,1.0,5.499999999999999,1.590715500527273,2
1769784903.741576,2272.727272727273,0.0040701177219999995,0.0,0.0,1.0,5.499999999999999,1.590715500527273,2
1769784903.7430139,2272.727272727273,0.0040701177219999995,0.0,0.0,1.0,5.499999999999999,1.590715500527273,2
1769784903.744861,2272.727272727273,0.0040701177219999995,0.0,0.0,1.0,5.499999999999999,1.590715500527273,2
1769784903.7466834,2272.727272727273,0.0040701177219999995,0.0,0.0,1.0,5.499999999999999,1.590715500527273,2
1769784903.7489166,2272.727272727273,0.0040701177219999995,0.0,0.0,1.0,5.499999999999999,1.590715500527273,2
1769784903.751043,2272.727272727273,0.0040701177219999995,0.0,0.0,1.0,5.499999999999999,1.590715500527273,2
1769784903.7534554,2272.727272727273,0.0040701177219999995,0.0,0.0,1.0,5.499999999999999,1.590715500527273,2
1769784903.756975,2272.727272727273,0.0040701177219999995,0.0,0.0,1.0,5.499999999999999,1.590715500527273,2
1769784903.760585,2272.727272727273,0.0040701177219999995,0.0,0.0,1.0,5.499999999999999,1.590715500527273,2
1769784903.763688,2272.727272727273,0.0040701177219999995,0.0,0.0,1.0,5.499999999999999,1.590715500527273,2
1769784903.7659535,2272.727272727273,0.0040701177219999995,0.0,0.0,1.0,5.499999999999999,1.590715500527273,2
1769784903.7672591,2272.727272727273,0.0040701177219999995,0.0,0.0,1.0,5.499999999999999,1.590715500527273,2
1769784903.7689087,2272.727272727273,0.0040701177219999995,0.0,0.0,1.0,5.499999999999999,1.590715500527273,2
1769784903.7701766,2272.727272727273,0.0040701177219999995,0.0,0.0,1.0,5.499999999999999,1.590715500527273,2
1769784903.7719798,2272.727272727273,0.0040701177219999995,0.0,0.0,1.0,5.499999999999999,1.590715500527273,2
1769784903.7735772,2272.727272727273,0.0040701177219999995,0.0,0.0,1.0,5.499999999999999,1.590715500527273,2
1769784903.7749977,2272.727272727273,0.0040701177219999995,0.0,0.0,1.0,5.499999999999999,1.590715500527273,2
1769784903.7761574,2272.727272727273,0.0040701177219999995,0.0,0.0,1.0,5.499999999999999,1.590715500527273,2
1769784903.7778041,2272.727272727273,0.0040701177219999995,0.0,0.0,1.0,5.499999999999999,1.590715500527273,2
1769784903.7799473,2272.727272727273,0.0040701177219999995,0.0,0.0,1.0,5.499999999999999,1.590715500527273,2
1769784903.7815366,2272.727272727273,0.0040701177219999995,0.0,0.0,1.0,5.499999999999999,1.590715500527273,2
1769784903.782895,2272.727272727273,0.0040701177219999995,0.0,0.0,1.0,5.499999999999999,1.590715500527273,2
1769784903.7843902,2272.727272727273,0.0040701177219999995,0.0,0.0,1.0,5.499999999999999,1.590715500527273,2
1769784903.786207,2272.727272727273,0.0040701177219999995,0.0,0.0,1.0,5.499999999999999,1.590715500527273,2
1769784903.788001,2272.727272727273,0.0040701177219999995,0.0,0.0,1.0,5.499999999999999,1.590715500527273,2
1769784903.7897785,2272.727272727273,0.0040701177219999995,0.0,0.0,1.0,5.499999999999999,1.590715500527273,2
1769784903.7912261,2272.727272727273,0.0040701177219999995,0.0,0.0,1.0,5.499999999999999,1.590715500527273,2
1769784903.792597,2272.727272727273,0.0040701177219999995,0.0,0.0,1.0,5.499999999999999,1.590715500527273,2
1769784903.7949142,2272.727272727273,0.0040701177219999995,0.0,0.0,1.0,5.499999999999999,1.590715500527273,2
1769784903.7970812,2272.727272727273,0.0040701177219999995,0.0,0.0,1.0,5.499999999999999,1.590715500527273,2
1769784903.7988732,2272.727272727273,0.0040701177219999995,0.0,0.0,1.0,5.499999999999999,1.590715500527273,2
1769784903.800477,2272.727272727273,0.0040701177219999995,0.0,0.0,1.0,5.499999999999999,1.590715500527273,2
1769784903.802564,2272.727272727273,0.0040701177219999995,0.0,0.0,1.0,5.499999999999999,1.590715500527273,2
1769784903.804785,2272.727272727273,0.0040701177219999995,0.0,0.0,1.0,5.499999999999999,1.590715500527273,2
1769784903.8066757,2272.727272727273,0.0040701177219999995,0.0,0.0,1.0,5.499999999999999,1.590715500527273,2
1769784903.8082688,2272.727272727273,0.0040701177219999995,0.0,0.0,1.0,5.499999999999999,1.590715500527273,2
1769784903.810717,2272.727272727273,0.0040701177219999995,0.0,0.0,1.0,5.499999999999999,1.590715500527273,2
1769784903.8123333,2272.727272727273,0.0040701177219999995,0.0,0.0,1.0,5.499999999999999,1.590715500527273,2
1769784903.8136613,2272.727272727273,0.0040701177219999995,0.0,0.0,1.0,5.499999999999999,1.590715500527273,2
1769784903.8147118,2272.727272727273,0.0040701177219999995,0.0,0.0,1.0,5.499999999999999,1.590715500527273,2
1769784903.8158224,2272.727272727273,0.0040701177219999995,0.0,0.0,1.0,5.499999999999999,1.590715500527273,2
1769784903.8168943,2272.727272727273,0.0040701177219999995,0.0,0.0,1.0,5.499999999999999,1.590715500527273,2
1769784903.8179429,2272.727272727273,0.0040701177219999995,0.0,0.0,1.0,5.499999999999999,1.590715500527273,2
1769784903.8194654,2272.727272727273,0.0040701177219999995,0.0,0.0,1.0,5.499999999999999,1.590715500527273,2
1769784903.8207872,2272.727272727273,0.0040701177219999995,0.0,0.0,1.0,5.499999999999999,1.590715500527273,2
1769784903.8218505,2272.727272727273,0.0040701177219999995,0.0,0.0,1.0,5.499999999999999,1.590715500527273,2
1769784903.8230257,2272.727272727273,0.0040701177219999995,0.0,0.0,1.0,5.499999999999999,1.590715500527273,2
1769784903.8241167,2272.727272727273,0.0040701177219999995,0.0,0.0,1.0,5.499999999999999,1.590715500527273,2
1769784903.8261452,2272.727272727273,0.0040701177219999995,0.0,0.0,1.0,5.499999999999999,1.590715500527273,2
1769784903.8275957,2272.727272727273,0.0040701177219999995,0.0,0.0,1.0,5.499999999999999,1.590715500527273,2
1769784903.8289351,2272.727272727273,0.0040701177219999995,0.0,0.0,1.0,5.499999999999999,1.590715500527273,2
1769784903.8302681,2272.727272727273,0.0040701177219999995,0.0,0.0,1.0,5.499999999999999,1.590715500527273,2
1769784903.8316011,2272.727272727273,0.0040701177219999995,0.0,0.0,1.0,5.499999999999999,1.590715500527273,2
1769784903.8328793,2272.727272727273,0.0040701177219999995,0.0,0.0,1.0,5.499999999999999,1.590715500527273,2
1769784903.8340273,2272.727272727273,0.0040701177219999995,0.0,0.0,1.0,5.499999999999999,1.590715500527273,2
1769784903.8354144,2272.727272727273,0.0040701177219999995,0.0,0.0,1.0,5.499999999999999,1.590715500527273,2
1769784903.8367968,2272.727272727273,0.0040701177219999995,0.0,0.0,1.0,5.499999999999999,1.590715500527273,2
1769784903.8378484,2272.727272727273,0.0040701177219999995,0.0,0.0,1.0,5.499999999999999,1.590715500527273,2
1769784903.8388808,2272.727272727273,0.0040701177219999995,0.0,0.0,1.0,5.499999999999999,1.590715500527273,2
1769784903.8412426,2272.727272727273,0.0040701177219999995,0.0,0.0,1.0,5.499999999999999,1.590715500527273,2
1769784903.8428059,2272.727272727273,0.0040701177219999995,0.0,0.0,1.0,5.499999999999999,1.590715500527273,2
1769784903.844461,2272.727272727273,0.0040701177219999995,0.0,0.0,1.0,5.499999999999999,1.590715500527273,2
1769784903.8458054,2272.727272727273,0.0040701177219999995,0.0,0.0,1.0,5.499999999999999,1.590715500527273,2
1769784903.8469572,2272.727272727273,0.0040701177219999995,0.0,0.0,1.0,5.499999999999999,1.590715500527273,2
1769784903.8481605,2272.727272727273,0.0040701177219999995,0.0,0.0,1.0,5.499999999999999,1.590715500527273,2
1769784903.8492408,2272.727272727273,0.0040701177219999995,0.0,0.0,1.0,5.499999999999999,1.590715500527273,2
1769784903.850243,2272.727272727273,0.0040701177219999995,0.0,0.0,1.0,5.499999999999999,1.590715500527273,2
1769784903.851732,2272.727272727273,0.0040701177219999995,0.0,0.0,1.0,5.499999999999999,1.590715500527273,2
1769784903.853175,2272.727272727273,0.0040701177219999995,0.0,0.0,1.0,5.499999999999999,1.590715500527273,2
1769784903.8542416,2272.727272727273,0.0040701177219999995,0.0,0.0,1.0,5.499999999999999,1.590715500527273,2
1769784903.8555057,2272.727272727273,0.0040701177219999995,0.0,0.0,1.0,5.499999999999999,1.590715500527273,2
1769784903.8577092,2272.727272727273,0.0040701177219999995,0.0,0.0,1.0,5.499999999999999,1.590715500527273,2
1769784903.8603904,2272.727272727273,0.0040701177219999995,0.0,0.0,1.0,5.499999999999999,1.590715500527273,2
1769784903.862336,2272.727272727273,0.0040701177219999995,0.0,0.0,1.0,5.499999999999999,1.590715500527273,2
1769784903.8637924,2272.727272727273,0.0040701177219999995,0.0,0.0,1.0,5.499999999999999,1.590715500527273,2
1769784903.8653073,2272.727272727273,0.0040701177219999995,0.0,0.0,1.0,5.499999999999999,1.590715500527273,2
1769784903.8665812,2272.727272727273,0.0040701177219999995,0.0,0.0,1.0,5.499999999999999,1.590715500527273,2
1769784903.8679821,2272.727272727273,0.0040701177219999995,0.0,0.0,1.0,5.499999999999999,1.590715500527273,2
1769784903.8695948,2272.727272727273,0.0040701177219999995,0.0,0.0,1.0,5.499999999999999,1.590715500527273,2
1769784903.870921,2272.727272727273,0.0040701177219999995,0.0,0.0,1.0,5.499999999999999,1.590715500527273,2
1769784903.8725097,2272.727272727273,0.0040701177219999995,0.0,0.0,1.0,5.499999999999999,1.590715500527273,2
1769784903.873915,2272.727272727273,0.0040701177219999995,0.0,0.0,1.0,5.499999999999999,1.590715500527273,2
1769784903.8750157,2272.727272727273,0.0040701177219999995,0.0,0.0,1.0,5.499999999999999,1.590715500527273,2
1769784903.876126,2272.727272727273,0.0040701177219999995,0.0,0.0,1.0,5.499999999999999,1.590715500527273,2
1769784903.8776107,2272.727272727273,0.0040701177219999995,0.0,0.0,1.0,5.499999999999999,1.590715500527273,2
1769784903.878966,2272.727272727273,0.0040701177219999995,0.0,0.0,1.0,5.499999999999999,1.590715500527273,2
1769784903.8801014,2272.727272727273,0.0040701177219999995,0.0,0.0,1.0,5.499999999999999,1.590715500527273,2
1769784903.8811274,2272.727272727273,0.0040701177219999995,0.0,0.0,1.0,5.499999999999999,1.590715500527273,2
1769784903.8824263,2272.727272727273,0.0040701177219999995,0.0,0.0,1.0,5.499999999999999,1.590715500527273,2
1769784903.883586,2272.727272727273,0.0040701177219999995,0.0,0.0,1.0,5.499999999999999,1.590715500527273,2
1769784903.8849807,2272.727272727273,0.0040701177219999995,0.0,0.0,1.0,5.499999999999999,1.590715500527273,2
1769784903.8862836,2272.727272727273,0.0040701177219999995,0.0,0.0,1.0,5.499999999999999,1.590715500527273,2
1769784903.8875344,2272.727272727273,0.0040701177219999995,0.0,0.0,1.0,5.499999999999999,1.590715500527273,2
1769784903.8887556,2272.727272727273,0.0040701177219999995,0.0,0.0,1.0,5.499999999999999,1.590715500527273,2
1769784903.889883,2272.727272727273,0.0040701177219999995,0.0,0.0,1.0,5.499999999999999,1.590715500527273,2
1769784903.8909936,2272.727272727273,0.0040701177219999995,0.0,0.0,1.0,5.499999999999999,1.590715500527273,2
1769784903.8920846,2272.727272727273,0.0040701177219999995,0.0,0.0,1.0,5.499999999999999,1.590715500527273,2
1769784903.893524,2272.727272727273,0.0040701177219999995,0.0,0.0,1.0,5.499999999999999,1.590715500527273,2
1769784903.894638,2272.727272727273,0.0040701177219999995,0.0,0.0,1.0,5.499999999999999,1.590715500527273,2
1769784903.8957963,2272.727272727273,0.0040701177219999995,0.0,0.0,1.0,5.499999999999999,1.590715500527273,2
1769784903.8970892,2272.727272727273,0.0040701177219999995,0.0,0.0,1.0,5.499999999999999,1.590715500527273,2
1769784903.898168,2272.727272727273,0.0040701177219999995,0.0,0.0,1.0,5.499999999999999,1.590715500527273,2
1769784903.8991916,2272.727272727273,0.0040701177219999995,0.0,0.0,1.0,5.499999999999999,1.590715500527273,2
1769784903.9003062,2272.727272727273,0.0040701177219999995,0.0,0.0,1.0,5.499999999999999,1.590715500527273,2
1769784903.901501,2272.727272727273,0.0040701177219999995,0.0,0.0,1.0,5.499999999999999,1.590715500527273,2
1769784903.9029298,2272.727272727273,0.0040701177219999995,0.0,0.0,1.0,5.499999999999999,1.590715500527273,2
1769784903.904397,2272.727272727273,0.0040701177219999995,0.0,0.0,1.0,5.499999999999999,1.590715500527273,2
1769784903.9057634,2272.727272727273,0.0040701177219999995,0.0,0.0,1.0,5.499999999999999,1.590715500527273,2
1769784903.9069474,2272.727272727273,0.0040701177219999995,0.0,0.0,1.0,5.499999999999999,1.590715500527273,2
1769784903.9081361,2272.727272727273,0.0040701177219999995,0.0,0.0,1.0,5.499999999999999,1.590715500527273,2
1769784903.9094357,2272.727272727273,0.0040701177219999995,0.0,0.0,1.0,5.499999999999999,1.590715500527273,2
1769784903.9107633,2272.727272727273,0.0040701177219999995,0.0,0.0,1.0,5.499999999999999,1.590715500527273,2
1769784903.9125166,2272.727272727273,0.0040701177219999995,0.0,0.0,1.0,5.499999999999999,1.590715500527273,2
1769784903.9141283,2272.727272727273,0.0040701177219999995,0.0,0.0,1.0,5.499999999999999,1.590715500527273,2
1769784903.9155028,2272.727272727273,0.0040701177219999995,0.0,0.0,1.0,5.499999999999999,1.590715500527273,2
1769784903.9169009,2272.727272727273,0.0040701177219999995,0.0,0.0,1.0,5.499999999999999,1.590715500527273,2
1769784903.9186516,2272.727272727273,0.0040701177219999995,0.0,0.0,1.0,5.499999999999999,1.590715500527273,2
1769784903.9200747,2272.727272727273,0.0040701177219999995,0.0,0.0,1.0,5.499999999999999,1.590715500527273,2
1769784903.9213443,2272.727272727273,0.0040701177219999995,0.0,0.0,1.0,5.499999999999999,1.590715500527273,2
1769784903.9224145,2272.727272727273,0.0040701177219999995,0.0,0.0,1.0,5.499999999999999,1.590715500527273,2
1769784903.923617,2272.727272727273,0.0040701177219999995,0.0,0.0,1.0,5.499999999999999,1.590715500527273,2
1769784903.9246733,2272.727272727273,0.0040701177219999995,0.0,0.0,1.0,5.499999999999999,1.590715500527273,2
1769784903.925699,2272.727272727273,0.0040701177219999995,0.0,0.0,1.0,5.499999999999999,1.590715500527273,2
1769784903.9269884,2272.727272727273,0.0040701177219999995,0.0,0.0,1.0,5.499999999999999,1.590715500527273,2
1769784903.9282959,2272.727272727273,0.0040701177219999995,0.0,0.0,1.0,5.499999999999999,1.590715500527273,2
1769784903.929564,2272.727272727273,0.0040701177219999995,0.0,0.0,1.0,5.499999999999999,1.590715500527273,2
1769784903.9308586,2272.727272727273,0.0040701177219999995,0.0,0.0,1.0,5.499999999999999,1.590715500527273,2
1769784903.931989,2272.727272727273,0.0040701177219999995,0.0,0.0,1.0,5.499999999999999,1.590715500527273,2
1769784903.933023,2272.727272727273,0.0040701177219999995,0.0,0.0,1.0,5.499999999999999,1.590715500527273,2
1769784903.935224,2272.727272727273,0.0040701177219999995,0.0,0.0,1.0,5.499999999999999,1.590715500527273,2
1769784903.9368224,2272.727272727273,0.0040701177219999995,0.0,0.0,1.0,5.499999999999999,1.590715500527273,2
1769784903.9379468,2272.727272727273,0.0040701177219999995,0.0,0.0,1.0,5.499999999999999,1.590715500527273,2
1769784903.9396133,2272.727272727273,0.0040701177219999995,0.0,0.0,1.0,5.499999999999999,1.590715500527273,2
1769784903.9409204,2272.727272727273,0.0040701177219999995,0.0,0.0,1.0,5.499999999999999,1.590715500527273,2
1769784903.9427037,2272.727272727273,0.0040701177219999995,0.0,0.0,1.0,5.499999999999999,1.590715500527273,2
1769784903.944205,2272.727272727273,0.0040701177219999995,0.0,0.0,1.0,5.499999999999999,1.590715500527273,2
1769784903.9453237,2272.727272727273,0.0040701177219999995,0.0,0.0,1.0,5.499999999999999,1.590715500527273,2
1769784903.9472423,2272.727272727273,0.0040701177219999995,0.0,0.0,1.0,5.499999999999999,1.590715500527273,2
1769784903.9487906,2272.727272727273,0.0040701177219999995,0.0,0.0,1.0,5.499999999999999,1.590715500527273,2
1769784903.9512293,2272.727272727273,0.0040701177219999995,0.0,0.0,1.0,5.499999999999999,1.590715500527273,2
1769784903.953543,2272.727272727273,0.0040701177219999995,0.0,0.0,1.0,5.499999999999999,1.590715500527273,2
1769784903.9560063,2272.727272727273,0.0040701177219999995,0.0,0.0,1.0,5.499999999999999,1.590715500527273,2
1769784903.9578636,2272.727272727273,0.0040701177219999995,0.0,0.0,1.0,5.499999999999999,1.590715500527273,2
1769784903.9610467,2272.727272727273,0.0040701177219999995,0.0,0.0,1.0,5.499999999999999,1.590715500527273,2
1769784903.9628227,2272.727272727273,0.0040701177219999995,0.0,0.0,1.0,5.499999999999999,1.590715500527273,2
1769784903.9648743,2272.727272727273,0.0040701177219999995,0.0,0.0,1.0,5.499999999999999,1.590715500527273,2
1769784903.9670463,2272.727272727273,0.0040701177219999995,0.0,0.0,1.0,5.499999999999999,1.590715500527273,2
1769784903.969109,2272.727272727273,0.0040701177219999995,0.0,0.0,1.0,5.499999999999999,1.590715500527273,2
1769784903.9707417,2272.727272727273,0.0040701177219999995,0.0,0.0,1.0,5.499999999999999,1.590715500527273,2
1769784903.9719,2272.727272727273,0.0040701177219999995,0.0,0.0,1.0,5.499999999999999,1.590715500527273,2
1769784903.9733062,2272.727272727273,0.0040701177219999995,0.0,0.0,1.0,5.499999999999999,1.590715500527273,2
1769784903.9750054,2272.727272727273,0.0040701177219999995,0.0,0.0,1.0,5.499999999999999,1.590715500527273,2
1769784903.9764974,2272.727272727273,0.0040701177219999995,0.0,0.0,1.0,5.499999999999999,1.590715500527273,2
1769784903.9781477,2272.727272727273,0.0040701177219999995,0.0,0.0,1.0,5.499999999999999,1.590715500527273,2
1769784904.0638208,2083.3333333333335,0.004020954346,0.0,0.0,1.0,10.0,1.1812378987333334,2
1769784904.065727,2083.3333333333335,0.004020954346,0.0,0.0,1.0,5.499999999999999,1.4062378987333335,2
1769784904.0675092,2083.3333333333335,0.004020954346,0.0,0.0,1.0,5.499999999999999,1.4062378987333335,2
1769784904.0698593,2083.3333333333335,0.004020954346,0.0,0.0,1.0,5.499999999999999,1.4062378987333335,2
1769784904.071793,2083.3333333333335,0.004020954346,0.0,0.0,1.0,5.499999999999999,1.4062378987333335,2
1769784904.0731432,2083.3333333333335,0.004020954346,0.0,0.0,1.0,5.499999999999999,1.4062378987333335,2
1769784904.074419,2083.3333333333335,0.004020954346,0.0,0.0,1.0,5.499999999999999,1.4062378987333335,2
1769784904.0760088,2083.3333333333335,0.004020954346,0.0,0.0,1.0,5.499999999999999,1.4062378987333335,2
1769784904.0783594,2083.3333333333335,0.004020954346,0.0,0.0,1.0,5.499999999999999,1.4062378987333335,2
1769784904.080596,2083.3333333333335,0.004020954346,0.0,0.0,1.0,5.499999999999999,1.4062378987333335,2
1769784904.0826194,2083.3333333333335,0.004020954346,0.0,0.0,1.0,5.499999999999999,1.4062378987333335,2
1769784904.0848591,2083.3333333333335,0.004020954346,0.0,0.0,1.0,5.499999999999999,1.4062378987333335,2
1769784904.0873404,2083.3333333333335,0.004020954346,0.0,0.0,1.0,5.499999999999999,1.4062378987333335,2
1769784904.0893207,2083.3333333333335,0.004020954346,0.0,0.0,1.0,5.499999999999999,1.4062378987333335,2
1769784904.090809,2083.3333333333335,0.004020954346,0.0,0.0,1.0,5.499999999999999,1.4062378987333335,2
1769784904.0923574,2083.3333333333335,0.004020954346,0.0,0.0,1.0,5.499999999999999,1.4062378987333335,2
1769784904.0939476,2083.3333333333335,0.004020954346,0.0,0.0,1.0,5.499999999999999,1.4062378987333335,2
1769784904.0954123,2083.3333333333335,0.004020954346,0.0,0.0,1.0,5.499999999999999,1.4062378987333335,2
1769784904.096989,2083.3333333333335,0.004020954346,0.0,0.0,1.0,5.499999999999999,1.4062378987333335,2
1769784904.0984042,2083.3333333333335,0.004020954346,0.0,0.0,1.0,5.499999999999999,1.4062378987333335,2
1769784904.0998592,2083.3333333333335,0.004020954346,0.0,0.0,1.0,5.499999999999999,1.4062378987333335,2
1769784904.1013987,2083.3333333333335,0.004020954346,0.0,0.0,1.0,5.499999999999999,1.4062378987333335,2
1769784904.1028352,2083.3333333333335,0.004020954346,0.0,0.0,1.0,5.499999999999999,1.4062378987333335,2
1769784904.1043777,2083.3333333333335,0.004020954346,0.0,0.0,1.0,5.499999999999999,1.4062378987333335,2
1769784904.106384,2083.3333333333335,0.004020954346,0.0,0.0,1.0,5.499999999999999,1.4062378987333335,2
1769784904.1087468,2083.3333333333335,0.004020954346,0.0,0.0,1.0,5.499999999999999,1.4062378987333335,2
1769784904.1110377,2083.3333333333335,0.004020954346,0.0,0.0,1.0,5.499999999999999,1.4062378987333335,2
1769784904.1127586,2083.3333333333335,0.004020954346,0.0,0.0,1.0,5.499999999999999,1.4062378987333335,2
1769784904.1143079,2083.3333333333335,0.004020954346,0.0,0.0,1.0,5.499999999999999,1.4062378987333335,2
1769784904.1162345,2083.3333333333335,0.004020954346,0.0,0.0,1.0,5.499999999999999,1.4062378987333335,2
1769784904.1183088,2083.3333333333335,0.004020954346,0.0,0.0,1.0,5.499999999999999,1.4062378987333335,2
1769784904.1201298,2083.3333333333335,0.004020954346,0.0,0.0,1.0,5.499999999999999,1.4062378987333335,2
1769784904.1218104,2083.3333333333335,0.004020954346,0.0,0.0,1.0,5.499999999999999,1.4062378987333335,2
1769784904.1233304,2083.3333333333335,0.004020954346,0.0,0.0,1.0,5.499999999999999,1.4062378987333335,2
1769784904.124709,2083.3333333333335,0.004020954346,0.0,0.0,1.0,5.499999999999999,1.4062378987333335,2
1769784904.126125,2083.3333333333335,0.004020954346,0.0,0.0,1.0,5.499999999999999,1.4062378987333335,2
1769784904.127743,2083.3333333333335,0.004020954346,0.0,0.0,1.0,5.499999999999999,1.4062378987333335,2
1769784904.1292388,2083.3333333333335,0.004020954346,0.0,0.0,1.0,5.499999999999999,1.4062378987333335,2
1769784904.1306624,2083.3333333333335,0.004020954346,0.0,0.0,1.0,5.499999999999999,1.4062378987333335,2
1769784904.1320527,2083.3333333333335,0.004020954346,0.0,0.0,1.0,5.499999999999999,1.4062378987333335,2
1769784904.1335585,2083.3333333333335,0.004020954346,0.0,0.0,1.0,5.499999999999999,1.4062378987333335,2
1769784904.1360226,2083.3333333333335,0.004020954346,0.0,0.0,1.0,5.499999999999999,1.4062378987333335,2
1769784904.1377025,2083.3333333333335,0.004020954346,0.0,0.0,1.0,5.499999999999999,1.4062378987333335,2
1769784904.139207,2083.3333333333335,0.004020954346,0.0,0.0,1.0,5.499999999999999,1.4062378987333335,2
1769784904.140822,2083.3333333333335,0.004020954346,0.0,0.0,1.0,5.499999999999999,1.4062378987333335,2
1769784904.1421528,2083.3333333333335,0.004020954346,0.0,0.0,1.0,5.499999999999999,1.4062378987333335,2
1769784904.1437514,2083.3333333333335,0.004020954346,0.0,0.0,1.0,5.499999999999999,1.4062378987333335,2
1769784904.145251,2083.3333333333335,0.004020954346,0.0,0.0,1.0,5.499999999999999,1.4062378987333335,2
1769784904.1471221,2083.3333333333335,0.004020954346,0.0,0.0,1.0,5.499999999999999,1.4062378987333335,2
1769784904.1485527,2083.3333333333335,0.004020954346,0.0,0.0,1.0,5.499999999999999,1.4062378987333335,2
1769784904.149886,2083.3333333333335,0.004020954346,0.0,0.0,1.0,5.499999999999999,1.4062378987333335,2
1769784904.1512463,2083.3333333333335,0.004020954346,0.0,0.0,1.0,5.499999999999999,1.4062378987333335,2
1769784904.1534693,2083.3333333333335,0.004020954346,0.0,0.0,1.0,5.499999999999999,1.4062378987333335,2
1769784904.1548917,2083.3333333333335,0.004020954346,0.0,0.0,1.0,5.499999999999999,1.4062378987333335,2
1769784904.1563592,2083.3333333333335,0.004020954346,0.0,0.0,1.0,5.499999999999999,1.4062378987333335,2
1769784904.157747,2083.3333333333335,0.004020954346,0.0,0.0,1.0,5.499999999999999,1.4062378987333335,2
1769784904.1591823,2083.3333333333335,0.004020954346,0.0,0.0,1.0,5.499999999999999,1.4062378987333335,2
1769784904.1607769,2083.3333333333335,0.004020954346,0.0,0.0,1.0,5.499999999999999,1.4062378987333335,2
1769784904.1620975,2083.3333333333335,0.004020954346,0.0,0.0,1.0,5.499999999999999,1.4062378987333335,2
1769784904.1634202,2083.3333333333335,0.004020954346,0.0,0.0,1.0,5.499999999999999,1.4062378987333335,2
1769784904.164951,2083.3333333333335,0.004020954346,0.0,0.0,1.0,5.499999999999999,1.4062378987333335,2
1769784904.1662955,2083.3333333333335,0.004020954346,0.0,0.0,1.0,5.499999999999999,1.4062378987333335,2
1769784904.1676247,2083.3333333333335,0.004020954346,0.0,0.0,1.0,5.499999999999999,1.4062378987333335,2
1769784904.169457,2083.3333333333335,0.004020954346,0.0,0.0,1.0,5.499999999999999,1.4062378987333335,2
1769784904.1707726,2083.3333333333335,0.004020954346,0.0,0.0,1.0,5.499999999999999,1.4062378987333335,2
1769784904.1721106,2083.3333333333335,0.004020954346,0.0,0.0,1.0,5.499999999999999,1.4062378987333335,2
1769784904.1734,2083.3333333333335,0.004020954346,0.0,0.0,1.0,5.499999999999999,1.4062378987333335,2
1769784904.1746633,2083.3333333333335,0.004020954346,0.0,0.0,1.0,5.499999999999999,1.4062378987333335,2
1769784904.177015,2083.3333333333335,0.004020954346,0.0,0.0,1.0,5.499999999999999,1.4062378987333335,2
1769784904.1782756,2083.3333333333335,0.004020954346,0.0,0.0,1.0,5.499999999999999,1.4062378987333335,2
1769784904.179631,2083.3333333333335,0.004020954346,0.0,0.0,1.0,5.499999999999999,1.4062378987333335,2
1769784904.180963,2083.3333333333335,0.004020954346,0.0,0.0,1.0,5.499999999999999,1.4062378987333335,2
1769784904.1820352,2083.3333333333335,0.004020954346,0.0,0.0,1.0,5.499999999999999,1.4062378987333335,2
1769784904.183035,2083.3333333333335,0.004020954346,0.0,0.0,1.0,5.499999999999999,1.4062378987333335,2
1769784904.1843448,2083.3333333333335,0.004020954346,0.0,0.0,1.0,5.499999999999999,1.4062378987333335,2
1769784904.1861176,2083.3333333333335,0.004020954346,0.0,0.0,1.0,5.499999999999999,1.4062378987333335,2
1769784904.187553,2083.3333333333335,0.004020954346,0.0,0.0,1.0,5.499999999999999,1.4062378987333335,2
1769784904.1888893,2083.3333333333335,0.004020954346,0.0,0.0,1.0,5.499999999999999,1.4062378987333335,2
1769784904.1899166,2083.3333333333335,0.004020954346,0.0,0.0,1.0,5.499999999999999,1.4062378987333335,2
1769784904.1909044,2083.3333333333335,0.004020954346,0.0,0.0,1.0,5.499999999999999,1.4062378987333335,2
1769784904.191998,2083.3333333333335,0.004020954346,0.0,0.0,1.0,5.499999999999999,1.4062378987333335,2
1769784904.193803,2083.3333333333335,0.004020954346,0.0,0.0,1.0,5.499999999999999,1.4062378987333335,2
1769784904.1951969,2083.3333333333335,0.004020954346,0.0,0.0,1.0,5.499999999999999,1.4062378987333335,2
1769784904.1963186,2083.3333333333335,0.004020954346,0.0,0.0,1.0,5.499999999999999,1.4062378987333335,2
1769784904.1973915,2083.3333333333335,0.004020954346,0.0,0.0,1.0,5.499999999999999,1.4062378987333335,2
1769784904.1983838,2083.3333333333335,0.004020954346,0.0,0.0,1.0,5.499999999999999,1.4062378987333335,2
1769784904.1998136,2083.3333333333335,0.004020954346,0.0,0.0,1.0,5.499999999999999,1.4062378987333335,2
1769784904.2012057,2083.3333333333335,0.004020954346,0.0,0.0,1.0,5.499999999999999,1.4062378987333335,2
1769784904.2026265,2083.3333333333335,0.004020954346,0.0,0.0,1.0,5.499999999999999,1.4062378987333335,2
1769784904.2038066,2083.3333333333335,0.004020954346,0.0,0.0,1.0,5.499999999999999,1.4062378987333335,2
1769784904.204868,2083.3333333333335,0.004020954346,0.0,0.0,1.0,5.499999999999999,1.4062378987333335,2
1769784904.2061384,2083.3333333333335,0.004020954346,0.0,0.0,1.0,5.499999999999999,1.4062378987333335,2
1769784904.2071638,2083.3333333333335,0.004020954346,0.0,0.0,1.0,5.499999999999999,1.4062378987333335,2
1769784904.2081857,2083.3333333333335,0.004020954346,0.0,0.0,1.0,5.499999999999999,1.4062378987333335,2
1769784904.2093601,2083.3333333333335,0.004020954346,0.0,0.0,1.0,5.499999999999999,1.4062378987333335,2
1769784904.2107115,2083.3333333333335,0.004020954346,0.0,0.0,1.0,5.499999999999999,1.4062378987333335,2
1769784904.2124135,2083.3333333333335,0.004020954346,0.0,0.0,1.0,5.499999999999999,1.4062378987333335,2
1769784904.2138302,2083.3333333333335,0.004020954346,0.0,0.0,1.0,5.499999999999999,1.4062378987333335,2
1769784904.2157233,2083.3333333333335,0.004020954346,0.0,0.0,1.0,5.499999999999999,1.4062378987333335,2
1769784904.217199,2083.3333333333335,0.004020954346,0.0,0.0,1.0,5.499999999999999,1.4062378987333335,2
1769784904.2187486,2083.3333333333335,0.004020954346,0.0,0.0,1.0,5.499999999999999,1.4062378987333335,2
1769784904.2200775,2083.3333333333335,0.004020954346,0.0,0.0,1.0,5.499999999999999,1.4062378987333335,2
1769784904.2211015,2083.3333333333335,0.004020954346,0.0,0.0,1.0,5.499999999999999,1.4062378987333335,2
1769784904.2221622,2083.3333333333335,0.004020954346,0.0,0.0,1.0,5.499999999999999,1.4062378987333335,2
1769784904.2233129,2083.3333333333335,0.004020954346,0.0,0.0,1.0,5.499999999999999,1.4062378987333335,2
1769784904.2244465,2083.3333333333335,0.004020954346,0.0,0.0,1.0,5.499999999999999,1.4062378987333335,2
1769784904.225494,2083.3333333333335,0.004020954346,0.0,0.0,1.0,5.499999999999999,1.4062378987333335,2
1769784904.226668,2083.3333333333335,0.004020954346,0.0,0.0,1.0,5.499999999999999,1.4062378987333335,2
1769784904.2278957,2083.3333333333335,0.004020954346,0.0,0.0,1.0,5.499999999999999,1.4062378987333335,2
1769784904.2289262,2083.3333333333335,0.004020954346,0.0,0.0,1.0,5.499999999999999,1.4062378987333335,2
1769784904.229945,2083.3333333333335,0.004020954346,0.0,0.0,1.0,5.499999999999999,1.4062378987333335,2
1769784904.2315216,2083.3333333333335,0.004020954346,0.0,0.0,1.0,5.499999999999999,1.4062378987333335,2
1769784904.2332826,2083.3333333333335,0.004020954346,0.0,0.0,1.0,5.499999999999999,1.4062378987333335,2
1769784904.235397,2083.3333333333335,0.004020954346,0.0,0.0,1.0,5.499999999999999,1.4062378987333335,2
1769784904.236883,2083.3333333333335,0.004020954346,0.0,0.0,1.0,5.499999999999999,1.4062378987333335,2
1769784904.2385945,2083.3333333333335,0.004020954346,0.0,0.0,1.0,5.499999999999999,1.4062378987333335,2
1769784904.240242,2083.3333333333335,0.004020954346,0.0,0.0,1.0,5.499999999999999,1.4062378987333335,2
1769784904.2415378,2083.3333333333335,0.004020954346,0.0,0.0,1.0,5.499999999999999,1.4062378987333335,2
1769784904.2426157,2083.3333333333335,0.004020954346,0.0,0.0,1.0,5.499999999999999,1.4062378987333335,2
1769784904.244079,2083.3333333333335,0.004020954346,0.0,0.0,1.0,5.499999999999999,1.4062378987333335,2
1769784904.2453566,2083.3333333333335,0.004020954346,0.0,0.0,1.0,5.499999999999999,1.4062378987333335,2
1769784904.2466693,2083.3333333333335,0.004020954346,0.0,0.0,1.0,5.499999999999999,1.4062378987333335,2
1769784904.247934,2083.3333333333335,0.004020954346,0.0,0.0,1.0,5.499999999999999,1.4062378987333335,2
1769784904.2495003,2083.3333333333335,0.004020954346,0.0,0.0,1.0,5.499999999999999,1.4062378987333335,2
1769784904.2509437,2083.3333333333335,0.004020954346,0.0,0.0,1.0,5.499999999999999,1.4062378987333335,2
1769784904.2525666,2083.3333333333335,0.004020954346,0.0,0.0,1.0,5.499999999999999,1.4062378987333335,2
1769784904.2539022,2083.3333333333335,0.004020954346,0.0,0.0,1.0,5.499999999999999,1.4062378987333335,2
1769784904.2551818,2083.3333333333335,0.004020954346,0.0,0.0,1.0,5.499999999999999,1.4062378987333335,2
1769784904.256267,2083.3333333333335,0.004020954346,0.0,0.0,1.0,5.499999999999999,1.4062378987333335,2
1769784904.257309,2083.3333333333335,0.004020954346,0.0,0.0,1.0,5.499999999999999,1.4062378987333335,2
1769784904.2583203,2083.3333333333335,0.004020954346,0.0,0.0,1.0,5.499999999999999,1.4062378987333335,2
1769784904.2595315,2083.3333333333335,0.004020954346,0.0,0.0,1.0,5.499999999999999,1.4062378987333335,2
1769784904.2612786,2083.3333333333335,0.004020954346,0.0,0.0,1.0,5.499999999999999,1.4062378987333335,2
1769784904.264019,2083.3333333333335,0.004020954346,0.0,0.0,1.0,5.499999999999999,1.4062378987333335,2
1769784904.2654397,2083.3333333333335,0.004020954346,0.0,0.0,1.0,5.499999999999999,1.4062378987333335,2
1769784904.266586,2083.3333333333335,0.004020954346,0.0,0.0,1.0,5.499999999999999,1.4062378987333335,2
1769784904.2677124,2083.3333333333335,0.004020954346,0.0,0.0,1.0,5.499999999999999,1.4062378987333335,2
1769784904.2692168,2083.3333333333335,0.004020954346,0.0,0.0,1.0,5.499999999999999,1.4062378987333335,2
1769784904.2705522,2083.3333333333335,0.004020954346,0.0,0.0,1.0,5.499999999999999,1.4062378987333335,2
1769784904.2717228,2083.3333333333335,0.004020954346,0.0,0.0,1.0,5.499999999999999,1.4062378987333335,2
1769784904.2729836,2083.3333333333335,0.004020954346,0.0,0.0,1.0,5.499999999999999,1.4062378987333335,2
1769784904.2740612,2083.3333333333335,0.004020954346,0.0,0.0,1.0,5.499999999999999,1.4062378987333335,2
1769784904.275035,2083.3333333333335,0.004020954346,0.0,0.0,1.0,5.499999999999999,1.4062378987333335,2
1769784904.2760792,2083.3333333333335,0.004020954346,0.0,0.0,1.0,5.499999999999999,1.4062378987333335,2
1769784904.2781105,2083.3333333333335,0.004020954346,0.0,0.0,1.0,5.499999999999999,1.4062378987333335,2
1769784904.2792103,2083.3333333333335,0.004020954346,0.0,0.0,1.0,5.499999999999999,1.4062378987333335,2
1769784904.2804644,2083.3333333333335,0.004020954346,0.0,0.0,1.0,5.499999999999999,1.4062378987333335,2
1769784904.2815163,2083.3333333333335,0.004020954346,0.0,0.0,1.0,5.499999999999999,1.4062378987333335,2
1769784904.282597,2083.3333333333335,0.004020954346,0.0,0.0,1.0,5.499999999999999,1.4062378987333335,2
1769784904.2838595,2083.3333333333335,0.004020954346,0.0,0.0,1.0,5.499999999999999,1.4062378987333335,2
1769784904.2854578,2083.3333333333335,0.004020954346,0.0,0.0,1.0,5.499999999999999,1.4062378987333335,2
1769784904.2866802,2083.3333333333335,0.004020954346,0.0,0.0,1.0,5.499999999999999,1.4062378987333335,2
1769784904.2878115,2083.3333333333335,0.004020954346,0.0,0.0,1.0,5.499999999999999,1.4062378987333335,2
1769784904.2890162,2083.3333333333335,0.004020954346,0.0,0.0,1.0,5.499999999999999,1.4062378987333335,2
1769784904.2900114,2083.3333333333335,0.004020954346,0.0,0.0,1.0,5.499999999999999,1.4062378987333335,2
1769784904.2910192,2083.3333333333335,0.004020954346,0.0,0.0,1.0,5.499999999999999,1.4062378987333335,2
1769784904.2921524,2083.3333333333335,0.004020954346,0.0,0.0,1.0,5.499999999999999,1.4062378987333335,2
1769784904.2939074,2083.3333333333335,0.004020954346,0.0,0.0,1.0,5.499999999999999,1.4062378987333335,2
1769784904.295789,2083.3333333333335,0.004020954346,0.0,0.0,1.0,5.499999999999999,1.4062378987333335,2
1769784904.2970622,2083.3333333333335,0.004020954346,0.0,0.0,1.0,5.499999999999999,1.4062378987333335,2
1769784904.2980516,2083.3333333333335,0.004020954346,0.0,0.0,1.0,5.499999999999999,1.4062378987333335,2
1769784904.2991364,2083.3333333333335,0.004020954346,0.0,0.0,1.0,5.499999999999999,1.4062378987333335,2
1769784904.3018332,2083.3333333333335,0.004020954346,0.0,0.0,1.0,5.499999999999999,1.4062378987333335,2
1769784904.3029602,2083.3333333333335,0.004020954346,0.0,0.0,1.0,5.499999999999999,1.4062378987333335,2
1769784904.3041523,2083.3333333333335,0.004020954346,0.0,0.0,1.0,5.499999999999999,1.4062378987333335,2
1769784904.3055158,2083.3333333333335,0.004020954346,0.0,0.0,1.0,5.499999999999999,1.4062378987333335,2
1769784904.3065968,2083.3333333333335,0.004020954346,0.0,0.0,1.0,5.499999999999999,1.4062378987333335,2
1769784904.3083708,2083.3333333333335,0.004020954346,0.0,0.0,1.0,5.499999999999999,1.4062378987333335,2
1769784904.3106437,2083.3333333333335,0.004020954346,0.0,0.0,1.0,5.499999999999999,1.4062378987333335,2
1769784904.3119547,2083.3333333333335,0.004020954346,0.0,0.0,1.0,5.499999999999999,1.4062378987333335,2
1769784904.3134615,2083.3333333333335,0.004020954346,0.0,0.0,1.0,5.499999999999999,1.4062378987333335,2
1769784904.3147118,2083.3333333333335,0.004020954346,0.0,0.0,1.0,5.499999999999999,1.4062378987333335,2
1769784904.3158145,2083.3333333333335,0.004020954346,0.0,0.0,1.0,5.499999999999999,1.4062378987333335,2
1769784904.317315,2083.3333333333335,0.004020954346,0.0,0.0,1.0,5.499999999999999,1.4062378987333335,2
1769784904.3189583,2083.3333333333335,0.004020954346,0.0,0.0,1.0,5.499999999999999,1.4062378987333335,2
1769784904.3204656,2083.3333333333335,0.004020954346,0.0,0.0,1.0,5.499999999999999,1.4062378987333335,2
1769784904.321905,2083.3333333333335,0.004020954346,0.0,0.0,1.0,5.499999999999999,1.4062378987333335,2
1769784904.323527,2083.3333333333335,0.004020954346,0.0,0.0,1.0,5.499999999999999,1.4062378987333335,2
1769784904.3249378,2083.3333333333335,0.004020954346,0.0,0.0,1.0,5.499999999999999,1.4062378987333335,2
1769784904.3260338,2083.3333333333335,0.004020954346,0.0,0.0,1.0,5.499999999999999,1.4062378987333335,2
1769784904.3273118,2083.3333333333335,0.004020954346,0.0,0.0,1.0,5.499999999999999,1.4062378987333335,2
1769784904.328978,2083.3333333333335,0.004020954346,0.0,0.0,1.0,5.499999999999999,1.4062378987333335,2
1769784904.3311112,2083.3333333333335,0.004020954346,0.0,0.0,1.0,5.499999999999999,1.4062378987333335,2
1769784904.3323493,2083.3333333333335,0.004020954346,0.0,0.0,1.0,5.499999999999999,1.4062378987333335,2
1769784904.3334417,2083.3333333333335,0.004020954346,0.0,0.0,1.0,5.499999999999999,1.4062378987333335,2
1769784904.3350961,2083.3333333333335,0.004020954346,0.0,0.0,1.0,5.499999999999999,1.4062378987333335,2
1769784904.336842,2083.3333333333335,0.004020954346,0.0,0.0,1.0,5.499999999999999,1.4062378987333335,2
1769784904.3382487,2083.3333333333335,0.004020954346,0.0,0.0,1.0,5.499999999999999,1.4062378987333335,2
1769784904.3401487,2083.3333333333335,0.004020954346,0.0,0.0,1.0,5.499999999999999,1.4062378987333335,2
1769784904.3421068,2083.3333333333335,0.004020954346,0.0,0.0,1.0,5.499999999999999,1.4062378987333335,2
1769784904.3439329,2083.3333333333335,0.004020954346,0.0,0.0,1.0,5.499999999999999,1.4062378987333335,2
1769784904.3452077,2083.3333333333335,0.004020954346,0.0,0.0,1.0,5.499999999999999,1.4062378987333335,2
1769784904.3463726,2083.3333333333335,0.004020954346,0.0,0.0,1.0,5.499999999999999,1.4062378987333335,2
1769784904.3474526,2083.3333333333335,0.004020954346,0.0,0.0,1.0,5.499999999999999,1.4062378987333335,2
1769784904.3487055,2083.3333333333335,0.004020954346,0.0,0.0,1.0,5.499999999999999,1.4062378987333335,2
1769784904.3497727,2083.3333333333335,0.004020954346,0.0,0.0,1.0,5.499999999999999,1.4062378987333335,2
1769784904.3508482,2083.3333333333335,0.004020954346,0.0,0.0,1.0,5.499999999999999,1.4062378987333335,2
1769784904.3522608,2083.3333333333335,0.004020954346,0.0,0.0,1.0,5.499999999999999,1.4062378987333335,2
1769784904.3536491,2083.3333333333335,0.004020954346,0.0,0.0,1.0,5.499999999999999,1.4062378987333335,2
1769784904.3561795,2083.3333333333335,0.004020954346,0.0,0.0,1.0,5.499999999999999,1.4062378987333335,2
1769784904.438569,1927.7108433734938,0.004968992329,0.0,0.0,1.0,10.0,0.9308116104734938,2
1769784904.4405286,1941.747572815534,0.004968992329,0.0,0.0,1.0,5.499999999999999,1.1698483399155344,2
1769784904.4420645,1941.747572815534,0.004968992329,0.0,0.0,1.0,5.499999999999999,1.1698483399155344,2
1769784904.4438648,1941.747572815534,0.004968992329,0.0,0.0,1.0,5.499999999999999,1.1698483399155344,2
1769784904.4470887,1941.747572815534,0.004968992329,0.0,0.0,1.0,5.499999999999999,1.1698483399155344,2
1769784904.448918,1941.747572815534,0.004968992329,0.0,0.0,1.0,5.499999999999999,1.1698483399155344,2
1769784904.450383,1941.747572815534,0.004968992329,0.0,0.0,1.0,5.499999999999999,1.1698483399155344,2
1769784904.4524636,1941.747572815534,0.004968992329,0.0,0.0,1.0,5.499999999999999,1.1698483399155344,2
1769784904.45501,1941.747572815534,0.004968992329,0.0,0.0,1.0,5.499999999999999,1.1698483399155344,2
1769784904.4571574,1941.747572815534,0.004968992329,0.0,0.0,1.0,5.499999999999999,1.1698483399155344,2
1769784904.4585187,1941.747572815534,0.004968992329,0.0,0.0,1.0,5.499999999999999,1.1698483399155344,2
1769784904.4601634,1941.747572815534,0.004968992329,0.0,0.0,1.0,5.499999999999999,1.1698483399155344,2
1769784904.4616673,1941.747572815534,0.004968992329,0.0,0.0,1.0,5.499999999999999,1.1698483399155344,2
1769784904.462918,1941.747572815534,0.004968992329,0.0,0.0,1.0,5.499999999999999,1.1698483399155344,2
1769784904.464838,1941.747572815534,0.004968992329,0.0,0.0,1.0,5.499999999999999,1.1698483399155344,2
1769784904.4665992,1941.747572815534,0.004968992329,0.0,0.0,1.0,5.499999999999999,1.1698483399155344,2
1769784904.4685323,1941.747572815534,0.004968992329,0.0,0.0,1.0,5.499999999999999,1.1698483399155344,2
1769784904.4702928,1941.747572815534,0.004968992329,0.0,0.0,1.0,5.499999999999999,1.1698483399155344,2
1769784904.4715612,1941.747572815534,0.004968992329,0.0,0.0,1.0,5.499999999999999,1.1698483399155344,2
1769784904.4729145,1941.747572815534,0.004968992329,0.0,0.0,1.0,5.499999999999999,1.1698483399155344,2
1769784904.4742732,1941.747572815534,0.004968992329,0.0,0.0,1.0,5.499999999999999,1.1698483399155344,2
1769784904.4755855,1941.747572815534,0.004968992329,0.0,0.0,1.0,5.499999999999999,1.1698483399155344,2
1769784904.4771295,1941.747572815534,0.004968992329,0.0,0.0,1.0,5.499999999999999,1.1698483399155344,2
1769784904.4786003,1941.747572815534,0.004968992329,0.0,0.0,1.0,5.499999999999999,1.1698483399155344,2
1769784904.4814959,1941.747572815534,0.004968992329,0.0,0.0,1.0,5.499999999999999,1.1698483399155344,2
1769784904.4834476,1941.747572815534,0.004968992329,0.0,0.0,1.0,5.499999999999999,1.1698483399155344,2
1769784904.4852421,1941.747572815534,0.004968992329,0.0,0.0,1.0,5.499999999999999,1.1698483399155344,2
1769784904.4867835,1941.747572815534,0.004968992329,0.0,0.0,1.0,5.499999999999999,1.1698483399155344,2
1769784904.4886448,1941.747572815534,0.004968992329,0.0,0.0,1.0,5.499999999999999,1.1698483399155344,2
1769784904.4902544,1941.747572815534,0.004968992329,0.0,0.0,1.0,5.499999999999999,1.1698483399155344,2
1769784904.4918735,1941.747572815534,0.004968992329,0.0,0.0,1.0,5.499999999999999,1.1698483399155344,2
1769784904.4937387,1941.747572815534,0.004968992329,0.0,0.0,1.0,5.499999999999999,1.1698483399155344,2
1769784904.4954875,1941.747572815534,0.004968992329,0.0,0.0,1.0,5.499999999999999,1.1698483399155344,2
1769784904.4967728,1941.747572815534,0.004968992329,0.0,0.0,1.0,5.499999999999999,1.1698483399155344,2
1769784904.4980514,1941.747572815534,0.004968992329,0.0,0.0,1.0,5.499999999999999,1.1698483399155344,2
1769784904.4995973,1941.747572815534,0.004968992329,0.0,0.0,1.0,5.499999999999999,1.1698483399155344,2
1769784904.501167,1941.747572815534,0.004968992329,0.0,0.0,1.0,5.499999999999999,1.1698483399155344,2
1769784904.5027885,1941.747572815534,0.004968992329,0.0,0.0,1.0,5.499999999999999,1.1698483399155344,2
1769784904.5044022,1941.747572815534,0.004968992329,0.0,0.0,1.0,5.499999999999999,1.1698483399155344,2
1769784904.5056624,1941.747572815534,0.004968992329,0.0,0.0,1.0,5.499999999999999,1.1698483399155344,2
1769784904.5069997,1941.747572815534,0.004968992329,0.0,0.0,1.0,5.499999999999999,1.1698483399155344,2
1769784904.508301,1941.747572815534,0.004968992329,0.0,0.0,1.0,5.499999999999999,1.1698483399155344,2
1769784904.5106015,1941.747572815534,0.004968992329,0.0,0.0,1.0,5.499999999999999,1.1698483399155344,2
1769784904.5127718,1941.747572815534,0.004968992329,0.0,0.0,1.0,5.499999999999999,1.1698483399155344,2
1769784904.5148275,1941.747572815534,0.004968992329,0.0,0.0,1.0,5.499999999999999,1.1698483399155344,2
1769784904.5181365,1941.747572815534,0.004968992329,0.0,0.0,1.0,5.499999999999999,1.1698483399155344,2
1769784904.5214236,1941.747572815534,0.004968992329,0.0,0.0,1.0,5.499999999999999,1.1698483399155344,2
1769784904.5234308,1941.747572815534,0.004968992329,0.0,0.0,1.0,5.499999999999999,1.1698483399155344,2
1769784904.5259159,1941.747572815534,0.004968992329,0.0,0.0,1.0,5.499999999999999,1.1698483399155344,2
1769784904.5277767,1941.747572815534,0.004968992329,0.0,0.0,1.0,5.499999999999999,1.1698483399155344,2
1769784904.5294626,1941.747572815534,0.004968992329,0.0,0.0,1.0,5.499999999999999,1.1698483399155344,2
1769784904.5308888,1941.747572815534,0.004968992329,0.0,0.0,1.0,5.499999999999999,1.1698483399155344,2
1769784904.5322351,1941.747572815534,0.004968992329,0.0,0.0,1.0,5.499999999999999,1.1698483399155344,2
1769784904.533594,1941.747572815534,0.004968992329,0.0,0.0,1.0,5.499999999999999,1.1698483399155344,2
1769784904.5348544,1941.747572815534,0.004968992329,0.0,0.0,1.0,5.499999999999999,1.1698483399155344,2
1769784904.536144,1941.747572815534,0.004968992329,0.0,0.0,1.0,5.499999999999999,1.1698483399155344,2
1769784904.5374134,1941.747572815534,0.004968992329,0.0,0.0,1.0,5.499999999999999,1.1698483399155344,2
1769784904.5386388,1941.747572815534,0.004968992329,0.0,0.0,1.0,5.499999999999999,1.1698483399155344,2
1769784904.5400085,1941.747572815534,0.004968992329,0.0,0.0,1.0,5.499999999999999,1.1698483399155344,2
1769784904.5418408,1941.747572815534,0.004968992329,0.0,0.0,1.0,5.499999999999999,1.1698483399155344,2
1769784904.543271,1941.747572815534,0.004968992329,0.0,0.0,1.0,5.499999999999999,1.1698483399155344,2
1769784904.544649,1941.747572815534,0.004968992329,0.0,0.0,1.0,5.499999999999999,1.1698483399155344,2
1769784904.5460544,1941.747572815534,0.004968992329,0.0,0.0,1.0,5.499999999999999,1.1698483399155344,2
1769784904.547767,1941.747572815534,0.004968992329,0.0,0.0,1.0,5.499999999999999,1.1698483399155344,2
1769784904.5493028,1941.747572815534,0.004968992329,0.0,0.0,1.0,5.499999999999999,1.1698483399155344,2
1769784904.550813,1941.747572815534,0.004968992329,0.0,0.0,1.0,5.499999999999999,1.1698483399155344,2
1769784904.552284,1941.747572815534,0.004968992329,0.0,0.0,1.0,5.499999999999999,1.1698483399155344,2
1769784904.5537791,1941.747572815534,0.004968992329,0.0,0.0,1.0,5.499999999999999,1.1698483399155344,2
1769784904.5567062,1941.747572815534,0.004968992329,0.0,0.0,1.0,5.499999999999999,1.1698483399155344,2
1769784904.559051,1941.747572815534,0.004968992329,0.0,0.0,1.0,5.499999999999999,1.1698483399155344,2
1769784904.5610142,1941.747572815534,0.004968992329,0.0,0.0,1.0,5.499999999999999,1.1698483399155344,2
1769784904.5629401,1941.747572815534,0.004968992329,0.0,0.0,1.0,5.499999999999999,1.1698483399155344,2
1769784904.5659335,1941.747572815534,0.004968992329,0.0,0.0,1.0,5.499999999999999,1.1698483399155344,2
1769784904.5678296,1941.747572815534,0.004968992329,0.0,0.0,1.0,5.499999999999999,1.1698483399155344,2
1769784904.570514,1941.747572815534,0.004968992329,0.0,0.0,1.0,5.499999999999999,1.1698483399155344,2
1769784904.5733895,1941.747572815534,0.004968992329,0.0,0.0,1.0,5.499999999999999,1.1698483399155344,2
1769784904.5754645,1941.747572815534,0.004968992329,0.0,0.0,1.0,5.499999999999999,1.1698483399155344,2
1769784904.5778718,1941.747572815534,0.004968992329,0.0,0.0,1.0,5.499999999999999,1.1698483399155344,2
1769784904.5809722,1941.747572815534,0.004968992329,0.0,0.0,1.0,5.499999999999999,1.1698483399155344,2
1769784904.5829852,1941.747572815534,0.004968992329,0.0,0.0,1.0,5.499999999999999,1.1698483399155344,2
1769784904.5853636,1941.747572815534,0.004968992329,0.0,0.0,1.0,5.499999999999999,1.1698483399155344,2
1769784904.5875592,1941.747572815534,0.004968992329,0.0,0.0,1.0,5.499999999999999,1.1698483399155344,2
1769784904.589796,1941.747572815534,0.004968992329,0.0,0.0,1.0,5.499999999999999,1.1698483399155344,2
1769784904.5924456,1941.747572815534,0.004968992329,0.0,0.0,1.0,5.499999999999999,1.1698483399155344,2
1769784904.5949848,1941.747572815534,0.004968992329,0.0,0.0,1.0,5.499999999999999,1.1698483399155344,2
1769784904.5979254,1941.747572815534,0.004968992329,0.0,0.0,1.0,5.499999999999999,1.1698483399155344,2
1769784904.6021295,1941.747572815534,0.004968992329,0.0,0.0,1.0,5.499999999999999,1.1698483399155344,2
1769784904.605299,1941.747572815534,0.004968992329,0.0,0.0,1.0,5.499999999999999,1.1698483399155344,2
1769784904.607486,1941.747572815534,0.004968992329,0.0,0.0,1.0,5.499999999999999,1.1698483399155344,2
1769784904.6093826,1941.747572815534,0.004968992329,0.0,0.0,1.0,5.499999999999999,1.1698483399155344,2
1769784904.612202,1941.747572815534,0.004968992329,0.0,0.0,1.0,5.499999999999999,1.1698483399155344,2
1769784904.6142814,1941.747572815534,0.004968992329,0.0,0.0,1.0,5.499999999999999,1.1698483399155344,2
1769784904.6160097,1941.747572815534,0.004968992329,0.0,0.0,1.0,5.499999999999999,1.1698483399155344,2
1769784904.6173978,1941.747572815534,0.004968992329,0.0,0.0,1.0,5.499999999999999,1.1698483399155344,2
1769784904.6184824,1941.747572815534,0.004968992329,0.0,0.0,1.0,5.499999999999999,1.1698483399155344,2
1769784904.6201622,1941.747572815534,0.004968992329,0.0,0.0,1.0,5.499999999999999,1.1698483399155344,2
1769784904.6213381,1941.747572815534,0.004968992329,0.0,0.0,1.0,5.499999999999999,1.1698483399155344,2
1769784904.6225243,1941.747572815534,0.004968992329,0.0,0.0,1.0,5.499999999999999,1.1698483399155344,2
1769784904.6237688,1941.747572815534,0.004968992329,0.0,0.0,1.0,5.499999999999999,1.1698483399155344,2
1769784904.6249151,1941.747572815534,0.004968992329,0.0,0.0,1.0,5.499999999999999,1.1698483399155344,2
1769784904.6259663,1941.747572815534,0.004968992329,0.0,0.0,1.0,5.499999999999999,1.1698483399155344,2
1769784904.6269965,1941.747572815534,0.004968992329,0.0,0.0,1.0,5.499999999999999,1.1698483399155344,2
1769784904.6284754,1941.747572815534,0.004968992329,0.0,0.0,1.0,5.499999999999999,1.1698483399155344,2
1769784904.6297596,1941.747572815534,0.004968992329,0.0,0.0,1.0,5.499999999999999,1.1698483399155344,2
1769784904.6308665,1941.747572815534,0.004968992329,0.0,0.0,1.0,5.499999999999999,1.1698483399155344,2
1769784904.632128,1941.747572815534,0.004968992329,0.0,0.0,1.0,5.499999999999999,1.1698483399155344,2
1769784904.6332333,1941.747572815534,0.004968992329,0.0,0.0,1.0,5.499999999999999,1.1698483399155344,2
1769784904.6343546,1941.747572815534,0.004968992329,0.0,0.0,1.0,5.499999999999999,1.1698483399155344,2
1769784904.6357572,1941.747572815534,0.004968992329,0.0,0.0,1.0,5.499999999999999,1.1698483399155344,2
1769784904.6373656,1941.747572815534,0.004968992329,0.0,0.0,1.0,5.499999999999999,1.1698483399155344,2
1769784904.6384318,1941.747572815534,0.004968992329,0.0,0.0,1.0,5.499999999999999,1.1698483399155344,2
1769784904.6396646,1941.747572815534,0.004968992329,0.0,0.0,1.0,5.499999999999999,1.1698483399155344,2
1769784904.6407688,1941.747572815534,0.004968992329,0.0,0.0,1.0,5.499999999999999,1.1698483399155344,2
1769784904.6418626,1941.747572815534,0.004968992329,0.0,0.0,1.0,5.499999999999999,1.1698483399155344,2
1769784904.6430585,1941.747572815534,0.004968992329,0.0,0.0,1.0,5.499999999999999,1.1698483399155344,2
1769784904.6444533,1941.747572815534,0.004968992329,0.0,0.0,1.0,5.499999999999999,1.1698483399155344,2
1769784904.645598,1941.747572815534,0.004968992329,0.0,0.0,1.0,5.499999999999999,1.1698483399155344,2
1769784904.6471596,1941.747572815534,0.004968992329,0.0,0.0,1.0,5.499999999999999,1.1698483399155344,2
1769784904.64841,1941.747572815534,0.004968992329,0.0,0.0,1.0,5.499999999999999,1.1698483399155344,2
1769784904.6498823,1941.747572815534,0.004968992329,0.0,0.0,1.0,5.499999999999999,1.1698483399155344,2
1769784904.6510348,1941.747572815534,0.004968992329,0.0,0.0,1.0,5.499999999999999,1.1698483399155344,2
1769784904.6527781,1941.747572815534,0.004968992329,0.0,0.0,1.0,5.499999999999999,1.1698483399155344,2
1769784904.655884,1941.747572815534,0.004968992329,0.0,0.0,1.0,5.499999999999999,1.1698483399155344,2
1769784904.6577902,1941.747572815534,0.004968992329,0.0,0.0,1.0,5.499999999999999,1.1698483399155344,2
1769784904.659814,1941.747572815534,0.004968992329,0.0,0.0,1.0,5.499999999999999,1.1698483399155344,2
1769784904.6610656,1941.747572815534,0.004968992329,0.0,0.0,1.0,5.499999999999999,1.1698483399155344,2
1769784904.6620197,1941.747572815534,0.004968992329,0.0,0.0,1.0,5.499999999999999,1.1698483399155344,2
1769784904.66293,1941.747572815534,0.004968992329,0.0,0.0,1.0,5.499999999999999,1.1698483399155344,2
1769784904.663938,1941.747572815534,0.004968992329,0.0,0.0,1.0,5.499999999999999,1.1698483399155344,2
1769784904.6649802,1941.747572815534,0.004968992329,0.0,0.0,1.0,5.499999999999999,1.1698483399155344,2
1769784904.6659534,1941.747572815534,0.004968992329,0.0,0.0,1.0,5.499999999999999,1.1698483399155344,2
1769784904.6671538,1941.747572815534,0.004968992329,0.0,0.0,1.0,5.499999999999999,1.1698483399155344,2
1769784904.668523,1941.747572815534,0.004968992329,0.0,0.0,1.0,5.499999999999999,1.1698483399155344,2
1769784904.6694157,1941.747572815534,0.004968992329,0.0,0.0,1.0,5.499999999999999,1.1698483399155344,2
1769784904.6703386,1941.747572815534,0.004968992329,0.0,0.0,1.0,5.499999999999999,1.1698483399155344,2
1769784904.671314,1941.747572815534,0.004968992329,0.0,0.0,1.0,5.499999999999999,1.1698483399155344,2
1769784904.6725197,1941.747572815534,0.004968992329,0.0,0.0,1.0,5.499999999999999,1.1698483399155344,2
1769784904.6736035,1941.747572815534,0.004968992329,0.0,0.0,1.0,5.499999999999999,1.1698483399155344,2
1769784904.6745887,1941.747572815534,0.004968992329,0.0,0.0,1.0,5.499999999999999,1.1698483399155344,2
1769784904.675738,1941.747572815534,0.004968992329,0.0,0.0,1.0,5.499999999999999,1.1698483399155344,2
1769784904.676934,1941.747572815534,0.004968992329,0.0,0.0,1.0,5.499999999999999,1.1698483399155344,2
1769784904.6779134,1941.747572815534,0.004968992329,0.0,0.0,1.0,5.499999999999999,1.1698483399155344,2
1769784904.6788964,1941.747572815534,0.004968992329,0.0,0.0,1.0,5.499999999999999,1.1698483399155344,2
1769784904.6800623,1941.747572815534,0.004968992329,0.0,0.0,1.0,5.499999999999999,1.1698483399155344,2
1769784904.681188,1941.747572815534,0.004968992329,0.0,0.0,1.0,5.499999999999999,1.1698483399155344,2
1769784904.6821232,1941.747572815534,0.004968992329,0.0,0.0,1.0,5.499999999999999,1.1698483399155344,2
1769784904.6835206,1941.747572815534,0.004968992329,0.0,0.0,1.0,5.499999999999999,1.1698483399155344,2
1769784904.6849446,1941.747572815534,0.004968992329,0.0,0.0,1.0,5.499999999999999,1.1698483399155344,2
1769784904.6859827,1941.747572815534,0.004968992329,0.0,0.0,1.0,5.499999999999999,1.1698483399155344,2
1769784904.6875541,1941.747572815534,0.004968992329,0.0,0.0,1.0,5.499999999999999,1.1698483399155344,2
1769784904.6888402,1941.747572815534,0.004968992329,0.0,0.0,1.0,5.499999999999999,1.1698483399155344,2
1769784904.6898572,1941.747572815534,0.004968992329,0.0,0.0,1.0,5.499999999999999,1.1698483399155344,2
1769784904.6913369,1941.747572815534,0.004968992329,0.0,0.0,1.0,5.499999999999999,1.1698483399155344,2
1769784904.6926303,1941.747572815534,0.004968992329,0.0,0.0,1.0,5.499999999999999,1.1698483399155344,2
1769784904.693728,1941.747572815534,0.004968992329,0.0,0.0,1.0,5.499999999999999,1.1698483399155344,2
1769784904.694753,1941.747572815534,0.004968992329,0.0,0.0,1.0,5.499999999999999,1.1698483399155344,2
1769784904.695902,1941.747572815534,0.004968992329,0.0,0.0,1.0,5.499999999999999,1.1698483399155344,2
1769784904.6968846,1941.747572815534,0.004968992329,0.0,0.0,1.0,5.499999999999999,1.1698483399155344,2
1769784904.6978714,1941.747572815534,0.004968992329,0.0,0.0,1.0,5.499999999999999,1.1698483399155344,2
1769784904.699252,1941.747572815534,0.004968992329,0.0,0.0,1.0,5.499999999999999,1.1698483399155344,2
1769784904.7004883,1941.747572815534,0.004968992329,0.0,0.0,1.0,5.499999999999999,1.1698483399155344,2
1769784904.7014863,1941.747572815534,0.004968992329,0.0,0.0,1.0,5.499999999999999,1.1698483399155344,2
1769784904.7029257,1941.747572815534,0.004968992329,0.0,0.0,1.0,5.499999999999999,1.1698483399155344,2
1769784904.7040184,1941.747572815534,0.004968992329,0.0,0.0,1.0,5.499999999999999,1.1698483399155344,2
1769784904.7050302,1941.747572815534,0.004968992329,0.0,0.0,1.0,5.499999999999999,1.1698483399155344,2
1769784904.7060323,1941.747572815534,0.004968992329,0.0,0.0,1.0,5.499999999999999,1.1698483399155344,2
1769784904.7072473,1941.747572815534,0.004968992329,0.0,0.0,1.0,5.499999999999999,1.1698483399155344,2
1769784904.7085457,1941.747572815534,0.004968992329,0.0,0.0,1.0,5.499999999999999,1.1698483399155344,2
1769784904.7095618,1941.747572815534,0.004968992329,0.0,0.0,1.0,5.499999999999999,1.1698483399155344,2
1769784904.7105124,1941.747572815534,0.004968992329,0.0,0.0,1.0,5.499999999999999,1.1698483399155344,2
1769784904.711884,1941.747572815534,0.004968992329,0.0,0.0,1.0,5.499999999999999,1.1698483399155344,2
1769784904.7131472,1941.747572815534,0.004968992329,0.0,0.0,1.0,5.499999999999999,1.1698483399155344,2
1769784904.714405,1941.747572815534,0.004968992329,0.0,0.0,1.0,5.499999999999999,1.1698483399155344,2
1769784904.7159348,1941.747572815534,0.004968992329,0.0,0.0,1.0,5.499999999999999,1.1698483399155344,2
1769784904.7172196,1941.747572815534,0.004968992329,0.0,0.0,1.0,5.499999999999999,1.1698483399155344,2
1769784904.7185156,1941.747572815534,0.004968992329,0.0,0.0,1.0,5.499999999999999,1.1698483399155344,2
1769784904.719932,1941.747572815534,0.004968992329,0.0,0.0,1.0,5.499999999999999,1.1698483399155344,2
1769784904.7214327,1941.747572815534,0.004968992329,0.0,0.0,1.0,5.499999999999999,1.1698483399155344,2
1769784904.7232535,1941.747572815534,0.004968992329,0.0,0.0,1.0,5.499999999999999,1.1698483399155344,2
1769784904.7245803,1941.747572815534,0.004968992329,0.0,0.0,1.0,5.499999999999999,1.1698483399155344,2
1769784904.7257557,1941.747572815534,0.004968992329,0.0,0.0,1.0,5.499999999999999,1.1698483399155344,2
1769784904.7269228,1941.747572815534,0.004968992329,0.0,0.0,1.0,5.499999999999999,1.1698483399155344,2
1769784904.7282448,1941.747572815534,0.004968992329,0.0,0.0,1.0,5.499999999999999,1.1698483399155344,2
1769784904.729506,1941.747572815534,0.004968992329,0.0,0.0,1.0,5.499999999999999,1.1698483399155344,2
1769784904.731333,1941.747572815534,0.004968992329,0.0,0.0,1.0,5.499999999999999,1.1698483399155344,2
1769784904.7330737,1941.747572815534,0.004968992329,0.0,0.0,1.0,5.499999999999999,1.1698483399155344,2
1769784904.7340963,1941.747572815534,0.004968992329,0.0,0.0,1.0,5.499999999999999,1.1698483399155344,2
1769784904.7356822,1941.747572815534,0.004968992329,0.0,0.0,1.0,5.499999999999999,1.1698483399155344,2
1769784904.7371535,1941.747572815534,0.004968992329,0.0,0.0,1.0,5.499999999999999,1.1698483399155344,2
1769784904.7389553,1941.747572815534,0.004968992329,0.0,0.0,1.0,5.499999999999999,1.1698483399155344,2
1769784904.7402296,1941.747572815534,0.004968992329,0.0,0.0,1.0,5.499999999999999,1.1698483399155344,2
1769784904.7414122,1941.747572815534,0.004968992329,0.0,0.0,1.0,5.499999999999999,1.1698483399155344,2
1769784904.7425032,1941.747572815534,0.004968992329,0.0,0.0,1.0,5.499999999999999,1.1698483399155344,2
1769784904.7437322,1941.747572815534,0.004968992329,0.0,0.0,1.0,5.499999999999999,1.1698483399155344,2
1769784904.7450643,1941.747572815534,0.004968992329,0.0,0.0,1.0,5.499999999999999,1.1698483399155344,2
1769784904.7460585,1941.747572815534,0.004968992329,0.0,0.0,1.0,5.499999999999999,1.1698483399155344,2
1769784904.7476435,1941.747572815534,0.004968992329,0.0,0.0,1.0,5.499999999999999,1.1698483399155344,2
1769784904.749285,1941.747572815534,0.004968992329,0.0,0.0,1.0,5.499999999999999,1.1698483399155344,2
1769784904.750607,1941.747572815534,0.004968992329,0.0,0.0,1.0,5.499999999999999,1.1698483399155344,2
1769784904.752038,1941.747572815534,0.004968992329,0.0,0.0,1.0,5.499999999999999,1.1698483399155344,2
1769784904.8256319,2127.659574468085,0.004086813192,0.0,0.0,1.0,10.0,1.218978255268085,2
1769784904.8284144,2127.659574468085,0.004086813192,0.0,0.0,1.0,5.499999999999999,1.443978255268085,2
1769784904.8297427,2127.659574468085,0.004086813192,0.0,0.0,1.0,5.499999999999999,1.443978255268085,2
1769784904.8309784,2127.659574468085,0.004086813192,0.0,0.0,1.0,5.499999999999999,1.443978255268085,2
1769784904.8323011,2127.659574468085,0.004086813192,0.0,0.0,1.0,5.499999999999999,1.443978255268085,2
1769784904.8337555,2127.659574468085,0.004086813192,0.0,0.0,1.0,5.499999999999999,1.443978255268085,2
1769784904.8356647,2127.659574468085,0.004086813192,0.0,0.0,1.0,5.499999999999999,1.443978255268085,2
1769784904.8381233,2127.659574468085,0.004086813192,0.0,0.0,1.0,5.499999999999999,1.443978255268085,2
1769784904.8402002,2127.659574468085,0.004086813192,0.0,0.0,1.0,5.499999999999999,1.443978255268085,2
1769784904.8424404,2127.659574468085,0.004086813192,0.0,0.0,1.0,5.499999999999999,1.443978255268085,2
1769784904.8445246,2127.659574468085,0.004086813192,0.0,0.0,1.0,5.499999999999999,1.443978255268085,2
1769784904.8461158,2127.659574468085,0.004086813192,0.0,0.0,1.0,5.499999999999999,1.443978255268085,2
1769784904.8479166,2127.659574468085,0.004086813192,0.0,0.0,1.0,5.499999999999999,1.443978255268085,2
1769784904.849251,2127.659574468085,0.004086813192,0.0,0.0,1.0,5.499999999999999,1.443978255268085,2
1769784904.8514242,2127.659574468085,0.004086813192,0.0,0.0,1.0,5.499999999999999,1.443978255268085,2
1769784904.8530796,2127.659574468085,0.004086813192,0.0,0.0,1.0,5.499999999999999,1.443978255268085,2
1769784904.854424,2127.659574468085,0.004086813192,0.0,0.0,1.0,5.499999999999999,1.443978255268085,2
1769784904.855825,2127.659574468085,0.004086813192,0.0,0.0,1.0,5.499999999999999,1.443978255268085,2
1769784904.8571312,2127.659574468085,0.004086813192,0.0,0.0,1.0,5.499999999999999,1.443978255268085,2
1769784904.8587725,2127.659574468085,0.004086813192,0.0,0.0,1.0,5.499999999999999,1.443978255268085,2
1769784904.8601558,2127.659574468085,0.004086813192,0.0,0.0,1.0,5.499999999999999,1.443978255268085,2
1769784904.862523,2127.659574468085,0.004086813192,0.0,0.0,1.0,5.499999999999999,1.443978255268085,2
1769784904.863912,2127.659574468085,0.004086813192,0.0,0.0,1.0,5.499999999999999,1.443978255268085,2
1769784904.8654432,2127.659574468085,0.004086813192,0.0,0.0,1.0,5.499999999999999,1.443978255268085,2
1769784904.866618,2127.659574468085,0.004086813192,0.0,0.0,1.0,5.499999999999999,1.443978255268085,2
1769784904.8676338,2127.659574468085,0.004086813192,0.0,0.0,1.0,5.499999999999999,1.443978255268085,2
1769784904.8688405,2127.659574468085,0.004086813192,0.0,0.0,1.0,5.499999999999999,1.443978255268085,2
1769784904.869824,2127.659574468085,0.004086813192,0.0,0.0,1.0,5.499999999999999,1.443978255268085,2
1769784904.8708217,2127.659574468085,0.004086813192,0.0,0.0,1.0,5.499999999999999,1.443978255268085,2
1769784904.8718822,2127.659574468085,0.004086813192,0.0,0.0,1.0,5.499999999999999,1.443978255268085,2
1769784904.873135,2127.659574468085,0.004086813192,0.0,0.0,1.0,5.499999999999999,1.443978255268085,2
1769784904.8744063,2127.659574468085,0.004086813192,0.0,0.0,1.0,5.499999999999999,1.443978255268085,2
1769784904.8754683,2127.659574468085,0.004086813192,0.0,0.0,1.0,5.499999999999999,1.443978255268085,2
1769784904.8766527,2127.659574468085,0.004086813192,0.0,0.0,1.0,5.499999999999999,1.443978255268085,2
1769784904.8776183,2127.659574468085,0.004086813192,0.0,0.0,1.0,5.499999999999999,1.443978255268085,2
1769784904.8786428,2127.659574468085,0.004086813192,0.0,0.0,1.0,5.499999999999999,1.443978255268085,2
1769784904.8798516,2127.659574468085,0.004086813192,0.0,0.0,1.0,5.499999999999999,1.443978255268085,2
1769784904.8810697,2127.659574468085,0.004086813192,0.0,0.0,1.0,5.499999999999999,1.443978255268085,2
1769784904.8823185,2127.659574468085,0.004086813192,0.0,0.0,1.0,5.499999999999999,1.443978255268085,2
1769784904.8833542,2127.659574468085,0.004086813192,0.0,0.0,1.0,5.499999999999999,1.443978255268085,2
1769784904.8846087,2127.659574468085,0.004086813192,0.0,0.0,1.0,5.499999999999999,1.443978255268085,2
1769784904.88569,2127.659574468085,0.004086813192,0.0,0.0,1.0,5.499999999999999,1.443978255268085,2
1769784904.886854,2127.659574468085,0.004086813192,0.0,0.0,1.0,5.499999999999999,1.443978255268085,2
1769784904.8879097,2127.659574468085,0.004086813192,0.0,0.0,1.0,5.499999999999999,1.443978255268085,2
1769784904.889305,2127.659574468085,0.004086813192,0.0,0.0,1.0,5.499999999999999,1.443978255268085,2
1769784904.8905187,2127.659574468085,0.004086813192,0.0,0.0,1.0,5.499999999999999,1.443978255268085,2
1769784904.891603,2127.659574468085,0.004086813192,0.0,0.0,1.0,5.499999999999999,1.443978255268085,2
1769784904.8926723,2127.659574468085,0.004086813192,0.0,0.0,1.0,5.499999999999999,1.443978255268085,2
1769784904.8936625,2127.659574468085,0.004086813192,0.0,0.0,1.0,5.499999999999999,1.443978255268085,2
1769784904.8954957,2127.659574468085,0.004086813192,0.0,0.0,1.0,5.499999999999999,1.443978255268085,2
1769784904.8981404,2127.659574468085,0.004086813192,0.0,0.0,1.0,5.499999999999999,1.443978255268085,2
1769784904.8995574,2127.659574468085,0.004086813192,0.0,0.0,1.0,5.499999999999999,1.443978255268085,2
1769784904.900756,2127.659574468085,0.004086813192,0.0,0.0,1.0,5.499999999999999,1.443978255268085,2
1769784904.9021664,2127.659574468085,0.004086813192,0.0,0.0,1.0,5.499999999999999,1.443978255268085,2
1769784904.9035223,2127.659574468085,0.004086813192,0.0,0.0,1.0,5.499999999999999,1.443978255268085,2
1769784904.9048967,2127.659574468085,0.004086813192,0.0,0.0,1.0,5.499999999999999,1.443978255268085,2
1769784904.906332,2127.659574468085,0.004086813192,0.0,0.0,1.0,5.499999999999999,1.443978255268085,2
1769784904.9077306,2127.659574468085,0.004086813192,0.0,0.0,1.0,5.499999999999999,1.443978255268085,2
1769784904.9087667,2127.659574468085,0.004086813192,0.0,0.0,1.0,5.499999999999999,1.443978255268085,2
1769784904.9099972,2127.659574468085,0.004086813192,0.0,0.0,1.0,5.499999999999999,1.443978255268085,2
1769784904.911049,2127.659574468085,0.004086813192,0.0,0.0,1.0,5.499999999999999,1.443978255268085,2
1769784904.9132147,2127.659574468085,0.004086813192,0.0,0.0,1.0,5.499999999999999,1.443978255268085,2
1769784904.91451,2127.659574468085,0.004086813192,0.0,0.0,1.0,5.499999999999999,1.443978255268085,2
1769784904.9155543,2127.659574468085,0.004086813192,0.0,0.0,1.0,5.499999999999999,1.443978255268085,2
1769784904.9167588,2127.659574468085,0.004086813192,0.0,0.0,1.0,5.499999999999999,1.443978255268085,2
1769784904.9179306,2127.659574468085,0.004086813192,0.0,0.0,1.0,5.499999999999999,1.443978255268085,2
1769784904.9188797,2127.659574468085,0.004086813192,0.0,0.0,1.0,5.499999999999999,1.443978255268085,2
1769784904.9198823,2127.659574468085,0.004086813192,0.0,0.0,1.0,5.499999999999999,1.443978255268085,2
1769784904.9210985,2127.659574468085,0.004086813192,0.0,0.0,1.0,5.499999999999999,1.443978255268085,2
1769784904.9225712,2127.659574468085,0.004086813192,0.0,0.0,1.0,5.499999999999999,1.443978255268085,2
1769784904.9237285,2127.659574468085,0.004086813192,0.0,0.0,1.0,5.499999999999999,1.443978255268085,2
1769784904.9253752,2127.659574468085,0.004086813192,0.0,0.0,1.0,5.499999999999999,1.443978255268085,2
1769784904.926647,2127.659574468085,0.004086813192,0.0,0.0,1.0,5.499999999999999,1.443978255268085,2
1769784904.927743,2127.659574468085,0.004086813192,0.0,0.0,1.0,5.499999999999999,1.443978255268085,2
1769784904.9291294,2127.659574468085,0.004086813192,0.0,0.0,1.0,5.499999999999999,1.443978255268085,2
1769784904.9303925,2127.659574468085,0.004086813192,0.0,0.0,1.0,5.499999999999999,1.443978255268085,2
1769784904.9313693,2127.659574468085,0.004086813192,0.0,0.0,1.0,5.499999999999999,1.443978255268085,2
1769784904.9324117,2127.659574468085,0.004086813192,0.0,0.0,1.0,5.499999999999999,1.443978255268085,2
1769784904.9334228,2127.659574468085,0.004086813192,0.0,0.0,1.0,5.499999999999999,1.443978255268085,2
1769784904.934377,2127.659574468085,0.004086813192,0.0,0.0,1.0,5.499999999999999,1.443978255268085,2
1769784904.9353538,2127.659574468085,0.004086813192,0.0,0.0,1.0,5.499999999999999,1.443978255268085,2
1769784904.9369564,2127.659574468085,0.004086813192,0.0,0.0,1.0,5.499999999999999,1.443978255268085,2
1769784904.9381475,2127.659574468085,0.004086813192,0.0,0.0,1.0,5.499999999999999,1.443978255268085,2
1769784904.9391956,2127.659574468085,0.004086813192,0.0,0.0,1.0,5.499999999999999,1.443978255268085,2
1769784904.940896,2127.659574468085,0.004086813192,0.0,0.0,1.0,5.499999999999999,1.443978255268085,2
1769784904.9425254,2127.659574468085,0.004086813192,0.0,0.0,1.0,5.499999999999999,1.443978255268085,2
1769784904.943836,2127.659574468085,0.004086813192,0.0,0.0,1.0,5.499999999999999,1.443978255268085,2
1769784904.9460464,2127.659574468085,0.004086813192,0.0,0.0,1.0,5.499999999999999,1.443978255268085,2
1769784904.9477572,2127.659574468085,0.004086813192,0.0,0.0,1.0,5.499999999999999,1.443978255268085,2
1769784904.9490104,2127.659574468085,0.004086813192,0.0,0.0,1.0,5.499999999999999,1.443978255268085,2
1769784904.950225,2127.659574468085,0.004086813192,0.0,0.0,1.0,5.499999999999999,1.443978255268085,2
1769784904.9513092,2127.659574468085,0.004086813192,0.0,0.0,1.0,5.499999999999999,1.443978255268085,2
1769784904.9525206,2127.659574468085,0.004086813192,0.0,0.0,1.0,5.499999999999999,1.443978255268085,2
1769784904.9536564,2127.659574468085,0.004086813192,0.0,0.0,1.0,5.499999999999999,1.443978255268085,2
1769784904.9549232,2127.659574468085,0.004086813192,0.0,0.0,1.0,5.499999999999999,1.443978255268085,2
1769784904.9562514,2127.659574468085,0.004086813192,0.0,0.0,1.0,5.499999999999999,1.443978255268085,2
1769784904.9577837,2127.659574468085,0.004086813192,0.0,0.0,1.0,5.499999999999999,1.443978255268085,2
1769784904.9589658,2127.659574468085,0.004086813192,0.0,0.0,1.0,5.499999999999999,1.443978255268085,2
1769784904.9604707,2127.659574468085,0.004086813192,0.0,0.0,1.0,5.499999999999999,1.443978255268085,2
1769784904.9618833,2127.659574468085,0.004086813192,0.0,0.0,1.0,5.499999999999999,1.443978255268085,2
1769784904.9631038,2127.659574468085,0.004086813192,0.0,0.0,1.0,5.499999999999999,1.443978255268085,2
1769784904.9643164,2127.659574468085,0.004086813192,0.0,0.0,1.0,5.499999999999999,1.443978255268085,2
1769784904.9654536,2127.659574468085,0.004086813192,0.0,0.0,1.0,5.499999999999999,1.443978255268085,2
1769784904.9664626,2127.659574468085,0.004086813192,0.0,0.0,1.0,5.499999999999999,1.443978255268085,2
1769784904.9675105,2127.659574468085,0.004086813192,0.0,0.0,1.0,5.499999999999999,1.443978255268085,2
1769784904.968926,2127.659574468085,0.004086813192,0.0,0.0,1.0,5.499999999999999,1.443978255268085,2
1769784904.9701402,2127.659574468085,0.004086813192,0.0,0.0,1.0,5.499999999999999,1.443978255268085,2
1769784904.9711275,2127.659574468085,0.004086813192,0.0,0.0,1.0,5.499999999999999,1.443978255268085,2
1769784904.972349,2127.659574468085,0.004086813192,0.0,0.0,1.0,5.499999999999999,1.443978255268085,2
1769784904.9734054,2127.659574468085,0.004086813192,0.0,0.0,1.0,5.499999999999999,1.443978255268085,2
1769784904.974401,2127.659574468085,0.004086813192,0.0,0.0,1.0,5.499999999999999,1.443978255268085,2
1769784904.9753993,2127.659574468085,0.004086813192,0.0,0.0,1.0,5.499999999999999,1.443978255268085,2
1769784904.9767675,2127.659574468085,0.004086813192,0.0,0.0,1.0,5.499999999999999,1.443978255268085,2
1769784904.9779253,2127.659574468085,0.004086813192,0.0,0.0,1.0,5.499999999999999,1.443978255268085,2
1769784904.978994,2127.659574468085,0.004086813192,0.0,0.0,1.0,5.499999999999999,1.443978255268085,2
1769784904.9800696,2127.659574468085,0.004086813192,0.0,0.0,1.0,5.499999999999999,1.443978255268085,2
1769784904.9811354,2127.659574468085,0.004086813192,0.0,0.0,1.0,5.499999999999999,1.443978255268085,2
1769784904.9821312,2127.659574468085,0.004086813192,0.0,0.0,1.0,5.499999999999999,1.443978255268085,2
1769784904.983106,2127.659574468085,0.004086813192,0.0,0.0,1.0,5.499999999999999,1.443978255268085,2
1769784904.9843152,2127.659574468085,0.004086813192,0.0,0.0,1.0,5.499999999999999,1.443978255268085,2
1769784904.9855223,2127.659574468085,0.004086813192,0.0,0.0,1.0,5.499999999999999,1.443978255268085,2
1769784904.9865382,2127.659574468085,0.004086813192,0.0,0.0,1.0,5.499999999999999,1.443978255268085,2
1769784904.988088,2127.659574468085,0.004086813192,0.0,0.0,1.0,5.499999999999999,1.443978255268085,2
1769784904.989262,2127.659574468085,0.004086813192,0.0,0.0,1.0,5.499999999999999,1.443978255268085,2
1769784904.9902072,2127.659574468085,0.004086813192,0.0,0.0,1.0,5.499999999999999,1.443978255268085,2
1769784904.9912252,2127.659574468085,0.004086813192,0.0,0.0,1.0,5.499999999999999,1.443978255268085,2
1769784904.9925642,2127.659574468085,0.004086813192,0.0,0.0,1.0,5.499999999999999,1.443978255268085,2
1769784904.9937892,2127.659574468085,0.004086813192,0.0,0.0,1.0,5.499999999999999,1.443978255268085,2
1769784904.9948113,2127.659574468085,0.004086813192,0.0,0.0,1.0,5.499999999999999,1.443978255268085,2
1769784904.9958553,2127.659574468085,0.004086813192,0.0,0.0,1.0,5.499999999999999,1.443978255268085,2
1769784904.9968123,2127.659574468085,0.004086813192,0.0,0.0,1.0,5.499999999999999,1.443978255268085,2
1769784904.9977806,2127.659574468085,0.004086813192,0.0,0.0,1.0,5.499999999999999,1.443978255268085,2
1769784904.9987512,2127.659574468085,0.004086813192,0.0,0.0,1.0,5.499999999999999,1.443978255268085,2
1769784905.0007503,2127.659574468085,0.004086813192,0.0,0.0,1.0,5.499999999999999,1.443978255268085,2
1769784905.0022116,2127.659574468085,0.004086813192,0.0,0.0,1.0,5.499999999999999,1.443978255268085,2
1769784905.0033498,2127.659574468085,0.004086813192,0.0,0.0,1.0,5.499999999999999,1.443978255268085,2
1769784905.0043762,2127.659574468085,0.004086813192,0.0,0.0,1.0,5.499999999999999,1.443978255268085,2
1769784905.0054307,2127.659574468085,0.004086813192,0.0,0.0,1.0,5.499999999999999,1.443978255268085,2
1769784905.006426,2127.659574468085,0.004086813192,0.0,0.0,1.0,5.499999999999999,1.443978255268085,2
1769784905.0081747,2127.659574468085,0.004086813192,0.0,0.0,1.0,5.499999999999999,1.443978255268085,2
1769784905.009722,2127.659574468085,0.004086813192,0.0,0.0,1.0,5.499999999999999,1.443978255268085,2
1769784905.0111206,2127.659574468085,0.004086813192,0.0,0.0,1.0,5.499999999999999,1.443978255268085,2
1769784905.0126963,2127.659574468085,0.004086813192,0.0,0.0,1.0,5.499999999999999,1.443978255268085,2
1769784905.013913,2127.659574468085,0.004086813192,0.0,0.0,1.0,5.499999999999999,1.443978255268085,2
1769784905.0154166,2127.659574468085,0.004086813192,0.0,0.0,1.0,5.499999999999999,1.443978255268085,2
1769784905.0173557,2127.659574468085,0.004086813192,0.0,0.0,1.0,5.499999999999999,1.443978255268085,2
1769784905.0183916,2127.659574468085,0.004086813192,0.0,0.0,1.0,5.499999999999999,1.443978255268085,2
1769784905.0195084,2127.659574468085,0.004086813192,0.0,0.0,1.0,5.499999999999999,1.443978255268085,2
1769784905.020519,2127.659574468085,0.004086813192,0.0,0.0,1.0,5.499999999999999,1.443978255268085,2
1769784905.0217855,2127.659574468085,0.004086813192,0.0,0.0,1.0,5.499999999999999,1.443978255268085,2
1769784905.0227845,2127.659574468085,0.004086813192,0.0,0.0,1.0,5.499999999999999,1.443978255268085,2
1769784905.0241814,2127.659574468085,0.004086813192,0.0,0.0,1.0,5.499999999999999,1.443978255268085,2
1769784905.0252056,2127.659574468085,0.004086813192,0.0,0.0,1.0,5.499999999999999,1.443978255268085,2
1769784905.026174,2127.659574468085,0.004086813192,0.0,0.0,1.0,5.499999999999999,1.443978255268085,2
1769784905.0271523,2127.659574468085,0.004086813192,0.0,0.0,1.0,5.499999999999999,1.443978255268085,2
1769784905.028124,2127.659574468085,0.004086813192,0.0,0.0,1.0,5.499999999999999,1.443978255268085,2
1769784905.02966,2127.659574468085,0.004086813192,0.0,0.0,1.0,5.499999999999999,1.443978255268085,2
1769784905.0306108,2127.659574468085,0.004086813192,0.0,0.0,1.0,5.499999999999999,1.443978255268085,2
1769784905.0319006,2127.659574468085,0.004086813192,0.0,0.0,1.0,5.499999999999999,1.443978255268085,2
1769784905.0329964,2127.659574468085,0.004086813192,0.0,0.0,1.0,5.499999999999999,1.443978255268085,2
1769784905.0339108,2127.659574468085,0.004086813192,0.0,0.0,1.0,5.499999999999999,1.443978255268085,2
1769784905.0348754,2127.659574468085,0.004086813192,0.0,0.0,1.0,5.499999999999999,1.443978255268085,2
1769784905.0362039,2127.659574468085,0.004086813192,0.0,0.0,1.0,5.499999999999999,1.443978255268085,2
1769784905.0373826,2127.659574468085,0.004086813192,0.0,0.0,1.0,5.499999999999999,1.443978255268085,2
1769784905.038378,2127.659574468085,0.004086813192,0.0,0.0,1.0,5.499999999999999,1.443978255268085,2
1769784905.0396938,2127.659574468085,0.004086813192,0.0,0.0,1.0,5.499999999999999,1.443978255268085,2
1769784905.0409324,2127.659574468085,0.004086813192,0.0,0.0,1.0,5.499999999999999,1.443978255268085,2
1769784905.0419033,2127.659574468085,0.004086813192,0.0,0.0,1.0,5.499999999999999,1.443978255268085,2
1769784905.0432112,2127.659574468085,0.004086813192,0.0,0.0,1.0,5.499999999999999,1.443978255268085,2
1769784905.045088,2127.659574468085,0.004086813192,0.0,0.0,1.0,5.499999999999999,1.443978255268085,2
1769784905.047546,2127.659574468085,0.004086813192,0.0,0.0,1.0,5.499999999999999,1.443978255268085,2
1769784905.0497715,2127.659574468085,0.004086813192,0.0,0.0,1.0,5.499999999999999,1.443978255268085,2
1769784905.0514998,2127.659574468085,0.004086813192,0.0,0.0,1.0,5.499999999999999,1.443978255268085,2
1769784905.0529776,2127.659574468085,0.004086813192,0.0,0.0,1.0,5.499999999999999,1.443978255268085,2
1769784905.054622,2127.659574468085,0.004086813192,0.0,0.0,1.0,5.499999999999999,1.443978255268085,2
1769784905.0561512,2127.659574468085,0.004086813192,0.0,0.0,1.0,5.499999999999999,1.443978255268085,2
1769784905.057657,2127.659574468085,0.004086813192,0.0,0.0,1.0,5.499999999999999,1.443978255268085,2
1769784905.0605469,2127.659574468085,0.004086813192,0.0,0.0,1.0,5.499999999999999,1.443978255268085,2
1769784905.0621102,2127.659574468085,0.004086813192,0.0,0.0,1.0,5.499999999999999,1.443978255268085,2
1769784905.0641825,2127.659574468085,0.004086813192,0.0,0.0,1.0,5.499999999999999,1.443978255268085,2
1769784905.066419,2127.659574468085,0.004086813192,0.0,0.0,1.0,5.499999999999999,1.443978255268085,2
1769784905.067979,2127.659574468085,0.004086813192,0.0,0.0,1.0,5.499999999999999,1.443978255268085,2
1769784905.0696983,2127.659574468085,0.004086813192,0.0,0.0,1.0,5.499999999999999,1.443978255268085,2
1769784905.0708559,2127.659574468085,0.004086813192,0.0,0.0,1.0,5.499999999999999,1.443978255268085,2
1769784905.0730326,2127.659574468085,0.004086813192,0.0,0.0,1.0,5.499999999999999,1.443978255268085,2
1769784905.0751288,2127.659574468085,0.004086813192,0.0,0.0,1.0,5.499999999999999,1.443978255268085,2
1769784905.0769663,2127.659574468085,0.004086813192,0.0,0.0,1.0,5.499999999999999,1.443978255268085,2
1769784905.0786514,2127.659574468085,0.004086813192,0.0,0.0,1.0,5.499999999999999,1.443978255268085,2
1769784905.081507,2127.659574468085,0.004086813192,0.0,0.0,1.0,5.499999999999999,1.443978255268085,2
1769784905.083138,2127.659574468085,0.004086813192,0.0,0.0,1.0,5.499999999999999,1.443978255268085,2
1769784905.0848758,2127.659574468085,0.004086813192,0.0,0.0,1.0,5.499999999999999,1.443978255268085,2
1769784905.08896,2127.659574468085,0.004086813192,0.0,0.0,1.0,5.499999999999999,1.443978255268085,2
1769784905.0909755,2127.659574468085,0.004086813192,0.0,0.0,1.0,5.499999999999999,1.443978255268085,2
1769784905.0926065,2127.659574468085,0.004086813192,0.0,0.0,1.0,5.499999999999999,1.443978255268085,2
1769784905.0942724,2127.659574468085,0.004086813192,0.0,0.0,1.0,5.499999999999999,1.443978255268085,2
1769784905.0956929,2127.659574468085,0.004086813192,0.0,0.0,1.0,5.499999999999999,1.443978255268085,2
1769784905.0969703,2127.659574468085,0.004086813192,0.0,0.0,1.0,5.499999999999999,1.443978255268085,2
1769784905.0980592,2127.659574468085,0.004086813192,0.0,0.0,1.0,5.499999999999999,1.443978255268085,2
1769784905.0992744,2127.659574468085,0.004086813192,0.0,0.0,1.0,5.499999999999999,1.443978255268085,2
1769784905.100383,2127.659574468085,0.004086813192,0.0,0.0,1.0,5.499999999999999,1.443978255268085,2
1769786064.454329,0.0,0.0,0.0,0.0,1.0,0.0,0.0,2
1769786064.4556892,0.0,0.0,0.0,0.0,1.0,5.499999999999999,-0.27499999999999997,2
1769786064.456595,0.0,0.0,0.0,0.0,1.0,5.499999999999999,-0.27499999999999997,2
1769786064.4576414,0.0,0.0,0.0,0.0,1.0,5.499999999999999,-0.27499999999999997,2
1769786064.4589314,0.0,0.0,0.0,0.0,1.0,5.499999999999999,-0.27499999999999997,2
1769786064.4599957,0.0,0.0,0.0,0.0,1.0,5.499999999999999,-0.27499999999999997,2
1769786064.4608357,0.0,0.0,0.0,0.0,1.0,5.499999999999999,-1.275,2
1769786064.4615948,0.0,0.0,0.0,0.0,1.0,5.499999999999999,-1.275,2
1769786064.4623034,0.0,0.0,0.0,0.0,1.0,5.499999999999999,-1.275,2
1769786064.464022,0.0,0.0,0.0,0.0,1.0,5.499999999999999,-1.275,2
1769786064.46492,0.0,0.0,0.0,0.0,1.0,5.499999999999999,-1.275,2
1769786064.4662673,0.0,0.0,0.0,0.0,1.0,5.499999999999999,-1.275,2
1769786064.467207,0.0,0.0,0.0,0.0,1.0,5.499999999999999,-1.275,2
1769786064.4679341,0.0,0.0,0.0,0.0,1.0,5.499999999999999,-1.275,2
1769786064.4687154,0.0,0.0,0.0,0.0,1.0,5.499999999999999,-1.275,2
1769786064.4694946,0.0,0.0,0.0,0.0,1.0,5.499999999999999,-1.275,2
1769786064.470178,0.0,0.0,0.0,0.0,1.0,5.499999999999999,-1.275,2
1769786064.4708245,0.0,0.0,0.0,0.0,1.0,5.499999999999999,-1.275,2
1769786064.4715462,0.0,0.0,0.0,0.0,1.0,5.499999999999999,-1.275,2
1769786064.4725482,0.0,0.0,0.0,0.0,1.0,5.499999999999999,-1.275,2
1769786064.4737124,0.0,0.0,0.0,0.0,1.0,5.499999999999999,-1.275,2
1769786064.4745843,0.0,0.0,0.0,0.0,1.0,5.499999999999999,-1.275,2
1769786064.4755101,0.0,0.0,0.0,0.0,1.0,5.499999999999999,-1.275,2
1769786064.4764247,0.0,0.0,0.0,0.0,1.0,5.499999999999999,-1.275,2
1769786064.477403,0.0,0.0,0.0,0.0,1.0,5.499999999999999,-1.275,2
1769786064.4781616,0.0,0.0,0.0,0.0,1.0,5.499999999999999,-1.275,2
1769786064.4789817,0.0,0.0,0.0,0.0,1.0,5.499999999999999,-1.275,2
1769786064.4797864,0.0,0.0,0.0,0.0,1.0,5.499999999999999,-1.275,2
1769786064.480586,0.0,0.0,0.0,0.0,1.0,5.499999999999999,-1.275,2
1769786064.4814186,0.0,0.0,0.0,0.0,1.0,5.499999999999999,-1.275,2
1769786064.4821095,0.0,0.0,0.0,0.0,1.0,5.499999999999999,-1.275,2
1769786064.4829347,0.0,0.0,0.0,0.0,1.0,5.499999999999999,-1.275,2
1769786064.4836566,0.0,0.0,0.0,0.0,1.0,5.499999999999999,-1.275,2
1769786064.484395,0.0,0.0,0.0,0.0,1.0,5.499999999999999,-1.275,2
1769786064.4851494,0.0,0.0,0.0,0.0,1.0,5.499999999999999,-1.275,2
1769786064.485825,0.0,0.0,0.0,0.0,1.0,5.499999999999999,-1.275,2
1769786064.486476,0.0,0.0,0.0,0.0,1.0,5.499999999999999,-1.275,2
1769786064.4871237,0.0,0.0,0.0,0.0,1.0,5.499999999999999,-1.275,2
1769786064.48776,0.0,0.0,0.0,0.0,1.0,5.499999999999999,-1.275,2
1769786064.4885468,0.0,0.0,0.0,0.0,1.0,5.499999999999999,-1.275,2
1769786064.4894054,0.0,0.0,0.0,0.0,1.0,5.499999999999999,-1.275,2
1769786064.4901626,0.0,0.0,0.0,0.0,1.0,5.499999999999999,-1.275,2
1769786064.490914,0.0,0.0,0.0,0.0,1.0,5.499999999999999,-1.275,2
1769786064.4917543,0.0,0.0,0.0,0.0,1.0,5.499999999999999,-1.275,2
1769786064.4925468,0.0,0.0,0.0,0.0,1.0,5.499999999999999,-1.275,2
1769786064.493393,0.0,0.0,0.0,0.0,1.0,5.499999999999999,-1.275,2
1769786064.494177,0.0,0.0,0.0,0.0,1.0,5.499999999999999,-1.275,2
1769786064.494921,0.0,0.0,0.0,0.0,1.0,5.499999999999999,-1.275,2
1769786064.4959443,0.0,0.0,0.0,0.0,1.0,5.499999999999999,-1.275,2
1769786064.496934,0.0,0.0,0.0,0.0,1.0,5.499999999999999,-1.275,2
1769786064.4979029,0.0,0.0,0.0,0.0,1.0,5.499999999999999,-1.275,2
1769786064.498912,0.0,0.0,0.0,0.0,1.0,5.499999999999999,-1.275,2
1769786064.4996939,0.0,0.0,0.0,0.0,1.0,5.499999999999999,-1.275,2
1769786064.5004575,0.0,0.0,0.0,0.0,1.0,5.499999999999999,-1.275,2
1769786064.5012884,0.0,0.0,0.0,0.0,1.0,5.499999999999999,-1.275,2
1769786064.501979,0.0,0.0,0.0,0.0,1.0,5.499999999999999,-1.275,2
1769786064.5026987,0.0,0.0,0.0,0.0,1.0,5.499999999999999,-1.275,2
1769786064.5035703,0.0,0.0,0.0,0.0,1.0,5.499999999999999,-1.275,2
1769786064.504394,0.0,0.0,0.0,0.0,1.0,5.499999999999999,-1.275,2
1769786064.5054357,0.0,0.0,0.0,0.0,1.0,5.499999999999999,-1.275,2
1769786064.5062468,0.0,0.0,0.0,0.0,1.0,5.499999999999999,-1.275,2
1769786064.5069602,0.0,0.0,0.0,0.0,1.0,5.499999999999999,-1.275,2
1769786064.5076857,0.0,0.0,0.0,0.0,1.0,5.499999999999999,-1.275,2
1769786064.5085056,0.0,0.0,0.0,0.0,1.0,5.499999999999999,-1.275,2
1769786064.5092683,0.0,0.0,0.0,0.0,1.0,5.499999999999999,-1.275,2
1769786064.5099337,0.0,0.0,0.0,0.0,1.0,5.499999999999999,-1.275,2
1769786064.5106134,0.0,0.0,0.0,0.0,1.0,5.499999999999999,-1.275,2
1769786064.5113158,0.0,0.0,0.0,0.0,1.0,5.499999999999999,-1.275,2
1769786064.5119796,0.0,0.0,0.0,0.0,1.0,5.499999999999999,-1.275,2
1769786064.5128925,0.0,0.0,0.0,0.0,1.0,5.499999999999999,-1.275,2
1769786064.513724,0.0,0.0,0.0,0.0,1.0,5.499999999999999,-1.275,2
1769786064.5146492,0.0,0.0,0.0,0.0,1.0,5.499999999999999,-1.275,2
1769786064.515417,0.0,0.0,0.0,0.0,1.0,5.499999999999999,-1.275,2
1769786064.5162187,0.0,0.0,0.0,0.0,1.0,5.499999999999999,-1.275,2
1769786064.5170047,0.0,0.0,0.0,0.0,1.0,5.499999999999999,-1.275,2
1769786064.5179307,0.0,0.0,0.0,0.0,1.0,5.499999999999999,-1.275,2
1769786064.5187385,0.0,0.0,0.0,0.0,1.0,5.499999999999999,-1.275,2
1769786064.519534,0.0,0.0,0.0,0.0,1.0,5.499999999999999,-1.275,2
1769786064.5203836,0.0,0.0,0.0,0.0,1.0,5.499999999999999,-1.275,2
1769786064.5213497,0.0,0.0,0.0,0.0,1.0,5.499999999999999,-1.275,2
1769786064.5220973,0.0,0.0,0.0,0.0,1.0,5.499999999999999,-1.275,2
1769786064.5228434,0.0,0.0,0.0,0.0,1.0,5.499999999999999,-1.275,2
1769786064.523643,0.0,0.0,0.0,0.0,1.0,5.499999999999999,-1.275,2
1769786064.5243719,0.0,0.0,0.0,0.0,1.0,5.499999999999999,-1.275,2
1769786064.52514,0.0,0.0,0.0,0.0,1.0,5.499999999999999,-1.275,2
1769786064.5258815,0.0,0.0,0.0,0.0,1.0,5.499999999999999,-1.275,2
1769786064.526595,0.0,0.0,0.0,0.0,1.0,5.499999999999999,-1.275,2
1769786064.5273457,0.0,0.0,0.0,0.0,1.0,5.499999999999999,-1.275,2
1769786064.5280876,0.0,0.0,0.0,0.0,1.0,5.499999999999999,-1.275,2
1769786064.5292203,0.0,0.0,0.0,0.0,1.0,5.499999999999999,-1.275,2
1769786064.5301838,0.0,0.0,0.0,0.0,1.0,5.499999999999999,-1.275,2
1769786064.5309181,0.0,0.0,0.0,0.0,1.0,5.499999999999999,-1.275,2
1769786064.5318136,0.0,0.0,0.0,0.0,1.0,5.499999999999999,-1.275,2
1769786064.5327373,0.0,0.0,0.0,0.0,1.0,5.499999999999999,-1.275,2
1769786064.53356,0.0,0.0,0.0,0.0,1.0,5.499999999999999,-1.275,2
1769786064.5342374,0.0,0.0,0.0,0.0,1.0,5.499999999999999,-1.275,2
1769786064.5349805,0.0,0.0,0.0,0.0,1.0,5.499999999999999,-1.275,2
1769786064.535689,0.0,0.0,0.0,0.0,1.0,5.499999999999999,-1.275,2
1769786064.5365741,0.0,0.0,0.0,0.0,1.0,5.499999999999999,-1.275,2
1769786064.5373418,0.0,0.0,0.0,0.0,1.0,5.499999999999999,-1.275,2
1769786064.538145,0.0,0.0,0.0,0.0,1.0,5.499999999999999,-1.275,2
1769786064.538872,0.0,0.0,0.0,0.0,1.0,5.499999999999999,-1.275,2
1769786064.539558,0.0,0.0,0.0,0.0,1.0,5.499999999999999,-1.275,2
1769786064.5402563,0.0,0.0,0.0,0.0,1.0,5.499999999999999,-1.275,2
1769786064.5409162,0.0,0.0,0.0,0.0,1.0,5.499999999999999,-1.275,2
1769786064.541614,0.0,0.0,0.0,0.0,1.0,5.499999999999999,-1.275,2
1769786064.5425565,0.0,0.0,0.0,0.0,1.0,5.499999999999999,-1.275,2
1769786064.5433064,0.0,0.0,0.0,0.0,1.0,5.499999999999999,-1.275,2
1769786064.544148,0.0,0.0,0.0,0.0,1.0,5.499999999999999,-1.275,2
1769786064.5450542,0.0,0.0,0.0,0.0,1.0,5.499999999999999,-1.275,2
1769786064.5458355,0.0,0.0,0.0,0.0,1.0,5.499999999999999,-1.275,2
1769786064.5465877,0.0,0.0,0.0,0.0,1.0,5.499999999999999,-1.275,2
1769786064.5474343,0.0,0.0,0.0,0.0,1.0,5.499999999999999,-1.275,2
1769786064.548117,0.0,0.0,0.0,0.0,1.0,5.499999999999999,-1.275,2
1769786064.548824,0.0,0.0,0.0,0.0,1.0,5.499999999999999,-1.275,2
1769786064.5495467,0.0,0.0,0.0,0.0,1.0,5.499999999999999,-1.275,2
1769786064.550215,0.0,0.0,0.0,0.0,1.0,5.499999999999999,-1.275,2
1769786064.5510364,0.0,0.0,0.0,0.0,1.0,5.499999999999999,-1.275,2
1769786064.5518248,0.0,0.0,0.0,0.0,1.0,5.499999999999999,-1.275,2
1769786064.552637,0.0,0.0,0.0,0.0,1.0,5.499999999999999,-1.275,2
1769786064.5535183,0.0,0.0,0.0,0.0,1.0,5.499999999999999,-1.275,2
1769786064.5542617,0.0,0.0,0.0,0.0,1.0,5.499999999999999,-1.275,2
1769786064.5549145,0.0,0.0,0.0,0.0,1.0,5.499999999999999,-1.275,2
1769786064.555579,0.0,0.0,0.0,0.0,1.0,5.499999999999999,-1.275,2
1769786064.5563047,0.0,0.0,0.0,0.0,1.0,5.499999999999999,-1.275,2
1769786064.556969,0.0,0.0,0.0,0.0,1.0,5.499999999999999,-1.275,2
1769786064.5577543,0.0,0.0,0.0,0.0,1.0,5.499999999999999,-1.275,2
1769786064.558445,0.0,0.0,0.0,0.0,1.0,5.499999999999999,-1.275,2
1769786064.5591145,0.0,0.0,0.0,0.0,1.0,5.499999999999999,-1.275,2
1769786064.5600133,0.0,0.0,0.0,0.0,1.0,5.499999999999999,-1.275,2
1769786064.5608625,0.0,0.0,0.0,0.0,1.0,5.499999999999999,-1.275,2
1769786064.5616713,0.0,0.0,0.0,0.0,1.0,5.499999999999999,-1.275,2
1769786064.5624242,0.0,0.0,0.0,0.0,1.0,5.499999999999999,-1.275,2
1769786064.5631468,0.0,0.0,0.0,0.0,1.0,5.499999999999999,-1.275,2
1769786064.5638554,0.0,0.0,0.0,0.0,1.0,5.499999999999999,-1.275,2
1769786064.5646904,0.0,0.0,0.0,0.0,1.0,5.499999999999999,-1.275,2
1769786064.5654688,0.0,0.0,0.0,0.0,1.0,5.499999999999999,-1.275,2
1769786064.5661707,0.0,0.0,0.0,0.0,1.0,5.499999999999999,-1.275,2
1769786064.5669038,0.0,0.0,0.0,0.0,1.0,5.499999999999999,-1.275,2
1769786064.5677676,0.0,0.0,0.0,0.0,1.0,5.499999999999999,-1.275,2
1769786064.568699,0.0,0.0,0.0,0.0,1.0,5.499999999999999,-1.275,2
1769786064.56951,0.0,0.0,0.0,0.0,1.0,5.499999999999999,-1.275,2
1769786064.5702622,0.0,0.0,0.0,0.0,1.0,5.499999999999999,-1.275,2
1769786064.5710607,0.0,0.0,0.0,0.0,1.0,5.499999999999999,-1.275,2
1769786064.5718818,0.0,0.0,0.0,0.0,1.0,5.499999999999999,-1.275,2
1769786064.5729365,0.0,0.0,0.0,0.0,1.0,5.499999999999999,-1.275,2
1769786064.5739312,0.0,0.0,0.0,0.0,1.0,5.499999999999999,-1.275,2
1769786064.575014,0.0,0.0,0.0,0.0,1.0,5.499999999999999,-1.275,2
1769786064.576412,0.0,0.0,0.0,0.0,1.0,5.499999999999999,-1.275,2
1769786064.5773478,0.0,0.0,0.0,0.0,1.0,5.499999999999999,-1.275,2
1769786064.5781853,0.0,0.0,0.0,0.0,1.0,5.499999999999999,-1.275,2
1769786064.579068,0.0,0.0,0.0,0.0,1.0,5.499999999999999,-1.275,2
1769786064.579831,0.0,0.0,0.0,0.0,1.0,5.499999999999999,-1.275,2
1769786064.5806832,0.0,0.0,0.0,0.0,1.0,5.499999999999999,-1.275,2
1769786064.5814846,0.0,0.0,0.0,0.0,1.0,5.499999999999999,-1.275,2
1769786064.5821595,0.0,0.0,0.0,0.0,1.0,5.499999999999999,-1.275,2
1769786064.5829232,0.0,0.0,0.0,0.0,1.0,5.499999999999999,-1.275,2
1769786064.5838275,0.0,0.0,0.0,0.0,1.0,5.499999999999999,-1.275,2
1769786064.5846715,0.0,0.0,0.0,0.0,1.0,5.499999999999999,-1.275,2
1769786064.5854485,0.0,0.0,0.0,0.0,1.0,5.499999999999999,-1.275,2
1769786064.5861259,0.0,0.0,0.0,0.0,1.0,5.499999999999999,-1.275,2
1769786064.5867836,0.0,0.0,0.0,0.0,1.0,5.499999999999999,-1.275,2
1769786064.5874677,0.0,0.0,0.0,0.0,1.0,5.499999999999999,-1.275,2
1769786064.5884533,0.0,0.0,0.0,0.0,1.0,5.499999999999999,-1.275,2
1769786064.5891595,0.0,0.0,0.0,0.0,1.0,5.499999999999999,-1.275,2
1769786064.5902328,0.0,0.0,0.0,0.0,1.0,5.499999999999999,-1.275,2
1769786064.5912924,0.0,0.0,0.0,0.0,1.0,5.499999999999999,-1.275,2
1769786064.5927663,0.0,0.0,0.0,0.0,1.0,5.499999999999999,-1.275,2
1769786064.5939307,0.0,0.0,0.0,0.0,1.0,5.499999999999999,-1.275,2
1769786064.5950966,0.0,0.0,0.0,0.0,1.0,5.499999999999999,-1.275,2
1769786064.5960202,0.0,0.0,0.0,0.0,1.0,5.499999999999999,-1.275,2
1769786064.5970623,0.0,0.0,0.0,0.0,1.0,5.499999999999999,-1.275,2
1769786064.5978072,0.0,0.0,0.0,0.0,1.0,5.499999999999999,-1.275,2
1769786064.5984638,0.0,0.0,0.0,0.0,1.0,5.499999999999999,-1.275,2
1769786064.5991156,0.0,0.0,0.0,0.0,1.0,5.499999999999999,-1.275,2
1769786064.6000772,0.0,0.0,0.0,0.0,1.0,5.499999999999999,-1.275,2
1769786064.600854,0.0,0.0,0.0,0.0,1.0,5.499999999999999,-1.275,2
1769786064.6016846,0.0,0.0,0.0,0.0,1.0,5.499999999999999,-1.275,2
1769786064.6023545,0.0,0.0,0.0,0.0,1.0,5.499999999999999,-1.275,2
1769786064.6029866,0.0,0.0,0.0,0.0,1.0,5.499999999999999,-1.275,2
1769786064.6036415,0.0,0.0,0.0,0.0,1.0,5.499999999999999,-1.275,2
1769786064.6045668,0.0,0.0,0.0,0.0,1.0,5.499999999999999,-1.275,2
1769786064.6053085,0.0,0.0,0.0,0.0,1.0,5.499999999999999,-1.275,2
1769786064.606119,0.0,0.0,0.0,0.0,1.0,5.499999999999999,-1.275,2
1769786064.6069596,0.0,0.0,0.0,0.0,1.0,5.499999999999999,-1.275,2
1769786064.607988,0.0,0.0,0.0,0.0,1.0,5.499999999999999,-1.275,2
1769786064.6090155,0.0,0.0,0.0,0.0,1.0,5.499999999999999,-1.275,2
1769786064.6100943,0.0,0.0,0.0,0.0,1.0,5.499999999999999,-1.275,2
1769786064.610968,0.0,0.0,0.0,0.0,1.0,5.499999999999999,-1.275,2
1769786064.6117826,0.0,0.0,0.0,0.0,1.0,5.499999999999999,-1.275,2
1769786064.6126447,0.0,0.0,0.0,0.0,1.0,5.499999999999999,-1.275,2
1769786064.613607,0.0,0.0,0.0,0.0,1.0,5.499999999999999,-1.275,2
1769786064.6143942,0.0,0.0,0.0,0.0,1.0,5.499999999999999,-1.275,2
1769786064.6153908,0.0,0.0,0.0,0.0,1.0,5.499999999999999,-1.275,2
1769786064.6162853,0.0,0.0,0.0,0.0,1.0,5.499999999999999,-1.275,2
1769786064.617127,0.0,0.0,0.0,0.0,1.0,5.499999999999999,-1.275,2
1769786064.6178973,0.0,0.0,0.0,0.0,1.0,5.499999999999999,-1.275,2
1769786064.6186903,0.0,0.0,0.0,0.0,1.0,5.499999999999999,-1.275,2
1769786064.619402,0.0,0.0,0.0,0.0,1.0,5.499999999999999,-1.275,2
1769786064.6201084,0.0,0.0,0.0,0.0,1.0,5.499999999999999,-1.275,2
1769786064.6208603,0.0,0.0,0.0,0.0,1.0,5.499999999999999,-1.275,2
1769786064.6721306,0.0,0.0,0.0,0.0,1.0,0.0,0.0,2
1769786064.6742368,0.0,0.0,0.0,0.0,1.0,5.499999999999999,-0.27499999999999997,2
1769786064.6750388,0.0,0.0,0.0,0.0,1.0,5.499999999999999,-0.27499999999999997,2
1769786064.6758041,0.0,0.0,0.0,0.0,1.0,5.499999999999999,-0.27499999999999997,2
1769786064.6768584,0.0,0.0,0.0,0.0,1.0,5.499999999999999,-0.27499999999999997,2
1769786064.677625,0.0,0.0,0.0,0.0,1.0,5.499999999999999,-0.27499999999999997,2
1769786064.6786978,0.0,0.0,0.0,0.0,1.0,5.499999999999999,-1.275,2
1769786064.6797602,0.0,0.0,0.0,0.0,1.0,5.499999999999999,-1.275,2
1769786064.680799,0.0,0.0,0.0,0.0,1.0,5.499999999999999,-1.275,2
1769786064.6815784,0.0,0.0,0.0,0.0,1.0,5.499999999999999,-1.275,2
1769786064.6822605,0.0,0.0,0.0,0.0,1.0,5.499999999999999,-1.275,2
1769786064.6829104,0.0,0.0,0.0,0.0,1.0,5.499999999999999,-1.275,2
1769786064.6835768,0.0,0.0,0.0,0.0,1.0,5.499999999999999,-1.275,2
1769786064.6843052,0.0,0.0,0.0,0.0,1.0,5.499999999999999,-1.275,2
1769786064.6851344,0.0,0.0,0.0,0.0,1.0,5.499999999999999,-1.275,2
1769786064.6858518,0.0,0.0,0.0,0.0,1.0,5.499999999999999,-1.275,2
1769786064.6872325,0.0,0.0,0.0,0.0,1.0,5.499999999999999,-1.275,2
1769786064.6881335,0.0,0.0,0.0,0.0,1.0,5.499999999999999,-1.275,2
1769786064.6890237,0.0,0.0,0.0,0.0,1.0,5.499999999999999,-1.275,2
1769786064.689905,0.0,0.0,0.0,0.0,1.0,5.499999999999999,-1.275,2
1769786064.690806,0.0,0.0,0.0,0.0,1.0,5.499999999999999,-1.275,2
1769786064.69184,0.0,0.0,0.0,0.0,1.0,5.499999999999999,-1.275,2
1769786064.6931126,0.0,0.0,0.0,0.0,1.0,5.499999999999999,-1.275,2
1769786064.694425,0.0,0.0,0.0,0.0,1.0,5.499999999999999,-1.275,2
1769786064.6955898,0.0,0.0,0.0,0.0,1.0,5.499999999999999,-1.275,2
1769786064.696863,0.0,0.0,0.0,0.0,1.0,5.499999999999999,-1.275,2
1769786064.6979277,0.0,0.0,0.0,0.0,1.0,5.499999999999999,-1.275,2
1769786064.6990147,0.0,0.0,0.0,0.0,1.0,5.499999999999999,-1.275,2
1769786064.7001114,0.0,0.0,0.0,0.0,1.0,5.499999999999999,-1.275,2
1769786064.7012424,0.0,0.0,0.0,0.0,1.0,5.499999999999999,-1.275,2
1769786064.7022994,0.0,0.0,0.0,0.0,1.0,5.499999999999999,-1.275,2
1769786064.7032788,0.0,0.0,0.0,0.0,1.0,5.499999999999999,-1.275,2
1769786064.7042944,0.0,0.0,0.0,0.0,1.0,5.499999999999999,-1.275,2
1769786064.705324,0.0,0.0,0.0,0.0,1.0,5.499999999999999,-1.275,2
1769786064.706299,0.0,0.0,0.0,0.0,1.0,5.499999999999999,-1.275,2
1769786064.707358,0.0,0.0,0.0,0.0,1.0,5.499999999999999,-1.275,2
1769786064.708383,0.0,0.0,0.0,0.0,1.0,5.499999999999999,-1.275,2
1769786064.7093143,0.0,0.0,0.0,0.0,1.0,5.499999999999999,-1.275,2
1769786064.7102695,0.0,0.0,0.0,0.0,1.0,5.499999999999999,-1.275,2
1769786064.7112348,0.0,0.0,0.0,0.0,1.0,5.499999999999999,-1.275,2
1769786064.7122896,0.0,0.0,0.0,0.0,1.0,5.499999999999999,-1.275,2
1769786064.713254,0.0,0.0,0.0,0.0,1.0,5.499999999999999,-1.275,2
1769786064.7141883,0.0,0.0,0.0,0.0,1.0,5.499999999999999,-1.275,2
1769786064.7151144,0.0,0.0,0.0,0.0,1.0,5.499999999999999,-1.275,2
1769786064.716283,0.0,0.0,0.0,0.0,1.0,5.499999999999999,-1.275,2
1769786064.7174394,0.0,0.0,0.0,0.0,1.0,5.499999999999999,-1.275,2
1769786064.7186246,0.0,0.0,0.0,0.0,1.0,5.499999999999999,-1.275,2
1769786064.719685,0.0,0.0,0.0,0.0,1.0,5.499999999999999,-1.275,2
1769786064.7206144,0.0,0.0,0.0,0.0,1.0,5.499999999999999,-1.275,2
1769786064.7214837,0.0,0.0,0.0,0.0,1.0,5.499999999999999,-1.275,2
1769786064.722185,0.0,0.0,0.0,0.0,1.0,5.499999999999999,-1.275,2
1769786064.7228737,0.0,0.0,0.0,0.0,1.0,5.499999999999999,-1.275,2
1769786064.7235491,0.0,0.0,0.0,0.0,1.0,5.499999999999999,-1.275,2
1769786064.7242198,0.0,0.0,0.0,0.0,1.0,5.499999999999999,-1.275,2
1769786064.7250547,0.0,0.0,0.0,0.0,1.0,5.499999999999999,-1.275,2
1769786064.7259097,0.0,0.0,0.0,0.0,1.0,5.499999999999999,-1.275,2
1769786064.726836,0.0,0.0,0.0,0.0,1.0,5.499999999999999,-1.275,2
1769786064.7275386,0.0,0.0,0.0,0.0,1.0,5.499999999999999,-1.275,2
1769786064.7282588,0.0,0.0,0.0,0.0,1.0,5.499999999999999,-1.275,2
1769786064.729224,0.0,0.0,0.0,0.0,1.0,5.499999999999999,-1.275,2
1769786064.7300475,0.0,0.0,0.0,0.0,1.0,5.499999999999999,-1.275,2
1769786064.7310011,0.0,0.0,0.0,0.0,1.0,5.499999999999999,-1.275,2
1769786064.731685,0.0,0.0,0.0,0.0,1.0,5.499999999999999,-1.275,2
1769786064.7324216,0.0,0.0,0.0,0.0,1.0,5.499999999999999,-1.275,2
1769786064.733377,0.0,0.0,0.0,0.0,1.0,5.499999999999999,-1.275,2
1769786064.7343655,0.0,0.0,0.0,0.0,1.0,5.499999999999999,-1.275,2
1769786064.7352421,0.0,0.0,0.0,0.0,1.0,5.499999999999999,-1.275,2
1769786064.7359734,0.0,0.0,0.0,0.0,1.0,5.499999999999999,-1.275,2
1769786064.736824,0.0,0.0,0.0,0.0,1.0,5.499999999999999,-1.275,2
1769786064.737656,0.0,0.0,0.0,0.0,1.0,5.499999999999999,-1.275,2
1769786064.7383437,0.0,0.0,0.0,0.0,1.0,5.499999999999999,-1.275,2
1769786064.7392344,0.0,0.0,0.0,0.0,1.0,5.499999999999999,-1.275,2
1769786064.7400005,0.0,0.0,0.0,0.0,1.0,5.499999999999999,-1.275,2
1769786064.7409816,0.0,0.0,0.0,0.0,1.0,5.499999999999999,-1.275,2
1769786064.7419395,0.0,0.0,0.0,0.0,1.0,5.499999999999999,-1.275,2
1769786064.7427046,0.0,0.0,0.0,0.0,1.0,5.499999999999999,-1.275,2
1769786064.7434669,0.0,0.0,0.0,0.0,1.0,5.499999999999999,-1.275,2
1769786064.744214,0.0,0.0,0.0,0.0,1.0,5.499999999999999,-1.275,2
1769786064.7449815,0.0,0.0,0.0,0.0,1.0,5.499999999999999,-1.275,2
1769786064.745756,0.0,0.0,0.0,0.0,1.0,5.499999999999999,-1.275,2
1769786064.7464898,0.0,0.0,0.0,0.0,1.0,5.499999999999999,-1.275,2
1769786064.747287,0.0,0.0,0.0,0.0,1.0,5.499999999999999,-1.275,2
1769786064.7481718,0.0,0.0,0.0,0.0,1.0,5.499999999999999,-1.275,2
1769786064.7494502,0.0,0.0,0.0,0.0,1.0,5.499999999999999,-1.275,2
1769786064.7503865,0.0,0.0,0.0,0.0,1.0,5.499999999999999,-1.275,2
1769786064.751379,0.0,0.0,0.0,0.0,1.0,5.499999999999999,-1.275,2
1769786064.7521298,0.0,0.0,0.0,0.0,1.0,5.499999999999999,-1.275,2
1769786064.75292,0.0,0.0,0.0,0.0,1.0,5.499999999999999,-1.275,2
1769786064.7536933,0.0,0.0,0.0,0.0,1.0,5.499999999999999,-1.275,2
1769786064.7545078,0.0,0.0,0.0,0.0,1.0,5.499999999999999,-1.275,2
1769786064.7553778,0.0,0.0,0.0,0.0,1.0,5.499999999999999,-1.275,2
1769786064.756151,0.0,0.0,0.0,0.0,1.0,5.499999999999999,-1.275,2
1769786064.7570481,0.0,0.0,0.0,0.0,1.0,5.499999999999999,-1.275,2
1769786064.7579868,0.0,0.0,0.0,0.0,1.0,5.499999999999999,-1.275,2
1769786064.758757,0.0,0.0,0.0,0.0,1.0,5.499999999999999,-1.275,2
1769786064.7594905,0.0,0.0,0.0,0.0,1.0,5.499999999999999,-1.275,2
1769786064.7603161,0.0,0.0,0.0,0.0,1.0,5.499999999999999,-1.275,2
1769786064.7611377,0.0,0.0,0.0,0.0,1.0,5.499999999999999,-1.275,2
1769786064.761844,0.0,0.0,0.0,0.0,1.0,5.499999999999999,-1.275,2
1769786064.762561,0.0,0.0,0.0,0.0,1.0,5.499999999999999,-1.275,2
1769786064.7636075,0.0,0.0,0.0,0.0,1.0,5.499999999999999,-1.275,2
1769786064.7654743,0.0,0.0,0.0,0.0,1.0,5.499999999999999,-1.275,2
1769786064.7665505,0.0,0.0,0.0,0.0,1.0,5.499999999999999,-1.275,2
1769786064.7675343,0.0,0.0,0.0,0.0,1.0,5.499999999999999,-1.275,2
1769786064.768545,0.0,0.0,0.0,0.0,1.0,5.499999999999999,-1.275,2
1769786064.7694812,0.0,0.0,0.0,0.0,1.0,5.499999999999999,-1.275,2
1769786064.770309,0.0,0.0,0.0,0.0,1.0,5.499999999999999,-1.275,2
1769786064.7710116,0.0,0.0,0.0,0.0,1.0,5.499999999999999,-1.275,2
1769786064.7717907,0.0,0.0,0.0,0.0,1.0,5.499999999999999,-1.275,2
1769786064.7725573,0.0,0.0,0.0,0.0,1.0,5.499999999999999,-1.275,2
1769786064.7738357,0.0,0.0,0.0,0.0,1.0,5.499999999999999,-1.275,2
1769786064.7746325,0.0,0.0,0.0,0.0,1.0,5.499999999999999,-1.275,2
1769786064.7753499,0.0,0.0,0.0,0.0,1.0,5.499999999999999,-1.275,2
1769786064.7760282,0.0,0.0,0.0,0.0,1.0,5.499999999999999,-1.275,2
1769786064.7768342,0.0,0.0,0.0,0.0,1.0,5.499999999999999,-1.275,2
1769786064.7775445,0.0,0.0,0.0,0.0,1.0,5.499999999999999,-1.275,2
1769786064.7786176,0.0,0.0,0.0,0.0,1.0,5.499999999999999,-1.275,2
1769786064.7793958,0.0,0.0,0.0,0.0,1.0,5.499999999999999,-1.275,2
1769786064.78017,0.0,0.0,0.0,0.0,1.0,5.499999999999999,-1.275,2
1769786064.7810745,0.0,0.0,0.0,0.0,1.0,5.499999999999999,-1.275,2
1769786064.7818873,0.0,0.0,0.0,0.0,1.0,5.499999999999999,-1.275,2
1769786064.7826858,0.0,0.0,0.0,0.0,1.0,5.499999999999999,-1.275,2
1769786064.7833729,0.0,0.0,0.0,0.0,1.0,5.499999999999999,-1.275,2
1769786064.7840843,0.0,0.0,0.0,0.0,1.0,5.499999999999999,-1.275,2
1769786064.7848601,0.0,0.0,0.0,0.0,1.0,5.499999999999999,-1.275,2
1769786064.7856224,0.0,0.0,0.0,0.0,1.0,5.499999999999999,-1.275,2
1769786064.7863367,0.0,0.0,0.0,0.0,1.0,5.499999999999999,-1.275,2
1769786064.7870367,0.0,0.0,0.0,0.0,1.0,5.499999999999999,-1.275,2
1769786064.7877893,0.0,0.0,0.0,0.0,1.0,5.499999999999999,-1.275,2
1769786064.7887821,0.0,0.0,0.0,0.0,1.0,5.499999999999999,-1.275,2
1769786064.7896883,0.0,0.0,0.0,0.0,1.0,5.499999999999999,-1.275,2
1769786064.7904105,0.0,0.0,0.0,0.0,1.0,5.499999999999999,-1.275,2
1769786064.7911327,0.0,0.0,0.0,0.0,1.0,5.499999999999999,-1.275,2
1769786064.7919316,0.0,0.0,0.0,0.0,1.0,5.499999999999999,-1.275,2
1769786064.7928813,0.0,0.0,0.0,0.0,1.0,5.499999999999999,-1.275,2
1769786064.7937179,0.0,0.0,0.0,0.0,1.0,5.499999999999999,-1.275,2
1769786064.7944775,0.0,0.0,0.0,0.0,1.0,5.499999999999999,-1.275,2
1769786064.7951908,0.0,0.0,0.0,0.0,1.0,5.499999999999999,-1.275,2
1769786064.7959375,0.0,0.0,0.0,0.0,1.0,5.499999999999999,-1.275,2
1769786064.7969894,0.0,0.0,0.0,0.0,1.0,5.499999999999999,-1.275,2
1769786064.7977602,0.0,0.0,0.0,0.0,1.0,5.499999999999999,-1.275,2
1769786064.7985556,0.0,0.0,0.0,0.0,1.0,5.499999999999999,-1.275,2
1769786064.7993186,0.0,0.0,0.0,0.0,1.0,5.499999999999999,-1.275,2
1769786064.8002326,0.0,0.0,0.0,0.0,1.0,5.499999999999999,-1.275,2
1769786064.801154,0.0,0.0,0.0,0.0,1.0,5.499999999999999,-1.275,2
1769786064.8019335,0.0,0.0,0.0,0.0,1.0,5.499999999999999,-1.275,2
1769786064.8026547,0.0,0.0,0.0,0.0,1.0,5.499999999999999,-1.275,2
1769786064.803391,0.0,0.0,0.0,0.0,1.0,5.499999999999999,-1.275,2
1769786064.8041503,0.0,0.0,0.0,0.0,1.0,5.499999999999999,-1.275,2
1769786064.8050337,0.0,0.0,0.0,0.0,1.0,5.499999999999999,-1.275,2
1769786064.8058255,0.0,0.0,0.0,0.0,1.0,5.499999999999999,-1.275,2
1769786064.8065739,0.0,0.0,0.0,0.0,1.0,5.499999999999999,-1.275,2
1769786064.8072977,0.0,0.0,0.0,0.0,1.0,5.499999999999999,-1.275,2
1769786064.8082237,0.0,0.0,0.0,0.0,1.0,5.499999999999999,-1.275,2
1769786064.8091087,0.0,0.0,0.0,0.0,1.0,5.499999999999999,-1.275,2
1769786064.8099196,0.0,0.0,0.0,0.0,1.0,5.499999999999999,-1.275,2
1769786064.810713,0.0,0.0,0.0,0.0,1.0,5.499999999999999,-1.275,2
1769786064.8115485,0.0,0.0,0.0,0.0,1.0,5.499999999999999,-1.275,2
1769786064.8127992,0.0,0.0,0.0,0.0,1.0,5.499999999999999,-1.275,2
1769786064.8136966,0.0,0.0,0.0,0.0,1.0,5.499999999999999,-1.275,2
1769786064.814524,0.0,0.0,0.0,0.0,1.0,5.499999999999999,-1.275,2
1769786064.8153555,0.0,0.0,0.0,0.0,1.0,5.499999999999999,-1.275,2
1769786064.816486,0.0,0.0,0.0,0.0,1.0,5.499999999999999,-1.275,2
1769786064.8172789,0.0,0.0,0.0,0.0,1.0,5.499999999999999,-1.275,2
1769786064.8180432,0.0,0.0,0.0,0.0,1.0,5.499999999999999,-1.275,2
1769786064.8187628,0.0,0.0,0.0,0.0,1.0,5.499999999999999,-1.275,2
1769786064.8194857,0.0,0.0,0.0,0.0,1.0,5.499999999999999,-1.275,2
1769786064.8205054,0.0,0.0,0.0,0.0,1.0,5.499999999999999,-1.275,2
1769786064.821348,0.0,0.0,0.0,0.0,1.0,5.499999999999999,-1.275,2
1769786064.8221402,0.0,0.0,0.0,0.0,1.0,5.499999999999999,-1.275,2
1769786064.822908,0.0,0.0,0.0,0.0,1.0,5.499999999999999,-1.275,2
1769786064.8236256,0.0,0.0,0.0,0.0,1.0,5.499999999999999,-1.275,2
1769786064.8243816,0.0,0.0,0.0,0.0,1.0,5.499999999999999,-1.275,2
1769786064.8251226,0.0,0.0,0.0,0.0,1.0,5.499999999999999,-1.275,2
1769786064.8258994,0.0,0.0,0.0,0.0,1.0,5.499999999999999,-1.275,2
1769786064.8267343,0.0,0.0,0.0,0.0,1.0,5.499999999999999,-1.275,2
1769786064.8277023,0.0,0.0,0.0,0.0,1.0,5.499999999999999,-1.275,2
1769786064.8286226,0.0,0.0,0.0,0.0,1.0,5.499999999999999,-1.275,2
1769786064.8294911,0.0,0.0,0.0,0.0,1.0,5.499999999999999,-1.275,2
1769786064.830203,0.0,0.0,0.0,0.0,1.0,5.499999999999999,-1.275,2
1769786064.8309357,0.0,0.0,0.0,0.0,1.0,5.499999999999999,-1.275,2
1769786064.8319764,0.0,0.0,0.0,0.0,1.0,5.499999999999999,-1.275,2
1769786064.832978,0.0,0.0,0.0,0.0,1.0,5.499999999999999,-1.275,2
1769786064.833796,0.0,0.0,0.0,0.0,1.0,5.499999999999999,-1.275,2
1769786064.8346713,0.0,0.0,0.0,0.0,1.0,5.499999999999999,-1.275,2
1769786064.8353837,0.0,0.0,0.0,0.0,1.0,5.499999999999999,-1.275,2
1769786064.836294,0.0,0.0,0.0,0.0,1.0,5.499999999999999,-1.275,2
1769786064.8372679,0.0,0.0,0.0,0.0,1.0,5.499999999999999,-1.275,2
1769786064.8381321,0.0,0.0,0.0,0.0,1.0,5.499999999999999,-1.275,2
1769786064.8390682,0.0,0.0,0.0,0.0,1.0,5.499999999999999,-1.275,2
1769786064.8399131,0.0,0.0,0.0,0.0,1.0,5.499999999999999,-1.275,2
1769786064.8407862,0.0,0.0,0.0,0.0,1.0,5.499999999999999,-1.275,2
1769786064.8417273,0.0,0.0,0.0,0.0,1.0,5.499999999999999,-1.275,2
1769786064.8425303,0.0,0.0,0.0,0.0,1.0,5.499999999999999,-1.275,2
1769786064.8433316,0.0,0.0,0.0,0.0,1.0,5.499999999999999,-1.275,2
1769786064.8442526,0.0,0.0,0.0,0.0,1.0,5.499999999999999,-1.275,2
1769786064.8451414,0.0,0.0,0.0,0.0,1.0,5.499999999999999,-1.275,2
1769786064.8459108,0.0,0.0,0.0,0.0,1.0,5.499999999999999,-1.275,2
1769786064.846627,0.0,0.0,0.0,0.0,1.0,5.499999999999999,-1.275,2
1769786064.8474233,0.0,0.0,0.0,0.0,1.0,5.499999999999999,-1.275,2
1769786064.8482409,0.0,0.0,0.0,0.0,1.0,5.499999999999999,-1.275,2
1769786064.8964052,0.0,0.0,0.0,0.0,1.0,0.0,0.0,2
1769786064.897658,0.0,0.0,0.0,0.0,1.0,5.499999999999999,-0.27499999999999997,2
1769786064.8985598,0.0,0.0,0.0,0.0,1.0,5.499999999999999,-0.27499999999999997,2
1769786064.899421,0.0,0.0,0.0,0.0,1.0,5.499999999999999,-0.27499999999999997,2
1769786064.9004574,0.0,0.0,0.0,0.0,1.0,5.499999999999999,-0.27499999999999997,2
1769786064.901243,0.0,0.0,0.0,0.0,1.0,5.499999999999999,-0.27499999999999997,2
1769786064.9019098,0.0,0.0,0.0,0.0,1.0,5.499999999999999,-1.275,2
1769786064.9025557,0.0,0.0,0.0,0.0,1.0,5.499999999999999,-1.275,2
1769786064.9031994,0.0,0.0,0.0,0.0,1.0,5.499999999999999,-1.275,2
1769786064.903858,0.0,0.0,0.0,0.0,1.0,5.499999999999999,-1.275,2
1769786064.9045985,0.0,0.0,0.0,0.0,1.0,5.499999999999999,-1.275,2
1769786064.9055512,0.0,0.0,0.0,0.0,1.0,5.499999999999999,-1.275,2
1769786064.9063463,0.0,0.0,0.0,0.0,1.0,5.499999999999999,-1.275,2
1769786064.907326,0.0,0.0,0.0,0.0,1.0,5.499999999999999,-1.275,2
1769786064.9081564,0.0,0.0,0.0,0.0,1.0,5.499999999999999,-1.275,2
1769786064.9093082,0.0,0.0,0.0,0.0,1.0,5.499999999999999,-1.275,2
1769786064.9102411,0.0,0.0,0.0,0.0,1.0,5.499999999999999,-1.275,2
1769786064.9110286,0.0,0.0,0.0,0.0,1.0,5.499999999999999,-1.275,2
1769786064.9118361,0.0,0.0,0.0,0.0,1.0,5.499999999999999,-1.275,2
1769786064.912768,0.0,0.0,0.0,0.0,1.0,5.499999999999999,-1.275,2
1769786064.9136102,0.0,0.0,0.0,0.0,1.0,5.499999999999999,-1.275,2
1769786064.9143972,0.0,0.0,0.0,0.0,1.0,5.499999999999999,-1.275,2
1769786064.915256,0.0,0.0,0.0,0.0,1.0,5.499999999999999,-1.275,2
1769786064.9160666,0.0,0.0,0.0,0.0,1.0,5.499999999999999,-1.275,2
1769786064.9168782,0.0,0.0,0.0,0.0,1.0,5.499999999999999,-1.275,2
1769786064.9176245,0.0,0.0,0.0,0.0,1.0,5.499999999999999,-1.275,2
1769786064.9184396,0.0,0.0,0.0,0.0,1.0,5.499999999999999,-1.275,2
1769786064.9192638,0.0,0.0,0.0,0.0,1.0,5.499999999999999,-1.275,2
1769786064.919968,0.0,0.0,0.0,0.0,1.0,5.499999999999999,-1.275,2
1769786064.9206982,0.0,0.0,0.0,0.0,1.0,5.499999999999999,-1.275,2
1769786064.9213755,0.0,0.0,0.0,0.0,1.0,5.499999999999999,-1.275,2
1769786064.9220772,0.0,0.0,0.0,0.0,1.0,5.499999999999999,-1.275,2
1769786064.92299,0.0,0.0,0.0,0.0,1.0,5.499999999999999,-1.275,2
1769786064.923982,0.0,0.0,0.0,0.0,1.0,5.499999999999999,-1.275,2
1769786064.924815,0.0,0.0,0.0,0.0,1.0,5.499999999999999,-1.275,2
1769786064.925664,0.0,0.0,0.0,0.0,1.0,5.499999999999999,-1.275,2
1769786064.9265273,0.0,0.0,0.0,0.0,1.0,5.499999999999999,-1.275,2
1769786064.9273434,0.0,0.0,0.0,0.0,1.0,5.499999999999999,-1.275,2
1769786064.9281235,0.0,0.0,0.0,0.0,1.0,5.499999999999999,-1.275,2
1769786064.9289145,0.0,0.0,0.0,0.0,1.0,5.499999999999999,-1.275,2
1769786064.9298782,0.0,0.0,0.0,0.0,1.0,5.499999999999999,-1.275,2
1769786064.930958,0.0,0.0,0.0,0.0,1.0,5.499999999999999,-1.275,2
1769786064.9322352,0.0,0.0,0.0,0.0,1.0,5.499999999999999,-1.275,2
1769786064.933078,0.0,0.0,0.0,0.0,1.0,5.499999999999999,-1.275,2
1769786064.933796,0.0,0.0,0.0,0.0,1.0,5.499999999999999,-1.275,2
1769786064.9345222,0.0,0.0,0.0,0.0,1.0,5.499999999999999,-1.275,2
1769786064.9352112,0.0,0.0,0.0,0.0,1.0,5.499999999999999,-1.275,2
1769786064.9358685,0.0,0.0,0.0,0.0,1.0,5.499999999999999,-1.275,2
1769786064.9367585,0.0,0.0,0.0,0.0,1.0,5.499999999999999,-1.275,2
1769786064.9375458,0.0,0.0,0.0,0.0,1.0,5.499999999999999,-1.275,2
1769786064.9388206,0.0,0.0,0.0,0.0,1.0,5.499999999999999,-1.275,2
1769786064.9424565,0.0,0.0,0.0,0.0,1.0,5.499999999999999,-1.275,2
1769786064.9450839,0.0,0.0,0.0,0.0,1.0,5.499999999999999,-1.275,2
1769786064.9462285,0.0,0.0,0.0,0.0,1.0,5.499999999999999,-1.275,2
1769786064.9474506,0.0,0.0,0.0,0.0,1.0,5.499999999999999,-1.275,2
1769786064.9485073,0.0,0.0,0.0,0.0,1.0,5.499999999999999,-1.275,2
1769786064.9494529,0.0,0.0,0.0,0.0,1.0,5.499999999999999,-1.275,2
1769786064.950477,0.0,0.0,0.0,0.0,1.0,5.499999999999999,-1.275,2
1769786064.9514372,0.0,0.0,0.0,0.0,1.0,5.499999999999999,-1.275,2
1769786064.9527035,0.0,0.0,0.0,0.0,1.0,5.499999999999999,-1.275,2
1769786064.9539914,0.0,0.0,0.0,0.0,1.0,5.499999999999999,-1.275,2
1769786064.9550998,0.0,0.0,0.0,0.0,1.0,5.499999999999999,-1.275,2
1769786064.956148,0.0,0.0,0.0,0.0,1.0,5.499999999999999,-1.275,2
1769786064.957084,0.0,0.0,0.0,0.0,1.0,5.499999999999999,-1.275,2
1769786064.9579604,0.0,0.0,0.0,0.0,1.0,5.499999999999999,-1.275,2
1769786064.9587946,0.0,0.0,0.0,0.0,1.0,5.499999999999999,-1.275,2
1769786064.9599228,0.0,0.0,0.0,0.0,1.0,5.499999999999999,-1.275,2
1769786064.9608984,0.0,0.0,0.0,0.0,1.0,5.499999999999999,-1.275,2
1769786064.9617274,0.0,0.0,0.0,0.0,1.0,5.499999999999999,-1.275,2
1769786064.9629493,0.0,0.0,0.0,0.0,1.0,5.499999999999999,-1.275,2
1769786064.9638932,0.0,0.0,0.0,0.0,1.0,5.499999999999999,-1.275,2
1769786064.9649572,0.0,0.0,0.0,0.0,1.0,5.499999999999999,-1.275,2
1769786064.9658184,0.0,0.0,0.0,0.0,1.0,5.499999999999999,-1.275,2
1769786064.9667087,0.0,0.0,0.0,0.0,1.0,5.499999999999999,-1.275,2
1769786064.9675713,0.0,0.0,0.0,0.0,1.0,5.499999999999999,-1.275,2
1769786064.9687004,0.0,0.0,0.0,0.0,1.0,5.499999999999999,-1.275,2
1769786064.969644,0.0,0.0,0.0,0.0,1.0,5.499999999999999,-1.275,2
1769786064.9707565,0.0,0.0,0.0,0.0,1.0,5.499999999999999,-1.275,2
1769786064.9717116,0.0,0.0,0.0,0.0,1.0,5.499999999999999,-1.275,2
1769786064.9726844,0.0,0.0,0.0,0.0,1.0,5.499999999999999,-1.275,2
1769786064.9737377,0.0,0.0,0.0,0.0,1.0,5.499999999999999,-1.275,2
1769786064.9748743,0.0,0.0,0.0,0.0,1.0,5.499999999999999,-1.275,2
1769786064.9760823,0.0,0.0,0.0,0.0,1.0,5.499999999999999,-1.275,2
1769786064.977227,0.0,0.0,0.0,0.0,1.0,5.499999999999999,-1.275,2
1769786064.9781792,0.0,0.0,0.0,0.0,1.0,5.499999999999999,-1.275,2
1769786064.9791229,0.0,0.0,0.0,0.0,1.0,5.499999999999999,-1.275,2
1769786064.9798627,0.0,0.0,0.0,0.0,1.0,5.499999999999999,-1.275,2
1769786064.9806042,0.0,0.0,0.0,0.0,1.0,5.499999999999999,-1.275,2
1769786064.9813812,0.0,0.0,0.0,0.0,1.0,5.499999999999999,-1.275,2
1769786064.9823937,0.0,0.0,0.0,0.0,1.0,5.499999999999999,-1.275,2
1769786064.9831262,0.0,0.0,0.0,0.0,1.0,5.499999999999999,-1.275,2
1769786064.9839265,0.0,0.0,0.0,0.0,1.0,5.499999999999999,-1.275,2
1769786064.984871,0.0,0.0,0.0,0.0,1.0,5.499999999999999,-1.275,2
1769786064.9859908,0.0,0.0,0.0,0.0,1.0,5.499999999999999,-1.275,2
1769786064.987024,0.0,0.0,0.0,0.0,1.0,5.499999999999999,-1.275,2
1769786064.9878962,0.0,0.0,0.0,0.0,1.0,5.499999999999999,-1.275,2
1769786064.9887834,0.0,0.0,0.0,0.0,1.0,5.499999999999999,-1.275,2
1769786064.9897726,0.0,0.0,0.0,0.0,1.0,5.499999999999999,-1.275,2
1769786064.9908564,0.0,0.0,0.0,0.0,1.0,5.499999999999999,-1.275,2
1769786064.9917364,0.0,0.0,0.0,0.0,1.0,5.499999999999999,-1.275,2
1769786064.992618,0.0,0.0,0.0,0.0,1.0,5.499999999999999,-1.275,2
1769786064.993662,0.0,0.0,0.0,0.0,1.0,5.499999999999999,-1.275,2
1769786064.9945698,0.0,0.0,0.0,0.0,1.0,5.499999999999999,-1.275,2
1769786064.9953983,0.0,0.0,0.0,0.0,1.0,5.499999999999999,-1.275,2
1769786064.9963362,0.0,0.0,0.0,0.0,1.0,5.499999999999999,-1.275,2
1769786064.997592,0.0,0.0,0.0,0.0,1.0,5.499999999999999,-1.275,2
1769786064.998529,0.0,0.0,0.0,0.0,1.0,5.499999999999999,-1.275,2
1769786064.999272,0.0,0.0,0.0,0.0,1.0,5.499999999999999,-1.275,2
1769786065.000166,0.0,0.0,0.0,0.0,1.0,5.499999999999999,-1.275,2
1769786065.0009089,0.0,0.0,0.0,0.0,1.0,5.499999999999999,-1.275,2
1769786065.001726,0.0,0.0,0.0,0.0,1.0,5.499999999999999,-1.275,2
1769786065.0024822,0.0,0.0,0.0,0.0,1.0,5.499999999999999,-1.275,2
1769786065.003174,0.0,0.0,0.0,0.0,1.0,5.499999999999999,-1.275,2
1769786065.0038407,0.0,0.0,0.0,0.0,1.0,5.499999999999999,-1.275,2
1769786065.0045977,0.0,0.0,0.0,0.0,1.0,5.499999999999999,-1.275,2
1769786065.0053728,0.0,0.0,0.0,0.0,1.0,5.499999999999999,-1.275,2
1769786065.0061235,0.0,0.0,0.0,0.0,1.0,5.499999999999999,-1.275,2
1769786065.0069597,0.0,0.0,0.0,0.0,1.0,5.499999999999999,-1.275,2
1769786065.007803,0.0,0.0,0.0,0.0,1.0,5.499999999999999,-1.275,2
1769786065.0086029,0.0,0.0,0.0,0.0,1.0,5.499999999999999,-1.275,2
1769786065.0095527,0.0,0.0,0.0,0.0,1.0,5.499999999999999,-1.275,2
1769786065.0104833,0.0,0.0,0.0,0.0,1.0,5.499999999999999,-1.275,2
1769786065.0115063,0.0,0.0,0.0,0.0,1.0,5.499999999999999,-1.275,2
1769786065.012437,0.0,0.0,0.0,0.0,1.0,5.499999999999999,-1.275,2
1769786065.0134058,0.0,0.0,0.0,0.0,1.0,5.499999999999999,-1.275,2
1769786065.0142558,0.0,0.0,0.0,0.0,1.0,5.499999999999999,-1.275,2
1769786065.0155318,0.0,0.0,0.0,0.0,1.0,5.499999999999999,-1.275,2
1769786065.0166223,0.0,0.0,0.0,0.0,1.0,5.499999999999999,-1.275,2
1769786065.0176218,0.0,0.0,0.0,0.0,1.0,5.499999999999999,-1.275,2
1769786065.0185397,0.0,0.0,0.0,0.0,1.0,5.499999999999999,-1.275,2
1769786065.0193899,0.0,0.0,0.0,0.0,1.0,5.499999999999999,-1.275,2
1769786065.020213,0.0,0.0,0.0,0.0,1.0,5.499999999999999,-1.275,2
1769786065.0210888,0.0,0.0,0.0,0.0,1.0,5.499999999999999,-1.275,2
1769786065.0219584,0.0,0.0,0.0,0.0,1.0,5.499999999999999,-1.275,2
1769786065.0228298,0.0,0.0,0.0,0.0,1.0,5.499999999999999,-1.275,2
1769786065.0236077,0.0,0.0,0.0,0.0,1.0,5.499999999999999,-1.275,2
1769786065.024425,0.0,0.0,0.0,0.0,1.0,5.499999999999999,-1.275,2
1769786065.0254092,0.0,0.0,0.0,0.0,1.0,5.499999999999999,-1.275,2
1769786065.02661,0.0,0.0,0.0,0.0,1.0,5.499999999999999,-1.275,2
1769786065.0275137,0.0,0.0,0.0,0.0,1.0,5.499999999999999,-1.275,2
1769786065.0284424,0.0,0.0,0.0,0.0,1.0,5.499999999999999,-1.275,2
1769786065.0294027,0.0,0.0,0.0,0.0,1.0,5.499999999999999,-1.275,2
1769786065.0302641,0.0,0.0,0.0,0.0,1.0,5.499999999999999,-1.275,2
1769786065.0310292,0.0,0.0,0.0,0.0,1.0,5.499999999999999,-1.275,2
1769786065.0317245,0.0,0.0,0.0,0.0,1.0,5.499999999999999,-1.275,2
1769786065.0324576,0.0,0.0,0.0,0.0,1.0,5.499999999999999,-1.275,2
1769786065.0333335,0.0,0.0,0.0,0.0,1.0,5.499999999999999,-1.275,2
1769786065.0340958,0.0,0.0,0.0,0.0,1.0,5.499999999999999,-1.275,2
1769786065.0348897,0.0,0.0,0.0,0.0,1.0,5.499999999999999,-1.275,2
1769786065.035582,0.0,0.0,0.0,0.0,1.0,5.499999999999999,-1.275,2
1769786065.0363748,0.0,0.0,0.0,0.0,1.0,5.499999999999999,-1.275,2
1769786065.0370762,0.0,0.0,0.0,0.0,1.0,5.499999999999999,-1.275,2
1769786065.0377278,0.0,0.0,0.0,0.0,1.0,5.499999999999999,-1.275,2
1769786065.0383747,0.0,0.0,0.0,0.0,1.0,5.499999999999999,-1.275,2
1769786065.0391712,0.0,0.0,0.0,0.0,1.0,5.499999999999999,-1.275,2
1769786065.039955,0.0,0.0,0.0,0.0,1.0,5.499999999999999,-1.275,2
1769786065.0411215,0.0,0.0,0.0,0.0,1.0,5.499999999999999,-1.275,2
1769786065.0421689,0.0,0.0,0.0,0.0,1.0,5.499999999999999,-1.275,2
1769786065.0429726,0.0,0.0,0.0,0.0,1.0,5.499999999999999,-1.275,2
1769786065.0438933,0.0,0.0,0.0,0.0,1.0,5.499999999999999,-1.275,2
1769786065.044984,0.0,0.0,0.0,0.0,1.0,5.499999999999999,-1.275,2
1769786065.045819,0.0,0.0,0.0,0.0,1.0,5.499999999999999,-1.275,2
1769786065.046702,0.0,0.0,0.0,0.0,1.0,5.499999999999999,-1.275,2
1769786065.0475469,0.0,0.0,0.0,0.0,1.0,5.499999999999999,-1.275,2
1769786065.0487294,0.0,0.0,0.0,0.0,1.0,5.499999999999999,-1.275,2
1769786065.05005,0.0,0.0,0.0,0.0,1.0,5.499999999999999,-1.275,2
1769786065.0510764,0.0,0.0,0.0,0.0,1.0,5.499999999999999,-1.275,2
1769786065.0518656,0.0,0.0,0.0,0.0,1.0,5.499999999999999,-1.275,2
1769786065.052767,0.0,0.0,0.0,0.0,1.0,5.499999999999999,-1.275,2
1769786065.0535824,0.0,0.0,0.0,0.0,1.0,5.499999999999999,-1.275,2
1769786065.0545232,0.0,0.0,0.0,0.0,1.0,5.499999999999999,-1.275,2
1769786065.0553346,0.0,0.0,0.0,0.0,1.0,5.499999999999999,-1.275,2
1769786065.05614,0.0,0.0,0.0,0.0,1.0,5.499999999999999,-1.275,2
1769786065.0574453,0.0,0.0,0.0,0.0,1.0,5.499999999999999,-1.275,2
1769786065.058242,0.0,0.0,0.0,0.0,1.0,5.499999999999999,-1.275,2
1769786065.0592804,0.0,0.0,0.0,0.0,1.0,5.499999999999999,-1.275,2
1769786065.059969,0.0,0.0,0.0,0.0,1.0,5.499999999999999,-1.275,2
1769786065.0607047,0.0,0.0,0.0,0.0,1.0,5.499999999999999,-1.275,2
1769786065.0614738,0.0,0.0,0.0,0.0,1.0,5.499999999999999,-1.275,2
1769786065.062118,0.0,0.0,0.0,0.0,1.0,5.499999999999999,-1.275,2
1769786065.062841,0.0,0.0,0.0,0.0,1.0,5.499999999999999,-1.275,2
1769786065.0637,0.0,0.0,0.0,0.0,1.0,5.499999999999999,-1.275,2
1769786065.0648272,0.0,0.0,0.0,0.0,1.0,5.499999999999999,-1.275,2
1769786065.065695,0.0,0.0,0.0,0.0,1.0,5.499999999999999,-1.275,2
1769786065.0666378,0.0,0.0,0.0,0.0,1.0,5.499999999999999,-1.275,2
1769786065.0674026,0.0,0.0,0.0,0.0,1.0,5.499999999999999,-1.275,2
1769786065.0683973,0.0,0.0,0.0,0.0,1.0,5.499999999999999,-1.275,2
1769786065.0692308,0.0,0.0,0.0,0.0,1.0,5.499999999999999,-1.275,2
1769786065.0701509,0.0,0.0,0.0,0.0,1.0,5.499999999999999,-1.275,2
1769786065.071083,0.0,0.0,0.0,0.0,1.0,5.499999999999999,-1.275,2
1769786065.0720842,0.0,0.0,0.0,0.0,1.0,5.499999999999999,-1.275,2
1769786065.072957,0.0,0.0,0.0,0.0,1.0,5.499999999999999,-1.275,2
1769786065.0737941,0.0,0.0,0.0,0.0,1.0,5.499999999999999,-1.275,2
1769786065.0744963,0.0,0.0,0.0,0.0,1.0,5.499999999999999,-1.275,2
1769786065.075201,0.0,0.0,0.0,0.0,1.0,5.499999999999999,-1.275,2
1769786065.075888,0.0,0.0,0.0,0.0,1.0,5.499999999999999,-1.275,2
1769786065.0766037,0.0,0.0,0.0,0.0,1.0,5.499999999999999,-1.275,2
1769786065.0773373,0.0,0.0,0.0,0.0,1.0,5.499999999999999,-1.275,2
1769786065.0780087,0.0,0.0,0.0,0.0,1.0,5.499999999999999,-1.275,2
1769786065.0786824,0.0,0.0,0.0,0.0,1.0,5.499999999999999,-1.275,2
1769786065.0795665,0.0,0.0,0.0,0.0,1.0,5.499999999999999,-1.275,2
1769786065.1280131,0.0,0.0,0.0,0.0,1.0,0.0,0.0,2
1769786065.1301978,0.0,0.0,0.0,0.0,1.0,5.499999999999999,-0.27499999999999997,2
1769786065.1311297,0.0,0.0,0.0,0.0,1.0,5.499999999999999,-0.27499999999999997,2
1769786065.1319156,0.0,0.0,0.0,0.0,1.0,5.499999999999999,-0.27499999999999997,2
1769786065.1327672,0.0,0.0,0.0,0.0,1.0,5.499999999999999,-0.27499999999999997,2
1769786065.1335301,0.0,0.0,0.0,0.0,1.0,5.499999999999999,-0.27499999999999997,2
1769786065.1343257,0.0,0.0,0.0,0.0,1.0,5.499999999999999,-1.275,2
1769786065.135183,0.0,0.0,0.0,0.0,1.0,5.499999999999999,-1.275,2
1769786065.1367848,0.0,0.0,0.0,0.0,1.0,5.499999999999999,-1.275,2
1769786065.1378562,0.0,0.0,0.0,0.0,1.0,5.499999999999999,-1.275,2
1769786065.1388376,0.0,0.0,0.0,0.0,1.0,5.499999999999999,-1.275,2
1769786065.139665,0.0,0.0,0.0,0.0,1.0,5.499999999999999,-1.275,2
1769786065.140473,0.0,0.0,0.0,0.0,1.0,5.499999999999999,-1.275,2
1769786065.1417208,0.0,0.0,0.0,0.0,1.0,5.499999999999999,-1.275,2
1769786065.142545,0.0,0.0,0.0,0.0,1.0,5.499999999999999,-1.275,2
1769786065.1442568,0.0,0.0,0.0,0.0,1.0,5.499999999999999,-1.275,2
1769786065.145499,0.0,0.0,0.0,0.0,1.0,5.499999999999999,-1.275,2
1769786065.146444,0.0,0.0,0.0,0.0,1.0,5.499999999999999,-1.275,2
1769786065.1473644,0.0,0.0,0.0,0.0,1.0,5.499999999999999,-1.275,2
1769786065.1481411,0.0,0.0,0.0,0.0,1.0,5.499999999999999,-1.275,2
1769786065.1491303,0.0,0.0,0.0,0.0,1.0,5.499999999999999,-1.275,2
1769786065.1500058,0.0,0.0,0.0,0.0,1.0,5.499999999999999,-1.275,2
1769786065.1508877,0.0,0.0,0.0,0.0,1.0,5.499999999999999,-1.275,2
1769786065.1523244,0.0,0.0,0.0,0.0,1.0,5.499999999999999,-1.275,2
1769786065.1532342,0.0,0.0,0.0,0.0,1.0,5.499999999999999,-1.275,2
1769786065.154114,0.0,0.0,0.0,0.0,1.0,5.499999999999999,-1.275,2
1769786065.1550076,0.0,0.0,0.0,0.0,1.0,5.499999999999999,-1.275,2
1769786065.1559036,0.0,0.0,0.0,0.0,1.0,5.499999999999999,-1.275,2
1769786065.1567335,0.0,0.0,0.0,0.0,1.0,5.499999999999999,-1.275,2
1769786065.157397,0.0,0.0,0.0,0.0,1.0,5.499999999999999,-1.275,2
1769786065.1581633,0.0,0.0,0.0,0.0,1.0,5.499999999999999,-1.275,2
1769786065.159015,0.0,0.0,0.0,0.0,1.0,5.499999999999999,-1.275,2
1769786065.160095,0.0,0.0,0.0,0.0,1.0,5.499999999999999,-1.275,2
1769786065.161096,0.0,0.0,0.0,0.0,1.0,5.499999999999999,-1.275,2
1769786065.1619928,0.0,0.0,0.0,0.0,1.0,5.499999999999999,-1.275,2
1769786065.1627398,0.0,0.0,0.0,0.0,1.0,5.499999999999999,-1.275,2
1769786065.1634796,0.0,0.0,0.0,0.0,1.0,5.499999999999999,-1.275,2
1769786065.1642582,0.0,0.0,0.0,0.0,1.0,5.499999999999999,-1.275,2
1769786065.1650617,0.0,0.0,0.0,0.0,1.0,5.499999999999999,-1.275,2
1769786065.1658027,0.0,0.0,0.0,0.0,1.0,5.499999999999999,-1.275,2
1769786065.1664867,0.0,0.0,0.0,0.0,1.0,5.499999999999999,-1.275,2
1769786065.1675973,0.0,0.0,0.0,0.0,1.0,5.499999999999999,-1.275,2
1769786065.168897,0.0,0.0,0.0,0.0,1.0,5.499999999999999,-1.275,2
1769786065.1697311,0.0,0.0,0.0,0.0,1.0,5.499999999999999,-1.275,2
1769786065.1704578,0.0,0.0,0.0,0.0,1.0,5.499999999999999,-1.275,2
1769786065.171195,0.0,0.0,0.0,0.0,1.0,5.499999999999999,-1.275,2
1769786065.171923,0.0,0.0,0.0,0.0,1.0,5.499999999999999,-1.275,2
1769786065.1726801,0.0,0.0,0.0,0.0,1.0,5.499999999999999,-1.275,2
1769786065.173895,0.0,0.0,0.0,0.0,1.0,5.499999999999999,-1.275,2
1769786065.1747723,0.0,0.0,0.0,0.0,1.0,5.499999999999999,-1.275,2
1769786065.1757982,0.0,0.0,0.0,0.0,1.0,5.499999999999999,-1.275,2
1769786065.1768186,0.0,0.0,0.0,0.0,1.0,5.499999999999999,-1.275,2
1769786065.1776748,0.0,0.0,0.0,0.0,1.0,5.499999999999999,-1.275,2
1769786065.1784425,0.0,0.0,0.0,0.0,1.0,5.499999999999999,-1.275,2
1769786065.179193,0.0,0.0,0.0,0.0,1.0,5.499999999999999,-1.275,2
1769786065.1799989,0.0,0.0,0.0,0.0,1.0,5.499999999999999,-1.275,2
1769786065.1808298,0.0,0.0,0.0,0.0,1.0,5.499999999999999,-1.275,2
1769786065.1815953,0.0,0.0,0.0,0.0,1.0,5.499999999999999,-1.275,2
1769786065.1823575,0.0,0.0,0.0,0.0,1.0,5.499999999999999,-1.275,2
1769786065.1832592,0.0,0.0,0.0,0.0,1.0,5.499999999999999,-1.275,2
1769786065.184052,0.0,0.0,0.0,0.0,1.0,5.499999999999999,-1.275,2
1769786065.184813,0.0,0.0,0.0,0.0,1.0,5.499999999999999,-1.275,2
1769786065.1855543,0.0,0.0,0.0,0.0,1.0,5.499999999999999,-1.275,2
1769786065.1863003,0.0,0.0,0.0,0.0,1.0,5.499999999999999,-1.275,2
1769786065.1870115,0.0,0.0,0.0,0.0,1.0,5.499999999999999,-1.275,2
1769786065.1879416,0.0,0.0,0.0,0.0,1.0,5.499999999999999,-1.275,2
1769786065.1888766,0.0,0.0,0.0,0.0,1.0,5.499999999999999,-1.275,2
1769786065.1897082,0.0,0.0,0.0,0.0,1.0,5.499999999999999,-1.275,2
1769786065.1905127,0.0,0.0,0.0,0.0,1.0,5.499999999999999,-1.275,2
1769786065.191346,0.0,0.0,0.0,0.0,1.0,5.499999999999999,-1.275,2
1769786065.1920474,0.0,0.0,0.0,0.0,1.0,5.499999999999999,-1.275,2
1769786065.1928344,0.0,0.0,0.0,0.0,1.0,5.499999999999999,-1.275,2
1769786065.1935217,0.0,0.0,0.0,0.0,1.0,5.499999999999999,-1.275,2
1769786065.1941724,0.0,0.0,0.0,0.0,1.0,5.499999999999999,-1.275,2
1769786065.1948035,0.0,0.0,0.0,0.0,1.0,5.499999999999999,-1.275,2
1769786065.1955073,0.0,0.0,0.0,0.0,1.0,5.499999999999999,-1.275,2
1769786065.1962073,0.0,0.0,0.0,0.0,1.0,5.499999999999999,-1.275,2
1769786065.1970186,0.0,0.0,0.0,0.0,1.0,5.499999999999999,-1.275,2
1769786065.1977694,0.0,0.0,0.0,0.0,1.0,5.499999999999999,-1.275,2
1769786065.1986268,0.0,0.0,0.0,0.0,1.0,5.499999999999999,-1.275,2
1769786065.1994941,0.0,0.0,0.0,0.0,1.0,5.499999999999999,-1.275,2
1769786065.2002475,0.0,0.0,0.0,0.0,1.0,5.499999999999999,-1.275,2
1769786065.2010581,0.0,0.0,0.0,0.0,1.0,5.499999999999999,-1.275,2
1769786065.2017267,0.0,0.0,0.0,0.0,1.0,5.499999999999999,-1.275,2
1769786065.2025733,0.0,0.0,0.0,0.0,1.0,5.499999999999999,-1.275,2
1769786065.203302,0.0,0.0,0.0,0.0,1.0,5.499999999999999,-1.275,2
1769786065.2039533,0.0,0.0,0.0,0.0,1.0,5.499999999999999,-1.275,2
1769786065.2047129,0.0,0.0,0.0,0.0,1.0,5.499999999999999,-1.275,2
1769786065.2054439,0.0,0.0,0.0,0.0,1.0,5.499999999999999,-1.275,2
1769786065.2062218,0.0,0.0,0.0,0.0,1.0,5.499999999999999,-1.275,2
1769786065.2069964,0.0,0.0,0.0,0.0,1.0,5.499999999999999,-1.275,2
1769786065.2078164,0.0,0.0,0.0,0.0,1.0,5.499999999999999,-1.275,2
1769786065.2085943,0.0,0.0,0.0,0.0,1.0,5.499999999999999,-1.275,2
1769786065.209304,0.0,0.0,0.0,0.0,1.0,5.499999999999999,-1.275,2
1769786065.2100103,0.0,0.0,0.0,0.0,1.0,5.499999999999999,-1.275,2
1769786065.2107258,0.0,0.0,0.0,0.0,1.0,5.499999999999999,-1.275,2
1769786065.2114363,0.0,0.0,0.0,0.0,1.0,5.499999999999999,-1.275,2
1769786065.2121198,0.0,0.0,0.0,0.0,1.0,5.499999999999999,-1.275,2
1769786065.2128649,0.0,0.0,0.0,0.0,1.0,5.499999999999999,-1.275,2
1769786065.213658,0.0,0.0,0.0,0.0,1.0,5.499999999999999,-1.275,2
1769786065.2146757,0.0,0.0,0.0,0.0,1.0,5.499999999999999,-1.275,2
1769786065.2155437,0.0,0.0,0.0,0.0,1.0,5.499999999999999,-1.275,2
1769786065.2165082,0.0,0.0,0.0,0.0,1.0,5.499999999999999,-1.275,2
1769786065.2173953,0.0,0.0,0.0,0.0,1.0,5.499999999999999,-1.275,2
1769786065.2182326,0.0,0.0,0.0,0.0,1.0,5.499999999999999,-1.275,2
1769786065.219042,0.0,0.0,0.0,0.0,1.0,5.499999999999999,-1.275,2
1769786065.2198927,0.0,0.0,0.0,0.0,1.0,5.499999999999999,-1.275,2
1769786065.2207758,0.0,0.0,0.0,0.0,1.0,5.499999999999999,-1.275,2
1769786065.221669,0.0,0.0,0.0,0.0,1.0,5.499999999999999,-1.275,2
1769786065.2225046,0.0,0.0,0.0,0.0,1.0,5.499999999999999,-1.275,2
1769786065.2232645,0.0,0.0,0.0,0.0,1.0,5.499999999999999,-1.275,2
1769786065.224013,0.0,0.0,0.0,0.0,1.0,5.499999999999999,-1.275,2
1769786065.2247622,0.0,0.0,0.0,0.0,1.0,5.499999999999999,-1.275,2
1769786065.2254622,0.0,0.0,0.0,0.0,1.0,5.499999999999999,-1.275,2
1769786065.2262354,0.0,0.0,0.0,0.0,1.0,5.499999999999999,-1.275,2
1769786065.2269614,0.0,0.0,0.0,0.0,1.0,5.499999999999999,-1.275,2
1769786065.227633,0.0,0.0,0.0,0.0,1.0,5.499999999999999,-1.275,2
1769786065.2284808,0.0,0.0,0.0,0.0,1.0,5.499999999999999,-1.275,2
1769786065.229374,0.0,0.0,0.0,0.0,1.0,5.499999999999999,-1.275,2
1769786065.2302835,0.0,0.0,0.0,0.0,1.0,5.499999999999999,-1.275,2
1769786065.2315161,0.0,0.0,0.0,0.0,1.0,5.499999999999999,-1.275,2
1769786065.233001,0.0,0.0,0.0,0.0,1.0,5.499999999999999,-1.275,2
1769786065.2338533,0.0,0.0,0.0,0.0,1.0,5.499999999999999,-1.275,2
1769786065.2345665,0.0,0.0,0.0,0.0,1.0,5.499999999999999,-1.275,2
1769786065.2353253,0.0,0.0,0.0,0.0,1.0,5.499999999999999,-1.275,2
1769786065.2360535,0.0,0.0,0.0,0.0,1.0,5.499999999999999,-1.275,2
1769786065.2368495,0.0,0.0,0.0,0.0,1.0,5.499999999999999,-1.275,2
1769786065.238173,0.0,0.0,0.0,0.0,1.0,5.499999999999999,-1.275,2
1769786065.2389824,0.0,0.0,0.0,0.0,1.0,5.499999999999999,-1.275,2
1769786065.2396674,0.0,0.0,0.0,0.0,1.0,5.499999999999999,-1.275,2
1769786065.2403834,0.0,0.0,0.0,0.0,1.0,5.499999999999999,-1.275,2
1769786065.241116,0.0,0.0,0.0,0.0,1.0,5.499999999999999,-1.275,2
1769786065.2420022,0.0,0.0,0.0,0.0,1.0,5.499999999999999,-1.275,2
1769786065.242816,0.0,0.0,0.0,0.0,1.0,5.499999999999999,-1.275,2
1769786065.243458,0.0,0.0,0.0,0.0,1.0,5.499999999999999,-1.275,2
1769786065.2441173,0.0,0.0,0.0,0.0,1.0,5.499999999999999,-1.275,2
1769786065.2449474,0.0,0.0,0.0,0.0,1.0,5.499999999999999,-1.275,2
1769786065.2456589,0.0,0.0,0.0,0.0,1.0,5.499999999999999,-1.275,2
1769786065.2467127,0.0,0.0,0.0,0.0,1.0,5.499999999999999,-1.275,2
1769786065.2476752,0.0,0.0,0.0,0.0,1.0,5.499999999999999,-1.275,2
1769786065.249238,0.0,0.0,0.0,0.0,1.0,5.499999999999999,-1.275,2
1769786065.2504263,0.0,0.0,0.0,0.0,1.0,5.499999999999999,-1.275,2
1769786065.25213,0.0,0.0,0.0,0.0,1.0,5.499999999999999,-1.275,2
1769786065.2530015,0.0,0.0,0.0,0.0,1.0,5.499999999999999,-1.275,2
1769786065.2542045,0.0,0.0,0.0,0.0,1.0,5.499999999999999,-1.275,2
1769786065.255255,0.0,0.0,0.0,0.0,1.0,5.499999999999999,-1.275,2
1769786065.2561357,0.0,0.0,0.0,0.0,1.0,5.499999999999999,-1.275,2
1769786065.2570097,0.0,0.0,0.0,0.0,1.0,5.499999999999999,-1.275,2
1769786065.2578394,0.0,0.0,0.0,0.0,1.0,5.499999999999999,-1.275,2
1769786065.2587535,0.0,0.0,0.0,0.0,1.0,5.499999999999999,-1.275,2
1769786065.259702,0.0,0.0,0.0,0.0,1.0,5.499999999999999,-1.275,2
1769786065.2605686,0.0,0.0,0.0,0.0,1.0,5.499999999999999,-1.275,2
1769786065.2616527,0.0,0.0,0.0,0.0,1.0,5.499999999999999,-1.275,2
1769786065.2627842,0.0,0.0,0.0,0.0,1.0,5.499999999999999,-1.275,2
1769786065.2637265,0.0,0.0,0.0,0.0,1.0,5.499999999999999,-1.275,2
1769786065.2645988,0.0,0.0,0.0,0.0,1.0,5.499999999999999,-1.275,2
1769786065.2654724,0.0,0.0,0.0,0.0,1.0,5.499999999999999,-1.275,2
1769786065.2662973,0.0,0.0,0.0,0.0,1.0,5.499999999999999,-1.275,2
1769786065.2670307,0.0,0.0,0.0,0.0,1.0,5.499999999999999,-1.275,2
1769786065.268019,0.0,0.0,0.0,0.0,1.0,5.499999999999999,-1.275,2
1769786065.2688558,0.0,0.0,0.0,0.0,1.0,5.499999999999999,-1.275,2
1769786065.2699416,0.0,0.0,0.0,0.0,1.0,5.499999999999999,-1.275,2
1769786065.270759,0.0,0.0,0.0,0.0,1.0,5.499999999999999,-1.275,2
1769786065.2715046,0.0,0.0,0.0,0.0,1.0,5.499999999999999,-1.275,2
1769786065.272446,0.0,0.0,0.0,0.0,1.0,5.499999999999999,-1.275,2
1769786065.2733204,0.0,0.0,0.0,0.0,1.0,5.499999999999999,-1.275,2
1769786065.2740772,0.0,0.0,0.0,0.0,1.0,5.499999999999999,-1.275,2
1769786065.2750635,0.0,0.0,0.0,0.0,1.0,5.499999999999999,-1.275,2
1769786065.276032,0.0,0.0,0.0,0.0,1.0,5.499999999999999,-1.275,2
1769786065.27694,0.0,0.0,0.0,0.0,1.0,5.499999999999999,-1.275,2
1769786065.2780154,0.0,0.0,0.0,0.0,1.0,5.499999999999999,-1.275,2
1769786065.2789311,0.0,0.0,0.0,0.0,1.0,5.499999999999999,-1.275,2
1769786065.2797546,0.0,0.0,0.0,0.0,1.0,5.499999999999999,-1.275,2
1769786065.280629,0.0,0.0,0.0,0.0,1.0,5.499999999999999,-1.275,2
1769786065.2814858,0.0,0.0,0.0,0.0,1.0,5.499999999999999,-1.275,2
1769786065.2822797,0.0,0.0,0.0,0.0,1.0,5.499999999999999,-1.275,2
1769786065.2829812,0.0,0.0,0.0,0.0,1.0,5.499999999999999,-1.275,2
1769786065.2837806,0.0,0.0,0.0,0.0,1.0,5.499999999999999,-1.275,2
1769786065.2845538,0.0,0.0,0.0,0.0,1.0,5.499999999999999,-1.275,2
1769786065.2855613,0.0,0.0,0.0,0.0,1.0,5.499999999999999,-1.275,2
1769786065.2864594,0.0,0.0,0.0,0.0,1.0,5.499999999999999,-1.275,2
1769786065.2871878,0.0,0.0,0.0,0.0,1.0,5.499999999999999,-1.275,2
1769786065.2878613,0.0,0.0,0.0,0.0,1.0,5.499999999999999,-1.275,2
1769786065.288574,0.0,0.0,0.0,0.0,1.0,5.499999999999999,-1.275,2
1769786065.289412,0.0,0.0,0.0,0.0,1.0,5.499999999999999,-1.275,2
1769786065.290177,0.0,0.0,0.0,0.0,1.0,5.499999999999999,-1.275,2
1769786065.2910264,0.0,0.0,0.0,0.0,1.0,5.499999999999999,-1.275,2
1769786065.2918026,0.0,0.0,0.0,0.0,1.0,5.499999999999999,-1.275,2
1769786065.29254,0.0,0.0,0.0,0.0,1.0,5.499999999999999,-1.275,2
1769786065.2936676,0.0,0.0,0.0,0.0,1.0,5.499999999999999,-1.275,2
1769786065.294609,0.0,0.0,0.0,0.0,1.0,5.499999999999999,-1.275,2
1769786065.295383,0.0,0.0,0.0,0.0,1.0,5.499999999999999,-1.275,2
1769786065.2961352,0.0,0.0,0.0,0.0,1.0,5.499999999999999,-1.275,2
1769786065.296995,0.0,0.0,0.0,0.0,1.0,5.499999999999999,-1.275,2
1769786065.2977188,0.0,0.0,0.0,0.0,1.0,5.499999999999999,-1.275,2
1769786065.2985115,0.0,0.0,0.0,0.0,1.0,5.499999999999999,-1.275,2
1769786065.2991974,0.0,0.0,0.0,0.0,1.0,5.499999999999999,-1.275,2
1769786065.2998502,0.0,0.0,0.0,0.0,1.0,5.499999999999999,-1.275,2
1769786065.3006861,0.0,0.0,0.0,0.0,1.0,5.499999999999999,-1.275,2
1769786065.301826,0.0,0.0,0.0,0.0,1.0,5.499999999999999,-1.275,2
1769786065.3028362,0.0,0.0,0.0,0.0,1.0,5.499999999999999,-1.275,2
1769786065.3544173,0.0,0.0,0.0,0.0,1.0,0.0,0.0,2
1769786065.3555927,0.0,0.0,0.0,0.0,1.0,5.499999999999999,-0.27499999999999997,2
1769786065.3577707,0.0,0.0,0.0,0.0,1.0,5.499999999999999,-0.27499999999999997,2
1769786065.3593137,0.0,0.0,0.0,0.0,1.0,5.499999999999999,-0.27499999999999997,2
1769786065.36063,0.0,0.0,0.0,0.0,1.0,5.499999999999999,-0.27499999999999997,2
1769786065.3614995,0.0,0.0,0.0,0.0,1.0,5.499999999999999,-0.27499999999999997,2
1769786065.3623624,0.0,0.0,0.0,0.0,1.0,5.499999999999999,-1.275,2
1769786065.3633056,0.0,0.0,0.0,0.0,1.0,5.499999999999999,-1.275,2
1769786065.3647048,0.0,0.0,0.0,0.0,1.0,5.499999999999999,-1.275,2
1769786065.3664587,0.0,0.0,0.0,0.0,1.0,5.499999999999999,-1.275,2
1769786065.3673034,0.0,0.0,0.0,0.0,1.0,5.499999999999999,-1.275,2
1769786065.368255,0.0,0.0,0.0,0.0,1.0,5.499999999999999,-1.275,2
1769786065.3691118,0.0,0.0,0.0,0.0,1.0,5.499999999999999,-1.275,2
1769786065.369921,0.0,0.0,0.0,0.0,1.0,5.499999999999999,-1.275,2
1769786065.3707557,0.0,0.0,0.0,0.0,1.0,5.499999999999999,-1.275,2
1769786065.3716626,0.0,0.0,0.0,0.0,1.0,5.499999999999999,-1.275,2
1769786065.372742,0.0,0.0,0.0,0.0,1.0,5.499999999999999,-1.275,2
1769786065.3738184,0.0,0.0,0.0,0.0,1.0,5.499999999999999,-1.275,2
1769786065.3747115,0.0,0.0,0.0,0.0,1.0,5.499999999999999,-1.275,2
1769786065.3755777,0.0,0.0,0.0,0.0,1.0,5.499999999999999,-1.275,2
1769786065.3764086,0.0,0.0,0.0,0.0,1.0,5.499999999999999,-1.275,2
1769786065.3772943,0.0,0.0,0.0,0.0,1.0,5.499999999999999,-1.275,2
1769786065.3781333,0.0,0.0,0.0,0.0,1.0,5.499999999999999,-1.275,2
1769786065.3790188,0.0,0.0,0.0,0.0,1.0,5.499999999999999,-1.275,2
1769786065.3797834,0.0,0.0,0.0,0.0,1.0,5.499999999999999,-1.275,2
1769786065.3807473,0.0,0.0,0.0,0.0,1.0,5.499999999999999,-1.275,2
1769786065.3816297,0.0,0.0,0.0,0.0,1.0,5.499999999999999,-1.275,2
1769786065.3824804,0.0,0.0,0.0,0.0,1.0,5.499999999999999,-1.275,2
1769786065.3832722,0.0,0.0,0.0,0.0,1.0,5.499999999999999,-1.275,2
1769786065.3840737,0.0,0.0,0.0,0.0,1.0,5.499999999999999,-1.275,2
1769786065.3849683,0.0,0.0,0.0,0.0,1.0,5.499999999999999,-1.275,2
1769786065.385872,0.0,0.0,0.0,0.0,1.0,5.499999999999999,-1.275,2
1769786065.3866365,0.0,0.0,0.0,0.0,1.0,5.499999999999999,-1.275,2
1769786065.3874228,0.0,0.0,0.0,0.0,1.0,5.499999999999999,-1.275,2
1769786065.3885856,0.0,0.0,0.0,0.0,1.0,5.499999999999999,-1.275,2
1769786065.38945,0.0,0.0,0.0,0.0,1.0,5.499999999999999,-1.275,2
1769786065.390542,0.0,0.0,0.0,0.0,1.0,5.499999999999999,-1.275,2
1769786065.3913634,0.0,0.0,0.0,0.0,1.0,5.499999999999999,-1.275,2
1769786065.3923738,0.0,0.0,0.0,0.0,1.0,5.499999999999999,-1.275,2
1769786065.3933837,0.0,0.0,0.0,0.0,1.0,5.499999999999999,-1.275,2
1769786065.3942878,0.0,0.0,0.0,0.0,1.0,5.499999999999999,-1.275,2
1769786065.3952398,0.0,0.0,0.0,0.0,1.0,5.499999999999999,-1.275,2
1769786065.3964078,0.0,0.0,0.0,0.0,1.0,5.499999999999999,-1.275,2
1769786065.3973927,0.0,0.0,0.0,0.0,1.0,5.499999999999999,-1.275,2
1769786065.398269,0.0,0.0,0.0,0.0,1.0,5.499999999999999,-1.275,2
1769786065.399081,0.0,0.0,0.0,0.0,1.0,5.499999999999999,-1.275,2
1769786065.4000099,0.0,0.0,0.0,0.0,1.0,5.499999999999999,-1.275,2
1769786065.4008534,0.0,0.0,0.0,0.0,1.0,5.499999999999999,-1.275,2
1769786065.401664,0.0,0.0,0.0,0.0,1.0,5.499999999999999,-1.275,2
1769786065.4026098,0.0,0.0,0.0,0.0,1.0,5.499999999999999,-1.275,2
1769786065.4034054,0.0,0.0,0.0,0.0,1.0,5.499999999999999,-1.275,2
1769786065.4045997,0.0,0.0,0.0,0.0,1.0,5.499999999999999,-1.275,2
1769786065.4054654,0.0,0.0,0.0,0.0,1.0,5.499999999999999,-1.275,2
1769786065.4062295,0.0,0.0,0.0,0.0,1.0,5.499999999999999,-1.275,2
1769786065.4072354,0.0,0.0,0.0,0.0,1.0,5.499999999999999,-1.275,2
1769786065.4079788,0.0,0.0,0.0,0.0,1.0,5.499999999999999,-1.275,2
1769786065.4087627,0.0,0.0,0.0,0.0,1.0,5.499999999999999,-1.275,2
1769786065.4095793,0.0,0.0,0.0,0.0,1.0,5.499999999999999,-1.275,2
1769786065.4104786,0.0,0.0,0.0,0.0,1.0,5.499999999999999,-1.275,2
1769786065.411374,0.0,0.0,0.0,0.0,1.0,5.499999999999999,-1.275,2
1769786065.4124975,0.0,0.0,0.0,0.0,1.0,5.499999999999999,-1.275,2
1769786065.4133863,0.0,0.0,0.0,0.0,1.0,5.499999999999999,-1.275,2
1769786065.4142337,0.0,0.0,0.0,0.0,1.0,5.499999999999999,-1.275,2
1769786065.415116,0.0,0.0,0.0,0.0,1.0,5.499999999999999,-1.275,2
1769786065.415891,0.0,0.0,0.0,0.0,1.0,5.499999999999999,-1.275,2
1769786065.4167254,0.0,0.0,0.0,0.0,1.0,5.499999999999999,-1.275,2
1769786065.4175131,0.0,0.0,0.0,0.0,1.0,5.499999999999999,-1.275,2
1769786065.4183002,0.0,0.0,0.0,0.0,1.0,5.499999999999999,-1.275,2
1769786065.4190114,0.0,0.0,0.0,0.0,1.0,5.499999999999999,-1.275,2
1769786065.4198968,0.0,0.0,0.0,0.0,1.0,5.499999999999999,-1.275,2
1769786065.4207983,0.0,0.0,0.0,0.0,1.0,5.499999999999999,-1.275,2
1769786065.4215634,0.0,0.0,0.0,0.0,1.0,5.499999999999999,-1.275,2
1769786065.4223466,0.0,0.0,0.0,0.0,1.0,5.499999999999999,-1.275,2
1769786065.4230492,0.0,0.0,0.0,0.0,1.0,5.499999999999999,-1.275,2
1769786065.4237773,0.0,0.0,0.0,0.0,1.0,5.499999999999999,-1.275,2
1769786065.4245384,0.0,0.0,0.0,0.0,1.0,5.499999999999999,-1.275,2
1769786065.4252856,0.0,0.0,0.0,0.0,1.0,5.499999999999999,-1.275,2
1769786065.4259944,0.0,0.0,0.0,0.0,1.0,5.499999999999999,-1.275,2
1769786065.4267337,0.0,0.0,0.0,0.0,1.0,5.499999999999999,-1.275,2
1769786065.4278238,0.0,0.0,0.0,0.0,1.0,5.499999999999999,-1.275,2
1769786065.4287312,0.0,0.0,0.0,0.0,1.0,5.499999999999999,-1.275,2
1769786065.4297183,0.0,0.0,0.0,0.0,1.0,5.499999999999999,-1.275,2
1769786065.43075,0.0,0.0,0.0,0.0,1.0,5.499999999999999,-1.275,2
1769786065.4315362,0.0,0.0,0.0,0.0,1.0,5.499999999999999,-1.275,2
1769786065.4323921,0.0,0.0,0.0,0.0,1.0,5.499999999999999,-1.275,2
1769786065.4332438,0.0,0.0,0.0,0.0,1.0,5.499999999999999,-1.275,2
1769786065.4339929,0.0,0.0,0.0,0.0,1.0,5.499999999999999,-1.275,2
1769786065.4347641,0.0,0.0,0.0,0.0,1.0,5.499999999999999,-1.275,2
1769786065.4356534,0.0,0.0,0.0,0.0,1.0,5.499999999999999,-1.275,2
1769786065.436601,0.0,0.0,0.0,0.0,1.0,5.499999999999999,-1.275,2
1769786065.4375432,0.0,0.0,0.0,0.0,1.0,5.499999999999999,-1.275,2
1769786065.4383307,0.0,0.0,0.0,0.0,1.0,5.499999999999999,-1.275,2
1769786065.4390643,0.0,0.0,0.0,0.0,1.0,5.499999999999999,-1.275,2
1769786065.4398594,0.0,0.0,0.0,0.0,1.0,5.499999999999999,-1.275,2
1769786065.4406707,0.0,0.0,0.0,0.0,1.0,5.499999999999999,-1.275,2
1769786065.4414868,0.0,0.0,0.0,0.0,1.0,5.499999999999999,-1.275,2
1769786065.442246,0.0,0.0,0.0,0.0,1.0,5.499999999999999,-1.275,2
1769786065.4432373,0.0,0.0,0.0,0.0,1.0,5.499999999999999,-1.275,2
1769786065.444229,0.0,0.0,0.0,0.0,1.0,5.499999999999999,-1.275,2
1769786065.4451587,0.0,0.0,0.0,0.0,1.0,5.499999999999999,-1.275,2
1769786065.445944,0.0,0.0,0.0,0.0,1.0,5.499999999999999,-1.275,2
1769786065.4467113,0.0,0.0,0.0,0.0,1.0,5.499999999999999,-1.275,2
1769786065.4475472,0.0,0.0,0.0,0.0,1.0,5.499999999999999,-1.275,2
1769786065.4483252,0.0,0.0,0.0,0.0,1.0,5.499999999999999,-1.275,2
1769786065.4491622,0.0,0.0,0.0,0.0,1.0,5.499999999999999,-1.275,2
1769786065.4499342,0.0,0.0,0.0,0.0,1.0,5.499999999999999,-1.275,2
1769786065.4508688,0.0,0.0,0.0,0.0,1.0,5.499999999999999,-1.275,2
1769786065.4518867,0.0,0.0,0.0,0.0,1.0,5.499999999999999,-1.275,2
1769786065.4528947,0.0,0.0,0.0,0.0,1.0,5.499999999999999,-1.275,2
1769786065.4544742,0.0,0.0,0.0,0.0,1.0,5.499999999999999,-1.275,2
1769786065.4553056,0.0,0.0,0.0,0.0,1.0,5.499999999999999,-1.275,2
1769786065.456061,0.0,0.0,0.0,0.0,1.0,5.499999999999999,-1.275,2
1769786065.4568236,0.0,0.0,0.0,0.0,1.0,5.499999999999999,-1.275,2
1769786065.4577286,0.0,0.0,0.0,0.0,1.0,5.499999999999999,-1.275,2
1769786065.4584396,0.0,0.0,0.0,0.0,1.0,5.499999999999999,-1.275,2
1769786065.4592586,0.0,0.0,0.0,0.0,1.0,5.499999999999999,-1.275,2
1769786065.4600103,0.0,0.0,0.0,0.0,1.0,5.499999999999999,-1.275,2
1769786065.4607058,0.0,0.0,0.0,0.0,1.0,5.499999999999999,-1.275,2
1769786065.4613574,0.0,0.0,0.0,0.0,1.0,5.499999999999999,-1.275,2
1769786065.4619853,0.0,0.0,0.0,0.0,1.0,5.499999999999999,-1.275,2
1769786065.4626622,0.0,0.0,0.0,0.0,1.0,5.499999999999999,-1.275,2
1769786065.4633567,0.0,0.0,0.0,0.0,1.0,5.499999999999999,-1.275,2
1769786065.4641018,0.0,0.0,0.0,0.0,1.0,5.499999999999999,-1.275,2
1769786065.4648473,0.0,0.0,0.0,0.0,1.0,5.499999999999999,-1.275,2
1769786065.4655235,0.0,0.0,0.0,0.0,1.0,5.499999999999999,-1.275,2
1769786065.4662347,0.0,0.0,0.0,0.0,1.0,5.499999999999999,-1.275,2
1769786065.467281,0.0,0.0,0.0,0.0,1.0,5.499999999999999,-1.275,2
1769786065.4681737,0.0,0.0,0.0,0.0,1.0,5.499999999999999,-1.275,2
1769786065.4688838,0.0,0.0,0.0,0.0,1.0,5.499999999999999,-1.275,2
1769786065.4696958,0.0,0.0,0.0,0.0,1.0,5.499999999999999,-1.275,2
1769786065.4705484,0.0,0.0,0.0,0.0,1.0,5.499999999999999,-1.275,2
1769786065.4713423,0.0,0.0,0.0,0.0,1.0,5.499999999999999,-1.275,2
1769786065.4721143,0.0,0.0,0.0,0.0,1.0,5.499999999999999,-1.275,2
1769786065.4728286,0.0,0.0,0.0,0.0,1.0,5.499999999999999,-1.275,2
1769786065.4736364,0.0,0.0,0.0,0.0,1.0,5.499999999999999,-1.275,2
1769786065.475292,0.0,0.0,0.0,0.0,1.0,5.499999999999999,-1.275,2
1769786065.4762475,0.0,0.0,0.0,0.0,1.0,5.499999999999999,-1.275,2
1769786065.4770515,0.0,0.0,0.0,0.0,1.0,5.499999999999999,-1.275,2
1769786065.4777722,0.0,0.0,0.0,0.0,1.0,5.499999999999999,-1.275,2
1769786065.4784555,0.0,0.0,0.0,0.0,1.0,5.499999999999999,-1.275,2
1769786065.4791124,0.0,0.0,0.0,0.0,1.0,5.499999999999999,-1.275,2
1769786065.4798775,0.0,0.0,0.0,0.0,1.0,5.499999999999999,-1.275,2
1769786065.4806135,0.0,0.0,0.0,0.0,1.0,5.499999999999999,-1.275,2
1769786065.4813533,0.0,0.0,0.0,0.0,1.0,5.499999999999999,-1.275,2
1769786065.4820728,0.0,0.0,0.0,0.0,1.0,5.499999999999999,-1.275,2
1769786065.483214,0.0,0.0,0.0,0.0,1.0,5.499999999999999,-1.275,2
1769786065.4839473,0.0,0.0,0.0,0.0,1.0,5.499999999999999,-1.275,2
1769786065.4847696,0.0,0.0,0.0,0.0,1.0,5.499999999999999,-1.275,2
1769786065.4858003,0.0,0.0,0.0,0.0,1.0,5.499999999999999,-1.275,2
1769786065.4867435,0.0,0.0,0.0,0.0,1.0,5.499999999999999,-1.275,2
1769786065.487536,0.0,0.0,0.0,0.0,1.0,5.499999999999999,-1.275,2
1769786065.4882517,0.0,0.0,0.0,0.0,1.0,5.499999999999999,-1.275,2
1769786065.4890182,0.0,0.0,0.0,0.0,1.0,5.499999999999999,-1.275,2
1769786065.4896784,0.0,0.0,0.0,0.0,1.0,5.499999999999999,-1.275,2
1769786065.4905162,0.0,0.0,0.0,0.0,1.0,5.499999999999999,-1.275,2
1769786065.4913592,0.0,0.0,0.0,0.0,1.0,5.499999999999999,-1.275,2
1769786065.4922595,0.0,0.0,0.0,0.0,1.0,5.499999999999999,-1.275,2
1769786065.4932008,0.0,0.0,0.0,0.0,1.0,5.499999999999999,-1.275,2
1769786065.494228,0.0,0.0,0.0,0.0,1.0,5.499999999999999,-1.275,2
1769786065.4952748,0.0,0.0,0.0,0.0,1.0,5.499999999999999,-1.275,2
1769786065.496215,0.0,0.0,0.0,0.0,1.0,5.499999999999999,-1.275,2
1769786065.496996,0.0,0.0,0.0,0.0,1.0,5.499999999999999,-1.275,2
1769786065.4976926,0.0,0.0,0.0,0.0,1.0,5.499999999999999,-1.275,2
1769786065.4986515,0.0,0.0,0.0,0.0,1.0,5.499999999999999,-1.275,2
1769786065.4993694,0.0,0.0,0.0,0.0,1.0,5.499999999999999,-1.275,2
1769786065.5000765,0.0,0.0,0.0,0.0,1.0,5.499999999999999,-1.275,2
1769786065.5008178,0.0,0.0,0.0,0.0,1.0,5.499999999999999,-1.275,2
1769786065.501559,0.0,0.0,0.0,0.0,1.0,5.499999999999999,-1.275,2
1769786065.502292,0.0,0.0,0.0,0.0,1.0,5.499999999999999,-1.275,2
1769786065.5030818,0.0,0.0,0.0,0.0,1.0,5.499999999999999,-1.275,2
1769786065.5039675,0.0,0.0,0.0,0.0,1.0,5.499999999999999,-1.275,2
1769786065.5049202,0.0,0.0,0.0,0.0,1.0,5.499999999999999,-1.275,2
1769786065.505868,0.0,0.0,0.0,0.0,1.0,5.499999999999999,-1.275,2
1769786065.5066686,0.0,0.0,0.0,0.0,1.0,5.499999999999999,-1.275,2
1769786065.5075986,0.0,0.0,0.0,0.0,1.0,5.499999999999999,-1.275,2
1769786065.5090945,0.0,0.0,0.0,0.0,1.0,5.499999999999999,-1.275,2
1769786065.510006,0.0,0.0,0.0,0.0,1.0,5.499999999999999,-1.275,2
1769786065.511007,0.0,0.0,0.0,0.0,1.0,5.499999999999999,-1.275,2
1769786065.5120778,0.0,0.0,0.0,0.0,1.0,5.499999999999999,-1.275,2
1769786065.5129688,0.0,0.0,0.0,0.0,1.0,5.499999999999999,-1.275,2
1769786065.513867,0.0,0.0,0.0,0.0,1.0,5.499999999999999,-1.275,2
1769786065.5149279,0.0,0.0,0.0,0.0,1.0,5.499999999999999,-1.275,2
1769786065.5157015,0.0,0.0,0.0,0.0,1.0,5.499999999999999,-1.275,2
1769786065.5165024,0.0,0.0,0.0,0.0,1.0,5.499999999999999,-1.275,2
1769786065.5173264,0.0,0.0,0.0,0.0,1.0,5.499999999999999,-1.275,2
1769786065.5180264,0.0,0.0,0.0,0.0,1.0,5.499999999999999,-1.275,2
1769786065.5188763,0.0,0.0,0.0,0.0,1.0,5.499999999999999,-1.275,2
1769786065.5199363,0.0,0.0,0.0,0.0,1.0,5.499999999999999,-1.275,2
1769786065.5209045,0.0,0.0,0.0,0.0,1.0,5.499999999999999,-1.275,2
1769786065.5218873,0.0,0.0,0.0,0.0,1.0,5.499999999999999,-1.275,2
1769786065.5229807,0.0,0.0,0.0,0.0,1.0,5.499999999999999,-1.275,2
1769786065.523844,0.0,0.0,0.0,0.0,1.0,5.499999999999999,-1.275,2
1769786065.5247233,0.0,0.0,0.0,0.0,1.0,5.499999999999999,-1.275,2
1769786065.5257294,0.0,0.0,0.0,0.0,1.0,5.499999999999999,-1.275,2
1769786065.526626,0.0,0.0,0.0,0.0,1.0,5.499999999999999,-1.275,2
1769786065.527513,0.0,0.0,0.0,0.0,1.0,5.499999999999999,-1.275,2
1769786065.5284028,0.0,0.0,0.0,0.0,1.0,5.499999999999999,-1.275,2
1769786065.5292816,0.0,0.0,0.0,0.0,1.0,5.499999999999999,-1.275,2
1769786065.5302339,0.0,0.0,0.0,0.0,1.0,5.499999999999999,-1.275,2
1769786065.5310338,0.0,0.0,0.0,0.0,1.0,5.499999999999999,-1.275,2
1769786065.531769,0.0,0.0,0.0,0.0,1.0,5.499999999999999,-1.275,2
1769786065.5783467,0.0,0.0,0.0,0.0,1.0,0.0,0.0,2
1769786065.5796168,0.0,0.0,0.0,0.0,1.0,5.499999999999999,-0.27499999999999997,2
1769786065.580532,0.0,0.0,0.0,0.0,1.0,5.499999999999999,-0.27499999999999997,2
1769786065.5812962,0.0,0.0,0.0,0.0,1.0,5.499999999999999,-0.27499999999999997,2
1769786065.581985,0.0,0.0,0.0,0.0,1.0,5.499999999999999,-0.27499999999999997,2
1769786065.5826542,0.0,0.0,0.0,0.0,1.0,5.499999999999999,-0.27499999999999997,2
1769786065.5833144,0.0,0.0,0.0,0.0,1.0,5.499999999999999,-1.275,2
1769786065.5839958,0.0,0.0,0.0,0.0,1.0,5.499999999999999,-1.275,2
1769786065.5847092,0.0,0.0,0.0,0.0,1.0,5.499999999999999,-1.275,2
1769786065.5857873,0.0,0.0,0.0,0.0,1.0,5.499999999999999,-1.275,2
1769786065.5866146,0.0,0.0,0.0,0.0,1.0,5.499999999999999,-1.275,2
1769786065.5874481,0.0,0.0,0.0,0.0,1.0,5.499999999999999,-1.275,2
1769786065.5882244,0.0,0.0,0.0,0.0,1.0,5.499999999999999,-1.275,2
1769786065.5890667,0.0,0.0,0.0,0.0,1.0,5.499999999999999,-1.275,2
1769786065.5897274,0.0,0.0,0.0,0.0,1.0,5.499999999999999,-1.275,2
1769786065.5905917,0.0,0.0,0.0,0.0,1.0,5.499999999999999,-1.275,2
1769786065.5913832,0.0,0.0,0.0,0.0,1.0,5.499999999999999,-1.275,2
1769786065.592264,0.0,0.0,0.0,0.0,1.0,5.499999999999999,-1.275,2
1769786065.5931334,0.0,0.0,0.0,0.0,1.0,5.499999999999999,-1.275,2
1769786065.594231,0.0,0.0,0.0,0.0,1.0,5.499999999999999,-1.275,2
1769786065.594982,0.0,0.0,0.0,0.0,1.0,5.499999999999999,-1.275,2
1769786065.5957913,0.0,0.0,0.0,0.0,1.0,5.499999999999999,-1.275,2
1769786065.59659,0.0,0.0,0.0,0.0,1.0,5.499999999999999,-1.275,2
1769786065.5973563,0.0,0.0,0.0,0.0,1.0,5.499999999999999,-1.275,2
1769786065.5980976,0.0,0.0,0.0,0.0,1.0,5.499999999999999,-1.275,2
1769786065.5988028,0.0,0.0,0.0,0.0,1.0,5.499999999999999,-1.275,2
1769786065.5995026,0.0,0.0,0.0,0.0,1.0,5.499999999999999,-1.275,2
1769786065.600231,0.0,0.0,0.0,0.0,1.0,5.499999999999999,-1.275,2
1769786065.601224,0.0,0.0,0.0,0.0,1.0,5.499999999999999,-1.275,2
1769786065.6020365,0.0,0.0,0.0,0.0,1.0,5.499999999999999,-1.275,2
1769786065.6028204,0.0,0.0,0.0,0.0,1.0,5.499999999999999,-1.275,2
1769786065.6036105,0.0,0.0,0.0,0.0,1.0,5.499999999999999,-1.275,2
1769786065.6044025,0.0,0.0,0.0,0.0,1.0,5.499999999999999,-1.275,2
1769786065.6053147,0.0,0.0,0.0,0.0,1.0,5.499999999999999,-1.275,2
1769786065.6060898,0.0,0.0,0.0,0.0,1.0,5.499999999999999,-1.275,2
1769786065.6069813,0.0,0.0,0.0,0.0,1.0,5.499999999999999,-1.275,2
1769786065.607797,0.0,0.0,0.0,0.0,1.0,5.499999999999999,-1.275,2
1769786065.6088088,0.0,0.0,0.0,0.0,1.0,5.499999999999999,-1.275,2
1769786065.6097617,0.0,0.0,0.0,0.0,1.0,5.499999999999999,-1.275,2
1769786065.610565,0.0,0.0,0.0,0.0,1.0,5.499999999999999,-1.275,2
1769786065.611362,0.0,0.0,0.0,0.0,1.0,5.499999999999999,-1.275,2
1769786065.6124165,0.0,0.0,0.0,0.0,1.0,5.499999999999999,-1.275,2
1769786065.61326,0.0,0.0,0.0,0.0,1.0,5.499999999999999,-1.275,2
1769786065.61455,0.0,0.0,0.0,0.0,1.0,5.499999999999999,-1.275,2
1769786065.6153233,0.0,0.0,0.0,0.0,1.0,5.499999999999999,-1.275,2
1769786065.6160638,0.0,0.0,0.0,0.0,1.0,5.499999999999999,-1.275,2
1769786065.6170685,0.0,0.0,0.0,0.0,1.0,5.499999999999999,-1.275,2
1769786065.6178463,0.0,0.0,0.0,0.0,1.0,5.499999999999999,-1.275,2
1769786065.6186445,0.0,0.0,0.0,0.0,1.0,5.499999999999999,-1.275,2
1769786065.61937,0.0,0.0,0.0,0.0,1.0,5.499999999999999,-1.275,2
1769786065.62007,0.0,0.0,0.0,0.0,1.0,5.499999999999999,-1.275,2
1769786065.6208282,0.0,0.0,0.0,0.0,1.0,5.499999999999999,-1.275,2
1769786065.621617,0.0,0.0,0.0,0.0,1.0,5.499999999999999,-1.275,2
1769786065.622466,0.0,0.0,0.0,0.0,1.0,5.499999999999999,-1.275,2
1769786065.623349,0.0,0.0,0.0,0.0,1.0,5.499999999999999,-1.275,2
1769786065.6242359,0.0,0.0,0.0,0.0,1.0,5.499999999999999,-1.275,2
1769786065.625148,0.0,0.0,0.0,0.0,1.0,5.499999999999999,-1.275,2
1769786065.6261408,0.0,0.0,0.0,0.0,1.0,5.499999999999999,-1.275,2
1769786065.6271467,0.0,0.0,0.0,0.0,1.0,5.499999999999999,-1.275,2
1769786065.628074,0.0,0.0,0.0,0.0,1.0,5.499999999999999,-1.275,2
1769786065.6289737,0.0,0.0,0.0,0.0,1.0,5.499999999999999,-1.275,2
1769786065.629844,0.0,0.0,0.0,0.0,1.0,5.499999999999999,-1.275,2
1769786065.6307542,0.0,0.0,0.0,0.0,1.0,5.499999999999999,-1.275,2
1769786065.6317039,0.0,0.0,0.0,0.0,1.0,5.499999999999999,-1.275,2
1769786065.6327167,0.0,0.0,0.0,0.0,1.0,5.499999999999999,-1.275,2
1769786065.6335447,0.0,0.0,0.0,0.0,1.0,5.499999999999999,-1.275,2
1769786065.6342523,0.0,0.0,0.0,0.0,1.0,5.499999999999999,-1.275,2
1769786065.6349342,0.0,0.0,0.0,0.0,1.0,5.499999999999999,-1.275,2
1769786065.6356616,0.0,0.0,0.0,0.0,1.0,5.499999999999999,-1.275,2
1769786065.6365368,0.0,0.0,0.0,0.0,1.0,5.499999999999999,-1.275,2
1769786065.6374075,0.0,0.0,0.0,0.0,1.0,5.499999999999999,-1.275,2
1769786065.6382236,0.0,0.0,0.0,0.0,1.0,5.499999999999999,-1.275,2
1769786065.6389515,0.0,0.0,0.0,0.0,1.0,5.499999999999999,-1.275,2
1769786065.6401367,0.0,0.0,0.0,0.0,1.0,5.499999999999999,-1.275,2
1769786065.6410925,0.0,0.0,0.0,0.0,1.0,5.499999999999999,-1.275,2
1769786065.6420674,0.0,0.0,0.0,0.0,1.0,5.499999999999999,-1.275,2
1769786065.642828,0.0,0.0,0.0,0.0,1.0,5.499999999999999,-1.275,2
1769786065.6439734,0.0,0.0,0.0,0.0,1.0,5.499999999999999,-1.275,2
1769786065.6449938,0.0,0.0,0.0,0.0,1.0,5.499999999999999,-1.275,2
1769786065.6458228,0.0,0.0,0.0,0.0,1.0,5.499999999999999,-1.275,2
1769786065.646529,0.0,0.0,0.0,0.0,1.0,5.499999999999999,-1.275,2
1769786065.6472318,0.0,0.0,0.0,0.0,1.0,5.499999999999999,-1.275,2
1769786065.6480482,0.0,0.0,0.0,0.0,1.0,5.499999999999999,-1.275,2
1769786065.6490262,0.0,0.0,0.0,0.0,1.0,5.499999999999999,-1.275,2
1769786065.6498027,0.0,0.0,0.0,0.0,1.0,5.499999999999999,-1.275,2
1769786065.650494,0.0,0.0,0.0,0.0,1.0,5.499999999999999,-1.275,2
1769786065.651136,0.0,0.0,0.0,0.0,1.0,5.499999999999999,-1.275,2
1769786065.6518528,0.0,0.0,0.0,0.0,1.0,5.499999999999999,-1.275,2
1769786065.6526096,0.0,0.0,0.0,0.0,1.0,5.499999999999999,-1.275,2
1769786065.6533742,0.0,0.0,0.0,0.0,1.0,5.499999999999999,-1.275,2
1769786065.6540911,0.0,0.0,0.0,0.0,1.0,5.499999999999999,-1.275,2
1769786065.6551385,0.0,0.0,0.0,0.0,1.0,5.499999999999999,-1.275,2
1769786065.6562097,0.0,0.0,0.0,0.0,1.0,5.499999999999999,-1.275,2
1769786065.6574008,0.0,0.0,0.0,0.0,1.0,5.499999999999999,-1.275,2
1769786065.658336,0.0,0.0,0.0,0.0,1.0,5.499999999999999,-1.275,2
1769786065.6591775,0.0,0.0,0.0,0.0,1.0,5.499999999999999,-1.275,2
1769786065.6599329,0.0,0.0,0.0,0.0,1.0,5.499999999999999,-1.275,2
1769786065.660893,0.0,0.0,0.0,0.0,1.0,5.499999999999999,-1.275,2
1769786065.6617634,0.0,0.0,0.0,0.0,1.0,5.499999999999999,-1.275,2
1769786065.6625223,0.0,0.0,0.0,0.0,1.0,5.499999999999999,-1.275,2
1769786065.6635518,0.0,0.0,0.0,0.0,1.0,5.499999999999999,-1.275,2
1769786065.6644406,0.0,0.0,0.0,0.0,1.0,5.499999999999999,-1.275,2
1769786065.665358,0.0,0.0,0.0,0.0,1.0,5.499999999999999,-1.275,2
1769786065.6660957,0.0,0.0,0.0,0.0,1.0,5.499999999999999,-1.275,2
1769786065.6668217,0.0,0.0,0.0,0.0,1.0,5.499999999999999,-1.275,2
1769786065.6675544,0.0,0.0,0.0,0.0,1.0,5.499999999999999,-1.275,2
1769786065.6682644,0.0,0.0,0.0,0.0,1.0,5.499999999999999,-1.275,2
1769786065.66932,0.0,0.0,0.0,0.0,1.0,5.499999999999999,-1.275,2
1769786065.6701617,0.0,0.0,0.0,0.0,1.0,5.499999999999999,-1.275,2
1769786065.670908,0.0,0.0,0.0,0.0,1.0,5.499999999999999,-1.275,2
1769786065.6719618,0.0,0.0,0.0,0.0,1.0,5.499999999999999,-1.275,2
1769786065.673056,0.0,0.0,0.0,0.0,1.0,5.499999999999999,-1.275,2
1769786065.6739109,0.0,0.0,0.0,0.0,1.0,5.499999999999999,-1.275,2
1769786065.674624,0.0,0.0,0.0,0.0,1.0,5.499999999999999,-1.275,2
1769786065.6753306,0.0,0.0,0.0,0.0,1.0,5.499999999999999,-1.275,2
1769786065.6759853,0.0,0.0,0.0,0.0,1.0,5.499999999999999,-1.275,2
1769786065.676735,0.0,0.0,0.0,0.0,1.0,5.499999999999999,-1.275,2
1769786065.677618,0.0,0.0,0.0,0.0,1.0,5.499999999999999,-1.275,2
1769786065.6784656,0.0,0.0,0.0,0.0,1.0,5.499999999999999,-1.275,2
1769786065.6791384,0.0,0.0,0.0,0.0,1.0,5.499999999999999,-1.275,2
1769786065.6800332,0.0,0.0,0.0,0.0,1.0,5.499999999999999,-1.275,2
1769786065.6809978,0.0,0.0,0.0,0.0,1.0,5.499999999999999,-1.275,2
1769786065.6818902,0.0,0.0,0.0,0.0,1.0,5.499999999999999,-1.275,2
1769786065.682698,0.0,0.0,0.0,0.0,1.0,5.499999999999999,-1.275,2
1769786065.683508,0.0,0.0,0.0,0.0,1.0,5.499999999999999,-1.275,2
1769786065.6844153,0.0,0.0,0.0,0.0,1.0,5.499999999999999,-1.275,2
1769786065.6852431,0.0,0.0,0.0,0.0,1.0,5.499999999999999,-1.275,2
1769786065.6860135,0.0,0.0,0.0,0.0,1.0,5.499999999999999,-1.275,2
1769786065.6866887,0.0,0.0,0.0,0.0,1.0,5.499999999999999,-1.275,2
1769786065.6874065,0.0,0.0,0.0,0.0,1.0,5.499999999999999,-1.275,2
1769786065.6885228,0.0,0.0,0.0,0.0,1.0,5.499999999999999,-1.275,2
1769786065.6892807,0.0,0.0,0.0,0.0,1.0,5.499999999999999,-1.275,2
1769786065.6900787,0.0,0.0,0.0,0.0,1.0,5.499999999999999,-1.275,2
1769786065.69089,0.0,0.0,0.0,0.0,1.0,5.499999999999999,-1.275,2
1769786065.6915498,0.0,0.0,0.0,0.0,1.0,5.499999999999999,-1.275,2
1769786065.6924245,0.0,0.0,0.0,0.0,1.0,5.499999999999999,-1.275,2
1769786065.693201,0.0,0.0,0.0,0.0,1.0,5.499999999999999,-1.275,2
1769786065.6938734,0.0,0.0,0.0,0.0,1.0,5.499999999999999,-1.275,2
1769786065.6945343,0.0,0.0,0.0,0.0,1.0,5.499999999999999,-1.275,2
1769786065.6951842,0.0,0.0,0.0,0.0,1.0,5.499999999999999,-1.275,2
1769786065.6959708,0.0,0.0,0.0,0.0,1.0,5.499999999999999,-1.275,2
1769786065.6968715,0.0,0.0,0.0,0.0,1.0,5.499999999999999,-1.275,2
1769786065.697649,0.0,0.0,0.0,0.0,1.0,5.499999999999999,-1.275,2
1769786065.6983814,0.0,0.0,0.0,0.0,1.0,5.499999999999999,-1.275,2
1769786065.6991813,0.0,0.0,0.0,0.0,1.0,5.499999999999999,-1.275,2
1769786065.700005,0.0,0.0,0.0,0.0,1.0,5.499999999999999,-1.275,2
1769786065.7009354,0.0,0.0,0.0,0.0,1.0,5.499999999999999,-1.275,2
1769786065.7019227,0.0,0.0,0.0,0.0,1.0,5.499999999999999,-1.275,2
1769786065.7027557,0.0,0.0,0.0,0.0,1.0,5.499999999999999,-1.275,2
1769786065.7037776,0.0,0.0,0.0,0.0,1.0,5.499999999999999,-1.275,2
1769786065.7047963,0.0,0.0,0.0,0.0,1.0,5.499999999999999,-1.275,2
1769786065.7057614,0.0,0.0,0.0,0.0,1.0,5.499999999999999,-1.275,2
1769786065.7065806,0.0,0.0,0.0,0.0,1.0,5.499999999999999,-1.275,2
1769786065.7074888,0.0,0.0,0.0,0.0,1.0,5.499999999999999,-1.275,2
1769786065.7083418,0.0,0.0,0.0,0.0,1.0,5.499999999999999,-1.275,2
1769786065.7093449,0.0,0.0,0.0,0.0,1.0,5.499999999999999,-1.275,2
1769786065.71015,0.0,0.0,0.0,0.0,1.0,5.499999999999999,-1.275,2
1769786065.711064,0.0,0.0,0.0,0.0,1.0,5.499999999999999,-1.275,2
1769786065.712251,0.0,0.0,0.0,0.0,1.0,5.499999999999999,-1.275,2
1769786065.7130933,0.0,0.0,0.0,0.0,1.0,5.499999999999999,-1.275,2
1769786065.713824,0.0,0.0,0.0,0.0,1.0,5.499999999999999,-1.275,2
1769786065.7145035,0.0,0.0,0.0,0.0,1.0,5.499999999999999,-1.275,2
1769786065.7151952,0.0,0.0,0.0,0.0,1.0,5.499999999999999,-1.275,2
1769786065.715899,0.0,0.0,0.0,0.0,1.0,5.499999999999999,-1.275,2
1769786065.7166197,0.0,0.0,0.0,0.0,1.0,5.499999999999999,-1.275,2
1769786065.7173848,0.0,0.0,0.0,0.0,1.0,5.499999999999999,-1.275,2
1769786065.7181163,0.0,0.0,0.0,0.0,1.0,5.499999999999999,-1.275,2
1769786065.7188175,0.0,0.0,0.0,0.0,1.0,5.499999999999999,-1.275,2
1769786065.7196577,0.0,0.0,0.0,0.0,1.0,5.499999999999999,-1.275,2
1769786065.720519,0.0,0.0,0.0,0.0,1.0,5.499999999999999,-1.275,2
1769786065.7214491,0.0,0.0,0.0,0.0,1.0,5.499999999999999,-1.275,2
1769786065.722263,0.0,0.0,0.0,0.0,1.0,5.499999999999999,-1.275,2
1769786065.7230113,0.0,0.0,0.0,0.0,1.0,5.499999999999999,-1.275,2
1769786065.7237158,0.0,0.0,0.0,0.0,1.0,5.499999999999999,-1.275,2
1769786065.7244964,0.0,0.0,0.0,0.0,1.0,5.499999999999999,-1.275,2
1769786065.7252924,0.0,0.0,0.0,0.0,1.0,5.499999999999999,-1.275,2
1769786065.7259934,0.0,0.0,0.0,0.0,1.0,5.499999999999999,-1.275,2
1769786065.7267709,0.0,0.0,0.0,0.0,1.0,5.499999999999999,-1.275,2
1769786065.728014,0.0,0.0,0.0,0.0,1.0,5.499999999999999,-1.275,2
1769786065.7290688,0.0,0.0,0.0,0.0,1.0,5.499999999999999,-1.275,2
1769786065.7300715,0.0,0.0,0.0,0.0,1.0,5.499999999999999,-1.275,2
1769786065.731039,0.0,0.0,0.0,0.0,1.0,5.499999999999999,-1.275,2
1769786065.7323556,0.0,0.0,0.0,0.0,1.0,5.499999999999999,-1.275,2
1769786065.7336059,0.0,0.0,0.0,0.0,1.0,5.499999999999999,-1.275,2
1769786065.734557,0.0,0.0,0.0,0.0,1.0,5.499999999999999,-1.275,2
1769786065.7372787,0.0,0.0,0.0,0.0,1.0,5.499999999999999,-1.275,2
1769786065.7398272,0.0,0.0,0.0,0.0,1.0,5.499999999999999,-1.275,2
1769786065.7411466,0.0,0.0,0.0,0.0,1.0,5.499999999999999,-1.275,2
1769786065.7421653,0.0,0.0,0.0,0.0,1.0,5.499999999999999,-1.275,2
1769786065.743497,0.0,0.0,0.0,0.0,1.0,5.499999999999999,-1.275,2
1769786065.7448354,0.0,0.0,0.0,0.0,1.0,5.499999999999999,-1.275,2
1769786065.7460122,0.0,0.0,0.0,0.0,1.0,5.499999999999999,-1.275,2
1769786065.7469904,0.0,0.0,0.0,0.0,1.0,5.499999999999999,-1.275,2
1769786065.7478566,0.0,0.0,0.0,0.0,1.0,5.499999999999999,-1.275,2
1769786065.7487326,0.0,0.0,0.0,0.0,1.0,5.499999999999999,-1.275,2
1769786065.7496104,0.0,0.0,0.0,0.0,1.0,5.499999999999999,-1.275,2
1769786065.750416,0.0,0.0,0.0,0.0,1.0,5.499999999999999,-1.275,2
1769786065.7512147,0.0,0.0,0.0,0.0,1.0,5.499999999999999,-1.275,2
1769786065.7522788,0.0,0.0,0.0,0.0,1.0,5.499999999999999,-1.275,2
1769786065.7531025,0.0,0.0,0.0,0.0,1.0,5.499999999999999,-1.275,2
1769786065.7538443,0.0,0.0,0.0,0.0,1.0,5.499999999999999,-1.275,2
1769786065.8032534,0.0,0.0,0.0,0.0,1.0,0.0,0.0,2
1769786065.8047113,0.0,0.0,0.0,0.0,1.0,5.499999999999999,-0.27499999999999997,2
1769786065.8055499,0.0,0.0,0.0,0.0,1.0,5.499999999999999,-0.27499999999999997,2
1769786065.8067696,0.0,0.0,0.0,0.0,1.0,5.499999999999999,-0.27499999999999997,2
1769786065.8079317,0.0,0.0,0.0,0.0,1.0,5.499999999999999,-0.27499999999999997,2
1769786065.808776,0.0,0.0,0.0,0.0,1.0,5.499999999999999,-0.27499999999999997,2
1769786065.8095262,0.0,0.0,0.0,0.0,1.0,5.499999999999999,-1.275,2
1769786065.8102045,0.0,0.0,0.0,0.0,1.0,5.499999999999999,-1.275,2
1769786065.8108912,0.0,0.0,0.0,0.0,1.0,5.499999999999999,-1.275,2
1769786065.8115656,0.0,0.0,0.0,0.0,1.0,5.499999999999999,-1.275,2
1769786065.812271,0.0,0.0,0.0,0.0,1.0,5.499999999999999,-1.275,2
1769786065.8130374,0.0,0.0,0.0,0.0,1.0,5.499999999999999,-1.275,2
1769786065.8141263,0.0,0.0,0.0,0.0,1.0,5.499999999999999,-1.275,2
1769786065.815195,0.0,0.0,0.0,0.0,1.0,5.499999999999999,-1.275,2
1769786065.8160713,0.0,0.0,0.0,0.0,1.0,5.499999999999999,-1.275,2
1769786065.8168771,0.0,0.0,0.0,0.0,1.0,5.499999999999999,-1.275,2
1769786065.8177743,0.0,0.0,0.0,0.0,1.0,5.499999999999999,-1.275,2
1769786065.818684,0.0,0.0,0.0,0.0,1.0,5.499999999999999,-1.275,2
1769786065.819538,0.0,0.0,0.0,0.0,1.0,5.499999999999999,-1.275,2
1769786065.820295,0.0,0.0,0.0,0.0,1.0,5.499999999999999,-1.275,2
1769786065.8211737,0.0,0.0,0.0,0.0,1.0,5.499999999999999,-1.275,2
1769786065.8221452,0.0,0.0,0.0,0.0,1.0,5.499999999999999,-1.275,2
1769786065.82293,0.0,0.0,0.0,0.0,1.0,5.499999999999999,-1.275,2
1769786065.8236194,0.0,0.0,0.0,0.0,1.0,5.499999999999999,-1.275,2
1769786065.8244784,0.0,0.0,0.0,0.0,1.0,5.499999999999999,-1.275,2
1769786065.8252969,0.0,0.0,0.0,0.0,1.0,5.499999999999999,-1.275,2
1769786065.8259888,0.0,0.0,0.0,0.0,1.0,5.499999999999999,-1.275,2
1769786065.82678,0.0,0.0,0.0,0.0,1.0,5.499999999999999,-1.275,2
1769786065.8275516,0.0,0.0,0.0,0.0,1.0,5.499999999999999,-1.275,2
1769786065.828335,0.0,0.0,0.0,0.0,1.0,5.499999999999999,-1.275,2
1769786065.8292933,0.0,0.0,0.0,0.0,1.0,5.499999999999999,-1.275,2
1769786065.8301923,0.0,0.0,0.0,0.0,1.0,5.499999999999999,-1.275,2
1769786065.8310387,0.0,0.0,0.0,0.0,1.0,5.499999999999999,-1.275,2
1769786065.831883,0.0,0.0,0.0,0.0,1.0,5.499999999999999,-1.275,2
1769786065.8328302,0.0,0.0,0.0,0.0,1.0,5.499999999999999,-1.275,2
1769786065.833698,0.0,0.0,0.0,0.0,1.0,5.499999999999999,-1.275,2
1769786065.8345163,0.0,0.0,0.0,0.0,1.0,5.499999999999999,-1.275,2
1769786065.8354268,0.0,0.0,0.0,0.0,1.0,5.499999999999999,-1.275,2
1769786065.836323,0.0,0.0,0.0,0.0,1.0,5.499999999999999,-1.275,2
1769786065.8370876,0.0,0.0,0.0,0.0,1.0,5.499999999999999,-1.275,2
1769786065.8379793,0.0,0.0,0.0,0.0,1.0,5.499999999999999,-1.275,2
1769786065.8388731,0.0,0.0,0.0,0.0,1.0,5.499999999999999,-1.275,2
1769786065.839738,0.0,0.0,0.0,0.0,1.0,5.499999999999999,-1.275,2
1769786065.8405888,0.0,0.0,0.0,0.0,1.0,5.499999999999999,-1.275,2
1769786065.8414493,0.0,0.0,0.0,0.0,1.0,5.499999999999999,-1.275,2
1769786065.842266,0.0,0.0,0.0,0.0,1.0,5.499999999999999,-1.275,2
1769786065.8431711,0.0,0.0,0.0,0.0,1.0,5.499999999999999,-1.275,2
1769786065.844363,0.0,0.0,0.0,0.0,1.0,5.499999999999999,-1.275,2
1769786065.845463,0.0,0.0,0.0,0.0,1.0,5.499999999999999,-1.275,2
1769786065.8464696,0.0,0.0,0.0,0.0,1.0,5.499999999999999,-1.275,2
1769786065.847392,0.0,0.0,0.0,0.0,1.0,5.499999999999999,-1.275,2
1769786065.8482852,0.0,0.0,0.0,0.0,1.0,5.499999999999999,-1.275,2
1769786065.8490849,0.0,0.0,0.0,0.0,1.0,5.499999999999999,-1.275,2
1769786065.8498223,0.0,0.0,0.0,0.0,1.0,5.499999999999999,-1.275,2
1769786065.8505535,0.0,0.0,0.0,0.0,1.0,5.499999999999999,-1.275,2
1769786065.8514354,0.0,0.0,0.0,0.0,1.0,5.499999999999999,-1.275,2
1769786065.8522067,0.0,0.0,0.0,0.0,1.0,5.499999999999999,-1.275,2
1769786065.853003,0.0,0.0,0.0,0.0,1.0,5.499999999999999,-1.275,2
1769786065.8540351,0.0,0.0,0.0,0.0,1.0,5.499999999999999,-1.275,2
1769786065.8548806,0.0,0.0,0.0,0.0,1.0,5.499999999999999,-1.275,2
1769786065.8557851,0.0,0.0,0.0,0.0,1.0,5.499999999999999,-1.275,2
1769786065.856582,0.0,0.0,0.0,0.0,1.0,5.499999999999999,-1.275,2
1769786065.8573842,0.0,0.0,0.0,0.0,1.0,5.499999999999999,-1.275,2
1769786065.8582177,0.0,0.0,0.0,0.0,1.0,5.499999999999999,-1.275,2
1769786065.8590295,0.0,0.0,0.0,0.0,1.0,5.499999999999999,-1.275,2
1769786065.85985,0.0,0.0,0.0,0.0,1.0,5.499999999999999,-1.275,2
1769786065.8607612,0.0,0.0,0.0,0.0,1.0,5.499999999999999,-1.275,2
1769786065.861721,0.0,0.0,0.0,0.0,1.0,5.499999999999999,-1.275,2
1769786065.8627954,0.0,0.0,0.0,0.0,1.0,5.499999999999999,-1.275,2
1769786065.863821,0.0,0.0,0.0,0.0,1.0,5.499999999999999,-1.275,2
1769786065.86482,0.0,0.0,0.0,0.0,1.0,5.499999999999999,-1.275,2
1769786065.8658717,0.0,0.0,0.0,0.0,1.0,5.499999999999999,-1.275,2
1769786065.8667734,0.0,0.0,0.0,0.0,1.0,5.499999999999999,-1.275,2
1769786065.8675864,0.0,0.0,0.0,0.0,1.0,5.499999999999999,-1.275,2
1769786065.8683968,0.0,0.0,0.0,0.0,1.0,5.499999999999999,-1.275,2
1769786065.8694866,0.0,0.0,0.0,0.0,1.0,5.499999999999999,-1.275,2
1769786065.87048,0.0,0.0,0.0,0.0,1.0,5.499999999999999,-1.275,2
1769786065.871348,0.0,0.0,0.0,0.0,1.0,5.499999999999999,-1.275,2
1769786065.8721783,0.0,0.0,0.0,0.0,1.0,5.499999999999999,-1.275,2
1769786065.872913,0.0,0.0,0.0,0.0,1.0,5.499999999999999,-1.275,2
1769786065.873637,0.0,0.0,0.0,0.0,1.0,5.499999999999999,-1.275,2
1769786065.8743196,0.0,0.0,0.0,0.0,1.0,5.499999999999999,-1.275,2
1769786065.8749964,0.0,0.0,0.0,0.0,1.0,5.499999999999999,-1.275,2
1769786065.8758786,0.0,0.0,0.0,0.0,1.0,5.499999999999999,-1.275,2
1769786065.8768945,0.0,0.0,0.0,0.0,1.0,5.499999999999999,-1.275,2
1769786065.8778079,0.0,0.0,0.0,0.0,1.0,5.499999999999999,-1.275,2
1769786065.878618,0.0,0.0,0.0,0.0,1.0,5.499999999999999,-1.275,2
1769786065.8793247,0.0,0.0,0.0,0.0,1.0,5.499999999999999,-1.275,2
1769786065.8800106,0.0,0.0,0.0,0.0,1.0,5.499999999999999,-1.275,2
1769786065.880902,0.0,0.0,0.0,0.0,1.0,5.499999999999999,-1.275,2
1769786065.881839,0.0,0.0,0.0,0.0,1.0,5.499999999999999,-1.275,2
1769786065.8828342,0.0,0.0,0.0,0.0,1.0,5.499999999999999,-1.275,2
1769786065.8837435,0.0,0.0,0.0,0.0,1.0,5.499999999999999,-1.275,2
1769786065.8846772,0.0,0.0,0.0,0.0,1.0,5.499999999999999,-1.275,2
1769786065.8858447,0.0,0.0,0.0,0.0,1.0,5.499999999999999,-1.275,2
1769786065.8867166,0.0,0.0,0.0,0.0,1.0,5.499999999999999,-1.275,2
1769786065.8874254,0.0,0.0,0.0,0.0,1.0,5.499999999999999,-1.275,2
1769786065.8883848,0.0,0.0,0.0,0.0,1.0,5.499999999999999,-1.275,2
1769786065.8891873,0.0,0.0,0.0,0.0,1.0,5.499999999999999,-1.275,2
1769786065.88997,0.0,0.0,0.0,0.0,1.0,5.499999999999999,-1.275,2
1769786065.8907056,0.0,0.0,0.0,0.0,1.0,5.499999999999999,-1.275,2
1769786065.8916342,0.0,0.0,0.0,0.0,1.0,5.499999999999999,-1.275,2
1769786065.892873,0.0,0.0,0.0,0.0,1.0,5.499999999999999,-1.275,2
1769786065.8938398,0.0,0.0,0.0,0.0,1.0,5.499999999999999,-1.275,2
1769786065.8947768,0.0,0.0,0.0,0.0,1.0,5.499999999999999,-1.275,2
1769786065.8955493,0.0,0.0,0.0,0.0,1.0,5.499999999999999,-1.275,2
1769786065.8963556,0.0,0.0,0.0,0.0,1.0,5.499999999999999,-1.275,2
1769786065.8971262,0.0,0.0,0.0,0.0,1.0,5.499999999999999,-1.275,2
1769786065.8978841,0.0,0.0,0.0,0.0,1.0,5.499999999999999,-1.275,2
1769786065.8986535,0.0,0.0,0.0,0.0,1.0,5.499999999999999,-1.275,2
1769786065.8994029,0.0,0.0,0.0,0.0,1.0,5.499999999999999,-1.275,2
1769786065.9002264,0.0,0.0,0.0,0.0,1.0,5.499999999999999,-1.275,2
1769786065.9015803,0.0,0.0,0.0,0.0,1.0,5.499999999999999,-1.275,2
1769786065.9030855,0.0,0.0,0.0,0.0,1.0,5.499999999999999,-1.275,2
1769786065.9043372,0.0,0.0,0.0,0.0,1.0,5.499999999999999,-1.275,2
1769786065.9054282,0.0,0.0,0.0,0.0,1.0,5.499999999999999,-1.275,2
1769786065.9063206,0.0,0.0,0.0,0.0,1.0,5.499999999999999,-1.275,2
1769786065.9071758,0.0,0.0,0.0,0.0,1.0,5.499999999999999,-1.275,2
1769786065.908017,0.0,0.0,0.0,0.0,1.0,5.499999999999999,-1.275,2
1769786065.9089592,0.0,0.0,0.0,0.0,1.0,5.499999999999999,-1.275,2
1769786065.9098268,0.0,0.0,0.0,0.0,1.0,5.499999999999999,-1.275,2
1769786065.910628,0.0,0.0,0.0,0.0,1.0,5.499999999999999,-1.275,2
1769786065.9114015,0.0,0.0,0.0,0.0,1.0,5.499999999999999,-1.275,2
1769786065.9121692,0.0,0.0,0.0,0.0,1.0,5.499999999999999,-1.275,2
1769786065.9129589,0.0,0.0,0.0,0.0,1.0,5.499999999999999,-1.275,2
1769786065.9136739,0.0,0.0,0.0,0.0,1.0,5.499999999999999,-1.275,2
1769786065.9144063,0.0,0.0,0.0,0.0,1.0,5.499999999999999,-1.275,2
1769786065.9153004,0.0,0.0,0.0,0.0,1.0,5.499999999999999,-1.275,2
1769786065.9164922,0.0,0.0,0.0,0.0,1.0,5.499999999999999,-1.275,2
1769786065.9175355,0.0,0.0,0.0,0.0,1.0,5.499999999999999,-1.275,2
1769786065.9183373,0.0,0.0,0.0,0.0,1.0,5.499999999999999,-1.275,2
1769786065.9192207,0.0,0.0,0.0,0.0,1.0,5.499999999999999,-1.275,2
1769786065.9200773,0.0,0.0,0.0,0.0,1.0,5.499999999999999,-1.275,2
1769786065.9208598,0.0,0.0,0.0,0.0,1.0,5.499999999999999,-1.275,2
1769786065.9216537,0.0,0.0,0.0,0.0,1.0,5.499999999999999,-1.275,2
1769786065.922403,0.0,0.0,0.0,0.0,1.0,5.499999999999999,-1.275,2
1769786065.9231505,0.0,0.0,0.0,0.0,1.0,5.499999999999999,-1.275,2
1769786065.9238338,0.0,0.0,0.0,0.0,1.0,5.499999999999999,-1.275,2
1769786065.924696,0.0,0.0,0.0,0.0,1.0,5.499999999999999,-1.275,2
1769786065.9255126,0.0,0.0,0.0,0.0,1.0,5.499999999999999,-1.275,2
1769786065.9262698,0.0,0.0,0.0,0.0,1.0,5.499999999999999,-1.275,2
1769786065.927246,0.0,0.0,0.0,0.0,1.0,5.499999999999999,-1.275,2
1769786065.9280336,0.0,0.0,0.0,0.0,1.0,5.499999999999999,-1.275,2
1769786065.9287806,0.0,0.0,0.0,0.0,1.0,5.499999999999999,-1.275,2
1769786065.929613,0.0,0.0,0.0,0.0,1.0,5.499999999999999,-1.275,2
1769786065.9304097,0.0,0.0,0.0,0.0,1.0,5.499999999999999,-1.275,2
1769786065.9314842,0.0,0.0,0.0,0.0,1.0,5.499999999999999,-1.275,2
1769786065.9326067,0.0,0.0,0.0,0.0,1.0,5.499999999999999,-1.275,2
1769786065.9334383,0.0,0.0,0.0,0.0,1.0,5.499999999999999,-1.275,2
1769786065.9341455,0.0,0.0,0.0,0.0,1.0,5.499999999999999,-1.275,2
1769786065.9348536,0.0,0.0,0.0,0.0,1.0,5.499999999999999,-1.275,2
1769786065.935558,0.0,0.0,0.0,0.0,1.0,5.499999999999999,-1.275,2
1769786065.936309,0.0,0.0,0.0,0.0,1.0,5.499999999999999,-1.275,2
1769786065.93707,0.0,0.0,0.0,0.0,1.0,5.499999999999999,-1.275,2
1769786065.9377997,0.0,0.0,0.0,0.0,1.0,5.499999999999999,-1.275,2
1769786065.9385045,0.0,0.0,0.0,0.0,1.0,5.499999999999999,-1.275,2
1769786065.939276,0.0,0.0,0.0,0.0,1.0,5.499999999999999,-1.275,2
1769786065.940392,0.0,0.0,0.0,0.0,1.0,5.499999999999999,-1.275,2
1769786065.9413054,0.0,0.0,0.0,0.0,1.0,5.499999999999999,-1.275,2
1769786065.9423113,0.0,0.0,0.0,0.0,1.0,5.499999999999999,-1.275,2
1769786065.9431205,0.0,0.0,0.0,0.0,1.0,5.499999999999999,-1.275,2
1769786065.9438748,0.0,0.0,0.0,0.0,1.0,5.499999999999999,-1.275,2
1769786065.944684,0.0,0.0,0.0,0.0,1.0,5.499999999999999,-1.275,2
1769786065.945626,0.0,0.0,0.0,0.0,1.0,5.499999999999999,-1.275,2
1769786065.9464176,0.0,0.0,0.0,0.0,1.0,5.499999999999999,-1.275,2
1769786065.9471576,0.0,0.0,0.0,0.0,1.0,5.499999999999999,-1.275,2
1769786065.9482946,0.0,0.0,0.0,0.0,1.0,5.499999999999999,-1.275,2
1769786065.9491577,0.0,0.0,0.0,0.0,1.0,5.499999999999999,-1.275,2
1769786065.949887,0.0,0.0,0.0,0.0,1.0,5.499999999999999,-1.275,2
1769786065.9505608,0.0,0.0,0.0,0.0,1.0,5.499999999999999,-1.275,2
1769786065.9512873,0.0,0.0,0.0,0.0,1.0,5.499999999999999,-1.275,2
1769786065.952065,0.0,0.0,0.0,0.0,1.0,5.499999999999999,-1.275,2
1769786065.9528985,0.0,0.0,0.0,0.0,1.0,5.499999999999999,-1.275,2
1769786065.9536746,0.0,0.0,0.0,0.0,1.0,5.499999999999999,-1.275,2
1769786065.9544208,0.0,0.0,0.0,0.0,1.0,5.499999999999999,-1.275,2
1769786065.9550755,0.0,0.0,0.0,0.0,1.0,5.499999999999999,-1.275,2
1769786065.955918,0.0,0.0,0.0,0.0,1.0,5.499999999999999,-1.275,2
1769786065.956703,0.0,0.0,0.0,0.0,1.0,5.499999999999999,-1.275,2
1769786065.9574502,0.0,0.0,0.0,0.0,1.0,5.499999999999999,-1.275,2
1769786065.9581559,0.0,0.0,0.0,0.0,1.0,5.499999999999999,-1.275,2
1769786065.9589856,0.0,0.0,0.0,0.0,1.0,5.499999999999999,-1.275,2
1769786065.959688,0.0,0.0,0.0,0.0,1.0,5.499999999999999,-1.275,2
1769786065.9603918,0.0,0.0,0.0,0.0,1.0,5.499999999999999,-1.275,2
1769786065.9612942,0.0,0.0,0.0,0.0,1.0,5.499999999999999,-1.275,2
1769786065.961996,0.0,0.0,0.0,0.0,1.0,5.499999999999999,-1.275,2
1769786065.962787,0.0,0.0,0.0,0.0,1.0,5.499999999999999,-1.275,2
1769786065.9639313,0.0,0.0,0.0,0.0,1.0,5.499999999999999,-1.275,2
1769786065.9648213,0.0,0.0,0.0,0.0,1.0,5.499999999999999,-1.275,2
1769786065.9656012,0.0,0.0,0.0,0.0,1.0,5.499999999999999,-1.275,2
1769786065.9663496,0.0,0.0,0.0,0.0,1.0,5.499999999999999,-1.275,2
1769786065.9671023,0.0,0.0,0.0,0.0,1.0,5.499999999999999,-1.275,2
1769786065.9678452,0.0,0.0,0.0,0.0,1.0,5.499999999999999,-1.275,2
1769786065.9686527,0.0,0.0,0.0,0.0,1.0,5.499999999999999,-1.275,2
1769786065.9695706,0.0,0.0,0.0,0.0,1.0,5.499999999999999,-1.275,2
1769786065.970326,0.0,0.0,0.0,0.0,1.0,5.499999999999999,-1.275,2
1769786065.9710884,0.0,0.0,0.0,0.0,1.0,5.499999999999999,-1.275,2
1769786065.9720433,0.0,0.0,0.0,0.0,1.0,5.499999999999999,-1.275,2
1769786065.9730256,0.0,0.0,0.0,0.0,1.0,5.499999999999999,-1.275,2
1769786065.9739425,0.0,0.0,0.0,0.0,1.0,5.499999999999999,-1.275,2
1769786065.9748428,0.0,0.0,0.0,0.0,1.0,5.499999999999999,-1.275,2
1769786065.9756444,0.0,0.0,0.0,0.0,1.0,5.499999999999999,-1.275,2
1769786066.0229108,0.0,0.0,0.0,0.0,1.0,0.0,0.0,2
1769786066.0239959,0.0,0.0,0.0,0.0,1.0,5.499999999999999,-0.27499999999999997,2
1769786066.0248833,0.0,0.0,0.0,0.0,1.0,5.499999999999999,-0.27499999999999997,2
1769786066.025723,0.0,0.0,0.0,0.0,1.0,5.499999999999999,-0.27499999999999997,2
1769786066.0271466,0.0,0.0,0.0,0.0,1.0,5.499999999999999,-0.27499999999999997,2
1769786066.0278974,0.0,0.0,0.0,0.0,1.0,5.499999999999999,-0.27499999999999997,2
1769786066.0288734,0.0,0.0,0.0,0.0,1.0,5.499999999999999,-1.275,2
1769786066.0295918,0.0,0.0,0.0,0.0,1.0,5.499999999999999,-1.275,2
1769786066.0303075,0.0,0.0,0.0,0.0,1.0,5.499999999999999,-1.275,2
1769786066.0309575,0.0,0.0,0.0,0.0,1.0,5.499999999999999,-1.275,2
1769786066.0316195,0.0,0.0,0.0,0.0,1.0,5.499999999999999,-1.275,2
1769786066.0322516,0.0,0.0,0.0,0.0,1.0,5.499999999999999,-1.275,2
1769786066.0328996,0.0,0.0,0.0,0.0,1.0,5.499999999999999,-1.275,2
1769786066.0335793,0.0,0.0,0.0,0.0,1.0,5.499999999999999,-1.275,2
1769786066.0343578,0.0,0.0,0.0,0.0,1.0,5.499999999999999,-1.275,2
1769786066.0353081,0.0,0.0,0.0,0.0,1.0,5.499999999999999,-1.275,2
1769786066.0362477,0.0,0.0,0.0,0.0,1.0,5.499999999999999,-1.275,2
1769786066.037104,0.0,0.0,0.0,0.0,1.0,5.499999999999999,-1.275,2
1769786066.03784,0.0,0.0,0.0,0.0,1.0,5.499999999999999,-1.275,2
1769786066.0386345,0.0,0.0,0.0,0.0,1.0,5.499999999999999,-1.275,2
1769786066.0393286,0.0,0.0,0.0,0.0,1.0,5.499999999999999,-1.275,2
1769786066.0403233,0.0,0.0,0.0,0.0,1.0,5.499999999999999,-1.275,2
1769786066.04115,0.0,0.0,0.0,0.0,1.0,5.499999999999999,-1.275,2
1769786066.0419044,0.0,0.0,0.0,0.0,1.0,5.499999999999999,-1.275,2
1769786066.0428572,0.0,0.0,0.0,0.0,1.0,5.499999999999999,-1.275,2
1769786066.0437446,0.0,0.0,0.0,0.0,1.0,5.499999999999999,-1.275,2
1769786066.0447536,0.0,0.0,0.0,0.0,1.0,5.499999999999999,-1.275,2
1769786066.0456908,0.0,0.0,0.0,0.0,1.0,5.499999999999999,-1.275,2
1769786066.0465293,0.0,0.0,0.0,0.0,1.0,5.499999999999999,-1.275,2
1769786066.0472627,0.0,0.0,0.0,0.0,1.0,5.499999999999999,-1.275,2
1769786066.0481255,0.0,0.0,0.0,0.0,1.0,5.499999999999999,-1.275,2
1769786066.049087,0.0,0.0,0.0,0.0,1.0,5.499999999999999,-1.275,2
1769786066.049809,0.0,0.0,0.0,0.0,1.0,5.499999999999999,-1.275,2
1769786066.0506458,0.0,0.0,0.0,0.0,1.0,5.499999999999999,-1.275,2
1769786066.0514994,0.0,0.0,0.0,0.0,1.0,5.499999999999999,-1.275,2
1769786066.0521567,0.0,0.0,0.0,0.0,1.0,5.499999999999999,-1.275,2
1769786066.052833,0.0,0.0,0.0,0.0,1.0,5.499999999999999,-1.275,2
1769786066.0535655,0.0,0.0,0.0,0.0,1.0,5.499999999999999,-1.275,2
1769786066.0541975,0.0,0.0,0.0,0.0,1.0,5.499999999999999,-1.275,2
1769786066.0548453,0.0,0.0,0.0,0.0,1.0,5.499999999999999,-1.275,2
1769786066.0555015,0.0,0.0,0.0,0.0,1.0,5.499999999999999,-1.275,2
1769786066.056178,0.0,0.0,0.0,0.0,1.0,5.499999999999999,-1.275,2
1769786066.0570729,0.0,0.0,0.0,0.0,1.0,5.499999999999999,-1.275,2
1769786066.0578845,0.0,0.0,0.0,0.0,1.0,5.499999999999999,-1.275,2
1769786066.058699,0.0,0.0,0.0,0.0,1.0,5.499999999999999,-1.275,2
1769786066.0595887,0.0,0.0,0.0,0.0,1.0,5.499999999999999,-1.275,2
1769786066.0604157,0.0,0.0,0.0,0.0,1.0,5.499999999999999,-1.275,2
1769786066.0611913,0.0,0.0,0.0,0.0,1.0,5.499999999999999,-1.275,2
1769786066.06201,0.0,0.0,0.0,0.0,1.0,5.499999999999999,-1.275,2
1769786066.062784,0.0,0.0,0.0,0.0,1.0,5.499999999999999,-1.275,2
1769786066.0634935,0.0,0.0,0.0,0.0,1.0,5.499999999999999,-1.275,2
1769786066.0645046,0.0,0.0,0.0,0.0,1.0,5.499999999999999,-1.275,2
1769786066.0653143,0.0,0.0,0.0,0.0,1.0,5.499999999999999,-1.275,2
1769786066.066211,0.0,0.0,0.0,0.0,1.0,5.499999999999999,-1.275,2
1769786066.0670872,0.0,0.0,0.0,0.0,1.0,5.499999999999999,-1.275,2
1769786066.067832,0.0,0.0,0.0,0.0,1.0,5.499999999999999,-1.275,2
1769786066.0685718,0.0,0.0,0.0,0.0,1.0,5.499999999999999,-1.275,2
1769786066.0694323,0.0,0.0,0.0,0.0,1.0,5.499999999999999,-1.275,2
1769786066.070111,0.0,0.0,0.0,0.0,1.0,5.499999999999999,-1.275,2
1769786066.0707467,0.0,0.0,0.0,0.0,1.0,5.499999999999999,-1.275,2
1769786066.07141,0.0,0.0,0.0,0.0,1.0,5.499999999999999,-1.275,2
1769786066.0722454,0.0,0.0,0.0,0.0,1.0,5.499999999999999,-1.275,2
1769786066.0730362,0.0,0.0,0.0,0.0,1.0,5.499999999999999,-1.275,2
1769786066.0737178,0.0,0.0,0.0,0.0,1.0,5.499999999999999,-1.275,2
1769786066.0747397,0.0,0.0,0.0,0.0,1.0,5.499999999999999,-1.275,2
1769786066.0755146,0.0,0.0,0.0,0.0,1.0,5.499999999999999,-1.275,2
1769786066.0763717,0.0,0.0,0.0,0.0,1.0,5.499999999999999,-1.275,2
1769786066.0772934,0.0,0.0,0.0,0.0,1.0,5.499999999999999,-1.275,2
1769786066.078,0.0,0.0,0.0,0.0,1.0,5.499999999999999,-1.275,2
1769786066.0787961,0.0,0.0,0.0,0.0,1.0,5.499999999999999,-1.275,2
1769786066.0799067,0.0,0.0,0.0,0.0,1.0,5.499999999999999,-1.275,2
1769786066.0806723,0.0,0.0,0.0,0.0,1.0,5.499999999999999,-1.275,2
1769786066.0815232,0.0,0.0,0.0,0.0,1.0,5.499999999999999,-1.275,2
1769786066.0823605,0.0,0.0,0.0,0.0,1.0,5.499999999999999,-1.275,2
1769786066.0833175,0.0,0.0,0.0,0.0,1.0,5.499999999999999,-1.275,2
1769786066.0843172,0.0,0.0,0.0,0.0,1.0,5.499999999999999,-1.275,2
1769786066.085315,0.0,0.0,0.0,0.0,1.0,5.499999999999999,-1.275,2
1769786066.0863254,0.0,0.0,0.0,0.0,1.0,5.499999999999999,-1.275,2
1769786066.0872705,0.0,0.0,0.0,0.0,1.0,5.499999999999999,-1.275,2
1769786066.088316,0.0,0.0,0.0,0.0,1.0,5.499999999999999,-1.275,2
1769786066.0893016,0.0,0.0,0.0,0.0,1.0,5.499999999999999,-1.275,2
1769786066.0904176,0.0,0.0,0.0,0.0,1.0,5.499999999999999,-1.275,2
1769786066.0918815,0.0,0.0,0.0,0.0,1.0,5.499999999999999,-1.275,2
1769786066.0929415,0.0,0.0,0.0,0.0,1.0,5.499999999999999,-1.275,2
1769786066.093985,0.0,0.0,0.0,0.0,1.0,5.499999999999999,-1.275,2
1769786066.0951443,0.0,0.0,0.0,0.0,1.0,5.499999999999999,-1.275,2
1769786066.0965161,0.0,0.0,0.0,0.0,1.0,5.499999999999999,-1.275,2
1769786066.0978425,0.0,0.0,0.0,0.0,1.0,5.499999999999999,-1.275,2
1769786066.0993402,0.0,0.0,0.0,0.0,1.0,5.499999999999999,-1.275,2
1769786066.100579,0.0,0.0,0.0,0.0,1.0,5.499999999999999,-1.275,2
1769786066.1017473,0.0,0.0,0.0,0.0,1.0,5.499999999999999,-1.275,2
1769786066.1029787,0.0,0.0,0.0,0.0,1.0,5.499999999999999,-1.275,2
1769786066.1043003,0.0,0.0,0.0,0.0,1.0,5.499999999999999,-1.275,2
1769786066.1059,0.0,0.0,0.0,0.0,1.0,5.499999999999999,-1.275,2
1769786066.1072748,0.0,0.0,0.0,0.0,1.0,5.499999999999999,-1.275,2
1769786066.108425,0.0,0.0,0.0,0.0,1.0,5.499999999999999,-1.275,2
1769786066.1092567,0.0,0.0,0.0,0.0,1.0,5.499999999999999,-1.275,2
1769786066.1099746,0.0,0.0,0.0,0.0,1.0,5.499999999999999,-1.275,2
1769786066.110821,0.0,0.0,0.0,0.0,1.0,5.499999999999999,-1.275,2
1769786066.1115093,0.0,0.0,0.0,0.0,1.0,5.499999999999999,-1.275,2
1769786066.1122153,0.0,0.0,0.0,0.0,1.0,5.499999999999999,-1.275,2
1769786066.1130865,0.0,0.0,0.0,0.0,1.0,5.499999999999999,-1.275,2
1769786066.1140542,0.0,0.0,0.0,0.0,1.0,5.499999999999999,-1.275,2
1769786066.115029,0.0,0.0,0.0,0.0,1.0,5.499999999999999,-1.275,2
1769786066.1156843,0.0,0.0,0.0,0.0,1.0,5.499999999999999,-1.275,2
1769786066.1164012,0.0,0.0,0.0,0.0,1.0,5.499999999999999,-1.275,2
1769786066.1172132,0.0,0.0,0.0,0.0,1.0,5.499999999999999,-1.275,2
1769786066.1178422,0.0,0.0,0.0,0.0,1.0,5.499999999999999,-1.275,2
1769786066.1186864,0.0,0.0,0.0,0.0,1.0,5.499999999999999,-1.275,2
1769786066.1195319,0.0,0.0,0.0,0.0,1.0,5.499999999999999,-1.275,2
1769786066.1204212,0.0,0.0,0.0,0.0,1.0,5.499999999999999,-1.275,2
1769786066.1216218,0.0,0.0,0.0,0.0,1.0,5.499999999999999,-1.275,2
1769786066.1229303,0.0,0.0,0.0,0.0,1.0,5.499999999999999,-1.275,2
1769786066.123807,0.0,0.0,0.0,0.0,1.0,5.499999999999999,-1.275,2
1769786066.1247017,0.0,0.0,0.0,0.0,1.0,5.499999999999999,-1.275,2
1769786066.1256974,0.0,0.0,0.0,0.0,1.0,5.499999999999999,-1.275,2
1769786066.1266866,0.0,0.0,0.0,0.0,1.0,5.499999999999999,-1.275,2
1769786066.127513,0.0,0.0,0.0,0.0,1.0,5.499999999999999,-1.275,2
1769786066.1283867,0.0,0.0,0.0,0.0,1.0,5.499999999999999,-1.275,2
1769786066.129409,0.0,0.0,0.0,0.0,1.0,5.499999999999999,-1.275,2
1769786066.1304507,0.0,0.0,0.0,0.0,1.0,5.499999999999999,-1.275,2
1769786066.131291,0.0,0.0,0.0,0.0,1.0,5.499999999999999,-1.275,2
1769786066.1320899,0.0,0.0,0.0,0.0,1.0,5.499999999999999,-1.275,2
1769786066.133025,0.0,0.0,0.0,0.0,1.0,5.499999999999999,-1.275,2
1769786066.1338172,0.0,0.0,0.0,0.0,1.0,5.499999999999999,-1.275,2
1769786066.1346636,0.0,0.0,0.0,0.0,1.0,5.499999999999999,-1.275,2
1769786066.1354456,0.0,0.0,0.0,0.0,1.0,5.499999999999999,-1.275,2
1769786066.1361678,0.0,0.0,0.0,0.0,1.0,5.499999999999999,-1.275,2
1769786066.1374116,0.0,0.0,0.0,0.0,1.0,5.499999999999999,-1.275,2
1769786066.1381733,0.0,0.0,0.0,0.0,1.0,5.499999999999999,-1.275,2
1769786066.1388657,0.0,0.0,0.0,0.0,1.0,5.499999999999999,-1.275,2
1769786066.1395013,0.0,0.0,0.0,0.0,1.0,5.499999999999999,-1.275,2
1769786066.1401474,0.0,0.0,0.0,0.0,1.0,5.499999999999999,-1.275,2
1769786066.140829,0.0,0.0,0.0,0.0,1.0,5.499999999999999,-1.275,2
1769786066.141593,0.0,0.0,0.0,0.0,1.0,5.499999999999999,-1.275,2
1769786066.1422687,0.0,0.0,0.0,0.0,1.0,5.499999999999999,-1.275,2
1769786066.1430995,0.0,0.0,0.0,0.0,1.0,5.499999999999999,-1.275,2
1769786066.1439002,0.0,0.0,0.0,0.0,1.0,5.499999999999999,-1.275,2
1769786066.1447341,0.0,0.0,0.0,0.0,1.0,5.499999999999999,-1.275,2
1769786066.145724,0.0,0.0,0.0,0.0,1.0,5.499999999999999,-1.275,2
1769786066.146504,0.0,0.0,0.0,0.0,1.0,5.499999999999999,-1.275,2
1769786066.1473591,0.0,0.0,0.0,0.0,1.0,5.499999999999999,-1.275,2
1769786066.148151,0.0,0.0,0.0,0.0,1.0,5.499999999999999,-1.275,2
1769786066.1489067,0.0,0.0,0.0,0.0,1.0,5.499999999999999,-1.275,2
1769786066.149851,0.0,0.0,0.0,0.0,1.0,5.499999999999999,-1.275,2
1769786066.1506283,0.0,0.0,0.0,0.0,1.0,5.499999999999999,-1.275,2
1769786066.151532,0.0,0.0,0.0,0.0,1.0,5.499999999999999,-1.275,2
1769786066.1524112,0.0,0.0,0.0,0.0,1.0,5.499999999999999,-1.275,2
1769786066.1533844,0.0,0.0,0.0,0.0,1.0,5.499999999999999,-1.275,2
1769786066.1543007,0.0,0.0,0.0,0.0,1.0,5.499999999999999,-1.275,2
1769786066.1552446,0.0,0.0,0.0,0.0,1.0,5.499999999999999,-1.275,2
1769786066.156211,0.0,0.0,0.0,0.0,1.0,5.499999999999999,-1.275,2
1769786066.157049,0.0,0.0,0.0,0.0,1.0,5.499999999999999,-1.275,2
1769786066.1577492,0.0,0.0,0.0,0.0,1.0,5.499999999999999,-1.275,2
1769786066.1586294,0.0,0.0,0.0,0.0,1.0,5.499999999999999,-1.275,2
1769786066.1594052,0.0,0.0,0.0,0.0,1.0,5.499999999999999,-1.275,2
1769786066.160127,0.0,0.0,0.0,0.0,1.0,5.499999999999999,-1.275,2
1769786066.1613097,0.0,0.0,0.0,0.0,1.0,5.499999999999999,-1.275,2
1769786066.1621826,0.0,0.0,0.0,0.0,1.0,5.499999999999999,-1.275,2
1769786066.1629262,0.0,0.0,0.0,0.0,1.0,5.499999999999999,-1.275,2
1769786066.1637902,0.0,0.0,0.0,0.0,1.0,5.499999999999999,-1.275,2
1769786066.1645215,0.0,0.0,0.0,0.0,1.0,5.499999999999999,-1.275,2
1769786066.1652453,0.0,0.0,0.0,0.0,1.0,5.499999999999999,-1.275,2
1769786066.1658928,0.0,0.0,0.0,0.0,1.0,5.499999999999999,-1.275,2
1769786066.1667645,0.0,0.0,0.0,0.0,1.0,5.499999999999999,-1.275,2
1769786066.1674445,0.0,0.0,0.0,0.0,1.0,5.499999999999999,-1.275,2
1769786066.168101,0.0,0.0,0.0,0.0,1.0,5.499999999999999,-1.275,2
1769786066.1689425,0.0,0.0,0.0,0.0,1.0,5.499999999999999,-1.275,2
1769786066.169695,0.0,0.0,0.0,0.0,1.0,5.499999999999999,-1.275,2
1769786066.1704867,0.0,0.0,0.0,0.0,1.0,5.499999999999999,-1.275,2
1769786066.1711705,0.0,0.0,0.0,0.0,1.0,5.499999999999999,-1.275,2
1769786066.172012,0.0,0.0,0.0,0.0,1.0,5.499999999999999,-1.275,2
1769786066.1729186,0.0,0.0,0.0,0.0,1.0,5.499999999999999,-1.275,2
1769786066.1737196,0.0,0.0,0.0,0.0,1.0,5.499999999999999,-1.275,2
1769786066.1747549,0.0,0.0,0.0,0.0,1.0,5.499999999999999,-1.275,2
1769786066.1756976,0.0,0.0,0.0,0.0,1.0,5.499999999999999,-1.275,2
1769786066.1767433,0.0,0.0,0.0,0.0,1.0,5.499999999999999,-1.275,2
1769786066.1777074,0.0,0.0,0.0,0.0,1.0,5.499999999999999,-1.275,2
1769786066.1785235,0.0,0.0,0.0,0.0,1.0,5.499999999999999,-1.275,2
1769786066.179307,0.0,0.0,0.0,0.0,1.0,5.499999999999999,-1.275,2
1769786066.1800647,0.0,0.0,0.0,0.0,1.0,5.499999999999999,-1.275,2
1769786066.180924,0.0,0.0,0.0,0.0,1.0,5.499999999999999,-1.275,2
1769786066.181721,0.0,0.0,0.0,0.0,1.0,5.499999999999999,-1.275,2
1769786066.1824157,0.0,0.0,0.0,0.0,1.0,5.499999999999999,-1.275,2
1769786066.183249,0.0,0.0,0.0,0.0,1.0,5.499999999999999,-1.275,2
1769786066.1840038,0.0,0.0,0.0,0.0,1.0,5.499999999999999,-1.275,2
1769786066.1848528,0.0,0.0,0.0,0.0,1.0,5.499999999999999,-1.275,2
1769786066.185642,0.0,0.0,0.0,0.0,1.0,5.499999999999999,-1.275,2
1769786066.1862807,0.0,0.0,0.0,0.0,1.0,5.499999999999999,-1.275,2
1769786066.186933,0.0,0.0,0.0,0.0,1.0,5.499999999999999,-1.275,2
1769786066.1875834,0.0,0.0,0.0,0.0,1.0,5.499999999999999,-1.275,2
1769786066.1882365,0.0,0.0,0.0,0.0,1.0,5.499999999999999,-1.275,2
1769786066.1889496,0.0,0.0,0.0,0.0,1.0,5.499999999999999,-1.275,2
1769786066.189641,0.0,0.0,0.0,0.0,1.0,5.499999999999999,-1.275,2
1769786066.1903107,0.0,0.0,0.0,0.0,1.0,5.499999999999999,-1.275,2
1769786066.1910365,0.0,0.0,0.0,0.0,1.0,5.499999999999999,-1.275,2
1769786066.1918175,0.0,0.0,0.0,0.0,1.0,5.499999999999999,-1.275,2
1769786066.1928036,0.0,0.0,0.0,0.0,1.0,5.499999999999999,-1.275,2
1769786066.193797,0.0,0.0,0.0,0.0,1.0,5.499999999999999,-1.275,2
1769786066.1947553,0.0,0.0,0.0,0.0,1.0,5.499999999999999,-1.275,2
1769786066.1958303,0.0,0.0,0.0,0.0,1.0,5.499999999999999,-1.275,2
1769786066.2460716,0.0,0.0,0.0,0.0,1.0,0.0,0.0,2
1769786066.2473834,0.0,0.0,0.0,0.0,1.0,5.499999999999999,-0.27499999999999997,2
1769786066.248857,0.0,0.0,0.0,0.0,1.0,5.499999999999999,-0.27499999999999997,2
1769786066.2497451,0.0,0.0,0.0,0.0,1.0,5.499999999999999,-0.27499999999999997,2
1769786066.2504935,0.0,0.0,0.0,0.0,1.0,5.499999999999999,-0.27499999999999997,2
1769786066.2511764,0.0,0.0,0.0,0.0,1.0,5.499999999999999,-0.27499999999999997,2
1769786066.2520182,0.0,0.0,0.0,0.0,1.0,5.499999999999999,-1.275,2
1769786066.2529235,0.0,0.0,0.0,0.0,1.0,5.499999999999999,-1.275,2
1769786066.2537804,0.0,0.0,0.0,0.0,1.0,5.499999999999999,-1.275,2
1769786066.2546237,0.0,0.0,0.0,0.0,1.0,5.499999999999999,-1.275,2
1769786066.2555358,0.0,0.0,0.0,0.0,1.0,5.499999999999999,-1.275,2
1769786066.25644,0.0,0.0,0.0,0.0,1.0,5.499999999999999,-1.275,2
1769786066.2572482,0.0,0.0,0.0,0.0,1.0,5.499999999999999,-1.275,2
1769786066.2579296,0.0,0.0,0.0,0.0,1.0,5.499999999999999,-1.275,2
1769786066.2586384,0.0,0.0,0.0,0.0,1.0,5.499999999999999,-1.275,2
1769786066.2593048,0.0,0.0,0.0,0.0,1.0,5.499999999999999,-1.275,2
1769786066.2599652,0.0,0.0,0.0,0.0,1.0,5.499999999999999,-1.275,2
1769786066.2606812,0.0,0.0,0.0,0.0,1.0,5.499999999999999,-1.275,2
1769786066.2615623,0.0,0.0,0.0,0.0,1.0,5.499999999999999,-1.275,2
1769786066.262412,0.0,0.0,0.0,0.0,1.0,5.499999999999999,-1.275,2
1769786066.2634144,0.0,0.0,0.0,0.0,1.0,5.499999999999999,-1.275,2
1769786066.2644491,0.0,0.0,0.0,0.0,1.0,5.499999999999999,-1.275,2
1769786066.2654648,0.0,0.0,0.0,0.0,1.0,5.499999999999999,-1.275,2
1769786066.2663736,0.0,0.0,0.0,0.0,1.0,5.499999999999999,-1.275,2
1769786066.267263,0.0,0.0,0.0,0.0,1.0,5.499999999999999,-1.275,2
1769786066.2683387,0.0,0.0,0.0,0.0,1.0,5.499999999999999,-1.275,2
1769786066.2691567,0.0,0.0,0.0,0.0,1.0,5.499999999999999,-1.275,2
1769786066.2699203,0.0,0.0,0.0,0.0,1.0,5.499999999999999,-1.275,2
1769786066.2706916,0.0,0.0,0.0,0.0,1.0,5.499999999999999,-1.275,2
1769786066.2715669,0.0,0.0,0.0,0.0,1.0,5.499999999999999,-1.275,2
1769786066.2723842,0.0,0.0,0.0,0.0,1.0,5.499999999999999,-1.275,2
1769786066.2730775,0.0,0.0,0.0,0.0,1.0,5.499999999999999,-1.275,2
1769786066.2738059,0.0,0.0,0.0,0.0,1.0,5.499999999999999,-1.275,2
1769786066.2744803,0.0,0.0,0.0,0.0,1.0,5.499999999999999,-1.275,2
1769786066.2751925,0.0,0.0,0.0,0.0,1.0,5.499999999999999,-1.275,2
1769786066.2760677,0.0,0.0,0.0,0.0,1.0,5.499999999999999,-1.275,2
1769786066.2768364,0.0,0.0,0.0,0.0,1.0,5.499999999999999,-1.275,2
1769786066.277636,0.0,0.0,0.0,0.0,1.0,5.499999999999999,-1.275,2
1769786066.2783046,0.0,0.0,0.0,0.0,1.0,5.499999999999999,-1.275,2
1769786066.2790942,0.0,0.0,0.0,0.0,1.0,5.499999999999999,-1.275,2
1769786066.2799482,0.0,0.0,0.0,0.0,1.0,5.499999999999999,-1.275,2
1769786066.2807977,0.0,0.0,0.0,0.0,1.0,5.499999999999999,-1.275,2
1769786066.281589,0.0,0.0,0.0,0.0,1.0,5.499999999999999,-1.275,2
1769786066.282602,0.0,0.0,0.0,0.0,1.0,5.499999999999999,-1.275,2
1769786066.2834606,0.0,0.0,0.0,0.0,1.0,5.499999999999999,-1.275,2
1769786066.28484,0.0,0.0,0.0,0.0,1.0,5.499999999999999,-1.275,2
1769786066.2856405,0.0,0.0,0.0,0.0,1.0,5.499999999999999,-1.275,2
1769786066.286304,0.0,0.0,0.0,0.0,1.0,5.499999999999999,-1.275,2
1769786066.2873352,0.0,0.0,0.0,0.0,1.0,5.499999999999999,-1.275,2
1769786066.2882147,0.0,0.0,0.0,0.0,1.0,5.499999999999999,-1.275,2
1769786066.2890875,0.0,0.0,0.0,0.0,1.0,5.499999999999999,-1.275,2
1769786066.2899108,0.0,0.0,0.0,0.0,1.0,5.499999999999999,-1.275,2
1769786066.2906344,0.0,0.0,0.0,0.0,1.0,5.499999999999999,-1.275,2
1769786066.2913313,0.0,0.0,0.0,0.0,1.0,5.499999999999999,-1.275,2
1769786066.2920098,0.0,0.0,0.0,0.0,1.0,5.499999999999999,-1.275,2
1769786066.2927654,0.0,0.0,0.0,0.0,1.0,5.499999999999999,-1.275,2
1769786066.2936752,0.0,0.0,0.0,0.0,1.0,5.499999999999999,-1.275,2
1769786066.2944236,0.0,0.0,0.0,0.0,1.0,5.499999999999999,-1.275,2
1769786066.2952535,0.0,0.0,0.0,0.0,1.0,5.499999999999999,-1.275,2
1769786066.2960055,0.0,0.0,0.0,0.0,1.0,5.499999999999999,-1.275,2
1769786066.2968352,0.0,0.0,0.0,0.0,1.0,5.499999999999999,-1.275,2
1769786066.2983665,0.0,0.0,0.0,0.0,1.0,5.499999999999999,-1.275,2
1769786066.299054,0.0,0.0,0.0,0.0,1.0,5.499999999999999,-1.275,2
1769786066.2997987,0.0,0.0,0.0,0.0,1.0,5.499999999999999,-1.275,2
1769786066.3008945,0.0,0.0,0.0,0.0,1.0,5.499999999999999,-1.275,2
1769786066.301626,0.0,0.0,0.0,0.0,1.0,5.499999999999999,-1.275,2
1769786066.302669,0.0,0.0,0.0,0.0,1.0,5.499999999999999,-1.275,2
1769786066.303679,0.0,0.0,0.0,0.0,1.0,5.499999999999999,-1.275,2
1769786066.304881,0.0,0.0,0.0,0.0,1.0,5.499999999999999,-1.275,2
1769786066.305704,0.0,0.0,0.0,0.0,1.0,5.499999999999999,-1.275,2
1769786066.3063736,0.0,0.0,0.0,0.0,1.0,5.499999999999999,-1.275,2
1769786066.3070047,0.0,0.0,0.0,0.0,1.0,5.499999999999999,-1.275,2
1769786066.3077419,0.0,0.0,0.0,0.0,1.0,5.499999999999999,-1.275,2
1769786066.30849,0.0,0.0,0.0,0.0,1.0,5.499999999999999,-1.275,2
1769786066.3093038,0.0,0.0,0.0,0.0,1.0,5.499999999999999,-1.275,2
1769786066.3101807,0.0,0.0,0.0,0.0,1.0,5.499999999999999,-1.275,2
1769786066.311241,0.0,0.0,0.0,0.0,1.0,5.499999999999999,-1.275,2
1769786066.3123305,0.0,0.0,0.0,0.0,1.0,5.499999999999999,-1.275,2
1769786066.3133073,0.0,0.0,0.0,0.0,1.0,5.499999999999999,-1.275,2
1769786066.3142278,0.0,0.0,0.0,0.0,1.0,5.499999999999999,-1.275,2
1769786066.3153143,0.0,0.0,0.0,0.0,1.0,5.499999999999999,-1.275,2
1769786066.3168128,0.0,0.0,0.0,0.0,1.0,5.499999999999999,-1.275,2
1769786066.3179045,0.0,0.0,0.0,0.0,1.0,5.499999999999999,-1.275,2
1769786066.3189092,0.0,0.0,0.0,0.0,1.0,5.499999999999999,-1.275,2
1769786066.3198855,0.0,0.0,0.0,0.0,1.0,5.499999999999999,-1.275,2
1769786066.3207462,0.0,0.0,0.0,0.0,1.0,5.499999999999999,-1.275,2
1769786066.3215501,0.0,0.0,0.0,0.0,1.0,5.499999999999999,-1.275,2
1769786066.3223076,0.0,0.0,0.0,0.0,1.0,5.499999999999999,-1.275,2
1769786066.3231046,0.0,0.0,0.0,0.0,1.0,5.499999999999999,-1.275,2
1769786066.3237808,0.0,0.0,0.0,0.0,1.0,5.499999999999999,-1.275,2
1769786066.3245041,0.0,0.0,0.0,0.0,1.0,5.499999999999999,-1.275,2
1769786066.3253324,0.0,0.0,0.0,0.0,1.0,5.499999999999999,-1.275,2
1769786066.3262007,0.0,0.0,0.0,0.0,1.0,5.499999999999999,-1.275,2
1769786066.3273768,0.0,0.0,0.0,0.0,1.0,5.499999999999999,-1.275,2
1769786066.328314,0.0,0.0,0.0,0.0,1.0,5.499999999999999,-1.275,2
1769786066.329163,0.0,0.0,0.0,0.0,1.0,5.499999999999999,-1.275,2
1769786066.3300495,0.0,0.0,0.0,0.0,1.0,5.499999999999999,-1.275,2
1769786066.3308678,0.0,0.0,0.0,0.0,1.0,5.499999999999999,-1.275,2
1769786066.3318186,0.0,0.0,0.0,0.0,1.0,5.499999999999999,-1.275,2
1769786066.3327825,0.0,0.0,0.0,0.0,1.0,5.499999999999999,-1.275,2
1769786066.3335176,0.0,0.0,0.0,0.0,1.0,5.499999999999999,-1.275,2
1769786066.3343704,0.0,0.0,0.0,0.0,1.0,5.499999999999999,-1.275,2
1769786066.335295,0.0,0.0,0.0,0.0,1.0,5.499999999999999,-1.275,2
1769786066.3363438,0.0,0.0,0.0,0.0,1.0,5.499999999999999,-1.275,2
1769786066.337281,0.0,0.0,0.0,0.0,1.0,5.499999999999999,-1.275,2
1769786066.3383033,0.0,0.0,0.0,0.0,1.0,5.499999999999999,-1.275,2
1769786066.3391216,0.0,0.0,0.0,0.0,1.0,5.499999999999999,-1.275,2
1769786066.3398407,0.0,0.0,0.0,0.0,1.0,5.499999999999999,-1.275,2
1769786066.340726,0.0,0.0,0.0,0.0,1.0,5.499999999999999,-1.275,2
1769786066.341482,0.0,0.0,0.0,0.0,1.0,5.499999999999999,-1.275,2
1769786066.3424776,0.0,0.0,0.0,0.0,1.0,5.499999999999999,-1.275,2
1769786066.3432684,0.0,0.0,0.0,0.0,1.0,5.499999999999999,-1.275,2
1769786066.3440437,0.0,0.0,0.0,0.0,1.0,5.499999999999999,-1.275,2
1769786066.3447397,0.0,0.0,0.0,0.0,1.0,5.499999999999999,-1.275,2
1769786066.3456886,0.0,0.0,0.0,0.0,1.0,5.499999999999999,-1.275,2
1769786066.3465068,0.0,0.0,0.0,0.0,1.0,5.499999999999999,-1.275,2
1769786066.3472545,0.0,0.0,0.0,0.0,1.0,5.499999999999999,-1.275,2
1769786066.3480577,0.0,0.0,0.0,0.0,1.0,5.499999999999999,-1.275,2
1769786066.3489194,0.0,0.0,0.0,0.0,1.0,5.499999999999999,-1.275,2
1769786066.3496537,0.0,0.0,0.0,0.0,1.0,5.499999999999999,-1.275,2
1769786066.3504493,0.0,0.0,0.0,0.0,1.0,5.499999999999999,-1.275,2
1769786066.3511968,0.0,0.0,0.0,0.0,1.0,5.499999999999999,-1.275,2
1769786066.351849,0.0,0.0,0.0,0.0,1.0,5.499999999999999,-1.275,2
1769786066.3527274,0.0,0.0,0.0,0.0,1.0,5.499999999999999,-1.275,2
1769786066.353487,0.0,0.0,0.0,0.0,1.0,5.499999999999999,-1.275,2
1769786066.3545198,0.0,0.0,0.0,0.0,1.0,5.499999999999999,-1.275,2
1769786066.355523,0.0,0.0,0.0,0.0,1.0,5.499999999999999,-1.275,2
1769786066.3564422,0.0,0.0,0.0,0.0,1.0,5.499999999999999,-1.275,2
1769786066.3573432,0.0,0.0,0.0,0.0,1.0,5.499999999999999,-1.275,2
1769786066.3584175,0.0,0.0,0.0,0.0,1.0,5.499999999999999,-1.275,2
1769786066.3592975,0.0,0.0,0.0,0.0,1.0,5.499999999999999,-1.275,2
1769786066.3602314,0.0,0.0,0.0,0.0,1.0,5.499999999999999,-1.275,2
1769786066.3611715,0.0,0.0,0.0,0.0,1.0,5.499999999999999,-1.275,2
1769786066.3620136,0.0,0.0,0.0,0.0,1.0,5.499999999999999,-1.275,2
1769786066.3628402,0.0,0.0,0.0,0.0,1.0,5.499999999999999,-1.275,2
1769786066.3636346,0.0,0.0,0.0,0.0,1.0,5.499999999999999,-1.275,2
1769786066.3645003,0.0,0.0,0.0,0.0,1.0,5.499999999999999,-1.275,2
1769786066.3652635,0.0,0.0,0.0,0.0,1.0,5.499999999999999,-1.275,2
1769786066.3662329,0.0,0.0,0.0,0.0,1.0,5.499999999999999,-1.275,2
1769786066.367203,0.0,0.0,0.0,0.0,1.0,5.499999999999999,-1.275,2
1769786066.3680048,0.0,0.0,0.0,0.0,1.0,5.499999999999999,-1.275,2
1769786066.36884,0.0,0.0,0.0,0.0,1.0,5.499999999999999,-1.275,2
1769786066.369773,0.0,0.0,0.0,0.0,1.0,5.499999999999999,-1.275,2
1769786066.3705077,0.0,0.0,0.0,0.0,1.0,5.499999999999999,-1.275,2
1769786066.3714054,0.0,0.0,0.0,0.0,1.0,5.499999999999999,-1.275,2
1769786066.3721392,0.0,0.0,0.0,0.0,1.0,5.499999999999999,-1.275,2
1769786066.3728473,0.0,0.0,0.0,0.0,1.0,5.499999999999999,-1.275,2
1769786066.3737519,0.0,0.0,0.0,0.0,1.0,5.499999999999999,-1.275,2
1769786066.3746881,0.0,0.0,0.0,0.0,1.0,5.499999999999999,-1.275,2
1769786066.3755515,0.0,0.0,0.0,0.0,1.0,5.499999999999999,-1.275,2
1769786066.376353,0.0,0.0,0.0,0.0,1.0,5.499999999999999,-1.275,2
1769786066.377287,0.0,0.0,0.0,0.0,1.0,5.499999999999999,-1.275,2
1769786066.3779333,0.0,0.0,0.0,0.0,1.0,5.499999999999999,-1.275,2
1769786066.3786316,0.0,0.0,0.0,0.0,1.0,5.499999999999999,-1.275,2
1769786066.3792832,0.0,0.0,0.0,0.0,1.0,5.499999999999999,-1.275,2
1769786066.379984,0.0,0.0,0.0,0.0,1.0,5.499999999999999,-1.275,2
1769786066.3806846,0.0,0.0,0.0,0.0,1.0,5.499999999999999,-1.275,2
1769786066.3817286,0.0,0.0,0.0,0.0,1.0,5.499999999999999,-1.275,2
1769786066.3827205,0.0,0.0,0.0,0.0,1.0,5.499999999999999,-1.275,2
1769786066.3836334,0.0,0.0,0.0,0.0,1.0,5.499999999999999,-1.275,2
1769786066.3844757,0.0,0.0,0.0,0.0,1.0,5.499999999999999,-1.275,2
1769786066.3852186,0.0,0.0,0.0,0.0,1.0,5.499999999999999,-1.275,2
1769786066.385955,0.0,0.0,0.0,0.0,1.0,5.499999999999999,-1.275,2
1769786066.3867066,0.0,0.0,0.0,0.0,1.0,5.499999999999999,-1.275,2
1769786066.387466,0.0,0.0,0.0,0.0,1.0,5.499999999999999,-1.275,2
1769786066.388443,0.0,0.0,0.0,0.0,1.0,5.499999999999999,-1.275,2
1769786066.3895404,0.0,0.0,0.0,0.0,1.0,5.499999999999999,-1.275,2
1769786066.3906147,0.0,0.0,0.0,0.0,1.0,5.499999999999999,-1.275,2
1769786066.391604,0.0,0.0,0.0,0.0,1.0,5.499999999999999,-1.275,2
1769786066.392585,0.0,0.0,0.0,0.0,1.0,5.499999999999999,-1.275,2
1769786066.3934782,0.0,0.0,0.0,0.0,1.0,5.499999999999999,-1.275,2
1769786066.3943596,0.0,0.0,0.0,0.0,1.0,5.499999999999999,-1.275,2
1769786066.3952456,0.0,0.0,0.0,0.0,1.0,5.499999999999999,-1.275,2
1769786066.3960323,0.0,0.0,0.0,0.0,1.0,5.499999999999999,-1.275,2
1769786066.3969,0.0,0.0,0.0,0.0,1.0,5.499999999999999,-1.275,2
1769786066.3977811,0.0,0.0,0.0,0.0,1.0,5.499999999999999,-1.275,2
1769786066.3986113,0.0,0.0,0.0,0.0,1.0,5.499999999999999,-1.275,2
1769786066.399441,0.0,0.0,0.0,0.0,1.0,5.499999999999999,-1.275,2
1769786066.4002452,0.0,0.0,0.0,0.0,1.0,5.499999999999999,-1.275,2
1769786066.4010224,0.0,0.0,0.0,0.0,1.0,5.499999999999999,-1.275,2
1769786066.4017532,0.0,0.0,0.0,0.0,1.0,5.499999999999999,-1.275,2
1769786066.402416,0.0,0.0,0.0,0.0,1.0,5.499999999999999,-1.275,2
1769786066.4032354,0.0,0.0,0.0,0.0,1.0,5.499999999999999,-1.275,2
1769786066.4040647,0.0,0.0,0.0,0.0,1.0,5.499999999999999,-1.275,2
1769786066.4048798,0.0,0.0,0.0,0.0,1.0,5.499999999999999,-1.275,2
1769786066.4057612,0.0,0.0,0.0,0.0,1.0,5.499999999999999,-1.275,2
1769786066.4067757,0.0,0.0,0.0,0.0,1.0,5.499999999999999,-1.275,2
1769786066.4075563,0.0,0.0,0.0,0.0,1.0,5.499999999999999,-1.275,2
1769786066.4083705,0.0,0.0,0.0,0.0,1.0,5.499999999999999,-1.275,2
1769786066.4091778,0.0,0.0,0.0,0.0,1.0,5.499999999999999,-1.275,2
1769786066.4099503,0.0,0.0,0.0,0.0,1.0,5.499999999999999,-1.275,2
1769786066.410955,0.0,0.0,0.0,0.0,1.0,5.499999999999999,-1.275,2
1769786066.4118032,0.0,0.0,0.0,0.0,1.0,5.499999999999999,-1.275,2
1769786066.4126935,0.0,0.0,0.0,0.0,1.0,5.499999999999999,-1.275,2
1769786066.4135947,0.0,0.0,0.0,0.0,1.0,5.499999999999999,-1.275,2
1769786066.4144232,0.0,0.0,0.0,0.0,1.0,5.499999999999999,-1.275,2
1769786066.4151099,0.0,0.0,0.0,0.0,1.0,5.499999999999999,-1.275,2
1769786066.4158845,0.0,0.0,0.0,0.0,1.0,5.499999999999999,-1.275,2
1769786066.4166698,0.0,0.0,0.0,0.0,1.0,5.499999999999999,-1.275,2
1769786066.417513,0.0,0.0,0.0,0.0,1.0,5.499999999999999,-1.275,2
1769786066.4182537,0.0,0.0,0.0,0.0,1.0,5.499999999999999,-1.275,2
1769786066.4714444,0.0,0.0,0.0,0.0,1.0,0.0,0.0,2
1769786066.4730341,0.0,0.0,0.0,0.0,1.0,5.499999999999999,-0.27499999999999997,2
1769786066.47516,0.0,0.0,0.0,0.0,1.0,5.499999999999999,-0.27499999999999997,2
1769786066.476289,0.0,0.0,0.0,0.0,1.0,5.499999999999999,-0.27499999999999997,2
1769786066.4775538,0.0,0.0,0.0,0.0,1.0,5.499999999999999,-0.27499999999999997,2
1769786066.4785383,0.0,0.0,0.0,0.0,1.0,5.499999999999999,-0.27499999999999997,2
1769786066.4793284,0.0,0.0,0.0,0.0,1.0,5.499999999999999,-1.275,2
1769786066.4800956,0.0,0.0,0.0,0.0,1.0,5.499999999999999,-1.275,2
1769786066.4810753,0.0,0.0,0.0,0.0,1.0,5.499999999999999,-1.275,2
1769786066.482034,0.0,0.0,0.0,0.0,1.0,5.499999999999999,-1.275,2
1769786066.4827483,0.0,0.0,0.0,0.0,1.0,5.499999999999999,-1.275,2
1769786066.4834177,0.0,0.0,0.0,0.0,1.0,5.499999999999999,-1.275,2
1769786066.4843237,0.0,0.0,0.0,0.0,1.0,5.499999999999999,-1.275,2
1769786066.4854982,0.0,0.0,0.0,0.0,1.0,5.499999999999999,-1.275,2
1769786066.4861596,0.0,0.0,0.0,0.0,1.0,5.499999999999999,-1.275,2
1769786066.4868631,0.0,0.0,0.0,0.0,1.0,5.499999999999999,-1.275,2
1769786066.487535,0.0,0.0,0.0,0.0,1.0,5.499999999999999,-1.275,2
1769786066.4882307,0.0,0.0,0.0,0.0,1.0,5.499999999999999,-1.275,2
1769786066.4890075,0.0,0.0,0.0,0.0,1.0,5.499999999999999,-1.275,2
1769786066.4897704,0.0,0.0,0.0,0.0,1.0,5.499999999999999,-1.275,2
1769786066.4904623,0.0,0.0,0.0,0.0,1.0,5.499999999999999,-1.275,2
1769786066.491244,0.0,0.0,0.0,0.0,1.0,5.499999999999999,-1.275,2
1769786066.492371,0.0,0.0,0.0,0.0,1.0,5.499999999999999,-1.275,2
1769786066.4932978,0.0,0.0,0.0,0.0,1.0,5.499999999999999,-1.275,2
1769786066.4941158,0.0,0.0,0.0,0.0,1.0,5.499999999999999,-1.275,2
1769786066.4951906,0.0,0.0,0.0,0.0,1.0,5.499999999999999,-1.275,2
1769786066.4960794,0.0,0.0,0.0,0.0,1.0,5.499999999999999,-1.275,2
1769786066.496885,0.0,0.0,0.0,0.0,1.0,5.499999999999999,-1.275,2
1769786066.497792,0.0,0.0,0.0,0.0,1.0,5.499999999999999,-1.275,2
1769786066.498474,0.0,0.0,0.0,0.0,1.0,5.499999999999999,-1.275,2
1769786066.4992049,0.0,0.0,0.0,0.0,1.0,5.499999999999999,-1.275,2
1769786066.500311,0.0,0.0,0.0,0.0,1.0,5.499999999999999,-1.275,2
1769786066.5012062,0.0,0.0,0.0,0.0,1.0,5.499999999999999,-1.275,2
1769786066.502009,0.0,0.0,0.0,0.0,1.0,5.499999999999999,-1.275,2
1769786066.502787,0.0,0.0,0.0,0.0,1.0,5.499999999999999,-1.275,2
1769786066.5036705,0.0,0.0,0.0,0.0,1.0,5.499999999999999,-1.275,2
1769786066.5045218,0.0,0.0,0.0,0.0,1.0,5.499999999999999,-1.275,2
1769786066.5052984,0.0,0.0,0.0,0.0,1.0,5.499999999999999,-1.275,2
1769786066.5060046,0.0,0.0,0.0,0.0,1.0,5.499999999999999,-1.275,2
1769786066.5066516,0.0,0.0,0.0,0.0,1.0,5.499999999999999,-1.275,2
1769786066.5073047,0.0,0.0,0.0,0.0,1.0,5.499999999999999,-1.275,2
1769786066.508478,0.0,0.0,0.0,0.0,1.0,5.499999999999999,-1.275,2
1769786066.5094569,0.0,0.0,0.0,0.0,1.0,5.499999999999999,-1.275,2
1769786066.5103168,0.0,0.0,0.0,0.0,1.0,5.499999999999999,-1.275,2
1769786066.5109875,0.0,0.0,0.0,0.0,1.0,5.499999999999999,-1.275,2
1769786066.511867,0.0,0.0,0.0,0.0,1.0,5.499999999999999,-1.275,2
1769786066.5130448,0.0,0.0,0.0,0.0,1.0,5.499999999999999,-1.275,2
1769786066.5142176,0.0,0.0,0.0,0.0,1.0,5.499999999999999,-1.275,2
1769786066.5157125,0.0,0.0,0.0,0.0,1.0,5.499999999999999,-1.275,2
1769786066.5170271,0.0,0.0,0.0,0.0,1.0,5.499999999999999,-1.275,2
1769786066.5179644,0.0,0.0,0.0,0.0,1.0,5.499999999999999,-1.275,2
1769786066.5188687,0.0,0.0,0.0,0.0,1.0,5.499999999999999,-1.275,2
1769786066.5197659,0.0,0.0,0.0,0.0,1.0,5.499999999999999,-1.275,2
1769786066.520624,0.0,0.0,0.0,0.0,1.0,5.499999999999999,-1.275,2
1769786066.521524,0.0,0.0,0.0,0.0,1.0,5.499999999999999,-1.275,2
1769786066.5223846,0.0,0.0,0.0,0.0,1.0,5.499999999999999,-1.275,2
1769786066.5232177,0.0,0.0,0.0,0.0,1.0,5.499999999999999,-1.275,2
1769786066.5245395,0.0,0.0,0.0,0.0,1.0,5.499999999999999,-1.275,2
1769786066.5254025,0.0,0.0,0.0,0.0,1.0,5.499999999999999,-1.275,2
1769786066.5260997,0.0,0.0,0.0,0.0,1.0,5.499999999999999,-1.275,2
1769786066.5269315,0.0,0.0,0.0,0.0,1.0,5.499999999999999,-1.275,2
1769786066.5277157,0.0,0.0,0.0,0.0,1.0,5.499999999999999,-1.275,2
1769786066.5285869,0.0,0.0,0.0,0.0,1.0,5.499999999999999,-1.275,2
1769786066.5293987,0.0,0.0,0.0,0.0,1.0,5.499999999999999,-1.275,2
1769786066.5302145,0.0,0.0,0.0,0.0,1.0,5.499999999999999,-1.275,2
1769786066.5309546,0.0,0.0,0.0,0.0,1.0,5.499999999999999,-1.275,2
1769786066.531862,0.0,0.0,0.0,0.0,1.0,5.499999999999999,-1.275,2
1769786066.5327823,0.0,0.0,0.0,0.0,1.0,5.499999999999999,-1.275,2
1769786066.5338745,0.0,0.0,0.0,0.0,1.0,5.499999999999999,-1.275,2
1769786066.5347226,0.0,0.0,0.0,0.0,1.0,5.499999999999999,-1.275,2
1769786066.5355868,0.0,0.0,0.0,0.0,1.0,5.499999999999999,-1.275,2
1769786066.53645,0.0,0.0,0.0,0.0,1.0,5.499999999999999,-1.275,2
1769786066.5373256,0.0,0.0,0.0,0.0,1.0,5.499999999999999,-1.275,2
1769786066.5380921,0.0,0.0,0.0,0.0,1.0,5.499999999999999,-1.275,2
1769786066.5388198,0.0,0.0,0.0,0.0,1.0,5.499999999999999,-1.275,2
1769786066.5396895,0.0,0.0,0.0,0.0,1.0,5.499999999999999,-1.275,2
1769786066.5406275,0.0,0.0,0.0,0.0,1.0,5.499999999999999,-1.275,2
1769786066.5413876,0.0,0.0,0.0,0.0,1.0,5.499999999999999,-1.275,2
1769786066.5421457,0.0,0.0,0.0,0.0,1.0,5.499999999999999,-1.275,2
1769786066.542892,0.0,0.0,0.0,0.0,1.0,5.499999999999999,-1.275,2
1769786066.5435424,0.0,0.0,0.0,0.0,1.0,5.499999999999999,-1.275,2
1769786066.5444546,0.0,0.0,0.0,0.0,1.0,5.499999999999999,-1.275,2
1769786066.5451636,0.0,0.0,0.0,0.0,1.0,5.499999999999999,-1.275,2
1769786066.5458374,0.0,0.0,0.0,0.0,1.0,5.499999999999999,-1.275,2
1769786066.5465322,0.0,0.0,0.0,0.0,1.0,5.499999999999999,-1.275,2
1769786066.54757,0.0,0.0,0.0,0.0,1.0,5.499999999999999,-1.275,2
1769786066.5484712,0.0,0.0,0.0,0.0,1.0,5.499999999999999,-1.275,2
1769786066.5493984,0.0,0.0,0.0,0.0,1.0,5.499999999999999,-1.275,2
1769786066.5504375,0.0,0.0,0.0,0.0,1.0,5.499999999999999,-1.275,2
1769786066.5513864,0.0,0.0,0.0,0.0,1.0,5.499999999999999,-1.275,2
1769786066.5522792,0.0,0.0,0.0,0.0,1.0,5.499999999999999,-1.275,2
1769786066.5531857,0.0,0.0,0.0,0.0,1.0,5.499999999999999,-1.275,2
1769786066.5540502,0.0,0.0,0.0,0.0,1.0,5.499999999999999,-1.275,2
1769786066.5549452,0.0,0.0,0.0,0.0,1.0,5.499999999999999,-1.275,2
1769786066.555924,0.0,0.0,0.0,0.0,1.0,5.499999999999999,-1.275,2
1769786066.556756,0.0,0.0,0.0,0.0,1.0,5.499999999999999,-1.275,2
1769786066.557643,0.0,0.0,0.0,0.0,1.0,5.499999999999999,-1.275,2
1769786066.558487,0.0,0.0,0.0,0.0,1.0,5.499999999999999,-1.275,2
1769786066.5593345,0.0,0.0,0.0,0.0,1.0,5.499999999999999,-1.275,2
1769786066.5601637,0.0,0.0,0.0,0.0,1.0,5.499999999999999,-1.275,2
1769786066.561017,0.0,0.0,0.0,0.0,1.0,5.499999999999999,-1.275,2
1769786066.5619357,0.0,0.0,0.0,0.0,1.0,5.499999999999999,-1.275,2
1769786066.5629728,0.0,0.0,0.0,0.0,1.0,5.499999999999999,-1.275,2
1769786066.5640185,0.0,0.0,0.0,0.0,1.0,5.499999999999999,-1.275,2
1769786066.5648987,0.0,0.0,0.0,0.0,1.0,5.499999999999999,-1.275,2
1769786066.5658422,0.0,0.0,0.0,0.0,1.0,5.499999999999999,-1.275,2
1769786066.5667667,0.0,0.0,0.0,0.0,1.0,5.499999999999999,-1.275,2
1769786066.56755,0.0,0.0,0.0,0.0,1.0,5.499999999999999,-1.275,2
1769786066.5684245,0.0,0.0,0.0,0.0,1.0,5.499999999999999,-1.275,2
1769786066.569231,0.0,0.0,0.0,0.0,1.0,5.499999999999999,-1.275,2
1769786066.5699024,0.0,0.0,0.0,0.0,1.0,5.499999999999999,-1.275,2
1769786066.570621,0.0,0.0,0.0,0.0,1.0,5.499999999999999,-1.275,2
1769786066.5718176,0.0,0.0,0.0,0.0,1.0,5.499999999999999,-1.275,2
1769786066.5726562,0.0,0.0,0.0,0.0,1.0,5.499999999999999,-1.275,2
1769786066.5734713,0.0,0.0,0.0,0.0,1.0,5.499999999999999,-1.275,2
1769786066.574173,0.0,0.0,0.0,0.0,1.0,5.499999999999999,-1.275,2
1769786066.5748541,0.0,0.0,0.0,0.0,1.0,5.499999999999999,-1.275,2
1769786066.5757833,0.0,0.0,0.0,0.0,1.0,5.499999999999999,-1.275,2
1769786066.5766084,0.0,0.0,0.0,0.0,1.0,5.499999999999999,-1.275,2
1769786066.57746,0.0,0.0,0.0,0.0,1.0,5.499999999999999,-1.275,2
1769786066.5783167,0.0,0.0,0.0,0.0,1.0,5.499999999999999,-1.275,2
1769786066.5791376,0.0,0.0,0.0,0.0,1.0,5.499999999999999,-1.275,2
1769786066.580072,0.0,0.0,0.0,0.0,1.0,5.499999999999999,-1.275,2
1769786066.580932,0.0,0.0,0.0,0.0,1.0,5.499999999999999,-1.275,2
1769786066.5818307,0.0,0.0,0.0,0.0,1.0,5.499999999999999,-1.275,2
1769786066.5825295,0.0,0.0,0.0,0.0,1.0,5.499999999999999,-1.275,2
1769786066.5832663,0.0,0.0,0.0,0.0,1.0,5.499999999999999,-1.275,2
1769786066.583996,0.0,0.0,0.0,0.0,1.0,5.499999999999999,-1.275,2
1769786066.5847483,0.0,0.0,0.0,0.0,1.0,5.499999999999999,-1.275,2
1769786066.5855186,0.0,0.0,0.0,0.0,1.0,5.499999999999999,-1.275,2
1769786066.586455,0.0,0.0,0.0,0.0,1.0,5.499999999999999,-1.275,2
1769786066.5875278,0.0,0.0,0.0,0.0,1.0,5.499999999999999,-1.275,2
1769786066.5883837,0.0,0.0,0.0,0.0,1.0,5.499999999999999,-1.275,2
1769786066.5894256,0.0,0.0,0.0,0.0,1.0,5.499999999999999,-1.275,2
1769786066.590292,0.0,0.0,0.0,0.0,1.0,5.499999999999999,-1.275,2
1769786066.5910947,0.0,0.0,0.0,0.0,1.0,5.499999999999999,-1.275,2
1769786066.5919003,0.0,0.0,0.0,0.0,1.0,5.499999999999999,-1.275,2
1769786066.5927594,0.0,0.0,0.0,0.0,1.0,5.499999999999999,-1.275,2
1769786066.5937037,0.0,0.0,0.0,0.0,1.0,5.499999999999999,-1.275,2
1769786066.5946362,0.0,0.0,0.0,0.0,1.0,5.499999999999999,-1.275,2
1769786066.595634,0.0,0.0,0.0,0.0,1.0,5.499999999999999,-1.275,2
1769786066.5964892,0.0,0.0,0.0,0.0,1.0,5.499999999999999,-1.275,2
1769786066.5973184,0.0,0.0,0.0,0.0,1.0,5.499999999999999,-1.275,2
1769786066.5980084,0.0,0.0,0.0,0.0,1.0,5.499999999999999,-1.275,2
1769786066.5987077,0.0,0.0,0.0,0.0,1.0,5.499999999999999,-1.275,2
1769786066.5993881,0.0,0.0,0.0,0.0,1.0,5.499999999999999,-1.275,2
1769786066.6003296,0.0,0.0,0.0,0.0,1.0,5.499999999999999,-1.275,2
1769786066.6011705,0.0,0.0,0.0,0.0,1.0,5.499999999999999,-1.275,2
1769786066.602113,0.0,0.0,0.0,0.0,1.0,5.499999999999999,-1.275,2
1769786066.6032088,0.0,0.0,0.0,0.0,1.0,5.499999999999999,-1.275,2
1769786066.6041195,0.0,0.0,0.0,0.0,1.0,5.499999999999999,-1.275,2
1769786066.6048477,0.0,0.0,0.0,0.0,1.0,5.499999999999999,-1.275,2
1769786066.605563,0.0,0.0,0.0,0.0,1.0,5.499999999999999,-1.275,2
1769786066.6064584,0.0,0.0,0.0,0.0,1.0,5.499999999999999,-1.275,2
1769786066.6073112,0.0,0.0,0.0,0.0,1.0,5.499999999999999,-1.275,2
1769786066.6079895,0.0,0.0,0.0,0.0,1.0,5.499999999999999,-1.275,2
1769786066.6086745,0.0,0.0,0.0,0.0,1.0,5.499999999999999,-1.275,2
1769786066.6094935,0.0,0.0,0.0,0.0,1.0,5.499999999999999,-1.275,2
1769786066.6104817,0.0,0.0,0.0,0.0,1.0,5.499999999999999,-1.275,2
1769786066.6112998,0.0,0.0,0.0,0.0,1.0,5.499999999999999,-1.275,2
1769786066.612009,0.0,0.0,0.0,0.0,1.0,5.499999999999999,-1.275,2
1769786066.612718,0.0,0.0,0.0,0.0,1.0,5.499999999999999,-1.275,2
1769786066.6136384,0.0,0.0,0.0,0.0,1.0,5.499999999999999,-1.275,2
1769786066.6145957,0.0,0.0,0.0,0.0,1.0,5.499999999999999,-1.275,2
1769786066.6156192,0.0,0.0,0.0,0.0,1.0,5.499999999999999,-1.275,2
1769786066.616556,0.0,0.0,0.0,0.0,1.0,5.499999999999999,-1.275,2
1769786066.6173594,0.0,0.0,0.0,0.0,1.0,5.499999999999999,-1.275,2
1769786066.6182232,0.0,0.0,0.0,0.0,1.0,5.499999999999999,-1.275,2
1769786066.6192024,0.0,0.0,0.0,0.0,1.0,5.499999999999999,-1.275,2
1769786066.6200192,0.0,0.0,0.0,0.0,1.0,5.499999999999999,-1.275,2
1769786066.620847,0.0,0.0,0.0,0.0,1.0,5.499999999999999,-1.275,2
1769786066.6217456,0.0,0.0,0.0,0.0,1.0,5.499999999999999,-1.275,2
1769786066.6225665,0.0,0.0,0.0,0.0,1.0,5.499999999999999,-1.275,2
1769786066.6232636,0.0,0.0,0.0,0.0,1.0,5.499999999999999,-1.275,2
1769786066.624162,0.0,0.0,0.0,0.0,1.0,5.499999999999999,-1.275,2
1769786066.6250167,0.0,0.0,0.0,0.0,1.0,5.499999999999999,-1.275,2
1769786066.6258028,0.0,0.0,0.0,0.0,1.0,5.499999999999999,-1.275,2
1769786066.6268244,0.0,0.0,0.0,0.0,1.0,5.499999999999999,-1.275,2
1769786066.6276212,0.0,0.0,0.0,0.0,1.0,5.499999999999999,-1.275,2
1769786066.628441,0.0,0.0,0.0,0.0,1.0,5.499999999999999,-1.275,2
1769786066.6293023,0.0,0.0,0.0,0.0,1.0,5.499999999999999,-1.275,2
1769786066.6301367,0.0,0.0,0.0,0.0,1.0,5.499999999999999,-1.275,2
1769786066.6308706,0.0,0.0,0.0,0.0,1.0,5.499999999999999,-1.275,2
1769786066.6316411,0.0,0.0,0.0,0.0,1.0,5.499999999999999,-1.275,2
1769786066.632378,0.0,0.0,0.0,0.0,1.0,5.499999999999999,-1.275,2
1769786066.633094,0.0,0.0,0.0,0.0,1.0,5.499999999999999,-1.275,2
1769786066.633965,0.0,0.0,0.0,0.0,1.0,5.499999999999999,-1.275,2
1769786066.6347613,0.0,0.0,0.0,0.0,1.0,5.499999999999999,-1.275,2
1769786066.6354575,0.0,0.0,0.0,0.0,1.0,5.499999999999999,-1.275,2
1769786066.6361744,0.0,0.0,0.0,0.0,1.0,5.499999999999999,-1.275,2
1769786066.6369941,0.0,0.0,0.0,0.0,1.0,5.499999999999999,-1.275,2
1769786066.637675,0.0,0.0,0.0,0.0,1.0,5.499999999999999,-1.275,2
1769786066.6384456,0.0,0.0,0.0,0.0,1.0,5.499999999999999,-1.275,2
1769786066.6392677,0.0,0.0,0.0,0.0,1.0,5.499999999999999,-1.275,2
1769786066.6400478,0.0,0.0,0.0,0.0,1.0,5.499999999999999,-1.275,2
1769786066.6408405,0.0,0.0,0.0,0.0,1.0,5.499999999999999,-1.275,2
1769786066.6420302,0.0,0.0,0.0,0.0,1.0,5.499999999999999,-1.275,2
1769786066.64295,0.0,0.0,0.0,0.0,1.0,5.499999999999999,-1.275,2
1769786066.6438873,0.0,0.0,0.0,0.0,1.0,5.499999999999999,-1.275,2
1769786066.644746,0.0,0.0,0.0,0.0,1.0,5.499999999999999,-1.275,2
1769786066.6455495,0.0,0.0,0.0,0.0,1.0,5.499999999999999,-1.275,2
