t,thr,delay,jitter,loss,numUe,stepEnergyJ,rew,act
1769772837.275436,0.0,0.0,0.0,0.0,1.0,0.0,0.0,0
1769772837.2847242,1975.3086419753085,0.004769630515,0.0,0.0,1.0,10.0,1.4973455904753088,0
1769772837.288625,1988.950276243094,0.004769630515,0.0,0.0,1.0,10.0,1.5109872247430944,0
1769772837.2938347,1992.8825622775803,0.004769630515,0.0,0.0,1.0,10.0,1.5149195107775806,0
1769772837.2983918,1994.750656167979,0.004769630515,0.0,0.0,1.0,10.0,1.5167876046679791,0
1769772837.3019333,1995.8419958419959,0.004769630515,0.0,0.0,1.0,10.0,1.5178789443419962,0
1769772837.3061306,1996.5576592082618,0.004769630515,0.0,0.0,1.0,10.0,1.5185946077082622,0
1769772837.310694,1997.063142437592,0.004769630515,0.0,0.0,1.0,10.0,1.519100090937592,0
1769772837.3146544,1997.439180537772,0.004769630515,0.0,0.0,1.0,10.0,1.519476129037772,0
1769772837.317978,1997.7298524404086,0.004769630515,0.0,0.0,1.0,10.0,1.5197668009404088,0
1769772837.3212898,1997.96126401631,0.004769630515,0.0,0.0,1.0,10.0,1.51999821251631,0
1769772837.3259878,1998.149861239593,0.004769630515,0.0,0.0,1.0,10.0,1.5201868097395934,0
1769772837.3306262,1998.3065198983911,0.004769630515,0.0,0.0,1.0,10.0,1.5203434683983912,0
1769772837.334613,1998.4387197501953,0.004769630515,0.0,0.0,1.0,10.0,1.5204756682501954,0
1769772837.3391926,1998.551774076756,0.004769630515,0.0,0.0,1.0,10.0,1.5205887225767563,0
1769772837.343365,1998.6495611073601,0.004769630515,0.0,0.0,1.0,10.0,1.5206865096073603,0
1769772837.3475976,1998.7349778621126,0.004769630515,0.0,0.0,1.0,10.0,1.5207719263621127,0
1769772837.3509262,1998.810232004759,0.004769630515,0.0,0.0,1.0,10.0,1.520847180504759,0
1769772837.3547332,1998.8770353733858,0.004769630515,0.0,0.0,1.0,10.0,1.520913983873386,0
1769772837.3587992,1998.936735778841,0.004769630515,0.0,0.0,1.0,10.0,1.5209736842788413,0
1769772837.3626094,1998.9904088844019,0.004769630515,0.0,0.0,1.0,10.0,1.5210273573844022,0
1769772837.365988,1999.0389235944258,0.004769630515,0.0,0.0,1.0,10.0,1.5210758720944262,0
1769772837.369978,1999.0829894543788,0.004769630515,0.0,0.0,1.0,10.0,1.5211199379543792,0
1769772837.3731718,1999.123191582639,0.004769630515,0.0,0.0,1.0,10.0,1.5211601400826393,0
1769772837.3762386,1999.1600167996642,0.004769630515,0.0,0.0,1.0,10.0,1.5211969652996644,0
1769772837.3794813,1999.19387343813,0.004769630515,0.0,0.0,1.0,10.0,1.52123082193813,0
1769772837.3830998,1999.2251065478497,0.004769630515,0.0,0.0,1.0,10.0,1.52126205504785,0
1769772837.3877532,1999.254009697874,0.004769630515,0.0,0.0,1.0,10.0,1.521290958197874,0
1769772837.3911607,1999.2808342322905,0.004769630515,0.0,0.0,1.0,10.0,1.5213177827322908,0
1769772837.3944252,1999.3057965984035,0.004769630515,0.0,0.0,1.0,10.0,1.5213427450984036,0
1769772837.3981044,1999.329084199933,0.004769630515,0.0,0.0,1.0,10.0,1.5213660326999334,0
1769772837.4025939,1999.3508601103538,0.004769630515,0.0,0.0,1.0,10.0,1.521387808610354,0
1769772837.4068122,1999.371266897202,0.004769630515,0.0,0.0,1.0,10.0,1.5214082153972024,0
1769772837.4110172,1999.3904297470283,0.004769630515,0.0,0.0,1.0,10.0,1.5214273782470285,0
1769772837.4158957,1999.4084590357884,0.004769630515,0.0,0.0,1.0,10.0,1.5214454075357886,0
1769772837.4186525,1999.4153756211635,0.004769630515,0.0,0.0,1.0,10.0,1.5214523241211637,0
1769772837.4203255,1999.4153756211635,0.004769630515,0.0,0.0,1.0,10.0,1.5214523241211637,0
1769772837.421816,1999.4153756211635,0.004769630515,0.0,0.0,1.0,10.0,1.5214523241211637,0
1769772837.4239697,1999.4153756211635,0.004769630515,0.0,0.0,1.0,10.0,1.5214523241211637,0
1769772837.4255857,1999.4153756211635,0.004769630515,0.0,0.0,1.0,10.0,1.5214523241211637,0
1769772837.4270656,1999.4153756211635,0.004769630515,0.0,0.0,1.0,10.0,1.5214523241211637,0
1769772837.4287803,1999.4153756211635,0.004769630515,0.0,0.0,1.0,10.0,1.5214523241211637,0
1769772837.430319,1999.4153756211635,0.004769630515,0.0,0.0,1.0,10.0,1.5214523241211637,0
1769772837.431933,1999.4153756211635,0.004769630515,0.0,0.0,1.0,10.0,1.5214523241211637,0
1769772837.4335346,1999.4153756211635,0.004769630515,0.0,0.0,1.0,10.0,1.5214523241211637,0
1769772837.4352686,1999.4153756211635,0.004769630515,0.0,0.0,1.0,10.0,1.5214523241211637,0
1769772837.4371843,1999.4153756211635,0.004769630515,0.0,0.0,1.0,10.0,1.5214523241211637,0
1769772837.4389768,1999.4153756211635,0.004769630515,0.0,0.0,1.0,10.0,1.5214523241211637,0
1769772837.4405172,1999.4153756211635,0.004769630515,0.0,0.0,1.0,10.0,1.5214523241211637,0
1769772837.442031,1999.4153756211635,0.004769630515,0.0,0.0,1.0,10.0,1.5214523241211637,0
1769772837.4434202,1999.4153756211635,0.004769630515,0.0,0.0,1.0,10.0,1.5214523241211637,0
1769772837.4452941,1999.4153756211635,0.004769630515,0.0,0.0,1.0,10.0,1.5214523241211637,0
1769772837.4467149,1999.4153756211635,0.004769630515,0.0,0.0,1.0,10.0,1.5214523241211637,0
1769772837.4483922,1999.4153756211635,0.004769630515,0.0,0.0,1.0,10.0,1.5214523241211637,0
1769772837.4499197,1999.4153756211635,0.004769630515,0.0,0.0,1.0,10.0,1.5214523241211637,0
1769772837.4514418,1999.4153756211635,0.004769630515,0.0,0.0,1.0,10.0,1.5214523241211637,0
1769772837.452575,1999.4153756211635,0.004769630515,0.0,0.0,1.0,10.0,1.5214523241211637,0
1769772837.4569066,1225.3521126760563,0.004166058307,0.0,0.0,1.0,10.0,0.8077462819760562,0
1769772837.4621863,1238.7543252595156,0.004166058307,0.0,0.0,1.0,10.0,0.8211484945595157,0
1769772837.4660392,1251.700680272109,0.004166058307,0.0,0.0,1.0,10.0,0.8340948495721089,0
1769772837.4706483,1264.2140468227426,0.004166058307,0.0,0.0,1.0,10.0,0.8466082161227425,0
1769772837.474611,1276.3157894736842,0.004166058307,0.0,0.0,1.0,10.0,0.8587099587736843,0
1769772837.4781747,1288.0258899676376,0.004166058307,0.0,0.0,1.0,10.0,0.8704200592676375,0
1769772837.4818335,1299.3630573248406,0.004166058307,0.0,0.0,1.0,10.0,0.8817572266248407,0
1769772837.4853897,1310.344827586207,0.004166058307,0.0,0.0,1.0,10.0,0.8927389968862071,0
1769772837.4885905,1320.9876543209878,0.004166058307,0.0,0.0,1.0,10.0,0.9033818236209877,0
1769772837.4919817,1331.306990881459,0.004166058307,0.0,0.0,1.0,10.0,0.913701160181459,0
1769772837.4950883,1341.317365269461,0.004166058307,0.0,0.0,1.0,10.0,0.9237115345694612,0
1769772837.498224,1351.032448377581,0.004166058307,0.0,0.0,1.0,10.0,0.9334266176775811,0
1769772837.5014958,1360.46511627907,0.004166058307,0.0,0.0,1.0,10.0,0.94285928557907,0
1769772837.5048113,1369.6275071633238,0.004166058307,0.0,0.0,1.0,10.0,0.9520216764633239,0
1769772837.5092833,1378.5310734463276,0.004166058307,0.0,0.0,1.0,10.0,0.9609252427463276,0
1769772837.513339,1387.1866295264624,0.004166058307,0.0,0.0,1.0,10.0,0.9695807988264625,0
1769772837.5157778,1390.5817174515237,0.004166058307,0.0,0.0,1.0,10.0,0.9729758867515236,0
1769772837.5170507,1390.5817174515237,0.004166058307,0.0,0.0,1.0,10.0,0.9729758867515236,0
1769772837.5182931,1390.5817174515237,0.004166058307,0.0,0.0,1.0,10.0,0.9729758867515236,0
1769772837.5201678,1390.5817174515237,0.004166058307,0.0,0.0,1.0,10.0,0.9729758867515236,0
1769772837.5234475,1310.11177540941,0.004295093494,0.0,0.0,1.0,10.0,0.8796024260094101,0
1769772837.5270147,1318.9633051064923,0.004295093494,0.0,0.0,1.0,10.0,0.8884539557064924,0
1769772837.5301902,1327.5905751203445,0.004295093494,0.0,0.0,1.0,10.0,0.8970812257203445,0
1769772837.5335906,1336.002001501126,0.004295093494,0.0,0.0,1.0,10.0,0.9054926521011261,0
1769772837.5370903,1344.205584383494,0.004295093494,0.0,0.0,1.0,10.0,0.913696234983494,0
1769772837.5407467,1352.2089333658776,0.004295093494,0.0,0.0,1.0,10.0,0.9216995839658776,0
1769772837.5438826,1360.0192910537737,0.004295093494,0.0,0.0,1.0,10.0,0.9295099416537739,0
1769772837.5484786,1367.643554920181,0.004295093494,0.0,0.0,1.0,10.0,0.9371342055201811,0
1769772837.5520637,1375.0882976218506,0.004295093494,0.0,0.0,1.0,10.0,0.9445789482218506,0
1769772837.5568771,1382.3597858971377,0.004295093494,0.0,0.0,1.0,10.0,0.9518504364971377,0
1769772837.5610523,1389.4639981596504,0.004295093494,0.0,0.0,1.0,10.0,0.9589546487596504,0
1769772837.5652688,1396.4066408915169,0.004295093494,0.0,0.0,1.0,10.0,0.965897291491517,0
1769772837.5740938,1403.1931639307397,0.004295093494,0.0,0.0,1.0,10.0,0.9726838145307398,0
1769772837.578851,1409.8287747387146,0.004295093494,0.0,0.0,1.0,10.0,0.9793194253387146,0
1769772837.5837018,1416.318451726413,0.004295093494,0.0,0.0,1.0,10.0,0.9858091023264132,0
1769772837.586483,1420.1441992571554,0.004295093494,0.0,0.0,1.0,10.0,0.9896348498571556,0
1769772837.5886595,1402.6029902118962,0.00430443737,0.0,0.0,1.0,10.0,0.9711592532118961,0
1769772837.5930214,1408.9603064807918,0.00430443737,0.0,0.0,1.0,10.0,0.9775165694807918,0
1769772837.5977862,1415.18374223439,0.00430443737,0.0,0.0,1.0,10.0,0.98374000523439,0
1769772837.601162,1421.2774825466292,0.00430443737,0.0,0.0,1.0,10.0,0.9898337455466292,0
1769772837.604718,1427.245539857688,0.00430443737,0.0,0.0,1.0,10.0,0.9958018028576882,0
1769772837.60805,1433.0917627845258,0.00430443737,0.0,0.0,1.0,10.0,1.001648025784526,0
1769772837.6114678,1438.8198443972922,0.00430443737,0.0,0.0,1.0,10.0,1.0073761073972922,0
1769772837.6147122,1444.4333299989996,0.00430443737,0.0,0.0,1.0,10.0,1.0129895929989998,0
1769772837.6184738,1449.9356244429039,0.00430443737,0.0,0.0,1.0,10.0,1.0184918874429039,0
1769772837.6230333,1455.3299990193195,0.00430443737,0.0,0.0,1.0,10.0,1.0238862620193196,0
1769772837.628841,1460.6195979411477,0.00430443737,0.0,0.0,1.0,10.0,1.0291758609411479,0
1769772837.63313,1465.8074444551312,0.00430443737,0.0,0.0,1.0,10.0,1.0343637074551313,0
1769772837.6377254,1470.8964466037917,0.00430443737,0.0,0.0,1.0,10.0,1.0394527096037918,0
1769772837.6426363,1475.8894026611306,0.00430443737,0.0,0.0,1.0,10.0,1.0444456656611307,0
1769772837.647386,1480.7890062634385,0.00430443737,0.0,0.0,1.0,10.0,1.0493452692634386,0
1769772837.651551,1485.5978512549782,0.00430443737,0.0,0.0,1.0,10.0,1.0541541142549782,0
1769772837.655459,1490.3184362668624,0.00430443737,0.0,0.0,1.0,10.0,1.0588746992668625,0
1769772837.6578252,1490.3184362668624,0.00430443737,0.0,0.0,1.0,10.0,1.0588746992668625,0
1769772837.661449,1482.4165915238955,0.004369461034,0.0,0.0,1.0,10.0,1.0444704881238958,0
1769772837.6649191,1487.0420017873103,0.004369461034,0.0,0.0,1.0,10.0,1.0490958983873104,0
1769772837.6680415,1491.585473870682,0.004369461034,0.0,0.0,1.0,10.0,1.0536393704706823,0
1769772837.670279,1494.273127753304,0.004369461034,0.0,0.0,1.0,10.0,1.056327024353304,0
1769772837.6716468,1494.273127753304,0.004369461034,0.0,0.0,1.0,10.0,1.056327024353304,0
1769772837.6730957,1494.273127753304,0.004369461034,0.0,0.0,1.0,10.0,1.056327024353304,0
1769772837.6744306,1494.273127753304,0.004369461034,0.0,0.0,1.0,10.0,1.056327024353304,0
1769772837.675753,1494.273127753304,0.004369461034,0.0,0.0,1.0,10.0,1.056327024353304,0
1769772837.6772747,1494.273127753304,0.004369461034,0.0,0.0,1.0,10.0,1.056327024353304,0
1769772837.678516,1494.273127753304,0.004369461034,0.0,0.0,1.0,10.0,1.056327024353304,0
1769772837.6817753,1418.5335207076134,0.004196255226,0.0,0.0,1.0,10.0,0.9979079981076134,0
1769772837.6851246,1423.3008116750023,0.004196255226,0.0,0.0,1.0,10.0,1.0026752890750024,0
1769772837.6899004,1427.9905668049116,0.004196255226,0.0,0.0,1.0,10.0,1.0073650442049116,0
1769772837.6941144,1432.604662418327,0.004196255226,0.0,0.0,1.0,10.0,1.011979139818327,0
1769772837.6980612,1437.1449147795472,0.004196255226,0.0,0.0,1.0,10.0,1.0165193921795472,0
1769772837.7024057,1441.6130824799557,0.004196255226,0.0,0.0,1.0,10.0,1.0209875598799558,0
1769772837.7070086,1446.010868709144,0.004196255226,0.0,0.0,1.0,10.0,1.025385346109144,0
1769772837.710856,1450.3399234195515,0.004196255226,0.0,0.0,1.0,10.0,1.0297144008195516,0
1769772837.715105,1454.6018453904007,0.004196255226,0.0,0.0,1.0,10.0,1.0339763227904009,0
1769772837.718839,1458.798184196353,0.004196255226,0.0,0.0,1.0,10.0,1.0381726615963531,0
1769772837.7217948,1462.930442085974,0.004196255226,0.0,0.0,1.0,10.0,1.042304919485974,0
1769772837.7249262,1467.0000757747973,0.004196255226,0.0,0.0,1.0,10.0,1.0463745531747974,0
1769772837.7278998,1471.0084981574792,0.004196255226,0.0,0.0,1.0,10.0,1.0503829755574792,0
1769772837.7317133,1474.9570799432709,0.004196255226,0.0,0.0,1.0,10.0,1.054331557343271,0
1769772837.7363572,1478.8471512187893,0.004196255226,0.0,0.0,1.0,10.0,1.0582216286187893,0
1769772837.7405612,1482.6800029418255,0.004196255226,0.0,0.0,1.0,10.0,1.0620544803418255,0
1769772837.7445483,1486.4568883697161,0.004196255226,0.0,0.0,1.0,10.0,1.0658313657697163,0
1769772837.7512496,1490.1790244255997,0.004196255226,0.0,0.0,1.0,10.0,1.0695535018255997,0
1769772837.7562048,1493.8475930056848,0.004196255226,0.0,0.0,1.0,10.0,1.0732220704056847,0
1769772837.7599032,1497.463742230478,0.004196255226,0.0,0.0,1.0,10.0,1.076838219630478,0
1769772837.7646956,1501.0285876427608,0.004196255226,0.0,0.0,1.0,10.0,1.080403065042761,0
1769772837.7687182,1504.5432133549343,0.004196255226,0.0,0.0,1.0,10.0,1.0839176907549344,0
1769772837.7718308,1508.008673148213,0.004196255226,0.0,0.0,1.0,10.0,1.087383150548213,0
1769772837.7749813,1511.4259915260122,0.004196255226,0.0,0.0,1.0,10.0,1.0908004689260122,0
1769772837.7788887,1514.796164723736,0.004196255226,0.0,0.0,1.0,10.0,1.094170642123736,0
1769772837.780683,1515.464627677895,0.004196255226,0.0,0.0,1.0,10.0,1.094839105077895,0
1769772837.7816947,1515.464627677895,0.004196255226,0.0,0.0,1.0,10.0,1.094839105077895,0
1769772837.782655,1515.464627677895,0.004196255226,0.0,0.0,1.0,10.0,1.094839105077895,0
1769772837.7836227,1515.464627677895,0.004196255226,0.0,0.0,1.0,10.0,1.094839105077895,0
1769772837.7845962,1515.464627677895,0.004196255226,0.0,0.0,1.0,10.0,1.094839105077895,0
1769772837.7856011,1515.464627677895,0.004196255226,0.0,0.0,1.0,10.0,1.094839105077895,0
1769772837.7865598,1515.464627677895,0.004196255226,0.0,0.0,1.0,10.0,1.094839105077895,0
1769772837.7875469,1515.464627677895,0.004196255226,0.0,0.0,1.0,10.0,1.094839105077895,0
1769772837.7886295,1515.464627677895,0.004196255226,0.0,0.0,1.0,10.0,1.094839105077895,0
1769772837.7897463,1515.464627677895,0.004196255226,0.0,0.0,1.0,10.0,1.094839105077895,0
1769772837.7907093,1515.464627677895,0.004196255226,0.0,0.0,1.0,10.0,1.094839105077895,0
1769772837.79252,1515.464627677895,0.004196255226,0.0,0.0,1.0,10.0,1.094839105077895,0
1769772837.7939622,1515.464627677895,0.004196255226,0.0,0.0,1.0,10.0,1.094839105077895,0
1769772837.7954,1515.464627677895,0.004196255226,0.0,0.0,1.0,10.0,1.094839105077895,0
1769772837.797096,1515.464627677895,0.004196255226,0.0,0.0,1.0,10.0,1.094839105077895,0
1769772837.7985983,1515.464627677895,0.004196255226,0.0,0.0,1.0,10.0,1.094839105077895,0
1769772837.8003268,1515.464627677895,0.004196255226,0.0,0.0,1.0,10.0,1.094839105077895,0
1769772837.8035662,1362.5184456468273,0.004087871896,0.0,0.0,1.0,10.0,0.9527312560468274,0
1769772837.8073928,1361.639824304539,0.004197637421,0.0,0.0,1.0,10.0,0.9408760822045389,0
1769772837.8111572,1365.5105505699732,0.004197637421,0.0,0.0,1.0,10.0,0.9447468084699732,0
1769772837.8161564,1369.3346190935392,0.004197637421,0.0,0.0,1.0,10.0,0.9485708769935391,0
1769772837.819903,1373.1128684399712,0.004197637421,0.0,0.0,1.0,10.0,0.9523491263399712,0
1769772837.823837,1376.8461171986662,0.004197637421,0.0,0.0,1.0,10.0,0.9560823750986663,0
1769772837.8267436,1380.5351645749467,0.004197637421,0.0,0.0,1.0,10.0,0.9597714224749468,0
1769772837.8297157,1384.180790960452,0.004197637421,0.0,0.0,1.0,10.0,0.963417048860452,0
1769772837.8328154,1387.783758483501,0.004197637421,0.0,0.0,1.0,10.0,0.9670200163835011,0
1769772837.8356109,1391.3448115402512,0.004197637421,0.0,0.0,1.0,10.0,0.9705810694402511,0
1769772837.839157,1392.757660167131,0.004197637421,0.0,0.0,1.0,10.0,0.971993918067131,0
1769772837.8406773,1392.757660167131,0.004197637421,0.0,0.0,1.0,10.0,0.971993918067131,0
1769772837.8419933,1392.757660167131,0.004197637421,0.0,0.0,1.0,10.0,0.971993918067131,0
1769772837.8433027,1392.757660167131,0.004197637421,0.0,0.0,1.0,10.0,0.971993918067131,0
1769772837.8445556,1392.757660167131,0.004197637421,0.0,0.0,1.0,10.0,0.971993918067131,0
1769772837.8458998,1392.757660167131,0.004197637421,0.0,0.0,1.0,10.0,0.971993918067131,0
1769772837.8470461,1392.757660167131,0.004197637421,0.0,0.0,1.0,10.0,0.971993918067131,0
1769772837.8480635,1392.757660167131,0.004197637421,0.0,0.0,1.0,10.0,0.971993918067131,0
1769772837.849213,1392.757660167131,0.004197637421,0.0,0.0,1.0,10.0,0.971993918067131,0
1769772837.8503885,1392.757660167131,0.004197637421,0.0,0.0,1.0,10.0,0.971993918067131,0
1769772837.852229,1392.757660167131,0.004197637421,0.0,0.0,1.0,10.0,0.971993918067131,0
1769772837.854843,1392.757660167131,0.004197637421,0.0,0.0,1.0,10.0,0.971993918067131,0
1769772837.8570616,1392.757660167131,0.004197637421,0.0,0.0,1.0,10.0,0.971993918067131,0
1769772837.858577,1392.757660167131,0.004197637421,0.0,0.0,1.0,10.0,0.971993918067131,0
1769772837.8599424,1392.757660167131,0.004197637421,0.0,0.0,1.0,10.0,0.971993918067131,0
1769772837.8613899,1392.757660167131,0.004197637421,0.0,0.0,1.0,10.0,0.971993918067131,0
1769772837.8627274,1392.757660167131,0.004197637421,0.0,0.0,1.0,10.0,0.971993918067131,0
1769772837.8640597,1392.757660167131,0.004197637421,0.0,0.0,1.0,10.0,0.971993918067131,0
1769772837.8673162,1261.7899811360303,0.004864644192,0.0,0.0,1.0,10.0,0.7743255619360303,0
1769772837.8711572,1265.6380316930774,0.004864644192,0.0,0.0,1.0,10.0,0.7781736124930776,0
1769772837.8741274,1269.446172993155,0.004864644192,0.0,0.0,1.0,10.0,0.781981753793155,0
1769772837.8756385,1270.203066721923,0.004864644192,0.0,0.0,1.0,10.0,0.7827386475219231,0
1769772837.876632,1270.203066721923,0.004864644192,0.0,0.0,1.0,10.0,0.7827386475219231,0
1769772837.8776834,1270.203066721923,0.004864644192,0.0,0.0,1.0,10.0,0.7827386475219231,0
1769772837.878599,1270.203066721923,0.004864644192,0.0,0.0,1.0,10.0,0.7827386475219231,0
1769772837.8796437,1270.203066721923,0.004864644192,0.0,0.0,1.0,10.0,0.7827386475219231,0
1769772837.881441,1270.203066721923,0.004864644192,0.0,0.0,1.0,10.0,0.7827386475219231,0
1769772837.883427,1270.203066721923,0.004864644192,0.0,0.0,1.0,10.0,0.7827386475219231,0
1769772837.9809606,0.0,0.0,0.0,0.0,1.0,0.0,0.0,0
1769772837.9864426,2083.3333333333335,0.0044604430339999996,0.0,0.0,1.0,10.0,1.6362890299333337,0
1769772837.9906433,2040.816326530612,0.0044604430339999996,0.0,0.0,1.0,10.0,1.5937720231306125,0
1769772837.9969757,2027.027027027027,0.0044604430339999996,0.0,0.0,1.0,10.0,1.5799827236270274,0
1769772838.0013018,2020.20202020202,0.0044604430339999996,0.0,0.0,1.0,10.0,1.5731577168020205,0
1769772838.0053134,2016.1290322580646,0.0044604430339999996,0.0,0.0,1.0,10.0,1.5690847288580647,0
1769772838.0093925,2013.4228187919464,0.0044604430339999996,0.0,0.0,1.0,10.0,1.5663785153919467,0
1769772838.0132852,2011.4942528735633,0.0044604430339999996,0.0,0.0,1.0,10.0,1.5644499494735635,0
1769772838.0170774,2010.0502512562816,0.0044604430339999996,0.0,0.0,1.0,10.0,1.5630059478562819,0
1769772838.0227072,2008.9285714285713,0.0044604430339999996,0.0,0.0,1.0,10.0,1.5618842680285714,0
1769772838.0283728,2008.0321285140562,0.0044604430339999996,0.0,0.0,1.0,10.0,1.5609878251140565,0
1769772838.032987,2007.2992700729926,0.0044604430339999996,0.0,0.0,1.0,10.0,1.5602549666729928,0
1769772838.0381937,2006.6889632107025,0.0044604430339999996,0.0,0.0,1.0,10.0,1.5596446598107025,0
1769772838.0440392,2006.1728395061727,0.0044604430339999996,0.0,0.0,1.0,10.0,1.559128536106173,0
1769772838.0486205,2005.730659025788,0.0044604430339999996,0.0,0.0,1.0,10.0,1.5586863556257882,0
1769772838.0562978,2005.3475935828876,0.0044604430339999996,0.0,0.0,1.0,10.0,1.558303290182888,0
1769772838.0621085,2005.012531328321,0.0044604430339999996,0.0,0.0,1.0,10.0,1.5579682279283213,0
1769772838.0666552,2004.7169811320755,0.0044604430339999996,0.0,0.0,1.0,10.0,1.557672677732076,0
1769772838.0712879,2004.4543429844098,0.0044604430339999996,0.0,0.0,1.0,10.0,1.55741003958441,0
1769772838.075639,2004.2194092827006,0.0044604430339999996,0.0,0.0,1.0,10.0,1.5571751058827008,0
1769772838.0816834,2004.0080160320642,0.0044604430339999996,0.0,0.0,1.0,10.0,1.5569637126320646,0
1769772838.0874722,2003.8167938931297,0.0044604430339999996,0.0,0.0,1.0,10.0,1.5567724904931297,0
1769772838.090351,2003.780718336484,0.0044604430339999996,0.0,0.0,1.0,10.0,1.5567364149364842,0
1769772838.0920367,2003.780718336484,0.0044604430339999996,0.0,0.0,1.0,10.0,1.5567364149364842,0
1769772838.093493,2003.780718336484,0.0044604430339999996,0.0,0.0,1.0,10.0,1.5567364149364842,0
1769772838.0949163,2003.780718336484,0.0044604430339999996,0.0,0.0,1.0,10.0,1.5567364149364842,0
1769772838.0993154,1705.4263565891472,0.004692585631,0.0,0.0,1.0,10.0,1.2351677934891474,0
1769772838.1033423,1716.4179104477612,0.004692585631,0.0,0.0,1.0,10.0,1.2461593473477615,0
1769772838.1046994,1718.5185185185187,0.004692585631,0.0,0.0,1.0,10.0,1.248259955418519,0
1769772838.1059453,1718.5185185185187,0.004692585631,0.0,0.0,1.0,10.0,1.248259955418519,0
1769772838.1092956,1592.5058548009367,0.004144737173,0.0,0.0,1.0,10.0,1.177032137500937,0
1769772838.113268,1605.6976367756556,0.004144737173,0.0,0.0,1.0,10.0,1.1902239194756559,0
1769772838.1170573,1618.0620884289747,0.004144737173,0.0,0.0,1.0,10.0,1.2025883711289749,0
1769772838.1210055,1629.674673152934,0.004144737173,0.0,0.0,1.0,10.0,1.2142009558529343,0
1769772838.1250632,1640.601947477132,0.004144737173,0.0,0.0,1.0,10.0,1.2251282301771322,0
1769772838.1289856,1650.902837489252,0.004144737173,0.0,0.0,1.0,10.0,1.2354291201892522,0
1769772838.1328714,1660.6297018668154,0.004144737173,0.0,0.0,1.0,10.0,1.2451559845668156,0
1769772838.1372669,1669.8292220113851,0.004144737173,0.0,0.0,1.0,10.0,1.2543555047113852,0
1769772838.1420894,1678.5431512272366,0.004144737173,0.0,0.0,1.0,10.0,1.2630694339272368,0
1769772838.146454,1686.8089483157626,0.004144737173,0.0,0.0,1.0,10.0,1.2713352310157628,0
1769772838.150818,1694.660315868639,0.004144737173,0.0,0.0,1.0,10.0,1.279186598568639,0
1769772838.156979,1702.1276595744682,0.004144737173,0.0,0.0,1.0,10.0,1.2866539422744685,0
1769772838.1614945,1709.238481737885,0.004144737173,0.0,0.0,1.0,10.0,1.2937647644378851,0
1769772838.1669848,1716.0177197481933,0.004144737173,0.0,0.0,1.0,10.0,1.3005440024481936,0
1769772838.1734743,1722.4880382775118,0.004144737173,0.0,0.0,1.0,10.0,1.307014320977512,0
1769772838.1795454,1728.6700824237025,0.004144737173,0.0,0.0,1.0,10.0,1.3131963651237026,0
1769772838.185325,1734.5826977555025,0.004144737173,0.0,0.0,1.0,10.0,1.3191089804555027,0
1769772838.1906703,1740.2431222008956,0.004144737173,0.0,0.0,1.0,10.0,1.3247694049008958,0
1769772838.19612,1745.6671538943413,0.004144737173,0.0,0.0,1.0,10.0,1.3301934365943415,0
1769772838.2020025,1750.8692984250358,0.004144737173,0.0,0.0,1.0,10.0,1.335395581125036,0
1769772838.2063706,1755.8628983764281,0.004144737173,0.0,0.0,1.0,10.0,1.3403891810764283,0
1769772838.2112024,1760.6602475928476,0.004144737173,0.0,0.0,1.0,10.0,1.3451865302928478,0
1769772838.2178009,1765.272692233571,0.004144737173,0.0,0.0,1.0,10.0,1.3497989749335713,0
1769772838.2234428,1769.7107203630176,0.004144737173,0.0,0.0,1.0,10.0,1.3542370030630178,0
1769772838.2276618,1773.984041566153,0.004144737173,0.0,0.0,1.0,10.0,1.3585103242661534,0
1769772838.2341585,1778.101657861177,0.004144737173,0.0,0.0,1.0,10.0,1.3626279405611772,0
1769772838.239416,1782.0719269994634,0.004144737173,0.0,0.0,1.0,10.0,1.3665982096994636,0
1769772838.2452667,1785.9026190894708,0.004144737173,0.0,0.0,1.0,10.0,1.370428901789471,0
1769772838.2525146,1789.6009673518743,0.004144737173,0.0,0.0,1.0,10.0,1.3741272500518744,0
1769772838.2596028,1793.173713703515,0.004144737173,0.0,0.0,1.0,10.0,1.3776999964035153,0
1769772838.2668152,1796.6271497745868,0.004144737173,0.0,0.0,1.0,10.0,1.3811534324745869,0
1769772838.2713563,1799.9671538840535,0.004144737173,0.0,0.0,1.0,10.0,1.3844934365840538,0
1769772838.2760122,1803.199224430441,0.004144737173,0.0,0.0,1.0,10.0,1.3877255071304413,0
1769772838.280367,1806.328510096995,0.004144737173,0.0,0.0,1.0,10.0,1.3908547927969952,0
1769772838.2842188,1809.3598372202223,0.004144737173,0.0,0.0,1.0,10.0,1.3938861199202226,0
1769772838.288068,1812.2977346278317,0.004144737173,0.0,0.0,1.0,10.0,1.396824017327832,0
1769772838.2926583,1815.1464562149038,0.004144737173,0.0,0.0,1.0,10.0,1.399672738914904,0
1769772838.296004,1817.9100014949918,0.004144737173,0.0,0.0,1.0,10.0,1.402436284194992,0
1769772838.2997313,1820.5921343349537,0.004144737173,0.0,0.0,1.0,10.0,1.405118417034954,0
1769772838.3061082,1823.1964000580635,0.004144737173,0.0,0.0,1.0,10.0,1.4077226827580638,0
1769772838.3107483,1825.7261410788383,0.004144737173,0.0,0.0,1.0,10.0,1.4102524237788385,0
1769772838.3165379,1828.184511214558,0.004144737173,0.0,0.0,1.0,10.0,1.4127107939145582,0
1769772838.322269,1830.5744888023369,0.004144737173,0.0,0.0,1.0,10.0,1.4151007715023372,0
1769772838.325991,1832.8988887364524,0.004144737173,0.0,0.0,1.0,10.0,1.4174251714364525,0
1769772838.330316,1835.1603735282176,0.004144737173,0.0,0.0,1.0,10.0,1.4196866562282178,0
1769772838.3351378,1837.3614634797705,0.004144737173,0.0,0.0,1.0,10.0,1.4218877461797708,0
1769772838.3396537,1839.5045460534986,0.004144737173,0.0,0.0,1.0,10.0,1.4240308287534988,0
1769772838.3437512,1841.5918845103395,0.004144737173,0.0,0.0,1.0,10.0,1.4261181672103398,0
1769772838.3479393,1843.6256258826552,0.004144737173,0.0,0.0,1.0,10.0,1.4281519085826555,0
1769772838.3543453,1845.6078083407276,0.004144737173,0.0,0.0,1.0,10.0,1.4301340910407279,0
1769772838.358997,1847.5403680060083,0.004144737173,0.0,0.0,1.0,10.0,1.4320666507060085,0
1769772838.3626287,1849.4251452589936,0.004144737173,0.0,0.0,1.0,10.0,1.4339514279589938,0
1769772838.3679852,1851.263890584931,0.004144737173,0.0,0.0,1.0,10.0,1.4357901732849312,0
1769772838.3702807,1851.9868756835583,0.004144737173,0.0,0.0,1.0,10.0,1.4365131583835584,0
1769772838.3713796,1851.9868756835583,0.004144737173,0.0,0.0,1.0,10.0,1.4365131583835584,0
1769772838.3729515,1851.9868756835583,0.004144737173,0.0,0.0,1.0,10.0,1.4365131583835584,0
1769772838.374336,1851.9868756835583,0.004144737173,0.0,0.0,1.0,10.0,1.4365131583835584,0
1769772838.3765268,1763.9608520437534,0.004892072352,0.0,0.0,1.0,10.0,1.2737536168437535,0
1769772838.377743,1763.9608520437534,0.004892072352,0.0,0.0,1.0,10.0,1.2737536168437535,0
1769772838.3788068,1763.9608520437534,0.004892072352,0.0,0.0,1.0,10.0,1.2737536168437535,0
1769772838.3802023,1763.9608520437534,0.004892072352,0.0,0.0,1.0,10.0,1.2737536168437535,0
1769772838.3814716,1763.9608520437534,0.004892072352,0.0,0.0,1.0,10.0,1.2737536168437535,0
1769772838.3824897,1763.9608520437534,0.004892072352,0.0,0.0,1.0,10.0,1.2737536168437535,0
1769772838.3835416,1763.9608520437534,0.004892072352,0.0,0.0,1.0,10.0,1.2737536168437535,0
1769772838.3845603,1763.9608520437534,0.004892072352,0.0,0.0,1.0,10.0,1.2737536168437535,0
1769772838.385684,1763.9608520437534,0.004892072352,0.0,0.0,1.0,10.0,1.2737536168437535,0
1769772838.3868785,1763.9608520437534,0.004892072352,0.0,0.0,1.0,10.0,1.2737536168437535,0
1769772838.3889263,1763.9608520437534,0.004892072352,0.0,0.0,1.0,10.0,1.2737536168437535,0
1769772838.3901463,1763.9608520437534,0.004892072352,0.0,0.0,1.0,10.0,1.2737536168437535,0
1769772838.391171,1763.9608520437534,0.004892072352,0.0,0.0,1.0,10.0,1.2737536168437535,0
1769772838.3921952,1763.9608520437534,0.004892072352,0.0,0.0,1.0,10.0,1.2737536168437535,0
1769772838.3931859,1763.9608520437534,0.004892072352,0.0,0.0,1.0,10.0,1.2737536168437535,0
1769772838.3946443,1763.9608520437534,0.004892072352,0.0,0.0,1.0,10.0,1.2737536168437535,0
1769772838.3963099,1763.9608520437534,0.004892072352,0.0,0.0,1.0,10.0,1.2737536168437535,0
1769772838.3975708,1763.9608520437534,0.004892072352,0.0,0.0,1.0,10.0,1.2737536168437535,0
1769772838.3990023,1763.9608520437534,0.004892072352,0.0,0.0,1.0,10.0,1.2737536168437535,0
1769772838.4004338,1763.9608520437534,0.004892072352,0.0,0.0,1.0,10.0,1.2737536168437535,0
1769772838.4018831,1763.9608520437534,0.004892072352,0.0,0.0,1.0,10.0,1.2737536168437535,0
1769772838.4032843,1763.9608520437534,0.004892072352,0.0,0.0,1.0,10.0,1.2737536168437535,0
1769772838.4046834,1763.9608520437534,0.004892072352,0.0,0.0,1.0,10.0,1.2737536168437535,0
1769772838.4059188,1763.9608520437534,0.004892072352,0.0,0.0,1.0,10.0,1.2737536168437535,0
1769772838.4070244,1763.9608520437534,0.004892072352,0.0,0.0,1.0,10.0,1.2737536168437535,0
1769772838.4116266,1377.4597495527728,0.004372431102,0.0,0.0,1.0,10.0,0.9392166393527727,0
1769772838.4153454,1382.9787234042553,0.004372431102,0.0,0.0,1.0,10.0,0.9447356132042554,0
1769772838.4188826,1388.4007029876977,0.004372431102,0.0,0.0,1.0,10.0,0.9501575927876976,0
1769772838.4226747,1393.7282229965156,0.004372431102,0.0,0.0,1.0,10.0,0.9554851127965155,0
1769772838.426697,1398.9637305699482,0.004372431102,0.0,0.0,1.0,10.0,0.9607206203699482,0
1769772838.4301517,1404.109589041096,0.004372431102,0.0,0.0,1.0,10.0,0.9658664788410959,0
1769772838.4335265,1409.1680814940578,0.004372431102,0.0,0.0,1.0,10.0,0.9709249712940579,0
1769772838.4358065,1412.162162162162,0.004372431102,0.0,0.0,1.0,10.0,0.973919051962162,0
1769772838.4371307,1412.162162162162,0.004372431102,0.0,0.0,1.0,10.0,0.973919051962162,0
1769772838.4384649,1412.162162162162,0.004372431102,0.0,0.0,1.0,10.0,0.973919051962162,0
1769772838.4397666,1412.162162162162,0.004372431102,0.0,0.0,1.0,10.0,0.973919051962162,0
1769772838.4411156,1412.162162162162,0.004372431102,0.0,0.0,1.0,10.0,0.973919051962162,0
1769772838.4422367,1412.162162162162,0.004372431102,0.0,0.0,1.0,10.0,0.973919051962162,0
1769772838.4433768,1412.162162162162,0.004372431102,0.0,0.0,1.0,10.0,0.973919051962162,0
1769772838.4445164,1412.162162162162,0.004372431102,0.0,0.0,1.0,10.0,0.973919051962162,0
1769772838.4455488,1412.162162162162,0.004372431102,0.0,0.0,1.0,10.0,0.973919051962162,0
1769772838.4468155,1412.162162162162,0.004372431102,0.0,0.0,1.0,10.0,0.973919051962162,0
1769772838.4479446,1412.162162162162,0.004372431102,0.0,0.0,1.0,10.0,0.973919051962162,0
1769772838.4501731,1412.162162162162,0.004372431102,0.0,0.0,1.0,10.0,0.973919051962162,0
1769772838.4523807,1412.162162162162,0.004372431102,0.0,0.0,1.0,10.0,0.973919051962162,0
1769772838.454844,1412.162162162162,0.004372431102,0.0,0.0,1.0,10.0,0.973919051962162,0
1769772838.4565027,1412.162162162162,0.004372431102,0.0,0.0,1.0,10.0,0.973919051962162,0
1769772838.4576042,1412.162162162162,0.004372431102,0.0,0.0,1.0,10.0,0.973919051962162,0
1769772838.4588535,1412.162162162162,0.004372431102,0.0,0.0,1.0,10.0,0.973919051962162,0
1769772838.4601588,1412.162162162162,0.004372431102,0.0,0.0,1.0,10.0,0.973919051962162,0
1769772838.4612718,1412.162162162162,0.004372431102,0.0,0.0,1.0,10.0,0.973919051962162,0
1769772838.4624135,1412.162162162162,0.004372431102,0.0,0.0,1.0,10.0,0.973919051962162,0
1769772838.4635298,1412.162162162162,0.004372431102,0.0,0.0,1.0,10.0,0.973919051962162,0
1769772838.464593,1412.162162162162,0.004372431102,0.0,0.0,1.0,10.0,0.973919051962162,0
1769772838.4657576,1412.162162162162,0.004372431102,0.0,0.0,1.0,10.0,0.973919051962162,0
1769772838.4669712,1412.162162162162,0.004372431102,0.0,0.0,1.0,10.0,0.973919051962162,0
1769772838.470428,1175.4827875734677,0.00465991404,0.0,0.0,1.0,10.0,0.7084913835734677,0
1769772838.4759042,1181.211784324625,0.00465991404,0.0,0.0,1.0,10.0,0.7142203803246249,0
1769772838.480055,1186.8617168092742,0.00465991404,0.0,0.0,1.0,10.0,0.7198703128092742,0
1769772838.4839745,1192.4342105263158,0.00465991404,0.0,0.0,1.0,10.0,0.725442806526316,0
1769772838.4887047,1197.930846719303,0.00465991404,0.0,0.0,1.0,10.0,0.7309394427193031,0
1769772838.4934459,1203.3531638723634,0.00465991404,0.0,0.0,1.0,10.0,0.7363617598723636,0
1769772838.4971998,1208.7026591458502,0.00465991404,0.0,0.0,1.0,10.0,0.7417112551458503,0
1769772838.5009518,1212.9308041677798,0.00465991404,0.0,0.0,1.0,10.0,0.7459394001677798,0
1769772838.5038862,1208.6674176661586,0.0049519702289999995,0.0,0.0,1.0,10.0,0.7124703947661587,0
1769772838.5083873,1213.87663748272,0.0049519702289999995,0.0,0.0,1.0,10.0,0.7176796145827201,0
1769772838.5116534,1219.0177228435027,0.0049519702289999995,0.0,0.0,1.0,10.0,0.7228206999435028,0
1769772838.5154095,1224.092001819245,0.0049519702289999995,0.0,0.0,1.0,10.0,0.7278949789192452,0
1769772838.519448,1229.10076818798,0.0049519702289999995,0.0,0.0,1.0,10.0,0.7329037452879802,0
1769772838.5237062,1234.0452825347957,0.0049519702289999995,0.0,0.0,1.0,10.0,0.7378482596347956,0
1769772838.527319,1238.9267733095405,0.0049519702289999995,0.0,0.0,1.0,10.0,0.7427297504095406,0
1769772838.5308325,1243.7464378443417,0.0049519702289999995,0.0,0.0,1.0,10.0,0.7475494149443417,0
1769772838.5346508,1248.505443332704,0.0049519702289999995,0.0,0.0,1.0,10.0,0.7523084204327041,0
1769772838.5384104,1253.2049277718718,0.0049519702289999995,0.0,0.0,1.0,10.0,0.7570079048718718,0
1769772838.5419354,1257.8460008700515,0.0049519702289999995,0.0,0.0,1.0,10.0,0.7616489779700516,0
1769772838.5455143,1262.4297449200174,0.0049519702289999995,0.0,0.0,1.0,10.0,0.7662327220200175,0
1769772838.5505934,1266.9572156405377,0.0049519702289999995,0.0,0.0,1.0,10.0,0.7707601927405378,0
1769772838.5541875,1271.4294429870051,0.0049519702289999995,0.0,0.0,1.0,10.0,0.7752324200870052,0
1769772838.5576637,1275.8474319325694,0.0049519702289999995,0.0,0.0,1.0,10.0,0.7796504090325694,0
1769772838.5610437,1280.2121632210233,0.0049519702289999995,0.0,0.0,1.0,10.0,0.7840151403210233,0
1769772838.5646856,1284.5245940926247,0.0049519702289999995,0.0,0.0,1.0,10.0,0.7883275711926249,0
1769772838.5681655,1288.7856589839794,0.0049519702289999995,0.0,0.0,1.0,10.0,0.7925886360839794,0
1769772838.5714521,1292.9962702030668,0.0049519702289999995,0.0,0.0,1.0,10.0,0.7967992473030668,0
1769772838.5758934,1297.157318580425,0.0049519702289999995,0.0,0.0,1.0,10.0,0.800960295680425,0
1769772838.5819006,1301.2696740974782,0.0049519702289999995,0.0,0.0,1.0,10.0,0.8050726511974783,0
1769772838.586074,1305.3341864929325,0.0049519702289999995,0.0,0.0,1.0,10.0,0.8091371635929326,0
1769772838.5902746,1309.3516858481291,0.0049519702289999995,0.0,0.0,1.0,10.0,0.8131546629481291,0
1769772838.5951867,1313.3229831522053,0.0049519702289999995,0.0,0.0,1.0,10.0,0.8171259602522053,0
1769772838.5988035,1317.2488708478647,0.0049519702289999995,0.0,0.0,1.0,10.0,0.8210518479478647,0
1769772838.6018145,1321.1301233585355,0.0049519702289999995,0.0,0.0,1.0,10.0,0.8249331004585355,0
1769772838.6051733,1324.9674975976486,0.0049519702289999995,0.0,0.0,1.0,10.0,0.8287704746976486,0
1769772838.6085985,1328.7617334607385,0.0049519702289999995,0.0,0.0,1.0,10.0,0.8325647105607384,0
1769772838.612054,1332.5135543010454,0.0049519702289999995,0.0,0.0,1.0,10.0,0.8363165314010453,0
1769772838.6153374,1336.2236673892503,0.0049519702289999995,0.0,0.0,1.0,10.0,0.8400266444892502,0
1769772838.6198652,1339.892764357968,0.0049519702289999995,0.0,0.0,1.0,10.0,0.8436957414579679,0
1769772838.6236339,1343.5215216315762,0.0049519702289999995,0.0,0.0,1.0,10.0,0.8473244987315763,0
1769772838.6269648,1347.110600841944,0.0049519702289999995,0.0,0.0,1.0,10.0,0.850913577941944,0
1769772838.6305141,1350.660649230602,0.0049519702289999995,0.0,0.0,1.0,10.0,0.8544636263306021,0
1769772838.6337109,1354.1723000378563,0.0049519702289999995,0.0,0.0,1.0,10.0,0.8579752771378563,0
1769772838.637407,1357.6461728793502,0.0049519702289999995,0.0,0.0,1.0,10.0,0.8614491499793503,0
1769772838.642706,1361.0828741105345,0.0049519702289999995,0.0,0.0,1.0,10.0,0.8648858512105345,0
1769772838.6470008,1364.482997179501,0.0049519702289999995,0.0,0.0,1.0,10.0,0.8682859742795009,0
1769772838.651448,1367.8471229686095,0.0049519702289999995,0.0,0.0,1.0,10.0,0.8716501000686095,0
1769772838.655334,1371.1758201253226,0.0049519702289999995,0.0,0.0,1.0,10.0,0.8749787972253226,0
1769772838.6586564,1374.469645382641,0.0049519702289999995,0.0,0.0,1.0,10.0,0.878272622482641,0
1769772838.662294,1377.7291438695222,0.0049519702289999995,0.0,0.0,1.0,10.0,0.8815321209695223,0
1769772838.6666763,1380.9548494116427,0.0049519702289999995,0.0,0.0,1.0,10.0,0.8847578265116428,0
1769772838.6710706,1384.1472848228561,0.0049519702289999995,0.0,0.0,1.0,10.0,0.8879502619228562,0
1769772838.6750288,1387.3069621876764,0.0049519702289999995,0.0,0.0,1.0,10.0,0.8911099392876763,0
1769772838.6791255,1390.434383135113,0.0049519702289999995,0.0,0.0,1.0,10.0,0.8942373602351129,0
1769772838.6840081,1393.5300391041594,0.0049519702289999995,0.0,0.0,1.0,10.0,0.8973330162041594,0
1769772838.6888955,1396.5944116012329,0.0049519702289999995,0.0,0.0,1.0,10.0,0.900397388701233,0
1769772838.69345,1399.6279724498518,0.0049519702289999995,0.0,0.0,1.0,10.0,0.9034309495498517,0
1769772838.698635,1402.6311840328149,0.0049519702289999995,0.0,0.0,1.0,10.0,0.9064341611328149,0
1769772838.796737,0.0,0.0,0.0,0.0,1.0,0.0,0.0,0
1769772838.803552,2040.816326530612,0.004232936387,0.0,0.0,1.0,10.0,1.6165226878306123,0
1769772838.8109534,2020.20202020202,0.004232936387,0.0,0.0,1.0,10.0,1.5959083815020203,0
1769772838.8159652,2013.4228187919464,0.004232936387,0.0,0.0,1.0,10.0,1.5891291800919465,0
1769772838.8205926,2010.0502512562816,0.004232936387,0.0,0.0,1.0,10.0,1.5857566125562816,0
1769772838.8236802,2008.0321285140562,0.004232936387,0.0,0.0,1.0,10.0,1.5837384898140563,0
1769772838.8266275,2006.6889632107025,0.004232936387,0.0,0.0,1.0,10.0,1.5823953245107023,0
1769772838.8277934,2006.6889632107025,0.004232936387,0.0,0.0,1.0,10.0,1.5823953245107023,0
1769772838.8294182,1557.7889447236182,0.004553744609,0.0,0.0,1.0,10.0,1.1014144838236182,0
1769772838.8304908,1557.7889447236182,0.004553744609,0.0,0.0,1.0,10.0,1.1014144838236182,0
1769772838.8316114,1557.7889447236182,0.004553744609,0.0,0.0,1.0,10.0,1.1014144838236182,0
1769772838.8330922,1557.7889447236182,0.004553744609,0.0,0.0,1.0,10.0,1.1014144838236182,0
1769772838.834395,1557.7889447236182,0.004553744609,0.0,0.0,1.0,10.0,1.1014144838236182,0
1769772838.8357003,1557.7889447236182,0.004553744609,0.0,0.0,1.0,10.0,1.1014144838236182,0
1769772838.8368778,1557.7889447236182,0.004553744609,0.0,0.0,1.0,10.0,1.1014144838236182,0
1769772838.8396034,1557.7889447236182,0.004553744609,0.0,0.0,1.0,10.0,1.1014144838236182,0
1769772838.841223,1557.7889447236182,0.004553744609,0.0,0.0,1.0,10.0,1.1014144838236182,0
1769772838.846535,831.84789067142,0.0041113918269999996,0.0,0.0,1.0,10.0,0.4197087079714201,0
1769772838.852375,897.36399326977,0.0041113918269999996,0.0,0.0,1.0,10.0,0.4852248105697702,0
1769772838.857536,955.9214020180563,0.0041113918269999996,0.0,0.0,1.0,10.0,0.5437822193180564,0
1769772838.8606749,1008.5728693898135,0.0041113918269999996,0.0,0.0,1.0,10.0,0.5964336866898136,0
1769772838.865233,1056.1689870379262,0.0041113918269999996,0.0,0.0,1.0,10.0,0.6440298043379263,0
1769772838.868713,1099.4044892349978,0.0041113918269999996,0.0,0.0,1.0,10.0,0.6872653065349977,0
1769772838.8720138,1138.8523872098117,0.0041113918269999996,0.0,0.0,1.0,10.0,0.7267132045098118,0
1769772838.8750045,1174.9895090222408,0.0041113918269999996,0.0,0.0,1.0,10.0,0.7628503263222409,0
1769772838.878373,1208.2158679017318,0.0041113918269999996,0.0,0.0,1.0,10.0,0.7960766852017319,0
1769772838.8815696,1238.8695315524585,0.0041113918269999996,0.0,0.0,1.0,10.0,0.8267303488524586,0
1769772838.8850238,1267.23816623183,0.0041113918269999996,0.0,0.0,1.0,10.0,0.8550989835318302,0
1769772838.8882313,1293.5680919870645,0.0041113918269999996,0.0,0.0,1.0,10.0,0.8814289092870645,0
1769772838.8910818,1318.0714533472078,0.0041113918269999996,0.0,0.0,1.0,10.0,0.9059322706472078,0
1769772838.8952997,1340.931947703654,0.0041113918269999996,0.0,0.0,1.0,10.0,0.9287927650036542,0
1769772838.8990438,1362.3094388582551,0.0041113918269999996,0.0,0.0,1.0,10.0,0.9501702561582551,0
1769772838.9011426,1370.4771053474224,0.0041113918269999996,0.0,0.0,1.0,10.0,0.9583379226474223,0
1769772838.9026997,1370.4771053474224,0.0041113918269999996,0.0,0.0,1.0,10.0,0.9583379226474223,0
1769772838.9043572,1370.4771053474224,0.0041113918269999996,0.0,0.0,1.0,10.0,0.9583379226474223,0
1769772838.9053242,1370.4771053474224,0.0041113918269999996,0.0,0.0,1.0,10.0,0.9583379226474223,0
1769772838.908693,1245.1361867704281,0.004395951937,0.0,0.0,1.0,10.0,0.8045409930704283,0
1769772838.9137383,1265.548945375879,0.004395951937,0.0,0.0,1.0,10.0,0.824953751675879,0
1769772838.91714,1284.8867825171142,0.004395951937,0.0,0.0,1.0,10.0,0.8442915888171142,0
1769772838.9209309,1303.2324268855823,0.004395951937,0.0,0.0,1.0,10.0,0.8626372331855824,0
1769772838.9244738,1320.6603301650825,0.004395951937,0.0,0.0,1.0,10.0,0.8800651364650826,0
1769772838.928235,1337.2376769155687,0.004395951937,0.0,0.0,1.0,10.0,0.8966424832155687,0
1769772838.9328492,1353.0252501191044,0.004395951937,0.0,0.0,1.0,10.0,0.9124300564191045,0
1769772838.9370215,1368.0781758957655,0.004395951937,0.0,0.0,1.0,10.0,0.9274829821957656,0
1769772838.940806,1382.4465666211916,0.004395951937,0.0,0.0,1.0,10.0,0.9418513729211916,0
1769772838.9449093,1396.1760782570032,0.004395951937,0.0,0.0,1.0,10.0,0.9555808845570032,0
1769772838.948767,1409.308394954328,0.004395951937,0.0,0.0,1.0,10.0,0.9687132012543279,0
1769772838.9533422,1421.8816517667094,0.004395951937,0.0,0.0,1.0,10.0,0.9812864580667094,0
1769772838.959953,1433.9308045018759,0.004395951937,0.0,0.0,1.0,10.0,0.9933356108018759,0
1769772838.9648912,1445.4879542670478,0.004395951937,0.0,0.0,1.0,10.0,1.004892760567048,0
1769772838.969284,1456.5826330532211,0.004395951937,0.0,0.0,1.0,10.0,1.0159874393532213,0
1769772838.9733179,1467.242055708121,0.004395951937,0.0,0.0,1.0,10.0,1.026646862008121,0
1769772838.9774072,1477.4913428241632,0.004395951937,0.0,0.0,1.0,10.0,1.0368961491241633,0
1769772838.9812953,1487.353718384296,0.004395951937,0.0,0.0,1.0,10.0,1.046758524684296,0
1769772838.9839907,1491.1952041963282,0.004395951937,0.0,0.0,1.0,10.0,1.0506000104963282,0
1769772838.985657,1491.1952041963282,0.004395951937,0.0,0.0,1.0,10.0,1.0506000104963282,0
1769772838.9870534,1491.1952041963282,0.004395951937,0.0,0.0,1.0,10.0,1.0506000104963282,0
1769772838.9888284,1491.1952041963282,0.004395951937,0.0,0.0,1.0,10.0,1.0506000104963282,0
1769772838.9906063,1491.1952041963282,0.004395951937,0.0,0.0,1.0,10.0,1.0506000104963282,0
1769772838.9922326,1491.1952041963282,0.004395951937,0.0,0.0,1.0,10.0,1.0506000104963282,0
1769772838.9938037,1491.1952041963282,0.004395951937,0.0,0.0,1.0,10.0,1.0506000104963282,0
1769772838.9954143,1491.1952041963282,0.004395951937,0.0,0.0,1.0,10.0,1.0506000104963282,0
1769772838.9966416,1491.1952041963282,0.004395951937,0.0,0.0,1.0,10.0,1.0506000104963282,0
1769772838.9979484,1491.1952041963282,0.004395951937,0.0,0.0,1.0,10.0,1.0506000104963282,0
1769772838.9997313,1491.1952041963282,0.004395951937,0.0,0.0,1.0,10.0,1.0506000104963282,0
1769772839.0040824,1250.7701786814541,0.0040261230039999995,0.0,0.0,1.0,10.0,0.8471578782814543,0
1769772839.0073957,1262.1359223300972,0.0040261230039999995,0.0,0.0,1.0,10.0,0.8585236219300972,0
1769772839.0103998,1273.1619844590555,0.0040261230039999995,0.0,0.0,1.0,10.0,0.8695496840590556,0
1769772839.0143526,1283.8633686690225,0.0040261230039999995,0.0,0.0,1.0,10.0,0.8802510682690227,0
1769772839.0188005,1294.254207777133,0.0040261230039999995,0.0,0.0,1.0,10.0,0.8906419073771331,0
1769772839.0230274,1304.3478260869565,0.0040261230039999995,0.0,0.0,1.0,10.0,0.9007355256869566,0
1769772839.026872,1314.156796390299,0.0040261230039999995,0.0,0.0,1.0,10.0,0.910544495990299,0
1769772839.0305896,1323.6929922135705,0.0040261230039999995,0.0,0.0,1.0,10.0,0.9200806918135706,0
1769772839.0341883,1332.9676357652222,0.0040261230039999995,0.0,0.0,1.0,10.0,0.9293553353652223,0
1769772839.036684,1338.411316648531,0.0040261230039999995,0.0,0.0,1.0,10.0,0.9347990162485312,0
1769772839.0379174,1338.411316648531,0.0040261230039999995,0.0,0.0,1.0,10.0,0.9347990162485312,0
1769772839.0392845,1338.411316648531,0.0040261230039999995,0.0,0.0,1.0,10.0,0.9347990162485312,0
1769772839.0406063,1338.411316648531,0.0040261230039999995,0.0,0.0,1.0,10.0,0.9347990162485312,0
1769772839.042962,1267.6417757249167,0.004859519085,0.0,0.0,1.0,10.0,0.7806898672249168,0
1769772839.0450299,1267.6417757249167,0.004859519085,0.0,0.0,1.0,10.0,0.7806898672249168,0
1769772839.0482507,1267.6417757249167,0.004859519085,0.0,0.0,1.0,10.0,0.7806898672249168,0
1769772839.0509908,1267.6417757249167,0.004859519085,0.0,0.0,1.0,10.0,0.7806898672249168,0
1769772839.0545266,1267.6417757249167,0.004859519085,0.0,0.0,1.0,10.0,0.7806898672249168,0
1769772839.0569546,1267.6417757249167,0.004859519085,0.0,0.0,1.0,10.0,0.7806898672249168,0
1769772839.0589519,1267.6417757249167,0.004859519085,0.0,0.0,1.0,10.0,0.7806898672249168,0
1769772839.063106,1267.6417757249167,0.004859519085,0.0,0.0,1.0,10.0,0.7806898672249168,0
1769772839.0669222,1167.8492497382808,0.004293257605,0.0,0.0,1.0,10.0,0.7375234892382808,0
1769772839.0688076,1169.7806661251016,0.004293257605,0.0,0.0,1.0,10.0,0.7394549056251015,0
1769772839.0699377,1169.7806661251016,0.004293257605,0.0,0.0,1.0,10.0,0.7394549056251015,0
1769772839.0716798,1169.7806661251016,0.004293257605,0.0,0.0,1.0,10.0,0.7394549056251015,0
1769772839.0729628,1169.7806661251016,0.004293257605,0.0,0.0,1.0,10.0,0.7394549056251015,0
1769772839.074353,1169.7806661251016,0.004293257605,0.0,0.0,1.0,10.0,0.7394549056251015,0
1769772839.0754404,1169.7806661251016,0.004293257605,0.0,0.0,1.0,10.0,0.7394549056251015,0
1769772839.0764134,1169.7806661251016,0.004293257605,0.0,0.0,1.0,10.0,0.7394549056251015,0
1769772839.0773551,1169.7806661251016,0.004293257605,0.0,0.0,1.0,10.0,0.7394549056251015,0
1769772839.078261,1169.7806661251016,0.004293257605,0.0,0.0,1.0,10.0,0.7394549056251015,0
1769772839.079539,1169.7806661251016,0.004293257605,0.0,0.0,1.0,10.0,0.7394549056251015,0
1769772839.080763,1169.7806661251016,0.004293257605,0.0,0.0,1.0,10.0,0.7394549056251015,0
1769772839.0816782,1169.7806661251016,0.004293257605,0.0,0.0,1.0,10.0,0.7394549056251015,0
1769772839.0826194,1169.7806661251016,0.004293257605,0.0,0.0,1.0,10.0,0.7394549056251015,0
1769772839.0835915,1169.7806661251016,0.004293257605,0.0,0.0,1.0,10.0,0.7394549056251015,0
1769772839.0845394,1169.7806661251016,0.004293257605,0.0,0.0,1.0,10.0,0.7394549056251015,0
1769772839.0854464,1169.7806661251016,0.004293257605,0.0,0.0,1.0,10.0,0.7394549056251015,0
1769772839.086345,1169.7806661251016,0.004293257605,0.0,0.0,1.0,10.0,0.7394549056251015,0
1769772839.0875835,1169.7806661251016,0.004293257605,0.0,0.0,1.0,10.0,0.7394549056251015,0
1769772839.088824,1169.7806661251016,0.004293257605,0.0,0.0,1.0,10.0,0.7394549056251015,0
1769772839.0901942,1169.7806661251016,0.004293257605,0.0,0.0,1.0,10.0,0.7394549056251015,0
1769772839.0916646,1169.7806661251016,0.004293257605,0.0,0.0,1.0,10.0,0.7394549056251015,0
1769772839.0926766,1169.7806661251016,0.004293257605,0.0,0.0,1.0,10.0,0.7394549056251015,0
1769772839.0936384,1169.7806661251016,0.004293257605,0.0,0.0,1.0,10.0,0.7394549056251015,0
1769772839.0945752,1169.7806661251016,0.004293257605,0.0,0.0,1.0,10.0,0.7394549056251015,0
1769772839.0958116,1169.7806661251016,0.004293257605,0.0,0.0,1.0,10.0,0.7394549056251015,0
1769772839.0969987,1169.7806661251016,0.004293257605,0.0,0.0,1.0,10.0,0.7394549056251015,0
1769772839.0998392,903.7745879851143,0.004229157396,0.0,0.0,1.0,10.0,0.47985884838511433,0
1769772839.1036706,913.40242402951,0.004229157396,0.0,0.0,1.0,10.0,0.48948668442951,0
1769772839.1090217,922.8626153578268,0.004229157396,0.0,0.0,1.0,10.0,0.49894687575782687,0
1769772839.1128864,932.1595028482651,0.004229157396,0.0,0.0,1.0,10.0,0.5082437632482651,0
1769772839.1161833,941.2972787951395,0.004229157396,0.0,0.0,1.0,10.0,0.5173815391951394,0
1769772839.1191366,950.2799932122858,0.004229157396,0.0,0.0,1.0,10.0,0.5263642536122858,0
1769772839.1224678,959.1115598182737,0.004229157396,0.0,0.0,1.0,10.0,0.5351958202182737,0
1769772839.1255267,967.795761722009,0.004229157396,0.0,0.0,1.0,10.0,0.5438800221220091,0
1769772839.1281664,971.2290038250458,0.004229157396,0.0,0.0,1.0,10.0,0.5473132642250457,0
1769772839.1294124,971.2290038250458,0.004229157396,0.0,0.0,1.0,10.0,0.5473132642250457,0
1769772839.1307495,971.2290038250458,0.004229157396,0.0,0.0,1.0,10.0,0.5473132642250457,0
1769772839.1318505,971.2290038250458,0.004229157396,0.0,0.0,1.0,10.0,0.5473132642250457,0
1769772839.1330843,971.2290038250458,0.004229157396,0.0,0.0,1.0,10.0,0.5473132642250457,0
1769772839.1341047,971.2290038250458,0.004229157396,0.0,0.0,1.0,10.0,0.5473132642250457,0
1769772839.135372,971.2290038250458,0.004229157396,0.0,0.0,1.0,10.0,0.5473132642250457,0
1769772839.1372972,971.2290038250458,0.004229157396,0.0,0.0,1.0,10.0,0.5473132642250457,0
1769772839.1384706,971.2290038250458,0.004229157396,0.0,0.0,1.0,10.0,0.5473132642250457,0
1769772839.1399424,971.2290038250458,0.004229157396,0.0,0.0,1.0,10.0,0.5473132642250457,0
1769772839.1411111,971.2290038250458,0.004229157396,0.0,0.0,1.0,10.0,0.5473132642250457,0
1769772839.1422582,971.2290038250458,0.004229157396,0.0,0.0,1.0,10.0,0.5473132642250457,0
1769772839.143693,971.2290038250458,0.004229157396,0.0,0.0,1.0,10.0,0.5473132642250457,0
1769772839.145411,971.2290038250458,0.004229157396,0.0,0.0,1.0,10.0,0.5473132642250457,0
1769772839.1468012,971.2290038250458,0.004229157396,0.0,0.0,1.0,10.0,0.5473132642250457,0
1769772839.147935,971.2290038250458,0.004229157396,0.0,0.0,1.0,10.0,0.5473132642250457,0
1769772839.149,971.2290038250458,0.004229157396,0.0,0.0,1.0,10.0,0.5473132642250457,0
1769772839.1505494,971.2290038250458,0.004229157396,0.0,0.0,1.0,10.0,0.5473132642250457,0
1769772839.1519012,971.2290038250458,0.004229157396,0.0,0.0,1.0,10.0,0.5473132642250457,0
1769772839.1531854,971.2290038250458,0.004229157396,0.0,0.0,1.0,10.0,0.5473132642250457,0
1769772839.1541715,971.2290038250458,0.004229157396,0.0,0.0,1.0,10.0,0.5473132642250457,0
1769772839.1551511,971.2290038250458,0.004229157396,0.0,0.0,1.0,10.0,0.5473132642250457,0
1769772839.156107,971.2290038250458,0.004229157396,0.0,0.0,1.0,10.0,0.5473132642250457,0
1769772839.1573794,971.2290038250458,0.004229157396,0.0,0.0,1.0,10.0,0.5473132642250457,0
1769772839.158767,971.2290038250458,0.004229157396,0.0,0.0,1.0,10.0,0.5473132642250457,0
1769772839.1600318,971.2290038250458,0.004229157396,0.0,0.0,1.0,10.0,0.5473132642250457,0
1769772839.1612332,971.2290038250458,0.004229157396,0.0,0.0,1.0,10.0,0.5473132642250457,0
1769772839.1622367,971.2290038250458,0.004229157396,0.0,0.0,1.0,10.0,0.5473132642250457,0
1769772839.1632566,971.2290038250458,0.004229157396,0.0,0.0,1.0,10.0,0.5473132642250457,0
1769772839.164252,971.2290038250458,0.004229157396,0.0,0.0,1.0,10.0,0.5473132642250457,0
1769772839.1665256,776.8792257722391,0.0049797082809999995,0.0,0.0,1.0,10.0,0.2779083976722392,0
1769772839.1707363,784.9334913736336,0.0049797082809999995,0.0,0.0,1.0,10.0,0.28596266327363373,0
1769772839.1748388,792.8823760303546,0.0049797082809999995,0.0,0.0,1.0,10.0,0.2939115479303547,0
1769772839.1789796,800.7279344858963,0.0049797082809999995,0.0,0.0,1.0,10.0,0.30175710638589637,0
1769772839.182834,808.472168410177,0.0049797082809999995,0.0,0.0,1.0,10.0,0.30950134031017706,0
1769772839.1871452,816.117028102143,0.0049797082809999995,0.0,0.0,1.0,10.0,0.3171462000021431,0
1769772839.1912618,823.6644141272473,0.0049797082809999995,0.0,0.0,1.0,10.0,0.3246935860272473,0
1769772839.1953218,831.1161788926897,0.0049797082809999995,0.0,0.0,1.0,10.0,0.3321453507926898,0
1769772839.2002587,838.4741281631626,0.0049797082809999995,0.0,0.0,1.0,10.0,0.33950330006316276,0
1769772839.2036397,845.7400225197048,0.0049797082809999995,0.0,0.0,1.0,10.0,0.3467691944197049,0
1769772839.2068427,852.9155787641428,0.0049797082809999995,0.0,0.0,1.0,10.0,0.3539447506641429,0
1769772839.2102778,860.0024712714692,0.0049797082809999995,0.0,0.0,1.0,10.0,0.3610316431714693,0
1769772839.2149513,867.0023332923984,0.0049797082809999995,0.0,0.0,1.0,10.0,0.36803150519239847,0
1769772839.2193294,873.9167582082266,0.0049797082809999995,0.0,0.0,1.0,10.0,0.37494593010822674,0
1769772839.2235086,880.7473007400218,0.0049797082809999995,0.0,0.0,1.0,10.0,0.3817764726400219,0
1769772839.2281294,887.4954781140722,0.0049797082809999995,0.0,0.0,1.0,10.0,0.3885246500140722,0
1769772839.233211,894.162771185425,0.0049797082809999995,0.0,0.0,1.0,10.0,0.39519194308542505,0
1769772839.237218,900.7506255212677,0.0049797082809999995,0.0,0.0,1.0,10.0,0.4017797974212678,0
1769772839.2408707,907.2604524458131,0.0049797082809999995,0.0,0.0,1.0,10.0,0.4082896243458133,0
1769772839.2461584,913.693630048275,0.0049797082809999995,0.0,0.0,1.0,10.0,0.41472280194827515,0
1769772839.25053,920.051504155449,0.0049797082809999995,0.0,0.0,1.0,10.0,0.4210806760554491,0
1769772839.2556498,926.3353892703363,0.0049797082809999995,0.0,0.0,1.0,10.0,0.4273645611703364,0
1769772839.2612019,932.5465694781903,0.0049797082809999995,0.0,0.0,1.0,10.0,0.43357574137819044,0
1769772839.2657316,938.6862993212931,0.0049797082809999995,0.0,0.0,1.0,10.0,0.4397154712212932,0
1769772839.2694798,944.7558046437149,0.0049797082809999995,0.0,0.0,1.0,10.0,0.44578497654371496,0
1769772839.2741091,950.7562834072559,0.0049797082809999995,0.0,0.0,1.0,10.0,0.451785455307256,0
1769772839.2781842,956.6889064797015,0.0049797082809999995,0.0,0.0,1.0,10.0,0.4577180783797016,0
1769772839.2823458,962.5548183964916,0.0049797082809999995,0.0,0.0,1.0,10.0,0.46358399029649167,0
1769772839.2874455,968.3551380968355,0.0049797082809999995,0.0,0.0,1.0,10.0,0.46938430999683556,0
1769772839.2913344,974.0909596352718,0.0049797082809999995,0.0,0.0,1.0,10.0,0.4751201315352719,0
1769772839.2945466,979.763352869623,0.0049797082809999995,0.0,0.0,1.0,10.0,0.4807925247696231,0
1769772839.2975965,984.2563029835957,0.0049797082809999995,0.0,0.0,1.0,10.0,0.48528547488359575,0
1769772839.298898,984.2563029835957,0.0049797082809999995,0.0,0.0,1.0,10.0,0.48528547488359575,0
1769772839.3009849,984.2563029835957,0.0049797082809999995,0.0,0.0,1.0,10.0,0.48528547488359575,0
1769772839.302529,984.2563029835957,0.0049797082809999995,0.0,0.0,1.0,10.0,0.48528547488359575,0
1769772839.305648,966.0068846815835,0.004793180928,0.0,0.0,1.0,10.0,0.4856887918815836,0
1769772839.30972,971.5386261502247,0.004793180928,0.0,0.0,1.0,10.0,0.4912205333502247,0
1769772839.3133051,977.0114942528737,0.004793180928,0.0,0.0,1.0,10.0,0.4966934014528737,0
1769772839.3191147,982.4264238831252,0.004793180928,0.0,0.0,1.0,10.0,0.5021083310831252,0
1769772839.322556,987.7843302443133,0.004793180928,0.0,0.0,1.0,10.0,0.5074662374443134,0
1769772839.326994,993.0861093651793,0.004793180928,0.0,0.0,1.0,10.0,0.5127680165651792,0
1769772839.3289165,994.1398074508163,0.004793180928,0.0,0.0,1.0,10.0,0.5138217146508163,0
1769772839.3309038,994.1398074508163,0.004793180928,0.0,0.0,1.0,10.0,0.5138217146508163,0
1769772839.3324819,994.1398074508163,0.004793180928,0.0,0.0,1.0,10.0,0.5138217146508163,0
1769772839.3337917,994.1398074508163,0.004793180928,0.0,0.0,1.0,10.0,0.5138217146508163,0
1769772839.3350523,994.1398074508163,0.004793180928,0.0,0.0,1.0,10.0,0.5138217146508163,0
1769772839.3362904,994.1398074508163,0.004793180928,0.0,0.0,1.0,10.0,0.5138217146508163,0
1769772839.3379102,994.1398074508163,0.004793180928,0.0,0.0,1.0,10.0,0.5138217146508163,0
1769772839.3393104,994.1398074508163,0.004793180928,0.0,0.0,1.0,10.0,0.5138217146508163,0
1769772839.3407164,994.1398074508163,0.004793180928,0.0,0.0,1.0,10.0,0.5138217146508163,0
1769772839.4295094,0.0,0.0,0.0,0.0,1.0,0.0,0.0,0
1769772839.4351726,1927.7108433734938,0.004333936709,0.0,0.0,1.0,10.0,1.493317172473494,0
1769772839.4413927,1967.2131147540983,0.004333936709,0.0,0.0,1.0,10.0,1.5328194438540983,0
1769772839.4459734,1978.7985865724384,0.004333936709,0.0,0.0,1.0,10.0,1.5444049156724384,0
1769772839.4493644,1984.3342036553524,0.004333936709,0.0,0.0,1.0,10.0,1.5499405327553526,0
1769772839.454476,1987.5776397515529,0.004333936709,0.0,0.0,1.0,10.0,1.553183968851553,0
1769772839.4578483,1989.7084048027446,0.004333936709,0.0,0.0,1.0,10.0,1.5553147339027449,0
1769772839.4627216,1991.215226939971,0.004333936709,0.0,0.0,1.0,10.0,1.5568215560399712,0
1769772839.4664268,1992.3371647509578,0.004333936709,0.0,0.0,1.0,10.0,1.5579434938509578,0
1769772839.4698813,1993.2049830124574,0.004333936709,0.0,0.0,1.0,10.0,1.5588113121124576,0
1769772839.473703,1993.8962360122075,0.004333936709,0.0,0.0,1.0,10.0,1.5595025651122074,0
1769772839.4775856,1994.459833795014,0.004333936709,0.0,0.0,1.0,10.0,1.5600661628950143,0
1769772839.4808288,1994.9281487743026,0.004333936709,0.0,0.0,1.0,10.0,1.5605344778743029,0
1769772839.4847186,1995.3234606391272,0.004333936709,0.0,0.0,1.0,10.0,1.5609297897391272,0
1769772839.4882286,1995.6616052060738,0.004333936709,0.0,0.0,1.0,10.0,1.5612679343060738,0
1769772839.491533,1995.9541469993258,0.004333936709,0.0,0.0,1.0,10.0,1.5615604760993258,0
1769772839.4944887,1996.2097283638661,0.004333936709,0.0,0.0,1.0,10.0,1.5618160574638664,0
1769772839.5005033,1996.434937611408,0.004333936709,0.0,0.0,1.0,10.0,1.5620412667114083,0
1769772839.5063877,1996.6348850252384,0.004333936709,0.0,0.0,1.0,10.0,1.5622412141252386,0
1769772839.5105093,1996.8135953266064,0.004333936709,0.0,0.0,1.0,10.0,1.5624199244266066,0
1769772839.5144362,1996.9742813918308,0.004333936709,0.0,0.0,1.0,10.0,1.562580610491831,0
1769772839.518431,1997.1195391262604,0.004333936709,0.0,0.0,1.0,10.0,1.5627258682262606,0
1769772839.5224822,1997.2514887769128,0.004333936709,0.0,0.0,1.0,10.0,1.562857817876913,0
1769772839.5263174,1997.3718791064389,0.004333936709,0.0,0.0,1.0,10.0,1.562978208206439,0
1769772839.5323129,1997.4821653378094,0.004333936709,0.0,0.0,1.0,10.0,1.5630884944378094,0
1769772839.5365129,1997.5835682641964,0.004333936709,0.0,0.0,1.0,10.0,1.5631898973641967,0
1769772839.5434468,1997.6771196283394,0.004333936709,0.0,0.0,1.0,10.0,1.5632834487283396,0
1769772839.5486968,1997.7636973537087,0.004333936709,0.0,0.0,1.0,10.0,1.563370026453709,0
1769772839.5529027,1997.8440531800215,0.004333936709,0.0,0.0,1.0,10.0,1.5634503822800219,0
1769772839.55671,1997.9188345473465,0.004333936709,0.0,0.0,1.0,10.0,1.5635251636473466,0
1769772839.5610747,1997.9886020784445,0.004333936709,0.0,0.0,1.0,10.0,1.5635949311784447,0
1769772839.56541,1998.053843658774,0.004333936709,0.0,0.0,1.0,10.0,1.563660172758774,0
1769772839.5693934,1998.1149858623942,0.004333936709,0.0,0.0,1.0,10.0,1.563721314962394,0
1769772839.5739512,1998.172403289674,0.004333936709,0.0,0.0,1.0,10.0,1.5637787323896744,0
1769772839.5780802,1998.2264262488916,0.004333936709,0.0,0.0,1.0,10.0,1.5638327553488915,0
1769772839.5821457,1998.2773471145563,0.004333936709,0.0,0.0,1.0,10.0,1.5638836762145565,0
1769772839.5856252,1998.3254256209882,0.004333936709,0.0,0.0,1.0,10.0,1.563931754720988,0
1769772839.5893016,1998.3708932935108,0.004333936709,0.0,0.0,1.0,10.0,1.5639772223935111,0
1769772839.5927432,1998.4139571768437,0.004333936709,0.0,0.0,1.0,10.0,1.5640202862768438,0
1769772839.5961351,1998.4548029873808,0.004333936709,0.0,0.0,1.0,10.0,1.5640611320873812,0
1769772839.5994003,1998.49359779061,0.004333936709,0.0,0.0,1.0,10.0,1.5640999268906102,0
1769772839.6023896,1998.5304922850844,0.004333936709,0.0,0.0,1.0,10.0,1.5641368213850844,0
1769772839.6056376,1998.5656227587856,0.004333936709,0.0,0.0,1.0,10.0,1.5641719518587855,0
1769772839.6091654,1998.5991127714221,0.004333936709,0.0,0.0,1.0,10.0,1.5642054418714224,0
1769772839.612827,1998.631074606434,0.004333936709,0.0,0.0,1.0,10.0,1.564237403706434,0
1769772839.616056,1998.661610528664,0.004333936709,0.0,0.0,1.0,10.0,1.5642679396286638,0
1769772839.6200473,1998.6908138773729,0.004333936709,0.0,0.0,1.0,10.0,1.5642971429773729,0
1769772839.6234837,1998.7187700192185,0.004333936709,0.0,0.0,1.0,10.0,1.5643250991192188,0
1769772839.626415,1998.7455571816854,0.004333936709,0.0,0.0,1.0,10.0,1.5643518862816856,0
1769772839.6296859,1998.7712471841082,0.004333936709,0.0,0.0,1.0,10.0,1.5643775762841083,0
1769772839.6327503,1998.7959060806745,0.004333936709,0.0,0.0,1.0,10.0,1.5644022351806748,0
1769772839.640973,1998.819594727523,0.004333936709,0.0,0.0,1.0,10.0,1.5644259238275233,0
1769772839.6464372,1998.8423692841984,0.004333936709,0.0,0.0,1.0,10.0,1.5644486983841985,0
1769772839.6512423,1998.864281658149,0.004333936709,0.0,0.0,1.0,10.0,1.564470610758149,0
1769772839.6551964,1998.8853798996843,0.004333936709,0.0,0.0,1.0,10.0,1.5644917089996846,0
1769772839.6595476,1998.9057085537115,0.004333936709,0.0,0.0,1.0,10.0,1.5645120376537118,0
1769772839.662893,1998.92530897367,0.004333936709,0.0,0.0,1.0,10.0,1.56453163807367,0
1769772839.6689541,1998.9442196023228,0.004333936709,0.0,0.0,1.0,10.0,1.5645505487023228,0
1769772839.6723402,1998.9624762234137,0.004333936709,0.0,0.0,1.0,10.0,1.5645688053234137,0
1769772839.6753073,1998.9801121876594,0.004333936709,0.0,0.0,1.0,10.0,1.5645864412876596,0
1769772839.678781,1998.997158616079,0.004333936709,0.0,0.0,1.0,10.0,1.564603487716079,0
1769772839.6823587,1999.0136445832647,0.004333936709,0.0,0.0,1.0,10.0,1.5646199736832647,0
1769772839.6855845,1999.0295972828724,0.004333936709,0.0,0.0,1.0,10.0,1.5646359263828726,0
1769772839.6889193,1999.045042177304,0.004333936709,0.0,0.0,1.0,10.0,1.564651371277304,0
1769772839.6901662,1999.045042177304,0.004333936709,0.0,0.0,1.0,10.0,1.564651371277304,0
1769772839.6927907,1953.4740409798183,0.004445494792,0.0,0.0,1.0,10.0,1.5079245617798185,0
1769772839.698448,1954.0404809009285,0.004445494792,0.0,0.0,1.0,10.0,1.5084910017009288,0
1769772839.7001157,1954.0404809009285,0.004445494792,0.0,0.0,1.0,10.0,1.5084910017009288,0
1769772839.7016144,1954.0404809009285,0.004445494792,0.0,0.0,1.0,10.0,1.5084910017009288,0
1769772839.702681,1954.0404809009285,0.004445494792,0.0,0.0,1.0,10.0,1.5084910017009288,0
1769772839.7038157,1954.0404809009285,0.004445494792,0.0,0.0,1.0,10.0,1.5084910017009288,0
1769772839.7050037,1954.0404809009285,0.004445494792,0.0,0.0,1.0,10.0,1.5084910017009288,0
1769772839.7060432,1954.0404809009285,0.004445494792,0.0,0.0,1.0,10.0,1.5084910017009288,0
1769772839.7070322,1954.0404809009285,0.004445494792,0.0,0.0,1.0,10.0,1.5084910017009288,0
1769772839.7088816,1742.8958051420839,0.004360076287,0.0,0.0,1.0,10.0,1.305888176442084,0
1769772839.7124014,1746.328437917223,0.004360076287,0.0,0.0,1.0,10.0,1.309320809217223,0
1769772839.7152832,1749.6706192358367,0.004360076287,0.0,0.0,1.0,10.0,1.3126629905358367,0
1769772839.7184827,1752.925877763329,0.004360076287,0.0,0.0,1.0,10.0,1.315918249063329,0
1769772839.7215838,1756.0975609756097,0.004360076287,0.0,0.0,1.0,10.0,1.3190899322756098,0
1769772839.7255614,1759.1888466413182,0.004360076287,0.0,0.0,1.0,10.0,1.3221812179413182,0
1769772839.7276506,1760.4035308953341,0.004360076287,0.0,0.0,1.0,10.0,1.323395902195334,0
1769772839.7286506,1760.4035308953341,0.004360076287,0.0,0.0,1.0,10.0,1.323395902195334,0
1769772839.7297094,1760.4035308953341,0.004360076287,0.0,0.0,1.0,10.0,1.323395902195334,0
1769772839.730651,1760.4035308953341,0.004360076287,0.0,0.0,1.0,10.0,1.323395902195334,0
1769772839.731636,1760.4035308953341,0.004360076287,0.0,0.0,1.0,10.0,1.323395902195334,0
1769772839.7329252,1760.4035308953341,0.004360076287,0.0,0.0,1.0,10.0,1.323395902195334,0
1769772839.734123,1760.4035308953341,0.004360076287,0.0,0.0,1.0,10.0,1.323395902195334,0
1769772839.7351096,1760.4035308953341,0.004360076287,0.0,0.0,1.0,10.0,1.323395902195334,0
1769772839.7363043,1760.4035308953341,0.004360076287,0.0,0.0,1.0,10.0,1.323395902195334,0
1769772839.7374103,1760.4035308953341,0.004360076287,0.0,0.0,1.0,10.0,1.323395902195334,0
1769772839.7417364,1760.4035308953341,0.004360076287,0.0,0.0,1.0,10.0,1.323395902195334,0
1769772839.7436569,1760.4035308953341,0.004360076287,0.0,0.0,1.0,10.0,1.323395902195334,0
1769772839.745784,1760.4035308953341,0.004360076287,0.0,0.0,1.0,10.0,1.323395902195334,0
1769772839.7480376,1760.4035308953341,0.004360076287,0.0,0.0,1.0,10.0,1.323395902195334,0
1769772839.7500165,1760.4035308953341,0.004360076287,0.0,0.0,1.0,10.0,1.323395902195334,0
1769772839.7511842,1760.4035308953341,0.004360076287,0.0,0.0,1.0,10.0,1.323395902195334,0
1769772839.7525768,1760.4035308953341,0.004360076287,0.0,0.0,1.0,10.0,1.323395902195334,0
1769772839.7539465,1760.4035308953341,0.004360076287,0.0,0.0,1.0,10.0,1.323395902195334,0
1769772839.7553065,1760.4035308953341,0.004360076287,0.0,0.0,1.0,10.0,1.323395902195334,0
1769772839.7570965,1760.4035308953341,0.004360076287,0.0,0.0,1.0,10.0,1.323395902195334,0
1769772839.760289,1409.5505055561118,0.004750605452,0.0,0.0,1.0,10.0,0.933489960356112,0
1769772839.7641506,1415.402914064823,0.004750605452,0.0,0.0,1.0,10.0,0.9393423688648233,0
1769772839.768787,1421.140445578565,0.004750605452,0.0,0.0,1.0,10.0,0.945079900378565,0
1769772839.7732475,1426.7664496063758,0.004750605452,0.0,0.0,1.0,10.0,0.9507059044063759,0
1769772839.7772214,1432.2841466936184,0.004750605452,0.0,0.0,1.0,10.0,0.9562236014936185,0
1769772839.7808053,1437.6966345695491,0.004750605452,0.0,0.0,1.0,10.0,0.9616360893695493,0
1769772839.7860723,1443.0068939465482,0.004750605452,0.0,0.0,1.0,10.0,0.9669463487465482,0
1769772839.7929072,1448.2177939938254,0.004750605452,0.0,0.0,1.0,10.0,0.9721572487938255,0
1769772839.797445,1453.33209750672,0.004750605452,0.0,0.0,1.0,10.0,0.9772715523067199,0
1769772839.802489,1458.3524657911655,0.004750605452,0.0,0.0,1.0,10.0,0.9822919205911655,0
1769772839.8056946,1461.320668554206,0.004750605452,0.0,0.0,1.0,10.0,0.985260123354206,0
1769772839.8069603,1461.320668554206,0.004750605452,0.0,0.0,1.0,10.0,0.985260123354206,0
1769772839.808365,1461.320668554206,0.004750605452,0.0,0.0,1.0,10.0,0.985260123354206,0
1769772839.809918,1461.320668554206,0.004750605452,0.0,0.0,1.0,10.0,0.985260123354206,0
1769772839.81525,1422.4251470717359,0.004429652632,0.0,0.0,1.0,10.0,0.9784598838717359,0
1769772839.8186104,1427.452345721995,0.004429652632,0.0,0.0,1.0,10.0,0.9834870825219949,0
1769772839.8221195,1432.3927862628354,0.004429652632,0.0,0.0,1.0,10.0,0.9884275230628353,0
1769772839.8261352,1437.248695354607,0.004429652632,0.0,0.0,1.0,10.0,0.993283432154607,0
1769772839.8314111,1442.0222241072186,0.004429652632,0.0,0.0,1.0,10.0,0.9980569609072186,0
1769772839.8359706,1446.715451257465,0.004429652632,0.0,0.0,1.0,10.0,1.0027501880574652,0
1769772839.841695,1451.3303861873385,0.004429652632,0.0,0.0,1.0,10.0,1.0073651229873386,0
1769772839.8473947,1455.8689717925386,0.004429652632,0.0,0.0,1.0,10.0,1.0119037085925386,0
1769772839.8506925,1460.3330872097793,0.004429652632,0.0,0.0,1.0,10.0,1.0163678240097793,0
1769772839.8541617,1464.7245504109367,0.004429652632,0.0,0.0,1.0,10.0,1.0207592872109368,0
1769772839.8587854,1469.0451206715636,0.004429652632,0.0,0.0,1.0,10.0,1.0250798574715636,0
1769772839.863166,1473.2965009208103,0.004429652632,0.0,0.0,1.0,10.0,1.0293312377208104,0
1769772839.8678017,1477.480339979347,0.004429652632,0.0,0.0,1.0,10.0,1.033515076779347,0
1769772839.8728015,1481.598234691465,0.004429652632,0.0,0.0,1.0,10.0,1.0376329714914652,0
1769772839.8770506,1485.6517319571508,0.004429652632,0.0,0.0,1.0,10.0,1.0416864687571508,0
1769772839.8815827,1489.6423306695633,0.004429652632,0.0,0.0,1.0,10.0,1.0456770674695635,0
1769772839.8832893,1489.6423306695633,0.004429652632,0.0,0.0,1.0,10.0,1.0456770674695635,0
1769772839.8853781,1489.6423306695633,0.004429652632,0.0,0.0,1.0,10.0,1.0456770674695635,0
1769772839.8883955,1489.6423306695633,0.004429652632,0.0,0.0,1.0,10.0,1.0456770674695635,0
1769772839.8905377,1446.7253176930597,0.00409771137,0.0,0.0,1.0,10.0,1.03595418069306,0
1769772839.8922825,1446.7253176930597,0.00409771137,0.0,0.0,1.0,10.0,1.03595418069306,0
1769772839.8943572,1446.7253176930597,0.00409771137,0.0,0.0,1.0,10.0,1.03595418069306,0
1769772839.8962705,1446.7253176930597,0.00409771137,0.0,0.0,1.0,10.0,1.03595418069306,0
1769772839.8978186,1446.7253176930597,0.00409771137,0.0,0.0,1.0,10.0,1.03595418069306,0
1769772839.8991277,1446.7253176930597,0.00409771137,0.0,0.0,1.0,10.0,1.03595418069306,0
1769772839.900405,1446.7253176930597,0.00409771137,0.0,0.0,1.0,10.0,1.03595418069306,0
1769772839.90163,1446.7253176930597,0.00409771137,0.0,0.0,1.0,10.0,1.03595418069306,0
1769772839.9035459,1446.7253176930597,0.00409771137,0.0,0.0,1.0,10.0,1.03595418069306,0
1769772839.9055989,1446.7253176930597,0.00409771137,0.0,0.0,1.0,10.0,1.03595418069306,0
1769772839.9071734,1446.7253176930597,0.00409771137,0.0,0.0,1.0,10.0,1.03595418069306,0
1769772839.9087782,1446.7253176930597,0.00409771137,0.0,0.0,1.0,10.0,1.03595418069306,0
1769772839.910355,1446.7253176930597,0.00409771137,0.0,0.0,1.0,10.0,1.03595418069306,0
1769772839.9117422,1446.7253176930597,0.00409771137,0.0,0.0,1.0,10.0,1.03595418069306,0
1769772839.9131155,1446.7253176930597,0.00409771137,0.0,0.0,1.0,10.0,1.03595418069306,0
1769772839.914387,1446.7253176930597,0.00409771137,0.0,0.0,1.0,10.0,1.03595418069306,0
1769772839.915572,1446.7253176930597,0.00409771137,0.0,0.0,1.0,10.0,1.03595418069306,0
1769772839.9166272,1446.7253176930597,0.00409771137,0.0,0.0,1.0,10.0,1.03595418069306,0
1769772839.91794,1446.7253176930597,0.00409771137,0.0,0.0,1.0,10.0,1.03595418069306,0
1769772839.9194741,1446.7253176930597,0.00409771137,0.0,0.0,1.0,10.0,1.03595418069306,0
1769772839.9210522,1446.7253176930597,0.00409771137,0.0,0.0,1.0,10.0,1.03595418069306,0
1769772839.9226353,1446.7253176930597,0.00409771137,0.0,0.0,1.0,10.0,1.03595418069306,0
1769772839.9241378,1446.7253176930597,0.00409771137,0.0,0.0,1.0,10.0,1.03595418069306,0
1769772839.9263296,1236.3729639604976,0.004630015696,0.0,0.0,1.0,10.0,0.7723713943604976,0
1769772839.930387,1241.2386899452022,0.004630015696,0.0,0.0,1.0,10.0,0.7772371203452021,0
1769772839.935383,1246.042801063695,0.004630015696,0.0,0.0,1.0,10.0,0.782041231463695,0
1769772839.9406223,1250.7864602994841,0.004630015696,0.0,0.0,1.0,10.0,0.7867848906994842,0
1769772839.9448895,1255.4708015505814,0.004630015696,0.0,0.0,1.0,10.0,0.7914692319505815,0
1769772839.949623,1260.0969305331178,0.004630015696,0.0,0.0,1.0,10.0,0.7960953609331177,0
1769772839.9533803,1264.6659256514758,0.004630015696,0.0,0.0,1.0,10.0,0.8006643560514758,0
1769772839.9580743,1269.1788388363814,0.004630015696,0.0,0.0,1.0,10.0,0.8051772692363813,0
1769772839.963231,1273.6366963523242,0.004630015696,0.0,0.0,1.0,10.0,0.8096351267523242,0
1769772839.9673128,1278.0404995756032,0.004630015696,0.0,0.0,1.0,10.0,0.8140389299756031,0
1769772839.9709816,1282.3912257442448,0.004630015696,0.0,0.0,1.0,10.0,0.8183896561442449,0
1769772839.9742267,1286.6898286809633,0.004630015696,0.0,0.0,1.0,10.0,0.8226882590809633,0
1769772839.9785843,1290.9372394902941,0.004630015696,0.0,0.0,1.0,10.0,0.8269356698902942,0
1769772839.9830923,1295.1343672309697,0.004630015696,0.0,0.0,1.0,10.0,0.8311327976309696,0
1769772839.9868228,1299.2820995645523,0.004630015696,0.0,0.0,1.0,10.0,0.8352805299645522,0
1769772839.990218,1303.3813033813033,0.004630015696,0.0,0.0,1.0,10.0,0.8393797337813033,0
1769772839.996999,1307.432825404211,0.004630015696,0.0,0.0,1.0,10.0,0.8434312558042109,0
1769772840.0024962,1311.4374927720596,0.004630015696,0.0,0.0,1.0,10.0,0.8474359231720595,0
1769772840.0072873,1315.3961136023918,0.004630015696,0.0,0.0,1.0,10.0,0.8513945440023917,0
1769772840.0118203,1319.3094775351549,0.004630015696,0.0,0.0,1.0,10.0,0.8553079079351548,0
1769772840.0155408,1323.178356257815,0.004630015696,0.0,0.0,1.0,10.0,0.8591767866578149,0
1769772840.019376,1327.0035040126597,0.004630015696,0.0,0.0,1.0,10.0,0.8630019344126597,0
1769772840.0230815,1330.7856580869957,0.004630015696,0.0,0.0,1.0,10.0,0.8667840884869956,0
1769772840.0267367,1334.525539286912,0.004630015696,0.0,0.0,1.0,10.0,0.8705239696869119,0
1769772840.0308936,1338.2238523952428,0.004630015696,0.0,0.0,1.0,10.0,0.8742222827952427,0
1769772840.0346968,1341.8812866143471,0.004630015696,0.0,0.0,1.0,10.0,0.8778797170143472,0
1769772840.0393863,1345.498515994284,0.004630015696,0.0,0.0,1.0,10.0,0.881496946394284,0
1769772840.0434191,1349.0761998469443,0.004630015696,0.0,0.0,1.0,10.0,0.8850746302469442,0
1769772840.0467496,1352.6149831466785,0.004630015696,0.0,0.0,1.0,10.0,0.8886134135466784,0
1769772840.0514495,1356.1154969179192,0.004630015696,0.0,0.0,1.0,10.0,0.8921139273179192,0
1769772840.057252,1359.5783586103043,0.004630015696,0.0,0.0,1.0,10.0,0.8955767890103042,0
1769772840.061444,1362.3219449501983,0.004630015696,0.0,0.0,1.0,10.0,0.8983203753501982,0
1769772840.0633862,1362.3219449501983,0.004630015696,0.0,0.0,1.0,10.0,0.8983203753501982,0
1769772840.0654285,1362.3219449501983,0.004630015696,0.0,0.0,1.0,10.0,0.8983203753501982,0
1769772840.0671382,1362.3219449501983,0.004630015696,0.0,0.0,1.0,10.0,0.8983203753501982,0
1769772840.069051,1362.3219449501983,0.004630015696,0.0,0.0,1.0,10.0,0.8983203753501982,0
1769772840.0707264,1362.3219449501983,0.004630015696,0.0,0.0,1.0,10.0,0.8983203753501982,0
1769772840.0724876,1362.3219449501983,0.004630015696,0.0,0.0,1.0,10.0,0.8983203753501982,0
1769772840.0740833,1362.3219449501983,0.004630015696,0.0,0.0,1.0,10.0,0.8983203753501982,0
1769772840.075899,1362.3219449501983,0.004630015696,0.0,0.0,1.0,10.0,0.8983203753501982,0
1769772840.0775492,1362.3219449501983,0.004630015696,0.0,0.0,1.0,10.0,0.8983203753501982,0
1769772840.078809,1362.3219449501983,0.004630015696,0.0,0.0,1.0,10.0,0.8983203753501982,0
1769772840.0804474,1362.3219449501983,0.004630015696,0.0,0.0,1.0,10.0,0.8983203753501982,0
1769772840.0818558,1362.3219449501983,0.004630015696,0.0,0.0,1.0,10.0,0.8983203753501982,0
1769772840.082852,1362.3219449501983,0.004630015696,0.0,0.0,1.0,10.0,0.8983203753501982,0
1769772840.174881,0.0,0.0,0.0,0.0,1.0,0.0,0.0,0
1769772840.1823869,2083.3333333333335,0.004017606572,0.0,0.0,1.0,10.0,1.6805726761333335,0
1769772840.1879127,2040.816326530612,0.004017606572,0.0,0.0,1.0,10.0,1.6380556693306123,0
1769772840.1933556,2027.027027027027,0.004017606572,0.0,0.0,1.0,10.0,1.6242663698270272,0
1769772840.1983402,2020.20202020202,0.004017606572,0.0,0.0,1.0,10.0,1.6174413630020203,0
1769772840.2048917,2016.1290322580646,0.004017606572,0.0,0.0,1.0,10.0,1.6133683750580645,0
1769772840.2088583,2013.4228187919464,0.004017606572,0.0,0.0,1.0,10.0,1.6106621615919465,0
1769772840.212985,2011.4942528735633,0.004017606572,0.0,0.0,1.0,10.0,1.6087335956735633,0
1769772840.2141607,2011.4942528735633,0.004017606572,0.0,0.0,1.0,10.0,1.6087335956735633,0
1769772840.2155747,2011.4942528735633,0.004017606572,0.0,0.0,1.0,10.0,1.6087335956735633,0
1769772840.2168722,2011.4942528735633,0.004017606572,0.0,0.0,1.0,10.0,1.6087335956735633,0
1769772840.2196567,2011.4942528735633,0.004017606572,0.0,0.0,1.0,10.0,1.6087335956735633,0
1769772840.2211947,2011.4942528735633,0.004017606572,0.0,0.0,1.0,10.0,1.6087335956735633,0
1769772840.2224295,2011.4942528735633,0.004017606572,0.0,0.0,1.0,10.0,1.6087335956735633,0
1769772840.2236123,2011.4942528735633,0.004017606572,0.0,0.0,1.0,10.0,1.6087335956735633,0
1769772840.2249415,2011.4942528735633,0.004017606572,0.0,0.0,1.0,10.0,1.6087335956735633,0
1769772840.2265785,2011.4942528735633,0.004017606572,0.0,0.0,1.0,10.0,1.6087335956735633,0
1769772840.2279773,2011.4942528735633,0.004017606572,0.0,0.0,1.0,10.0,1.6087335956735633,0
1769772840.2292137,2011.4942528735633,0.004017606572,0.0,0.0,1.0,10.0,1.6087335956735633,0
1769772840.2303905,2011.4942528735633,0.004017606572,0.0,0.0,1.0,10.0,1.6087335956735633,0
1769772840.231554,2011.4942528735633,0.004017606572,0.0,0.0,1.0,10.0,1.6087335956735633,0
1769772840.2335398,2011.4942528735633,0.004017606572,0.0,0.0,1.0,10.0,1.6087335956735633,0
1769772840.2356641,2011.4942528735633,0.004017606572,0.0,0.0,1.0,10.0,1.6087335956735633,0
1769772840.2374268,2011.4942528735633,0.004017606572,0.0,0.0,1.0,10.0,1.6087335956735633,0
1769772840.2386694,2011.4942528735633,0.004017606572,0.0,0.0,1.0,10.0,1.6087335956735633,0
1769772840.2398086,2011.4942528735633,0.004017606572,0.0,0.0,1.0,10.0,1.6087335956735633,0
1769772840.2410078,2011.4942528735633,0.004017606572,0.0,0.0,1.0,10.0,1.6087335956735633,0
1769772840.2422585,2011.4942528735633,0.004017606572,0.0,0.0,1.0,10.0,1.6087335956735633,0
1769772840.2432454,2011.4942528735633,0.004017606572,0.0,0.0,1.0,10.0,1.6087335956735633,0
1769772840.2454648,2011.4942528735633,0.004017606572,0.0,0.0,1.0,10.0,1.6087335956735633,0
1769772840.2464402,2011.4942528735633,0.004017606572,0.0,0.0,1.0,10.0,1.6087335956735633,0
1769772840.2475426,2011.4942528735633,0.004017606572,0.0,0.0,1.0,10.0,1.6087335956735633,0
1769772840.2485507,2011.4942528735633,0.004017606572,0.0,0.0,1.0,10.0,1.6087335956735633,0
1769772840.2502453,2011.4942528735633,0.004017606572,0.0,0.0,1.0,10.0,1.6087335956735633,0
1769772840.2542303,458.95851721094436,0.004862064266,0.0,0.0,1.0,10.0,-0.028247909389055637,0
1769772840.2581563,503.0008573878251,0.004862064266,0.0,0.0,1.0,10.0,0.015794430787825053,0
1769772840.2620738,544.5957210336205,0.004862064266,0.0,0.0,1.0,10.0,0.05738929443362051,0
1769772840.2676394,583.9416058394161,0.004862064266,0.0,0.0,1.0,10.0,0.0967351792394161,0
1769772840.2717981,621.2161095025007,0.004862064266,0.0,0.0,1.0,10.0,0.1340096829025007,0
1769772840.2756808,656.5786098999744,0.004862064266,0.0,0.0,1.0,10.0,0.1693721832999744,0
1769772840.2802777,690.1725431357839,0.004862064266,0.0,0.0,1.0,10.0,0.2029661165357839,0
1769772840.284501,722.1273481336912,0.004862064266,0.0,0.0,1.0,10.0,0.23492092153369115,0
1769772840.2896585,752.5601333650869,0.004862064266,0.0,0.0,1.0,10.0,0.26535370676508696,0
1769772840.2938204,781.5771109560363,0.004862064266,0.0,0.0,1.0,10.0,0.2943706843560363,0
1769772840.2984211,809.2748351898159,0.004862064266,0.0,0.0,1.0,10.0,0.3220684085898159,0
1769772840.3024197,835.7412758390755,0.004862064266,0.0,0.0,1.0,10.0,0.3485348492390754,0
1769772840.3064342,861.0567514677103,0.004862064266,0.0,0.0,1.0,10.0,0.3738503248677103,0
1769772840.3101037,885.2947435624601,0.004862064266,0.0,0.0,1.0,10.0,0.39808831696246005,0
1769772840.313258,908.5226088768494,0.004862064266,0.0,0.0,1.0,10.0,0.4213161822768494,0
1769772840.3166885,930.8022045315371,0.004862064266,0.0,0.0,1.0,10.0,0.44359577793153704,0
1769772840.320174,952.1904380876176,0.004862064266,0.0,0.0,1.0,10.0,0.4649840114876176,0
1769772840.3234742,972.739752892724,0.004862064266,0.0,0.0,1.0,10.0,0.48553332629272405,0
1769772840.3285658,992.4985574148875,0.004862064266,0.0,0.0,1.0,10.0,0.5052921308148876,0
1769772840.3323894,1011.5116059633895,0.004862064266,0.0,0.0,1.0,10.0,0.5243051793633895,0
1769772840.337098,1029.820337099463,0.004862064266,0.0,0.0,1.0,10.0,0.542613910499463,0
1769772840.342204,1047.4631751227496,0.004862064266,0.0,0.0,1.0,10.0,0.5602567485227496,0
1769772840.345828,1057.7441985968699,0.004862064266,0.0,0.0,1.0,10.0,0.5705377719968698,0
1769772840.3472538,1057.7441985968699,0.004862064266,0.0,0.0,1.0,10.0,0.5705377719968698,0
1769772840.3484864,1057.7441985968699,0.004862064266,0.0,0.0,1.0,10.0,0.5705377719968698,0
1769772840.3496003,1057.7441985968699,0.004862064266,0.0,0.0,1.0,10.0,0.5705377719968698,0
1769772840.3506975,1057.7441985968699,0.004862064266,0.0,0.0,1.0,10.0,0.5705377719968698,0
1769772840.3517842,1057.7441985968699,0.004862064266,0.0,0.0,1.0,10.0,0.5705377719968698,0
1769772840.352764,1057.7441985968699,0.004862064266,0.0,0.0,1.0,10.0,0.5705377719968698,0
1769772840.3538136,1057.7441985968699,0.004862064266,0.0,0.0,1.0,10.0,0.5705377719968698,0
1769772840.3556151,1057.7441985968699,0.004862064266,0.0,0.0,1.0,10.0,0.5705377719968698,0
1769772840.3568745,1057.7441985968699,0.004862064266,0.0,0.0,1.0,10.0,0.5705377719968698,0
1769772840.358164,1057.7441985968699,0.004862064266,0.0,0.0,1.0,10.0,0.5705377719968698,0
1769772840.3594568,1057.7441985968699,0.004862064266,0.0,0.0,1.0,10.0,0.5705377719968698,0
1769772840.3608332,1057.7441985968699,0.004862064266,0.0,0.0,1.0,10.0,0.5705377719968698,0
1769772840.3635347,864.1438306510076,0.004747194649,0.0,0.0,1.0,10.0,0.38842436575100764,0
1769772840.3665643,880.3773045590967,0.004747194649,0.0,0.0,1.0,10.0,0.4046578396590968,0
1769772840.3705971,896.1533042130478,0.004747194649,0.0,0.0,1.0,10.0,0.42043383931304784,0
1769772840.3738632,908.4575728020064,0.004747194649,0.0,0.0,1.0,10.0,0.43273810790200645,0
1769772840.3754182,908.4575728020064,0.004747194649,0.0,0.0,1.0,10.0,0.43273810790200645,0
1769772840.376722,908.4575728020064,0.004747194649,0.0,0.0,1.0,10.0,0.43273810790200645,0
1769772840.378532,908.4575728020064,0.004747194649,0.0,0.0,1.0,10.0,0.43273810790200645,0
1769772840.3799603,908.4575728020064,0.004747194649,0.0,0.0,1.0,10.0,0.43273810790200645,0
1769772840.3811762,908.4575728020064,0.004747194649,0.0,0.0,1.0,10.0,0.43273810790200645,0
1769772840.3824143,908.4575728020064,0.004747194649,0.0,0.0,1.0,10.0,0.43273810790200645,0
1769772840.3836455,908.4575728020064,0.004747194649,0.0,0.0,1.0,10.0,0.43273810790200645,0
1769772840.386512,908.4575728020064,0.004747194649,0.0,0.0,1.0,10.0,0.43273810790200645,0
1769772840.3901975,810.6772120612951,0.004668835812,0.0,0.0,1.0,10.0,0.34279363086129516,0
1769772840.3937113,825.1953125,0.004668835812,0.0,0.0,1.0,10.0,0.3573117313,0
1769772840.3981688,839.3632416787265,0.004668835812,0.0,0.0,1.0,10.0,0.37147966047872644,0
1769772840.4040658,853.1935176358437,0.004668835812,0.0,0.0,1.0,10.0,0.3853099364358437,0
1769772840.4084568,866.6980687706077,0.004668835812,0.0,0.0,1.0,10.0,0.3988144875706077,0
1769772840.4132137,879.8882681564245,0.004668835812,0.0,0.0,1.0,10.0,0.4120046869564245,0
1769772840.417033,892.7749654855039,0.004668835812,0.0,0.0,1.0,10.0,0.42489138428550394,0
1769772840.4206676,905.368516833485,0.004668835812,0.0,0.0,1.0,10.0,0.43748493563348506,0
1769772840.424728,917.6788124156545,0.004668835812,0.0,0.0,1.0,10.0,0.4497952312156545,0
1769772840.4288883,929.7153024911033,0.004668835812,0.0,0.0,1.0,10.0,0.46183172129110334,0
1769772840.433686,941.4870215574131,0.004668835812,0.0,0.0,1.0,10.0,0.47360344035741303,0
1769772840.4390094,953.0026109660574,0.004668835812,0.0,0.0,1.0,10.0,0.4851190297660574,0
1769772840.4422472,964.270340077486,0.004668835812,0.0,0.0,1.0,10.0,0.496386758877486,0
1769772840.446031,975.298126064736,0.004668835812,0.0,0.0,1.0,10.0,0.5074145448647361,0
1769772840.450495,986.093552465234,0.004668835812,0.0,0.0,1.0,10.0,0.518209971265234,0
1769772840.4540443,996.6638865721434,0.004668835812,0.0,0.0,1.0,10.0,0.5287803053721435,0
1769772840.4573424,1007.0160957490714,0.004668835812,0.0,0.0,1.0,10.0,0.5391325145490714,0
1769772840.4609644,1017.156862745098,0.004668835812,0.0,0.0,1.0,10.0,0.5492732815450979,0
1769772840.4667625,1027.0926000808736,0.004668835812,0.0,0.0,1.0,10.0,0.5592090188808735,0
1769772840.4711428,1036.829463570857,0.004668835812,0.0,0.0,1.0,10.0,0.5689458823708567,0
1769772840.477176,1046.373365041617,0.004668835812,0.0,0.0,1.0,10.0,0.5784897838416171,0
1769772840.48127,1055.7299843014127,0.004668835812,0.0,0.0,1.0,10.0,0.5878464031014127,0
1769772840.4851773,1064.9047804119705,0.004668835812,0.0,0.0,1.0,10.0,0.5970211992119704,0
1769772840.4886727,1073.9030023094688,0.004668835812,0.0,0.0,1.0,10.0,0.6060194211094688,0
1769772840.4924815,1082.7296988181472,0.004668835812,0.0,0.0,1.0,10.0,0.6148461176181471,0
1769772840.495972,1091.3897280966767,0.004668835812,0.0,0.0,1.0,10.0,0.6235061468966766,0
1769772840.499478,1099.8877665544333,0.004668835812,0.0,0.0,1.0,10.0,0.6320041853544333,0
1769772840.5026872,1108.2283172720533,0.004668835812,0.0,0.0,1.0,10.0,0.6403447360720532,0
1769772840.5060706,1116.4157179581346,0.004668835812,0.0,0.0,1.0,10.0,0.6485321367581346,0
1769772840.509272,1124.4541484716158,0.004668835812,0.0,0.0,1.0,10.0,0.6565705672716157,0
1769772840.512336,1132.347637937252,0.004668835812,0.0,0.0,1.0,10.0,0.6644640567372521,0
1769772840.51576,1140.1000714796282,0.004668835812,0.0,0.0,1.0,10.0,0.6722164902796283,0
1769772840.5189085,1147.7151965993623,0.004668835812,0.0,0.0,1.0,10.0,0.6798316153993623,0
1769772840.5243635,1155.1966292134832,0.004668835812,0.0,0.0,1.0,10.0,0.6873130480134831,0
1769772840.5291836,1162.5478593804387,0.004668835812,0.0,0.0,1.0,10.0,0.6946642781804387,0
1769772840.535368,1169.7722567287783,0.004668835812,0.0,0.0,1.0,10.0,0.7018886755287782,0
1769772840.53986,1176.8730756072528,0.004668835812,0.0,0.0,1.0,10.0,0.7089894944072527,0
1769772840.5429628,1183.853459972863,0.004668835812,0.0,0.0,1.0,10.0,0.7159698787728629,0
1769772840.546136,1190.7164480322906,0.004668835812,0.0,0.0,1.0,10.0,0.7228328668322906,0
1769772840.5514133,1197.4649766511009,0.004668835812,0.0,0.0,1.0,10.0,0.7295813954511009,0
1769772840.555427,1204.1018855441614,0.004668835812,0.0,0.0,1.0,10.0,0.7362183043441614,0
1769772840.5590181,1210.6299212598426,0.004668835812,0.0,0.0,1.0,10.0,0.7427463400598425,0
1769772840.5623224,1217.0517409697363,0.004668835812,0.0,0.0,1.0,10.0,0.7491681597697363,0
1769772840.5665581,1223.369916074887,0.004668835812,0.0,0.0,1.0,10.0,0.7554863348748869,0
1769772840.5706105,1229.5869356388089,0.004668835812,0.0,0.0,1.0,10.0,0.7617033544388089,0
1769772840.574382,1235.705209656925,0.004668835812,0.0,0.0,1.0,10.0,0.7678216284569249,0
1769772840.5774372,1241.7270721714465,0.004668835812,0.0,0.0,1.0,10.0,0.7738434909714463,0
1769772840.5814922,1247.65478424015,0.004668835812,0.0,0.0,1.0,10.0,0.7797712030401501,0
1769772840.5854676,1253.4905367669874,0.004668835812,0.0,0.0,1.0,10.0,0.7856069555669872,0
1769772840.5888698,1259.2364532019706,0.004668835812,0.0,0.0,1.0,10.0,0.7913528720019706,0
1769772840.593114,1264.8945921173236,0.004668835812,0.0,0.0,1.0,10.0,0.7970110109173235,0
1769772840.5982196,1270.4669496664644,0.004668835812,0.0,0.0,1.0,10.0,0.8025833684664644,0
1769772840.6015136,1273.7699969815878,0.004668835812,0.0,0.0,1.0,10.0,0.8058864157815878,0
1769772840.6054018,1272.7815954586197,0.004146040782,0.0,0.0,1.0,10.0,0.8571775172586197,0
1769772840.6078365,1274.947870122133,0.004146040782,0.0,0.0,1.0,10.0,0.8593437919221331,0
1769772840.6092765,1274.947870122133,0.004146040782,0.0,0.0,1.0,10.0,0.8593437919221331,0
1769772840.6104622,1274.947870122133,0.004146040782,0.0,0.0,1.0,10.0,0.8593437919221331,0
1769772840.6124012,1274.947870122133,0.004146040782,0.0,0.0,1.0,10.0,0.8593437919221331,0
1769772840.6137378,1274.947870122133,0.004146040782,0.0,0.0,1.0,10.0,0.8593437919221331,0
1769772840.614929,1274.947870122133,0.004146040782,0.0,0.0,1.0,10.0,0.8593437919221331,0
1769772840.616335,1274.947870122133,0.004146040782,0.0,0.0,1.0,10.0,0.8593437919221331,0
1769772840.6176028,1274.947870122133,0.004146040782,0.0,0.0,1.0,10.0,0.8593437919221331,0
1769772840.6188643,1274.947870122133,0.004146040782,0.0,0.0,1.0,10.0,0.8593437919221331,0
1769772840.6214886,1194.9423370848965,0.004896372502,0.0,0.0,1.0,10.0,0.7043050868848966,0
1769772840.624776,1200.496757278874,0.004896372502,0.0,0.0,1.0,10.0,0.709859507078874,0
1769772840.6287718,1205.9750582431136,0.004896372502,0.0,0.0,1.0,10.0,0.7153378080431136,0
1769772840.633207,1211.378794065605,0.004896372502,0.0,0.0,1.0,10.0,0.7207415438656051,0
1769772840.638427,1216.709476814925,0.004896372502,0.0,0.0,1.0,10.0,0.7260722266149249,0
1769772840.6446867,1221.9685779508527,0.004896372502,0.0,0.0,1.0,10.0,0.7313313277508526,0
1769772840.647845,1227.1575296785381,0.004896372502,0.0,0.0,1.0,10.0,0.7365202794785382,0
1769772840.6507778,1232.2777262488407,0.004896372502,0.0,0.0,1.0,10.0,0.7416404760488406,0
1769772840.651871,1232.2777262488407,0.004896372502,0.0,0.0,1.0,10.0,0.7416404760488406,0
1769772840.6529434,1232.2777262488407,0.004896372502,0.0,0.0,1.0,10.0,0.7416404760488406,0
1769772840.6540532,1232.2777262488407,0.004896372502,0.0,0.0,1.0,10.0,0.7416404760488406,0
1769772840.6552384,1232.2777262488407,0.004896372502,0.0,0.0,1.0,10.0,0.7416404760488406,0
1769772840.6568048,1232.2777262488407,0.004896372502,0.0,0.0,1.0,10.0,0.7416404760488406,0
1769772840.6582813,1232.2777262488407,0.004896372502,0.0,0.0,1.0,10.0,0.7416404760488406,0
1769772840.660138,1232.2777262488407,0.004896372502,0.0,0.0,1.0,10.0,0.7416404760488406,0
1769772840.6618705,1232.2777262488407,0.004896372502,0.0,0.0,1.0,10.0,0.7416404760488406,0
1769772840.6657653,1173.6736736736736,0.004474805468,0.0,0.0,1.0,10.0,0.7251931268736737,0
1769772840.6699715,1178.8112409848297,0.004474805468,0.0,0.0,1.0,10.0,0.7303306941848297,0
1769772840.673128,1180.8484247085091,0.004474805468,0.0,0.0,1.0,10.0,0.7323678779085091,0
1769772840.6745534,1180.8484247085091,0.004474805468,0.0,0.0,1.0,10.0,0.7323678779085091,0
1769772840.6759415,1180.8484247085091,0.004474805468,0.0,0.0,1.0,10.0,0.7323678779085091,0
1769772840.6772459,1180.8484247085091,0.004474805468,0.0,0.0,1.0,10.0,0.7323678779085091,0
1769772840.6785605,1180.8484247085091,0.004474805468,0.0,0.0,1.0,10.0,0.7323678779085091,0
1769772840.6806326,1180.8484247085091,0.004474805468,0.0,0.0,1.0,10.0,0.7323678779085091,0
1769772840.681847,1180.8484247085091,0.004474805468,0.0,0.0,1.0,10.0,0.7323678779085091,0
1769772840.6832683,1180.8484247085091,0.004474805468,0.0,0.0,1.0,10.0,0.7323678779085091,0
1769772840.684833,1180.8484247085091,0.004474805468,0.0,0.0,1.0,10.0,0.7323678779085091,0
1769772840.6864882,1180.8484247085091,0.004474805468,0.0,0.0,1.0,10.0,0.7323678779085091,0
1769772840.689152,1180.8484247085091,0.004474805468,0.0,0.0,1.0,10.0,0.7323678779085091,0
1769772840.6924458,1105.6496848435784,0.004398962823,0.0,0.0,1.0,10.0,0.6647534025435784,0
1769772840.696461,1110.7916978094636,0.004398962823,0.0,0.0,1.0,10.0,0.6698954155094636,0
1769772840.6999204,1115.8749213971303,0.004398962823,0.0,0.0,1.0,10.0,0.6749786390971302,0
1769772840.7034743,1120.9003580969704,0.004398962823,0.0,0.0,1.0,10.0,0.6800040757969705,0
1769772840.7066047,1125.8689877352624,0.004398962823,0.0,0.0,1.0,10.0,0.6849727054352623,0
1769772840.707976,1125.8689877352624,0.004398962823,0.0,0.0,1.0,10.0,0.6849727054352623,0
1769772840.7093923,1125.8689877352624,0.004398962823,0.0,0.0,1.0,10.0,0.6849727054352623,0
1769772840.7107146,1125.8689877352624,0.004398962823,0.0,0.0,1.0,10.0,0.6849727054352623,0
1769772840.712793,1125.8689877352624,0.004398962823,0.0,0.0,1.0,10.0,0.6849727054352623,0
1769772840.7139585,1125.8689877352624,0.004398962823,0.0,0.0,1.0,10.0,0.6849727054352623,0
1769772840.7153661,1125.8689877352624,0.004398962823,0.0,0.0,1.0,10.0,0.6849727054352623,0
1769772840.7172415,1125.8689877352624,0.004398962823,0.0,0.0,1.0,10.0,0.6849727054352623,0
1769772840.7185798,1125.8689877352624,0.004398962823,0.0,0.0,1.0,10.0,0.6849727054352623,0
1769772840.7200522,1125.8689877352624,0.004398962823,0.0,0.0,1.0,10.0,0.6849727054352623,0
1769772840.7216911,1125.8689877352624,0.004398962823,0.0,0.0,1.0,10.0,0.6849727054352623,0
1769772840.7228508,1125.8689877352624,0.004398962823,0.0,0.0,1.0,10.0,0.6849727054352623,0
1769772840.7241015,1125.8689877352624,0.004398962823,0.0,0.0,1.0,10.0,0.6849727054352623,0
1769772840.7254546,1125.8689877352624,0.004398962823,0.0,0.0,1.0,10.0,0.6849727054352623,0
1769772840.726768,1125.8689877352624,0.004398962823,0.0,0.0,1.0,10.0,0.6849727054352623,0
1769772840.728478,1125.8689877352624,0.004398962823,0.0,0.0,1.0,10.0,0.6849727054352623,0
1769772840.7304595,1125.8689877352624,0.004398962823,0.0,0.0,1.0,10.0,0.6849727054352623,0
1769772840.7329211,1125.8689877352624,0.004398962823,0.0,0.0,1.0,10.0,0.6849727054352623,0
1769772840.7351716,1125.8689877352624,0.004398962823,0.0,0.0,1.0,10.0,0.6849727054352623,0
1769772840.73748,1125.8689877352624,0.004398962823,0.0,0.0,1.0,10.0,0.6849727054352623,0
1769772840.7396576,1125.8689877352624,0.004398962823,0.0,0.0,1.0,10.0,0.6849727054352623,0
1769772840.7412405,1125.8689877352624,0.004398962823,0.0,0.0,1.0,10.0,0.6849727054352623,0
1769772840.7424605,1125.8689877352624,0.004398962823,0.0,0.0,1.0,10.0,0.6849727054352623,0
1769772840.7435057,1125.8689877352624,0.004398962823,0.0,0.0,1.0,10.0,0.6849727054352623,0
1769772840.833463,0.0,0.0,0.0,0.0,1.0,0.0,0.0,0
1769772840.8418698,2000.0,0.004320792407,0.0,0.0,1.0,10.0,1.5669207593,0
1769772840.8464208,2000.0,0.004320792407,0.0,0.0,1.0,10.0,1.5669207593,0
1769772840.8507829,2000.0000000000002,0.004320792407,0.0,0.0,1.0,10.0,1.5669207593000005,0
1769772840.8537233,2000.0,0.004320792407,0.0,0.0,1.0,10.0,1.5669207593,0
1769772840.85545,2000.0,0.004320792407,0.0,0.0,1.0,10.0,1.5669207593,0
1769772840.8578868,2000.0,0.004320792407,0.0,0.0,1.0,10.0,1.5669207593,0
1769772840.8592715,2000.0,0.004320792407,0.0,0.0,1.0,10.0,1.5669207593,0
1769772840.8607645,2000.0,0.004320792407,0.0,0.0,1.0,10.0,1.5669207593,0
1769772840.8623786,2000.0,0.004320792407,0.0,0.0,1.0,10.0,1.5669207593,0
1769772840.8636909,2000.0,0.004320792407,0.0,0.0,1.0,10.0,1.5669207593,0
1769772840.8648064,2000.0,0.004320792407,0.0,0.0,1.0,10.0,1.5669207593,0
1769772840.8663101,2000.0,0.004320792407,0.0,0.0,1.0,10.0,1.5669207593,0
1769772840.8677983,2000.0,0.004320792407,0.0,0.0,1.0,10.0,1.5669207593,0
1769772840.8690388,2000.0,0.004320792407,0.0,0.0,1.0,10.0,1.5669207593,0
1769772840.8705065,2000.0,0.004320792407,0.0,0.0,1.0,10.0,1.5669207593,0
1769772840.8719115,2000.0,0.004320792407,0.0,0.0,1.0,10.0,1.5669207593,0
1769772840.8731456,2000.0,0.004320792407,0.0,0.0,1.0,10.0,1.5669207593,0
1769772840.874369,2000.0,0.004320792407,0.0,0.0,1.0,10.0,1.5669207593,0
1769772840.8776865,401.4791336502905,0.004779003925,0.0,0.0,1.0,10.0,-0.07742125884970946,0
1769772840.8827164,481.685900652283,0.004779003925,0.0,0.0,1.0,10.0,0.0027855081522830125,0
1769772840.8874,554.2283803153368,0.004779003925,0.0,0.0,1.0,10.0,0.07532798781533684,0
1769772840.8905675,620.1550387596899,0.004779003925,0.0,0.0,1.0,10.0,0.14125464625968992,0
1769772840.893814,680.3314435237679,0.004779003925,0.0,0.0,1.0,10.0,0.20143105102376796,0
1769772840.899119,735.4784788967823,0.004779003925,0.0,0.0,1.0,10.0,0.2565780863967824,0
1769772840.9032645,786.2013638186924,0.004779003925,0.0,0.0,1.0,10.0,0.30730097131869233,0
1769772840.9082196,833.0119552641728,0.004779003925,0.0,0.0,1.0,10.0,0.3541115627641728,0
1769772840.9110239,833.0119552641728,0.004779003925,0.0,0.0,1.0,10.0,0.3541115627641728,0
1769772840.9138024,833.0119552641728,0.004779003925,0.0,0.0,1.0,10.0,0.3541115627641728,0
1769772840.9160206,833.0119552641728,0.004779003925,0.0,0.0,1.0,10.0,0.3541115627641728,0
1769772840.9178352,833.0119552641728,0.004779003925,0.0,0.0,1.0,10.0,0.3541115627641728,0
1769772840.9193242,833.0119552641728,0.004779003925,0.0,0.0,1.0,10.0,0.3541115627641728,0
1769772840.9210486,833.0119552641728,0.004779003925,0.0,0.0,1.0,10.0,0.3541115627641728,0
1769772840.9224463,833.0119552641728,0.004779003925,0.0,0.0,1.0,10.0,0.3541115627641728,0
1769772840.924173,833.0119552641728,0.004779003925,0.0,0.0,1.0,10.0,0.3541115627641728,0
1769772840.9253302,833.0119552641728,0.004779003925,0.0,0.0,1.0,10.0,0.3541115627641728,0
1769772840.9282532,623.4344558864459,0.004002482749,0.0,0.0,1.0,10.0,0.222186180986446,0
1769772840.9336731,660.7094503113999,0.004002482749,0.0,0.0,1.0,10.0,0.25946117541139996,0
1769772840.9376757,696.0189823358819,0.004002482749,0.0,0.0,1.0,10.0,0.2947707074358819,0
1769772840.9408414,729.5145132288724,0.004002482749,0.0,0.0,1.0,10.0,0.3282662383288724,0
1769772840.9446864,761.3323315802655,0.004002482749,0.0,0.0,1.0,10.0,0.3600840566802656,0
1769772840.9479275,791.5954067920841,0.004002482749,0.0,0.0,1.0,10.0,0.3903471318920841,0
1769772840.951347,820.4149773431911,0.004002482749,0.0,0.0,1.0,10.0,0.41916670244319115,0
1769772840.954561,847.891917074307,0.004002482749,0.0,0.0,1.0,10.0,0.446643642174307,0
1769772840.9556956,847.891917074307,0.004002482749,0.0,0.0,1.0,10.0,0.446643642174307,0
1769772840.9582386,818.1413961760782,0.004510869509,0.0,0.0,1.0,10.0,0.36605444527607817,0
1769772840.9625676,843.8451500652458,0.004510869509,0.0,0.0,1.0,10.0,0.39175819916524574,0
1769772840.9660091,868.4546615581099,0.004510869509,0.0,0.0,1.0,10.0,0.4163677106581099,0
1769772840.9698632,892.0383493122134,0.004510869509,0.0,0.0,1.0,10.0,0.4399513984122135,0
1769772840.9735713,914.6590445079624,0.004510869509,0.0,0.0,1.0,10.0,0.4625720936079624,0
1769772840.9767063,932.1012454801125,0.004510869509,0.0,0.0,1.0,10.0,0.4800142945801125,0
1769772840.9781556,932.1012454801125,0.004510869509,0.0,0.0,1.0,10.0,0.4800142945801125,0
1769772840.9797232,932.1012454801125,0.004510869509,0.0,0.0,1.0,10.0,0.4800142945801125,0
1769772840.981233,932.1012454801125,0.004510869509,0.0,0.0,1.0,10.0,0.4800142945801125,0
1769772840.9829168,932.1012454801125,0.004510869509,0.0,0.0,1.0,10.0,0.4800142945801125,0
1769772840.984875,932.1012454801125,0.004510869509,0.0,0.0,1.0,10.0,0.4800142945801125,0
1769772840.9864392,932.1012454801125,0.004510869509,0.0,0.0,1.0,10.0,0.4800142945801125,0
1769772840.9883323,932.1012454801125,0.004510869509,0.0,0.0,1.0,10.0,0.4800142945801125,0
1769772840.990271,932.1012454801125,0.004510869509,0.0,0.0,1.0,10.0,0.4800142945801125,0
1769772840.992178,932.1012454801125,0.004510869509,0.0,0.0,1.0,10.0,0.4800142945801125,0
1769772840.9938257,932.1012454801125,0.004510869509,0.0,0.0,1.0,10.0,0.4800142945801125,0
1769772840.995415,932.1012454801125,0.004510869509,0.0,0.0,1.0,10.0,0.4800142945801125,0
1769772840.9967225,932.1012454801125,0.004510869509,0.0,0.0,1.0,10.0,0.4800142945801125,0
1769772840.9979494,932.1012454801125,0.004510869509,0.0,0.0,1.0,10.0,0.4800142945801125,0
1769772840.9995208,932.1012454801125,0.004510869509,0.0,0.0,1.0,10.0,0.4800142945801125,0
1769772841.0006826,932.1012454801125,0.004510869509,0.0,0.0,1.0,10.0,0.4800142945801125,0
1769772841.00177,932.1012454801125,0.004510869509,0.0,0.0,1.0,10.0,0.4800142945801125,0
1769772841.0047061,932.1012454801125,0.004510869509,0.0,0.0,1.0,10.0,0.4800142945801125,0
1769772841.0063815,932.1012454801125,0.004510869509,0.0,0.0,1.0,10.0,0.4800142945801125,0
1769772841.008013,932.1012454801125,0.004510869509,0.0,0.0,1.0,10.0,0.4800142945801125,0
1769772841.0094368,932.1012454801125,0.004510869509,0.0,0.0,1.0,10.0,0.4800142945801125,0
1769772841.0106268,932.1012454801125,0.004510869509,0.0,0.0,1.0,10.0,0.4800142945801125,0
1769772841.01192,932.1012454801125,0.004510869509,0.0,0.0,1.0,10.0,0.4800142945801125,0
1769772841.013171,932.1012454801125,0.004510869509,0.0,0.0,1.0,10.0,0.4800142945801125,0
1769772841.014114,932.1012454801125,0.004510869509,0.0,0.0,1.0,10.0,0.4800142945801125,0
1769772841.0150652,932.1012454801125,0.004510869509,0.0,0.0,1.0,10.0,0.4800142945801125,0
1769772841.0164437,932.1012454801125,0.004510869509,0.0,0.0,1.0,10.0,0.4800142945801125,0
1769772841.0188873,932.1012454801125,0.004510869509,0.0,0.0,1.0,10.0,0.4800142945801125,0
1769772841.0214186,932.1012454801125,0.004510869509,0.0,0.0,1.0,10.0,0.4800142945801125,0
1769772841.022964,932.1012454801125,0.004510869509,0.0,0.0,1.0,10.0,0.4800142945801125,0
1769772841.0245738,932.1012454801125,0.004510869509,0.0,0.0,1.0,10.0,0.4800142945801125,0
1769772841.0263166,932.1012454801125,0.004510869509,0.0,0.0,1.0,10.0,0.4800142945801125,0
1769772841.0286798,932.1012454801125,0.004510869509,0.0,0.0,1.0,10.0,0.4800142945801125,0
1769772841.0321994,564.1952983725135,0.004208823019,0.0,0.0,1.0,10.0,0.1423129964725136,0
1769772841.0367608,581.2983918999405,0.004208823019,0.0,0.0,1.0,10.0,0.1594160899999405,0
1769772841.0405166,597.998822836963,0.004208823019,0.0,0.0,1.0,10.0,0.17611652093696306,0
1769772841.0435183,614.3106457242583,0.004208823019,0.0,0.0,1.0,10.0,0.19242834382425833,0
1769772841.0466087,630.2472685451409,0.004208823019,0.0,0.0,1.0,10.0,0.20836496664514093,0
1769772841.050058,645.8214894826606,0.004208823019,0.0,0.0,1.0,10.0,0.22393918758266063,0
1769772841.053581,661.0455311973019,0.004208823019,0.0,0.0,1.0,10.0,0.23916322929730194,0
1769772841.0571513,675.9310728182325,0.004208823019,0.0,0.0,1.0,10.0,0.2540487709182325,0
1769772841.060433,690.4892798240791,0.004208823019,0.0,0.0,1.0,10.0,0.26860697792407906,0
1769772841.0649264,704.7308319738988,0.004208823019,0.0,0.0,1.0,10.0,0.2828485300738989,0
1769772841.0685656,718.6659494351802,0.004208823019,0.0,0.0,1.0,10.0,0.2967836475351803,0
1769772841.0717478,732.3044172432145,0.004208823019,0.0,0.0,1.0,10.0,0.3104221153432145,0
1769772841.0759182,745.65560821485,0.004208823019,0.0,0.0,1.0,10.0,0.32377330631485,0
1769772841.0805721,758.7285044293902,0.004208823019,0.0,0.0,1.0,10.0,0.33684620252939024,0
1769772841.084938,771.5317173800928,0.004208823019,0.0,0.0,1.0,10.0,0.3496494154800929,0
1769772841.0891428,784.0735068912711,0.004208823019,0.0,0.0,1.0,10.0,0.3621912049912711,0
1769772841.0935373,796.3617988883275,0.004208823019,0.0,0.0,1.0,10.0,0.3744794969883275,0
1769772841.098225,808.4042021010506,0.004208823019,0.0,0.0,1.0,10.0,0.3865219002010506,0
1769772841.1023052,820.2080237741455,0.004208823019,0.0,0.0,1.0,10.0,0.3983257218741456,0
1769772841.1063974,831.7802844531633,0.004208823019,0.0,0.0,1.0,10.0,0.40989798255316334,0
1769772841.1124904,843.1277319086936,0.004208823019,0.0,0.0,1.0,10.0,0.42124543000869363,0
1769772841.1162343,854.2568542568542,0.004208823019,0.0,0.0,1.0,10.0,0.4323745523568543,0
1769772841.1204934,865.1738923296808,0.004208823019,0.0,0.0,1.0,10.0,0.4432915904296809,0
1769772841.1241074,875.884851344974,0.004208823019,0.0,0.0,1.0,10.0,0.454002549444974,0
1769772841.1302614,886.3955119214586,0.004208823019,0.0,0.0,1.0,10.0,0.4645132100214586,0
1769772841.1364598,896.7114404817045,0.004208823019,0.0,0.0,1.0,10.0,0.4748291385817045,0
1769772841.1419017,906.8379990821478,0.004208823019,0.0,0.0,1.0,10.0,0.4849556971821478,0
1769772841.1462467,916.7803547066849,0.004208823019,0.0,0.0,1.0,10.0,0.49489805280668486,0
1769772841.1503232,926.5434880576836,0.004208823019,0.0,0.0,1.0,10.0,0.5046611861576836,0
1769772841.1546328,936.1322018758374,0.004208823019,0.0,0.0,1.0,10.0,0.5142498999758375,0
1769772841.1588216,945.5511288180611,0.004208823019,0.0,0.0,1.0,10.0,0.5236688269180612,0
1769772841.1632729,954.8047389205792,0.004208823019,0.0,0.0,1.0,10.0,0.5329224370205793,0
1769772841.1670027,963.8973466724664,0.004208823019,0.0,0.0,1.0,10.0,0.5420150447724664,0
1769772841.1713796,972.8331177231565,0.004208823019,0.0,0.0,1.0,10.0,0.5509508158231565,0
1769772841.174431,981.6160752458316,0.004208823019,0.0,0.0,1.0,10.0,0.5597337733458316,0
1769772841.1779246,990.250105977109,0.004208823019,0.0,0.0,1.0,10.0,0.5683678040771091,0
1769772841.1812294,998.7389659520808,0.004208823019,0.0,0.0,1.0,10.0,0.5768566640520808,0
1769772841.1846485,1007.0862859524802,0.004208823019,0.0,0.0,1.0,10.0,0.5852039840524803,0
1769772841.1883934,1015.2955766845804,0.004208823019,0.0,0.0,1.0,10.0,0.5934132747845804,0
1769772841.1914551,1023.370233702337,0.004208823019,0.0,0.0,1.0,10.0,0.6014879318023372,0
1769772841.1947427,1031.3135420902806,0.004208823019,0.0,0.0,1.0,10.0,0.6094312401902806,0
1769772841.1976912,1039.1286809197256,0.004208823019,0.0,0.0,1.0,10.0,0.6172463790197258,0
1769772841.2021642,1046.8187274909965,0.004208823019,0.0,0.0,1.0,10.0,0.6249364255909966,0
1769772841.2060156,1054.386661373561,0.004208823019,0.0,0.0,1.0,10.0,0.6325043594735611,0
1769772841.2099843,1061.8353682552186,0.004208823019,0.0,0.0,1.0,10.0,0.6399530663552186,0
1769772841.2133002,1069.1676436107855,0.004208823019,0.0,0.0,1.0,10.0,0.6472853417107856,0
1769772841.2189395,1076.3861962000776,0.004208823019,0.0,0.0,1.0,10.0,0.6545038943000776,0
1769772841.222385,1083.4936514043864,0.004208823019,0.0,0.0,1.0,10.0,0.6616113495043865,0
1769772841.2262757,1090.4925544100802,0.004208823019,0.0,0.0,1.0,10.0,0.6686102525100803,0
1769772841.2310076,1097.3853732474422,0.004208823019,0.0,0.0,1.0,10.0,0.6755030713474421,0
1769772841.234348,1104.1745016923655,0.004208823019,0.0,0.0,1.0,10.0,0.6822921997923657,0
1769772841.2376924,1110.862262038074,0.004208823019,0.0,0.0,1.0,10.0,0.6889799601380742,0
1769772841.2407236,1117.4509077436087,0.004208823019,0.0,0.0,1.0,10.0,0.6955686058436088,0
1769772841.2441154,1123.9426259654285,0.004208823019,0.0,0.0,1.0,10.0,0.7020603240654286,0
1769772841.2478228,1130.339539978094,0.004208823019,0.0,0.0,1.0,10.0,0.708457238078094,0
1769772841.2513149,1136.64371148967,0.004208823019,0.0,0.0,1.0,10.0,0.7147614095896702,0
1769772841.25311,1137.8935939196526,0.004208823019,0.0,0.0,1.0,10.0,0.7160112920196526,0
1769772841.2541428,1137.8935939196526,0.004208823019,0.0,0.0,1.0,10.0,0.7160112920196526,0
1769772841.2551713,1137.8935939196526,0.004208823019,0.0,0.0,1.0,10.0,0.7160112920196526,0
1769772841.2578535,1115.885875308207,0.004134172511,0.0,0.0,1.0,10.0,0.701468624208207,0
1769772841.2632618,1122.0706540748513,0.004134172511,0.0,0.0,1.0,10.0,0.7076534029748512,0
1769772841.269077,1128.1695032997568,0.004134172511,0.0,0.0,1.0,10.0,0.7137522521997567,0
1769772841.2732713,1134.1842014487754,0.004134172511,0.0,0.0,1.0,10.0,0.7197669503487755,0
1769772841.2783864,1140.1164782459748,0.004134172511,0.0,0.0,1.0,10.0,0.7256992271459747,0
1769772841.2824054,1145.9680163320857,0.004134172511,0.0,0.0,1.0,10.0,0.7315507652320857,0
1769772841.286012,1151.7404528556945,0.004134172511,0.0,0.0,1.0,10.0,0.7373232017556944,0
1769772841.2900577,1157.4353810003356,0.004134172511,0.0,0.0,1.0,10.0,0.7430181299003357,0
1769772841.2936592,1163.0543514504836,0.004134172511,0.0,0.0,1.0,10.0,0.7486371003504836,0
1769772841.2969162,1168.5988737992714,0.004134172511,0.0,0.0,1.0,10.0,0.7541816226992714,0
1769772841.2997897,1172.9818780889623,0.004134172511,0.0,0.0,1.0,10.0,0.7585646269889622,0
1769772841.3013587,1172.9818780889623,0.004134172511,0.0,0.0,1.0,10.0,0.7585646269889622,0
1769772841.3027117,1172.9818780889623,0.004134172511,0.0,0.0,1.0,10.0,0.7585646269889622,0
1769772841.304666,1172.9818780889623,0.004134172511,0.0,0.0,1.0,10.0,0.7585646269889622,0
1769772841.3062334,1172.9818780889623,0.004134172511,0.0,0.0,1.0,10.0,0.7585646269889622,0
1769772841.307578,1172.9818780889623,0.004134172511,0.0,0.0,1.0,10.0,0.7585646269889622,0
1769772841.3090863,1172.9818780889623,0.004134172511,0.0,0.0,1.0,10.0,0.7585646269889622,0
1769772841.3106027,1172.9818780889623,0.004134172511,0.0,0.0,1.0,10.0,0.7585646269889622,0
1769772841.3119688,1172.9818780889623,0.004134172511,0.0,0.0,1.0,10.0,0.7585646269889622,0
1769772841.313301,1172.9818780889623,0.004134172511,0.0,0.0,1.0,10.0,0.7585646269889622,0
1769772841.31629,1104.7948591201186,0.00470318079,0.0,0.0,1.0,10.0,0.6334767801201187,0
1769772841.3216736,1110.292311471383,0.00470318079,0.0,0.0,1.0,10.0,0.6389742324713832,0
1769772841.32712,1115.72265625,0.00470318079,0.0,0.0,1.0,10.0,0.64440457725,0
1769772841.3318534,1121.0871147779667,0.00470318079,0.0,0.0,1.0,10.0,0.6497690357779666,0
1769772841.3354094,1126.3868789194405,0.00470318079,0.0,0.0,1.0,10.0,0.6550687999194404,0
1769772841.3395808,1131.623111963558,0.00470318079,0.0,0.0,1.0,10.0,0.660305032963558,0
1769772841.3419569,1134.7348303870044,0.00470318079,0.0,0.0,1.0,10.0,0.6634167513870044,0
1769772841.3430037,1134.7348303870044,0.00470318079,0.0,0.0,1.0,10.0,0.6634167513870044,0
1769772841.3439965,1134.7348303870044,0.00470318079,0.0,0.0,1.0,10.0,0.6634167513870044,0
1769772841.345016,1134.7348303870044,0.00470318079,0.0,0.0,1.0,10.0,0.6634167513870044,0
1769772841.3478518,1111.757181067566,0.004503023778,0.0,0.0,1.0,10.0,0.6604548032675662,0
1769772841.3523028,1116.8921262573708,0.004503023778,0.0,0.0,1.0,10.0,0.6655897484573708,0
1769772841.3564117,1121.968042303713,0.004503023778,0.0,0.0,1.0,10.0,0.6706656645037131,0
1769772841.35934,1126.9859412504286,0.004503023778,0.0,0.0,1.0,10.0,0.6756835634504287,0
1769772841.362292,1131.9468121377429,0.004503023778,0.0,0.0,1.0,10.0,0.680644434337743,0
1769772841.3661,1136.851621652164,0.004503023778,0.0,0.0,1.0,10.0,0.6855492438521643,0
1769772841.3704772,1141.701314754467,0.004503023778,0.0,0.0,1.0,10.0,0.6903989369544671,0
1769772841.374852,1146.4968152866243,0.004503023778,0.0,0.0,1.0,10.0,0.6951944374866245,0
1769772841.3791366,1151.2390265585063,0.004503023778,0.0,0.0,1.0,10.0,0.6999366487585065,0
1769772841.3849368,1155.9288319151287,0.004503023778,0.0,0.0,1.0,10.0,0.7046264541151289,0
1769772841.3888113,1160.567095285196,0.004503023778,0.0,0.0,1.0,10.0,0.7092647174851962,0
1769772841.392138,1165.1546617116626,0.004503023778,0.0,0.0,1.0,10.0,0.7138522839116627,0
1769772841.3957272,1169.6923578649853,0.004503023778,0.0,0.0,1.0,10.0,0.7183899800649854,0
1769772841.4003284,1174.180992539734,0.004503023778,0.0,0.0,1.0,10.0,0.722878614739734,0
1769772841.4038067,1178.621357135176,0.004503023778,0.0,0.0,1.0,10.0,0.7273189793351761,0
1769772841.4080625,1183.0142261204408,0.004503023778,0.0,0.0,1.0,10.0,0.7317118483204409,0
1769772841.412908,1187.360357484839,0.004503023778,0.0,0.0,1.0,10.0,0.7360579796848391,0
1769772841.416352,1191.660493173881,0.004503023778,0.0,0.0,1.0,10.0,0.7403581153738811,0
1769772841.419786,1195.9153595115274,0.004503023778,0.0,0.0,1.0,10.0,0.7446129817115276,0
1769772841.4243886,1200.125667609174,0.004503023778,0.0,0.0,1.0,10.0,0.7488232898091739,0
1769772841.4314723,1204.2921137618503,0.004503023778,0.0,0.0,1.0,10.0,0.7529897359618504,0
1769772841.4357574,1208.415379832107,0.004503023778,0.0,0.0,1.0,10.0,0.757113002032107,0
1769772841.4398162,1212.4961336220229,0.004503023778,0.0,0.0,1.0,10.0,0.7611937558220229,0
1769772841.4446442,1216.5350292337675,0.004503023778,0.0,0.0,1.0,10.0,0.7652326514337676,0
1769772841.448799,1220.5327074191246,0.004503023778,0.0,0.0,1.0,10.0,0.7692303296191246,0
1769772841.4536276,1224.4897959183672,0.004503023778,0.0,0.0,1.0,10.0,0.7731874181183672,0
1769772841.458002,1228.4069097888678,0.004503023778,0.0,0.0,1.0,10.0,0.777104531988868,0
1769772841.4629233,1232.2846517237913,0.004503023778,0.0,0.0,1.0,10.0,0.7809822739237914,0
1769772841.4688554,1236.1236123612362,0.004503023778,0.0,0.0,1.0,10.0,0.7848212345612363,0
1769772841.5614135,0.0,0.0,0.0,0.0,1.0,0.0,0.0,0
1769772841.567753,2272.727272727273,0.0040701177219999995,0.0,0.0,1.0,10.0,1.864715500527273,0
1769772841.5710762,2127.659574468085,0.0040701177219999995,0.0,0.0,1.0,10.0,1.7196478022680852,0
1769772841.5769565,2083.3333333333335,0.0040701177219999995,0.0,0.0,1.0,10.0,1.6753215611333336,0
1769772841.5834591,2061.8556701030925,0.0040701177219999995,0.0,0.0,1.0,10.0,1.6538438979030927,0
1769772841.5857885,2056.07476635514,0.0040701177219999995,0.0,0.0,1.0,10.0,1.6480629941551401,0
1769772841.5869088,2056.07476635514,0.0040701177219999995,0.0,0.0,1.0,10.0,1.6480629941551401,0
1769772841.5881577,2056.07476635514,0.0040701177219999995,0.0,0.0,1.0,10.0,1.6480629941551401,0
1769772841.5894835,2056.07476635514,0.0040701177219999995,0.0,0.0,1.0,10.0,1.6480629941551401,0
1769772841.5905201,2056.07476635514,0.0040701177219999995,0.0,0.0,1.0,10.0,1.6480629941551401,0
1769772841.5915785,2056.07476635514,0.0040701177219999995,0.0,0.0,1.0,10.0,1.6480629941551401,0
1769772841.592568,2056.07476635514,0.0040701177219999995,0.0,0.0,1.0,10.0,1.6480629941551401,0
1769772841.5940244,2056.07476635514,0.0040701177219999995,0.0,0.0,1.0,10.0,1.6480629941551401,0
1769772841.5952816,2056.07476635514,0.0040701177219999995,0.0,0.0,1.0,10.0,1.6480629941551401,0
1769772841.5966272,2056.07476635514,0.0040701177219999995,0.0,0.0,1.0,10.0,1.6480629941551401,0
1769772841.5978284,2056.07476635514,0.0040701177219999995,0.0,0.0,1.0,10.0,1.6480629941551401,0
1769772841.5988748,2056.07476635514,0.0040701177219999995,0.0,0.0,1.0,10.0,1.6480629941551401,0
1769772841.6000032,2056.07476635514,0.0040701177219999995,0.0,0.0,1.0,10.0,1.6480629941551401,0
1769772841.6010678,2056.07476635514,0.0040701177219999995,0.0,0.0,1.0,10.0,1.6480629941551401,0
1769772841.602113,2056.07476635514,0.0040701177219999995,0.0,0.0,1.0,10.0,1.6480629941551401,0
1769772841.603133,2056.07476635514,0.0040701177219999995,0.0,0.0,1.0,10.0,1.6480629941551401,0
1769772841.6044762,2056.07476635514,0.0040701177219999995,0.0,0.0,1.0,10.0,1.6480629941551401,0
1769772841.6056952,2056.07476635514,0.0040701177219999995,0.0,0.0,1.0,10.0,1.6480629941551401,0
1769772841.6066818,2056.07476635514,0.0040701177219999995,0.0,0.0,1.0,10.0,1.6480629941551401,0
1769772841.6077945,2056.07476635514,0.0040701177219999995,0.0,0.0,1.0,10.0,1.6480629941551401,0
1769772841.6093376,2056.07476635514,0.0040701177219999995,0.0,0.0,1.0,10.0,1.6480629941551401,0
1769772841.61066,2056.07476635514,0.0040701177219999995,0.0,0.0,1.0,10.0,1.6480629941551401,0
1769772841.612502,2056.07476635514,0.0040701177219999995,0.0,0.0,1.0,10.0,1.6480629941551401,0
1769772841.6140804,2056.07476635514,0.0040701177219999995,0.0,0.0,1.0,10.0,1.6480629941551401,0
1769772841.6154683,2056.07476635514,0.0040701177219999995,0.0,0.0,1.0,10.0,1.6480629941551401,0
1769772841.6166832,2056.07476635514,0.0040701177219999995,0.0,0.0,1.0,10.0,1.6480629941551401,0
1769772841.6179528,2056.07476635514,0.0040701177219999995,0.0,0.0,1.0,10.0,1.6480629941551401,0
1769772841.6191127,2056.07476635514,0.0040701177219999995,0.0,0.0,1.0,10.0,1.6480629941551401,0
1769772841.6203525,2056.07476635514,0.0040701177219999995,0.0,0.0,1.0,10.0,1.6480629941551401,0
1769772841.6222382,2056.07476635514,0.0040701177219999995,0.0,0.0,1.0,10.0,1.6480629941551401,0
1769772841.6242237,2056.07476635514,0.0040701177219999995,0.0,0.0,1.0,10.0,1.6480629941551401,0
1769772841.6270714,2056.07476635514,0.0040701177219999995,0.0,0.0,1.0,10.0,1.6480629941551401,0
1769772841.6298542,2056.07476635514,0.0040701177219999995,0.0,0.0,1.0,10.0,1.6480629941551401,0
1769772841.6335714,263.7826431020839,0.004837927127,0.0,0.0,1.0,10.0,-0.22101006959791603,0
1769772841.6392796,308.40400925212026,0.004837927127,0.0,0.0,1.0,10.0,-0.1763887034478797,0
1769772841.6441298,350.7892758707091,0.004837927127,0.0,0.0,1.0,10.0,-0.13400343682929083,0
1769772841.6480439,391.1024199462234,0.004837927127,0.0,0.0,1.0,10.0,-0.09369029275377655,0
1769772841.6515088,429.49176807444525,0.004837927127,0.0,0.0,1.0,10.0,-0.05530094462555468,0
1769772841.6550174,466.0918200885575,0.004837927127,0.0,0.0,1.0,10.0,-0.018700892611442477,0
1769772841.6584766,501.024823502619,0.004837927127,0.0,0.0,1.0,10.0,0.01623211080261905,0
1769772841.6619473,534.4021376085504,0.004837927127,0.0,0.0,1.0,10.0,0.049609424908550526,0
1769772841.665465,566.3254192986277,0.004837927127,0.0,0.0,1.0,10.0,0.08153270659862771,0
1769772841.6697466,596.8876572159454,0.004837927127,0.0,0.0,1.0,10.0,0.11209494451594543,0
1769772841.6733954,626.1740763932374,0.004837927127,0.0,0.0,1.0,10.0,0.14138136369323745,0
1769772841.676747,654.2629319157636,0.004837927127,0.0,0.0,1.0,10.0,0.1694702192157636,0
1769772841.6799097,681.2262071729112,0.004837927127,0.0,0.0,1.0,10.0,0.1964334944729113,0
1769772841.683368,707.1302298173247,0.004837927127,0.0,0.0,1.0,10.0,0.2223375171173247,0
1769772841.687495,732.0362165286073,0.004837927127,0.0,0.0,1.0,10.0,0.24724350382860733,0
1769772841.6891174,732.0362165286073,0.004837927127,0.0,0.0,1.0,10.0,0.24724350382860733,0
1769772841.6909094,732.0362165286073,0.004837927127,0.0,0.0,1.0,10.0,0.24724350382860733,0
1769772841.6927617,732.0362165286073,0.004837927127,0.0,0.0,1.0,10.0,0.24724350382860733,0
1769772841.696587,708.7882584571327,0.004861193779,0.0,0.0,1.0,10.0,0.22166888055713269,0
1769772841.7018566,731.4928784948127,0.004861193779,0.0,0.0,1.0,10.0,0.24437350059481272,0
1769772841.7065425,753.4128218420598,0.004861193779,0.0,0.0,1.0,10.0,0.26629344394205984,0
1769772841.7108035,774.5880754204179,0.004861193779,0.0,0.0,1.0,10.0,0.287468697520418,0
1769772841.7145092,795.0559545682312,0.004861193779,0.0,0.0,1.0,10.0,0.3079365766682312,0
1769772841.7174327,807.0117413593517,0.004861193779,0.0,0.0,1.0,10.0,0.31989236345935174,0
1769772841.718854,807.0117413593517,0.004861193779,0.0,0.0,1.0,10.0,0.31989236345935174,0
1769772841.7203581,807.0117413593517,0.004861193779,0.0,0.0,1.0,10.0,0.31989236345935174,0
1769772841.7219105,807.0117413593517,0.004861193779,0.0,0.0,1.0,10.0,0.31989236345935174,0
1769772841.7242067,807.0117413593517,0.004861193779,0.0,0.0,1.0,10.0,0.31989236345935174,0
1769772841.7258391,807.0117413593517,0.004861193779,0.0,0.0,1.0,10.0,0.31989236345935174,0
1769772841.7279844,807.0117413593517,0.004861193779,0.0,0.0,1.0,10.0,0.31989236345935174,0
1769772841.7294462,807.0117413593517,0.004861193779,0.0,0.0,1.0,10.0,0.31989236345935174,0
1769772841.7322242,807.0117413593517,0.004861193779,0.0,0.0,1.0,10.0,0.31989236345935174,0
1769772841.733825,807.0117413593517,0.004861193779,0.0,0.0,1.0,10.0,0.31989236345935174,0
1769772841.7351704,807.0117413593517,0.004861193779,0.0,0.0,1.0,10.0,0.31989236345935174,0
1769772841.7373617,807.0117413593517,0.004861193779,0.0,0.0,1.0,10.0,0.31989236345935174,0
1769772841.7392533,807.0117413593517,0.004861193779,0.0,0.0,1.0,10.0,0.31989236345935174,0
1769772841.7442958,681.9104316060073,0.004271842824,0.0,0.0,1.0,10.0,0.2537261492060073,0
1769772841.7479985,699.5060739554132,0.004271842824,0.0,0.0,1.0,10.0,0.2713217915554132,0
1769772841.7525945,716.6381240943222,0.004271842824,0.0,0.0,1.0,10.0,0.28845384169432214,0
1769772841.7559748,733.3246651930829,0.004271842824,0.0,0.0,1.0,10.0,0.3051403827930829,0
1769772841.7600222,749.5828520087281,0.004271842824,0.0,0.0,1.0,10.0,0.3213985696087281,0
1769772841.7647698,765.4289697123305,0.004271842824,0.0,0.0,1.0,10.0,0.33724468731233054,0
1769772841.767339,768.5501200859563,0.004271842824,0.0,0.0,1.0,10.0,0.34036583768595635,0
1769772841.7689106,768.5501200859563,0.004271842824,0.0,0.0,1.0,10.0,0.34036583768595635,0
1769772841.770439,768.5501200859563,0.004271842824,0.0,0.0,1.0,10.0,0.34036583768595635,0
1769772841.7719493,768.5501200859563,0.004271842824,0.0,0.0,1.0,10.0,0.34036583768595635,0
1769772841.7746146,729.352878083661,0.004098278735,0.0,0.0,1.0,10.0,0.31852500458366106,0
1769772841.7780325,744.3175126604641,0.004098278735,0.0,0.0,1.0,10.0,0.33348963916046415,0
1769772841.781393,758.933767896636,0.004098278735,0.0,0.0,1.0,10.0,0.3481058943966361,0
1769772841.784758,773.2136693130826,0.004098278735,0.0,0.0,1.0,10.0,0.3623857958130827,0
1769772841.7894325,787.1686952565124,0.004098278735,0.0,0.0,1.0,10.0,0.3763408217565124,0
1769772841.7931426,800.8098076706782,0.004098278735,0.0,0.0,1.0,10.0,0.3899819341706783,0
1769772841.796569,814.1474808141475,0.004098278735,0.0,0.0,1.0,10.0,0.4033196073141475,0
1769772841.8000007,827.1917280827192,0.004098278735,0.0,0.0,1.0,10.0,0.4163638545827193,0
1769772841.8047168,839.95212708084,0.004098278735,0.0,0.0,1.0,10.0,0.42912425358084005,0
1769772841.8094237,852.4378430739425,0.004098278735,0.0,0.0,1.0,10.0,0.4416099695739426,0
1769772841.813505,864.6576509423917,0.004098278735,0.0,0.0,1.0,10.0,0.4538297774423917,0
1769772841.8175895,876.6199557475503,0.004098278735,0.0,0.0,1.0,10.0,0.4657920822475504,0
1769772841.8221533,888.3328120112607,0.004098278735,0.0,0.0,1.0,10.0,0.47750493851126075,0
1769772841.8281837,899.8039418016717,0.004098278735,0.0,0.0,1.0,10.0,0.48897606830167184,0
1769772841.833735,911.0407517107548,0.004098278735,0.0,0.0,1.0,10.0,0.5002128782107549,0
1769772841.8381407,922.0503488019411,0.004098278735,0.0,0.0,1.0,10.0,0.5112224753019412,0
1769772841.8422298,932.8395556000401,0.004098278735,0.0,0.0,1.0,10.0,0.5220116821000401,0
1769772841.8461685,943.4149241898722,0.004098278735,0.0,0.0,1.0,10.0,0.5325870506898722,0
1769772841.8518033,953.7827494848397,0.004098278735,0.0,0.0,1.0,10.0,0.5429548759848397,0
1769772841.856524,963.9490817218929,0.004098278735,0.0,0.0,1.0,10.0,0.5531212082218929,0
1769772841.8611245,973.9197382350111,0.004098278735,0.0,0.0,1.0,10.0,0.5630918647350112,0
1769772841.8656838,983.7003145553332,0.004098278735,0.0,0.0,1.0,10.0,0.5728724410553333,0
1769772841.869095,993.2961948824475,0.004098278735,0.0,0.0,1.0,10.0,0.5824683213824475,0
1769772841.8726082,1002.7125619680106,0.004098278735,0.0,0.0,1.0,10.0,0.5918846884680107,0
1769772841.875987,1011.9544064498192,0.004098278735,0.0,0.0,1.0,10.0,0.6011265329498192,0
1769772841.8801036,1021.0265356716554,0.004098278735,0.0,0.0,1.0,10.0,0.6101986621716555,0
1769772841.8842268,1029.933582021654,0.004098278735,0.0,0.0,1.0,10.0,0.619105708521654,0
1769772841.8869517,1033.4511830296437,0.004098278735,0.0,0.0,1.0,10.0,0.6226233095296438,0
1769772841.8901293,1033.4511830296437,0.004098278735,0.0,0.0,1.0,10.0,0.6226233095296438,0
1769772841.892098,1033.4511830296437,0.004098278735,0.0,0.0,1.0,10.0,0.6226233095296438,0
1769772841.8938508,1033.4511830296437,0.004098278735,0.0,0.0,1.0,10.0,0.6226233095296438,0
1769772841.8961754,1033.4511830296437,0.004098278735,0.0,0.0,1.0,10.0,0.6226233095296438,0
1769772841.897714,1033.4511830296437,0.004098278735,0.0,0.0,1.0,10.0,0.6226233095296438,0
1769772841.8990326,1033.4511830296437,0.004098278735,0.0,0.0,1.0,10.0,0.6226233095296438,0
1769772841.9003348,1033.4511830296437,0.004098278735,0.0,0.0,1.0,10.0,0.6226233095296438,0
1769772841.901577,1033.4511830296437,0.004098278735,0.0,0.0,1.0,10.0,0.6226233095296438,0
1769772841.903042,1033.4511830296437,0.004098278735,0.0,0.0,1.0,10.0,0.6226233095296438,0
1769772841.9043405,1033.4511830296437,0.004098278735,0.0,0.0,1.0,10.0,0.6226233095296438,0
1769772841.9055219,1033.4511830296437,0.004098278735,0.0,0.0,1.0,10.0,0.6226233095296438,0
1769772841.9078681,1033.4511830296437,0.004098278735,0.0,0.0,1.0,10.0,0.6226233095296438,0
1769772841.9125273,930.4579597770778,0.004867040928,0.0,0.0,1.0,10.0,0.44275386697707775,0
1769772841.9165275,939.0273215287236,0.004867040928,0.0,0.0,1.0,10.0,0.45132322872872366,0
1769772841.9217286,947.4604562435419,0.004867040928,0.0,0.0,1.0,10.0,0.45975636344354187,0
1769772841.9267929,955.7605867045187,0.004867040928,0.0,0.0,1.0,10.0,0.46805649390451864,0
1769772841.9301367,963.9308348329552,0.004867040928,0.0,0.0,1.0,10.0,0.4762267420329551,0
1769772841.934258,971.9742256036022,0.004867040928,0.0,0.0,1.0,10.0,0.4842701328036022,0
1769772841.9384735,979.8936907788307,0.004867040928,0.0,0.0,1.0,10.0,0.49218959797883066,0
1769772841.9426022,987.6920724715236,0.004867040928,0.0,0.0,1.0,10.0,0.49998797967152353,0
1769772841.9463627,995.3721265457857,0.004867040928,0.0,0.0,1.0,10.0,0.5076680337457857,0
1769772841.9493809,1002.9365258640162,0.004867040928,0.0,0.0,1.0,10.0,0.5152324330640161,0
1769772841.9525259,1010.3878633883864,0.004867040928,0.0,0.0,1.0,10.0,0.5226837705883864,0
1769772841.953838,1011.8647862099843,0.004867040928,0.0,0.0,1.0,10.0,0.5241606934099843,0
1769772841.9566984,1011.8647862099843,0.004867040928,0.0,0.0,1.0,10.0,0.5241606934099843,0
1769772841.9610648,1002.5575447570332,0.004506560002,0.0,0.0,1.0,10.0,0.5509015445570332,0
1769772841.9653711,1009.7932535364527,0.004506560002,0.0,0.0,1.0,10.0,0.5581372533364527,0
1769772841.969796,1016.9247389268995,0.004506560002,0.0,0.0,1.0,10.0,0.5652687387268996,0
1769772841.974253,1023.9542366821595,0.004506560002,0.0,0.0,1.0,10.0,0.5722982364821595,0
1769772841.9787474,1030.8839190628328,0.004506560002,0.0,0.0,1.0,10.0,0.5792279188628328,0
1769772841.9827716,1037.7158970743742,0.004506560002,0.0,0.0,1.0,10.0,0.5860598968743743,0
1769772841.9882524,1044.4522226111305,0.004506560002,0.0,0.0,1.0,10.0,0.5927962224111306,0
1769772841.9949484,1051.094890510949,0.004506560002,0.0,0.0,1.0,10.0,0.599438890310949,0
1769772841.9994912,1057.6458405246808,0.004506560002,0.0,0.0,1.0,10.0,0.605989840324681,0
1769772842.0054653,1064.1069592046624,0.004506560002,0.0,0.0,1.0,10.0,0.6124509590046624,0
1769772842.0090706,1070.4800817160367,0.004506560002,0.0,0.0,1.0,10.0,0.6188240815160367,0
1769772842.0124304,1076.766993574569,0.004506560002,0.0,0.0,1.0,10.0,0.625110993374569,0
1769772842.0159066,1082.9694323144106,0.004506560002,0.0,0.0,1.0,10.0,0.6313134321144106,0
1769772842.0201967,1089.0890890890892,0.004506560002,0.0,0.0,1.0,10.0,0.6374330888890892,0
1769772842.0225925,1090.3032322559147,0.004506560002,0.0,0.0,1.0,10.0,0.6386472320559148,0
1769772842.024349,1090.3032322559147,0.004506560002,0.0,0.0,1.0,10.0,0.6386472320559148,0
1769772842.0273793,1075.9162303664923,0.00441562904,0.0,0.0,1.0,10.0,0.6333533263664924,0
1769772842.031779,1081.924577373212,0.00441562904,0.0,0.0,1.0,10.0,0.639361673373212,0
1769772842.036012,1087.8552971576228,0.00441562904,0.0,0.0,1.0,10.0,0.6452923931576228,0
1769772842.0389826,1093.7098844672657,0.00441562904,0.0,0.0,1.0,10.0,0.6511469804672657,0
1769772842.0420647,1099.4897959183675,0.00441562904,0.0,0.0,1.0,10.0,0.6569268919183676,0
1769772842.0454283,1105.1964512040558,0.00441562904,0.0,0.0,1.0,10.0,0.662633547204056,0
1769772842.0498614,1110.831234256927,0.00441562904,0.0,0.0,1.0,10.0,0.6682683302569271,0
1769772842.0533092,1116.3954943679598,0.00441562904,0.0,0.0,1.0,10.0,0.67383259036796,0
1769772842.0567558,1121.8905472636818,0.00441562904,0.0,0.0,1.0,10.0,0.6793276432636818,0
1769772842.0599554,1127.317676143387,0.00441562904,0.0,0.0,1.0,10.0,0.684754772143387,0
1769772842.0652788,1132.6781326781327,0.00441562904,0.0,0.0,1.0,10.0,0.6901152286781328,0
1769772842.0693655,1137.9731379731381,0.00441562904,0.0,0.0,1.0,10.0,0.6954102339731382,0
1769772842.0736353,1143.2038834951456,0.00441562904,0.0,0.0,1.0,10.0,0.7006409794951457,0
1769772842.0787625,1148.3715319662244,0.00441562904,0.0,0.0,1.0,10.0,0.7058086279662245,0
1769772842.0833104,1153.4772182254196,0.00441562904,0.0,0.0,1.0,10.0,0.7109143142254196,0
1769772842.0873992,1158.5220500595947,0.00441562904,0.0,0.0,1.0,10.0,0.7159591460595948,0
1769772842.0909824,1163.5071090047395,0.00441562904,0.0,0.0,1.0,10.0,0.7209442050047395,0
1769772842.0955365,1168.4334511189634,0.00441562904,0.0,0.0,1.0,10.0,0.7258705471189634,0
1769772842.0998623,1173.3021077283374,0.00441562904,0.0,0.0,1.0,10.0,0.7307392037283374,0
1769772842.1042783,1178.1140861466822,0.00441562904,0.0,0.0,1.0,10.0,0.7355511821466824,0
1769772842.1089811,1182.8703703703702,0.00441562904,0.0,0.0,1.0,10.0,0.7403074663703703,0
1769772842.1142712,1187.5719217491371,0.00441562904,0.0,0.0,1.0,10.0,0.7450090177491372,0
1769772842.1197393,1192.2196796338671,0.00441562904,0.0,0.0,1.0,10.0,0.7496567756338671,0
1769772842.1268327,1196.8145620022754,0.00441562904,0.0,0.0,1.0,10.0,0.7542516580022754,0
1769772842.13131,1201.3574660633485,0.00441562904,0.0,0.0,1.0,10.0,0.7587945620633486,0
1769772842.135295,1205.8492688413949,0.00441562904,0.0,0.0,1.0,10.0,0.7632863648413949,0
1769772842.1396868,1210.2908277404922,0.00441562904,0.0,0.0,1.0,10.0,0.7677279237404923,0
1769772842.1430435,1214.6829810901002,0.00441562904,0.0,0.0,1.0,10.0,0.7721200770901001,0
1769772842.1467056,1219.0265486725664,0.00441562904,0.0,0.0,1.0,10.0,0.7764636446725665,0
1769772842.1504233,1223.3223322332233,0.00441562904,0.0,0.0,1.0,10.0,0.7807594282332234,0
1769772842.1544013,1227.5711159737418,0.00441562904,0.0,0.0,1.0,10.0,0.7850082119737419,0
1769772842.1579788,1231.7736670293798,0.00441562904,0.0,0.0,1.0,10.0,0.7892107630293798,0
1769772842.161641,1235.9307359307359,0.00441562904,0.0,0.0,1.0,10.0,0.7933678319307359,0
1769772842.1651661,1240.043057050592,0.00441562904,0.0,0.0,1.0,10.0,0.797480153050592,0
1769772842.1707566,1244.1113490364025,0.00441562904,0.0,0.0,1.0,10.0,0.8015484450364027,0
1769772842.1751983,1248.1363152289669,0.00441562904,0.0,0.0,1.0,10.0,0.8055734112289669,0
1769772842.1801066,1252.1186440677966,0.00441562904,0.0,0.0,1.0,10.0,0.8095557400677967,0
1769772842.1854243,1256.059009483667,0.00441562904,0.0,0.0,1.0,10.0,0.813496105483667,0
1769772842.1891673,1259.958071278826,0.00441562904,0.0,0.0,1.0,10.0,0.8173951672788261,0
1769772842.1925187,1263.8164754953077,0.00441562904,0.0,0.0,1.0,10.0,0.8212535714953079,0
1769772842.1959374,1267.6348547717841,0.00441562904,0.0,0.0,1.0,10.0,0.8250719507717842,0
1769772842.1999536,1271.4138286893706,0.00441562904,0.0,0.0,1.0,10.0,0.8288509246893706,0
1769772842.2032695,1275.1540041067763,0.00441562904,0.0,0.0,1.0,10.0,0.8325911001067764,0
1769772842.2066796,1278.855975485189,0.00441562904,0.0,0.0,1.0,10.0,0.8362930714851889,0
1769772842.2100556,1282.520325203252,0.00441562904,0.0,0.0,1.0,10.0,0.839957421203252,0
1769772842.21447,1286.1476238624873,0.00441562904,0.0,0.0,1.0,10.0,0.8435847198624874,0
1769772842.2194424,1289.738430583501,0.00441562904,0.0,0.0,1.0,10.0,0.8471755265835009,0
1769772842.2228577,1293.2932932932933,0.00441562904,0.0,0.0,1.0,10.0,0.8507303892932935,0
1769772842.3146467,0.0,0.0,0.0,0.0,1.0,0.0,0.0,0
1769772842.3221402,2083.3333333333335,0.004020954346,0.0,0.0,1.0,10.0,1.6802378987333335,0
1769772842.32907,2040.816326530612,0.004020954346,0.0,0.0,1.0,10.0,1.6377208919306123,0
1769772842.333833,2027.027027027027,0.004020954346,0.0,0.0,1.0,10.0,1.6239315924270272,0
1769772842.3383384,2020.20202020202,0.004020954346,0.0,0.0,1.0,10.0,1.6171065856020204,0
1769772842.3429492,2016.1290322580646,0.004020954346,0.0,0.0,1.0,10.0,1.6130335976580645,0
1769772842.3462582,2013.4228187919464,0.004020954346,0.0,0.0,1.0,10.0,1.6103273841919465,0
1769772842.350066,2011.4942528735633,0.004020954346,0.0,0.0,1.0,10.0,1.6083988182735633,0
1769772842.353406,2010.0502512562816,0.004020954346,0.0,0.0,1.0,10.0,1.6069548166562817,0
1769772842.35637,2008.9285714285713,0.004020954346,0.0,0.0,1.0,10.0,1.6058331368285712,0
1769772842.3583088,1841.8418418418419,0.004590866271,0.0,0.0,1.0,10.0,1.381755214741842,0
1769772842.361589,1856.2329390354869,0.004590866271,0.0,0.0,1.0,10.0,1.396146311935487,0
1769772842.3656607,1868.2235195996664,0.004590866271,0.0,0.0,1.0,10.0,1.4081368924996664,0
1769772842.3699021,1878.367975365666,0.004590866271,0.0,0.0,1.0,10.0,1.4182813482656662,0
1769772842.3740013,1887.0621872766262,0.004590866271,0.0,0.0,1.0,10.0,1.4269755601766263,0
1769772842.3781953,1894.596397598399,0.004590866271,0.0,0.0,1.0,10.0,1.4345097704983991,0
1769772842.3835034,1901.1882426516572,0.004590866271,0.0,0.0,1.0,10.0,1.4411016155516574,0
1769772842.3870983,1907.0041200706296,0.004590866271,0.0,0.0,1.0,10.0,1.4469174929706297,0
1769772842.3903112,1912.1734296831573,0.004590866271,0.0,0.0,1.0,10.0,1.4520868025831575,0
1769772842.3946214,1916.7983149025804,0.004590866271,0.0,0.0,1.0,10.0,1.4567116878025805,0
1769772842.3988476,1920.9604802401202,0.004590866271,0.0,0.0,1.0,10.0,1.4608738531401204,0
1769772842.4033408,1924.7260600285852,0.004590866271,0.0,0.0,1.0,10.0,1.4646394329285852,0
1769772842.4071991,1928.149158708504,0.004590866271,0.0,0.0,1.0,10.0,1.468062531608504,0
1769772842.4115062,1931.2744671596347,0.004590866271,0.0,0.0,1.0,10.0,1.4711878400596348,0
1769772842.415641,1934.1392246769487,0.004590866271,0.0,0.0,1.0,10.0,1.474052597576949,0
1769772842.4190965,1936.264622831787,0.004590866271,0.0,0.0,1.0,10.0,1.476177995731787,0
1769772842.4201598,1936.264622831787,0.004590866271,0.0,0.0,1.0,10.0,1.476177995731787,0
1769772842.421157,1936.264622831787,0.004590866271,0.0,0.0,1.0,10.0,1.476177995731787,0
1769772842.4227278,1936.264622831787,0.004590866271,0.0,0.0,1.0,10.0,1.476177995731787,0
1769772842.4243133,1936.264622831787,0.004590866271,0.0,0.0,1.0,10.0,1.476177995731787,0
1769772842.42601,1936.264622831787,0.004590866271,0.0,0.0,1.0,10.0,1.476177995731787,0
1769772842.4279592,1936.264622831787,0.004590866271,0.0,0.0,1.0,10.0,1.476177995731787,0
1769772842.4296024,1936.264622831787,0.004590866271,0.0,0.0,1.0,10.0,1.476177995731787,0
1769772842.4309218,1936.264622831787,0.004590866271,0.0,0.0,1.0,10.0,1.476177995731787,0
1769772842.4323533,1936.264622831787,0.004590866271,0.0,0.0,1.0,10.0,1.476177995731787,0
1769772842.433437,1936.264622831787,0.004590866271,0.0,0.0,1.0,10.0,1.476177995731787,0
1769772842.4343824,1936.264622831787,0.004590866271,0.0,0.0,1.0,10.0,1.476177995731787,0
1769772842.4359922,1936.264622831787,0.004590866271,0.0,0.0,1.0,10.0,1.476177995731787,0
1769772842.4375513,1936.264622831787,0.004590866271,0.0,0.0,1.0,10.0,1.476177995731787,0
1769772842.4386013,1936.264622831787,0.004590866271,0.0,0.0,1.0,10.0,1.476177995731787,0
1769772842.4396954,1936.264622831787,0.004590866271,0.0,0.0,1.0,10.0,1.476177995731787,0
1769772842.4436212,1223.391240518718,0.0046670342379999995,0.0,0.0,1.0,10.0,0.755687816718718,0
1769772842.447032,1241.939336040124,0.0046670342379999995,0.0,0.0,1.0,10.0,0.7742359122401241,0
1769772842.4500515,1259.6221133659901,0.0046670342379999995,0.0,0.0,1.0,10.0,0.7919186895659902,0
1769772842.453585,1276.4987462958743,0.0046670342379999995,0.0,0.0,1.0,10.0,0.8087953224958744,0
1769772842.4574676,1292.6231334967683,0.0046670342379999995,0.0,0.0,1.0,10.0,0.8249197096967684,0
1769772842.461433,1308.0444735120996,0.0046670342379999995,0.0,0.0,1.0,10.0,0.8403410497120996,0
1769772842.4652956,1322.8077661617237,0.0046670342379999995,0.0,0.0,1.0,10.0,0.8551043423617237,0
1769772842.4693608,1336.9542510967203,0.0046670342379999995,0.0,0.0,1.0,10.0,0.8692508272967203,0
1769772842.4727733,1350.521792510743,0.0046670342379999995,0.0,0.0,1.0,10.0,0.8828183687107429,0
1769772842.4760199,1363.5452175656708,0.0046670342379999995,0.0,0.0,1.0,10.0,0.8958417937656709,0
1769772842.4791086,1376.0566149007275,0.0046670342379999995,0.0,0.0,1.0,10.0,0.9083531911007277,0
1769772842.4820735,1388.0855986119143,0.0046670342379999995,0.0,0.0,1.0,10.0,0.9203821748119143,0
1769772842.485999,1399.659542273501,0.0046670342379999995,0.0,0.0,1.0,10.0,0.9319561184735012,0
1769772842.489477,1410.8037868943754,0.0046670342379999995,0.0,0.0,1.0,10.0,0.9431003630943755,0
1769772842.4930403,1421.5418261344996,0.0046670342379999995,0.0,0.0,1.0,10.0,0.9538384023344997,0
1769772842.4965742,1431.8954716305711,0.0046670342379999995,0.0,0.0,1.0,10.0,0.9641920478305712,0
1769772842.5022154,1441.885000879198,0.0046670342379999995,0.0,0.0,1.0,10.0,0.9741815770791982,0
1769772842.5064385,1451.5292897874547,0.0046670342379999995,0.0,0.0,1.0,10.0,0.9838258659874548,0
1769772842.5107653,1460.8459317139461,0.0046670342379999995,0.0,0.0,1.0,10.0,0.9931425079139462,0
1769772842.5171921,1474.5621351125938,0.004282375049,0.0,0.0,1.0,10.0,1.0453246302125938,0
1769772842.521225,1483.1829368334702,0.004282375049,0.0,0.0,1.0,10.0,1.0539454319334702,0
1769772842.525437,1491.5254237288134,0.004282375049,0.0,0.0,1.0,10.0,1.0622879188288135,0
1769772842.528185,1494.7874899759424,0.004282375049,0.0,0.0,1.0,10.0,1.0655499850759427,0
1769772842.5300453,1494.7874899759424,0.004282375049,0.0,0.0,1.0,10.0,1.0655499850759427,0
1769772842.5321705,1494.7874899759424,0.004282375049,0.0,0.0,1.0,10.0,1.0655499850759427,0
1769772842.5339131,1494.7874899759424,0.004282375049,0.0,0.0,1.0,10.0,1.0655499850759427,0
1769772842.5354385,1494.7874899759424,0.004282375049,0.0,0.0,1.0,10.0,1.0655499850759427,0
1769772842.5368528,1494.7874899759424,0.004282375049,0.0,0.0,1.0,10.0,1.0655499850759427,0
1769772842.5382996,1494.7874899759424,0.004282375049,0.0,0.0,1.0,10.0,1.0655499850759427,0
1769772842.5411866,1346.126306744952,0.004228782363,0.0,0.0,1.0,10.0,0.9222480704449519,0
1769772842.544819,1355.3578991952563,0.004228782363,0.0,0.0,1.0,10.0,0.9314796628952563,0
1769772842.549425,1364.332451621885,0.004228782363,0.0,0.0,1.0,10.0,0.9404542153218848,0
1769772842.5534227,1373.060551970342,0.004228782363,0.0,0.0,1.0,10.0,0.949182315670342,0
1769772842.5572975,1381.5522145469322,0.004228782363,0.0,0.0,1.0,10.0,0.957673978246932,0
1769772842.5608346,1389.8169183482562,0.004228782363,0.0,0.0,1.0,10.0,0.9659386820482562,0
1769772842.564976,1397.8636423579057,0.004228782363,0.0,0.0,1.0,10.0,0.9739854060579057,0
1769772842.5675685,1402.5906057830696,0.004228782363,0.0,0.0,1.0,10.0,0.9787123694830696,0
1769772842.5687802,1402.5906057830696,0.004228782363,0.0,0.0,1.0,10.0,0.9787123694830696,0
1769772842.5700548,1402.5906057830696,0.004228782363,0.0,0.0,1.0,10.0,0.9787123694830696,0
1769772842.5712013,1402.5906057830696,0.004228782363,0.0,0.0,1.0,10.0,0.9787123694830696,0
1769772842.572631,1402.5906057830696,0.004228782363,0.0,0.0,1.0,10.0,0.9787123694830696,0
1769772842.5748582,1317.8767541183647,0.004386556326,0.0,0.0,1.0,10.0,0.8782211215183647,0
1769772842.5790195,1326.1000602772756,0.004386556326,0.0,0.0,1.0,10.0,0.8864444276772757,0
1769772842.583186,1334.1274568195356,0.004386556326,0.0,0.0,1.0,10.0,0.8944718242195356,0
1769772842.5870955,1341.9658622719248,0.004386556326,0.0,0.0,1.0,10.0,0.9023102296719249,0
1769772842.5909865,1349.6218731820825,0.004386556326,0.0,0.0,1.0,10.0,0.9099662405820826,0
1769772842.5930057,1349.6218731820825,0.004386556326,0.0,0.0,1.0,10.0,0.9099662405820826,0
1769772842.5949183,1349.6218731820825,0.004386556326,0.0,0.0,1.0,10.0,0.9099662405820826,0
1769772842.5966718,1349.6218731820825,0.004386556326,0.0,0.0,1.0,10.0,0.9099662405820826,0
1769772842.5983257,1349.6218731820825,0.004386556326,0.0,0.0,1.0,10.0,0.9099662405820826,0
1769772842.600022,1349.6218731820825,0.004386556326,0.0,0.0,1.0,10.0,0.9099662405820826,0
1769772842.6014984,1349.6218731820825,0.004386556326,0.0,0.0,1.0,10.0,0.9099662405820826,0
1769772842.6027958,1349.6218731820825,0.004386556326,0.0,0.0,1.0,10.0,0.9099662405820826,0
1769772842.604079,1349.6218731820825,0.004386556326,0.0,0.0,1.0,10.0,0.9099662405820826,0
1769772842.606399,1349.6218731820825,0.004386556326,0.0,0.0,1.0,10.0,0.9099662405820826,0
1769772842.6085596,1349.6218731820825,0.004386556326,0.0,0.0,1.0,10.0,0.9099662405820826,0
1769772842.6135488,1218.3789364997417,0.004570717068,0.0,0.0,1.0,10.0,0.7603072296997417,0
1769772842.6182485,1226.3668880940215,0.004570717068,0.0,0.0,1.0,10.0,0.7682951812940215,0
1769772842.624496,1234.1932220536166,0.004570717068,0.0,0.0,1.0,10.0,0.7761215152536167,0
1769772842.6280658,1241.862794191287,0.004570717068,0.0,0.0,1.0,10.0,0.7837910873912872,0
1769772842.6316857,1249.3802677243432,0.004570717068,0.0,0.0,1.0,10.0,0.7913085609243433,0
1769772842.6378465,1256.750122729504,0.004570717068,0.0,0.0,1.0,10.0,0.7986784159295042,0
1769772842.6422696,1263.9766650461838,0.004570717068,0.0,0.0,1.0,10.0,0.8059049582461839,0
1769772842.645098,1266.8280871670704,0.004570717068,0.0,0.0,1.0,10.0,0.8087563803670705,0
1769772842.646735,1266.8280871670704,0.004570717068,0.0,0.0,1.0,10.0,0.8087563803670705,0
1769772842.6485007,1266.8280871670704,0.004570717068,0.0,0.0,1.0,10.0,0.8087563803670705,0
1769772842.6506722,1266.8280871670704,0.004570717068,0.0,0.0,1.0,10.0,0.8087563803670705,0
1769772842.6546934,1226.2665555246826,0.004390311079,0.0,0.0,1.0,10.0,0.7862354476246828,0
1769772842.6589744,1233.366981738093,0.004390311079,0.0,0.0,1.0,10.0,0.793335873838093,0
1769772842.6624835,1240.3382740747477,0.004390311079,0.0,0.0,1.0,10.0,0.8003071661747477,0
1769772842.6663556,1247.1839235829505,0.004390311079,0.0,0.0,1.0,10.0,0.8071528156829505,0
1769772842.6704729,1253.907296597303,0.004390311079,0.0,0.0,1.0,10.0,0.813876188697303,0
1769772842.674286,1260.5116402584756,0.004390311079,0.0,0.0,1.0,10.0,0.8204805323584757,0
1769772842.6779172,1267.0000877423884,0.004390311079,0.0,0.0,1.0,10.0,0.8269689798423884,0
1769772842.6824763,1273.3756632164914,0.004390311079,0.0,0.0,1.0,10.0,0.8333445553164914,0
1769772842.686799,1279.6412865396223,0.004390311079,0.0,0.0,1.0,10.0,0.8396101786396223,0
1769772842.6908972,1285.7997777207831,0.004390311079,0.0,0.0,1.0,10.0,0.8457686698207832,0
1769772842.6950874,1291.85386115114,0.004390311079,0.0,0.0,1.0,10.0,0.8518227532511401,0
1769772842.6989834,1297.8061696225939,0.004390311079,0.0,0.0,1.0,10.0,0.857775061722594,0
1769772842.7029977,1303.6592481453697,0.004390311079,0.0,0.0,1.0,10.0,0.8636281402453697,0
1769772842.7066004,1309.4155575762586,0.004390311079,0.0,0.0,1.0,10.0,0.8693844496762587,0
1769772842.7099469,1315.0774780683776,0.004390311079,0.0,0.0,1.0,10.0,0.8750463701683776,0
1769772842.7153473,1317.3163357031951,0.004390311079,0.0,0.0,1.0,10.0,0.8772852278031952,0
1769772842.7201695,1307.506053268765,0.0046154072669999996,0.0,0.0,1.0,10.0,0.844965326568765,0
1769772842.72308,1309.7345132743362,0.0046154072669999996,0.0,0.0,1.0,10.0,0.8471937865743363,0
1769772842.7246876,1309.7345132743362,0.0046154072669999996,0.0,0.0,1.0,10.0,0.8471937865743363,0
1769772842.7284029,1309.7345132743362,0.0046154072669999996,0.0,0.0,1.0,10.0,0.8471937865743363,0
1769772842.7306888,1309.7345132743362,0.0046154072669999996,0.0,0.0,1.0,10.0,0.8471937865743363,0
1769772842.7326088,1309.7345132743362,0.0046154072669999996,0.0,0.0,1.0,10.0,0.8471937865743363,0
1769772842.736879,1268.9612689612688,0.004287819142,0.0,0.0,1.0,10.0,0.8391793547612688,0
1769772842.740342,1274.54726064033,0.004287819142,0.0,0.0,1.0,10.0,0.8447653464403301,0
1769772842.7441761,1280.0485326457876,0.004287819142,0.0,0.0,1.0,10.0,0.8502666184457878,0
1769772842.7473552,1285.4669978174156,0.004287819142,0.0,0.0,1.0,10.0,0.8556850836174156,0
1769772842.7508357,1290.8045118398445,0.004287819142,0.0,0.0,1.0,10.0,0.8610225976398446,0
1769772842.754021,1296.0628753614592,0.004287819142,0.0,0.0,1.0,10.0,0.8662809611614591,0
1769772842.758736,1301.2438360197248,0.004287819142,0.0,0.0,1.0,10.0,0.8714619218197247,0
1769772842.760934,1302.270889983097,0.004287819142,0.0,0.0,1.0,10.0,0.872488975783097,0
1769772842.7624588,1302.270889983097,0.004287819142,0.0,0.0,1.0,10.0,0.872488975783097,0
1769772842.7640934,1302.270889983097,0.004287819142,0.0,0.0,1.0,10.0,0.872488975783097,0
1769772842.766133,1302.270889983097,0.004287819142,0.0,0.0,1.0,10.0,0.872488975783097,0
1769772842.7680671,1302.270889983097,0.004287819142,0.0,0.0,1.0,10.0,0.872488975783097,0
1769772842.7697413,1302.270889983097,0.004287819142,0.0,0.0,1.0,10.0,0.872488975783097,0
1769772842.7717104,1302.270889983097,0.004287819142,0.0,0.0,1.0,10.0,0.872488975783097,0
1769772842.773484,1302.270889983097,0.004287819142,0.0,0.0,1.0,10.0,0.872488975783097,0
1769772842.775158,1302.270889983097,0.004287819142,0.0,0.0,1.0,10.0,0.872488975783097,0
1769772842.7766593,1302.270889983097,0.004287819142,0.0,0.0,1.0,10.0,0.872488975783097,0
1769772842.7780366,1302.270889983097,0.004287819142,0.0,0.0,1.0,10.0,0.872488975783097,0
1769772842.7792556,1302.270889983097,0.004287819142,0.0,0.0,1.0,10.0,0.872488975783097,0
1769772842.7805161,1302.270889983097,0.004287819142,0.0,0.0,1.0,10.0,0.872488975783097,0
1769772842.7815557,1302.270889983097,0.004287819142,0.0,0.0,1.0,10.0,0.872488975783097,0
1769772842.7829404,1302.270889983097,0.004287819142,0.0,0.0,1.0,10.0,0.872488975783097,0
1769772842.784227,1302.270889983097,0.004287819142,0.0,0.0,1.0,10.0,0.872488975783097,0
1769772842.7854629,1302.270889983097,0.004287819142,0.0,0.0,1.0,10.0,0.872488975783097,0
1769772842.7902648,1164.695177434031,0.004066126305,0.0,0.0,1.0,10.0,0.7570825469340311,0
1769772842.7937872,1170.0891127469974,0.004066126305,0.0,0.0,1.0,10.0,0.7624764822469975,0
1769772842.7970765,1175.4138329269858,0.004066126305,0.0,0.0,1.0,10.0,0.7678012024269859,0
1769772842.800767,1180.6706617365803,0.004066126305,0.0,0.0,1.0,10.0,0.7730580312365803,0
1769772842.8041432,1185.860889395667,0.004066126305,0.0,0.0,1.0,10.0,0.7782482588956671,0
1769772842.807446,1190.9857736371648,0.004066126305,0.0,0.0,1.0,10.0,0.7833731431371648,0
1769772842.8104641,1196.046540723133,0.004066126305,0.0,0.0,1.0,10.0,0.7884339102231329,0
1769772842.8173206,1201.0443864229767,0.004066126305,0.0,0.0,1.0,10.0,0.7934317559229768,0
1769772842.8210547,1204.0133779264213,0.004066126305,0.0,0.0,1.0,10.0,0.7964007474264213,0
1769772842.8225992,1204.0133779264213,0.004066126305,0.0,0.0,1.0,10.0,0.7964007474264213,0
1769772842.8242555,1204.0133779264213,0.004066126305,0.0,0.0,1.0,10.0,0.7964007474264213,0
1769772842.8255615,1204.0133779264213,0.004066126305,0.0,0.0,1.0,10.0,0.7964007474264213,0
1769772842.8268352,1204.0133779264213,0.004066126305,0.0,0.0,1.0,10.0,0.7964007474264213,0
1769772842.8282263,1204.0133779264213,0.004066126305,0.0,0.0,1.0,10.0,0.7964007474264213,0
1769772842.8295078,1204.0133779264213,0.004066126305,0.0,0.0,1.0,10.0,0.7964007474264213,0
1769772842.8329432,1157.9759150501277,0.004304555565,0.0,0.0,1.0,10.0,0.7265203585501276,0
1769772842.8345454,1157.9759150501277,0.004304555565,0.0,0.0,1.0,10.0,0.7265203585501276,0
1769772842.8363667,1157.9759150501277,0.004304555565,0.0,0.0,1.0,10.0,0.7265203585501276,0
1769772842.8379822,1157.9759150501277,0.004304555565,0.0,0.0,1.0,10.0,0.7265203585501276,0
1769772842.8398783,1157.9759150501277,0.004304555565,0.0,0.0,1.0,10.0,0.7265203585501276,0
1769772842.8412497,1157.9759150501277,0.004304555565,0.0,0.0,1.0,10.0,0.7265203585501276,0
1769772842.8425808,1157.9759150501277,0.004304555565,0.0,0.0,1.0,10.0,0.7265203585501276,0
1769772842.843977,1157.9759150501277,0.004304555565,0.0,0.0,1.0,10.0,0.7265203585501276,0
1769772842.845226,1157.9759150501277,0.004304555565,0.0,0.0,1.0,10.0,0.7265203585501276,0
1769772842.8469915,1157.9759150501277,0.004304555565,0.0,0.0,1.0,10.0,0.7265203585501276,0
1769772842.8486035,1157.9759150501277,0.004304555565,0.0,0.0,1.0,10.0,0.7265203585501276,0
1769772842.8504891,1157.9759150501277,0.004304555565,0.0,0.0,1.0,10.0,0.7265203585501276,0
1769772842.8520544,1157.9759150501277,0.004304555565,0.0,0.0,1.0,10.0,0.7265203585501276,0
1769772842.8541112,1157.9759150501277,0.004304555565,0.0,0.0,1.0,10.0,0.7265203585501276,0
1769772842.85618,1157.9759150501277,0.004304555565,0.0,0.0,1.0,10.0,0.7265203585501276,0
1769772842.8577175,1157.9759150501277,0.004304555565,0.0,0.0,1.0,10.0,0.7265203585501276,0
1769772842.859331,1157.9759150501277,0.004304555565,0.0,0.0,1.0,10.0,0.7265203585501276,0
1769772842.8609066,1157.9759150501277,0.004304555565,0.0,0.0,1.0,10.0,0.7265203585501276,0
1769772842.862881,1157.9759150501277,0.004304555565,0.0,0.0,1.0,10.0,0.7265203585501276,0
1769772842.8642306,1157.9759150501277,0.004304555565,0.0,0.0,1.0,10.0,0.7265203585501276,0
1769772842.8654134,1157.9759150501277,0.004304555565,0.0,0.0,1.0,10.0,0.7265203585501276,0
1769772842.8665826,1157.9759150501277,0.004304555565,0.0,0.0,1.0,10.0,0.7265203585501276,0
1769772842.870317,1027.199832293905,0.004420551959,0.0,0.0,1.0,10.0,0.584144636393905,0
1769772842.8765707,1032.2715186903706,0.004420551959,0.0,0.0,1.0,10.0,0.5892163227903705,0
1769772842.8827465,1037.2905969607386,0.004420551959,0.0,0.0,1.0,10.0,0.5942354010607386,0
1769772842.8859792,1039.283680968894,0.004420551959,0.0,0.0,1.0,10.0,0.596228485068894,0
1769772842.888475,1039.283680968894,0.004420551959,0.0,0.0,1.0,10.0,0.596228485068894,0
1769772842.8901296,1039.283680968894,0.004420551959,0.0,0.0,1.0,10.0,0.596228485068894,0
1769772842.892522,1039.283680968894,0.004420551959,0.0,0.0,1.0,10.0,0.596228485068894,0
1769772842.894715,1039.283680968894,0.004420551959,0.0,0.0,1.0,10.0,0.596228485068894,0
1769772842.89794,1011.1060857329513,0.00466997577,0.0,0.0,1.0,10.0,0.5431085087329512,0
1769772842.903459,1016.050802540127,0.00466997577,0.0,0.0,1.0,10.0,0.5480532255401271,0
1769772843.0088985,0.0,0.0,0.0,0.0,1.0,0.0,0.0,0
1769772843.0170639,1927.7108433734938,0.004968992329,0.0,0.0,1.0,10.0,1.429811610473494,0
1769772843.0221493,1967.2131147540983,0.004968992329,0.0,0.0,1.0,10.0,1.4693138818540983,0
1769772843.026342,1978.7985865724384,0.004968992329,0.0,0.0,1.0,10.0,1.4808993536724384,0
1769772843.032013,1984.3342036553524,0.004968992329,0.0,0.0,1.0,10.0,1.4864349707553526,0
1769772843.0383208,1987.5776397515529,0.004968992329,0.0,0.0,1.0,10.0,1.489678406851553,0
1769772843.0445952,1989.7084048027446,0.004968992329,0.0,0.0,1.0,10.0,1.4918091719027449,0
1769772843.0491152,1991.215226939971,0.004968992329,0.0,0.0,1.0,10.0,1.4933159940399712,0
1769772843.0529585,1992.3371647509578,0.004968992329,0.0,0.0,1.0,10.0,1.4944379318509577,0
1769772843.0568357,1993.2049830124574,0.004968992329,0.0,0.0,1.0,10.0,1.4953057501124576,0
1769772843.0616045,1993.8962360122075,0.004968992329,0.0,0.0,1.0,10.0,1.4959970031122074,0
1769772843.0660129,1994.459833795014,0.004968992329,0.0,0.0,1.0,10.0,1.4965606008950143,0
1769772843.0700994,1994.9281487743026,0.004968992329,0.0,0.0,1.0,10.0,1.4970289158743029,0
1769772843.0746334,1995.3234606391272,0.004968992329,0.0,0.0,1.0,10.0,1.4974242277391272,0
1769772843.0772777,1995.4648526077099,0.004968992329,0.0,0.0,1.0,10.0,1.4975656197077098,0
1769772843.0789845,1995.4648526077099,0.004968992329,0.0,0.0,1.0,10.0,1.4975656197077098,0
1769772843.0807412,1995.4648526077099,0.004968992329,0.0,0.0,1.0,10.0,1.4975656197077098,0
1769772843.082451,1995.4648526077099,0.004968992329,0.0,0.0,1.0,10.0,1.4975656197077098,0
1769772843.0846298,1495.5357142857142,0.004249378852,0.0,0.0,1.0,10.0,1.0695978290857142,0
1769772843.088855,1522.1987315010572,0.004249378852,0.0,0.0,1.0,10.0,1.0962608463010572,0
1769772843.0929048,1546.1847389558234,0.004249378852,0.0,0.0,1.0,10.0,1.1202468537558237,0
1769772843.0968728,1567.8776290630974,0.004249378852,0.0,0.0,1.0,10.0,1.1419397438630976,0
1769772843.1011014,1587.5912408759123,0.004249378852,0.0,0.0,1.0,10.0,1.1616533556759125,0
1769772843.1070483,1605.584642233857,0.004249378852,0.0,0.0,1.0,10.0,1.1796467570338574,0
1769772843.1122868,1622.0735785953177,0.004249378852,0.0,0.0,1.0,10.0,1.196135693395318,0
1769772843.1168993,1637.2391653290529,0.004249378852,0.0,0.0,1.0,10.0,1.211301280129053,0
1769772843.1223803,1651.2345679012344,0.004249378852,0.0,0.0,1.0,10.0,1.2252966827012344,0
1769772843.1291356,1664.1901931649334,0.004249378852,0.0,0.0,1.0,10.0,1.2382523079649337,0
1769772843.133054,1676.21776504298,0.004249378852,0.0,0.0,1.0,10.0,1.2502798798429802,0
1769772843.1377487,1687.4135546334717,0.004249378852,0.0,0.0,1.0,10.0,1.2614756694334717,0
1769772843.1411848,1697.8609625668448,0.004249378852,0.0,0.0,1.0,10.0,1.271923077366845,0
1769772843.1437552,1674.2375081116159,0.004219816291,0.0,0.0,1.0,10.0,1.251255879011616,0
1769772843.146735,1684.4751728472659,0.004219816291,0.0,0.0,1.0,10.0,1.261493543747266,0
1769772843.1497395,1694.0889701401584,0.004219816291,0.0,0.0,1.0,10.0,1.2711073410401585,0
1769772843.1548228,1703.1342400946185,0.004219816291,0.0,0.0,1.0,10.0,1.2801526109946186,0
1769772843.1586974,1711.6599655370478,0.004219816291,0.0,0.0,1.0,10.0,1.288678336437048,0
1769772843.1627028,1719.709659408152,0.004219816291,0.0,0.0,1.0,10.0,1.296728030308152,0
1769772843.1665444,1727.3221075502445,0.004219816291,0.0,0.0,1.0,10.0,1.3043404784502446,0
1769772843.1708174,1734.5319936541512,0.004219816291,0.0,0.0,1.0,10.0,1.3115503645541513,0
1769772843.1747746,1741.3704276146316,0.004219816291,0.0,0.0,1.0,10.0,1.3183887985146316,0
1769772843.1778564,1747.8653942742342,0.004219816291,0.0,0.0,1.0,10.0,1.3248837651742342,0
1769772843.1793504,1747.8653942742342,0.004219816291,0.0,0.0,1.0,10.0,1.3248837651742342,0
1769772843.1862488,1709.238481737885,0.004545823028,0.0,0.0,1.0,10.0,1.253656178937885,0
1769772843.1898859,1716.0177197481933,0.004545823028,0.0,0.0,1.0,10.0,1.2604354169481935,0
1769772843.193637,1722.4880382775118,0.004545823028,0.0,0.0,1.0,10.0,1.266905735477512,0
1769772843.199359,1728.6700824237025,0.004545823028,0.0,0.0,1.0,10.0,1.2730877796237026,0
1769772843.2035596,1734.5826977555025,0.004545823028,0.0,0.0,1.0,10.0,1.2790003949555027,0
1769772843.2068527,1738.0081738008173,0.004545823028,0.0,0.0,1.0,10.0,1.2824258710008174,0
1769772843.2096841,1738.0081738008173,0.004545823028,0.0,0.0,1.0,10.0,1.2824258710008174,0
1769772843.2140493,1738.0081738008173,0.004545823028,0.0,0.0,1.0,10.0,1.2824258710008174,0
1769772843.2162688,1738.0081738008173,0.004545823028,0.0,0.0,1.0,10.0,1.2824258710008174,0
1769772843.2184672,1738.0081738008173,0.004545823028,0.0,0.0,1.0,10.0,1.2824258710008174,0
1769772843.2206268,1738.0081738008173,0.004545823028,0.0,0.0,1.0,10.0,1.2824258710008174,0
1769772843.2226932,1738.0081738008173,0.004545823028,0.0,0.0,1.0,10.0,1.2824258710008174,0
1769772843.2251868,1738.0081738008173,0.004545823028,0.0,0.0,1.0,10.0,1.2824258710008174,0
1769772843.2286024,1738.0081738008173,0.004545823028,0.0,0.0,1.0,10.0,1.2824258710008174,0
1769772843.2303696,1738.0081738008173,0.004545823028,0.0,0.0,1.0,10.0,1.2824258710008174,0
1769772843.2322133,1738.0081738008173,0.004545823028,0.0,0.0,1.0,10.0,1.2824258710008174,0
1769772843.2355025,1414.0369029142958,0.0041828052199999995,0.0,0.0,1.0,10.0,0.994756380914296,0
1769772843.239395,1423.9701644346499,0.0041828052199999995,0.0,0.0,1.0,10.0,1.00468964243465,0
1769772843.2437565,1433.572262043674,0.0041828052199999995,0.0,0.0,1.0,10.0,1.0142917400436744,0
1769772843.2471972,1442.8594851615019,0.0041828052199999995,0.0,0.0,1.0,10.0,1.0235789631615022,0
1769772843.250569,1451.8470721084045,0.0041828052199999995,0.0,0.0,1.0,10.0,1.0325665501084047,0
1769772843.253866,1460.5492935386571,0.0041828052199999995,0.0,0.0,1.0,10.0,1.0412687715386575,0
1769772843.258168,1468.979528051258,0.0041828052199999995,0.0,0.0,1.0,10.0,1.0496990060512583,0
1769772843.262263,1477.1503308201263,0.0041828052199999995,0.0,0.0,1.0,10.0,1.0578698088201266,0
1769772843.2661664,1485.07349598424,0.0041828052199999995,0.0,0.0,1.0,10.0,1.0657929739842402,0
1769772843.2705758,1492.7601134497686,0.0041828052199999995,0.0,0.0,1.0,10.0,1.0734795914497688,0
1769772843.274788,1496.9795196699572,0.00426892467,0.0,0.0,1.0,10.0,1.0690870526699572,0
1769772843.27831,1504.2834325540875,0.00426892467,0.0,0.0,1.0,10.0,1.0763909655540875,0
1769772843.2815154,1511.378273937312,0.00426892467,0.0,0.0,1.0,10.0,1.0834858069373121,0
1769772843.284946,1518.272894031325,0.00426892467,0.0,0.0,1.0,10.0,1.090380427031325,0
1769772843.2882054,1524.9756504800334,0.00426892467,0.0,0.0,1.0,10.0,1.0970831834800334,0
1769772843.2918983,1531.4944421572663,0.00426892467,0.0,0.0,1.0,10.0,1.1036019751572665,0
1769772843.2964175,1537.8367402193044,0.00426892467,0.0,0.0,1.0,10.0,1.1099442732193046,0
1769772843.3006454,1544.0096166688927,0.00426892467,0.0,0.0,1.0,10.0,1.1161171496688929,0
1769772843.3047931,1550.01977066034,0.00426892467,0.0,0.0,1.0,10.0,1.12212730366034,0
1769772843.3096378,1555.8735527513984,0.00426892467,0.0,0.0,1.0,10.0,1.1279810857513985,0
1769772843.314436,1561.5769872865033,0.00426892467,0.0,0.0,1.0,10.0,1.1336845202865033,0
1769772843.318413,1567.1357930772158,0.00426892467,0.0,0.0,1.0,10.0,1.139243326077216,0
1769772843.3216515,1572.5554025291099,0.00426892467,0.0,0.0,1.0,10.0,1.14466293552911,0
1769772843.3256922,1577.8409793495734,0.00426892467,0.0,0.0,1.0,10.0,1.1499485123495736,0
1769772843.3289993,1582.9974349578602,0.00426892467,0.0,0.0,1.0,10.0,1.1551049679578602,0
1769772843.3330486,1588.029443707011,0.00426892467,0.0,0.0,1.0,10.0,1.160136976707011,0
1769772843.3374062,1592.9414570168117,0.00426892467,0.0,0.0,1.0,10.0,1.1650489900168117,0
1769772843.3419814,1597.7377165075998,0.00426892467,0.0,0.0,1.0,10.0,1.1698452495076,0
1769772843.3468418,1602.4222662163736,0.00426892467,0.0,0.0,1.0,10.0,1.1745297992163737,0
1769772843.3514369,1606.9989639691494,0.00426892467,0.0,0.0,1.0,10.0,1.1791064969691494,0
1769772843.3553061,1611.4714919767841,0.00426892467,0.0,0.0,1.0,10.0,1.1835790249767841,0
1769772843.358826,1615.843366715427,0.00426892467,0.0,0.0,1.0,10.0,1.1879508997154271,0
1769772843.3630645,1620.117948147324,0.00426892467,0.0,0.0,1.0,10.0,1.192225481147324,0
1769772843.3664036,1624.2984483327832,0.00426892467,0.0,0.0,1.0,10.0,1.1964059813327832,0
1769772843.371482,1628.3879394796998,0.00426892467,0.0,0.0,1.0,10.0,1.2004954724797,0
1769772843.375631,1632.389361473027,0.00426892467,0.0,0.0,1.0,10.0,1.2044968944730272,0
1769772843.3802311,1636.3055289229785,0.00426892467,0.0,0.0,1.0,10.0,1.2084130619229787,0
1769772843.3841965,1640.1391377674713,0.00426892467,0.0,0.0,1.0,10.0,1.2122466707674715,0
1769772843.388492,1643.892771461354,0.00426892467,0.0,0.0,1.0,10.0,1.216000304461354,0
1769772843.3925025,1647.5689067822857,0.00426892467,0.0,0.0,1.0,10.0,1.2196764397822857,0
1769772843.3975682,1651.1699192806786,0.00426892467,0.0,0.0,1.0,10.0,1.2232774522806786,0
1769772843.401802,1654.6980883989077,0.00426892467,0.0,0.0,1.0,10.0,1.2268056213989078,0
1769772843.4070868,1658.155602282968,0.00426892467,0.0,0.0,1.0,10.0,1.230263135282968,0
1769772843.4123797,1661.544562307921,0.00426892467,0.0,0.0,1.0,10.0,1.233652095307921,0
1769772843.416682,1664.866987336802,0.00426892467,0.0,0.0,1.0,10.0,1.236974520336802,0
1769772843.4483995,1668.124817731117,0.00426892467,0.0,0.0,1.0,10.0,1.240232350731117,0
1769772843.4610703,1671.3199191296812,0.00426892467,0.0,0.0,1.0,10.0,1.2434274521296813,0
1769772843.4733937,1674.454086011252,0.00426892467,0.0,0.0,1.0,10.0,1.246561619011252,0
1769772843.4813747,1677.5290450552566,0.00426892467,0.0,0.0,1.0,10.0,1.2496365780552567,0
1769772843.4885623,1680.5464583138394,0.00426892467,0.0,0.0,1.0,10.0,1.2526539913138395,0
1769772843.4953113,1683.507926207472,0.00426892467,0.0,0.0,1.0,10.0,1.2556154592074722,0
1769772843.5008025,1686.4149903554699,0.00426892467,0.0,0.0,1.0,10.0,1.25852252335547,0
1769772843.5046973,1689.269136251934,0.00426892467,0.0,0.0,1.0,10.0,1.2613766692519341,0
1769772843.5095289,1692.0717957968793,0.00426892467,0.0,0.0,1.0,10.0,1.2641793287968794,0
1769772843.515958,1694.8243496916064,0.00426892467,0.0,0.0,1.0,10.0,1.2669318826916065,0
1769772843.5222902,1697.5281297067424,0.00426892467,0.0,0.0,1.0,10.0,1.2696356627067424,0
1769772843.5270264,1700.1844208307718,0.00426892467,0.0,0.0,1.0,10.0,1.272291953830772,0
1769772843.5332897,1702.7944633063462,0.00426892467,0.0,0.0,1.0,10.0,1.2749019963063464,0
1769772843.537681,1705.359454561146,0.00426892467,0.0,0.0,1.0,10.0,1.2774669875611462,0
1769772843.5427475,1707.8805510396166,0.00426892467,0.0,0.0,1.0,10.0,1.2799880840396167,0
1769772843.5470886,1710.358869941461,0.00426892467,0.0,0.0,1.0,10.0,1.2824664029414612,0
1769772843.5516257,1712.7954908723816,0.00426892467,0.0,0.0,1.0,10.0,1.2849030238723818,0
1769772843.555775,1715.1914574121965,0.00426892467,0.0,0.0,1.0,10.0,1.2872989904121965,0
1769772843.5612345,1717.547778605113,0.00426892467,0.0,0.0,1.0,10.0,1.2896553116051133,0
1769772843.5648813,1719.865430376631,0.00426892467,0.0,0.0,1.0,10.0,1.291972963376631,0
1769772843.5681593,1722.1453568812567,0.00426892467,0.0,0.0,1.0,10.0,1.2942528898812569,0
1769772843.5713851,1724.3884717849357,0.00426892467,0.0,0.0,1.0,10.0,1.2964960047849359,0
1769772843.576567,1726.5956594858653,0.00426892467,0.0,0.0,1.0,10.0,1.2987031924858654,0
1769772843.581875,1728.7677762771114,0.00426892467,0.0,0.0,1.0,10.0,1.3008753092771115,0
1769772843.5875642,1730.9056514542447,0.00426892467,0.0,0.0,1.0,10.0,1.3030131844542447,0
1769772843.5927405,1731.751394672743,0.00426892467,0.0,0.0,1.0,10.0,1.303858927672743,0
1769772843.5944307,1731.751394672743,0.00426892467,0.0,0.0,1.0,10.0,1.303858927672743,0
1769772843.597922,1704.1602465331277,0.0041894091969999995,0.0,0.0,1.0,10.0,1.284219326833128,0
1769772843.604318,1706.4220183486239,0.0041894091969999995,0.0,0.0,1.0,10.0,1.286481098648624,0
1769772843.608885,1708.649468892261,0.0041894091969999995,0.0,0.0,1.0,10.0,1.2887085491922612,0
1769772843.6122313,1710.843373493976,0.0041894091969999995,0.0,0.0,1.0,10.0,1.2909024537939762,0
1769772843.6144612,1712.143928035982,0.0041894091969999995,0.0,0.0,1.0,10.0,1.2922030083359821,0
1769772843.615684,1712.143928035982,0.0041894091969999995,0.0,0.0,1.0,10.0,1.2922030083359821,0
1769772843.6171165,1712.143928035982,0.0041894091969999995,0.0,0.0,1.0,10.0,1.2922030083359821,0
1769772843.6187963,1712.143928035982,0.0041894091969999995,0.0,0.0,1.0,10.0,1.2922030083359821,0
1769772843.6208851,1712.143928035982,0.0041894091969999995,0.0,0.0,1.0,10.0,1.2922030083359821,0
1769772843.6225352,1712.143928035982,0.0041894091969999995,0.0,0.0,1.0,10.0,1.2922030083359821,0
1769772843.6238663,1712.143928035982,0.0041894091969999995,0.0,0.0,1.0,10.0,1.2922030083359821,0
1769772843.6255007,1712.143928035982,0.0041894091969999995,0.0,0.0,1.0,10.0,1.2922030083359821,0
1769772843.6271524,1712.143928035982,0.0041894091969999995,0.0,0.0,1.0,10.0,1.2922030083359821,0
1769772843.6288738,1712.143928035982,0.0041894091969999995,0.0,0.0,1.0,10.0,1.2922030083359821,0
1769772843.6306374,1712.143928035982,0.0041894091969999995,0.0,0.0,1.0,10.0,1.2922030083359821,0
1769772843.6319687,1712.143928035982,0.0041894091969999995,0.0,0.0,1.0,10.0,1.2922030083359821,0
1769772843.6335807,1712.143928035982,0.0041894091969999995,0.0,0.0,1.0,10.0,1.2922030083359821,0
1769772843.6355777,1712.143928035982,0.0041894091969999995,0.0,0.0,1.0,10.0,1.2922030083359821,0
1769772843.6376617,1712.143928035982,0.0041894091969999995,0.0,0.0,1.0,10.0,1.2922030083359821,0
1769772843.639387,1712.143928035982,0.0041894091969999995,0.0,0.0,1.0,10.0,1.2922030083359821,0
1769772843.6407664,1712.143928035982,0.0041894091969999995,0.0,0.0,1.0,10.0,1.2922030083359821,0
1769772843.642143,1712.143928035982,0.0041894091969999995,0.0,0.0,1.0,10.0,1.2922030083359821,0
1769772843.6458902,1515.1515151515152,0.004051810144,0.0,0.0,1.0,10.0,1.1089705007515156,0
1769772843.6495407,1518.324607329843,0.004051810144,0.0,0.0,1.0,10.0,1.112143592929843,0
1769772843.6539667,1521.4564369310795,0.004051810144,0.0,0.0,1.0,10.0,1.1152754225310795,0
1769772843.658084,1524.547803617571,0.004051810144,0.0,0.0,1.0,10.0,1.1183667892175713,0
1769772843.6621962,1527.599486521181,0.004051810144,0.0,0.0,1.0,10.0,1.121418472121181,0
1769772843.666813,1530.6122448979593,0.004051810144,0.0,0.0,1.0,10.0,1.1244312304979593,0
1769772843.671142,1533.5868187579215,0.004051810144,0.0,0.0,1.0,10.0,1.1274058043579216,0
1769772843.6752946,1536.523929471033,0.004051810144,0.0,0.0,1.0,10.0,1.130342915071033,0
1769772843.6816728,1539.424280350438,0.004051810144,0.0,0.0,1.0,10.0,1.1332432659504383,0
1769772843.6865923,1542.2885572139305,0.004051810144,0.0,0.0,1.0,10.0,1.1361075428139307,0
1769772843.6912005,1545.1174289245982,0.004051810144,0.0,0.0,1.0,10.0,1.1389364145245984,0
1769772843.6957736,1547.9115479115478,0.004051810144,0.0,0.0,1.0,10.0,1.1417305335115482,0
1769772843.6990762,1550.6715506715507,0.004051810144,0.0,0.0,1.0,10.0,1.144490536271551,0
1769772843.7033992,1553.398058252427,0.004051810144,0.0,0.0,1.0,10.0,1.1472170438524274,0
1769772843.707171,1555.5555555555557,0.004051810144,0.0,0.0,1.0,10.0,1.1493745411555558,0
1769772843.7090328,1555.5555555555557,0.004051810144,0.0,0.0,1.0,10.0,1.1493745411555558,0
1769772843.7119312,1555.5555555555557,0.004051810144,0.0,0.0,1.0,10.0,1.1493745411555558,0
1769772843.7142956,1555.5555555555557,0.004051810144,0.0,0.0,1.0,10.0,1.1493745411555558,0
1769772843.716285,1555.5555555555557,0.004051810144,0.0,0.0,1.0,10.0,1.1493745411555558,0
1769772843.718739,1555.5555555555557,0.004051810144,0.0,0.0,1.0,10.0,1.1493745411555558,0
1769772843.7205038,1555.5555555555557,0.004051810144,0.0,0.0,1.0,10.0,1.1493745411555558,0
1769772843.7218342,1555.5555555555557,0.004051810144,0.0,0.0,1.0,10.0,1.1493745411555558,0
1769772843.7231443,1555.5555555555557,0.004051810144,0.0,0.0,1.0,10.0,1.1493745411555558,0
1769772843.7247968,1555.5555555555557,0.004051810144,0.0,0.0,1.0,10.0,1.1493745411555558,0
1769772843.7272277,1468.5990338164252,0.004577254573,0.0,0.0,1.0,10.0,1.0098735765164253,0
1769772843.7305593,1471.6021474992936,0.004577254573,0.0,0.0,1.0,10.0,1.0128766901992936,0
1769772843.734388,1474.571508850801,0.004577254573,0.0,0.0,1.0,10.0,1.015846051550801,0
1769772843.7378592,1477.5076837105337,0.004577254573,0.0,0.0,1.0,10.0,1.0187822264105337,0
1769772843.7427676,1480.4112253403723,0.004577254573,0.0,0.0,1.0,10.0,1.0216857680403724,0
1769772843.7467928,1483.2826747720367,0.004577254573,0.0,0.0,1.0,10.0,1.0245572174720368,0
1769772843.750996,1486.1225611431712,0.004577254573,0.0,0.0,1.0,10.0,1.0273971038431713,0
1769772843.7555208,1488.9314020224106,0.004577254573,0.0,0.0,1.0,10.0,1.0302059447224108,0
1769772843.7598581,1491.709703723838,0.004577254573,0.0,0.0,1.0,10.0,1.0329842464238381,0
1769772843.7644641,1494.4579616112462,0.004577254573,0.0,0.0,1.0,10.0,1.0357325043112464,0
1769772843.769467,1497.1766603925787,0.004577254573,0.0,0.0,1.0,10.0,1.0384512030925788,0
1769772843.7746885,1499.8662744049211,0.004577254573,0.0,0.0,1.0,10.0,1.0411408171049212,0
1769772843.7785118,1502.5272678903966,0.004577254573,0.0,0.0,1.0,10.0,1.0438018105903968,0
1769772843.7820442,1505.1600952632973,0.004577254573,0.0,0.0,1.0,10.0,1.0464346379632974,0
1769772843.7857895,1507.2463768115945,0.004577254573,0.0,0.0,1.0,10.0,1.0485209195115945,0
1769772843.7876782,1507.2463768115945,0.004577254573,0.0,0.0,1.0,10.0,1.0485209195115945,0
1769772843.7893465,1507.2463768115945,0.004577254573,0.0,0.0,1.0,10.0,1.0485209195115945,0
1769772843.7908642,1507.2463768115945,0.004577254573,0.0,0.0,1.0,10.0,1.0485209195115945,0
1769772843.7924838,1507.2463768115945,0.004577254573,0.0,0.0,1.0,10.0,1.0485209195115945,0
1769772843.7939978,1507.2463768115945,0.004577254573,0.0,0.0,1.0,10.0,1.0485209195115945,0
1769772843.795259,1507.2463768115945,0.004577254573,0.0,0.0,1.0,10.0,1.0485209195115945,0
1769772843.7967339,1507.2463768115945,0.004577254573,0.0,0.0,1.0,10.0,1.0485209195115945,0
1769772843.7980568,1507.2463768115945,0.004577254573,0.0,0.0,1.0,10.0,1.0485209195115945,0
1769772843.8002117,1507.2463768115945,0.004577254573,0.0,0.0,1.0,10.0,1.0485209195115945,0
1769772843.8014553,1507.2463768115945,0.004577254573,0.0,0.0,1.0,10.0,1.0485209195115945,0
1769772843.8985176,0.0,0.0,0.0,0.0,1.0,0.0,0.0,0
1769772843.905635,2127.659574468085,0.004086813192,0.0,0.0,1.0,10.0,1.7179782552680851,0
1769772843.9106483,2061.8556701030925,0.004086813192,0.0,0.0,1.0,10.0,1.6521743509030926,0
1769772843.915411,2040.8163265306123,0.004086813192,0.0,0.0,1.0,10.0,1.6311350073306123,0
1769772843.9204261,2030.4568527918782,0.004086813192,0.0,0.0,1.0,10.0,1.620775533591878,0
1769772843.9238136,2024.2914979757086,0.004086813192,0.0,0.0,1.0,10.0,1.6146101787757086,0
1769772843.9256403,2023.3463035019454,0.004086813192,0.0,0.0,1.0,10.0,1.6136649843019455,0
1769772843.9268658,2023.3463035019454,0.004086813192,0.0,0.0,1.0,10.0,1.6136649843019455,0
1769772843.9289725,2023.3463035019454,0.004086813192,0.0,0.0,1.0,10.0,1.6136649843019455,0
1769772843.9315584,2023.3463035019454,0.004086813192,0.0,0.0,1.0,10.0,1.6136649843019455,0
1769772843.9331057,2023.3463035019454,0.004086813192,0.0,0.0,1.0,10.0,1.6136649843019455,0
1769772843.9344652,2023.3463035019454,0.004086813192,0.0,0.0,1.0,10.0,1.6136649843019455,0
1769772843.9361184,2023.3463035019454,0.004086813192,0.0,0.0,1.0,10.0,1.6136649843019455,0
1769772843.9373293,2023.3463035019454,0.004086813192,0.0,0.0,1.0,10.0,1.6136649843019455,0
1769772843.9385319,2023.3463035019454,0.004086813192,0.0,0.0,1.0,10.0,1.6136649843019455,0
1769772843.9406652,728.744939271255,0.004631602003,0.0,0.0,1.0,10.0,0.26458473897125506,0
1769772843.9435627,809.102402022756,0.004631602003,0.0,0.0,1.0,10.0,0.34494220172275597,0
1769772843.9466586,879.9048751486326,0.004631602003,0.0,0.0,1.0,10.0,0.4157446748486327,0
1769772843.9502504,942.7609427609427,0.004631602003,0.0,0.0,1.0,10.0,0.4786007424609428,0
1769772843.9535816,998.9373007438895,0.004631602003,0.0,0.0,1.0,10.0,0.5347771004438896,0
1769772843.9575105,1049.4450050454086,0.004631602003,0.0,0.0,1.0,10.0,0.5852848047454088,0
1769772843.961546,1095.1008645533143,0.004631602003,0.0,0.0,1.0,10.0,0.6309406642533143,0
1769772843.9666216,1136.5719523373052,0.004631602003,0.0,0.0,1.0,10.0,0.6724117520373053,0
1769772843.970009,1174.4084136722174,0.004631602003,0.0,0.0,1.0,10.0,0.7102482133722176,0
1769772843.9733982,1209.0680100755667,0.004631602003,0.0,0.0,1.0,10.0,0.7449078097755667,0
1769772843.976774,1240.9347300564064,0.004631602003,0.0,0.0,1.0,10.0,0.7767745297564065,0
1769772843.9803782,1270.3330751355538,0.004631602003,0.0,0.0,1.0,10.0,0.806172874835554,0
1769772843.98501,1297.5391498881431,0.004631602003,0.0,0.0,1.0,10.0,0.8333789495881433,0
1769772843.9883788,1322.7893601725377,0.004631602003,0.0,0.0,1.0,10.0,0.8586291598725379,0
1769772843.9914093,1346.2873004857738,0.004631602003,0.0,0.0,1.0,10.0,0.8821271001857739,0
1769772843.9950812,1368.2092555331992,0.004631602003,0.0,0.0,1.0,10.0,0.9040490552331993,0
1769772843.9989662,1388.7086307592474,0.004631602003,0.0,0.0,1.0,10.0,0.9245484304592474,0
1769772844.0037646,1407.9195474544313,0.004631602003,0.0,0.0,1.0,10.0,0.9437593471544313,0
1769772844.0078862,1425.9597806215722,0.004631602003,0.0,0.0,1.0,10.0,0.9617995803215723,0
1769772844.013216,1442.9331756357185,0.004631602003,0.0,0.0,1.0,10.0,0.9787729753357185,0
1769772844.0165205,1458.9316484778865,0.004631602003,0.0,0.0,1.0,10.0,0.9947714481778865,0
1769772844.0199368,1474.036850921273,0.004631602003,0.0,0.0,1.0,10.0,1.0098766506212733,0
1769772844.0230875,1488.3215643671917,0.004631602003,0.0,0.0,1.0,10.0,1.024161364067192,0
1769772844.0272515,1501.8508725542042,0.004631602003,0.0,0.0,1.0,10.0,1.0376906722542045,0
1769772844.0313807,1514.6831530139102,0.004631602003,0.0,0.0,1.0,10.0,1.0505229527139104,0
1769772844.03574,1526.8709191361127,0.004631602003,0.0,0.0,1.0,10.0,1.062710718836113,0
1769772844.0396209,1538.4615384615386,0.004631602003,0.0,0.0,1.0,10.0,1.0743013381615387,0
1769772844.0450017,1549.497847919656,0.004631602003,0.0,0.0,1.0,10.0,1.0853376476196561,0
1769772844.049295,1560.0186828584774,0.004631602003,0.0,0.0,1.0,10.0,1.0958584825584776,0
1769772844.0535448,1570.0593336376085,0.004631602003,0.0,0.0,1.0,10.0,1.1058991333376087,0
1769772844.0584023,1579.6519410977241,0.004631602003,0.0,0.0,1.0,10.0,1.1154917407977243,0
1769772844.0617735,1588.8258402444349,0.004631602003,0.0,0.0,1.0,10.0,1.124665639944435,0
1769772844.0649967,1597.6078598889364,0.004631602003,0.0,0.0,1.0,10.0,1.1334476595889367,0
1769772844.0679495,1604.3679126417474,0.004631602003,0.0,0.0,1.0,10.0,1.1402077123417476,0
1769772844.0690308,1604.3679126417474,0.004631602003,0.0,0.0,1.0,10.0,1.1402077123417476,0
1769772844.0715816,1552.9317590554333,0.0040680821729999995,0.0,0.0,1.0,10.0,1.1451235417554333,0
1769772844.0761862,1561.7029625269768,0.0040680821729999995,0.0,0.0,1.0,10.0,1.1538947452269768,0
1769772844.0806642,1570.1366172791995,0.0040680821729999995,0.0,0.0,1.0,10.0,1.1623283999791996,0
1769772844.0824118,1570.1366172791995,0.0040680821729999995,0.0,0.0,1.0,10.0,1.1623283999791996,0
1769772844.0841308,1570.1366172791995,0.0040680821729999995,0.0,0.0,1.0,10.0,1.1623283999791996,0
1769772844.0859444,1570.1366172791995,0.0040680821729999995,0.0,0.0,1.0,10.0,1.1623283999791996,0
1769772844.0878701,1570.1366172791995,0.0040680821729999995,0.0,0.0,1.0,10.0,1.1623283999791996,0
1769772844.089811,1570.1366172791995,0.0040680821729999995,0.0,0.0,1.0,10.0,1.1623283999791996,0
1769772844.0914333,1570.1366172791995,0.0040680821729999995,0.0,0.0,1.0,10.0,1.1623283999791996,0
1769772844.092948,1570.1366172791995,0.0040680821729999995,0.0,0.0,1.0,10.0,1.1623283999791996,0
1769772844.0944877,1570.1366172791995,0.0040680821729999995,0.0,0.0,1.0,10.0,1.1623283999791996,0
1769772844.0961757,1570.1366172791995,0.0040680821729999995,0.0,0.0,1.0,10.0,1.1623283999791996,0
1769772844.0979674,1570.1366172791995,0.0040680821729999995,0.0,0.0,1.0,10.0,1.1623283999791996,0
1769772844.0993726,1570.1366172791995,0.0040680821729999995,0.0,0.0,1.0,10.0,1.1623283999791996,0
1769772844.1016834,1570.1366172791995,0.0040680821729999995,0.0,0.0,1.0,10.0,1.1623283999791996,0
1769772844.1053855,1570.1366172791995,0.0040680821729999995,0.0,0.0,1.0,10.0,1.1623283999791996,0
1769772844.1073978,1570.1366172791995,0.0040680821729999995,0.0,0.0,1.0,10.0,1.1623283999791996,0
1769772844.1114452,1236.0053739364084,0.004269266792,0.0,0.0,1.0,10.0,0.8080786947364086,0
1769772844.1163113,1247.242241506104,0.004269266792,0.0,0.0,1.0,10.0,0.819315562306104,0
1769772844.1240575,1258.1533555587766,0.004269266792,0.0,0.0,1.0,10.0,0.8302266763587768,0
1769772844.1283193,1268.7526789541364,0.004269266792,0.0,0.0,1.0,10.0,0.8408259997541364,0
1769772844.1321807,1279.0533878010988,0.004269266792,0.0,0.0,1.0,10.0,0.8511267086010988,0
1769772844.135626,1289.0679261008474,0.004269266792,0.0,0.0,1.0,10.0,0.8611412469008476,0
1769772844.1390822,1298.8080558980682,0.004269266792,0.0,0.0,1.0,10.0,0.8708813766980684,0
1769772844.1434283,1308.2849033653197,0.004269266792,0.0,0.0,1.0,10.0,0.8803582241653197,0
1769772844.1487021,1317.5090012001601,0.004269266792,0.0,0.0,1.0,10.0,0.8895823220001603,0
1769772844.1543634,1326.490327674694,0.004269266792,0.0,0.0,1.0,10.0,0.898563648474694,0
1769772844.1592946,1335.2383426419017,0.004269266792,0.0,0.0,1.0,10.0,0.9073116634419017,0
1769772844.165694,1343.762020771894,0.004269266792,0.0,0.0,1.0,10.0,0.915835341571894,0
1769772844.1705277,1352.0698822635777,0.004269266792,0.0,0.0,1.0,10.0,0.9241432030635778,0
1769772844.1746058,1360.1700212526566,0.004269266792,0.0,0.0,1.0,10.0,0.9322433420526567,0
1769772844.1804864,1368.070132115076,0.004269266792,0.0,0.0,1.0,10.0,0.940143452915076,0
1769772844.184641,1375.777533845591,0.004269266792,0.0,0.0,1.0,10.0,0.9478508546455912,0
1769772844.1893313,1383.2991926738162,0.004269266792,0.0,0.0,1.0,10.0,0.9553725134738161,0
1769772844.1965,1390.6417430646507,0.004269266792,0.0,0.0,1.0,10.0,0.9627150638646508,0
1769772844.2000895,1392.0893217721818,0.004269266792,0.0,0.0,1.0,10.0,0.964162642572182,0
1769772844.2033553,1392.0893217721818,0.004269266792,0.0,0.0,1.0,10.0,0.964162642572182,0
1769772844.2076337,1354.0587219343695,0.00447215043,0.0,0.0,1.0,10.0,0.9058436789343696,0
1769772844.2129953,1361.4114968696642,0.00447215043,0.0,0.0,1.0,10.0,0.9131964538696642,0
1769772844.2165852,1368.5987619583568,0.00447215043,0.0,0.0,1.0,10.0,0.9203837189583568,0
1769772844.220484,1375.6260434056762,0.00447215043,0.0,0.0,1.0,10.0,0.9274110004056761,0
1769772844.2263935,1382.4986241056688,0.00447215043,0.0,0.0,1.0,10.0,0.9342835811056689,0
1769772844.229755,1389.2215568862275,0.00447215043,0.0,0.0,1.0,10.0,0.9410065138862276,0
1769772844.2329109,1395.799676898223,0.00447215043,0.0,0.0,1.0,10.0,0.947584633898223,0
1769772844.2365804,1402.2376132125733,0.00447215043,0.0,0.0,1.0,10.0,0.9540225702125733,0
1769772844.2409787,1408.5397996837112,0.00447215043,0.0,0.0,1.0,10.0,0.9603247566837112,0
1769772844.245058,1414.7104851330205,0.00447215043,0.0,0.0,1.0,10.0,0.9664954421330205,0
1769772844.248706,1420.753742901394,0.00447215043,0.0,0.0,1.0,10.0,0.9725386999013939,0
1769772844.2525618,1426.6734798160448,0.00447215043,0.0,0.0,1.0,10.0,0.9784584368160449,0
1769772844.257224,1432.47344461305,0.00447215043,0.0,0.0,1.0,10.0,0.98425840161305,0
1769772844.2587187,1432.47344461305,0.00447215043,0.0,0.0,1.0,10.0,0.98425840161305,0
1769772844.260098,1432.47344461305,0.00447215043,0.0,0.0,1.0,10.0,0.98425840161305,0
1769772844.261427,1432.47344461305,0.00447215043,0.0,0.0,1.0,10.0,0.98425840161305,0
1769772844.2627494,1432.47344461305,0.00447215043,0.0,0.0,1.0,10.0,0.98425840161305,0
1769772844.2662704,1381.3005001923818,0.004386870534,0.0,0.0,1.0,10.0,0.9416134467923819,0
1769772844.271287,1387.1951219512196,0.004386870534,0.0,0.0,1.0,10.0,0.9475080685512195,0
1769772844.273484,1388.3605933815138,0.004386870534,0.0,0.0,1.0,10.0,0.9486735399815137,0
1769772844.2755992,1388.3605933815138,0.004386870534,0.0,0.0,1.0,10.0,0.9486735399815137,0
1769772844.277321,1388.3605933815138,0.004386870534,0.0,0.0,1.0,10.0,0.9486735399815137,0
1769772844.279043,1388.3605933815138,0.004386870534,0.0,0.0,1.0,10.0,0.9486735399815137,0
1769772844.280729,1388.3605933815138,0.004386870534,0.0,0.0,1.0,10.0,0.9486735399815137,0
1769772844.2825055,1388.3605933815138,0.004386870534,0.0,0.0,1.0,10.0,0.9486735399815137,0
1769772844.2843955,1388.3605933815138,0.004386870534,0.0,0.0,1.0,10.0,0.9486735399815137,0
1769772844.2855682,1388.3605933815138,0.004386870534,0.0,0.0,1.0,10.0,0.9486735399815137,0
1769772844.2867243,1388.3605933815138,0.004386870534,0.0,0.0,1.0,10.0,0.9486735399815137,0
1769772844.28782,1388.3605933815138,0.004386870534,0.0,0.0,1.0,10.0,0.9486735399815137,0
1769772844.2896843,1263.048917263394,0.004221379342,0.0,0.0,1.0,10.0,0.8399109830633941,0
1769772844.2935264,1269.3524933709693,0.004221379342,0.0,0.0,1.0,10.0,0.8462145591709694,0
1769772844.2972448,1275.549147654991,0.004221379342,0.0,0.0,1.0,10.0,0.8524112134549909,0
1769772844.301246,1274.6994030101741,0.004703326653,0.0,0.0,1.0,10.0,0.8033667377101742,0
1769772844.3059034,1280.7471024764445,0.004703326653,0.0,0.0,1.0,10.0,0.8094144371764446,0
1769772844.3094363,1286.6947821053502,0.004703326653,0.0,0.0,1.0,10.0,0.8153621168053503,0
1769772844.3135638,1292.5449028130895,0.004703326653,0.0,0.0,1.0,10.0,0.8212122375130896,0
1769772844.317128,1298.2998454404947,0.004703326653,0.0,0.0,1.0,10.0,0.8269671801404946,0
1769772844.3205488,1303.9619139837007,0.004703326653,0.0,0.0,1.0,10.0,0.8326292486837007,0
1769772844.3239987,1309.533338669655,0.004703326653,0.0,0.0,1.0,10.0,0.8382006733696551,0
1769772844.3288956,1315.0162788850948,0.004703326653,0.0,0.0,1.0,10.0,0.8436836135850948,0
1769772844.3335621,1320.4128259670686,0.004703326653,0.0,0.0,1.0,10.0,0.8490801606670687,0
1769772844.3377802,1325.7250058625812,0.004703326653,0.0,0.0,1.0,10.0,0.8543923405625812,0
1769772844.3424315,1330.9547816644692,0.004703326653,0.0,0.0,1.0,10.0,0.8596221163644694,0
1769772844.3468375,1336.10405603017,0.004703326653,0.0,0.0,1.0,10.0,0.8647713907301703,0
1769772844.3507438,1341.174673489651,0.004703326653,0.0,0.0,1.0,10.0,0.8698420081896511,0
1769772844.3547196,1346.1684226483742,0.004703326653,0.0,0.0,1.0,10.0,0.8748357573483742,0
1769772844.3586202,1351.08703829083,0.004703326653,0.0,0.0,1.0,10.0,0.87975437299083,0
1769772844.3620052,1355.9322033898306,0.004703326653,0.0,0.0,1.0,10.0,0.8845995380898307,0
1769772844.3654177,1360.7055510264581,0.004703326653,0.0,0.0,1.0,10.0,0.8893728857264581,0
1769772844.3689556,1365.408666225263,0.004703326653,0.0,0.0,1.0,10.0,0.8940760009252632,0
1769772844.3729796,1370.0430877090485,0.004703326653,0.0,0.0,1.0,10.0,0.8987104224090484,0
1769772844.3763566,1374.610309577322,0.004703326653,0.0,0.0,1.0,10.0,0.9032776442773219,0
1769772844.3794656,1379.1117829122581,0.004703326653,0.0,0.0,1.0,10.0,0.9077791176122582,0
1769772844.3824286,1383.5489173158007,0.004703326653,0.0,0.0,1.0,10.0,0.9122162520158009,0
1769772844.3835192,1383.5489173158007,0.004703326653,0.0,0.0,1.0,10.0,0.9122162520158009,0
1769772844.3847923,1383.5489173158007,0.004703326653,0.0,0.0,1.0,10.0,0.9122162520158009,0
1769772844.3858266,1383.5489173158007,0.004703326653,0.0,0.0,1.0,10.0,0.9122162520158009,0
1769772844.3887548,1348.2521370491347,0.004171834185,0.0,0.0,1.0,10.0,0.9300687185491348,0
1769772844.3922877,1352.7503623438472,0.004171834185,0.0,0.0,1.0,10.0,0.9345669438438473,0
1769772844.3954744,1357.1869216533005,0.004171834185,0.0,0.0,1.0,10.0,0.9390035031533006,0
1769772844.3999376,1361.563074409422,0.004171834185,0.0,0.0,1.0,10.0,0.9433796559094221,0
1769772844.404425,1365.8800459801205,0.004171834185,0.0,0.0,1.0,10.0,0.9476966274801206,0
1769772844.4076433,1370.139028813218,0.004171834185,0.0,0.0,1.0,10.0,0.9519556103132181,0
1769772844.4105918,1374.3411835345921,0.004171834185,0.0,0.0,1.0,10.0,0.9561577650345923,0
1769772844.4138575,1378.487640002651,0.004171834185,0.0,0.0,1.0,10.0,0.9603042215026512,0
1769772844.4173708,1382.5794983211536,0.004171834185,0.0,0.0,1.0,10.0,0.9643960798211537,0
1769772844.420746,1386.6178298122834,0.004171834185,0.0,0.0,1.0,10.0,0.9684344113122834,0
1769772844.4217944,1386.6178298122834,0.004171834185,0.0,0.0,1.0,10.0,0.9684344113122834,0
1769772844.4227123,1386.6178298122834,0.004171834185,0.0,0.0,1.0,10.0,0.9684344113122834,0
1769772844.423751,1386.6178298122834,0.004171834185,0.0,0.0,1.0,10.0,0.9684344113122834,0
1769772844.4259908,1358.2213161750653,0.004615117565,0.0,0.0,1.0,10.0,0.8957095596750654,0
1769772844.429093,1362.283977970501,0.004615117565,0.0,0.0,1.0,10.0,0.899772221470501,0
1769772844.4327784,1366.2955274580108,0.004615117565,0.0,0.0,1.0,10.0,0.9037837709580109,0
1769772844.4365013,1370.256923173095,0.004615117565,0.0,0.0,1.0,10.0,0.907745166673095,0
1769772844.4393954,1374.1690998322667,0.004615117565,0.0,0.0,1.0,10.0,0.9116573433322669,0
1769772844.4422843,1378.0329690683461,0.004615117565,0.0,0.0,1.0,10.0,0.9155212125683462,0
1769772844.4455929,1381.8494201386757,0.004615117565,0.0,0.0,1.0,10.0,0.9193376636386758,0
1769772844.4494412,1385.6193206074283,0.004615117565,0.0,0.0,1.0,10.0,0.9231075641074283,0
1769772844.4535184,1389.3435170030914,0.004615117565,0.0,0.0,1.0,10.0,0.9268317605030915,0
1769772844.4574127,1393.02283545219,0.004615117565,0.0,0.0,1.0,10.0,0.9305110789521901,0
1769772844.460908,1396.658082290232,0.004615117565,0.0,0.0,1.0,10.0,0.9341463257902319,0
1769772844.464182,1400.2500446508304,0.004615117565,0.0,0.0,1.0,10.0,0.9377382881508304,0
1769772844.4671729,1403.7994910339114,0.004615117565,0.0,0.0,1.0,10.0,0.9412877345339113,0
1769772844.4705632,1407.3071718538565,0.004615117565,0.0,0.0,1.0,10.0,0.9447954153538566,0
1769772844.4737978,1410.7738199684154,0.004615117565,0.0,0.0,1.0,10.0,0.9482620634684155,0
1769772844.4769611,1414.200151189161,0.004615117565,0.0,0.0,1.0,10.0,0.9516883946891611,0
1769772844.4810128,1417.5868647742382,0.004615117565,0.0,0.0,1.0,10.0,0.9550751082742382,0
1769772844.485368,1420.9346439041215,0.004615117565,0.0,0.0,1.0,10.0,0.9584228874041215,0
1769772844.4893508,1424.2441561410528,0.004615117565,0.0,0.0,1.0,10.0,0.9617323996410528,0
1769772844.4925935,1427.5160538728192,0.004615117565,0.0,0.0,1.0,10.0,0.9650042973728191,0
1769772844.4969046,1430.7509747414817,0.004615117565,0.0,0.0,1.0,10.0,0.9682392182414817,0
1769772844.5021787,1433.9495420576502,0.004615117565,0.0,0.0,1.0,10.0,0.9714377855576503,0
1769772844.5056486,1437.1123652008719,0.004615117565,0.0,0.0,1.0,10.0,0.974600608700872,0
1769772844.5097148,1440.2400400066679,0.004615117565,0.0,0.0,1.0,10.0,0.977728283506668,0
1769772844.5135303,1443.3331491407414,0.004615117565,0.0,0.0,1.0,10.0,0.9808213926407415,0
1769772844.5166435,1446.3922624608454,0.004615117565,0.0,0.0,1.0,10.0,0.9838805059608454,0
1769772844.5199368,1449.4179373667814,0.004615117565,0.0,0.0,1.0,10.0,0.9869061808667815,0
1769772844.5243294,1452.41071913899,0.004615117565,0.0,0.0,1.0,10.0,0.9898989626389901,0
1769772844.528372,1455.3711412661512,0.004615117565,0.0,0.0,1.0,10.0,0.9928593847661512,0
1769772844.531315,1458.2997257622196,0.004615117565,0.0,0.0,1.0,10.0,0.9957879692622197,0
1769772844.5349238,1461.1969834732845,0.004615117565,0.0,0.0,1.0,10.0,0.9986852269732845,0
1769772844.5404987,1464.0634143746342,0.004615117565,0.0,0.0,1.0,10.0,1.0015516578746344,0
1769772844.5446613,1466.8995078583903,0.004615117565,0.0,0.0,1.0,10.0,1.0043877513583905,0
1769772844.5489535,1469.7057430120547,0.004615117565,0.0,0.0,1.0,10.0,1.0071939865120547,0
1769772844.5526798,1472.482588888307,0.004615117565,0.0,0.0,1.0,10.0,1.0099708323883072,0
1769772844.5574515,1475.23050476637,0.004615117565,0.0,0.0,1.0,10.0,1.01271874826637,0
1769772844.5616095,1477.9499404052442,0.004615117565,0.0,0.0,1.0,10.0,1.0154381839052444,0
1769772844.5650737,1480.641336289117,0.004615117565,0.0,0.0,1.0,10.0,1.018129579789117,0
1769772844.5684392,1483.3051238652101,0.004615117565,0.0,0.0,1.0,10.0,1.0207933673652103,0
1769772844.5717652,1485.4165602492722,0.004615117565,0.0,0.0,1.0,10.0,1.0229048037492723,0
1769772844.5731914,1485.4165602492722,0.004615117565,0.0,0.0,1.0,10.0,1.0229048037492723,0
1769772844.575067,1471.078555190705,0.004995891277,0.0,0.0,1.0,10.0,0.9704894274907051,0
1769772844.5780597,1473.7371198793667,0.004995891277,0.0,0.0,1.0,10.0,0.9731479921793668,0
1769772844.5811992,1476.3690922730682,0.004995891277,0.0,0.0,1.0,10.0,0.9757799645730681,0
1769784884.7744586,1975.3086419753085,0.004769630515,0.0,0.0,1.0,10.0,0.9983455904753087,0
1769784884.7807448,1945.945945945946,0.005,0.0,0.0,1.0,10.0,0.945945945945946,0
1769784884.7849197,1824.5614035087722,0.005,0.0,0.0,1.0,10.0,0.8245614035087723,0
1769784884.7894592,1766.2337662337661,0.005,0.0,0.0,1.0,10.0,0.7662337662337662,0
1769784884.793969,1731.958762886598,0.005,0.0,0.0,1.0,10.0,0.731958762886598,0
1769784884.7979467,1709.4017094017095,0.005,0.0,0.0,1.0,10.0,0.7094017094017095,0
1769784884.8021739,1693.4306569343066,0.005,0.0,0.0,1.0,10.0,0.6934306569343067,0
1769784884.806505,1681.528662420382,0.005,0.0,0.0,1.0,10.0,0.681528662420382,0
1769784884.8108833,1672.316384180791,0.005,0.0,0.0,1.0,10.0,0.6723163841807909,0
1769784884.8158615,1664.9746192893401,0.005,0.0,0.0,1.0,10.0,0.6649746192893402,0
1769784884.8215964,1658.9861751152075,0.005,0.0,0.0,1.0,10.0,0.6589861751152075,0
1769784884.8284369,1654.0084388185653,0.005,0.0,0.0,1.0,10.0,0.6540084388185654,0
1769784884.835725,1649.8054474708172,0.005,0.0,0.0,1.0,10.0,0.6498054474708173,0
1769784884.8433416,1646.2093862815884,0.005,0.0,0.0,1.0,10.0,0.6462093862815885,0
1769784884.8493712,1643.0976430976432,0.005,0.0,0.0,1.0,10.0,0.6430976430976432,0
1769784884.8553286,1640.378548895899,0.005,0.0,0.0,1.0,10.0,0.6403785488958991,0
1769784884.860499,1637.9821958456973,0.005,0.0,0.0,1.0,10.0,0.6379821958456973,0
1769784884.8660219,1635.8543417366948,0.005,0.0,0.0,1.0,10.0,0.6358543417366949,0
1769784884.8727636,1633.9522546419098,0.005,0.0,0.0,1.0,10.0,0.6339522546419099,0
1769784884.8781552,1632.2418136020153,0.005,0.0,0.0,1.0,10.0,0.6322418136020154,0
1769784884.8837192,1630.695443645084,0.005,0.0,0.0,1.0,10.0,0.630695443645084,0
1769784884.888445,1629.2906178489702,0.005,0.0,0.0,1.0,10.0,0.6292906178489703,0
1769784884.893825,1628.0087527352296,0.005,0.0,0.0,1.0,10.0,0.6280087527352296,0
1769784884.9000232,1626.8343815513629,0.005,0.0,0.0,1.0,10.0,0.6268343815513628,0
1769784884.9054935,1625.7545271629779,0.005,0.0,0.0,1.0,10.0,0.6257545271629779,0
1769784884.910712,1624.7582205029014,0.005,0.0,0.0,1.0,10.0,0.6247582205029014,0
1769784884.9184146,1623.8361266294228,0.005,0.0,0.0,1.0,10.0,0.6238361266294228,0
1769784884.9228518,1622.980251346499,0.005,0.0,0.0,1.0,10.0,0.622980251346499,0
1769784884.9284976,1622.1837088388215,0.005,0.0,0.0,1.0,10.0,0.6221837088388216,0
1769784884.934011,1621.4405360134003,0.005,0.0,0.0,1.0,10.0,0.6214405360134003,0
1769784884.9391036,1620.745542949757,0.005,0.0,0.0,1.0,10.0,0.620745542949757,0
1769784884.944588,1620.094191522763,0.005,0.0,0.0,1.0,10.0,0.6200941915227629,0
1769784884.9507632,1619.482496194825,0.005,0.0,0.0,1.0,10.0,0.6194824961948251,0
1769784884.9570317,1618.90694239291,0.005,0.0,0.0,1.0,10.0,0.6189069423929101,0
1769784884.9617016,1618.3644189383072,0.005,0.0,0.0,1.0,10.0,0.6183644189383073,0
1769784884.9656725,1619.65931304105,0.004209727513,0.6839999999999999,0.15789473684210525,1.0,10.0,-0.8802608066800026,0
1769784884.9699225,1628.2225237449118,0.005,0.6839999999999999,0.15789473684210525,1.0,10.0,-0.9507248446761409,0
1769784884.9738507,1627.4768824306473,0.005,0.6839999999999999,0.15789473684210525,1.0,10.0,-0.9514704859904053,0
1769784884.979651,1626.769626769627,0.005,0.6839999999999999,0.15789473684210525,1.0,10.0,-0.9521777416514257,0
1769784884.9831462,1626.0978670012548,0.005,0.6839999999999999,0.15789473684210525,1.0,10.0,-0.9528495014197977,0
1769784884.9854271,1619.8757763975154,0.005,0.6839999999999999,0.15789473684210525,1.0,10.0,-0.9590715920235371,0
1769784884.986854,1619.8757763975154,0.005,0.6839999999999999,0.15789473684210525,1.0,10.0,-0.9590715920235371,0
1769784884.9894128,1619.8757763975154,0.005,0.6839999999999999,0.15789473684210525,1.0,10.0,-0.9590715920235371,0
1769784884.9931464,1520.9471766848815,0.004416526937,0.6839999999999999,0.0,1.0,10.0,0.5792944829848814,0
1769784884.9963048,1525.0836120401336,0.005,0.6839999999999999,0.0,1.0,10.0,0.5250836120401337,0
1769784884.9993029,1526.7175572519084,0.005,0.6839999999999999,0.0,1.0,10.0,0.5267175572519085,0
1769784885.0029259,1528.281750266809,0.005,0.6839999999999999,0.0,1.0,10.0,0.5282817502668091,0
1769784885.0064487,1529.7805642633227,0.005,0.6839999999999999,0.0,1.0,10.0,0.5297805642633229,0
1769784885.0101125,1531.2180143295805,0.005,0.6839999999999999,0.0,1.0,10.0,0.5312180143295804,0
1769784885.0139573,1532.5977933801403,0.005,0.6839999999999999,0.0,1.0,10.0,0.5325977933801402,0
1769784885.0174358,1533.9233038348082,0.005,0.6839999999999999,0.0,1.0,10.0,0.5339233038348081,0
1769784885.020862,1535.1976856316298,0.005,0.6839999999999999,0.0,1.0,10.0,0.5351976856316298,0
1769784885.024747,1536.4238410596026,0.005,0.6839999999999999,0.0,1.0,10.0,0.5364238410596027,0
1769784885.0284808,1537.6044568245127,0.005,0.6839999999999999,0.0,1.0,10.0,0.5376044568245126,0
1769784885.031631,1538.7420237010026,0.005,0.6839999999999999,0.0,1.0,10.0,0.5387420237010025,0
1769784885.035185,1539.8388540734109,0.005,0.6839999999999999,0.0,1.0,10.0,0.5398388540734109,0
1769784885.0408697,1540.89709762533,0.005,0.6839999999999999,0.0,1.0,10.0,0.54089709762533,0
1769784885.0468056,1541.9187554019015,0.005,0.6839999999999999,0.0,1.0,10.0,0.5419187554019016,0
1769784885.0518017,1542.9056924384029,0.005,0.6839999999999999,0.0,1.0,10.0,0.5429056924384028,0
1769784885.0565104,1543.859649122807,0.005,0.6839999999999999,0.0,1.0,10.0,0.5438596491228072,0
1769784885.0601068,1544.7822514379623,0.005,0.6839999999999999,0.0,1.0,10.0,0.5447822514379623,0
1769784885.0632813,1545.675020210186,0.005,0.6839999999999999,0.0,1.0,10.0,0.5456750202101859,0
1769784885.0662403,1546.5393794749402,0.005,0.6839999999999999,0.0,1.0,10.0,0.5465393794749402,0
1769784885.0696566,1547.3766640563822,0.005,0.6839999999999999,0.0,1.0,10.0,0.5473766640563822,0
1769784885.0736885,1548.188126445644,0.005,0.6839999999999999,0.0,1.0,10.0,0.5481881264456441,0
1769784885.077877,1548.9749430523918,0.005,0.6839999999999999,0.0,1.0,10.0,0.5489749430523918,0
1769784885.081873,1549.738219895288,0.005,0.6839999999999999,0.0,1.0,10.0,0.549738219895288,0
1769784885.0858552,1550.478997789241,0.005,0.6839999999999999,0.0,1.0,10.0,0.550478997789241,0
1769784885.089045,1551.1982570806101,0.005,0.6839999999999999,0.0,1.0,10.0,0.5511982570806102,0
1769784885.093444,1551.8969219756623,0.005,0.6839999999999999,0.0,1.0,10.0,0.5518969219756622,0
1769784885.0963721,1552.57586450247,0.005,0.6839999999999999,0.0,1.0,10.0,0.5525758645024701,0
1769784885.0991175,1553.2359081419625,0.005,0.6839999999999999,0.0,1.0,10.0,0.5532359081419624,0
1769784885.1031415,1553.8778311599176,0.005,0.6839999999999999,0.0,1.0,10.0,0.5538778311599177,0
1769784885.1063874,1554.5023696682465,0.005,0.6839999999999999,0.0,1.0,10.0,0.5545023696682465,0
1769784885.109964,1555.110220440882,0.005,0.6839999999999999,0.0,1.0,10.0,0.555110220440882,0
1769784885.1134765,1555.7020435069217,0.005,0.6839999999999999,0.0,1.0,10.0,0.5557020435069218,0
1769784885.1176805,1556.2784645413144,0.005,0.6839999999999999,0.0,1.0,10.0,0.5562784645413144,0
1769784885.1207983,1556.8400770712908,0.005,0.6839999999999999,0.0,1.0,10.0,0.5568400770712909,0
1769784885.1236103,1557.3874445149017,0.005,0.6839999999999999,0.0,1.0,10.0,0.5573874445149019,0
1769784885.1269317,1557.9211020663745,0.005,0.6839999999999999,0.0,1.0,10.0,0.5579211020663746,0
1769784885.130357,1558.4415584415585,0.005,0.6839999999999999,0.0,1.0,10.0,0.5584415584415585,0
1769784885.134467,1558.9492974954183,0.005,0.6839999999999999,0.0,1.0,10.0,0.5589492974954182,0
1769784885.138364,1559.4447797223897,0.005,0.6839999999999999,0.0,1.0,10.0,0.5594447797223898,0
1769784885.1429322,1559.928443649374,0.005,0.6839999999999999,0.0,1.0,10.0,0.5599284436493741,0
1769784885.1463573,1560.4007071302299,0.005,0.6839999999999999,0.0,1.0,10.0,0.5604007071302299,0
1769784885.1497903,1560.8619685497963,0.005,0.6839999999999999,0.0,1.0,10.0,0.5608619685497964,0
1769784885.1528573,1561.3126079447322,0.005,0.6839999999999999,0.0,1.0,10.0,0.5613126079447324,0
1769784885.1558294,1561.7529880478087,0.005,0.6839999999999999,0.0,1.0,10.0,0.5617529880478087,0
1769784885.159282,1563.0630630630633,0.004282670896,0.8089999999999999,0.16818181818181818,1.0,10.0,-1.0470222083551186,0
1769784885.163362,1567.056204785754,0.005,0.8089999999999999,0.16818181818181818,1.0,10.0,-1.1147619770324277,0
1769784885.1679347,1567.4188222344526,0.005,0.8089999999999999,0.16818181818181818,1.0,10.0,-1.1143993595837292,0
1769784885.1711972,1567.773543821448,0.005,0.8089999999999999,0.16818181818181818,1.0,10.0,-1.114044637996734,0
1769784885.1741989,1568.1206246634356,0.005,0.8089999999999999,0.16818181818181818,1.0,10.0,-1.1136975571547463,0
1769784885.1777368,1568.4603090037294,0.005,0.8089999999999999,0.16818181818181818,1.0,10.0,-1.1133578728144524,0
1769784885.1810143,1568.7928307854509,0.005,0.8089999999999999,0.16818181818181818,1.0,10.0,-1.113025351032731,0
1769784885.184171,1569.1184141888368,0.005,0.8089999999999999,0.16818181818181818,1.0,10.0,-1.112699767629345,0
1769784885.1871767,1569.4372741352606,0.005,0.8089999999999999,0.16818181818181818,1.0,10.0,-1.1123809076829212,0
1769784885.1902645,1569.7496167603474,0.005,0.8089999999999999,0.16818181818181818,1.0,10.0,-1.1120685650578344,0
1769784885.193701,1570.0556398583713,0.005,0.8089999999999999,0.16818181818181818,1.0,10.0,-1.1117625419598105,0
1769784885.1999466,1570.35553329995,0.005,0.8089999999999999,0.16818181818181818,1.0,10.0,-1.111462648518232,0
1769784885.20426,1570.6494794248886,0.005,0.8089999999999999,0.16818181818181818,1.0,10.0,-1.1111687023932932,0
1769784885.207843,1570.93765341188,0.005,0.8089999999999999,0.16818181818181818,1.0,10.0,-1.1108805284063017,0
1769784885.21163,1571.2202236266407,0.005,0.8089999999999999,0.16818181818181818,1.0,10.0,-1.110597958191541,0
1769784885.2157197,1571.4973519499279,0.005,0.8089999999999999,0.16818181818181818,1.0,10.0,-1.110320829868254,0
1769784885.2195673,1571.7691940867908,0.005,0.8089999999999999,0.16818181818181818,1.0,10.0,-1.110048987731391,0
1769784885.2225716,1572.0358998582901,0.005,0.8089999999999999,0.16818181818181818,1.0,10.0,-1.1097822819598917,0
1769784885.2267454,1572.2976134768367,0.005,0.8089999999999999,0.16818181818181818,1.0,10.0,-1.1095205683413452,0
1769784885.2301364,1572.5544738062124,0.005,0.8089999999999999,0.16818181818181818,1.0,10.0,-1.1092637080119694,0
1769784885.2338977,1572.8066146072576,0.005,0.8089999999999999,0.16818181818181818,1.0,10.0,-1.1090115672109242,0
1769784885.239571,1573.0541647701411,0.005,0.8089999999999999,0.16818181818181818,1.0,10.0,-1.1087640170480406,0
1769784885.2456844,1573.2972485340551,0.005,0.8089999999999999,0.16818181818181818,1.0,10.0,-1.1085209332841266,0
1769784885.2496636,1573.5359856951272,0.005,0.8089999999999999,0.16818181818181818,1.0,10.0,-1.1082821961230547,0
1769784885.2533746,1573.7704918032787,0.005,0.8089999999999999,0.16818181818181818,1.0,10.0,-1.1080476900149032,0
1769784885.2572672,1574.0008783487044,0.005,0.8089999999999999,0.16818181818181818,1.0,10.0,-1.1078173034694774,0
1769784885.2612267,1574.2272529386157,0.005,0.8089999999999999,0.16818181818181818,1.0,10.0,-1.1075909288795662,0
1769784885.26495,1574.4497194648254,0.005,0.8089999999999999,0.16818181818181818,1.0,10.0,-1.1073684623533564,0
1769784885.2688806,1574.66837826273,0.005,0.8089999999999999,0.16818181818181818,1.0,10.0,-1.107149803555452,0
1769784885.2725344,1574.8833262621977,0.005,0.8089999999999999,0.16818181818181818,1.0,10.0,-1.1069348555559841,0
1769784885.2761729,1575.0946571308373,0.005,0.8089999999999999,0.16818181818181818,1.0,10.0,-1.1067235246873446,0
1769784885.2795448,1575.302461410096,0.005,0.8089999999999999,0.16818181818181818,1.0,10.0,-1.106515720408086,0
1769784885.2829976,1575.5068266446008,0.005,0.8089999999999999,0.16818181818181818,1.0,10.0,-1.106311355173581,0
1769784885.2867672,1575.7078375051292,0.005,0.8089999999999999,0.16818181818181818,1.0,10.0,-1.1061103443130527,0
1769784885.290918,1575.905575905576,0.005,0.8089999999999999,0.16818181818181818,1.0,10.0,-1.1059126059126059,0
1769784885.294981,1576.1001211142511,0.005,0.8089999999999999,0.16818181818181818,1.0,10.0,-1.1057180607039307,0
1769784885.2982385,1576.2915498598318,0.005,0.8089999999999999,0.16818181818181818,1.0,10.0,-1.10552663195835,0
1769784885.3021185,1576.4799364322607,0.005,0.8089999999999999,0.16818181818181818,1.0,10.0,-1.105338245385921,0
1769784885.3058105,1576.6653527788726,0.005,0.8089999999999999,0.16818181818181818,1.0,10.0,-1.1051528290393093,0
1769784885.3092272,1576.847868596011,0.005,0.8089999999999999,0.16818181818181818,1.0,10.0,-1.1049703132221709,0
1769784885.3131557,1577.0275514163757,0.005,0.8089999999999999,0.16818181818181818,1.0,10.0,-1.1047906304018063,0
1769784885.31796,1577.2044666923373,0.005,0.8089999999999999,0.16818181818181818,1.0,10.0,-1.1046137151258446,0
1769784885.3226173,1577.37867787543,0.005,0.8089999999999999,0.16818181818181818,1.0,10.0,-1.104439503942752,0
1769784885.3267562,1577.550246492226,0.005,0.8089999999999999,0.16818181818181818,1.0,10.0,-1.1042679353259557,0
1769784885.330463,1577.719232216786,0.005,0.8089999999999999,0.16818181818181818,1.0,10.0,-1.104098949601396,0
1769784885.3338878,1577.885692939858,0.005,0.8089999999999999,0.16818181818181818,1.0,10.0,-1.1039324888783237,0
1769784885.338181,1578.049684835002,0.005,0.8089999999999999,0.16818181818181818,1.0,10.0,-1.10376849698318,0
1769784885.3455715,1578.211262421789,0.005,0.8089999999999999,0.16818181818181818,1.0,10.0,-1.1036069193963929,0
1769784885.349954,1578.370478626233,0.005,0.8089999999999999,0.16818181818181818,1.0,10.0,-1.1034477031919487,0
1769784885.3534193,1578.5273848385928,0.005,0.8089999999999999,0.16818181818181818,1.0,10.0,-1.103290796979589,0
1769784885.3572338,1578.6820309686711,0.005,0.8089999999999999,0.16818181818181818,1.0,10.0,-1.1031361508495108,0
1769784885.3629987,1578.8344654987486,0.005,0.8089999999999999,0.16818181818181818,1.0,10.0,-1.1029837163194331,0
1769784885.367749,1578.9847355342565,0.005,0.8089999999999999,0.16818181818181818,1.0,10.0,-1.1028334462839253,0
1769784885.3727481,1579.1328868523087,0.005,0.8089999999999999,0.16818181818181818,1.0,10.0,-1.1026852949658732,0
1769784885.3764215,1579.2789639481973,0.005,0.8089999999999999,0.16818181818181818,1.0,10.0,-1.1025392178699844,0
1769784885.3795693,1579.4230100799443,0.005,0.8089999999999999,0.16818181818181818,1.0,10.0,-1.1023951717382374,0
1769784885.383306,1579.5650673110115,0.005,0.8089999999999999,0.16818181818181818,1.0,10.0,-1.1022531145071703,0
1769784885.3872454,1579.7051765512515,0.005,0.8089999999999999,0.16818181818181818,1.0,10.0,-1.1021130052669303,0
1769784885.3915045,1579.8433775961864,0.005,0.8089999999999999,0.16818181818181818,1.0,10.0,-1.1019748042219955,0
1769784885.3962827,1579.979709164694,0.005,0.8089999999999999,0.16818181818181818,1.0,10.0,-1.1018384726534878,0
1769784885.3996441,1580.1142089351697,0.005,0.8089999999999999,0.16818181818181818,1.0,10.0,-1.1017039728830123,0
1769784885.4028955,1580.2469135802469,0.005,0.8089999999999999,0.16818181818181818,1.0,10.0,-1.101571268237935,0
1769784885.4071193,1580.3778588001326,0.005,0.8089999999999999,0.16818181818181818,1.0,10.0,-1.1014403230180492,0
1769784885.4130015,1580.5070793546263,0.005,0.8089999999999999,0.16818181818181818,1.0,10.0,-1.1013111024635556,0
1769784885.4165235,1580.6346090938828,0.005,0.8089999999999999,0.16818181818181818,1.0,10.0,-1.1011835727242991,0
1769784885.4198756,1580.7604809879754,0.005,0.8089999999999999,0.16818181818181818,1.0,10.0,-1.1010577008302065,0
1769784885.4229336,1580.8847271553116,0.005,0.8089999999999999,0.16818181818181818,1.0,10.0,-1.1009334546628702,0
1769784885.4277055,1581.0073788899583,0.005,0.8089999999999999,0.16818181818181818,1.0,10.0,-1.1008108029282235,0
1769784885.4307973,1581.1284666879183,0.005,0.8089999999999999,0.16818181818181818,1.0,10.0,-1.1006897151302635,0
1769784885.4346318,1581.2480202724105,0.005,0.8089999999999999,0.16818181818181818,1.0,10.0,-1.1005701615457713,0
1769784885.4384587,1581.3660686181934,0.005,0.8089999999999999,0.16818181818181818,1.0,10.0,-1.1004521131999885,0
1769784885.4453359,1581.4826399749766,0.005,0.8089999999999999,0.16818181818181818,1.0,10.0,-1.1003355418432053,0
1769784885.4494548,1581.5977618899594,0.005,0.8089999999999999,0.16818181818181818,1.0,10.0,-1.1002204199282224,0
1769784885.4543858,1581.7114612295336,0.005,0.8089999999999999,0.16818181818181818,1.0,10.0,-1.1001067205886483,0
1769784885.4580343,1581.8237642001843,0.005,0.8089999999999999,0.16818181818181818,1.0,10.0,-1.0999944176179974,0
1769784885.4614313,1581.93469636863,0.005,0.8089999999999999,0.16818181818181818,1.0,10.0,-1.0998834854495518,0
1769784885.464369,1582.0442826812255,0.005,0.8089999999999999,0.16818181818181818,1.0,10.0,-1.0997738991369563,0
1769784885.4679012,1582.6296743063933,0.004358972422,0.632,0.1274787535410765,1.0,10.0,-0.6280551033043715,0
1769784885.4708116,1584.6568774348218,0.005,0.632,0.1274787535410765,1.0,10.0,-0.6901306579759432,0
1769784885.4740043,1584.7482871611558,0.005,0.632,0.1274787535410765,1.0,10.0,-0.6900392482496092,0
1769784885.4773288,1584.8386141545752,0.005,0.632,0.1274787535410765,1.0,10.0,-0.6899489212561898,0
1769784885.4810786,1584.927877539005,0.005,0.632,0.1274787535410765,1.0,10.0,-0.68985965787176,0
1769784885.4844158,1585.016095990635,0.005,0.632,0.1274787535410765,1.0,10.0,-0.68977143942013,0
1769784885.4886932,1585.1032877509458,0.005,0.632,0.1274787535410765,1.0,10.0,-0.6896842476598191,0
1769784885.4935853,1585.1894706392825,0.005,0.632,0.1274787535410765,1.0,10.0,-0.6895980647714823,0
1769784885.4969492,1585.2746620649987,0.005,0.632,0.1274787535410765,1.0,10.0,-0.6895128733457663,0
1769784885.5004182,1585.3588790391766,0.005,0.632,0.1274787535410765,1.0,10.0,-0.6894286563715883,0
1769784885.5035264,1585.4421381859538,0.005,0.632,0.1274787535410765,1.0,10.0,-0.6893453972248111,0
1769784885.5068326,1585.5244557534636,0.005,0.632,0.1274787535410765,1.0,10.0,-0.6892630796573014,0
1769784885.510705,1585.6058476244025,0.005,0.632,0.1274787535410765,1.0,10.0,-0.6891816877863624,0
1769784885.5144129,1585.6863293262513,0.005,0.632,0.1274787535410765,1.0,10.0,-0.6891012060845136,0
1769784885.5180082,1585.7659160411454,0.005,0.632,0.1274787535410765,1.0,10.0,-0.6890216193696195,0
1769784885.522382,1585.8446226154272,0.005,0.632,0.1274787535410765,1.0,10.0,-0.6889429127953377,0
1769784885.5261548,1585.9224635688756,0.005,0.632,0.1274787535410765,1.0,10.0,-0.6888650718418894,0
1769784885.5301178,1585.9994531036368,0.005,0.632,0.1274787535410765,1.0,10.0,-0.6887880823071282,0
1769784885.5333307,1586.075605112864,0.005,0.632,0.1274787535410765,1.0,10.0,-0.688711930297901,0
1769784885.537832,1586.1509331890722,0.005,0.632,0.1274787535410765,1.0,10.0,-0.6886366022216928,0
1769784885.5425746,1586.2254506322301,0.005,0.632,0.1274787535410765,1.0,10.0,-0.6885620847785348,0
1769784885.548457,1586.2991704575863,0.005,0.632,0.1274787535410765,1.0,10.0,-0.6884883649531786,0
1769784885.5520344,1586.3721054032474,0.005,0.632,0.1274787535410765,1.0,10.0,-0.6884154300075176,0
1769784885.5564146,1586.4442679375168,0.005,0.632,0.1274787535410765,1.0,10.0,-0.6883432674732481,0
1769784885.5599668,1586.5156702659995,0.005,0.632,0.1274787535410765,1.0,10.0,-0.6882718651447655,0
1769784885.5629556,1586.5863243384856,0.005,0.632,0.1274787535410765,1.0,10.0,-0.6882012110722793,0
1769784885.5661545,1586.6562418556164,0.005,0.632,0.1274787535410765,1.0,10.0,-0.6881312935551485,0
1769784885.5709605,1586.7254342753436,0.005,0.632,0.1274787535410765,1.0,10.0,-0.6880621011354213,0
1769784885.5758586,1586.7939128191902,0.005,0.632,0.1274787535410765,1.0,10.0,-0.6879936225915748,0
1769784885.5798585,1586.8616884783166,0.005,0.632,0.1274787535410765,1.0,10.0,-0.6879258469324483,0
1769784885.5833,1586.9287720194025,0.005,0.632,0.1274787535410765,1.0,10.0,-0.6878587633913624,0
1769784885.5867755,1586.9951739903481,0.005,0.632,0.1274787535410765,1.0,10.0,-0.6877923614204169,0
1769784885.590076,1587.0609047258024,0.005,0.632,0.1274787535410765,1.0,10.0,-0.6877266306849625,0
1769784885.5937212,1587.1259743525272,0.005,0.632,0.1274787535410765,1.0,10.0,-0.6876615610582377,0
1769784885.5970547,1587.190392794596,0.005,0.632,0.1274787535410765,1.0,10.0,-0.6875971426161689,0
1769784885.7143133,2083.3333333333335,0.0044604430339999996,0.0,0.0,1.0,10.0,1.1372890299333336,0
1769784885.7187357,1945.945945945946,0.005,0.0,0.0,1.0,10.0,0.945945945945946,0
1769784885.7225273,1824.5614035087722,0.005,0.0,0.0,1.0,10.0,0.8245614035087723,0
1769784885.7261899,1766.2337662337661,0.005,0.0,0.0,1.0,10.0,0.7662337662337662,0
1769784885.72885,1731.958762886598,0.005,0.0,0.0,1.0,10.0,0.731958762886598,0
1769784885.731688,1709.4017094017095,0.005,0.0,0.0,1.0,10.0,0.7094017094017095,0
1769784885.7351656,1693.4306569343066,0.005,0.0,0.0,1.0,10.0,0.6934306569343067,0
1769784885.7398338,1681.528662420382,0.005,0.0,0.0,1.0,10.0,0.681528662420382,0
1769784885.7435052,1672.316384180791,0.005,0.0,0.0,1.0,10.0,0.6723163841807909,0
1769784885.7475846,1664.9746192893401,0.005,0.0,0.0,1.0,10.0,0.6649746192893402,0
1769784885.7520885,1658.9861751152075,0.005,0.0,0.0,1.0,10.0,0.6589861751152075,0
1769784885.7560344,1654.0084388185653,0.005,0.0,0.0,1.0,10.0,0.6540084388185654,0
1769784885.7598572,1649.8054474708172,0.005,0.0,0.0,1.0,10.0,0.6498054474708173,0
1769784885.7629094,1646.2093862815884,0.005,0.0,0.0,1.0,10.0,0.6462093862815885,0
1769784885.7662568,1643.0976430976432,0.005,0.0,0.0,1.0,10.0,0.6430976430976432,0
1769784885.7713938,1640.378548895899,0.005,0.0,0.0,1.0,10.0,0.6403785488958991,0
1769784885.776576,1637.9821958456973,0.005,0.0,0.0,1.0,10.0,0.6379821958456973,0
1769784885.7808635,1635.8543417366948,0.005,0.0,0.0,1.0,10.0,0.6358543417366949,0
1769784885.7852077,1633.9522546419098,0.005,0.0,0.0,1.0,10.0,0.6339522546419099,0
1769784885.7895367,1632.2418136020153,0.005,0.0,0.0,1.0,10.0,0.6322418136020154,0
1769784885.7941854,1630.695443645084,0.005,0.0,0.0,1.0,10.0,0.630695443645084,0
1769784885.7983165,1629.2906178489702,0.005,0.0,0.0,1.0,10.0,0.6292906178489703,0
1769784885.8034716,1628.0087527352296,0.005,0.0,0.0,1.0,10.0,0.6280087527352296,0
1769784885.8102264,1626.8343815513629,0.005,0.0,0.0,1.0,10.0,0.6268343815513628,0
1769784885.8172576,1625.7545271629779,0.005,0.0,0.0,1.0,10.0,0.6257545271629779,0
1769784885.8247068,1624.7582205029014,0.005,0.0,0.0,1.0,10.0,0.6247582205029014,0
1769784885.8284655,1615.2380952380952,0.005,0.0,0.0,1.0,10.0,0.6152380952380951,0
1769784885.8308318,1615.2380952380952,0.005,0.0,0.0,1.0,10.0,0.6152380952380951,0
1769784885.832886,1615.2380952380952,0.005,0.0,0.0,1.0,10.0,0.6152380952380951,0
1769784885.8351786,1615.2380952380952,0.005,0.0,0.0,1.0,10.0,0.6152380952380951,0
1769784885.83712,1615.2380952380952,0.005,0.0,0.0,1.0,10.0,0.6152380952380951,0
1769784885.8389015,1615.2380952380952,0.005,0.0,0.0,1.0,10.0,0.6152380952380951,0
1769784885.8415189,1615.2380952380952,0.005,0.0,0.0,1.0,10.0,0.6152380952380951,0
1769784885.844133,1615.2380952380952,0.005,0.0,0.0,1.0,10.0,0.6152380952380951,0
1769784885.8466191,1615.2380952380952,0.005,0.0,0.0,1.0,10.0,0.6152380952380951,0
1769784885.8484905,1615.2380952380952,0.005,0.0,0.0,1.0,10.0,0.6152380952380951,0
1769784885.8511376,1615.2380952380952,0.005,0.0,0.0,1.0,10.0,0.6152380952380951,0
1769784885.8527958,1615.2380952380952,0.005,0.0,0.0,1.0,10.0,0.6152380952380951,0
1769784885.854708,1615.2380952380952,0.005,0.0,0.0,1.0,10.0,0.6152380952380951,0
1769784885.8561227,1615.2380952380952,0.005,0.0,0.0,1.0,10.0,0.6152380952380951,0
1769784885.8580594,1615.2380952380952,0.005,0.0,0.0,1.0,10.0,0.6152380952380951,0
1769784885.8601418,1615.2380952380952,0.005,0.0,0.0,1.0,10.0,0.6152380952380951,0
1769784885.8625977,1615.2380952380952,0.005,0.0,0.0,1.0,10.0,0.6152380952380951,0
1769784885.8646977,1615.2380952380952,0.005,0.0,0.0,1.0,10.0,0.6152380952380951,0
1769784885.8663526,1615.2380952380952,0.005,0.0,0.0,1.0,10.0,0.6152380952380951,0
1769784885.867901,1615.2380952380952,0.005,0.0,0.0,1.0,10.0,0.6152380952380951,0
1769784885.869789,1615.2380952380952,0.005,0.0,0.0,1.0,10.0,0.6152380952380951,0
1769784885.8715463,1615.2380952380952,0.005,0.0,0.0,1.0,10.0,0.6152380952380951,0
1769784885.8731716,1615.2380952380952,0.005,0.0,0.0,1.0,10.0,0.6152380952380951,0
1769784885.8785777,873.2225115161225,0.004144658225,0.509,0.0,1.0,10.0,-0.04124331098387751,0
1769784885.8827832,888.8888888888889,0.005,0.509,0.0,1.0,10.0,-0.11111111111111105,0
1769784885.887488,909.6164964347658,0.004107005485,0.509,0.1111111111111111,1.0,10.0,-1.1121951631763454,0
1769784885.8916864,923.3680227057711,0.005,0.509,0.1111111111111111,1.0,10.0,-1.1877430884053402,0
1769784885.8959286,935.9331476323121,0.005,0.509,0.1111111111111111,1.0,10.0,-1.175177963478799,0
1769784885.9003403,948.0401093892433,0.005,0.509,0.1111111111111111,1.0,10.0,-1.163071001721868,0
1769784885.9043744,959.7135183527305,0.005,0.509,0.1111111111111111,1.0,10.0,-1.1513975927583806,0
1769784885.9088984,970.9762532981531,0.005,0.509,0.1111111111111111,1.0,10.0,-1.1401348578129582,0
1769784885.9130404,981.8496110630941,0.005,0.509,0.1111111111111111,1.0,10.0,-1.129261500048017,0
1769784885.9172,992.3534409515719,0.005,0.509,0.1111111111111111,1.0,10.0,-1.1187576701595394,0
1769784885.9219468,1002.5062656641603,0.005,0.509,0.1111111111111111,1.0,10.0,-1.1086048454469508,0
1769784885.9262595,1012.3253903040263,0.005,0.509,0.1111111111111111,1.0,10.0,-1.0987857208070848,0
1769784885.9300723,1021.8270008084075,0.005,0.509,0.1111111111111111,1.0,10.0,-1.0892841103027036,0
1769784885.9339225,1031.0262529832935,0.005,0.509,0.1111111111111111,1.0,10.0,-1.0800848581278177,0
1769784885.9376745,1039.9373531714957,0.005,0.509,0.1111111111111111,1.0,10.0,-1.0711737579396154,0
1769784885.9422865,1048.573631457209,0.005,0.509,0.1111111111111111,1.0,10.0,-1.062537479653902,0
1769784885.9470432,1056.9476082004555,0.005,0.509,0.1111111111111111,1.0,10.0,-1.0541635029106555,0
1769784885.952098,1065.0710545998504,0.005,0.509,0.1111111111111111,1.0,10.0,-1.0460400565112606,0
1769784885.9557903,1065.0710545998504,0.005,0.509,0.1111111111111111,1.0,10.0,-1.0460400565112606,0
1769784885.9585361,1065.0710545998504,0.005,0.509,0.1111111111111111,1.0,10.0,-1.0460400565112606,0
1769784885.9604542,1065.0710545998504,0.005,0.509,0.1111111111111111,1.0,10.0,-1.0460400565112606,0
1769784885.9619374,1065.0710545998504,0.005,0.509,0.1111111111111111,1.0,10.0,-1.0460400565112606,0
1769784885.9664052,1002.5062656641604,0.004213163999,0.264,0.0,1.0,10.0,0.08118986576416032,0
1769784885.9720008,1015.7858613589567,0.005,0.264,0.0,1.0,10.0,0.015785861358956765,0
1769784885.9767175,1023.696682464455,0.005,0.264,0.0,1.0,10.0,0.023696682464454888,0
1769784885.9812617,1031.3961255845024,0.005,0.264,0.0,1.0,10.0,0.031396125584502554,0
1769784885.984728,1038.8925510876732,0.005,0.264,0.0,1.0,10.0,0.0388925510876732,0
1769784885.9886327,1046.1938841899805,0.005,0.264,0.0,1.0,10.0,0.046193884189980494,0
1769784885.9922783,1053.3076429030186,0.005,0.264,0.0,1.0,10.0,0.05330764290301859,0
1769784885.995819,1060.2409638554218,0.005,0.264,0.0,1.0,10.0,0.06024096385542177,0
1769784885.9993198,1067.0006261740764,0.005,0.264,0.0,1.0,10.0,0.06700062617407632,0
1769784886.003524,1073.5930735930738,0.005,0.264,0.0,1.0,10.0,0.07359307359307388,0
1769784886.0073178,1080.024434941967,0.005,0.264,0.0,1.0,10.0,0.08002443494196698,0
1769784886.011172,1086.3005431502716,0.005,0.264,0.0,1.0,10.0,0.08630054315027147,0
1769784886.0150588,1092.4269528920693,0.005,0.264,0.0,1.0,10.0,0.09242695289206937,0
1769784886.0191975,1098.4089569829111,0.005,0.264,0.0,1.0,10.0,0.09840895698291119,0
1769784886.0230672,1104.2516016307513,0.005,0.264,0.0,1.0,10.0,0.10425160163075131,0
1769784886.026981,1109.9597006332756,0.005,0.264,0.0,1.0,10.0,0.10995970063327554,0
1769784886.0304983,1115.5378486055777,0.005,0.264,0.0,1.0,10.0,0.11553784860557759,0
1769784886.0351262,1120.990433314575,0.005,0.264,0.0,1.0,10.0,0.12099043331457504,0
1769784886.0398293,1130.0189077966857,0.0041842925,0.047,0.11764705882352941,1.0,10.0,-0.9648809304386086,0
1769784886.0441167,1135.9383599339571,0.005,0.047,0.11764705882352941,1.0,10.0,-1.040532228301337,0
1769784886.0501244,1140.9907457811648,0.005,0.047,0.11764705882352941,1.0,10.0,-1.0354798424541294,0
1769784886.0568078,1145.9343026386646,0.005,0.047,0.11764705882352941,1.0,10.0,-1.0305362855966296,0
1769784886.0623953,1150.7725093233885,0.005,0.047,0.11764705882352941,1.0,10.0,-1.0256980789119057,0
1769784886.067032,1155.5086979441223,0.005,0.047,0.11764705882352941,1.0,10.0,-1.020961890291172,0
1769784886.0723453,1160.1460615545125,0.005,0.047,0.11764705882352941,1.0,10.0,-1.0163245266807817,0
1769784886.076972,1164.6876613319566,0.005,0.047,0.11764705882352941,1.0,10.0,-1.0117829269033376,0
1769784886.0801206,1169.1364333163006,0.005,0.047,0.11764705882352941,1.0,10.0,-1.0073341549189936,0
1769784886.083768,1173.4951947395043,0.005,0.047,0.11764705882352941,1.0,10.0,-1.00297539349579,0
1769784886.0869584,1177.7666499749625,0.005,0.047,0.11764705882352941,1.0,10.0,-0.9987039382603315,0
1769784886.0901663,1181.9533961328707,0.005,0.047,0.11764705882352941,1.0,10.0,-0.9945171921024234,0
1769784886.0937128,1186.0579283259694,0.005,0.047,0.11764705882352941,1.0,10.0,-0.9904126599093246,0
1769784886.096883,1190.0826446280992,0.005,0.047,0.11764705882352941,1.0,10.0,-0.986387943607195,0
1769784886.1006968,1194.0298507462687,0.005,0.047,0.11764705882352941,1.0,10.0,-0.9824407374890254,0
1769784886.1036472,1197.9017644253697,0.005,0.047,0.11764705882352941,1.0,10.0,-0.9785688238099244,0
1769784886.1066895,1201.7005196032121,0.005,0.047,0.11764705882352941,1.0,10.0,-0.9747700686320819,0
1769784886.1104488,1205.4281703322415,0.005,0.047,0.11764705882352941,1.0,10.0,-0.9710424179030526,0
1769784886.114363,1209.0866944830784,0.005,0.047,0.11764705882352941,1.0,10.0,-0.9673838937522157,0
1769784886.1179872,1212.6779972439138,0.005,0.047,0.11764705882352941,1.0,10.0,-0.9637925909913805,0
1769784886.121854,1216.2039144287667,0.005,0.047,0.11764705882352941,1.0,10.0,-0.9602666738065275,0
1769784886.1260374,1219.6662156066757,0.005,0.047,0.11764705882352941,1.0,10.0,-0.9568043726286184,0
1769784886.1298869,1223.0666070630307,0.005,0.047,0.11764705882352941,1.0,10.0,-0.9534039811722634,0
1769784886.1333826,1226.4067346034558,0.005,0.047,0.11764705882352941,1.0,10.0,-0.9500638536318384,0
1769784886.1367655,1229.6881862099253,0.005,0.047,0.11764705882352941,1.0,10.0,-0.9467824020253688,0
1769784886.1401098,1232.9124945581193,0.005,0.047,0.11764705882352941,1.0,10.0,-0.9435580936771748,0
1769784886.1441371,1236.0811394044024,0.005,0.047,0.11764705882352941,1.0,10.0,-0.9403894488308917,0
1769784886.148758,1239.1955498502352,0.005,0.047,0.11764705882352941,1.0,10.0,-0.937275038385059,0
1769784886.1536949,1245.3342382083474,0.004096463675,0.191,0.1925925925925926,1.0,10.0,-1.5902380552175785,0
1769784886.1558309,1244.8202959830867,0.005,0.191,0.1925925925925926,1.0,10.0,-1.6811056299428393,0
1769784886.1596267,1244.8202959830867,0.005,0.191,0.1925925925925926,1.0,10.0,-1.6811056299428393,0
1769784886.1618094,1244.8202959830867,0.005,0.191,0.1925925925925926,1.0,10.0,-1.6811056299428393,0
1769784886.163643,1244.8202959830867,0.005,0.191,0.1925925925925926,1.0,10.0,-1.6811056299428393,0
1769784886.1656263,1244.8202959830867,0.005,0.191,0.1925925925925926,1.0,10.0,-1.6811056299428393,0
1769784886.167713,1244.8202959830867,0.005,0.191,0.1925925925925926,1.0,10.0,-1.6811056299428393,0
1769784886.1692965,1244.8202959830867,0.005,0.191,0.1925925925925926,1.0,10.0,-1.6811056299428393,0
1769784886.1709578,1244.8202959830867,0.005,0.191,0.1925925925925926,1.0,10.0,-1.6811056299428393,0
1769784886.1723711,1244.8202959830867,0.005,0.191,0.1925925925925926,1.0,10.0,-1.6811056299428393,0
1769784886.1736863,1244.8202959830867,0.005,0.191,0.1925925925925926,1.0,10.0,-1.6811056299428393,0
1769784886.1757383,1244.8202959830867,0.005,0.191,0.1925925925925926,1.0,10.0,-1.6811056299428393,0
1769784886.1780949,1244.8202959830867,0.005,0.191,0.1925925925925926,1.0,10.0,-1.6811056299428393,0
1769784886.181685,1140.2369124952236,0.005,0.191,0.0,1.0,10.0,0.14023691249522363,0
1769784886.1862807,1143.7239287068637,0.005,0.191,0.0,1.0,10.0,0.14372392870686368,0
1769784886.1894498,1147.158449378999,0.005,0.191,0.0,1.0,10.0,0.14715844937899902,0
1769784886.1940732,1150.5416511019798,0.005,0.191,0.0,1.0,10.0,0.15054165110197992,0
1769784886.1986926,1153.874675565443,0.005,0.191,0.0,1.0,10.0,0.1538746755654432,0
1769784886.2031052,1157.1586308428414,0.005,0.191,0.0,1.0,10.0,0.15715863084284143,0
1769784886.2065277,1160.3945926196566,0.005,0.191,0.0,1.0,10.0,0.1603945926196566,0
1769784886.211103,1163.5836053681537,0.005,0.191,0.0,1.0,10.0,0.16358360536815364,0
1769784886.2144973,1166.726683471372,0.005,0.191,0.0,1.0,10.0,0.1667266834713721,0
1769784886.218242,1169.8248122988916,0.005,0.191,0.0,1.0,10.0,0.16982481229889168,0
1769784886.221647,1172.8789492367769,0.005,0.191,0.0,1.0,10.0,0.17287894923677682,0
1769784886.2263894,1175.8900246739513,0.005,0.191,0.0,1.0,10.0,0.17589002467395143,0
1769784886.229721,1178.8589429471474,0.005,0.191,0.0,1.0,10.0,0.17885894294714744,0
1769784886.2331026,1181.7865832464372,0.005,0.191,0.0,1.0,10.0,0.18178658324643715,0
1769784886.2367854,1184.6738004832587,0.005,0.191,0.0,1.0,10.0,0.18467380048325865,0
1769784886.2405665,1187.5214261227288,0.005,0.191,0.0,1.0,10.0,0.18752142612272893,0
1769784886.2441478,1190.3302689819543,0.005,0.191,0.0,1.0,10.0,0.19033026898195438,0
1769784886.2484734,1193.1011159959419,0.005,0.191,0.0,1.0,10.0,0.19310111599594193,0
1769784886.2526135,1195.8347329526368,0.005,0.191,0.0,1.0,10.0,0.19583473295263687,0
1769784886.256458,1198.531865198532,0.005,0.191,0.0,1.0,10.0,0.19853186519853194,0
1769784886.2600615,1201.1932383162082,0.005,0.191,0.0,1.0,10.0,0.20119323831620828,0
1769784886.263365,1203.819558775107,0.005,0.191,0.0,1.0,10.0,0.20381955877510705,0
1769784886.2668953,1206.411514556755,0.005,0.191,0.0,1.0,10.0,0.2064115145567551,0
1769784886.2716813,1208.9697757556062,0.005,0.191,0.0,1.0,10.0,0.20896977575560616,0
1769784886.2760751,1211.4949951566032,0.005,0.191,0.0,1.0,10.0,0.2114949951566032,0
1769784886.2795734,1213.9878087905038,0.005,0.191,0.0,1.0,10.0,0.21398780879050383,0
1769784886.282579,1216.448836467963,0.005,0.191,0.0,1.0,10.0,0.2164488364679631,0
1769784886.2858152,1218.8786822933164,0.005,0.191,0.0,1.0,10.0,0.21887868229331642,0
1769784886.2897243,1221.277935158955,0.005,0.191,0.0,1.0,10.0,0.22127793515895489,0
1769784886.2929177,1223.6471692211448,0.005,0.191,0.0,1.0,10.0,0.2236471692211448,0
1769784886.2965372,1225.9869443580976,0.005,0.191,0.0,1.0,10.0,0.22598694435809774,0
1769784886.3011491,1228.2978066110597,0.005,0.191,0.0,1.0,10.0,0.2282978066110597,0
1769784886.3051357,1230.5802886091494,0.005,0.191,0.0,1.0,10.0,0.23058028860914948,0
1769784886.3091106,1232.8349099786392,0.005,0.191,0.0,1.0,10.0,0.23283490997863932,0
1769784886.3124554,1235.062177737337,0.005,0.191,0.0,1.0,10.0,0.23506217773733695,0
1769784886.3157141,1237.262586674706,0.005,0.191,0.0,1.0,10.0,0.237262586674706,0
1769784886.320495,1239.4366197183099,0.005,0.191,0.0,1.0,10.0,0.23943661971830998,0
1769784886.3250911,1241.5847482871611,0.005,0.191,0.0,1.0,10.0,0.24158474828716114,0
1769784886.3291562,1243.7074326325142,0.005,0.191,0.0,1.0,10.0,0.24370743263251415,0
1769784886.332376,1245.8051221666176,0.005,0.191,0.0,1.0,10.0,0.24580512216661754,0
1769784886.3363187,1247.8782557799238,0.005,0.191,0.0,1.0,10.0,0.24787825577992395,0
1769784886.339739,1249.9272621472214,0.005,0.191,0.0,1.0,10.0,0.2499272621472215,0
1769784886.343209,1251.9525600231414,0.005,0.191,0.0,1.0,10.0,0.25195256002314137,0
1769784886.347214,1253.9545585274664,0.005,0.191,0.0,1.0,10.0,0.2539545585274663,0
1769784886.3561168,1255.9336574206463,0.005,0.191,0.0,1.0,10.0,0.25593365742064633,0
1769784886.360682,1257.8902473699175,0.005,0.191,0.0,1.0,10.0,0.2578902473699174,0
1769784886.3642895,1259.9672001357235,0.004477472552,0.905,0.12264150943396226,1.0,10.0,-0.914195149403899,0
1769784886.3680882,1263.9865054821478,0.005,0.905,0.12264150943396226,1.0,10.0,-0.9624285888574748,0
1769784886.3703425,1263.3941093969145,0.005,0.905,0.12264150943396226,1.0,10.0,-0.963020984942708,0
1769784886.371745,1263.3941093969145,0.005,0.905,0.12264150943396226,1.0,10.0,-0.963020984942708,0
1769784886.3731256,1263.3941093969145,0.005,0.905,0.12264150943396226,1.0,10.0,-0.963020984942708,0
1769784886.3742442,1263.3941093969145,0.005,0.905,0.12264150943396226,1.0,10.0,-0.963020984942708,0
1769784886.376908,1263.3941093969145,0.005,0.905,0.12264150943396226,1.0,10.0,-0.963020984942708,0
1769784886.3788447,1263.3941093969145,0.005,0.905,0.12264150943396226,1.0,10.0,-0.963020984942708,0
1769784886.3807538,1263.3941093969145,0.005,0.905,0.12264150943396226,1.0,10.0,-0.963020984942708,0
1769784886.3824084,1263.3941093969145,0.005,0.905,0.12264150943396226,1.0,10.0,-0.963020984942708,0
1769784886.3841522,1263.3941093969145,0.005,0.905,0.12264150943396226,1.0,10.0,-0.963020984942708,0
1769784886.3854475,1263.3941093969145,0.005,0.905,0.12264150943396226,1.0,10.0,-0.963020984942708,0
1769784886.3866978,1263.3941093969145,0.005,0.905,0.12264150943396226,1.0,10.0,-0.963020984942708,0
1769784886.3878582,1263.3941093969145,0.005,0.905,0.12264150943396226,1.0,10.0,-0.963020984942708,0
1769784886.3890452,1263.3941093969145,0.005,0.905,0.12264150943396226,1.0,10.0,-0.963020984942708,0
1769784886.3900974,1263.3941093969145,0.005,0.905,0.12264150943396226,1.0,10.0,-0.963020984942708,0
1769784886.3912039,1263.3941093969145,0.005,0.905,0.12264150943396226,1.0,10.0,-0.963020984942708,0
1769784886.3926635,1263.3941093969145,0.005,0.905,0.12264150943396226,1.0,10.0,-0.963020984942708,0
1769784886.398546,1164.0917723143252,0.004493602066,0.905,0.0,1.0,10.0,0.21473156571432517,0
1769784886.402728,1168.2410007658923,0.005,0.905,0.0,1.0,10.0,0.16824100076589232,0
1769784886.40577,1170.4343408686818,0.005,0.905,0.0,1.0,10.0,0.17043434086868192,0
1769784886.4088442,1172.6055092241597,0.005,0.905,0.0,1.0,10.0,0.17260550922415985,0
1769784886.4130638,1174.7548403319086,0.005,0.905,0.0,1.0,10.0,0.17475484033190858,0
1769784886.4164221,1176.8826619964975,0.005,0.905,0.0,1.0,10.0,0.1768826619964976,0
1769784886.522754,2040.816326530612,0.004232936387,0.0,0.0,1.0,10.0,1.1175226878306121,0
1769784886.5276408,1945.945945945946,0.005,0.0,0.0,1.0,10.0,0.945945945945946,0
1769784886.532362,1824.5614035087722,0.005,0.0,0.0,1.0,10.0,0.8245614035087723,0
1769784886.5360901,1766.2337662337661,0.005,0.0,0.0,1.0,10.0,0.7662337662337662,0
1769784886.5390747,1731.958762886598,0.005,0.0,0.0,1.0,10.0,0.731958762886598,0
1769784886.5425293,1709.4017094017095,0.005,0.0,0.0,1.0,10.0,0.7094017094017095,0
1769784886.5462725,1693.4306569343066,0.005,0.0,0.0,1.0,10.0,0.6934306569343067,0
1769784886.5482693,1655.1724137931035,0.005,0.0,0.0,1.0,10.0,0.6551724137931034,0
1769784886.5507016,1655.1724137931035,0.005,0.0,0.0,1.0,10.0,0.6551724137931034,0
1769784886.5524108,1655.1724137931035,0.005,0.0,0.0,1.0,10.0,0.6551724137931034,0
1769784886.5537553,1655.1724137931035,0.005,0.0,0.0,1.0,10.0,0.6551724137931034,0
1769784886.5549364,1655.1724137931035,0.005,0.0,0.0,1.0,10.0,0.6551724137931034,0
1769784886.557672,1019.3050193050194,0.004461812624,0.127,0.0,1.0,10.0,0.07312375690501949,0
1769784886.5612586,1068.5920577617328,0.005,0.127,0.0,1.0,10.0,0.06859205776173272,0
1769784886.564483,1104.3771043771044,0.005,0.127,0.0,1.0,10.0,0.10437710437710446,0
1769784886.5697496,1135.6466876971608,0.005,0.127,0.0,1.0,10.0,0.13564668769716093,0
1769784886.5732193,1132.3076923076924,0.005,0.127,0.0,1.0,10.0,0.13230769230769246,0
1769784886.5755584,1132.3076923076924,0.005,0.127,0.0,1.0,10.0,0.13230769230769246,0
1769784886.5807707,1054.2962572482868,0.004457833101,0.127,0.0,1.0,10.0,0.10851294714828685,0
1769784886.5875504,1088.16120906801,0.005,0.127,0.0,1.0,10.0,0.08816120906801017,0
1769784886.5906153,1112.7098321342926,0.005,0.127,0.0,1.0,10.0,0.11270983213429253,0
1769784886.5946677,1135.0114416475972,0.005,0.127,0.0,1.0,10.0,0.13501144164759715,0
1769784886.5979123,1155.3610503282275,0.005,0.127,0.0,1.0,10.0,0.15536105032822745,0
1769784886.6012025,1174.0041928721175,0.005,0.127,0.0,1.0,10.0,0.17400419287211766,0
1769784886.6042547,1191.1468812877265,0.005,0.127,0.0,1.0,10.0,0.1911468812877266,0
1769784886.6072857,1206.963249516441,0.005,0.127,0.0,1.0,10.0,0.20696324951644107,0
1769784886.6105952,1221.6014897579144,0.005,0.127,0.0,1.0,10.0,0.22160148975791438,0
1769784886.6144104,1235.1885098743267,0.005,0.127,0.0,1.0,10.0,0.2351885098743267,0
1769784886.6180604,1247.833622183709,0.005,0.127,0.0,1.0,10.0,0.24783362218370897,0
1769784886.621581,1259.6314907872697,0.005,0.127,0.0,1.0,10.0,0.25963149078726966,0
1769784886.6261532,1270.6645056726095,0.005,0.127,0.0,1.0,10.0,0.2706645056726096,0
1769784886.6297894,1281.004709576138,0.005,0.127,0.0,1.0,10.0,0.2810047095761381,0
1769784886.6327636,1290.7153729071538,0.005,0.127,0.0,1.0,10.0,0.2907153729071539,0
1769784886.6360893,1299.8522895125554,0.005,0.127,0.0,1.0,10.0,0.2998522895125555,0
1769784886.639211,1308.464849354376,0.005,0.127,0.0,1.0,10.0,0.308464849354376,0
1769784886.6426778,1316.5969316596932,0.005,0.127,0.0,1.0,10.0,0.31659693165969327,0
1769784886.6460202,1324.2876526458615,0.005,0.127,0.0,1.0,10.0,0.32428765264586157,0
1769784886.6489987,1331.5719947159841,0.005,0.127,0.0,1.0,10.0,0.3315719947159841,0
1769784886.652069,1338.4813384813385,0.005,0.127,0.0,1.0,10.0,0.33848133848133855,0
1769784886.6551278,1345.0439146800502,0.005,0.127,0.0,1.0,10.0,0.34504391468005013,0
1769784886.6582978,1351.2851897184823,0.005,0.127,0.0,1.0,10.0,0.3512851897184823,0
1769784886.6633048,1357.2281959378736,0.005,0.127,0.0,1.0,10.0,0.3572281959378736,0
1769784886.666579,1362.8938156359393,0.005,0.127,0.0,1.0,10.0,0.36289381563593937,0
1769784886.6699188,1368.3010262257696,0.005,0.127,0.0,1.0,10.0,0.36830102622576977,0
1769784886.6730742,1373.4671125975474,0.005,0.127,0.0,1.0,10.0,0.3734671125975475,0
1769784886.6775327,1378.4078516902944,0.005,0.127,0.0,1.0,10.0,0.37840785169029445,0
1769784886.6807585,1383.1376734258272,0.005,0.127,0.0,1.0,10.0,0.38313767342582716,0
1769784886.6838,1387.6698014629048,0.005,0.127,0.0,1.0,10.0,0.387669801462905,0
1769784886.6869264,1392.016376663255,0.005,0.127,0.0,1.0,10.0,0.39201637666325495,0
1769784886.690439,1396.1885656970912,0.005,0.127,0.0,1.0,10.0,0.39618856569709116,0
1769784886.694429,1400.196656833825,0.005,0.127,0.0,1.0,10.0,0.4001966568338251,0
1769784886.6979406,1404.0501446480232,0.005,0.127,0.0,1.0,10.0,0.40405014464802314,0
1769784886.7015824,1407.7578051087985,0.005,0.127,0.0,1.0,10.0,0.40775780510879844,0
1769784886.70443,1411.3277623026927,0.005,0.127,0.0,1.0,10.0,0.41132776230269275,0
1769784886.7081962,1414.767547857794,0.005,0.127,0.0,1.0,10.0,0.4147675478577939,0
1769784886.711371,1418.0841539838855,0.005,0.127,0.0,1.0,10.0,0.41808415398388554,0
1769784886.7147143,1421.2840809146878,0.005,0.127,0.0,1.0,10.0,0.42128408091468783,0
1769784886.7180552,1424.3733794295592,0.005,0.127,0.0,1.0,10.0,0.4243733794295592,0
1769784886.7227156,1427.357689039932,0.005,0.127,0.0,1.0,10.0,0.427357689039932,0
1769784886.7266817,1430.2422723475354,0.005,0.127,0.0,1.0,10.0,0.4302422723475354,0
1769784886.730373,1433.0320460147905,0.005,0.127,0.0,1.0,10.0,0.4330320460147905,0
1769784886.7339394,1435.7316087308004,0.005,0.127,0.0,1.0,10.0,0.4357316087308005,0
1769784886.7378497,1438.3452665075577,0.005,0.127,0.0,1.0,10.0,0.4383452665075578,0
1769784886.741204,1440.8770555990604,0.005,0.127,0.0,1.0,10.0,0.44087705559906043,0
1769784886.74597,1443.330763299923,0.005,0.127,0.0,1.0,10.0,0.44333076329992305,0
1769784886.750103,1445.709946848899,0.005,0.127,0.0,1.0,10.0,0.4457099468488992,0
1769784886.754568,1448.0179506357517,0.005,0.127,0.0,1.0,10.0,0.4480179506357518,0
1769784886.757609,1450.2579218865144,0.005,0.127,0.0,1.0,10.0,0.45025792188651437,0
1769784886.761061,1452.4328249818445,0.005,0.127,0.0,1.0,10.0,0.45243282498184456,0
1769784886.7642882,1454.5454545454547,0.005,0.127,0.0,1.0,10.0,0.4545454545454548,0
1769784886.7684693,1456.5984474241354,0.005,0.127,0.0,1.0,10.0,0.45659844742413536,0
1769784886.7728274,1458.5942936673625,0.005,0.127,0.0,1.0,10.0,0.4585942936673626,0
1769784886.777174,1460.5353466026081,0.005,0.127,0.0,1.0,10.0,0.4605353466026081,0
1769784886.7812145,1462.4238320920786,0.005,0.127,0.0,1.0,10.0,0.4624238320920786,0
1769784886.7861614,1464.2618570474283,0.005,0.127,0.0,1.0,10.0,0.4642618570474284,0
1769784886.7893982,1466.0514172709295,0.005,0.127,0.0,1.0,10.0,0.4660514172709296,0
1769784886.7930012,1467.7944046844502,0.005,0.127,0.0,1.0,10.0,0.4677944046844502,0
1769784886.7960033,1469.4926140012844,0.005,0.127,0.0,1.0,10.0,0.4694926140012845,0
1769784886.8002994,1471.334348046677,0.004453686781,1.1179999999999999,0.18181818181818182,1.0,10.0,-1.2922161482351413,0
1769784886.8037562,1477.77082028804,0.005,1.1179999999999999,0.18181818181818182,1.0,10.0,-1.3404109978937782,0
1769784886.807006,1479.2826221397652,0.005,1.1179999999999999,0.18181818181818182,1.0,10.0,-1.338899196042053,0
1769784886.8103566,1480.7574832009773,0.005,1.1179999999999999,0.18181818181818182,1.0,10.0,-1.337424334980841,0
1769784886.8142824,1482.1967410983705,0.005,1.1179999999999999,0.18181818181818182,1.0,10.0,-1.3359850770834478,0
1769784886.818902,1483.6016696481813,0.005,1.1179999999999999,0.18181818181818182,1.0,10.0,-1.334580148533637,0
1769784886.8228908,1484.973482616382,0.005,1.1179999999999999,0.18181818181818182,1.0,10.0,-1.3332083355654363,0
1769784886.826757,1486.3133372160746,0.005,1.1179999999999999,0.18181818181818182,1.0,10.0,-1.3318684809657437,0
1769784886.8316634,1487.62233736327,0.005,1.1179999999999999,0.18181818181818182,1.0,10.0,-1.3305594808185484,0
1769784886.8368733,1488.9015367103016,0.005,1.1179999999999999,0.18181818181818182,1.0,10.0,-1.3292802814715168,0
1769784886.841383,1490.151941474395,0.005,1.1179999999999999,0.18181818181818182,1.0,10.0,-1.3280298767074232,0
1769784886.8465993,1491.3745130773511,0.005,1.1179999999999999,0.18181818181818182,1.0,10.0,-1.326807305104467,0
1769784886.8512988,1492.5701706108973,0.005,1.1179999999999999,0.18181818181818182,1.0,10.0,-1.325611647570921,0
1769784886.8555222,1493.7397931409907,0.005,1.1179999999999999,0.18181818181818182,1.0,10.0,-1.3244420250408275,0
1769784886.859493,1494.8842218632203,0.005,1.1179999999999999,0.18181818181818182,1.0,10.0,-1.323297596318598,0
1769784886.8633742,1496.004262120405,0.005,1.1179999999999999,0.18181818181818182,1.0,10.0,-1.3221775560614133,0
1769784886.8678231,1497.1006852925673,0.005,1.1179999999999999,0.18181818181818182,1.0,10.0,-1.321081132889251,0
1769784886.8720353,1498.1742305685968,0.005,1.1179999999999999,0.18181818181818182,1.0,10.0,-1.3200075876132216,0
1769784886.8777037,1499.2256066081568,0.005,1.1179999999999999,0.18181818181818182,1.0,10.0,-1.3189562115736615,0
1769784886.8818882,1500.2554931016862,0.005,1.1179999999999999,0.18181818181818182,1.0,10.0,-1.317926325080132,0
1769784886.8857818,1501.2645422357107,0.005,1.1179999999999999,0.18181818181818182,1.0,10.0,-1.3169172759461076,0
1769784886.8891098,1502.2533800701053,0.005,1.1179999999999999,0.18181818181818182,1.0,10.0,-1.315928438111713,0
1769784886.892697,1503.222607833416,0.005,1.1179999999999999,0.18181818181818182,1.0,10.0,-1.3149592103484022,0
1769784886.8961577,1504.1728031418752,0.005,1.1179999999999999,0.18181818181818182,1.0,10.0,-1.314009015039943,0
1769784886.8999622,1505.104521147302,0.005,1.1179999999999999,0.18181818181818182,1.0,10.0,-1.3130772970345164,0
1769784886.9032972,1506.018295618681,0.005,1.1179999999999999,0.18181818181818182,1.0,10.0,-1.3121635225631374,0
1769784886.9065282,1506.9146399618503,0.005,1.1179999999999999,0.18181818181818182,1.0,10.0,-1.311267178219968,0
1769784886.9103358,1507.794048181389,0.005,1.1179999999999999,0.18181818181818182,1.0,10.0,-1.3103877700004294,0
1769784886.914637,1512.1175259661272,0.00450265646,1.1179999999999999,0.0975609756097561,1.0,10.0,-0.41375787613143356,0
1769784886.9192593,1513.212795549374,0.005,1.1179999999999999,0.0975609756097561,1.0,10.0,-0.4623969605481868,0
1769784886.9223433,1514.010105649977,0.005,1.1179999999999999,0.0975609756097561,1.0,10.0,-0.4615996504475839,0
1769784886.9259667,1514.792899408284,0.005,1.1179999999999999,0.0975609756097561,1.0,10.0,-0.46081685668927697,0
1769784886.9296088,1515.5615696887687,0.005,1.1179999999999999,0.0975609756097561,1.0,10.0,-0.4600481864087922,0
1769784886.9327946,1516.3164953062137,0.005,1.1179999999999999,0.0975609756097561,1.0,10.0,-0.45929326079134714,0
1769784886.9364626,1517.0580416482055,0.005,1.1179999999999999,0.0975609756097561,1.0,10.0,-0.4585517144493554,0
1769784886.941094,1517.7865612648222,0.005,1.1179999999999999,0.0975609756097561,1.0,10.0,-0.4578231948327387,0
1769784886.9458354,1518.5023944275142,0.005,1.1179999999999999,0.0975609756097561,1.0,10.0,-0.45710736167004673,0
1769784886.9503713,1519.205869659042,0.005,1.1179999999999999,0.0975609756097561,1.0,10.0,-0.4564038864385189,0
1769784886.9545448,1519.8973042362002,0.005,1.1179999999999999,0.0975609756097561,1.0,10.0,-0.45571245186136067,0
1769784886.9579022,1520.5770046669495,0.005,1.1179999999999999,0.0975609756097561,1.0,10.0,-0.4550327514306114,0
1769784886.961501,1521.2452671434582,0.005,1.1179999999999999,0.0975609756097561,1.0,10.0,-0.45436448895410275,0
1769784886.9646065,1521.9023779724657,0.005,1.1179999999999999,0.0975609756097561,1.0,10.0,-0.4537073781250951,0
1769784886.968089,1522.548613984278,0.005,1.1179999999999999,0.0975609756097561,1.0,10.0,-0.45306114211328286,0
1769784886.972736,1523.184242921625,0.005,1.1179999999999999,0.0975609756097561,1.0,10.0,-0.45242551317593604,0
1769784886.9760315,1523.8095238095239,0.005,1.1179999999999999,0.0975609756097561,1.0,10.0,-0.451800232288037,0
1769784886.9796398,1524.4247073072265,0.005,1.1179999999999999,0.0975609756097561,1.0,10.0,-0.4511850487903344,0
1769784886.9842947,1525.030036043252,0.005,1.1179999999999999,0.0975609756097561,1.0,10.0,-0.4505797200543089,0
1769784886.9878035,1525.625744934446,0.005,1.1179999999999999,0.0975609756097561,1.0,10.0,-0.44998401116311504,0
1769784886.991095,1526.2120614899486,0.005,1.1179999999999999,0.0975609756097561,1.0,10.0,-0.44939769460761236,0
1769784886.9957654,1526.7892061008995,0.005,1.1179999999999999,0.0975609756097561,1.0,10.0,-0.4488205499966613,0
1769784887.000119,1527.3573923166473,0.005,1.1179999999999999,0.0975609756097561,1.0,10.0,-0.4482523637809137,0
1769784887.0046797,1527.916827108202,0.005,1.1179999999999999,0.0975609756097561,1.0,10.0,-0.447692928989359,0
1769784887.0092716,1528.4677111196027,0.005,1.1179999999999999,0.0975609756097561,1.0,10.0,-0.4471420449779582,0
1769784887.0123153,1529.0102389078497,0.005,1.1179999999999999,0.0975609756097561,1.0,10.0,-0.44659951718971125,0
1769784887.015203,1529.5445991719985,0.005,1.1179999999999999,0.0975609756097561,1.0,10.0,-0.4460651569255625,0
1769784887.0186985,1530.0709749719836,0.005,1.1179999999999999,0.0975609756097561,1.0,10.0,-0.4455387811255773,0
1769784887.0220726,1530.5895439377086,0.005,1.1179999999999999,0.0975609756097561,1.0,10.0,-0.4450202121598523,0
1769784887.025722,1531.1004784688996,0.005,1.1179999999999999,0.0975609756097561,1.0,10.0,-0.4445092776286612,0
1769784887.028623,1531.6039459261965,0.005,1.1179999999999999,0.0975609756097561,1.0,10.0,-0.4440058101713644,0
1769784887.031522,1532.1001088139283,0.005,1.1179999999999999,0.0975609756097561,1.0,10.0,-0.4435096472836326,0
1769784887.034176,1530.5605786618446,0.005,1.1179999999999999,0.0975609756097561,1.0,10.0,-0.44504917743571637,0
1769784887.0356631,1530.5605786618446,0.005,1.1179999999999999,0.0975609756097561,1.0,10.0,-0.44504917743571637,0
1769784887.0371866,1530.5605786618446,0.005,1.1179999999999999,0.0975609756097561,1.0,10.0,-0.44504917743571637,0
1769784887.0385563,1530.5605786618446,0.005,1.1179999999999999,0.0975609756097561,1.0,10.0,-0.44504917743571637,0
1769784887.0398402,1530.5605786618446,0.005,1.1179999999999999,0.0975609756097561,1.0,10.0,-0.44504917743571637,0
1769784887.041376,1530.5605786618446,0.005,1.1179999999999999,0.0975609756097561,1.0,10.0,-0.44504917743571637,0
1769784887.0441916,1468.193735338761,0.004369008638,0.097,0.0,1.0,10.0,0.5312928715387608,0
1769784887.0470123,1470.0034281796368,0.005,0.097,0.0,1.0,10.0,0.4700034281796368,0
1769784887.0514736,1470.888661899898,0.005,0.097,0.0,1.0,10.0,0.470888661899898,0
1769784887.0556037,1471.7619208657422,0.005,0.097,0.0,1.0,10.0,0.4717619208657422,0
1769784887.060389,1472.6234464225731,0.005,0.097,0.0,1.0,10.0,0.47262344642257315,0
1769784887.0638332,1473.4734734734736,0.005,0.097,0.0,1.0,10.0,0.47347347347347357,0
1769784887.0684886,1474.3122306927412,0.005,0.097,0.0,1.0,10.0,0.4743122306927412,0
1769784887.0726147,1475.1399407309846,0.005,0.097,0.0,1.0,10.0,0.47513994073098464,0
1769784887.0773022,1475.9568204121688,0.005,0.097,0.0,1.0,10.0,0.4759568204121689,0
1769784887.0823655,1476.763080922977,0.005,0.097,0.0,1.0,10.0,0.47676308092297703,0
1769784887.0866163,1477.5589279948338,0.005,0.097,0.0,1.0,10.0,0.4775589279948338,0
1769784887.090076,1478.344562078922,0.005,0.097,0.0,1.0,10.0,0.4783445620789222,0
1769784887.094938,1479.1201785145042,0.005,0.097,0.0,1.0,10.0,0.4791201785145043,0
1769784887.098806,1479.2261338407866,0.005,0.097,0.0,1.0,10.0,0.4792261338407866,0
1769784887.1029701,1472.2536806342016,0.004585625353,0.097,0.0,1.0,10.0,0.5136911453342017,0
1769784887.1067533,1473.8817641538944,0.005,0.097,0.0,1.0,10.0,0.4738817641538944,0
1769784887.1108596,1474.665837737022,0.005,0.097,0.0,1.0,10.0,0.4746658377370221,0
1769784887.1158638,1475.4402224281744,0.005,0.097,0.0,1.0,10.0,0.4754402224281744,0
1769784887.1201184,1476.2050967147682,0.005,0.097,0.0,1.0,10.0,0.4762050967147682,0
1769784887.1240733,1476.9606347268846,0.005,0.097,0.0,1.0,10.0,0.47696063472688466,0
1769784887.130148,1477.7070063694268,0.005,0.097,0.0,1.0,10.0,0.47770700636942687,0
1769784887.1339123,1478.4443774495026,0.005,0.097,0.0,1.0,10.0,0.47844437744950263,0
1769784887.1374617,1479.1729097992209,0.005,0.097,0.0,1.0,10.0,0.4791729097992208,0
1769784887.1406684,1479.8927613941019,0.005,0.097,0.0,1.0,10.0,0.479892761394102,0
1769784887.1444595,1480.6040864672789,0.005,0.097,0.0,1.0,10.0,0.4806040864672789,0
1769784887.1477177,1481.3070356196645,0.005,0.097,0.0,1.0,10.0,0.4813070356196645,0
1769784887.1515179,1482.001755926251,0.005,0.097,0.0,1.0,10.0,0.48200175592625105,0
1769784887.1549013,1482.6883910386966,0.005,0.097,0.0,1.0,10.0,0.48268839103869676,0
1769784887.1583898,1483.3670812843507,0.005,0.097,0.0,1.0,10.0,0.4833670812843507,0
1769784887.1632051,1484.037963761864,0.005,0.097,0.0,1.0,10.0,0.4840379637618639,0
1769784887.1671731,1484.7011724335146,0.005,0.097,0.0,1.0,10.0,0.4847011724335146,0
1769784887.170732,1485.3568382143872,0.005,0.097,0.0,1.0,10.0,0.48535683821438713,0
1769784887.1740854,1486.0050890585244,0.005,0.097,0.0,1.0,10.0,0.48600508905852435,0
1769784887.1779597,1486.6460500421704,0.005,0.097,0.0,1.0,10.0,0.4866460500421703,0
1769784887.1809373,1487.2798434442273,0.005,0.097,0.0,1.0,10.0,0.48727984344422737,0
1769784887.1843138,1487.90658882402,0.005,0.097,0.0,1.0,10.0,0.48790658882401994,0
1769784887.1878386,1488.5264030964888,0.005,0.097,0.0,1.0,10.0,0.48852640309648887,0
1769784887.1920483,1489.1394006048943,0.005,0.097,0.0,1.0,10.0,0.48913940060489436,0
1769784887.1965506,1489.7456931911402,0.005,0.097,0.0,1.0,10.0,0.48974569319114014,0
1769784887.2008586,1490.345390263802,0.005,0.097,0.0,1.0,10.0,0.4903453902638022,0
1769784887.2044432,1490.9385988639438,0.005,0.097,0.0,1.0,10.0,0.49093859886394386,0
1769784887.2088113,1491.5254237288134,0.005,0.097,0.0,1.0,10.0,0.49152542372881336,0
1769784887.2122548,1492.1059673534921,0.005,0.097,0.0,1.0,10.0,0.4921059673534922,0
1769784887.215405,1492.6803300505724,0.005,0.097,0.0,1.0,10.0,0.49268033005057243,0
1769784887.2191176,1493.248610007943,0.005,0.097,0.0,1.0,10.0,0.49324861000794296,0
1769784887.2226555,1493.8109033447458,0.005,0.097,0.0,1.0,10.0,0.493810903344746,0
1769784887.2267063,1495.8361703242026,0.004062729216,0.38,0.057971014492753624,1.0,10.0,0.009853103796666374,0
1769784887.2306464,1497.0028668230389,0.005,0.38,0.057971014492753624,1.0,10.0,-0.0827072781044974,0
1769784887.2350411,1497.536945812808,0.005,0.38,0.057971014492753624,1.0,10.0,-0.0821731991147282,0
1769784887.236779,1497.536945812808,0.005,0.38,0.057971014492753624,1.0,10.0,-0.0821731991147282,0
1769784887.2400856,1497.536945812808,0.005,0.38,0.057971014492753624,1.0,10.0,-0.0821731991147282,0
1769784887.2419536,1497.536945812808,0.005,0.38,0.057971014492753624,1.0,10.0,-0.0821731991147282,0
1769784887.2435896,1497.536945812808,0.005,0.38,0.057971014492753624,1.0,10.0,-0.0821731991147282,0
1769784887.2469852,1467.4077817079333,0.004237736564,0.38,0.0,1.0,10.0,0.5436341253079333,0
1769784887.2504845,1468.4435504148857,0.005,0.38,0.0,1.0,10.0,0.46844355041488583,0
1769784887.2550867,1469.1018263697774,0.005,0.38,0.0,1.0,10.0,0.4691018263697775,0
1769784887.3564148,1927.7108433734938,0.004333936709,0.0,0.0,1.0,10.0,0.9943171724734938,0
1769784887.3606882,1945.945945945946,0.005,0.0,0.0,1.0,10.0,0.945945945945946,0
1769784887.3646402,1824.5614035087722,0.005,0.0,0.0,1.0,10.0,0.8245614035087723,0
1769784887.36757,1766.2337662337661,0.005,0.0,0.0,1.0,10.0,0.7662337662337662,0
1769784887.3715916,1731.958762886598,0.005,0.0,0.0,1.0,10.0,0.731958762886598,0
1769784887.3771303,1709.4017094017095,0.005,0.0,0.0,1.0,10.0,0.7094017094017095,0
1769784887.379943,1693.4306569343066,0.005,0.0,0.0,1.0,10.0,0.6934306569343067,0
1769784887.3832524,1681.528662420382,0.005,0.0,0.0,1.0,10.0,0.681528662420382,0
1769784887.3867457,1672.316384180791,0.005,0.0,0.0,1.0,10.0,0.6723163841807909,0
1769784887.38991,1664.9746192893401,0.005,0.0,0.0,1.0,10.0,0.6649746192893402,0
1769784887.3932345,1658.9861751152075,0.005,0.0,0.0,1.0,10.0,0.6589861751152075,0
1769784887.3963687,1654.0084388185653,0.005,0.0,0.0,1.0,10.0,0.6540084388185654,0
1769784887.4005504,1649.8054474708172,0.005,0.0,0.0,1.0,10.0,0.6498054474708173,0
1769784887.4038043,1646.2093862815884,0.005,0.0,0.0,1.0,10.0,0.6462093862815885,0
1769784887.4065335,1643.0976430976432,0.005,0.0,0.0,1.0,10.0,0.6430976430976432,0
1769784887.4098334,1640.378548895899,0.005,0.0,0.0,1.0,10.0,0.6403785488958991,0
1769784887.412695,1637.9821958456973,0.005,0.0,0.0,1.0,10.0,0.6379821958456973,0
1769784887.4156284,1635.8543417366948,0.005,0.0,0.0,1.0,10.0,0.6358543417366949,0
1769784887.419688,1633.9522546419098,0.005,0.0,0.0,1.0,10.0,0.6339522546419099,0
1769784887.423778,1632.2418136020153,0.005,0.0,0.0,1.0,10.0,0.6322418136020154,0
1769784887.4272826,1630.695443645084,0.005,0.0,0.0,1.0,10.0,0.630695443645084,0
1769784887.4301662,1629.2906178489702,0.005,0.0,0.0,1.0,10.0,0.6292906178489703,0
1769784887.4338334,1628.0087527352296,0.005,0.0,0.0,1.0,10.0,0.6280087527352296,0
1769784887.4377365,1626.8343815513629,0.005,0.0,0.0,1.0,10.0,0.6268343815513628,0
1769784887.441863,1625.7545271629779,0.005,0.0,0.0,1.0,10.0,0.6257545271629779,0
1769784887.4451582,1624.7582205029014,0.005,0.0,0.0,1.0,10.0,0.6247582205029014,0
1769784887.449224,1623.8361266294228,0.005,0.0,0.0,1.0,10.0,0.6238361266294228,0
1769784887.4520411,1622.980251346499,0.005,0.0,0.0,1.0,10.0,0.622980251346499,0
1769784887.4551477,1622.1837088388215,0.005,0.0,0.0,1.0,10.0,0.6221837088388216,0
1769784887.4583254,1621.4405360134003,0.005,0.0,0.0,1.0,10.0,0.6214405360134003,0
1769784887.4612408,1620.745542949757,0.005,0.0,0.0,1.0,10.0,0.620745542949757,0
1769784887.4644794,1620.094191522763,0.005,0.0,0.0,1.0,10.0,0.6200941915227629,0
1769784887.4677093,1619.482496194825,0.005,0.0,0.0,1.0,10.0,0.6194824961948251,0
1769784887.471268,1618.90694239291,0.005,0.0,0.0,1.0,10.0,0.6189069423929101,0
1769784887.4746952,1618.3644189383072,0.005,0.0,0.0,1.0,10.0,0.6183644189383073,0
1769784887.4789858,1617.8521617852161,0.005,0.0,0.0,1.0,10.0,0.6178521617852162,0
1769784887.4824545,1617.3677069199457,0.005,0.0,0.0,1.0,10.0,0.6173677069199457,0
1769784887.4854436,1616.9088507265521,0.005,0.0,0.0,1.0,10.0,0.6169088507265521,0
1769784887.4888234,1616.4736164736166,0.005,0.0,0.0,1.0,10.0,0.6164736164736166,0
1769784887.4940155,1616.060225846926,0.005,0.0,0.0,1.0,10.0,0.6160602258469261,0
1769784887.4983168,1615.6670746634027,0.005,0.0,0.0,1.0,10.0,0.6156670746634028,0
1769784887.5012574,1615.2927120669058,0.005,0.0,0.0,1.0,10.0,0.6152927120669058,0
1769784887.5051453,1614.9358226371062,0.005,0.0,0.0,1.0,10.0,0.6149358226371062,0
1769784887.5084045,1614.5952109464083,0.005,0.0,0.0,1.0,10.0,0.6145952109464083,0
1769784887.5126038,1614.2697881828315,0.005,0.0,0.0,1.0,10.0,0.6142697881828314,0
1769784887.5170271,1613.958560523446,0.005,0.0,0.0,1.0,10.0,0.6139585605234461,0
1769784887.5204794,1613.6606189967983,0.005,0.0,0.0,1.0,10.0,0.6136606189967984,0
1769784887.5241451,1613.37513061651,0.005,0.0,0.0,1.0,10.0,0.6133751306165101,0
1769784887.5280266,1613.1013306038894,0.005,0.0,0.0,1.0,10.0,0.6131013306038895,0
1769784887.530792,1612.8385155466399,0.005,0.0,0.0,1.0,10.0,0.6128385155466398,0
1769784887.5338206,1612.5860373647984,0.005,0.0,0.0,1.0,10.0,0.6125860373647984,0
1769784887.5376518,1612.3432979749277,0.005,0.0,0.0,1.0,10.0,0.6123432979749277,0
1769784887.5421698,1612.1097445600756,0.005,0.0,0.0,1.0,10.0,0.6121097445600756,0
1769784887.5451992,1611.8848653667596,0.005,0.0,0.0,1.0,10.0,0.6118848653667597,0
1769784887.5479763,1611.6681859617136,0.005,0.0,0.0,1.0,10.0,0.6116681859617137,0
1769784887.5520296,1611.4592658907789,0.005,0.0,0.0,1.0,10.0,0.6114592658907789,0
1769784887.5572786,1611.2576956904136,0.005,0.0,0.0,1.0,10.0,0.6112576956904137,0
1769784887.5610032,1611.0630942091616,0.005,0.0,0.0,1.0,10.0,0.6110630942091617,0
1769784887.5641308,1610.875106202209,0.005,0.0,0.0,1.0,10.0,0.6108751062022091,0
1769784887.56864,1610.6934001670843,0.005,0.0,0.0,1.0,10.0,0.6106934001670843,0
1769784887.5715444,1610.5176663927691,0.005,0.0,0.0,1.0,10.0,0.6105176663927692,0
1769784887.575037,1610.3476151980599,0.005,0.0,0.0,1.0,10.0,0.61034761519806,0
1769784887.5780804,1610.1829753381066,0.005,0.0,0.0,1.0,10.0,0.6101829753381067,0
1769784887.58314,1610.0234925606892,0.005,0.0,0.0,1.0,10.0,0.6100234925606893,0
1769784887.5865974,1616.0370084811104,0.005,1.242,0.18152866242038215,1.0,10.0,-1.199249615722711,0
1769784887.5902507,1615.793470007593,0.005,1.242,0.18152866242038215,1.0,10.0,-1.1994931541962284,0
1769784887.5932846,1615.5572176514586,0.005,1.242,0.18152866242038215,1.0,10.0,-1.199729406552363,0
1769784887.596875,1615.327929255711,0.005,1.242,0.18152866242038215,1.0,10.0,-1.1999586949481105,0
1769784887.6001353,1615.1053013798112,0.005,1.242,0.18152866242038215,1.0,10.0,-1.2001813228240104,0
1769784887.603127,1614.8890479599143,0.005,1.242,0.18152866242038215,1.0,10.0,-1.2003975762439072,0
1769784887.6065335,1614.6788990825687,0.005,1.242,0.18152866242038215,1.0,10.0,-1.2006077251212528,0
1769784887.6095326,1614.4745998608212,0.005,1.242,0.18152866242038215,1.0,10.0,-1.2008120243430003,0
1769784887.6130447,1614.2759094028827,0.005,1.242,0.18152866242038215,1.0,10.0,-1.2010107148009388,0
1769784887.6158571,1614.0825998645905,0.005,1.242,0.18152866242038215,1.0,10.0,-1.201204024339231,0
1769784887.6188006,1613.8944555778223,0.005,1.242,0.18152866242038215,1.0,10.0,-1.2013921686259992,0
1769784887.622218,1613.7112722478576,0.005,1.242,0.18152866242038215,1.0,10.0,-1.201575351955964,0
1769784887.6258285,1613.5328562134027,0.005,1.242,0.18152866242038215,1.0,10.0,-1.2017537679904187,0
1769784887.629528,1613.359023763648,0.005,1.242,0.18152866242038215,1.0,10.0,-1.2019276004401733,0
1769784887.6326854,1613.1896005072924,0.005,1.242,0.18152866242038215,1.0,10.0,-1.202097023696529,0
1769784887.6356368,1613.0244207889793,0.005,1.242,0.18152866242038215,1.0,10.0,-1.202262203414842,0
1769784887.639498,1612.8633271490417,0.005,1.242,0.18152866242038215,1.0,10.0,-1.2024232970547797,0
1769784887.6437404,1612.7061698228465,0.005,1.242,0.18152866242038215,1.0,10.0,-1.2025804543809748,0
1769784887.6469128,1612.552806276403,0.005,1.242,0.18152866242038215,1.0,10.0,-1.2027338179274183,0
1769784887.6499288,1612.403100775194,0.005,1.242,0.18152866242038215,1.0,10.0,-1.2028835234286275,0
1769784887.653556,1612.2569239835004,0.005,1.242,0.18152866242038215,1.0,10.0,-1.203029700220321,0
1769784887.6577134,1612.1141525917299,0.005,1.242,0.18152866242038215,1.0,10.0,-1.2031724716120915,0
1769784887.6625957,1611.9746689694875,0.005,1.242,0.18152866242038215,1.0,10.0,-1.2033119552343339,0
1769784887.6659226,1611.8383608423449,0.005,1.242,0.18152866242038215,1.0,10.0,-1.2034482633614765,0
1769784887.6697402,1611.7051209904334,0.005,1.242,0.18152866242038215,1.0,10.0,-1.203581503213388,0
1769784887.6740758,1615.487316421896,0.004671978673,1.242,0.1206896551724138,1.0,10.0,-0.5586071026022419,0
1769784887.6780977,1615.850302696753,0.005,1.242,0.1206896551724138,1.0,10.0,-0.5910462490273849,0
1769784887.68168,1615.6777354382143,0.005,1.242,0.1206896551724138,1.0,10.0,-0.5912188162859235,0
1769784887.6864855,1615.508885298869,0.005,1.242,0.1206896551724138,1.0,10.0,-0.5913876664252689,0
1769784887.6897025,1615.3436334576452,0.005,1.242,0.1206896551724138,1.0,10.0,-0.5915529182664927,0
1769784887.6932175,1615.1818661043753,0.005,1.242,0.1206896551724138,1.0,10.0,-0.5917146856197626,0
1769784887.696206,1615.0234741784038,0.005,1.242,0.1206896551724138,1.0,10.0,-0.5918730775457339,0
1769784887.699645,1614.8683531233867,0.005,1.242,0.1206896551724138,1.0,10.0,-0.5920281986007512,0
1769784887.7032359,1614.7164026571281,0.005,1.242,0.1206896551724138,1.0,10.0,-0.5921801490670098,0
1769784887.7077968,1614.567526555387,0.005,1.242,0.1206896551724138,1.0,10.0,-0.5923290251687507,0
1769784887.7112305,1614.421632448673,0.005,1.242,0.1206896551724138,1.0,10.0,-0.5924749192754648,0
1769784887.7144756,1614.2786316311356,0.005,1.242,0.1206896551724138,1.0,10.0,-0.5926179200930024,0
1769784887.7179387,1614.1384388807069,0.005,1.242,0.1206896551724138,1.0,10.0,-0.5927581128434309,0
1769784887.720914,1614.0009722897423,0.005,1.242,0.1206896551724138,1.0,10.0,-0.5928955794343955,0
1769784887.7244525,1613.8661531054406,0.005,1.242,0.1206896551724138,1.0,10.0,-0.5930303986186973,0
1769784887.7279966,1613.7339055793993,0.005,1.242,0.1206896551724138,1.0,10.0,-0.5931626461447386,0
1769784887.7324047,1613.604156825697,0.005,1.242,0.1206896551724138,1.0,10.0,-0.593292394898441,0
1769784887.7352896,1613.4768366869444,0.005,1.242,0.1206896551724138,1.0,10.0,-0.5934197150371936,0
1769784887.738876,1613.3518776077885,0.005,1.242,0.1206896551724138,1.0,10.0,-0.5935446741163493,0
1769784887.7421534,1613.229214515388,0.005,1.242,0.1206896551724138,1.0,10.0,-0.5936673372087498,0
1769784887.7458355,1613.108784706418,0.005,1.242,0.1206896551724138,1.0,10.0,-0.5937877670177198,0
1769784887.7486787,1612.2910076818798,0.005,1.242,0.1206896551724138,1.0,10.0,-0.594605544042258,0
1769784887.749954,1612.2910076818798,0.005,1.242,0.1206896551724138,1.0,10.0,-0.594605544042258,0
1769784887.7512414,1612.2910076818798,0.005,1.242,0.1206896551724138,1.0,10.0,-0.594605544042258,0
1769784887.7525537,1612.2910076818798,0.005,1.242,0.1206896551724138,1.0,10.0,-0.594605544042258,0
1769784887.7537014,1612.2910076818798,0.005,1.242,0.1206896551724138,1.0,10.0,-0.594605544042258,0
1769784887.7551293,1612.2910076818798,0.005,1.242,0.1206896551724138,1.0,10.0,-0.594605544042258,0
1769784887.7564027,1612.2910076818798,0.005,1.242,0.1206896551724138,1.0,10.0,-0.594605544042258,0
1769784887.7577662,1612.2910076818798,0.005,1.242,0.1206896551724138,1.0,10.0,-0.594605544042258,0
1769784887.759097,1612.2910076818798,0.005,1.242,0.1206896551724138,1.0,10.0,-0.594605544042258,0
1769784887.761629,1612.2910076818798,0.005,1.242,0.1206896551724138,1.0,10.0,-0.594605544042258,0
1769784887.7630088,1612.2910076818798,0.005,1.242,0.1206896551724138,1.0,10.0,-0.594605544042258,0
1769784887.7642884,1612.2910076818798,0.005,1.242,0.1206896551724138,1.0,10.0,-0.594605544042258,0
1769784887.765786,1612.2910076818798,0.005,1.242,0.1206896551724138,1.0,10.0,-0.594605544042258,0
1769784887.767015,1612.2910076818798,0.005,1.242,0.1206896551724138,1.0,10.0,-0.594605544042258,0
1769784887.7682452,1612.2910076818798,0.005,1.242,0.1206896551724138,1.0,10.0,-0.594605544042258,0
1769784887.769446,1612.2910076818798,0.005,1.242,0.1206896551724138,1.0,10.0,-0.594605544042258,0
1769784887.7710462,1612.2910076818798,0.005,1.242,0.1206896551724138,1.0,10.0,-0.594605544042258,0
1769784887.772142,1612.2910076818798,0.005,1.242,0.1206896551724138,1.0,10.0,-0.594605544042258,0
1769784887.7743833,1612.2910076818798,0.005,1.242,0.1206896551724138,1.0,10.0,-0.594605544042258,0
1769784887.7765317,1612.2910076818798,0.005,1.242,0.1206896551724138,1.0,10.0,-0.594605544042258,0
1769784887.7780342,1612.2910076818798,0.005,1.242,0.1206896551724138,1.0,10.0,-0.594605544042258,0
1769784887.7795463,1612.2910076818798,0.005,1.242,0.1206896551724138,1.0,10.0,-0.594605544042258,0
1769784887.7816694,1345.068833220492,0.004063343228,1.242,0.0,1.0,10.0,0.43873451042049205,0
1769784887.7853863,1347.7773627194622,0.005,1.242,0.0,1.0,10.0,0.34777736271946225,0
1769784887.7904203,1349.647756766778,0.005,1.242,0.0,1.0,10.0,0.34964775676677795,0
1769784887.7948549,1351.4906146485096,0.005,1.242,0.0,1.0,10.0,0.3514906146485095,0
1769784887.7987454,1353.3065400073071,0.005,1.242,0.0,1.0,10.0,0.3533065400073072,0
1769784887.802513,1355.0961189698949,0.005,1.242,0.0,1.0,10.0,0.3550961189698949,0
1769784887.8056056,1356.8599207778177,0.005,1.242,0.0,1.0,10.0,0.3568599207778178,0
1769784887.808438,1358.5984983911335,0.005,1.242,0.0,1.0,10.0,0.35859849839113345,0
1769784887.811726,1360.3123890663828,0.005,1.242,0.0,1.0,10.0,0.36031238906638285,0
1769784887.8147268,1362.0021149101162,0.005,1.242,0.0,1.0,10.0,0.36200211491011625,0
1769784887.8185344,1363.6681834091705,0.005,1.242,0.0,1.0,10.0,0.3636681834091706,0
1769784887.8231878,1365.3110879388253,0.005,1.242,0.0,1.0,10.0,0.3653110879388253,0
1769784887.827661,1366.9313082499139,0.005,1.242,0.0,1.0,10.0,0.36693130824991393,0
1769784887.8315346,1368.5293109358931,0.005,1.242,0.0,1.0,10.0,0.36852931093589314,0
1769784887.836896,1370.1055498808307,0.005,1.242,0.0,1.0,10.0,0.3701055498808308,0
1769784887.8406909,1369.100169779287,0.005,1.242,0.0,1.0,10.0,0.36910016977928706,0
1769784887.8423526,1369.100169779287,0.005,1.242,0.0,1.0,10.0,0.36910016977928706,0
1769784887.8436809,1369.100169779287,0.005,1.242,0.0,1.0,10.0,0.36910016977928706,0
1769784887.8478167,1349.3273245410564,0.004068399861,1.242,0.0,1.0,10.0,0.44248733844105637,0
1769784887.851636,1351.3335528482055,0.005,1.242,0.0,1.0,10.0,0.35133355284820555,0
1769784887.8549228,1352.9604187111547,0.005,1.242,0.0,1.0,10.0,0.3529604187111548,0
1769784887.85867,1354.5661358466039,0.005,1.242,0.0,1.0,10.0,0.3545661358466039,0
1769784887.8621447,1356.1511139812721,0.005,1.242,0.0,1.0,10.0,0.3561511139812721,0
1769784887.8657258,1357.7157523259546,0.005,1.242,0.0,1.0,10.0,0.35771575232595465,0
1769784887.868811,1359.2604399107427,0.005,1.242,0.0,1.0,10.0,0.35926043991074263,0
1769784887.8709545,1359.1616386154335,0.005,1.242,0.0,1.0,10.0,0.3591616386154335,0
1769784887.8721573,1359.1616386154335,0.005,1.242,0.0,1.0,10.0,0.3591616386154335,0
1769784887.8737216,1359.1616386154335,0.005,1.242,0.0,1.0,10.0,0.3591616386154335,0
1769784887.8752131,1359.1616386154335,0.005,1.242,0.0,1.0,10.0,0.3591616386154335,0
1769784887.8764055,1359.1616386154335,0.005,1.242,0.0,1.0,10.0,0.3591616386154335,0
1769784887.8776112,1359.1616386154335,0.005,1.242,0.0,1.0,10.0,0.3591616386154335,0
1769784887.8788347,1359.1616386154335,0.005,1.242,0.0,1.0,10.0,0.3591616386154335,0
1769784887.8799078,1359.1616386154335,0.005,1.242,0.0,1.0,10.0,0.3591616386154335,0
1769784887.882901,1297.4015795502503,0.004733062076,1.242,0.0,1.0,10.0,0.3240953719502502,0
1769784887.8862467,1299.3706922385377,0.005,1.242,0.0,1.0,10.0,0.29937069223853774,0
1769784887.889553,1301.1617515638964,0.005,1.242,0.0,1.0,10.0,0.30116175156389646,0
1769784887.894161,1302.9315960912054,0.005,1.242,0.0,1.0,10.0,0.30293159609120535,0
1769784887.8982193,1304.6806005298793,0.005,1.242,0.0,1.0,10.0,0.3046806005298792,0
1769784887.9018824,1306.4091308165057,0.005,1.242,0.0,1.0,10.0,0.3064091308165058,0
1769784887.9053974,1308.1175443700904,0.005,1.242,0.0,1.0,10.0,0.30811754437009053,0
1769784887.9096553,1309.8061903384437,0.005,1.242,0.0,1.0,10.0,0.3098061903384437,0
1769784887.9134367,1311.4754098360656,0.005,1.242,0.0,1.0,10.0,0.3114754098360657,0
1769784887.9168308,1313.1255361738633,0.005,1.242,0.0,1.0,10.0,0.3131255361738634,0
1769784887.919531,1314.7568950810348,0.005,1.242,0.0,1.0,10.0,0.3147568950810349,0
1769784887.923222,1316.3698049194234,0.005,1.242,0.0,1.0,10.0,0.31636980491942346,0
1769784887.9263308,1317.9645768906382,0.005,1.242,0.0,1.0,10.0,0.3179645768906383,0
1769784887.9296467,1319.5415152362316,0.005,1.242,0.0,1.0,10.0,0.31954151523623153,0
1769784887.9327369,1321.1009174311928,0.005,1.242,0.0,1.0,10.0,0.32110091743119273,0
1769784887.9364583,1322.6430743710257,0.005,1.242,0.0,1.0,10.0,0.3226430743710258,0
1769784887.9393566,1324.1682705526534,0.005,1.242,0.0,1.0,10.0,0.3241682705526534,0
1769784887.9422946,1325.6767842493848,0.005,1.242,0.0,1.0,10.0,0.32567678424938484,0
1769784887.9455936,1327.1688876801743,0.005,1.242,0.0,1.0,10.0,0.3271688876801744,0
1769784887.948365,1328.6448471733838,0.005,1.242,0.0,1.0,10.0,0.3286448471733838,0
1769784887.9507933,1327.9352226720648,0.005,1.242,0.0,1.0,10.0,0.3279352226720649,0
1769784887.9522042,1327.9352226720648,0.005,1.242,0.0,1.0,10.0,0.3279352226720649,0
1769784887.9534566,1327.9352226720648,0.005,1.242,0.0,1.0,10.0,0.3279352226720649,0
1769784887.9547372,1327.9352226720648,0.005,1.242,0.0,1.0,10.0,0.3279352226720649,0
1769784887.9561307,1327.9352226720648,0.005,1.242,0.0,1.0,10.0,0.3279352226720649,0
1769784887.9574618,1327.9352226720648,0.005,1.242,0.0,1.0,10.0,0.3279352226720649,0
1769784887.958685,1327.9352226720648,0.005,1.242,0.0,1.0,10.0,0.3279352226720649,0
1769784887.9600654,1327.9352226720648,0.005,1.242,0.0,1.0,10.0,0.3279352226720649,0
1769784887.9613886,1327.9352226720648,0.005,1.242,0.0,1.0,10.0,0.3279352226720649,0
1769784887.9626358,1327.9352226720648,0.005,1.242,0.0,1.0,10.0,0.3279352226720649,0
1769784887.9637816,1327.9352226720648,0.005,1.242,0.0,1.0,10.0,0.3279352226720649,0
1769784887.965196,1327.9352226720648,0.005,1.242,0.0,1.0,10.0,0.3279352226720649,0
1769784887.9664853,1327.9352226720648,0.005,1.242,0.0,1.0,10.0,0.3279352226720649,0
1769784887.9679067,1327.9352226720648,0.005,1.242,0.0,1.0,10.0,0.3279352226720649,0
1769784887.9692287,1327.9352226720648,0.005,1.242,0.0,1.0,10.0,0.3279352226720649,0
1769784888.068191,2083.3333333333335,0.004017606572,0.0,0.0,1.0,10.0,1.1815726761333334,0
1769784888.0728872,1945.945945945946,0.005,0.0,0.0,1.0,10.0,0.945945945945946,0
1769784888.0757196,1824.5614035087722,0.005,0.0,0.0,1.0,10.0,0.8245614035087723,0
1769784888.0795362,1766.2337662337661,0.005,0.0,0.0,1.0,10.0,0.7662337662337662,0
1769784888.0825796,1731.958762886598,0.005,0.0,0.0,1.0,10.0,0.731958762886598,0
1769784888.0860894,1709.4017094017095,0.005,0.0,0.0,1.0,10.0,0.7094017094017095,0
1769784888.089358,1693.4306569343066,0.005,0.0,0.0,1.0,10.0,0.6934306569343067,0
1769784888.092639,1704.2606516290728,0.004244665831,0.129,0.11428571428571428,1.0,10.0,-0.36306307432806983,0
1769784888.095658,1717.5141242937852,0.005,0.129,0.11428571428571428,1.0,10.0,-0.42534301856335754,0
1769784888.0984488,1705.5837563451778,0.005,0.129,0.11428571428571428,1.0,10.0,-0.4372733865119649,0
1769784888.1022866,1695.852534562212,0.005,0.129,0.11428571428571428,1.0,10.0,-0.4470046082949308,0
1769784888.1062071,1687.7637130801686,0.005,0.129,0.11428571428571428,1.0,10.0,-0.4550934297769742,0
1769784888.1097386,1680.933852140078,0.005,0.129,0.11428571428571428,1.0,10.0,-0.4619232907170647,0
1769784888.1139243,1675.0902527075812,0.005,0.129,0.11428571428571428,1.0,10.0,-0.4677668901495615,0
1769784888.1192348,1670.0336700336702,0.005,0.129,0.11428571428571428,1.0,10.0,-0.4728234728234726,0
1769784888.1222723,1665.615141955836,0.005,0.129,0.11428571428571428,1.0,10.0,-0.47724200090130675,0
1769784888.1265123,1661.721068249258,0.005,0.129,0.11428571428571428,1.0,10.0,-0.48113607460788477,0
1769784888.1314132,1658.2633053221289,0.005,0.129,0.11428571428571428,1.0,10.0,-0.48459383753501384,0
1769784888.1347232,1655.1724137931035,0.005,0.129,0.11428571428571428,1.0,10.0,-0.48768472906403937,0
1769784888.137724,1652.3929471032748,0.005,0.129,0.11428571428571428,1.0,10.0,-0.490464195753868,0
1769784888.1409519,1649.8800959232615,0.005,0.129,0.11428571428571428,1.0,10.0,-0.4929770469338812,0
1769784888.144741,1647.5972540045766,0.005,0.129,0.11428571428571428,1.0,10.0,-0.4952598888525661,0
1769784888.1499183,1645.5142231947482,0.005,0.129,0.11428571428571428,1.0,10.0,-0.49734291966239463,0
1769784888.1535752,1643.6058700209644,0.005,0.129,0.11428571428571428,1.0,10.0,-0.49925127283617843,0
1769784888.1570172,1641.8511066398391,0.005,0.129,0.11428571428571428,1.0,10.0,-0.5010060362173037,0
1769784888.1600075,1640.2321083172146,0.005,0.129,0.11428571428571428,1.0,10.0,-0.5026250345399281,0
1769784888.163961,1638.7337057728118,0.005,0.129,0.11428571428571428,1.0,10.0,-0.5041234370843308,0
1769784888.167257,1637.342908438061,0.005,0.129,0.11428571428571428,1.0,10.0,-0.5055142344190817,0
1769784888.1700504,1636.048526863085,0.005,0.129,0.11428571428571428,1.0,10.0,-0.5068086159940577,0
1769784888.1737306,1634.8408710217757,0.005,0.129,0.11428571428571428,1.0,10.0,-0.5080162718353671,0
1769784888.1776435,1633.711507293355,0.005,0.129,0.11428571428571428,1.0,10.0,-0.5091456355637878,0
1769784888.1822326,1632.6530612244899,0.005,0.129,0.11428571428571428,1.0,10.0,-0.510204081632653,0
1769784888.1862876,1631.6590563165905,0.005,0.129,0.11428571428571428,1.0,10.0,-0.5111980865405523,0
1769784888.1912444,1630.7237813884788,0.005,0.129,0.11428571428571428,1.0,10.0,-0.5121333614686641,0
1769784888.1947703,1629.842180774749,0.005,0.129,0.11428571428571428,1.0,10.0,-0.5130149620823936,0
1769784888.1984346,1629.0097629009763,0.005,0.129,0.11428571428571428,1.0,10.0,-0.5138473799561665,0
1769784888.2012224,1628.2225237449118,0.005,0.129,0.11428571428571428,1.0,10.0,-0.5146346191122311,0
1769784888.2040322,1627.4768824306473,0.005,0.129,0.11428571428571428,1.0,10.0,-0.5153802604264954,0
1769784888.2078545,1626.769626769627,0.005,0.129,0.11428571428571428,1.0,10.0,-0.5160875160875158,0
1769784888.2107387,1626.0978670012548,0.005,0.129,0.11428571428571428,1.0,10.0,-0.5167592758558879,0
1769784888.2138622,1625.4589963280293,0.005,0.129,0.11428571428571428,1.0,10.0,-0.5173981465291133,0
1769784888.2165487,1624.8506571087219,0.005,0.129,0.11428571428571428,1.0,10.0,-0.518006485748421,0
1769784888.2195184,1624.2707117852974,0.005,0.129,0.11428571428571428,1.0,10.0,-0.5185864310718453,0
1769784888.223378,1623.7172177879133,0.005,0.129,0.11428571428571428,1.0,10.0,-0.5191399250692295,0
1769784888.2264466,1623.1884057971013,0.005,0.129,0.11428571428571428,1.0,10.0,-0.5196687370600415,0
1769784888.2299917,1622.6826608505999,0.005,0.129,0.11428571428571428,1.0,10.0,-0.5201744820065428,0
1769784888.2329092,1622.1985058697974,0.005,0.129,0.11428571428571428,1.0,10.0,-0.5206586369873454,0
1769784888.236399,1621.7345872518285,0.005,0.129,0.11428571428571428,1.0,10.0,-0.5211225556053143,0
1769784888.2391744,1621.2896622313203,0.005,0.129,0.11428571428571428,1.0,10.0,-0.5215674806258224,0
1769784888.242216,1620.8625877632899,0.005,0.129,0.11428571428571428,1.0,10.0,-0.521994555093853,0
1769784888.2460744,1620.4523107177974,0.005,0.129,0.11428571428571428,1.0,10.0,-0.5224048321393453,0
1769784888.2500453,1620.0578592092577,0.005,0.129,0.11428571428571428,1.0,10.0,-0.522799283647885,0
1769784888.2530854,1619.6783349101229,0.005,0.129,0.11428571428571428,1.0,10.0,-0.5231788079470199,0
1769784888.2565796,1619.3129062209844,0.005,0.129,0.11428571428571428,1.0,10.0,-0.5235442366361585,0
1769784888.2601762,1618.9608021877848,0.005,0.129,0.11428571428571428,1.0,10.0,-0.523896340669358,0
1769784888.2631772,1618.6213070725157,0.005,0.129,0.11428571428571428,1.0,10.0,-0.5242358357846271,0
1769784888.2669861,1618.293755496922,0.005,0.129,0.11428571428571428,1.0,10.0,-0.5245633873602209,0
1769784888.2708027,1617.9775280898875,0.005,0.129,0.11428571428571428,1.0,10.0,-0.5248796147672552,0
1769784888.2746449,1617.6720475785896,0.005,0.129,0.11428571428571428,1.0,10.0,-0.5251850952785531,0
1769784888.2785578,1617.376775271512,0.005,0.129,0.11428571428571428,1.0,10.0,-0.5254803675856308,0
1769784888.282159,1617.0912078882498,0.005,0.129,0.11428571428571428,1.0,10.0,-0.525765934968893,0
1769784888.2852533,1616.8148746968473,0.005,0.129,0.11428571428571428,1.0,10.0,-0.5260422681602954,0
1769784888.2883034,1616.5473349244232,0.005,0.129,0.11428571428571428,1.0,10.0,-0.5263098079327195,0
1769784888.2913973,1616.28817541112,0.005,0.129,0.11428571428571428,1.0,10.0,-0.5265689674460228,0
1769784888.295043,1616.0370084811104,0.005,0.129,0.11428571428571428,1.0,10.0,-0.5268201343760324,0
1769784888.2987435,1620.8832903323723,0.004940502889,1.018,0.13059701492537312,1.0,10.0,-0.6791371478213588,0
1769784888.3017435,1621.5407629020197,0.005,1.018,0.13059701492537312,1.0,10.0,-0.6844293863517115,0
1769784888.3061662,1621.223286661754,0.005,1.018,0.13059701492537312,1.0,10.0,-0.6847468625919773,0
1769784888.3101487,1620.9150326797387,0.005,1.018,0.13059701492537312,1.0,10.0,-0.6850551165739924,0
1769784888.3136656,1620.6156048675734,0.005,1.018,0.13059701492537312,1.0,10.0,-0.6853545443861577,0
1769784888.3175552,1620.3246294989415,0.005,1.018,0.13059701492537312,1.0,10.0,-0.6856455197547897,0
1769784888.3208754,1620.0417536534449,0.005,1.018,0.13059701492537312,1.0,10.0,-0.6859283956002864,0
1769784888.3251464,1619.7666437886066,0.005,1.018,0.13059701492537312,1.0,10.0,-0.6862035054651245,0
1769784888.3286169,1619.4989844278944,0.005,1.018,0.13059701492537312,1.0,10.0,-0.6864711648258368,0
1769784888.332204,1619.238476953908,0.005,1.018,0.13059701492537312,1.0,10.0,-0.6867316722998231,0
1769784888.3339615,1615.9468438538206,0.005,1.018,0.13059701492537312,1.0,10.0,-0.6900233053999105,0
1769784888.335244,1615.9468438538206,0.005,1.018,0.13059701492537312,1.0,10.0,-0.6900233053999105,0
1769784888.3368094,1615.9468438538206,0.005,1.018,0.13059701492537312,1.0,10.0,-0.6900233053999105,0
1769784888.3405156,1567.5332910589727,0.005,1.018,0.0,1.0,10.0,0.5675332910589728,0
1769784888.34332,1567.9398872886663,0.005,1.018,0.0,1.0,10.0,0.5679398872886663,0
1769784888.3468304,1568.3364254792828,0.005,1.018,0.0,1.0,10.0,0.5683364254792829,0
1769784888.3506627,1568.7232742822234,0.005,1.018,0.0,1.0,10.0,0.5687232742822235,0
1769784888.354462,1569.1007845503923,0.005,1.018,0.0,1.0,10.0,0.5691007845503924,0
1769784888.3571649,1569.469290399523,0.005,1.018,0.0,1.0,10.0,0.5694692903995231,0
1769784888.3597069,1569.829110194461,0.005,1.018,0.0,1.0,10.0,0.569829110194461,0
1769784888.362813,1570.1805474665116,0.005,1.018,0.0,1.0,10.0,0.5701805474665116,0
1769784888.3654463,1570.523891767415,0.005,1.018,0.0,1.0,10.0,0.5705238917674151,0
1769784888.3690746,1570.859419464997,0.005,1.018,0.0,1.0,10.0,0.570859419464997,0
1769784888.3727653,1571.1873944850872,0.005,1.018,0.0,1.0,10.0,0.5711873944850872,0
1769784888.376828,1571.5080690038956,0.005,1.018,0.0,1.0,10.0,0.5715080690038956,0
1769784888.3812,1571.8216840946616,0.005,1.018,0.0,1.0,10.0,0.5718216840946617,0
1769784888.3864963,1572.128470332063,0.005,1.018,0.0,1.0,10.0,0.572128470332063,0
1769784888.3909297,1572.4286483575659,0.005,1.018,0.0,1.0,10.0,0.5724286483575658,0
1769784888.3949552,1572.722429408631,0.005,1.018,0.0,1.0,10.0,0.5727224294086308,0
1769784888.3993845,1573.010015814444,0.005,1.018,0.0,1.0,10.0,0.573010015814444,0
1769784888.4026785,1573.2916014606158,0.005,1.018,0.0,1.0,10.0,0.5732916014606158,0
1769784888.4059436,1573.5673722250904,0.005,1.018,0.0,1.0,10.0,0.5735673722250905,0
1769784888.4091058,1573.8375063873275,0.005,1.018,0.0,1.0,10.0,0.5738375063873276,0
1769784888.412013,1574.1021750126454,0.005,1.018,0.0,1.0,10.0,0.5741021750126454,0
1769784888.4150636,1574.3615423134702,0.005,1.018,0.0,1.0,10.0,0.5743615423134703,0
1769784888.418078,1574.6157659890928,0.005,1.018,0.0,1.0,10.0,0.5746157659890929,0
1769784888.4210656,1574.8649975454098,0.005,1.018,0.0,1.0,10.0,0.5748649975454099,0
1769784888.4249997,1575.1093825960136,0.005,1.018,0.0,1.0,10.0,0.5751093825960136,0
1769784888.4284399,1575.3490611458835,0.005,1.018,0.0,1.0,10.0,0.5753490611458836,0
1769784888.4309607,1575.584167858846,0.005,1.018,0.0,1.0,10.0,0.575584167858846,0
1769784888.4342248,1575.8148323098726,0.005,1.018,0.0,1.0,10.0,0.5758148323098726,0
1769784888.4373162,1576.04117922321,0.005,1.018,0.0,1.0,10.0,0.5760411792232101,0
1769784888.4397879,1574.6859004187995,0.005,1.018,0.0,1.0,10.0,0.5746859004187996,0
1769784888.4427016,1574.6859004187995,0.005,1.018,0.0,1.0,10.0,0.5746859004187996,0
1769784888.4441452,1574.6859004187995,0.005,1.018,0.0,1.0,10.0,0.5746859004187996,0
1769784888.4458475,1574.6859004187995,0.005,1.018,0.0,1.0,10.0,0.5746859004187996,0
1769784888.4473076,1574.6859004187995,0.005,1.018,0.0,1.0,10.0,0.5746859004187996,0
1769784888.450571,1508.36505266885,0.004585032299,0.386,0.0,1.0,10.0,0.5498618227688501,0
1769784888.4536085,1510.759771629337,0.005,0.386,0.0,1.0,10.0,0.5107597716293368,0
1769784888.4565349,1511.5367871136266,0.005,0.386,0.0,1.0,10.0,0.5115367871136267,0
1769784888.4619944,1512.300388433319,0.005,0.386,0.0,1.0,10.0,0.512300388433319,0
1769784888.4652638,1513.050919982884,0.005,0.386,0.0,1.0,10.0,0.5130509199828839,0
1769784888.4681683,1513.7887144675435,0.005,0.386,0.0,1.0,10.0,0.5137887144675435,0
1769784888.472577,1514.5140933950358,0.005,0.386,0.0,1.0,10.0,0.5145140933950358,0
1769784888.4759107,1515.2273675427618,0.005,0.386,0.0,1.0,10.0,0.5152273675427619,0
1769784888.478403,1515.12639867385,0.005,0.386,0.0,1.0,10.0,0.5151263986738499,0
1769784888.4800346,1515.12639867385,0.005,0.386,0.0,1.0,10.0,0.5151263986738499,0
1769784888.481402,1515.12639867385,0.005,0.386,0.0,1.0,10.0,0.5151263986738499,0
1769784888.4827046,1515.12639867385,0.005,0.386,0.0,1.0,10.0,0.5151263986738499,0
1769784888.483905,1515.12639867385,0.005,0.386,0.0,1.0,10.0,0.5151263986738499,0
1769784888.4858718,1515.12639867385,0.005,0.386,0.0,1.0,10.0,0.5151263986738499,0
1769784888.4873626,1515.12639867385,0.005,0.386,0.0,1.0,10.0,0.5151263986738499,0
1769784888.4892242,1515.12639867385,0.005,0.386,0.0,1.0,10.0,0.5151263986738499,0
1769784888.4903853,1515.12639867385,0.005,0.386,0.0,1.0,10.0,0.5151263986738499,0
1769784888.4929183,1412.6336846964684,0.00462785232,0.386,0.0,1.0,10.0,0.44984845269646856,0
1769784888.4946463,1412.6679462571976,0.005,0.386,0.0,1.0,10.0,0.4126679462571976,0
1769784888.4964378,1412.6679462571976,0.005,0.386,0.0,1.0,10.0,0.4126679462571976,0
1769784888.4992814,1390.309960878724,0.004231737945,0.386,0.0,1.0,10.0,0.4671361663787241,0
1769784888.502226,1392.6036608143445,0.005,0.386,0.0,1.0,10.0,0.3926036608143446,0
1769784888.5051303,1392.6036608143445,0.005,0.386,0.0,1.0,10.0,0.3926036608143446,0
1769784888.5065799,1392.6036608143445,0.005,0.386,0.0,1.0,10.0,0.3926036608143446,0
1769784888.5078156,1392.6036608143445,0.005,0.386,0.0,1.0,10.0,0.3926036608143446,0
1769784888.5094144,1392.6036608143445,0.005,0.386,0.0,1.0,10.0,0.3926036608143446,0
1769784888.511033,1392.6036608143445,0.005,0.386,0.0,1.0,10.0,0.3926036608143446,0
1769784888.5154338,1346.1950696677386,0.0049462766319999995,0.005,0.0,1.0,10.0,0.35156740646773876,0
1769784888.5195897,1348.9527866524672,0.005,0.005,0.0,1.0,10.0,0.3489527866524673,0
1769784888.5226545,1350.7225942897426,0.005,0.005,0.0,1.0,10.0,0.3507225942897425,0
1769784888.525783,1352.467623381169,0.005,0.005,0.0,1.0,10.0,0.352467623381169,0
1769784888.5288322,1354.188390684741,0.005,0.005,0.0,1.0,10.0,0.3541883906847412,0
1769784888.5318332,1355.8853986882982,0.005,0.005,0.0,1.0,10.0,0.35588539868829816,0
1769784888.5352793,1357.5591360987316,0.005,0.005,0.0,1.0,10.0,0.3575591360987316,0
1769784888.5389614,1359.2100783112019,0.005,0.005,0.0,1.0,10.0,0.359210078311202,0
1769784888.5437093,1360.838687859317,0.005,0.005,0.0,1.0,10.0,0.36083868785931683,0
1769784888.5473628,1362.4454148471616,0.005,0.005,0.0,1.0,10.0,0.36244541484716164,0
1769784888.55147,1364.0306973640309,0.005,0.005,0.0,1.0,10.0,0.3640306973640308,0
1769784888.5538325,1363.9082751744766,0.005,0.005,0.0,1.0,10.0,0.36390827517447666,0
1769784888.5554197,1363.9082751744766,0.005,0.005,0.0,1.0,10.0,0.36390827517447666,0
1769784888.5566692,1363.9082751744766,0.005,0.005,0.0,1.0,10.0,0.36390827517447666,0
1769784888.5579202,1363.9082751744766,0.005,0.005,0.0,1.0,10.0,0.36390827517447666,0
1769784888.5605729,1329.718564420346,0.004790481143,0.197,0.0,1.0,10.0,0.3506704501203459,0
1769784888.5636978,1332.0500481231954,0.005,0.197,0.0,1.0,10.0,0.3320500481231954,0
1769784888.5667315,1333.758367867389,0.005,0.197,0.0,1.0,10.0,0.3337583678673892,0
1769784888.5696309,1335.445042762116,0.005,0.197,0.0,1.0,10.0,0.33544504276211584,0
1769784888.572219,1337.1104815864023,0.005,0.197,0.0,1.0,10.0,0.33711048158640233,0
1769784888.5753796,1338.7550828902097,0.005,0.197,0.0,1.0,10.0,0.3387550828902097,0
1769784888.5783818,1340.379235312403,0.005,0.197,0.0,1.0,10.0,0.3403792353124029,0
1769784888.5812416,1341.9833178869324,0.005,0.197,0.0,1.0,10.0,0.3419833178869325,0
1769784888.5840826,1343.567700337734,0.005,0.197,0.0,1.0,10.0,0.3435677003377342,0
1769784888.5877166,1345.1327433628321,0.005,0.197,0.0,1.0,10.0,0.3451327433628322,0
1769784888.5917563,1346.6787989080983,0.005,0.197,0.0,1.0,10.0,0.3466787989080984,0
1769784888.595632,1348.5314516615404,0.004803067901,0.003,0.17307692307692307,1.0,10.0,-1.3625445692076905,0
1769784888.5987582,1352.1126760563382,0.005,0.003,0.17307692307692307,1.0,10.0,-1.3786565547128926,0
1769784888.601793,1353.5895144474232,0.005,0.003,0.17307692307692307,1.0,10.0,-1.3771797163218076,0
1769784888.6047575,1355.0488599348537,0.005,0.003,0.17307692307692307,1.0,10.0,-1.375720370834377,0
1769784888.6084082,1356.4910214895497,0.005,0.003,0.17307692307692307,1.0,10.0,-1.3742782092796813,0
1769784888.6111448,1357.9163008486976,0.005,0.003,0.17307692307692307,1.0,10.0,-1.3728529299205332,0
1769784888.6142313,1359.3249927262148,0.005,0.003,0.17307692307692307,1.0,10.0,-1.371444238043016,0
1769784888.6173449,1360.7173850159097,0.005,0.003,0.17307692307692307,1.0,10.0,-1.370051845753321,0
1769784888.6201103,1362.0937589876332,0.005,0.003,0.17307692307692307,1.0,10.0,-1.3686754717815977,0
1769784888.6241288,1363.4543894766944,0.005,0.003,0.17307692307692307,1.0,10.0,-1.3673148412925364,0
1769784888.6277325,1364.7995450668182,0.005,0.003,0.17307692307692307,1.0,10.0,-1.3659696857024126,0
1769784888.6313448,1366.1294882668928,0.005,0.003,0.17307692307692307,1.0,10.0,-1.364639742502338,0
1769784888.634833,1367.4444756817543,0.005,0.003,0.17307692307692307,1.0,10.0,-1.3633247550874765,0
1769784888.639136,1368.7447581772437,0.005,0.003,0.17307692307692307,1.0,10.0,-1.362024472591987,0
1769784888.6425457,1370.0305810397554,0.005,0.003,0.17307692307692307,1.0,10.0,-1.3607386497294756,0
1769784888.6459682,1371.3021841304949,0.005,0.003,0.17307692307692307,1.0,10.0,-1.359467046638736,0
1769784888.6490219,1372.559802034644,0.005,0.003,0.17307692307692307,1.0,10.0,-1.3582094287345867,0
1769784888.653284,1373.803664205633,0.005,0.003,0.17307692307692307,1.0,10.0,-1.3569655665635978,0
1769784888.6559672,1375.0339951047051,0.005,0.003,0.17307692307692307,1.0,10.0,-1.3557352356645256,0
1769784888.6587055,1376.2510143359482,0.005,0.003,0.17307692307692307,1.0,10.0,-1.3545182164332825,0
1769784888.6617925,1377.4549367769705,0.005,0.003,0.17307692307692307,1.0,10.0,-1.3533142939922602,0
1769784888.6651564,1378.6459727053787,0.005,0.003,0.17307692307692307,1.0,10.0,-1.3521232580638523,0
1769784888.6693594,1381.8801234962204,0.004630329372,0.211,0.052083333333333336,1.0,10.0,-0.10198614703711273,0
1769784888.6723852,1383.108287000265,0.005,0.211,0.052083333333333336,1.0,10.0,-0.13772504633306848,0
1769784888.6753383,1384.2507242559916,0.005,0.211,0.052083333333333336,1.0,10.0,-0.13658260907734177,0
1769784888.6784956,1385.3811894157716,0.005,0.211,0.052083333333333336,1.0,10.0,-0.13545214391756166,0
1769784888.6827793,1386.499869689862,0.005,0.211,0.052083333333333336,1.0,10.0,-0.13433346364347132,0
1769784888.686945,1387.6069484054965,0.005,0.211,0.052083333333333336,1.0,10.0,-0.1332263849278369,0
1769784888.6901245,1388.7026051070416,0.005,0.211,0.052083333333333336,1.0,10.0,-0.13213072822629168,0
1769784888.6933916,1389.7870156530664,0.005,0.211,0.052083333333333336,1.0,10.0,-0.13104631768026687,0
1769784888.6964529,1390.8603523104416,0.005,0.211,0.052083333333333336,1.0,10.0,-0.12997298102289168,0
1769784888.6991289,1391.922783845568,0.005,0.211,0.052083333333333336,1.0,10.0,-0.12891054948776548,0
1769784888.702837,1392.974475612838,0.005,0.211,0.052083333333333336,1.0,10.0,-0.12785885772049543,0
1769784888.7065482,1394.0155896404326,0.005,0.211,0.052083333333333336,1.0,10.0,-0.12681774369290066,0
1769784888.7111557,1395.0462847135352,0.005,0.211,0.052083333333333336,1.0,10.0,-0.12578704861979817,0
1769784888.8187182,2000.0,0.004320792407,0.0,0.0,1.0,10.0,1.0679207593,0
1769784888.8229387,1945.945945945946,0.005,0.0,0.0,1.0,10.0,0.945945945945946,0
1769784888.8280137,1824.5614035087722,0.005,0.0,0.0,1.0,10.0,0.8245614035087723,0
1769784888.8312151,1753.4246575342465,0.005,0.0,0.0,1.0,10.0,0.7534246575342465,0
1769784888.8327506,1753.4246575342465,0.005,0.0,0.0,1.0,10.0,0.7534246575342465,0
1769784888.834266,1753.4246575342465,0.005,0.0,0.0,1.0,10.0,0.7534246575342465,0
1769784888.8357704,1753.4246575342465,0.005,0.0,0.0,1.0,10.0,0.7534246575342465,0
1769784888.8368897,1753.4246575342465,0.005,0.0,0.0,1.0,10.0,0.7534246575342465,0
1769784888.8380015,1753.4246575342465,0.005,0.0,0.0,1.0,10.0,0.7534246575342465,0
1769784888.8391838,1753.4246575342465,0.005,0.0,0.0,1.0,10.0,0.7534246575342465,0
1769784888.8406994,1753.4246575342465,0.005,0.0,0.0,1.0,10.0,0.7534246575342465,0
1769784888.8445754,677.9661016949153,0.004579593194,0.045,0.0,1.0,10.0,-0.2799932177050847,0
1769784888.8478277,778.2101167315176,0.005,0.045,0.0,1.0,10.0,-0.22178988326848237,0
1769784888.8510447,837.5451263537906,0.005,0.045,0.0,1.0,10.0,-0.16245487364620936,0
1769784888.854052,888.8888888888889,0.005,0.045,0.0,1.0,10.0,-0.11111111111111105,0
1769784888.8590753,933.7539432176657,0.005,0.045,0.0,1.0,10.0,-0.0662460567823343,0
1769784888.863136,973.293768545994,0.005,0.045,0.0,1.0,10.0,-0.02670623145400597,0
1769784888.866906,1008.4033613445379,0.005,0.045,0.0,1.0,10.0,0.008403361344537785,0
1769784888.8701515,1039.787798408488,0.005,0.045,0.0,1.0,10.0,0.039787798408488007,0
1769784888.8740366,1068.0100755667506,0.005,0.045,0.0,1.0,10.0,0.06801007556675076,0
1769784888.8751755,1068.0100755667506,0.005,0.045,0.0,1.0,10.0,0.06801007556675076,0
1769784888.8761818,1068.0100755667506,0.005,0.045,0.0,1.0,10.0,0.06801007556675076,0
1769784888.8771884,1068.0100755667506,0.005,0.045,0.0,1.0,10.0,0.06801007556675076,0
1769784888.8783436,1068.0100755667506,0.005,0.045,0.0,1.0,10.0,0.06801007556675076,0
1769784888.87948,1068.0100755667506,0.005,0.045,0.0,1.0,10.0,0.06801007556675076,0
1769784888.8808465,1068.0100755667506,0.005,0.045,0.0,1.0,10.0,0.06801007556675076,0
1769784888.8821895,1068.0100755667506,0.005,0.045,0.0,1.0,10.0,0.06801007556675076,0
1769784888.8857448,818.6714542190305,0.004597835454,0.09999999999999999,0.0,1.0,10.0,-0.14111209118096946,0
1769784888.88837,845.7538994800694,0.005,0.09999999999999999,0.0,1.0,10.0,-0.1542461005199306,0
1769784888.8912196,871.0217755443887,0.005,0.09999999999999999,0.0,1.0,10.0,-0.12897822445561136,0
1769784888.8939672,894.6515397082658,0.005,0.09999999999999999,0.0,1.0,10.0,-0.10534846029173417,0
1769784888.8965614,916.7974882260596,0.005,0.09999999999999999,0.0,1.0,10.0,-0.08320251177394034,0
1769784888.900058,937.5951293759513,0.005,0.09999999999999999,0.0,1.0,10.0,-0.06240487062404876,0
1769784888.902892,957.1639586410636,0.005,0.09999999999999999,0.0,1.0,10.0,-0.04283604135893637,0
1769784888.9059484,975.609756097561,0.005,0.09999999999999999,0.0,1.0,10.0,-0.024390243902438935,0
1769784888.908674,993.02649930265,0.005,0.09999999999999999,0.0,1.0,10.0,-0.006973500697350032,0
1769784888.9114692,1009.4979647218453,0.005,0.09999999999999999,0.0,1.0,10.0,0.009497964721845387,0
1769784888.914987,1025.099075297226,0.005,0.09999999999999999,0.0,1.0,10.0,0.025099075297225992,0
1769784888.9178135,1039.89703989704,0.005,0.09999999999999999,0.0,1.0,10.0,0.039897039897039965,0
1769784888.9209406,1053.952321204517,0.005,0.09999999999999999,0.0,1.0,10.0,0.053952321204516984,0
1769784888.9236069,1062.7306273062732,0.005,0.09999999999999999,0.0,1.0,10.0,0.0627306273062731,0
1769784888.9263854,1040.3245048914341,0.0048485723809999996,0.11499999999999999,0.0,1.0,10.0,0.05546726679143421,0
1769784888.930238,1054.8424737456241,0.005,0.11499999999999999,0.0,1.0,10.0,0.05484247374562412,0
1769784888.9340024,1067.2748004561004,0.005,0.11499999999999999,0.0,1.0,10.0,0.06727480045610035,0
1769784888.9383724,1079.1527313266442,0.005,0.11499999999999999,0.0,1.0,10.0,0.07915273132664424,0
1769784888.9419286,1090.5125408942204,0.005,0.11499999999999999,0.0,1.0,10.0,0.09051254089422045,0
1769784888.9468822,1101.3874066168623,0.005,0.11499999999999999,0.0,1.0,10.0,0.1013874066168623,0
1769784888.949852,1111.8077324973876,0.005,0.11499999999999999,0.0,1.0,10.0,0.11180773249738762,0
1769784888.9530275,1121.8014329580349,0.005,0.11499999999999999,0.0,1.0,10.0,0.1218014329580348,0
1769784888.955836,1131.394182547643,0.005,0.11499999999999999,0.0,1.0,10.0,0.131394182547643,0
1769784888.959504,1140.6096361848574,0.005,0.11499999999999999,0.0,1.0,10.0,0.14060963618485744,0
1769784888.9627948,1149.46962391514,0.005,0.11499999999999999,0.0,1.0,10.0,0.14946962391513985,0
1769784888.9658053,1157.9943235572375,0.005,0.11499999999999999,0.0,1.0,10.0,0.15799432355723764,0
1769784888.9688084,1166.2024141132777,0.005,0.11499999999999999,0.0,1.0,10.0,0.16620241411327763,0
1769784888.9717028,1174.1112123974476,0.005,0.11499999999999999,0.0,1.0,10.0,0.17411121239744753,0
1769784888.9759731,1181.736794986571,0.005,0.11499999999999999,0.0,1.0,10.0,0.18173679498657114,0
1769784888.9812782,1189.0941072999121,0.005,0.11499999999999999,0.0,1.0,10.0,0.18909410729991216,0
1769784888.9850807,1196.1970613656006,0.005,0.11499999999999999,0.0,1.0,10.0,0.19619706136560056,0
1769784888.9880826,1203.0586236193712,0.005,0.11499999999999999,0.0,1.0,10.0,0.20305862361937121,0
1769784888.991183,1209.6908939014202,0.005,0.11499999999999999,0.0,1.0,10.0,0.20969089390142015,0
1769784888.9946978,1220.2722650483845,0.0043077536829999995,0.114,0.06172839506172839,1.0,10.0,-0.3277870538688993,0
1769784888.997434,1228.7793047696039,0.005,0.114,0.06172839506172839,1.0,10.0,-0.3885046458476801,0
1769784889.000782,1234.6857597454257,0.005,0.114,0.06172839506172839,1.0,10.0,-0.3825981908718582,0
1769784889.0042794,1240.407204385278,0.005,0.114,0.06172839506172839,1.0,10.0,-0.37687674623200584,0
1769784889.0070605,1245.952197378566,0.005,0.114,0.06172839506172839,1.0,10.0,-0.3713317532387178,0
1769784889.0104287,1251.3287775246772,0.005,0.114,0.06172839506172839,1.0,10.0,-0.3659551730926066,0
1769784889.0135496,1256.544502617801,0.005,0.114,0.06172839506172839,1.0,10.0,-0.3607394479994829,0
1769784889.0163486,1261.6064848931467,0.005,0.114,0.06172839506172839,1.0,10.0,-0.35567746572413717,0
1769784889.0193653,1266.5214233841684,0.005,0.114,0.06172839506172839,1.0,10.0,-0.3507625272331155,0
1769784889.0220985,1271.295633500358,0.005,0.114,0.06172839506172839,1.0,10.0,-0.3459883171169259,0
1769784889.0252376,1275.9350741002118,0.005,0.114,0.06172839506172839,1.0,10.0,-0.34134887651707213,0
1769784889.0279603,1280.4453723034098,0.005,0.114,0.06172839506172839,1.0,10.0,-0.336838578313874,0
1769784889.0307603,1284.8318462594373,0.005,0.114,0.06172839506172839,1.0,10.0,-0.33245210435784667,0
1769784889.0350487,1289.0995260663508,0.005,0.114,0.06172839506172839,1.0,10.0,-0.328184424550933,0
1769784889.037872,1293.253173012692,0.005,0.114,0.06172839506172839,1.0,10.0,-0.32403077760459176,0
1769784889.0414689,1297.2972972972973,0.005,0.114,0.06172839506172839,1.0,10.0,-0.31998665331998655,0
1769784889.0443673,1301.2361743656475,0.005,0.114,0.06172839506172839,1.0,10.0,-0.3160477762516364,0
1769784889.047426,1305.0738599871547,0.005,0.114,0.06172839506172839,1.0,10.0,-0.31221009063012917,0
1769784889.050882,1308.8142041851618,0.005,0.114,0.06172839506172839,1.0,10.0,-0.3084697464321221,0
1769784889.053836,1312.4608641202256,0.005,0.114,0.06172839506172839,1.0,10.0,-0.30482308649705836,0
1769784889.0572174,1316.0173160173163,0.005,0.114,0.06172839506172839,1.0,10.0,-0.3012666345999676,0
1769784889.0600352,1319.4868662186927,0.005,0.114,0.06172839506172839,1.0,10.0,-0.2977970843985912,0
1769784889.0620413,1319.5876288659795,0.005,0.114,0.06172839506172839,1.0,10.0,-0.29769632175130434,0
1769784889.0632694,1319.5876288659795,0.005,0.114,0.06172839506172839,1.0,10.0,-0.29769632175130434,0
1769784889.064815,1319.5876288659795,0.005,0.114,0.06172839506172839,1.0,10.0,-0.29769632175130434,0
1769784889.0659325,1319.5876288659795,0.005,0.114,0.06172839506172839,1.0,10.0,-0.29769632175130434,0
1769784889.0671341,1319.5876288659795,0.005,0.114,0.06172839506172839,1.0,10.0,-0.29769632175130434,0
1769784889.068146,1319.5876288659795,0.005,0.114,0.06172839506172839,1.0,10.0,-0.29769632175130434,0
1769784889.0697818,1227.655986509275,0.004209684791,0.054,0.0,1.0,10.0,0.30668750740927486,0
1769784889.0732179,1233.1663884251532,0.005,0.054,0.0,1.0,10.0,0.23316638842515314,0
1769784889.0760696,1237.2041827187672,0.005,0.054,0.0,1.0,10.0,0.2372041827187672,0
1769784889.079585,1241.154055525313,0.005,0.054,0.0,1.0,10.0,0.2411540555253131,0
1769784889.082589,1245.0188476036617,0.005,0.054,0.0,1.0,10.0,0.24501884760366166,0
1769784889.0855618,1248.8012786361214,0.005,0.054,0.0,1.0,10.0,0.24880127863612156,0
1769784889.0887127,1252.5039536109648,0.005,0.054,0.0,1.0,10.0,0.2525039536109648,0
1769784889.0918322,1256.1293688054252,0.005,0.054,0.0,1.0,10.0,0.25612936880542514,0
1769784889.095696,1259.6799173980382,0.005,0.054,0.0,1.0,10.0,0.2596799173980382,0
1769784889.0992417,1263.157894736842,0.005,0.054,0.0,1.0,10.0,0.26315789473684204,0
1769784889.102727,1266.5655032878099,0.005,0.054,0.0,1.0,10.0,0.2665655032878098,0
1769784889.10575,1269.904857285929,0.005,0.054,0.0,1.0,10.0,0.26990485728592906,0
1769784889.109056,1273.1779871095687,0.005,0.054,0.0,1.0,10.0,0.27317798710956875,0
1769784889.1120503,1276.3868433971527,0.005,0.054,0.0,1.0,10.0,0.2763868433971528,0
1769784889.1148877,1279.5333009236751,0.005,0.054,0.0,1.0,10.0,0.2795333009236751,0
1769784889.1182256,1282.61916225325,0.005,0.054,0.0,1.0,10.0,0.2826191622532499,0
1769784889.1215088,1285.646161182642,0.005,0.054,0.0,1.0,10.0,0.28564616118264197,0
1769784889.1240866,1285.9174964438123,0.005,0.054,0.0,1.0,10.0,0.28591749644381226,0
1769784889.1253664,1285.9174964438123,0.005,0.054,0.0,1.0,10.0,0.28591749644381226,0
1769784889.1271262,1285.9174964438123,0.005,0.054,0.0,1.0,10.0,0.28591749644381226,0
1769784889.1283472,1285.9174964438123,0.005,0.054,0.0,1.0,10.0,0.28591749644381226,0
1769784889.1294656,1285.9174964438123,0.005,0.054,0.0,1.0,10.0,0.28591749644381226,0
1769784889.1305995,1285.9174964438123,0.005,0.054,0.0,1.0,10.0,0.28591749644381226,0
1769784889.1317232,1285.9174964438123,0.005,0.054,0.0,1.0,10.0,0.28591749644381226,0
1769784889.132857,1285.9174964438123,0.005,0.054,0.0,1.0,10.0,0.28591749644381226,0
1769784889.1341026,1285.9174964438123,0.005,0.054,0.0,1.0,10.0,0.28591749644381226,0
1769784889.1352756,1285.9174964438123,0.005,0.054,0.0,1.0,10.0,0.28591749644381226,0
1769784889.1372638,1285.9174964438123,0.005,0.054,0.0,1.0,10.0,0.28591749644381226,0
1769784889.139109,1285.9174964438123,0.005,0.054,0.0,1.0,10.0,0.28591749644381226,0
1769784889.1401932,1285.9174964438123,0.005,0.054,0.0,1.0,10.0,0.28591749644381226,0
1769784889.1412506,1285.9174964438123,0.005,0.054,0.0,1.0,10.0,0.28591749644381226,0
1769784889.1428382,1285.9174964438123,0.005,0.054,0.0,1.0,10.0,0.28591749644381226,0
1769784889.1438346,1285.9174964438123,0.005,0.054,0.0,1.0,10.0,0.28591749644381226,0
1769784889.1449237,1285.9174964438123,0.005,0.054,0.0,1.0,10.0,0.28591749644381226,0
1769784889.1460447,1285.9174964438123,0.005,0.054,0.0,1.0,10.0,0.28591749644381226,0
1769784889.1469781,1285.9174964438123,0.005,0.054,0.0,1.0,10.0,0.28591749644381226,0
1769784889.147879,1285.9174964438123,0.005,0.054,0.0,1.0,10.0,0.28591749644381226,0
1769784889.1515055,1087.353946427152,0.004314931883,0.054,0.0,1.0,10.0,0.15586075812715228,0
1769784889.154599,1094.2057548285377,0.005,0.054,0.0,1.0,10.0,0.09420575482853777,0
1769784889.15794,1098.1619084865076,0.005,0.054,0.0,1.0,10.0,0.09816190848650774,0
1769784889.1606421,1102.056655025223,0.005,0.054,0.0,1.0,10.0,0.1020566550252231,0
1769784889.163242,1105.8914131690412,0.005,0.054,0.0,1.0,10.0,0.10589141316904116,0
1769784889.1668713,1109.6675582728315,0.005,0.054,0.0,1.0,10.0,0.10966755827283148,0
1769784889.170944,1113.3864239666286,0.005,0.054,0.0,1.0,10.0,0.11338642396662868,0
1769784889.1745937,1117.0493037260067,0.005,0.054,0.0,1.0,10.0,0.11704930372600675,0
1769784889.1775427,1120.6574523720583,0.005,0.054,0.0,1.0,10.0,0.12065745237205827,0
1769784889.181504,1124.2120875046348,0.005,0.054,0.0,1.0,10.0,0.12421208750463486,0
1769784889.1844263,1127.7143908722858,0.005,0.054,0.0,1.0,10.0,0.12771439087228575,0
1769784889.1878188,1131.1655096821337,0.005,0.054,0.0,1.0,10.0,0.1311655096821338,0
1769784889.1914089,1134.5665578527385,0.005,0.054,0.0,1.0,10.0,0.1345665578527384,0
1769784889.1932151,1134.1772151898736,0.005,0.054,0.0,1.0,10.0,0.13417721518987347,0
1769784889.1947722,1134.1772151898736,0.005,0.054,0.0,1.0,10.0,0.13417721518987347,0
1769784889.1962764,1134.1772151898736,0.005,0.054,0.0,1.0,10.0,0.13417721518987347,0
1769784889.1982062,1134.1772151898736,0.005,0.054,0.0,1.0,10.0,0.13417721518987347,0
1769784889.201305,1106.287634785044,0.00422467186,0.054,0.0,1.0,10.0,0.1838204487850441,0
1769784889.2040896,1112.2697254084117,0.005,0.054,0.0,1.0,10.0,0.11226972540841174,0
1769784889.2075071,1115.636865723162,0.005,0.054,0.0,1.0,10.0,0.1156368657231619,0
1769784889.2115128,1118.9578333904697,0.005,0.054,0.0,1.0,10.0,0.11895783339046972,0
1769784889.215999,1122.233571671774,0.005,0.054,0.0,1.0,10.0,0.12223357167177396,0
1769784889.219771,1125.4649983090972,0.005,0.054,0.0,1.0,10.0,0.1254649983090972,0
1769784889.223428,1128.653006382264,0.005,0.054,0.0,1.0,10.0,0.12865300638226396,0
1769784889.2273278,1131.7984651317986,0.005,0.054,0.0,1.0,10.0,0.13179846513179871,0
1769784889.2308075,1134.9022207490887,0.005,0.054,0.0,1.0,10.0,0.13490222074908864,0
1769784889.2338862,1137.9650971353308,0.005,0.054,0.0,1.0,10.0,0.13796509713533078,0
1769784889.2400317,1140.9878966306837,0.005,0.054,0.0,1.0,10.0,0.14098789663068367,0
1769784889.243641,1143.971400714982,0.005,0.054,0.0,1.0,10.0,0.14397140071498216,0
1769784889.24713,1146.9163706813044,0.005,0.054,0.0,1.0,10.0,0.14691637068130436,0
1769784889.2506454,1149.823548283606,0.005,0.054,0.0,1.0,10.0,0.1498235482836061,0
1769784889.255331,1152.693656359579,0.005,0.054,0.0,1.0,10.0,0.1526936563595791,0
1769784889.260474,1157.1084947461704,0.004178153462,0.039,0.046875,1.0,10.0,-0.22945685145382955,0
1769784889.2636664,1160.843563109852,0.005,0.039,0.046875,1.0,10.0,-0.30790643689014785,0
1769784889.2669606,1163.590866437285,0.005,0.039,0.046875,1.0,10.0,-0.30515913356271485,0
1769784889.2705665,1166.3040099471557,0.005,0.039,0.046875,1.0,10.0,-0.3024459900528442,0
1769784889.273637,1168.9836268149522,0.005,0.039,0.046875,1.0,10.0,-0.29976637318504773,0
1769784889.2768128,1171.630334663801,0.005,0.039,0.046875,1.0,10.0,-0.29711966533619893,0
1769784889.2800307,1174.2447360390602,0.005,0.039,0.046875,1.0,10.0,-0.2945052639609398,0
1769784889.2844825,1176.8274188656355,0.005,0.039,0.046875,1.0,10.0,-0.2919225811343644,0
1769784889.2878003,1179.3789568887548,0.005,0.039,0.046875,1.0,10.0,-0.28937104311124506,0
1769784889.2908428,1181.8999100988913,0.005,0.039,0.046875,1.0,10.0,-0.2868500899011086,0
1769784889.2940674,1184.3908251414953,0.005,0.039,0.046875,1.0,10.0,-0.2843591748585048,0
1769784889.297584,1186.8522357121708,0.005,0.039,0.046875,1.0,10.0,-0.2818977642878291,0
1769784889.3007994,1189.2846629378864,0.005,0.039,0.046875,1.0,10.0,-0.27946533706211363,0
1769784889.3037627,1191.6886157448052,0.005,0.039,0.046875,1.0,10.0,-0.2770613842551948,0
1769784889.3076432,1194.0645912132675,0.005,0.039,0.046875,1.0,10.0,-0.27468540878673253,0
1769784889.3105905,1196.4130749204512,0.005,0.039,0.046875,1.0,10.0,-0.2723369250795489,0
1769784889.3137136,1198.734541271211,0.005,0.039,0.046875,1.0,10.0,-0.27001545872878907,0
1769784890.5359821,1201.0294538175579,0.005,0.039,0.046875,1.0,10.0,-0.2677205461824421,0
1769784890.5401769,1203.2982655672447,0.005,0.039,0.046875,1.0,10.0,-0.2654517344327554,0
1769784890.54376,1205.5414192818773,0.005,0.039,0.046875,1.0,10.0,-0.2632085807181226,0
1769784890.5472164,1207.7593477649705,0.005,0.039,0.046875,1.0,10.0,-0.2609906522350296,0
1769784890.550808,1209.952474140341,0.005,0.039,0.046875,1.0,10.0,-0.2587975258596589,0
1769784890.5542536,1212.1212121212122,0.005,0.039,0.046875,1.0,10.0,-0.25662878787878785,0
1769784890.5583532,1214.2659662703898,0.005,0.039,0.046875,1.0,10.0,-0.25448403372961015,0
1769784890.5641255,1218.3857488453928,0.004039978291,0.184,0.1452991452991453,1.0,10.0,-1.1386035332460602,0
1769784890.5675745,1220.6726825266612,0.005,0.184,0.1452991452991453,1.0,10.0,-1.232318770464792,0
1769784890.5719433,1222.7359260266524,0.005,0.184,0.1452991452991453,1.0,10.0,-1.2302555269648008,0
1769784890.5764163,1224.7768460914256,0.005,0.184,0.1452991452991453,1.0,10.0,-1.2282146069000275,0
1769784890.5797083,1226.7958030669895,0.005,0.184,0.1452991452991453,1.0,10.0,-1.2261956499244637,0
1769784890.5833776,1228.7931495852288,0.005,0.184,0.1452991452991453,1.0,10.0,-1.2241983034062243,0
1769784890.58655,1230.7692307692307,0.005,0.184,0.1452991452991453,1.0,10.0,-1.2222222222222223,0
1769784890.5907068,1232.724384432089,0.005,0.184,0.1452991452991453,1.0,10.0,-1.2202670685593642,0
1769784890.5946364,1234.6589412694232,0.005,0.184,0.1452991452991453,1.0,10.0,-1.21833251172203,0
1769784890.5986269,1236.5732250458475,0.005,0.184,0.1452991452991453,1.0,10.0,-1.2164182279456057,0
1769784890.6015184,1238.467552775606,0.005,0.184,0.1452991452991453,1.0,10.0,-1.2145239002158472,0
1769784890.605268,1240.3422348975887,0.005,0.184,0.1452991452991453,1.0,10.0,-1.2126492180938644,0
1769784890.6085582,1244.2610265669334,0.005,0.184,0.1509433962264151,1.0,10.0,-1.2651729356972174,0
1769784890.6110911,1245.312098638582,0.005,0.184,0.1509433962264151,1.0,10.0,-1.2641218636255687,0
1769784890.6129403,1245.312098638582,0.005,0.184,0.1509433962264151,1.0,10.0,-1.2641218636255687,0
1769784890.6143565,1245.312098638582,0.005,0.184,0.1509433962264151,1.0,10.0,-1.2641218636255687,0
1769784890.6162372,1245.312098638582,0.005,0.184,0.1509433962264151,1.0,10.0,-1.2641218636255687,0
1769784890.617976,1245.312098638582,0.005,0.184,0.1509433962264151,1.0,10.0,-1.2641218636255687,0
1769784890.6196933,1245.312098638582,0.005,0.184,0.1509433962264151,1.0,10.0,-1.2641218636255687,0
1769784890.7142286,2272.727272727273,0.0040701177219999995,0.0,0.0,1.0,10.0,1.365715500527273,0
1769784890.7203867,1945.945945945946,0.005,0.0,0.0,1.0,10.0,0.945945945945946,0
1769784890.7259095,1824.5614035087722,0.005,0.0,0.0,1.0,10.0,0.8245614035087723,0
1769784890.7293978,1766.2337662337661,0.005,0.0,0.0,1.0,10.0,0.7662337662337662,0
1769784890.732708,1731.958762886598,0.005,0.0,0.0,1.0,10.0,0.731958762886598,0
1769784890.7345915,1676.1904761904761,0.005,0.0,0.0,1.0,10.0,0.6761904761904762,0
1769784890.7362928,1676.1904761904761,0.005,0.0,0.0,1.0,10.0,0.6761904761904762,0
1769784890.7403805,1375.796178343949,0.005,0.097,0.0,1.0,10.0,0.37579617834394896,0
1769784890.743472,1401.1299435028247,0.005,0.097,0.0,1.0,10.0,0.4011299435028248,0
1769784890.7461302,1421.3197969543148,0.005,0.097,0.0,1.0,10.0,0.42131979695431476,0
1769784890.7490635,1437.7880184331798,0.005,0.097,0.0,1.0,10.0,0.4377880184331797,0
1769784890.7519965,1451.4767932489451,0.005,0.097,0.0,1.0,10.0,0.4514767932489452,0
1769784890.7571378,1463.035019455253,0.005,0.097,0.0,1.0,10.0,0.46303501945525305,0
1769784890.760008,1472.9241877256318,0.005,0.097,0.0,1.0,10.0,0.47292418772563183,0
1769784890.7634768,1483.47943358058,0.00484181194,0.026,0.0,1.0,10.0,0.49929823958058006,0
1769784890.766336,1514.1955835962146,0.005,0.026,0.0,1.0,10.0,0.5141955835962146,0
1769784890.7695768,1513.5135135135135,0.005,0.026,0.0,1.0,10.0,0.5135135135135136,0
1769784890.7712176,1513.5135135135135,0.005,0.026,0.0,1.0,10.0,0.5135135135135136,0
1769784890.7725377,1513.5135135135135,0.005,0.026,0.0,1.0,10.0,0.5135135135135136,0
1769784890.773531,1513.5135135135135,0.005,0.026,0.0,1.0,10.0,0.5135135135135136,0
1769784890.7745206,1513.5135135135135,0.005,0.026,0.0,1.0,10.0,0.5135135135135136,0
1769784890.7757258,1513.5135135135135,0.005,0.026,0.0,1.0,10.0,0.5135135135135136,0
1769784890.7769763,1513.5135135135135,0.005,0.026,0.0,1.0,10.0,0.5135135135135136,0
1769784890.7786095,1513.5135135135135,0.005,0.026,0.0,1.0,10.0,0.5135135135135136,0
1769784890.7798994,1513.5135135135135,0.005,0.026,0.0,1.0,10.0,0.5135135135135136,0
1769784890.780948,1513.5135135135135,0.005,0.026,0.0,1.0,10.0,0.5135135135135136,0
1769784890.7820137,1513.5135135135135,0.005,0.026,0.0,1.0,10.0,0.5135135135135136,0
1769784890.7839544,1513.5135135135135,0.005,0.026,0.0,1.0,10.0,0.5135135135135136,0
1769784890.785854,1513.5135135135135,0.005,0.026,0.0,1.0,10.0,0.5135135135135136,0
1769784890.7876565,1513.5135135135135,0.005,0.026,0.0,1.0,10.0,0.5135135135135136,0
1769784890.7890227,1513.5135135135135,0.005,0.026,0.0,1.0,10.0,0.5135135135135136,0
1769784890.7901802,1513.5135135135135,0.005,0.026,0.0,1.0,10.0,0.5135135135135136,0
1769784890.7914937,1513.5135135135135,0.005,0.026,0.0,1.0,10.0,0.5135135135135136,0
1769784890.7926915,1513.5135135135135,0.005,0.026,0.0,1.0,10.0,0.5135135135135136,0
1769784890.7941518,1513.5135135135135,0.005,0.026,0.0,1.0,10.0,0.5135135135135136,0
1769784890.7954237,1513.5135135135135,0.005,0.026,0.0,1.0,10.0,0.5135135135135136,0
1769784890.7967575,1513.5135135135135,0.005,0.026,0.0,1.0,10.0,0.5135135135135136,0
1769784890.7978926,1513.5135135135135,0.005,0.026,0.0,1.0,10.0,0.5135135135135136,0
1769784890.798943,1513.5135135135135,0.005,0.026,0.0,1.0,10.0,0.5135135135135136,0
1769784890.8000548,1513.5135135135135,0.005,0.026,0.0,1.0,10.0,0.5135135135135136,0
1769784890.8010244,1513.5135135135135,0.005,0.026,0.0,1.0,10.0,0.5135135135135136,0
1769784890.8023195,1513.5135135135135,0.005,0.026,0.0,1.0,10.0,0.5135135135135136,0
1769784890.8036537,1513.5135135135135,0.005,0.026,0.0,1.0,10.0,0.5135135135135136,0
1769784890.8046653,1513.5135135135135,0.005,0.026,0.0,1.0,10.0,0.5135135135135136,0
1769784890.8056998,1513.5135135135135,0.005,0.026,0.0,1.0,10.0,0.5135135135135136,0
1769784890.8066688,1513.5135135135135,0.005,0.026,0.0,1.0,10.0,0.5135135135135136,0
1769784890.8077404,1513.5135135135135,0.005,0.026,0.0,1.0,10.0,0.5135135135135136,0
1769784890.8088121,1513.5135135135135,0.005,0.026,0.0,1.0,10.0,0.5135135135135136,0
1769784890.8100984,1513.5135135135135,0.005,0.026,0.0,1.0,10.0,0.5135135135135136,0
1769784890.8115597,1513.5135135135135,0.005,0.026,0.0,1.0,10.0,0.5135135135135136,0
1769784890.8137116,1513.5135135135135,0.005,0.026,0.0,1.0,10.0,0.5135135135135136,0
1769784890.8148324,1513.5135135135135,0.005,0.026,0.0,1.0,10.0,0.5135135135135136,0
1769784890.8159418,1513.5135135135135,0.005,0.026,0.0,1.0,10.0,0.5135135135135136,0
1769784890.8169303,1513.5135135135135,0.005,0.026,0.0,1.0,10.0,0.5135135135135136,0
1769784890.8184023,1513.5135135135135,0.005,0.026,0.0,1.0,10.0,0.5135135135135136,0
1769784890.819874,1513.5135135135135,0.005,0.026,0.0,1.0,10.0,0.5135135135135136,0
1769784890.8209689,1513.5135135135135,0.005,0.026,0.0,1.0,10.0,0.5135135135135136,0
1769784890.821976,1513.5135135135135,0.005,0.026,0.0,1.0,10.0,0.5135135135135136,0
1769784890.8229733,1513.5135135135135,0.005,0.026,0.0,1.0,10.0,0.5135135135135136,0
1769784890.8250637,435.2192835621024,0.004253267213,0.026,0.0,1.0,10.0,-0.4901074377378976,0
1769784890.8264153,435.2192835621024,0.004253267213,0.026,0.0,1.0,10.0,-0.4901074377378976,0
1769784890.8278196,435.2192835621024,0.004253267213,0.026,0.0,1.0,10.0,-0.4901074377378976,0
1769784890.829502,435.2192835621024,0.004253267213,0.026,0.0,1.0,10.0,-0.4901074377378976,0
1769784890.8323653,425.19931217758324,0.004401557322,0.026,0.0,1.0,10.0,-0.5149564200224168,0
1769784890.836188,444.10177332305324,0.005,0.026,0.0,1.0,10.0,-0.5558982266769468,0
1769784890.8389106,461.65527714502656,0.005,0.026,0.0,1.0,10.0,-0.5383447228549734,0
1769784890.8420424,478.6836200448766,0.005,0.026,0.0,1.0,10.0,-0.5213163799551235,0
1769784890.8451521,495.21002210759025,0.005,0.026,0.0,1.0,10.0,-0.5047899778924098,0
1769784890.8479521,511.2563543936093,0.005,0.026,0.0,1.0,10.0,-0.4887436456063907,0
1769784890.8513014,526.8432355046529,0.005,0.026,0.0,1.0,10.0,-0.47315676449534716,0
1769784890.8544903,541.9901199717714,0.005,0.026,0.0,1.0,10.0,-0.4580098800282286,0
1769784890.8584838,548.6354093771869,0.005,0.026,0.0,1.0,10.0,-0.4513645906228131,0
1769784890.8598504,548.6354093771869,0.005,0.026,0.0,1.0,10.0,-0.4513645906228131,0
1769784890.860926,548.6354093771869,0.005,0.026,0.0,1.0,10.0,-0.4513645906228131,0
1769784890.8620114,548.6354093771869,0.005,0.026,0.0,1.0,10.0,-0.4513645906228131,0
1769784890.8631124,548.6354093771869,0.005,0.026,0.0,1.0,10.0,-0.4513645906228131,0
1769784890.864149,548.6354093771869,0.005,0.026,0.0,1.0,10.0,-0.4513645906228131,0
1769784890.867393,523.8156374374117,0.004881399086,0.148,0.0,1.0,10.0,-0.46432427116258823,0
1769784890.8703816,537.7298668357641,0.005,0.148,0.0,1.0,10.0,-0.4622701331642358,0
1769784890.875031,551.0331872260489,0.005,0.148,0.0,1.0,10.0,-0.4489668127739511,0
1769784890.8788524,564.0074211502783,0.005,0.148,0.0,1.0,10.0,-0.43599257884972165,0
1769784890.8831186,576.6646304215027,0.005,0.148,0.0,1.0,10.0,-0.42333536957849727,0
1769784890.885871,589.0162945081472,0.005,0.148,0.0,1.0,10.0,-0.4109837054918528,0
1769784890.8895204,601.0733452593918,0.005,0.148,0.0,1.0,10.0,-0.3989266547406082,0
1769784890.892823,612.8461991750148,0.005,0.148,0.0,1.0,10.0,-0.3871538008249852,0
1769784890.897206,624.3447874199185,0.005,0.148,0.0,1.0,10.0,-0.3756552125800815,0
1769784890.9030557,635.5785837651122,0.005,0.148,0.0,1.0,10.0,-0.3644214162348878,0
1769784890.9076812,646.5566306203756,0.005,0.148,0.0,1.0,10.0,-0.3534433693796244,0
1769784890.9112177,657.2875633089477,0.005,0.148,0.0,1.0,10.0,-0.3427124366910522,0
1769784890.9160407,667.779632721202,0.005,0.148,0.0,1.0,10.0,-0.332220367278798,0
1769784890.9183395,669.2520775623268,0.005,0.148,0.0,1.0,10.0,-0.33074792243767315,0
1769784890.9208658,669.2520775623268,0.005,0.148,0.0,1.0,10.0,-0.33074792243767315,0
1769784890.9227715,669.2520775623268,0.005,0.148,0.0,1.0,10.0,-0.33074792243767315,0
1769784890.9268866,660.9808102345417,0.004607305674,0.108,0.0,1.0,10.0,-0.29974975716545826,0
1769784890.9317324,674.7496046389035,0.005,0.108,0.0,1.0,10.0,-0.32525039536109646,0
1769784890.9344563,684.4027125717267,0.005,0.108,0.0,1.0,10.0,-0.3155972874282732,0
1769784890.9381404,693.8564790913783,0.005,0.108,0.0,1.0,10.0,-0.3061435209086216,0
1769784890.9410985,703.1170158405723,0.005,0.108,0.0,1.0,10.0,-0.2968829841594277,0
1769784890.9446502,712.1901871522509,0.005,0.108,0.0,1.0,10.0,-0.2878098128477491,0
1769784890.949964,721.0816224336505,0.005,0.108,0.0,1.0,10.0,-0.2789183775663494,0
1769784890.9546947,729.7967278135847,0.005,0.108,0.0,1.0,10.0,-0.2702032721864154,0
1769784890.959362,738.3406971035837,0.005,0.108,0.0,1.0,10.0,-0.26165930289641626,0
1769784890.9644399,746.7185221195916,0.005,0.108,0.0,1.0,10.0,-0.25328147788040833,0
1769784890.9690123,754.9350024073183,0.005,0.108,0.0,1.0,10.0,-0.24506499759268174,0
1769784890.9736674,762.9947544110635,0.005,0.108,0.0,1.0,10.0,-0.23700524558893654,0
1769784890.9782884,770.9022201228154,0.005,0.108,0.0,1.0,10.0,-0.2290977798771846,0
1769784890.9820833,778.6616752456715,0.005,0.108,0.0,1.0,10.0,-0.22133832475432846,0
1769784890.9858537,786.2772369031062,0.005,0.108,0.0,1.0,10.0,-0.21372276309689375,0
1769784890.9894361,793.7528709232889,0.005,0.108,0.0,1.0,10.0,-0.20624712907671106,0
1769784890.9936194,801.0923987255348,0.005,0.108,0.0,1.0,10.0,-0.19890760127446516,0
1769784890.9974167,808.29950383401,0.005,0.108,0.0,1.0,10.0,-0.19170049616598994,0
1769784891.0004885,813.255709807434,0.005,0.108,0.0,1.0,10.0,-0.186744290192566,0
1769784891.001643,813.255709807434,0.005,0.108,0.0,1.0,10.0,-0.186744290192566,0
1769784891.0031824,813.255709807434,0.005,0.108,0.0,1.0,10.0,-0.186744290192566,0
1769784891.0044422,813.255709807434,0.005,0.108,0.0,1.0,10.0,-0.186744290192566,0
1769784891.0055668,813.255709807434,0.005,0.108,0.0,1.0,10.0,-0.186744290192566,0
1769784891.0072515,813.255709807434,0.005,0.108,0.0,1.0,10.0,-0.186744290192566,0
1769784891.0085964,813.255709807434,0.005,0.108,0.0,1.0,10.0,-0.186744290192566,0
1769784891.0096784,813.255709807434,0.005,0.108,0.0,1.0,10.0,-0.186744290192566,0
1769784891.0108423,813.255709807434,0.005,0.108,0.0,1.0,10.0,-0.186744290192566,0
1769784891.0120409,813.255709807434,0.005,0.108,0.0,1.0,10.0,-0.186744290192566,0
1769784891.0162296,758.1849511774842,0.004623947687,0.089,0.0,1.0,10.0,-0.20420981752251582,0
1769784891.0223176,765.1607651607652,0.005,0.089,0.0,1.0,10.0,-0.23483923483923475,0
1769784891.0281672,771.9014937424304,0.005,0.089,0.0,1.0,10.0,-0.22809850625756956,0
1769784891.0337183,778.5342410893072,0.005,0.089,0.0,1.0,10.0,-0.22146575891069276,0
1769784891.0372021,785.061581247517,0.005,0.089,0.0,1.0,10.0,-0.21493841875248298,0
1769784891.0409746,791.4860070949941,0.005,0.089,0.0,1.0,10.0,-0.20851399290500594,0
1769784891.043882,797.8099335158389,0.005,0.089,0.0,1.0,10.0,-0.20219006648416105,0
1769784891.0468843,802.1764477263894,0.005,0.089,0.0,1.0,10.0,-0.1978235522736106,0
1769784891.0483148,802.1764477263894,0.005,0.089,0.0,1.0,10.0,-0.1978235522736106,0
1769784891.050354,791.8673087212413,0.004741642041,0.089,0.0,1.0,10.0,-0.1822968953787587,0
1769784891.053363,800.910125142207,0.005,0.089,0.0,1.0,10.0,-0.19908987485779295,0
1769784891.0565617,806.9251035001881,0.005,0.089,0.0,1.0,10.0,-0.1930748964998118,0
1769784891.0592349,812.8502054538662,0.005,0.089,0.0,1.0,10.0,-0.18714979454613379,0
1769784891.0626118,818.6874304783092,0.005,0.089,0.0,1.0,10.0,-0.18131256952169073,0
1769784891.066098,824.4387191755613,0.005,0.089,0.0,1.0,10.0,-0.17556128082443867,0
1769784891.0689,830.1059554256485,0.005,0.089,0.0,1.0,10.0,-0.16989404457435142,0
1769784891.072253,835.6909684439609,0.005,0.089,0.0,1.0,10.0,-0.16430903155603915,0
1769784891.075038,841.19553474973,0.005,0.089,0.0,1.0,10.0,-0.15880446525027003,0
1769784891.078455,846.6213800500536,0.005,0.089,0.0,1.0,10.0,-0.1533786199499464,0
1769784891.0816522,851.9701810436635,0.005,0.089,0.0,1.0,10.0,-0.1480298189563365,0
1769784891.0848463,857.2435671483962,0.005,0.089,0.0,1.0,10.0,-0.14275643285160378,0
1769784891.0880868,862.4431221561078,0.005,0.089,0.0,1.0,10.0,-0.13755687784389214,0
1769784891.0912077,867.570385818561,0.005,0.089,0.0,1.0,10.0,-0.13242961418143895,0
1769784891.094832,872.6268553676217,0.005,0.089,0.0,1.0,10.0,-0.12737314463237825,0
1769784891.0977983,877.6139869729175,0.005,0.089,0.0,1.0,10.0,-0.12238601302708252,0
1769784891.100875,882.5331971399387,0.005,0.089,0.0,1.0,10.0,-0.11746680286006128,0
1769784891.1044204,887.3858640514035,0.005,0.089,0.0,1.0,10.0,-0.11261413594859648,0
1769784891.1074455,892.1733288545515,0.005,0.089,0.0,1.0,10.0,-0.10782667114544842,0
1769784891.1108336,896.8968968968969,0.005,0.089,0.0,1.0,10.0,-0.10310310310310311,0
1769784891.1148415,901.5578389128274,0.005,0.089,0.0,1.0,10.0,-0.09844216108717263,0
1769784891.1191487,906.1573921633191,0.005,0.089,0.0,1.0,10.0,-0.09384260783668097,0
1769784891.1222506,910.6967615309127,0.005,0.089,0.0,1.0,10.0,-0.08930323846908728,0
1769784891.125445,915.1771205719857,0.005,0.089,0.0,1.0,10.0,-0.08482287942801425,0
1769784891.1285896,919.5996125282531,0.005,0.089,0.0,1.0,10.0,-0.08040038747174683,0
1769784891.131391,923.9653512993264,0.005,0.089,0.0,1.0,10.0,-0.07603464870067367,0
1769784891.1344004,928.2754223780682,0.005,0.089,0.0,1.0,10.0,-0.07172457762193174,0
1769784891.1381793,932.5308837503959,0.005,0.089,0.0,1.0,10.0,-0.06746911624960406,0
1769784891.1432889,936.7327667610954,0.005,0.089,0.0,1.0,10.0,-0.0632672332389046,0
1769784891.1467962,940.882076947138,0.005,0.089,0.0,1.0,10.0,-0.05911792305286201,0
1769784891.1502013,944.9797948399129,0.005,0.089,0.0,1.0,10.0,-0.0550202051600871,0
1769784891.153575,949.0268767377202,0.005,0.089,0.0,1.0,10.0,-0.050973123262279874,0
1769784891.157029,953.0242554498004,0.005,0.089,0.0,1.0,10.0,-0.046975744550199594,0
1769784891.1608295,956.9728410131219,0.005,0.089,0.0,1.0,10.0,-0.043027158986878145,0
1769784891.1648972,960.8735213830755,0.005,0.089,0.0,1.0,10.0,-0.03912647861692442,0
1769784891.1684372,964.727163099186,0.005,0.089,0.0,1.0,10.0,-0.03527283690081395,0
1769784891.1712909,968.5346119268805,0.005,0.089,0.0,1.0,10.0,-0.031465388073119493,0
1769784891.1744986,972.2966934763182,0.005,0.089,0.0,1.0,10.0,-0.027703306523681803,0
1769784891.1776292,976.0142137992302,0.005,0.089,0.0,1.0,10.0,-0.023985786200769743,0
1769784891.1815948,979.6879599646747,0.005,0.089,0.0,1.0,10.0,-0.020312040035325274,0
1769784891.1855977,983.3187006145741,0.005,0.089,0.0,1.0,10.0,-0.01668129938542584,0
1769784891.189807,986.9071864998546,0.005,0.089,0.0,1.0,10.0,-0.013092813500145462,0
1769784891.1930332,990.4541509979751,0.005,0.089,0.0,1.0,10.0,-0.00954584900202482,0
1769784891.196855,993.9603106125971,0.005,0.089,0.0,1.0,10.0,-0.006039689387402847,0
1769784891.2008793,997.4263654561053,0.005,0.089,0.0,1.0,10.0,-0.0025736345438946984,0
1769784891.204506,1000.8529997156667,0.005,0.089,0.0,1.0,10.0,0.000852999715666769,0
1769784891.2079403,1004.2408821034776,0.005,0.089,0.0,1.0,10.0,0.004240882103477617,0
1769784891.2122166,1007.5906662918189,0.005,0.089,0.0,1.0,10.0,0.007590666291819037,0
1769784891.2153947,1010.9029913335198,0.005,0.089,0.0,1.0,10.0,0.010902991333519907,0
1769784891.2189226,1014.1784820683904,0.005,0.089,0.0,1.0,10.0,0.014178482068390341,0
1769784891.2227917,1017.4177495161736,0.005,0.089,0.0,1.0,10.0,0.017417749516173586,0
1769784891.2260542,1020.6213912565302,0.005,0.089,0.0,1.0,10.0,0.020621391256530286,0
1769784891.2299917,1023.7899917965545,0.005,0.089,0.0,1.0,10.0,0.0237899917965545,0
1769784891.2341318,1026.9241229262987,0.005,0.089,0.0,1.0,10.0,0.026924122926298644,0
1769784891.238069,1030.0243440627537,0.005,0.089,0.0,1.0,10.0,0.030024344062753672,0
1769784891.2418234,1033.0912025827279,0.005,0.089,0.0,1.0,10.0,0.03309120258272791,0
1769784891.2452054,1036.1252341450363,0.005,0.089,0.0,1.0,10.0,0.03612523414503643,0
1769784891.2482474,1039.1269630023955,0.005,0.089,0.0,1.0,10.0,0.0391269630023956,0
1769784891.2513,1042.0969023034156,0.005,0.089,0.0,1.0,10.0,0.04209690230341567,0
1769784891.254182,1045.0355543850408,0.005,0.089,0.0,1.0,10.0,0.0450355543850407,0
1769784891.2588692,1047.943411055803,0.005,0.089,0.0,1.0,10.0,0.04794341105580302,0
1769784891.2632985,1050.8209538702113,0.005,0.089,0.0,1.0,10.0,0.05082095387021135,0
1769784891.2666745,1053.6686543946073,0.005,0.089,0.0,1.0,10.0,0.05366865439460722,0
1769784891.2698917,1056.4869744647924,0.005,0.089,0.0,1.0,10.0,0.05648697446479245,0
1769784891.2739072,1059.2763664357199,0.005,0.089,0.0,1.0,10.0,0.059276366435719874,0
1769784891.2776177,1062.0372734235384,0.005,0.089,0.0,1.0,10.0,0.062037273423538375,0
1769784891.282256,1064.7701295402592,0.005,0.089,0.0,1.0,10.0,0.06477012954025918,0
1769784891.2877388,1067.475360121304,0.005,0.089,0.0,1.0,10.0,0.06747536012130406,0
1769784891.292267,1070.1533819461906,0.005,0.089,0.0,1.0,10.0,0.07015338194619058,0
1769784891.2950537,1072.8046034525894,0.005,0.089,0.0,1.0,10.0,0.07280460345258932,0
1769784891.409134,2083.3333333333335,0.004020954346,0.0,0.0,1.0,10.0,1.1812378987333334,0
1769784891.4142823,1945.945945945946,0.005,0.0,0.0,1.0,10.0,0.945945945945946,0
1769784891.419095,1824.5614035087722,0.005,0.0,0.0,1.0,10.0,0.8245614035087723,0
1769784891.4224913,1766.2337662337661,0.005,0.0,0.0,1.0,10.0,0.7662337662337662,0
1769784891.426209,1731.958762886598,0.005,0.0,0.0,1.0,10.0,0.731958762886598,0
1769784891.4293256,1709.4017094017095,0.005,0.0,0.0,1.0,10.0,0.7094017094017095,0
1769784891.433282,1693.4306569343066,0.005,0.0,0.0,1.0,10.0,0.6934306569343067,0
1769784891.437396,1681.528662420382,0.005,0.0,0.0,1.0,10.0,0.681528662420382,0
1769784891.44126,1672.316384180791,0.005,0.0,0.0,1.0,10.0,0.6723163841807909,0
1769784891.4442177,1664.9746192893401,0.005,0.0,0.0,1.0,10.0,0.6649746192893402,0
1769784891.447658,1677.3017319963537,0.004611613293,0.189,0.0,1.0,10.0,0.7161404026963538,0
1769784891.4521418,1687.7637130801686,0.005,0.189,0.0,1.0,10.0,0.6877637130801686,0
1769784891.4550328,1680.933852140078,0.005,0.189,0.0,1.0,10.0,0.6809338521400781,0
1769784891.458589,1675.0902527075812,0.005,0.189,0.0,1.0,10.0,0.6750902527075813,0
1769784891.4624586,1670.0336700336702,0.005,0.189,0.0,1.0,10.0,0.6700336700336702,0
1769784891.465801,1665.615141955836,0.005,0.189,0.0,1.0,10.0,0.665615141955836,0
1769784891.4694114,1661.721068249258,0.005,0.189,0.0,1.0,10.0,0.661721068249258,0
1769784891.473063,1658.2633053221289,0.005,0.189,0.0,1.0,10.0,0.658263305322129,0
1769784891.476184,1651.4745308310992,0.005,0.189,0.0,1.0,10.0,0.6514745308310992,0
1769784891.4800336,1587.9396984924624,0.004428849475,0.189,0.0,1.0,10.0,0.6450547509924625,0
1769784891.484005,1592.326139088729,0.005,0.189,0.0,1.0,10.0,0.5923261390887289,0
1769784891.4884026,1592.6773455377574,0.005,0.189,0.0,1.0,10.0,0.5926773455377574,0
1769784891.4959278,1592.9978118161926,0.005,0.189,0.0,1.0,10.0,0.5929978118161925,0
1769784891.502615,1593.2914046121596,0.005,0.189,0.0,1.0,10.0,0.5932914046121596,0
1769784891.5079806,1593.5613682092555,0.005,0.189,0.0,1.0,10.0,0.5935613682092555,0
1769784891.5129662,1593.8104448742747,0.005,0.189,0.0,1.0,10.0,0.5938104448742747,0
1769784891.5161333,1594.0409683426442,0.005,0.189,0.0,1.0,10.0,0.5940409683426442,0
1769784891.5198028,1594.2549371633752,0.005,0.189,0.0,1.0,10.0,0.5942549371633752,0
1769784891.5234654,1594.4540727902947,0.005,0.189,0.0,1.0,10.0,0.5944540727902947,0
1769784891.5266309,1594.63986599665,0.005,0.189,0.0,1.0,10.0,0.5946398659966501,0
1769784891.5301151,1594.8136142625608,0.005,0.189,0.0,1.0,10.0,0.5948136142625609,0
1769784891.5336237,1594.9764521193092,0.005,0.189,0.0,1.0,10.0,0.5949764521193093,0
1769784891.5373428,1595.1293759512937,0.005,0.189,0.0,1.0,10.0,0.5951293759512937,0
1769784891.5416245,1595.2732644017726,0.005,0.189,0.0,1.0,10.0,0.5952732644017726,0
1769784891.5455506,1595.4088952654233,0.005,0.189,0.0,1.0,10.0,0.5954088952654233,0
1769784891.549108,1595.536959553696,0.005,0.189,0.0,1.0,10.0,0.5955369595536961,0
1769784891.5534546,1595.6580732700136,0.005,0.189,0.0,1.0,10.0,0.5956580732700136,0
1769784891.5567687,1595.772787318362,0.005,0.189,0.0,1.0,10.0,0.595772787318362,0
1769784891.5601854,1595.881595881596,0.005,0.189,0.0,1.0,10.0,0.595881595881596,0
1769784891.5645747,1595.9849435382685,0.005,0.189,0.0,1.0,10.0,0.5959849435382685,0
1769784891.5691955,1596.0832313341493,0.005,0.189,0.0,1.0,10.0,0.5960832313341493,0
1769784891.5735195,1596.1768219832738,0.005,0.189,0.0,1.0,10.0,0.5961768219832739,0
1769784891.5778198,1596.2660443407235,0.005,0.189,0.0,1.0,10.0,0.5962660443407235,0
1769784891.5816734,1596.351197263398,0.005,0.189,0.0,1.0,10.0,0.5963511972633981,0
1769784891.5851426,1596.432552954292,0.005,0.189,0.0,1.0,10.0,0.5964325529542922,0
1769784891.5880942,1596.5103598691385,0.005,0.189,0.0,1.0,10.0,0.5965103598691386,0
1769784891.591473,1596.5848452508005,0.005,0.189,0.0,1.0,10.0,0.5965848452508005,0
1769784891.5965414,1596.6562173458724,0.005,0.189,0.0,1.0,10.0,0.5966562173458725,0
1769784891.6017106,1596.7246673490276,0.005,0.189,0.0,1.0,10.0,0.5967246673490276,0
1769784891.6071947,1596.79037111334,0.005,0.189,0.0,1.0,10.0,0.59679037111334,0
1769784891.611968,1596.8534906588004,0.005,0.189,0.0,1.0,10.0,0.5968534906588003,0
1769784891.6163087,1596.9141755062683,0.005,0.189,0.0,1.0,10.0,0.5969141755062684,0
1769784891.6200528,1596.972563859981,0.005,0.189,0.0,1.0,10.0,0.596972563859981,0
1769784891.624504,1597.6221437859929,0.004772752268,0.507,0.19760479041916168,1.0,10.0,-1.3557009872056238,0
1769784891.6273973,1604.3755697356426,0.005,0.507,0.19760479041916168,1.0,10.0,-1.3716723344559743,0
1769784891.6303139,1604.297224709042,0.005,0.507,0.19760479041916168,1.0,10.0,-1.3717506794825747,0
1769784891.6332273,1604.221635883905,0.005,0.507,0.19760479041916168,1.0,10.0,-1.3718262683077118,0
1769784891.6365685,1604.1486603284357,0.005,0.507,0.19760479041916168,1.0,10.0,-1.3718992438631812,0
1769784891.6397817,1604.0781648258285,0.005,0.507,0.19760479041916168,1.0,10.0,-1.3719697393657884,0
1769784891.6424115,1604.0100250626565,0.005,0.507,0.19760479041916168,1.0,10.0,-1.3720378791289602,0
1769784891.6462202,1603.9441248972885,0.005,0.507,0.19760479041916168,1.0,10.0,-1.3721037792943283,0
1769784891.6493306,1603.8803556992725,0.005,0.507,0.19760479041916168,1.0,10.0,-1.3721675484923443,0
1769784891.6534216,1603.81861575179,0.005,0.507,0.19760479041916168,1.0,10.0,-1.3722292884398266,0
1769784891.6561975,1603.7588097102584,0.005,0.507,0.19760479041916168,1.0,10.0,-1.3722890944813584,0
1769784891.6595428,1603.7008481110256,0.005,0.507,0.19760479041916168,1.0,10.0,-1.3723470560805913,0
1769784891.6627963,1603.6446469248292,0.005,0.507,0.19760479041916168,1.0,10.0,-1.3724032572667875,0
1769784891.6674752,1603.5901271503367,0.005,0.507,0.19760479041916168,1.0,10.0,-1.37245777704128,0
1769784891.6715894,1603.5372144436255,0.005,0.507,0.19760479041916168,1.0,10.0,-1.3725106897479913,0
1769784891.6745203,1603.4858387799566,0.005,0.507,0.19760479041916168,1.0,10.0,-1.3725620654116601,0
1769784891.677821,1603.4359341445956,0.005,0.507,0.19760479041916168,1.0,10.0,-1.3726119700470212,0
1769784891.6812165,1603.3874382498236,0.005,0.507,0.19760479041916168,1.0,10.0,-1.3726604659417931,0
1769784891.683911,1603.3402922755743,0.005,0.507,0.19760479041916168,1.0,10.0,-1.3727076119160424,0
1769784891.6870358,1603.2944406314343,0.005,0.507,0.19760479041916168,1.0,10.0,-1.3727534635601824,0
1769784891.6906672,1603.2498307379824,0.005,0.507,0.19760479041916168,1.0,10.0,-1.3727980734536345,0
1769784891.6952305,1603.2064128256513,0.005,0.507,0.19760479041916168,1.0,10.0,-1.3728414913659654,0
1769784891.698472,1603.1641397495057,0.005,0.507,0.19760479041916168,1.0,10.0,-1.372883764442111,0
1769784891.7018557,1603.1229668184776,0.005,0.507,0.19760479041916168,1.0,10.0,-1.3729249373731391,0
1769784891.7054634,1603.0828516377649,0.005,0.507,0.19760479041916168,1.0,10.0,-1.372965052553852,0
1769784891.7090874,1603.0437539632214,0.005,0.507,0.19760479041916168,1.0,10.0,-1.3730041502283954,0
1769784891.7135024,1603.0056355666877,0.005,0.507,0.19760479041916168,1.0,10.0,-1.373042268624929,0
1769784891.7175024,1602.9684601113174,0.005,0.507,0.19760479041916168,1.0,10.0,-1.3730794440802994,0
1769784891.72161,1602.9321930360416,0.005,0.507,0.19760479041916168,1.0,10.0,-1.3731157111555752,0
1769784891.728212,1602.8968014484008,0.005,0.507,0.19760479041916168,1.0,10.0,-1.373151102743216,0
1769784891.732719,1602.8622540250449,0.005,0.507,0.19760479041916168,1.0,10.0,-1.3731856501665718,0
1769784891.7361708,1602.8285209192693,0.005,0.507,0.19760479041916168,1.0,10.0,-1.3732193832723474,0
1769784891.7403657,1602.7955736750148,0.005,0.507,0.19760479041916168,1.0,10.0,-1.373252330516602,0
1769784891.74326,1602.7633851468047,0.005,0.507,0.19760479041916168,1.0,10.0,-1.373284519044812,0
1769784891.7460687,1602.7319294251565,0.005,0.507,0.19760479041916168,1.0,10.0,-1.3733159747664603,0
1769784891.7491102,1602.7011817670232,0.005,0.507,0.19760479041916168,1.0,10.0,-1.3733467224245937,0
1769784891.7522197,1602.671118530885,0.005,0.507,0.19760479041916168,1.0,10.0,-1.3733767856607317,0
1769784891.7572482,1602.6417171161256,0.005,0.507,0.19760479041916168,1.0,10.0,-1.3734061870754912,0
1769784891.760831,1602.612955906369,0.005,0.507,0.19760479041916168,1.0,10.0,-1.3734349482852477,0
1769784891.7640154,1602.5848142164782,0.005,0.507,0.19760479041916168,1.0,10.0,-1.3734630899751386,0
1769784891.7669034,1602.5572722429408,0.005,0.507,0.19760479041916168,1.0,10.0,-1.373490631948676,0
1769784891.7701712,1602.530311017396,0.005,0.507,0.19760479041916168,1.0,10.0,-1.373517593174221,0
1769784891.7731965,1602.5039123630675,0.005,0.507,0.19760479041916168,1.0,10.0,-1.3735439918285492,0
1769784891.7761745,1602.4780588538977,0.005,0.507,0.19760479041916168,1.0,10.0,-1.3735698453377192,0
1769784891.7788677,1602.452733776188,0.005,0.507,0.19760479041916168,1.0,10.0,-1.3735951704154288,0
1769784891.7818267,1602.4279210925645,0.005,0.507,0.19760479041916168,1.0,10.0,-1.3736199830990523,0
1769784891.7865546,1602.4036054081123,0.005,0.507,0.19760479041916168,1.0,10.0,-1.3736442987835045,0
1769784891.7910042,1602.3797719385227,0.005,0.507,0.19760479041916168,1.0,10.0,-1.3736681322530941,0
1769784891.7954996,1602.3564064801178,0.005,0.507,0.19760479041916168,1.0,10.0,-1.373691497711499,0
1769784891.8005798,1602.3334953816236,0.005,0.507,0.19760479041916168,1.0,10.0,-1.373714408809993,0
1769784891.804802,1602.3110255175734,0.005,0.507,0.19760479041916168,1.0,10.0,-1.3737368786740434,0
1769784891.8082898,1602.2889842632333,0.005,0.507,0.19760479041916168,1.0,10.0,-1.3737589199283835,0
1769784891.8134139,1602.2673594709495,0.005,0.507,0.19760479041916168,1.0,10.0,-1.3737805447206672,0
1769784891.8186467,1604.6381148307464,0.004376472056,0.387,0.1214574898785425,1.0,10.0,-0.5475839895546786,0
1769784891.8225577,1605.9341678256837,0.005,0.387,0.1214574898785425,1.0,10.0,-0.6086407309597412,0
1769784891.826804,1605.879650895728,0.005,0.387,0.1214574898785425,1.0,10.0,-0.608695247889697,0
1769784891.8319578,1605.8261265361857,0.005,0.387,0.1214574898785425,1.0,10.0,-0.6087487722492393,0
1769784891.837674,1605.7735678845288,0.005,0.387,0.1214574898785425,1.0,10.0,-0.6088013309008962,0
1769784891.8415086,1605.7219490388914,0.005,0.387,0.1214574898785425,1.0,10.0,-0.6088529497465336,0
1769784891.845176,1603.563474387528,0.005,0.387,0.1214574898785425,1.0,10.0,-0.611011424397897,0
1769784891.8478522,1603.563474387528,0.005,0.387,0.1214574898785425,1.0,10.0,-0.611011424397897,0
1769784891.8505154,1603.563474387528,0.005,0.387,0.1214574898785425,1.0,10.0,-0.611011424397897,0
1769784891.8526778,1603.563474387528,0.005,0.387,0.1214574898785425,1.0,10.0,-0.611011424397897,0
1769784891.8545754,1603.563474387528,0.005,0.387,0.1214574898785425,1.0,10.0,-0.611011424397897,0
1769784891.8568623,1603.563474387528,0.005,0.387,0.1214574898785425,1.0,10.0,-0.611011424397897,0
1769784891.861399,1523.5853022786514,0.0044302744699999995,0.387,0.0,1.0,10.0,0.5805578552786514,0
1769784891.8661876,1525.2398831873174,0.005,0.387,0.0,1.0,10.0,0.5252398831873175,0
1769784891.8704622,1525.8585022755483,0.005,0.387,0.0,1.0,10.0,0.5258585022755484,0
1769784891.875464,1526.466967583094,0.005,0.387,0.0,1.0,10.0,0.526466967583094,0
1769784891.8809664,1527.065527065527,0.005,0.387,0.0,1.0,10.0,0.5270655270655271,0
1769784891.8858385,1527.6544206701656,0.005,0.387,0.0,1.0,10.0,0.5276544206701657,0
1769784891.8909101,1528.2338806567882,0.005,0.387,0.0,1.0,10.0,0.5282338806567881,0
1769784891.8942802,1526.5469061876247,0.005,0.387,0.0,1.0,10.0,0.5265469061876247,0
1769784891.8984768,1526.5469061876247,0.005,0.387,0.0,1.0,10.0,0.5265469061876247,0
1769784891.9022303,1526.5469061876247,0.005,0.387,0.0,1.0,10.0,0.5265469061876247,0
1769784891.9052377,1526.5469061876247,0.005,0.387,0.0,1.0,10.0,0.5265469061876247,0
1769784891.9083166,1526.5469061876247,0.005,0.387,0.0,1.0,10.0,0.5265469061876247,0
1769784891.910311,1526.5469061876247,0.005,0.387,0.0,1.0,10.0,0.5265469061876247,0
1769784891.9132533,1526.5469061876247,0.005,0.387,0.0,1.0,10.0,0.5265469061876247,0
1769784891.9174497,1526.5469061876247,0.005,0.387,0.0,1.0,10.0,0.5265469061876247,0
1769784891.9202013,1526.5469061876247,0.005,0.387,0.0,1.0,10.0,0.5265469061876247,0
1769784891.923518,1526.5469061876247,0.005,0.387,0.0,1.0,10.0,0.5265469061876247,0
1769784891.9258423,1526.5469061876247,0.005,0.387,0.0,1.0,10.0,0.5265469061876247,0
1769784891.9279265,1526.5469061876247,0.005,0.387,0.0,1.0,10.0,0.5265469061876247,0
1769784891.9306114,1526.5469061876247,0.005,0.387,0.0,1.0,10.0,0.5265469061876247,0
1769784891.9328322,1526.5469061876247,0.005,0.387,0.0,1.0,10.0,0.5265469061876247,0
1769784891.9346578,1526.5469061876247,0.005,0.387,0.0,1.0,10.0,0.5265469061876247,0
1769784891.936746,1526.5469061876247,0.005,0.387,0.0,1.0,10.0,0.5265469061876247,0
1769784891.938908,1526.5469061876247,0.005,0.387,0.0,1.0,10.0,0.5265469061876247,0
1769784891.9406047,1526.5469061876247,0.005,0.387,0.0,1.0,10.0,0.5265469061876247,0
1769784891.9422874,1526.5469061876247,0.005,0.387,0.0,1.0,10.0,0.5265469061876247,0
1769784891.9438632,1526.5469061876247,0.005,0.387,0.0,1.0,10.0,0.5265469061876247,0
1769784891.946487,1526.5469061876247,0.005,0.387,0.0,1.0,10.0,0.5265469061876247,0
1769784891.9481452,1526.5469061876247,0.005,0.387,0.0,1.0,10.0,0.5265469061876247,0
1769784891.9550366,1300.5272407732864,0.0048940140969999995,0.021,0.0,1.0,10.0,0.3111258310732865,0
1769784891.9628253,1303.3254954652334,0.005,0.021,0.0,1.0,10.0,0.30332549546523335,0
1769784891.9684172,1304.3768793852323,0.005,0.021,0.0,1.0,10.0,0.3043768793852324,0
1769784891.9719038,1304.3768793852323,0.005,0.021,0.0,1.0,10.0,0.3043768793852324,0
1769784891.9742343,1304.3768793852323,0.005,0.021,0.0,1.0,10.0,0.3043768793852324,0
1769784891.9776635,1304.3768793852323,0.005,0.021,0.0,1.0,10.0,0.3043768793852324,0
1769784891.9802449,1304.3768793852323,0.005,0.021,0.0,1.0,10.0,0.3043768793852324,0
1769784891.9820762,1304.3768793852323,0.005,0.021,0.0,1.0,10.0,0.3043768793852324,0
1769784891.98396,1304.3768793852323,0.005,0.021,0.0,1.0,10.0,0.3043768793852324,0
1769784891.9861574,1304.3768793852323,0.005,0.021,0.0,1.0,10.0,0.3043768793852324,0
1769784891.98786,1304.3768793852323,0.005,0.021,0.0,1.0,10.0,0.3043768793852324,0
1769784891.9896731,1304.3768793852323,0.005,0.021,0.0,1.0,10.0,0.3043768793852324,0
1769784891.991303,1304.3768793852323,0.005,0.021,0.0,1.0,10.0,0.3043768793852324,0
1769784891.9931607,1304.3768793852323,0.005,0.021,0.0,1.0,10.0,0.3043768793852324,0
1769784891.99563,1304.3768793852323,0.005,0.021,0.0,1.0,10.0,0.3043768793852324,0
1769784891.997567,1304.3768793852323,0.005,0.021,0.0,1.0,10.0,0.3043768793852324,0
1769784891.999531,1304.3768793852323,0.005,0.021,0.0,1.0,10.0,0.3043768793852324,0
1769784892.0023003,1304.3768793852323,0.005,0.021,0.0,1.0,10.0,0.3043768793852324,0
1769784892.0051012,1304.3768793852323,0.005,0.021,0.0,1.0,10.0,0.3043768793852324,0
1769784892.0070493,1304.3768793852323,0.005,0.021,0.0,1.0,10.0,0.3043768793852324,0
1769784892.0088036,1304.3768793852323,0.005,0.021,0.0,1.0,10.0,0.3043768793852324,0
1769784892.0108714,1304.3768793852323,0.005,0.021,0.0,1.0,10.0,0.3043768793852324,0
1769784892.0126095,1304.3768793852323,0.005,0.021,0.0,1.0,10.0,0.3043768793852324,0
1769784892.0143821,1304.3768793852323,0.005,0.021,0.0,1.0,10.0,0.3043768793852324,0
1769784892.0166144,1304.3768793852323,0.005,0.021,0.0,1.0,10.0,0.3043768793852324,0
1769784892.0193782,1304.3768793852323,0.005,0.021,0.0,1.0,10.0,0.3043768793852324,0
1769784892.022082,1304.3768793852323,0.005,0.021,0.0,1.0,10.0,0.3043768793852324,0
1769784892.025339,1304.3768793852323,0.005,0.021,0.0,1.0,10.0,0.3043768793852324,0
1769784892.02724,1304.3768793852323,0.005,0.021,0.0,1.0,10.0,0.3043768793852324,0
1769784892.0289772,1304.3768793852323,0.005,0.021,0.0,1.0,10.0,0.3043768793852324,0
1769784892.0313332,1304.3768793852323,0.005,0.021,0.0,1.0,10.0,0.3043768793852324,0
1769784892.0339658,1304.3768793852323,0.005,0.021,0.0,1.0,10.0,0.3043768793852324,0
1769784892.0355754,1304.3768793852323,0.005,0.021,0.0,1.0,10.0,0.3043768793852324,0
1769784892.0372903,1304.3768793852323,0.005,0.021,0.0,1.0,10.0,0.3043768793852324,0
1769784892.038548,1304.3768793852323,0.005,0.021,0.0,1.0,10.0,0.3043768793852324,0
1769784892.0403278,1304.3768793852323,0.005,0.021,0.0,1.0,10.0,0.3043768793852324,0
1769784892.0419304,1304.3768793852323,0.005,0.021,0.0,1.0,10.0,0.3043768793852324,0
1769784892.047204,1061.8512110726645,0.004065118996,0.021,0.0,1.0,10.0,0.15533931147266455,0
1769784892.0534074,1065.375302663438,0.005,0.021,0.0,1.0,10.0,0.06537530266343805,0
1769784892.0583882,1068.2365533850684,0.005,0.021,0.0,1.0,10.0,0.0682365533850684,0
1769784892.063201,1071.0673409635347,0.005,0.021,0.0,1.0,10.0,0.07106734096353473,0
1769784892.0675015,1073.8681493248612,0.005,0.021,0.0,1.0,10.0,0.07386814932486119,0
1769784892.0717978,1076.6394521991047,0.005,0.021,0.0,1.0,10.0,0.07663945219910473,0
1769784892.0758672,1079.381713387477,0.005,0.021,0.0,1.0,10.0,0.07938171338747702,0
1769784892.0821626,1082.0953870211104,0.005,0.021,0.0,1.0,10.0,0.0820953870211103,0
1769784892.0873997,1084.780917811771,0.005,0.021,0.0,1.0,10.0,0.08478091781177088,0
1769784892.0906553,1084.6054333764555,0.005,0.021,0.0,1.0,10.0,0.08460543337645543,0
1769784892.0941079,1084.6054333764555,0.005,0.021,0.0,1.0,10.0,0.08460543337645543,0
1769784892.097367,1075.8747886674523,0.004459791552,0.13799999999999998,0.0,1.0,10.0,0.12989563346745248,0
1769784892.1040006,1074.8755460733516,0.004596697845,0.13799999999999998,0.0,1.0,10.0,0.11520576157335172,0
1769784892.1116676,1077.584028304271,0.005,0.13799999999999998,0.0,1.0,10.0,0.07758402830427102,0
1769784892.1175172,1080.211214483279,0.005,0.13799999999999998,0.0,1.0,10.0,0.08021121448327917,0
1769784892.1248715,1082.8121090818113,0.005,0.13799999999999998,0.0,1.0,10.0,0.08281210908181125,0
1769784892.2345994,1927.7108433734938,0.004968992329,0.0,0.0,1.0,10.0,0.9308116104734938,0
1769784892.2397618,1945.945945945946,0.005,0.0,0.0,1.0,10.0,0.945945945945946,0
1769784892.244752,1824.5614035087722,0.005,0.0,0.0,1.0,10.0,0.8245614035087723,0
1769784892.249527,1766.2337662337661,0.005,0.0,0.0,1.0,10.0,0.7662337662337662,0
1769784892.2533047,1731.958762886598,0.005,0.0,0.0,1.0,10.0,0.731958762886598,0
1769784892.256872,1709.4017094017095,0.005,0.0,0.0,1.0,10.0,0.7094017094017095,0
1769784892.260728,1693.4306569343066,0.005,0.0,0.0,1.0,10.0,0.6934306569343067,0
1769784892.2644815,1681.528662420382,0.005,0.0,0.0,1.0,10.0,0.681528662420382,0
1769784892.2677124,1672.316384180791,0.005,0.0,0.0,1.0,10.0,0.6723163841807909,0
1769784892.2717173,1664.9746192893401,0.005,0.0,0.0,1.0,10.0,0.6649746192893402,0
1769784892.2752411,1658.9861751152075,0.005,0.0,0.0,1.0,10.0,0.6589861751152075,0
1769784892.2786627,1654.0084388185653,0.005,0.0,0.0,1.0,10.0,0.6540084388185654,0
1769784892.282065,1649.8054474708172,0.005,0.0,0.0,1.0,10.0,0.6498054474708173,0
1769784892.2868059,1663.0824372759857,0.004506110451,0.242,0.18181818181818182,1.0,10.0,-1.1057104260058326,0
1769784892.2900453,1670.0336700336702,0.005,0.242,0.18181818181818182,1.0,10.0,-1.1481481481481481,0
1769784892.2938023,1665.615141955836,0.005,0.242,0.18181818181818182,1.0,10.0,-1.1525666762259823,0
1769784892.2978008,1661.721068249258,0.005,0.242,0.18181818181818182,1.0,10.0,-1.1564607499325603,0
1769784892.3014724,1658.2633053221289,0.005,0.242,0.18181818181818182,1.0,10.0,-1.1599185128596894,0
1769784892.304922,1655.1724137931035,0.005,0.242,0.18181818181818182,1.0,10.0,-1.163009404388715,0
1769784892.3085163,1652.3929471032748,0.005,0.242,0.18181818181818182,1.0,10.0,-1.1657888710785436,0
1769784892.3130772,1649.8800959232615,0.005,0.242,0.18181818181818182,1.0,10.0,-1.1683017222585568,0
1769784892.3187256,1647.5972540045766,0.005,0.242,0.18181818181818182,1.0,10.0,-1.1705845641772417,0
1769784892.3243484,1645.5142231947482,0.005,0.242,0.18181818181818182,1.0,10.0,-1.1726675949870702,0
1769784892.3283386,1643.6058700209644,0.005,0.242,0.18181818181818182,1.0,10.0,-1.174575948160854,0
1769784892.3318326,1641.8511066398391,0.005,0.242,0.18181818181818182,1.0,10.0,-1.1763307115419792,0
1769784892.3352442,1640.2321083172146,0.005,0.242,0.18181818181818182,1.0,10.0,-1.1779497098646037,0
1769784892.3381197,1638.7337057728118,0.005,0.242,0.18181818181818182,1.0,10.0,-1.1794481124090064,0
1769784892.3422043,1637.342908438061,0.005,0.242,0.18181818181818182,1.0,10.0,-1.1808389097437573,0
1769784892.345103,1636.048526863085,0.005,0.242,0.18181818181818182,1.0,10.0,-1.1821332913187332,0
1769784892.3484912,1634.8408710217757,0.005,0.242,0.18181818181818182,1.0,10.0,-1.1833409471600427,0
1769784892.3525295,1633.711507293355,0.005,0.242,0.18181818181818182,1.0,10.0,-1.1844703108884633,0
1769784892.3572662,1632.6530612244899,0.005,0.242,0.18181818181818182,1.0,10.0,-1.1855287569573285,0
1769784892.360558,1631.6590563165905,0.005,0.242,0.18181818181818182,1.0,10.0,-1.1865227618652279,0
1769784892.364039,1630.7237813884788,0.005,0.242,0.18181818181818182,1.0,10.0,-1.1874580367933396,0
1769784892.3668199,1629.842180774749,0.005,0.242,0.18181818181818182,1.0,10.0,-1.1883396374070692,0
1769784892.3698013,1629.0097629009763,0.005,0.242,0.18181818181818182,1.0,10.0,-1.189172055280842,0
1769784892.3734055,1628.2225237449118,0.005,0.242,0.18181818181818182,1.0,10.0,-1.1899592944369066,0
1769784892.3776305,1627.4768824306473,0.005,0.242,0.18181818181818182,1.0,10.0,-1.190704935751171,0
1769784892.3814206,1626.769626769627,0.005,0.242,0.18181818181818182,1.0,10.0,-1.1914121914121913,0
1769784892.3844323,1626.0978670012548,0.005,0.242,0.18181818181818182,1.0,10.0,-1.1920839511805634,0
1769784892.3880012,1625.4589963280293,0.005,0.242,0.18181818181818182,1.0,10.0,-1.1927228218537889,0
1769784892.3911014,1624.8506571087219,0.005,0.242,0.18181818181818182,1.0,10.0,-1.1933311610730966,0
1769784892.3946373,1624.2707117852974,0.005,0.242,0.18181818181818182,1.0,10.0,-1.1939111063965209,0
1769784892.397942,1623.7172177879133,0.005,0.242,0.18181818181818182,1.0,10.0,-1.194464600393905,0
1769784892.4010594,1623.1884057971013,0.005,0.242,0.18181818181818182,1.0,10.0,-1.194993412384717,0
1769784892.404522,1622.6826608505999,0.005,0.242,0.18181818181818182,1.0,10.0,-1.1954991573312184,0
1769784892.4072204,1622.1985058697974,0.005,0.242,0.18181818181818182,1.0,10.0,-1.195983312312021,0
1769784892.410332,1621.7345872518285,0.005,0.242,0.18181818181818182,1.0,10.0,-1.1964472309299898,0
1769784892.4134064,1621.2896622313203,0.005,0.242,0.18181818181818182,1.0,10.0,-1.196892155950498,0
1769784892.4172127,1620.8625877632899,0.005,0.242,0.18181818181818182,1.0,10.0,-1.1973192304185285,0
1769784892.420523,1620.4523107177974,0.005,0.242,0.18181818181818182,1.0,10.0,-1.1977295074640208,0
1769784892.4233882,1620.0578592092577,0.005,0.242,0.18181818181818182,1.0,10.0,-1.1981239589725605,0
1769784892.4264064,1619.6783349101229,0.005,0.242,0.18181818181818182,1.0,10.0,-1.1985034832716954,0
1769784892.4294848,1619.3129062209844,0.005,0.242,0.18181818181818182,1.0,10.0,-1.198868911960834,0
1769784892.4336047,1618.9608021877848,0.005,0.242,0.18181818181818182,1.0,10.0,-1.1992210159940335,0
1769784892.4374046,1618.6213070725157,0.005,0.242,0.18181818181818182,1.0,10.0,-1.1995605111093026,0
1769784892.4411428,1618.293755496922,0.005,0.242,0.18181818181818182,1.0,10.0,-1.1998880626848965,0
1769784892.4455552,1619.0970420342503,0.004215481468,0.628,0.08247422680412371,1.0,10.0,-0.12719337280698673,0
1769784892.44849,1624.4689889549704,0.005,0.628,0.08247422680412371,1.0,10.0,-0.2002732790862667,0
1769784892.4523005,1624.0601503759397,0.005,0.628,0.08247422680412371,1.0,10.0,-0.2006821176652973,0
1769784892.4552212,1623.6647493837304,0.005,0.628,0.08247422680412371,1.0,10.0,-0.20107751865750667,0
1769784892.4584606,1623.2821341956346,0.005,0.628,0.08247422680412371,1.0,10.0,-0.20146013384560235,0
1769784892.4623613,1622.9116945107398,0.005,0.628,0.08247422680412371,1.0,10.0,-0.20183057353049727,0
1769784892.465959,1622.5528582615505,0.005,0.628,0.08247422680412371,1.0,10.0,-0.20218940977968658,0
1769784892.4694262,1622.2050886661527,0.005,0.628,0.08247422680412371,1.0,10.0,-0.2025371793750843,0
1769784892.472472,1621.867881548975,0.005,0.628,0.08247422680412371,1.0,10.0,-0.20287438649226197,0
1769784892.4767773,1621.5407629020197,0.005,0.628,0.08247422680412371,1.0,10.0,-0.2032015051392173,0
1769784892.4801738,1621.223286661754,0.005,0.628,0.08247422680412371,1.0,10.0,-0.2035189813794831,0
1769784892.4831755,1620.9150326797387,0.005,0.628,0.08247422680412371,1.0,10.0,-0.20382723536149827,0
1769784892.4860282,1620.6156048675734,0.005,0.628,0.08247422680412371,1.0,10.0,-0.20412666317366357,0
1769784892.489242,1620.3246294989415,0.005,0.628,0.08247422680412371,1.0,10.0,-0.20441763854229555,0
1769784892.49231,1620.0417536534449,0.005,0.628,0.08247422680412371,1.0,10.0,-0.20470051438779224,0
1769784892.494481,1618.7198898830009,0.005,0.628,0.08247422680412371,1.0,10.0,-0.2060223781582362,0
1769784892.4955037,1618.7198898830009,0.005,0.628,0.08247422680412371,1.0,10.0,-0.2060223781582362,0
1769784892.4968052,1618.7198898830009,0.005,0.628,0.08247422680412371,1.0,10.0,-0.2060223781582362,0
1769784892.4980493,1618.7198898830009,0.005,0.628,0.08247422680412371,1.0,10.0,-0.2060223781582362,0
1769784892.4990113,1618.7198898830009,0.005,0.628,0.08247422680412371,1.0,10.0,-0.2060223781582362,0
1769784892.5001817,1618.7198898830009,0.005,0.628,0.08247422680412371,1.0,10.0,-0.2060223781582362,0
1769784892.501148,1618.7198898830009,0.005,0.628,0.08247422680412371,1.0,10.0,-0.2060223781582362,0
1769784892.502075,1618.7198898830009,0.005,0.628,0.08247422680412371,1.0,10.0,-0.2060223781582362,0
1769784892.5031404,1618.7198898830009,0.005,0.628,0.08247422680412371,1.0,10.0,-0.2060223781582362,0
1769784892.504484,1618.7198898830009,0.005,0.628,0.08247422680412371,1.0,10.0,-0.2060223781582362,0
1769784892.5063474,1618.7198898830009,0.005,0.628,0.08247422680412371,1.0,10.0,-0.2060223781582362,0
1769784892.5089695,1416.4778824371049,0.004147761302,0.628,0.0,1.0,10.0,0.5017017522371048,0
1769784892.511763,1418.974661166765,0.005,0.628,0.0,1.0,10.0,0.41897466116676485,0
1769784892.515232,1421.0832847990682,0.005,0.628,0.0,1.0,10.0,0.4210832847990682,0
1769784892.520807,1423.1433506044905,0.005,0.628,0.0,1.0,10.0,0.4231433506044906,0
1769784892.523903,1425.156516789983,0.005,0.628,0.0,1.0,10.0,0.4251565167899831,0
1769784892.5272942,1427.1243669105233,0.005,0.628,0.0,1.0,10.0,0.42712436691052336,0
1769784892.530407,1427.7746793084216,0.005,0.628,0.0,1.0,10.0,0.4277746793084216,0
1769784892.5319786,1427.7746793084216,0.005,0.628,0.0,1.0,10.0,0.4277746793084216,0
1769784892.5335095,1427.7746793084216,0.005,0.628,0.0,1.0,10.0,0.4277746793084216,0
1769784892.535005,1427.7746793084216,0.005,0.628,0.0,1.0,10.0,0.4277746793084216,0
1769784892.536904,1427.7746793084216,0.005,0.628,0.0,1.0,10.0,0.4277746793084216,0
1769784892.5382195,1427.7746793084216,0.005,0.628,0.0,1.0,10.0,0.4277746793084216,0
1769784892.5404856,1343.7663015127805,0.0042708010769999995,0.628,0.0,1.0,10.0,0.4166861938127806,0
1769784892.5433881,1346.4119772844604,0.005,0.628,0.0,1.0,10.0,0.3464119772844605,0
1769784892.5464313,1349.0035769034237,0.005,0.628,0.0,1.0,10.0,0.34900357690342365,0
1769784892.552213,1351.5427415275672,0.005,0.628,0.0,1.0,10.0,0.35154274152756715,0
1769784892.5566297,1354.0310465698549,0.005,0.628,0.0,1.0,10.0,0.35403104656985485,0
1769784892.5603712,1356.4700049578582,0.005,0.628,0.0,1.0,10.0,0.3564700049578582,0
1769784892.5645976,1358.8610702012763,0.005,0.628,0.0,1.0,10.0,0.35886107020127644,0
1769784892.5677047,1361.2056392805055,0.005,0.628,0.0,1.0,10.0,0.3612056392805054,0
1769784892.5720952,1363.5050553683197,0.005,0.628,0.0,1.0,10.0,0.3635050553683197,0
1769784892.5766797,1365.7606103958035,0.005,0.628,0.0,1.0,10.0,0.36576061039580354,0
1769784892.579593,1367.973547472839,0.005,0.628,0.0,1.0,10.0,0.36797354747283917,0
1769784892.5823739,1370.1450631726718,0.005,0.628,0.0,1.0,10.0,0.37014506317267193,0
1769784892.5854635,1372.2763096893834,0.005,0.628,0.0,1.0,10.0,0.3722763096893835,0
1769784892.5882547,1374.3683968764356,0.005,0.628,0.0,1.0,10.0,0.3743683968764355,0
1769784892.5915463,1376.4223941738735,0.005,0.628,0.0,1.0,10.0,0.3764223941738736,0
1769784892.5952592,1378.4393324312134,0.005,0.628,0.0,1.0,10.0,0.3784393324312134,0
1769784892.5983205,1380.4202056325435,0.005,0.628,0.0,1.0,10.0,0.3804202056325434,0
1769784892.6018906,1382.365972529907,0.005,0.628,0.0,1.0,10.0,0.3823659725299069,0
1769784892.6050704,1384.2775581906017,0.005,0.628,0.0,1.0,10.0,0.3842775581906017,0
1769784892.6084218,1386.1558554636483,0.005,0.628,0.0,1.0,10.0,0.3861558554636484,0
1769784892.611355,1388.0017263703066,0.005,0.628,0.0,1.0,10.0,0.3880017263703066,0
1769784892.6141987,1389.8160034231921,0.005,0.628,0.0,1.0,10.0,0.3898160034231921,0
1769784892.6173875,1391.599490878235,0.005,0.628,0.0,1.0,10.0,0.391599490878235,0
1769784892.6201756,1393.352965923433,0.005,0.628,0.0,1.0,10.0,0.39335296592343294,0
1769784892.6247292,1395.0771798080934,0.005,0.628,0.0,1.0,10.0,0.3950771798080934,0
1769784892.6282952,1396.7728589160117,0.005,0.628,0.0,1.0,10.0,0.3967728589160118,0
1769784892.6322544,1398.4407057858023,0.005,0.628,0.0,1.0,10.0,0.3984407057858024,0
1769784892.6349425,1400.0814000814,0.005,0.628,0.0,1.0,10.0,0.40008140008140014,0
1769784892.6393244,1401.695599515543,0.005,0.628,0.0,1.0,10.0,0.4016955995155431,0
1769784892.642149,1403.2839407288748,0.005,0.628,0.0,1.0,10.0,0.40328394072887486,0
1769784892.6452901,1404.8470401271356,0.005,0.628,0.0,1.0,10.0,0.40484704012713557,0
1769784892.649464,1404.5077105575326,0.005,0.628,0.0,1.0,10.0,0.40450771055753254,0
1769784892.6507404,1404.5077105575326,0.005,0.628,0.0,1.0,10.0,0.40450771055753254,0
1769784892.6542926,1404.5077105575326,0.005,0.628,0.0,1.0,10.0,0.40450771055753254,0
1769784892.6559439,1404.5077105575326,0.005,0.628,0.0,1.0,10.0,0.40450771055753254,0
1769784892.6571681,1404.5077105575326,0.005,0.628,0.0,1.0,10.0,0.40450771055753254,0
1769784892.6583006,1404.5077105575326,0.005,0.628,0.0,1.0,10.0,0.40450771055753254,0
1769784892.6601195,1404.5077105575326,0.005,0.628,0.0,1.0,10.0,0.40450771055753254,0
1769784892.6617093,1404.5077105575326,0.005,0.628,0.0,1.0,10.0,0.40450771055753254,0
1769784892.6635382,1404.5077105575326,0.005,0.628,0.0,1.0,10.0,0.40450771055753254,0
1769784892.665128,1404.5077105575326,0.005,0.628,0.0,1.0,10.0,0.40450771055753254,0
1769784892.6687915,1404.5077105575326,0.005,0.628,0.0,1.0,10.0,0.40450771055753254,0
1769784892.6739008,1302.8654334421472,0.005,0.502,0.0,1.0,10.0,0.3028654334421472,0
1769784892.6774247,1305.0054015124235,0.005,0.502,0.0,1.0,10.0,0.3050054015124235,0
1769784892.6804733,1307.114765820522,0.005,0.502,0.0,1.0,10.0,0.307114765820522,0
1769784892.6825027,1307.2267710929157,0.005,0.502,0.0,1.0,10.0,0.30722677109291574,0
1769784892.683902,1307.2267710929157,0.005,0.502,0.0,1.0,10.0,0.30722677109291574,0
1769784892.685136,1307.2267710929157,0.005,0.502,0.0,1.0,10.0,0.30722677109291574,0
1769784892.686587,1307.2267710929157,0.005,0.502,0.0,1.0,10.0,0.30722677109291574,0
1769784892.6880145,1307.2267710929157,0.005,0.502,0.0,1.0,10.0,0.30722677109291574,0
1769784892.6893024,1307.2267710929157,0.005,0.502,0.0,1.0,10.0,0.30722677109291574,0
1769784892.6905422,1307.2267710929157,0.005,0.502,0.0,1.0,10.0,0.30722677109291574,0
1769784892.692132,1307.2267710929157,0.005,0.502,0.0,1.0,10.0,0.30722677109291574,0
1769784892.695652,1246.8928451461202,0.005,0.502,0.0,1.0,10.0,0.2468928451461203,0
1769784892.6988068,1249.2492492492493,0.005,0.502,0.0,1.0,10.0,0.2492492492492493,0
1769784892.701925,1251.5744116672192,0.005,0.502,0.0,1.0,10.0,0.25157441166721917,0
1769784892.7064297,1253.8689496213367,0.005,0.502,0.0,1.0,10.0,0.25386894962133666,0
1769784892.710021,1256.1334641805693,0.005,0.502,0.0,1.0,10.0,0.25613346418056926,0
1769784892.7145855,1258.3685407864803,0.005,0.502,0.0,1.0,10.0,0.2583685407864802,0
1769784892.7193453,1260.5747497578302,0.005,0.502,0.0,1.0,10.0,0.2605747497578301,0
1769784892.722915,1262.752646775746,0.005,0.502,0.0,1.0,10.0,0.26275264677574595,0
1769784892.7268233,1264.9027733503347,0.005,0.502,0.0,1.0,10.0,0.26490277335033463,0
1769784892.729889,1267.0256572695596,0.005,0.502,0.0,1.0,10.0,0.2670256572695595,0
1769784892.7333145,1269.1218130311615,0.005,0.502,0.0,1.0,10.0,0.26912181303116167,0
1769784892.7374518,1271.1917422583672,0.005,0.502,0.0,1.0,10.0,0.2711917422583672,0
1769784892.7417219,1273.2359341000931,0.005,0.502,0.0,1.0,10.0,0.27323593410009317,0
1769784892.7449603,1275.2548656163115,0.005,0.502,0.0,1.0,10.0,0.2752548656163114,0
1769784892.7479985,1277.249002149217,0.005,0.502,0.0,1.0,10.0,0.2772490021492169,0
1769784892.7512734,1279.2187976808057,0.005,0.502,0.0,1.0,10.0,0.2792187976808056,0
1769784892.7542536,1281.1646951774342,0.005,0.502,0.0,1.0,10.0,0.28116469517743425,0
1769784892.7577517,1283.0871269219174,0.005,0.502,0.0,1.0,10.0,0.2830871269219175,0
1769784892.7613711,1284.986514833683,0.005,0.502,0.0,1.0,10.0,0.284986514833683,0
1769784892.765804,1286.8632707774798,0.005,0.502,0.0,1.0,10.0,0.28686327077747986,0
1769784892.768781,1288.7177968611195,0.005,0.502,0.0,1.0,10.0,0.2887177968611194,0
1769784892.771838,1290.5504857226965,0.005,0.502,0.0,1.0,10.0,0.2905504857226966,0
1769784892.7747402,1292.361720807726,0.005,0.502,0.0,1.0,10.0,0.29236172080772604,0
1769784892.7780058,1294.1518766366019,0.005,0.502,0.0,1.0,10.0,0.2941518766366018,0
1769784892.7815294,1295.921319062771,0.005,0.502,0.0,1.0,10.0,0.2959213190627712,0
1769784892.7855735,1297.6704055220018,0.005,0.502,0.0,1.0,10.0,0.29767040552200186,0
1769784892.7907996,1299.3994852730912,0.005,0.502,0.0,1.0,10.0,0.29939948527309124,0
1769784892.794494,1301.1088996303667,0.005,0.502,0.0,1.0,10.0,0.3011088996303668,0
1769784892.7982147,1302.7989821882952,0.005,0.502,0.0,1.0,10.0,0.30279898218829526,0
1769784892.8023608,1304.4700590385155,0.005,0.502,0.0,1.0,10.0,0.30447005903851543,0
1769784892.8074849,1306.122448979592,0.005,0.502,0.0,1.0,10.0,0.30612244897959195,0
1769784892.8132408,1307.7564637197665,0.005,0.502,0.0,1.0,10.0,0.3077564637197665,0
1769784892.8186033,1309.3724080729885,0.005,0.502,0.0,1.0,10.0,0.3093724080729885,0
1769784892.821995,1310.970580148474,0.005,0.502,0.0,1.0,10.0,0.3109705801484741,0
1769784892.8251848,1312.5512715340442,0.005,0.502,0.0,1.0,10.0,0.31255127153404416,0
1769784892.828439,1314.1147674734839,0.005,0.502,0.0,1.0,10.0,0.3141147674734839,0
1769784892.83295,1315.6613470381392,0.005,0.502,0.0,1.0,10.0,0.3156613470381393,0
1769784892.8362138,1317.1912832929781,0.005,0.502,0.0,1.0,10.0,0.3171912832929782,0
1769784892.8389988,1318.7048434573187,0.005,0.502,0.0,1.0,10.0,0.31870484345731875,0
1769784892.8417013,1320.2022890604205,0.005,0.502,0.0,1.0,10.0,0.3202022890604206,0
1769784892.8428535,1320.2022890604205,0.005,0.502,0.0,1.0,10.0,0.3202022890604206,0
1769784892.8443472,1320.2022890604205,0.005,0.502,0.0,1.0,10.0,0.3202022890604206,0
1769784892.8456967,1320.2022890604205,0.005,0.502,0.0,1.0,10.0,0.3202022890604206,0
1769784892.8467522,1320.2022890604205,0.005,0.502,0.0,1.0,10.0,0.3202022890604206,0
1769784892.8478346,1320.2022890604205,0.005,0.502,0.0,1.0,10.0,0.3202022890604206,0
1769784892.848972,1320.2022890604205,0.005,0.502,0.0,1.0,10.0,0.3202022890604206,0
1769784892.8499775,1320.2022890604205,0.005,0.502,0.0,1.0,10.0,0.3202022890604206,0
1769784892.850996,1320.2022890604205,0.005,0.502,0.0,1.0,10.0,0.3202022890604206,0
1769784892.8526423,1320.2022890604205,0.005,0.502,0.0,1.0,10.0,0.3202022890604206,0
1769784892.854848,1320.2022890604205,0.005,0.502,0.0,1.0,10.0,0.3202022890604206,0
1769784892.856429,1320.2022890604205,0.005,0.502,0.0,1.0,10.0,0.3202022890604206,0
1769784892.8585052,1320.2022890604205,0.005,0.502,0.0,1.0,10.0,0.3202022890604206,0
1769784892.9609394,2127.659574468085,0.004086813192,0.0,0.0,1.0,10.0,1.218978255268085,0
1769784892.96562,1945.945945945946,0.005,0.0,0.0,1.0,10.0,0.945945945945946,0
1769784892.9688835,1824.5614035087722,0.005,0.0,0.0,1.0,10.0,0.8245614035087723,0
1769784892.9727137,1766.2337662337661,0.005,0.0,0.0,1.0,10.0,0.7662337662337662,0
1769784892.9765751,1731.958762886598,0.005,0.0,0.0,1.0,10.0,0.731958762886598,0
1769784892.9814687,1709.4017094017095,0.005,0.0,0.0,1.0,10.0,0.7094017094017095,0
1769784892.983897,1664.0,0.005,0.0,0.0,1.0,10.0,0.6640000000000001,0
1769784892.9853342,1664.0,0.005,0.0,0.0,1.0,10.0,0.6640000000000001,0
1769784892.987601,1664.0,0.005,0.0,0.0,1.0,10.0,0.6640000000000001,0
1769784892.98893,1664.0,0.005,0.0,0.0,1.0,10.0,0.6640000000000001,0
1769784892.9899354,1664.0,0.005,0.0,0.0,1.0,10.0,0.6640000000000001,0
1769784892.9909706,1664.0,0.005,0.0,0.0,1.0,10.0,0.6640000000000001,0
1769784892.9921107,1664.0,0.005,0.0,0.0,1.0,10.0,0.6640000000000001,0
1769784892.9931986,1664.0,0.005,0.0,0.0,1.0,10.0,0.6640000000000001,0
1769784892.9944744,1664.0,0.005,0.0,0.0,1.0,10.0,0.6640000000000001,0
1769784892.9958231,1664.0,0.005,0.0,0.0,1.0,10.0,0.6640000000000001,0
1769784892.9971278,1664.0,0.005,0.0,0.0,1.0,10.0,0.6640000000000001,0
1769784892.9983795,1664.0,0.005,0.0,0.0,1.0,10.0,0.6640000000000001,0
1769784893.0010896,590.4059040590406,0.004949610322,0.111,0.0,1.0,10.0,-0.4045551281409594,0
1769784893.005326,644.8362720403023,0.005,0.111,0.0,1.0,10.0,-0.35516372795969764,0
1769784893.0083644,690.6474820143885,0.005,0.111,0.0,1.0,10.0,-0.3093525179856115,0
1769784893.0127225,732.2654462242563,0.005,0.111,0.0,1.0,10.0,-0.26773455377574373,0
1769784893.015877,770.2407002188183,0.005,0.111,0.0,1.0,10.0,-0.2297592997811816,0
1769784893.0192738,805.0314465408806,0.005,0.111,0.0,1.0,10.0,-0.19496855345911945,0
1769784893.02267,837.0221327967807,0.005,0.111,0.0,1.0,10.0,-0.16297786720321927,0
1769784893.025992,866.5377176015475,0.005,0.111,0.0,1.0,10.0,-0.13346228239845248,0
1769784893.0309076,893.8547486033519,0.005,0.111,0.0,1.0,10.0,-0.1061452513966481,0
1769784893.0355062,919.2100538599641,0.005,0.111,0.0,1.0,10.0,-0.08078994614003587,0
1769784893.039313,942.8076256499135,0.005,0.111,0.0,1.0,10.0,-0.057192374350086506,0
1769784893.0434365,964.8241206030151,0.005,0.111,0.0,1.0,10.0,-0.035175879396984855,0
1769784893.047001,985.4132901134521,0.005,0.111,0.0,1.0,10.0,-0.014586709886547866,0
1769784893.0499609,1004.7095761381476,0.005,0.111,0.0,1.0,10.0,0.0047095761381474865,0
1769784893.0545979,1022.8310502283105,0.005,0.111,0.0,1.0,10.0,0.022831050228310446,0
1769784893.0589879,1039.8818316100444,0.005,0.111,0.0,1.0,10.0,0.03988183161004444,0
1769784893.0623722,1055.9540889526543,0.005,0.111,0.0,1.0,10.0,0.05595408895265419,0
1769784893.06582,1071.1297071129707,0.005,0.111,0.0,1.0,10.0,0.07112970711297062,0
1769784893.0689933,1085.4816824966078,0.005,0.111,0.0,1.0,10.0,0.08548168249660781,0
1769784893.0728242,1099.0752972258917,0.005,0.111,0.0,1.0,10.0,0.0990752972258917,0
1769784893.0770102,1111.969111969112,0.005,0.111,0.0,1.0,10.0,0.11196911196911197,0
1769784893.0810165,1124.215809284818,0.005,0.111,0.0,1.0,10.0,0.12421580928481801,0
1769784893.0842311,1135.8629130966951,0.005,0.111,0.0,1.0,10.0,0.13586291309669507,0
1769784893.0872262,1146.9534050179213,0.005,0.111,0.0,1.0,10.0,0.1469534050179213,0
1769784893.0912569,1157.5262543757292,0.005,0.111,0.0,1.0,10.0,0.1575262543757292,0
1769784893.0945616,1167.6168757126568,0.005,0.111,0.0,1.0,10.0,0.16761687571265682,0
1769784893.097912,1177.2575250836119,0.005,0.111,0.0,1.0,10.0,0.17725752508361192,0
1769784893.101947,1186.4776444929116,0.005,0.111,0.0,1.0,10.0,0.1864776444929117,0
1769784893.1062057,1195.3041622198507,0.005,0.111,0.0,1.0,10.0,0.1953041622198508,0
1769784893.1094866,1203.7617554858934,0.005,0.111,0.0,1.0,10.0,0.20376175548589348,0
1769784893.113008,1211.873080859775,0.005,0.111,0.0,1.0,10.0,0.21187308085977508,0
1769784893.1161163,1219.6589769307923,0.005,0.111,0.0,1.0,10.0,0.2196589769307924,0
1769784893.1192162,1227.1386430678467,0.005,0.111,0.0,1.0,10.0,0.2271386430678468,0
1769784893.1227133,1234.3297974927677,0.005,0.111,0.0,1.0,10.0,0.23432979749276783,0
1769784893.1265087,1241.2488174077578,0.005,0.111,0.0,1.0,10.0,0.24124881740775783,0
1769784893.1303165,1247.9108635097493,0.005,0.111,0.0,1.0,10.0,0.24791086350974934,0
1769784893.1334567,1254.3299908842296,0.005,0.111,0.0,1.0,10.0,0.2543299908842296,0
1769784893.137283,1260.519247985676,0.005,0.111,0.0,1.0,10.0,0.26051924798567594,0
1769784893.140283,1266.490765171504,0.005,0.111,0.0,1.0,10.0,0.26649076517150405,0
1769784893.1430094,1272.2558340535868,0.005,0.111,0.0,1.0,10.0,0.2722558340535868,0
1769784893.146059,1277.8249787595582,0.005,0.111,0.0,1.0,10.0,0.27782497875955836,0
1769784893.1495857,1283.2080200501252,0.005,0.111,0.0,1.0,10.0,0.28320802005012524,0
1769784893.1568248,1288.4141331142152,0.005,0.111,0.0,1.0,10.0,0.2884141331142154,0
1769784893.1607993,1293.4518997574778,0.005,0.111,0.0,1.0,10.0,0.29345189975747776,0
1769784893.1645176,1298.3293556085919,0.005,0.111,0.0,1.0,10.0,0.298329355608592,0
1769784893.16808,1303.054032889585,0.005,0.111,0.0,1.0,10.0,0.303054032889585,0
1769784893.1719394,1307.63299922899,0.005,0.111,0.0,1.0,10.0,0.3076329992289901,0
1769784893.175946,1312.0728929384966,0.005,0.111,0.0,1.0,10.0,0.3120728929384966,0
1769784893.1804209,1316.3799551234108,0.005,0.111,0.0,1.0,10.0,0.31637995512341077,0
1769784893.1844661,1320.560058953574,0.005,0.111,0.0,1.0,10.0,0.3205600589535742,0
1769784893.1878772,1324.6187363834424,0.005,0.111,0.0,1.0,10.0,0.3246187363834425,0
1769784893.1908534,1328.5612025769508,0.005,0.111,0.0,1.0,10.0,0.3285612025769509,0
1769784893.1954474,1332.3923782639379,0.005,0.111,0.0,1.0,10.0,0.33239237826393797,0
1769784893.1993783,1336.116910229645,0.005,0.111,0.0,1.0,10.0,0.33611691022964507,0
1769784893.2024157,1339.7391901166782,0.005,0.111,0.0,1.0,10.0,0.3397391901166782,0
1769784893.2059245,1346.6738777717685,0.004401677305,0.977,0.0635593220338983,1.0,10.0,-0.22908707306721443,0
1769784893.208817,1352.0374081496327,0.005,0.977,0.0635593220338983,1.0,10.0,-0.28355581218935033,0
1769784893.2116935,1355.3065260382334,0.005,0.977,0.0635593220338983,1.0,10.0,-0.2802866943007495,0
1769784893.2151673,1358.490566037736,0.005,0.977,0.0635593220338983,1.0,10.0,-0.27710265430124703,0
1769784893.218051,1361.5928066795118,0.005,0.977,0.0635593220338983,1.0,10.0,-0.27400041365947125,0
1769784893.2212396,1364.6163601775525,0.005,0.977,0.0635593220338983,1.0,10.0,-0.2709768601614305,0
1769784893.2246723,1367.5641828428304,0.005,0.977,0.0635593220338983,1.0,10.0,-0.2680290374961526,0
1769784893.2290409,1370.4390847247992,0.005,0.977,0.0635593220338983,1.0,10.0,-0.2651541356141839,0
1769784893.2321863,1373.2437385461208,0.005,0.977,0.0635593220338983,1.0,10.0,-0.2623494817928623,0
1769784893.234972,1375.980687990344,0.005,0.977,0.0635593220338983,1.0,10.0,-0.259612532348639,0
1769784893.237966,1378.6523553965415,0.005,0.977,0.0635593220338983,1.0,10.0,-0.2569408649424415,0
1769784893.240902,1381.261048909841,0.005,0.977,0.0635593220338983,1.0,10.0,-0.2543321714291419,0
1769784893.2445056,1383.8089691322075,0.005,0.977,0.0635593220338983,1.0,10.0,-0.2517842512067755,0
1769784893.2478619,1386.2982153137593,0.005,0.977,0.0635593220338983,1.0,10.0,-0.24929500502522373,0
1769784893.2506313,1388.7307911212295,0.005,0.977,0.0635593220338983,1.0,10.0,-0.2468624292177536,0
1769784893.253815,1391.1086100168825,0.005,0.977,0.0635593220338983,1.0,10.0,-0.24448461032210045,0
1769784893.256804,1393.4335002782416,0.005,0.977,0.0635593220338983,1.0,10.0,-0.24215972006074138,0
1769784893.2605395,1395.7072096862962,0.005,0.977,0.0635593220338983,1.0,10.0,-0.2398860106526869,0
1769784893.2641623,1397.9314099074577,0.005,0.977,0.0635593220338983,1.0,10.0,-0.23766181043152523,0
1769784893.2669652,1400.1077005923532,0.005,0.977,0.0635593220338983,1.0,10.0,-0.2354855197466298,0
1769784893.269978,1402.2376132125733,0.005,0.977,0.0635593220338983,1.0,10.0,-0.23335560712640968,0
1769784893.2733645,1404.322614654718,0.005,0.977,0.0635593220338983,1.0,10.0,-0.23127060568426494,0
1769784893.2778418,1406.3641105894628,0.005,0.977,0.0635593220338983,1.0,10.0,-0.22922910974952015,0
1769784893.2823014,1408.363448631905,0.005,0.977,0.0635593220338983,1.0,10.0,-0.22722977170707803,0
1769784893.2860527,1410.3219213081247,0.005,0.977,0.0635593220338983,1.0,10.0,-0.22527129903085819,0
1769784893.2893388,1412.2407688416793,0.005,0.977,0.0635593220338983,1.0,10.0,-0.22335245149730365,0
1769784893.2929983,1414.1211817726592,0.005,0.977,0.0635593220338983,1.0,10.0,-0.22147203856632391,0
1769784893.296372,1415.9643034209223,0.005,0.977,0.0635593220338983,1.0,10.0,-0.21962891691806063,0
1769784893.2996163,1417.7712322042219,0.005,0.977,0.0635593220338983,1.0,10.0,-0.21782198813476106,0
1769784893.3036377,1421.7733320384577,0.004888627217,0.977,0.09230769230769231,1.0,10.0,-0.49016631273846534,0
1769784893.3072195,1425.132402503611,0.005,0.977,0.09230769230769231,1.0,10.0,-0.49794452057331196,0
1769784893.3098242,1425.7047300525562,0.005,0.977,0.09230769230769231,1.0,10.0,-0.49737219302436686,0
1769784893.3109174,1425.7047300525562,0.005,0.977,0.09230769230769231,1.0,10.0,-0.49737219302436686,0
1769784893.3121383,1425.7047300525562,0.005,0.977,0.09230769230769231,1.0,10.0,-0.49737219302436686,0
1769784893.314511,1390.9495548961427,0.004312502661,0.977,0.0,1.0,10.0,0.45969928879614286,0
1769784893.317848,1396.4170877354156,0.005,0.977,0.0,1.0,10.0,0.3964170877354156,0
1769784893.3215003,1398.27036868457,0.005,0.977,0.0,1.0,10.0,0.3982703686845701,0
1769784893.3252923,1400.0902119981959,0.005,0.977,0.0,1.0,10.0,0.40009021199819594,0
1769784893.3287125,1401.8775145283862,0.005,0.977,0.0,1.0,10.0,0.40187751452838616,0
1769784893.3316536,1403.6331413380594,0.005,0.977,0.0,1.0,10.0,0.4036331413380594,0
1769784893.3345008,1405.3579270970577,0.005,0.977,0.0,1.0,10.0,0.40535792709705776,0
1769784893.3383217,1407.0526774053114,0.005,0.977,0.0,1.0,10.0,0.40705267740531137,0
1769784893.341231,1408.7181700474753,0.005,0.977,0.0,1.0,10.0,0.40871817004747535,0
1769784893.344177,1410.3551561831407,0.005,0.977,0.0,1.0,10.0,0.41035515618314067,0
1769784893.3475277,1411.9643614764532,0.005,0.977,0.0,1.0,10.0,0.4119643614764532,0
1769784893.3503363,1413.5464871687,0.005,0.977,0.0,1.0,10.0,0.4135464871687,0
1769784893.3538842,1415.1022110972049,0.005,0.977,0.0,1.0,10.0,0.4151022110972049,0
1769784893.35756,1416.6321886636326,0.005,0.977,0.0,1.0,10.0,0.4166321886636326,0
1769784893.3608956,1418.1370537546163,0.005,0.977,0.0,1.0,10.0,0.4181370537546163,0
1769784893.364822,1419.6174196174195,0.005,0.977,0.0,1.0,10.0,0.4196174196174196,0
1769784893.3687234,1421.0738796931773,0.005,0.977,0.0,1.0,10.0,0.42107387969317744,0
1769784893.3723822,1422.507008410092,0.005,0.977,0.0,1.0,10.0,0.42250700841009214,0
1769784893.3753405,1423.9173619388162,0.005,0.977,0.0,1.0,10.0,0.42391736193881613,0
1769784893.378611,1425.3054789121009,0.005,0.977,0.0,1.0,10.0,0.4253054789121009,0
1769784893.382022,1426.6718811106766,0.005,0.977,0.0,1.0,10.0,0.42667188111067667,0
1769784893.387459,1428.0170741171905,0.005,0.977,0.0,1.0,10.0,0.4280170741171905,0
1769784893.3906426,1429.3415479399307,0.005,0.977,0.0,1.0,10.0,0.42934154793993073,0
1769784893.393735,1430.645777607948,0.005,0.977,0.0,1.0,10.0,0.430645777607948,0
1769784893.3971379,1431.9302237390973,0.005,0.977,0.0,1.0,10.0,0.4319302237390974,0
1769784893.4017444,1433.1953330824238,0.005,0.977,0.0,1.0,10.0,0.43319533308242386,0
1769784893.4066076,1434.4415390362346,0.005,0.977,0.0,1.0,10.0,0.4344415390362346,0
1769784893.4104564,1435.669262143122,0.005,0.977,0.0,1.0,10.0,0.4356692621431222,0
1769784893.4138577,1436.8789105631213,0.005,0.977,0.0,1.0,10.0,0.4368789105631212,0
1769784893.4174159,1438.0708805261233,0.005,0.977,0.0,1.0,10.0,0.4380708805261233,0
1769784893.421011,1439.245556764599,0.005,0.977,0.0,1.0,10.0,0.4392455567645992,0
1769784893.4246345,1440.4033129276197,0.005,0.977,0.0,1.0,10.0,0.4404033129276197,0
1769784893.427837,1441.5445119771184,0.005,0.977,0.0,1.0,10.0,0.4415445119771184,0
1769784893.4318728,1442.6695065672702,0.005,0.977,0.0,1.0,10.0,0.44266950656727033,0
1769784893.434844,1443.778639407825,0.005,0.977,0.0,1.0,10.0,0.44377863940782514,0
1769784893.4394176,1444.8722436121807,0.005,0.977,0.0,1.0,10.0,0.4448722436121808,0
1769784893.442449,1445.950643030935,0.005,0.977,0.0,1.0,10.0,0.445950643030935,0
1769784893.4463158,1447.0141525716258,0.005,0.977,0.0,1.0,10.0,0.4470141525716258,0
1769784893.4497359,1448.0630785053138,0.005,0.977,0.0,1.0,10.0,0.4480630785053139,0
1769784893.4533503,1449.09771876064,0.005,0.977,0.0,1.0,10.0,0.44909771876064,0
1769784893.4567938,1450.118363205952,0.005,0.977,0.0,1.0,10.0,0.450118363205952,0
1769784893.4599378,1451.1252939200538,0.005,0.977,0.0,1.0,10.0,0.45112529392005385,0
1769784893.4656594,1452.1187854521188,0.005,0.977,0.0,1.0,10.0,0.4521187854521189,0
1769784893.4696481,1453.099105071263,0.005,0.977,0.0,1.0,10.0,0.45309910507126294,0
1769784893.4733877,1454.0665130062562,0.005,0.977,0.0,1.0,10.0,0.4540665130062562,0
1769784893.4778793,1455.021262675826,0.005,0.977,0.0,1.0,10.0,0.4550212626758259,0
1769784893.4817975,1455.9636009099772,0.005,0.977,0.0,1.0,10.0,0.45596360090997723,0
1769784893.4854367,1456.8937681627383,0.005,0.977,0.0,1.0,10.0,0.4568937681627383,0
1769784893.4894736,1457.811998716715,0.005,0.977,0.0,1.0,10.0,0.45781199871671485,0
1769784893.493739,1458.7185208798214,0.005,0.977,0.0,1.0,10.0,0.45871852087982146,0
1769784893.4973536,1459.6135571745328,0.005,0.977,0.0,1.0,10.0,0.4596135571745328,0
1769784893.5007317,1460.4973245199874,0.005,0.977,0.0,1.0,10.0,0.4604973245199875,0
1769784893.5041244,1461.3700344072568,0.005,0.977,0.0,1.0,10.0,0.4613700344072569,0
1769784893.507547,1462.2318930680758,0.005,0.977,0.0,1.0,10.0,0.46223189306807577,0
1769784893.5107749,1463.0831016373186,0.005,0.977,0.0,1.0,10.0,0.4630831016373187,0
1769784893.5142164,1463.9238563094873,0.005,0.977,0.0,1.0,10.0,0.4639238563094874,0
1769784893.5182264,1464.7543484894722,0.005,0.977,0.0,1.0,10.0,0.4647543484894723,0
1769784893.5215259,1465.5747649378222,0.005,0.977,0.0,1.0,10.0,0.46557476493782235,0
1769784893.525717,1466.3852879107626,0.005,0.977,0.0,1.0,10.0,0.4663852879107626,0
1769784893.5303788,1467.1860952951754,0.005,0.977,0.0,1.0,10.0,0.4671860952951754,0
1769784893.534468,1467.977360738755,0.005,0.977,0.0,1.0,10.0,0.46797736073875495,0
1769784893.5379949,1468.7592537755406,0.005,0.977,0.0,1.0,10.0,0.46875925377554073,0
1769784893.541093,1469.531939947012,0.005,0.977,0.0,1.0,10.0,0.46953193994701214,0
1769784893.5442412,1470.2955809189348,0.005,0.977,0.0,1.0,10.0,0.47029558091893486,0
1769784893.5474713,1471.050334594123,0.005,0.977,0.0,1.0,10.0,0.4710503345941228,0
1769784893.5503774,1471.79635522129,0.005,0.977,0.0,1.0,10.0,0.47179635522129004,0
1769784893.553445,1472.533793500144,0.005,0.977,0.0,1.0,10.0,0.4725337935001439,0
1769784893.5585265,1473.262796682871,0.005,0.977,0.0,1.0,10.0,0.4732627966828711,0
1769784893.5655184,1473.9835086721637,0.005,0.977,0.0,1.0,10.0,0.47398350867216377,0
1769784893.571768,1474.6960701159176,0.005,0.977,0.0,1.0,10.0,0.4746960701159175,0
1769784893.5756662,1475.400618498735,0.005,0.977,0.0,1.0,10.0,0.47540061849873494,0
1769784893.5801785,1476.0972882303608,0.005,0.977,0.0,1.0,10.0,0.4760972882303609,0
1769784893.5834692,1476.7862107311648,0.005,0.977,0.0,1.0,10.0,0.4767862107311649,0
1769784893.5876746,1477.4675145147912,0.005,0.977,0.0,1.0,10.0,0.4774675145147913,0
1769784893.5911498,1478.1413252680782,0.005,0.977,0.0,1.0,10.0,0.4781413252680782,0
1769784893.5943828,1478.8077659283565,0.005,0.977,0.0,1.0,10.0,0.4788077659283565,0
1769784893.5980065,1479.466956758227,0.005,0.977,0.0,1.0,10.0,0.47946695675822704,0
1769784893.6011884,1480.1190154179064,0.005,0.977,0.0,1.0,10.0,0.48011901541790647,0
1769784893.6056676,1480.7640570352435,0.005,0.977,0.0,1.0,10.0,0.4807640570352436,0
1769784893.61015,1481.4021942734814,0.005,0.977,0.0,1.0,10.0,0.4814021942734814,0
1769784893.6142497,1482.0335373968592,0.005,0.977,0.0,1.0,10.0,0.48203353739685917,0
1769784893.617613,1482.6581943341278,0.005,0.977,0.0,1.0,10.0,0.4826581943341277,0
1769784893.6212628,1483.276270740058,0.005,0.977,0.0,1.0,10.0,0.48327627074005797,0
1769784893.6246545,1483.887870055017,0.005,0.977,0.0,1.0,10.0,0.4838878700550169,0
1769784893.627554,1484.4930935626792,0.005,0.977,0.0,1.0,10.0,0.4844930935626792,0
1769784893.6308537,1485.0920404459425,0.005,0.977,0.0,1.0,10.0,0.48509204044594245,0
1769784893.6342742,1485.6848078411144,0.005,0.977,0.0,1.0,10.0,0.48568480784111445,0
1769784893.6382332,1486.2714908904286,0.005,0.977,0.0,1.0,10.0,0.48627149089042865,0
1769784893.6415076,1486.8521827929537,0.005,0.977,0.0,1.0,10.0,0.4868521827929537,0
1769784893.6451795,1487.4269748539498,0.005,0.977,0.0,1.0,10.0,0.4874269748539499,0
1769784893.6495872,1487.9959565327267,0.005,0.977,0.0,1.0,10.0,0.48799595653272676,0
1769784893.6544666,1489.971346704871,0.004132342933,1.753,0.11246943765281174,1.0,10.0,-0.5479573231232464,0
1769784893.6586115,1491.1183387540657,0.005,1.753,0.11246943765281174,1.0,10.0,-0.6335760377740518,0
1769786054.3949018,0.0,0.0,0.0,0.0,1.0,0.0,0.0,0
1769786054.4001052,2078.3459636531397,0.004769630515,0.0,0.0,1.0,10.0,1.1013829121531398,0
1769786054.4025164,2000.0,0.005,0.0,0.0,1.0,10.0,1.0,0
1769786054.404938,1857.1428571428573,0.005,0.0,0.0,1.0,10.0,0.8571428571428574,0
1769786054.4072247,1789.4736842105262,0.005,0.0,0.0,1.0,10.0,0.7894736842105263,0
1769786054.4097009,1750.0,0.005,0.0,0.0,1.0,10.0,0.75,0
1769786054.4124267,1724.1379310344828,0.005,0.0,0.0,1.0,10.0,0.7241379310344829,0
1769786054.414616,1705.8823529411766,0.005,0.0,0.0,1.0,10.0,0.7058823529411766,0
1769786054.4168696,1692.3076923076922,0.005,0.0,0.0,1.0,10.0,0.6923076923076923,0
1769786054.4191604,1681.8181818181818,0.005,0.0,0.0,1.0,10.0,0.6818181818181819,0
1769786054.4214768,1673.4693877551022,0.005,0.0,0.0,1.0,10.0,0.6734693877551021,0
1769786054.4235938,1666.6666666666665,0.005,0.0,0.0,1.0,10.0,0.6666666666666665,0
1769786054.426398,1661.0169491525426,0.005,0.0,0.0,1.0,10.0,0.6610169491525426,0
1769786054.428854,1656.25,0.005,0.0,0.0,1.0,10.0,0.65625,0
1769786054.4311707,1652.1739130434785,0.005,0.0,0.0,1.0,10.0,0.6521739130434785,0
1769786054.4335184,1648.6486486486488,0.005,0.0,0.0,1.0,10.0,0.6486486486486487,0
1769786054.4362957,1645.5696202531644,0.005,0.0,0.0,1.0,10.0,0.6455696202531644,0
1769786054.4384885,1642.857142857143,0.005,0.0,0.0,1.0,10.0,0.642857142857143,0
1769786054.4410477,1640.4494382022472,0.005,0.0,0.0,1.0,10.0,0.6404494382022472,0
1769786054.4436257,1638.2978723404256,0.005,0.0,0.0,1.0,10.0,0.6382978723404256,0
1769786054.4458187,1636.3636363636365,0.005,0.0,0.0,1.0,10.0,0.6363636363636365,0
1769786054.4478602,1634.6153846153845,0.005,0.0,0.0,1.0,10.0,0.6346153846153846,0
1769786054.4501321,1633.0275229357796,0.005,0.0,0.0,1.0,10.0,0.6330275229357796,0
1769786054.4523227,1631.5789473684213,0.005,0.0,0.0,1.0,10.0,0.6315789473684212,0
1769786054.4546442,1630.2521008403362,0.005,0.0,0.0,1.0,10.0,0.6302521008403363,0
1769786054.457414,1629.032258064516,0.005,0.0,0.0,1.0,10.0,0.6290322580645162,0
1769786054.460107,1627.906976744186,0.005,0.0,0.0,1.0,10.0,0.627906976744186,0
1769786054.4624653,1626.8656716417909,0.005,0.0,0.0,1.0,10.0,0.6268656716417909,0
1769786054.4645717,1625.8992805755397,0.005,0.0,0.0,1.0,10.0,0.6258992805755397,0
1769786054.4666939,1625.0,0.005,0.0,0.0,1.0,10.0,0.625,0
1769786054.4689476,1624.1610738255033,0.005,0.0,0.0,1.0,10.0,0.6241610738255032,0
1769786054.4714067,1623.3766233766232,0.005,0.0,0.0,1.0,10.0,0.6233766233766234,0
1769786054.4740312,1622.6415094339625,0.005,0.0,0.0,1.0,10.0,0.6226415094339626,0
1769786054.4762764,1621.9512195121952,0.005,0.0,0.0,1.0,10.0,0.6219512195121952,0
1769786054.4783933,1621.301775147929,0.005,0.0,0.0,1.0,10.0,0.6213017751479291,0
1769786054.4804432,1620.6896551724137,0.005,0.0,0.0,1.0,10.0,0.6206896551724137,0
1769786054.4827313,1620.1117318435754,0.005,0.0,0.0,1.0,10.0,0.6201117318435754,0
1769786054.485006,1619.5652173913045,0.005,0.0,0.0,1.0,10.0,0.6195652173913044,0
1769786054.4872396,1619.047619047619,0.005,0.0,0.0,1.0,10.0,0.6190476190476191,0
1769786054.4897377,1618.5567010309278,0.005,0.0,0.0,1.0,10.0,0.6185567010309279,0
1769786054.4919298,1618.0904522613066,0.005,0.0,0.0,1.0,10.0,0.6180904522613067,0
1769786054.4940345,1617.6470588235293,0.005,0.0,0.0,1.0,10.0,0.6176470588235292,0
1769786054.4961176,1617.2248803827752,0.005,0.0,0.0,1.0,10.0,0.6172248803827751,0
1769786054.4987085,1616.8224299065419,0.005,0.0,0.0,1.0,10.0,0.6168224299065419,0
1769786054.5014458,1616.4383561643835,0.005,0.0,0.0,1.0,10.0,0.6164383561643836,0
1769786054.5038297,1616.0714285714287,0.005,0.0,0.0,1.0,10.0,0.6160714285714286,0
1769786054.5062795,1615.7205240174671,0.005,0.0,0.0,1.0,10.0,0.6157205240174672,0
1769786054.508301,1615.3846153846155,0.005,0.0,0.0,1.0,10.0,0.6153846153846154,0
1769786054.5105114,1615.062761506276,0.005,0.0,0.0,1.0,10.0,0.615062761506276,0
1769786054.5131078,1614.7540983606557,0.005,0.0,0.0,1.0,10.0,0.6147540983606556,0
1769786054.5164907,1614.4578313253014,0.005,0.0,0.0,1.0,10.0,0.6144578313253015,0
1769786054.5186937,1614.1732283464567,0.005,0.0,0.0,1.0,10.0,0.6141732283464567,0
1769786054.520694,1613.899613899614,0.005,0.0,0.0,1.0,10.0,0.613899613899614,0
1769786054.522967,1613.6363636363635,0.005,0.0,0.0,1.0,10.0,0.6136363636363635,0
1769786054.525382,1613.3828996282527,0.005,0.0,0.0,1.0,10.0,0.6133828996282529,0
1769786054.5277297,1613.138686131387,0.005,0.0,0.0,1.0,10.0,0.613138686131387,0
1769786054.5299783,1612.9032258064517,0.005,0.0,0.0,1.0,10.0,0.6129032258064517,0
1769786054.5321262,1612.6760563380283,0.005,0.0,0.0,1.0,10.0,0.6126760563380282,0
1769786054.5341353,1612.4567474048442,0.005,0.0,0.0,1.0,10.0,0.6124567474048443,0
1769786054.5364072,1612.2448979591836,0.005,0.0,0.0,1.0,10.0,0.6122448979591837,0
1769786054.5384536,1612.0401337792644,0.005,0.0,0.0,1.0,10.0,0.6120401337792645,0
1769786054.5406048,1611.842105263158,0.005,0.0,0.0,1.0,10.0,0.611842105263158,0
1769786054.5429916,1611.6504854368932,0.005,0.0,0.0,1.0,10.0,0.6116504854368932,0
1769786054.545653,1611.4649681528663,0.005,0.0,0.0,1.0,10.0,0.6114649681528663,0
1769786054.5480752,1611.2852664576803,0.005,0.0,0.0,1.0,10.0,0.6112852664576804,0
1769786054.5499954,1611.1111111111113,0.005,0.0,0.0,1.0,10.0,0.6111111111111114,0
1769786054.5521116,1610.9422492401216,0.005,0.0,0.0,1.0,10.0,0.6109422492401215,0
1769786054.554301,1610.7784431137725,0.005,0.0,0.0,1.0,10.0,0.6107784431137726,0
1769786054.556495,1610.6194690265486,0.005,0.0,0.0,1.0,10.0,0.6106194690265485,0
1769786054.5585725,1610.46511627907,0.005,0.0,0.0,1.0,10.0,0.61046511627907,0
1769786054.5607483,1610.3151862464185,0.005,0.0,0.0,1.0,10.0,0.6103151862464187,0
1769786054.5628922,1610.1694915254236,0.005,0.0,0.0,1.0,10.0,0.6101694915254237,0
1769786054.5652125,1610.0278551532035,0.005,0.0,0.0,1.0,10.0,0.6100278551532035,0
1769786054.5676167,1609.89010989011,0.005,0.0,0.0,1.0,10.0,0.6098901098901099,0
1769786054.569784,1609.7560975609756,0.005,0.0,0.0,1.0,10.0,0.6097560975609757,0
1769786054.5722952,1609.625668449198,0.005,0.0,0.0,1.0,10.0,0.6096256684491981,0
1769786054.5747144,1609.4986807387863,0.005,0.0,0.0,1.0,10.0,0.6094986807387863,0
1769786054.5771317,1609.375,0.005,0.0,0.0,1.0,10.0,0.609375,0
1769786054.579805,1609.254498714653,0.005,0.0,0.0,1.0,10.0,0.6092544987146531,0
1769786054.582168,1609.1370558375634,0.005,0.0,0.0,1.0,10.0,0.6091370558375635,0
1769786054.5840511,1609.0225563909776,0.005,0.0,0.0,1.0,10.0,0.6090225563909777,0
1769786054.586493,1608.9108910891089,0.005,0.0,0.0,1.0,10.0,0.608910891089109,0
1769786054.588693,1608.80195599022,0.005,0.0,0.0,1.0,10.0,0.60880195599022,0
1769786054.5907667,1608.6956521739132,0.005,0.0,0.0,1.0,10.0,0.6086956521739133,0
1769786054.5931408,1608.5918854415277,0.005,0.0,0.0,1.0,10.0,0.6085918854415278,0
1769786054.595506,1608.4905660377358,0.005,0.0,0.0,1.0,10.0,0.6084905660377358,0
1769786054.59763,1608.3916083916083,0.005,0.0,0.0,1.0,10.0,0.6083916083916083,0
1769786054.5997412,1608.294930875576,0.005,0.0,0.0,1.0,10.0,0.6082949308755761,0
1769786054.6020932,1608.2004555808658,0.005,0.0,0.0,1.0,10.0,0.6082004555808658,0
1769786054.604514,1608.1081081081084,0.005,0.0,0.0,1.0,10.0,0.6081081081081083,0
1769786054.6068373,1608.0178173719376,0.005,0.0,0.0,1.0,10.0,0.6080178173719375,0
1769786054.6089592,1607.9295154185022,0.005,0.0,0.0,1.0,10.0,0.6079295154185023,0
1769786054.6116312,1607.843137254902,0.005,0.0,0.0,1.0,10.0,0.6078431372549022,0
1769786054.6139562,1607.7586206896553,0.005,0.0,0.0,1.0,10.0,0.6077586206896555,0
1769786054.6160886,1607.675906183369,0.005,0.0,0.0,1.0,10.0,0.6076759061833692,0
1769786054.618239,1607.5949367088606,0.005,0.0,0.0,1.0,10.0,0.6075949367088607,0
1769786054.62087,1607.5156576200418,0.005,0.0,0.0,1.0,10.0,0.6075156576200418,0
1769786054.6230943,1607.4380165289256,0.005,0.0,0.0,1.0,10.0,0.6074380165289257,0
1769786054.625387,1607.361963190184,0.005,0.0,0.0,1.0,10.0,0.6073619631901841,0
1769786054.627653,1607.2874493927127,0.005,0.0,0.0,1.0,10.0,0.6072874493927127,0
1769786054.629929,1607.2144288577153,0.005,0.0,0.0,1.0,10.0,0.6072144288577155,0
1769786054.6321602,1607.142857142857,0.005,0.0,0.0,1.0,10.0,0.6071428571428572,0
1769786054.6345284,1607.072691552063,0.005,0.0,0.0,1.0,10.0,0.607072691552063,0
1769786054.6368732,1607.0038910505837,0.005,0.0,0.0,1.0,10.0,0.6070038910505837,0
1769786054.6387796,1606.9364161849712,0.005,0.0,0.0,1.0,10.0,0.6069364161849713,0
1769786054.6408446,1606.8702290076335,0.005,0.0,0.0,1.0,10.0,0.6068702290076335,0
1769786054.6429746,1606.805293005671,0.005,0.0,0.0,1.0,10.0,0.6068052930056711,0
1769786054.6452103,1606.741573033708,0.005,0.0,0.0,1.0,10.0,0.606741573033708,0
1769786054.6475654,1606.6790352504638,0.005,0.0,0.0,1.0,10.0,0.6066790352504638,0
1769786054.6498573,1606.6176470588236,0.005,0.0,0.0,1.0,10.0,0.6066176470588236,0
1769786054.6519642,1606.5573770491803,0.005,0.0,0.0,1.0,10.0,0.6065573770491803,0
1769786054.6540587,1606.4981949458484,0.005,0.0,0.0,1.0,10.0,0.6064981949458483,0
1769786054.6561313,1606.4400715563506,0.005,0.0,0.0,1.0,10.0,0.6064400715563507,0
1769786054.658362,1606.3829787234044,0.005,0.0,0.0,1.0,10.0,0.6063829787234045,0
1769786054.6605961,1606.3268892794376,0.005,0.0,0.0,1.0,10.0,0.6063268892794376,0
1769786054.6626978,1606.2717770034842,0.005,0.0,0.0,1.0,10.0,0.6062717770034842,0
1769786054.6647842,1606.217616580311,0.005,0.0,0.0,1.0,10.0,0.606217616580311,0
1769786054.6669354,1606.164383561644,0.005,0.0,0.0,1.0,10.0,0.6061643835616439,0
1769786054.6691532,1606.1120543293719,0.005,0.0,0.0,1.0,10.0,0.6061120543293719,0
1769786054.6711228,1606.0606060606062,0.005,0.0,0.0,1.0,10.0,0.6060606060606062,0
1769786054.6734254,1606.0100166944908,0.005,0.0,0.0,1.0,10.0,0.6060100166944908,0
1769786054.6758032,1605.9602649006622,0.005,0.0,0.0,1.0,10.0,0.6059602649006621,0
1769786054.678109,1605.911330049261,0.005,0.0,0.0,1.0,10.0,0.6059113300492611,0
1769786054.6802955,1605.8631921824106,0.005,0.0,0.0,1.0,10.0,0.6058631921824107,0
1769786054.6824265,1605.815831987076,0.005,0.0,0.0,1.0,10.0,0.6058158319870761,0
1769786054.6843553,1605.7692307692307,0.005,0.0,0.0,1.0,10.0,0.6057692307692308,0
1769786054.6863399,1605.7233704292528,0.005,0.0,0.0,1.0,10.0,0.6057233704292528,0
1769786054.6890347,1605.678233438486,0.005,0.0,0.0,1.0,10.0,0.605678233438486,0
1769786054.6925414,1605.6338028169014,0.005,0.0,0.0,1.0,10.0,0.6056338028169015,0
1769786054.6952932,1605.5900621118014,0.005,0.0,0.0,1.0,10.0,0.6055900621118016,0
1769786054.6979172,1605.546995377504,0.005,0.0,0.0,1.0,10.0,0.6055469953775039,0
1769786054.7000291,1605.5045871559632,0.005,0.0,0.0,1.0,10.0,0.6055045871559632,0
1769786054.7020323,1605.4628224582702,0.005,0.0,0.0,1.0,10.0,0.6054628224582703,0
1769786054.7042356,1605.421686746988,0.005,0.0,0.0,1.0,10.0,0.6054216867469879,0
1769786054.7065434,1605.3811659192827,0.005,0.0,0.0,1.0,10.0,0.6053811659192827,0
1769786054.7087002,1605.341246290801,0.005,0.0,0.0,1.0,10.0,0.6053412462908012,0
1769786054.7108166,1605.301914580265,0.005,0.0,0.0,1.0,10.0,0.6053019145802649,0
1769786054.713252,1605.2631578947369,0.005,0.0,0.0,1.0,10.0,0.605263157894737,0
1769786054.7154374,1605.2249637155298,0.005,0.0,0.0,1.0,10.0,0.6052249637155298,0
1769786054.7177482,1605.1873198847263,0.005,0.0,0.0,1.0,10.0,0.6051873198847264,0
1769786054.719927,1605.1502145922746,0.005,0.0,0.0,1.0,10.0,0.6051502145922747,0
1769786054.7220814,1605.1136363636363,0.005,0.0,0.0,1.0,10.0,0.6051136363636362,0
1769786054.7243001,1605.0775740479548,0.005,0.0,0.0,1.0,10.0,0.6050775740479548,0
1769786054.726333,1605.0420168067228,0.005,0.0,0.0,1.0,10.0,0.6050420168067228,0
1769786054.72855,1605.0069541029209,0.005,0.0,0.0,1.0,10.0,0.6050069541029208,0
1769786054.7307374,1604.9723756906076,0.005,0.0,0.0,1.0,10.0,0.6049723756906076,0
1769786054.7328894,1604.9382716049383,0.005,0.0,0.0,1.0,10.0,0.6049382716049383,0
1769786054.7349741,1604.9046321525886,0.005,0.0,0.0,1.0,10.0,0.6049046321525886,0
1769786054.7371972,1604.8714479025712,0.005,0.0,0.0,1.0,10.0,0.6048714479025712,0
1769786054.7395642,1604.8387096774195,0.005,0.0,0.0,1.0,10.0,0.6048387096774195,0
1769786054.741752,1604.8064085447263,0.005,0.0,0.0,1.0,10.0,0.6048064085447264,0
1769786054.743832,1604.7745358090185,0.005,0.0,0.0,1.0,10.0,0.6047745358090186,0
1769786054.7461123,1604.7430830039525,0.005,0.0,0.0,1.0,10.0,0.6047430830039526,0
1769786054.7483299,1604.712041884817,0.005,0.0,0.0,1.0,10.0,0.6047120418848169,0
1769786054.7503562,1604.6814044213265,0.005,0.0,0.0,1.0,10.0,0.6046814044213267,0
1769786054.752396,1604.6511627906975,0.005,0.0,0.0,1.0,10.0,0.6046511627906976,0
1769786054.7543483,1604.6213093709885,0.005,0.0,0.0,1.0,10.0,0.6046213093709885,0
1769786054.756311,1604.591836734694,0.005,0.0,0.0,1.0,10.0,0.6045918367346941,0
1769786054.7585263,1604.5627376425857,0.005,0.0,0.0,1.0,10.0,0.6045627376425857,0
1769786054.760942,1604.5340050377836,0.005,0.0,0.0,1.0,10.0,0.6045340050377837,0
1769786054.7637334,1604.50563204005,0.005,0.0,0.0,1.0,10.0,0.6045056320400499,0
1769786054.7659895,1604.4776119402986,0.005,0.0,0.0,1.0,10.0,0.6044776119402986,0
1769786054.768124,1604.4499381953028,0.005,0.0,0.0,1.0,10.0,0.6044499381953028,0
1769786054.7703857,1604.4226044226043,0.005,0.0,0.0,1.0,10.0,0.6044226044226044,0
1769786054.7724357,1604.3956043956046,0.005,0.0,0.0,1.0,10.0,0.6043956043956047,0
1769786054.7745392,1604.3689320388348,0.005,0.0,0.0,1.0,10.0,0.6043689320388348,0
1769786054.7768438,1604.342581423402,0.005,0.0,0.0,1.0,10.0,0.604342581423402,0
1769786054.7792692,1604.31654676259,0.005,0.0,0.0,1.0,10.0,0.60431654676259,0
1769786054.781467,1604.290822407628,0.005,0.0,0.0,1.0,10.0,0.604290822407628,0
1769786054.7835243,1604.265402843602,0.005,0.0,0.0,1.0,10.0,0.6042654028436021,0
1769786054.785616,1604.2402826855123,0.005,0.0,0.0,1.0,10.0,0.6042402826855122,0
1769786054.7876856,1604.2154566744732,0.005,0.0,0.0,1.0,10.0,0.6042154566744733,0
1769786054.7898939,1604.1909196740396,0.005,0.0,0.0,1.0,10.0,0.6041909196740396,0
1769786054.7926464,1604.1666666666665,0.005,0.0,0.0,1.0,10.0,0.6041666666666665,0
1769786054.7955518,1604.1426927502878,0.005,0.0,0.0,1.0,10.0,0.6041426927502878,0
1769786054.7980576,1604.1189931350114,0.005,0.0,0.0,1.0,10.0,0.6041189931350115,0
1769786054.800504,1604.095563139932,0.005,0.0,0.0,1.0,10.0,0.6040955631399321,0
1769786054.802794,1604.0723981900453,0.005,0.0,0.0,1.0,10.0,0.6040723981900453,0
1769786054.804995,1604.0494938132733,0.005,0.0,0.0,1.0,10.0,0.6040494938132734,0
1769786054.8076596,1604.026845637584,0.005,0.0,0.0,1.0,10.0,0.6040268456375841,0
1769786054.8102748,1604.0044493882092,0.005,0.0,0.0,1.0,10.0,0.6040044493882093,0
1769786054.8129618,1603.982300884956,0.005,0.0,0.0,1.0,10.0,0.6039823008849561,0
1769786054.8153422,1603.960396039604,0.005,0.0,0.0,1.0,10.0,0.6039603960396038,0
1769786054.8176208,1603.9387308533917,0.005,0.0,0.0,1.0,10.0,0.6039387308533917,0
1769786054.8200033,1603.917301414581,0.005,0.0,0.0,1.0,10.0,0.6039173014145811,0
1769786054.8226259,1603.8961038961038,0.005,0.0,0.0,1.0,10.0,0.6038961038961039,0
1769786054.825187,1603.8751345532833,0.005,0.0,0.0,1.0,10.0,0.6038751345532833,0
1769786054.8272374,1603.8543897216275,0.005,0.0,0.0,1.0,10.0,0.6038543897216275,0
1769786054.8291728,1603.8338658146963,0.005,0.0,0.0,1.0,10.0,0.6038338658146964,0
1769786054.8310318,1603.813559322034,0.005,0.0,0.0,1.0,10.0,0.6038135593220342,0
1769786054.833285,1603.7934668071655,0.005,0.0,0.0,1.0,10.0,0.6037934668071656,0
1769786054.8358233,1603.7735849056605,0.005,0.0,0.0,1.0,10.0,0.6037735849056605,0
1769786054.8387828,1603.7539103232534,0.005,0.0,0.0,1.0,10.0,0.6037539103232534,0
1769786054.8411958,1603.734439834025,0.005,0.0,0.0,1.0,10.0,0.603734439834025,0
1769786054.8433135,1603.7151702786377,0.005,0.0,0.0,1.0,10.0,0.6037151702786379,0
1769786054.8453763,1603.6960985626283,0.005,0.0,0.0,1.0,10.0,0.6036960985626283,0
1769786054.8474252,1603.67722165475,0.005,0.0,0.0,1.0,10.0,0.6036772216547499,0
1769786054.8496857,1603.658536585366,0.005,0.0,0.0,1.0,10.0,0.603658536585366,0
1769786054.8519053,1603.6400404448937,0.005,0.0,0.0,1.0,10.0,0.6036400404448936,0
1769786054.8542173,1603.621730382294,0.005,0.0,0.0,1.0,10.0,0.6036217303822939,0
1769786054.8564813,1603.6036036036035,0.005,0.0,0.0,1.0,10.0,0.6036036036036034,0
1769786054.9220378,0.0,0.0,0.0,0.0,1.0,0.0,0.0,0
1769786054.9263446,2184.847803821957,0.0044604430339999996,0.0,0.0,1.0,10.0,1.238803500421957,0
1769786054.929524,2000.0,0.005,0.0,0.0,1.0,10.0,1.0,0
1769786054.933085,1857.1428571428573,0.005,0.0,0.0,1.0,10.0,0.8571428571428574,0
1769786054.9357822,1789.4736842105262,0.005,0.0,0.0,1.0,10.0,0.7894736842105263,0
1769786054.9382927,1750.0,0.005,0.0,0.0,1.0,10.0,0.75,0
1769786054.9406252,1724.1379310344828,0.005,0.0,0.0,1.0,10.0,0.7241379310344829,0
1769786054.94268,1705.8823529411766,0.005,0.0,0.0,1.0,10.0,0.7058823529411766,0
1769786054.9451158,1692.3076923076922,0.005,0.0,0.0,1.0,10.0,0.6923076923076923,0
1769786054.947432,1681.8181818181818,0.005,0.0,0.0,1.0,10.0,0.6818181818181819,0
1769786054.949654,1673.4693877551022,0.005,0.0,0.0,1.0,10.0,0.6734693877551021,0
1769786054.9517407,1666.6666666666665,0.005,0.0,0.0,1.0,10.0,0.6666666666666665,0
1769786054.9540524,1661.0169491525426,0.005,0.0,0.0,1.0,10.0,0.6610169491525426,0
1769786054.9563735,1656.25,0.005,0.0,0.0,1.0,10.0,0.65625,0
1769786054.9586065,1652.1739130434785,0.005,0.0,0.0,1.0,10.0,0.6521739130434785,0
1769786054.9609165,1648.6486486486488,0.005,0.0,0.0,1.0,10.0,0.6486486486486487,0
1769786054.9631488,1645.5696202531644,0.005,0.0,0.0,1.0,10.0,0.6455696202531644,0
1769786054.965327,1642.857142857143,0.005,0.0,0.0,1.0,10.0,0.642857142857143,0
1769786054.9673836,1640.4494382022472,0.005,0.0,0.0,1.0,10.0,0.6404494382022472,0
1769786054.9699981,1638.2978723404256,0.005,0.0,0.0,1.0,10.0,0.6382978723404256,0
1769786054.9722233,1636.3636363636365,0.005,0.0,0.0,1.0,10.0,0.6363636363636365,0
1769786054.974233,1634.6153846153845,0.005,0.0,0.0,1.0,10.0,0.6346153846153846,0
1769786054.9764004,1633.0275229357796,0.005,0.0,0.0,1.0,10.0,0.6330275229357796,0
1769786054.9791362,1631.5789473684213,0.005,0.0,0.0,1.0,10.0,0.6315789473684212,0
1769786054.9813437,1630.2521008403362,0.005,0.0,0.0,1.0,10.0,0.6302521008403363,0
1769786054.9833806,1629.032258064516,0.005,0.0,0.0,1.0,10.0,0.6290322580645162,0
1769786054.9859252,1627.906976744186,0.005,0.0,0.0,1.0,10.0,0.627906976744186,0
1769786054.9879458,1626.8656716417909,0.005,0.0,0.0,1.0,10.0,0.6268656716417909,0
1769786054.990038,1625.8992805755397,0.005,0.0,0.0,1.0,10.0,0.6258992805755397,0
1769786054.9922788,1625.0,0.005,0.0,0.0,1.0,10.0,0.625,0
1769786054.9946127,1624.1610738255033,0.005,0.0,0.0,1.0,10.0,0.6241610738255032,0
1769786054.9972491,1623.3766233766232,0.005,0.0,0.0,1.0,10.0,0.6233766233766234,0
1769786054.9993608,1622.6415094339625,0.005,0.0,0.0,1.0,10.0,0.6226415094339626,0
1769786055.0015497,1621.9512195121952,0.005,0.0,0.0,1.0,10.0,0.6219512195121952,0
1769786055.003645,1621.301775147929,0.005,0.0,0.0,1.0,10.0,0.6213017751479291,0
1769786055.0058386,1620.6896551724137,0.005,0.0,0.0,1.0,10.0,0.6206896551724137,0
1769786055.007941,1620.1117318435754,0.005,0.0,0.0,1.0,10.0,0.6201117318435754,0
1769786055.0102336,1619.5652173913045,0.005,0.0,0.0,1.0,10.0,0.6195652173913044,0
1769786055.012331,1619.047619047619,0.005,0.0,0.0,1.0,10.0,0.6190476190476191,0
1769786055.0146742,1618.5567010309278,0.005,0.0,0.0,1.0,10.0,0.6185567010309279,0
1769786055.0169868,1618.0904522613066,0.005,0.0,0.0,1.0,10.0,0.6180904522613067,0
1769786055.0190115,1617.6470588235293,0.005,0.0,0.0,1.0,10.0,0.6176470588235292,0
1769786055.021312,1617.2248803827752,0.005,0.0,0.0,1.0,10.0,0.6172248803827751,0
1769786055.0234876,1616.8224299065419,0.005,0.0,0.0,1.0,10.0,0.6168224299065419,0
1769786055.02586,1616.4383561643835,0.005,0.0,0.0,1.0,10.0,0.6164383561643836,0
1769786055.028496,1616.0714285714287,0.005,0.0,0.0,1.0,10.0,0.6160714285714286,0
1769786055.0305715,1615.7205240174671,0.005,0.0,0.0,1.0,10.0,0.6157205240174672,0
1769786055.032705,1615.3846153846155,0.005,0.0,0.0,1.0,10.0,0.6153846153846154,0
1769786055.0351386,1615.062761506276,0.005,0.0,0.0,1.0,10.0,0.615062761506276,0
1769786055.0371978,1614.7540983606557,0.005,0.0,0.0,1.0,10.0,0.6147540983606556,0
1769786055.0390685,1614.4578313253014,0.005,0.0,0.0,1.0,10.0,0.6144578313253015,0
1769786055.0413783,1614.1732283464567,0.005,0.0,0.0,1.0,10.0,0.6141732283464567,0
1769786055.0440521,1613.899613899614,0.005,0.0,0.0,1.0,10.0,0.613899613899614,0
1769786055.046438,1613.6363636363635,0.005,0.0,0.0,1.0,10.0,0.6136363636363635,0
1769786055.048657,1613.3828996282527,0.005,0.0,0.0,1.0,10.0,0.6133828996282529,0
1769786055.0509982,1613.138686131387,0.005,0.0,0.0,1.0,10.0,0.613138686131387,0
1769786055.0532796,1612.9032258064517,0.005,0.0,0.0,1.0,10.0,0.6129032258064517,0
1769786055.0554144,1612.6760563380283,0.005,0.0,0.0,1.0,10.0,0.6126760563380282,0
1769786055.0578098,1612.4567474048442,0.005,0.0,0.0,1.0,10.0,0.6124567474048443,0
1769786055.0600467,1612.2448979591836,0.005,0.0,0.0,1.0,10.0,0.6122448979591837,0
1769786055.0621617,1612.0401337792644,0.005,0.0,0.0,1.0,10.0,0.6120401337792645,0
1769786055.0645976,1611.842105263158,0.005,0.0,0.0,1.0,10.0,0.611842105263158,0
1769786055.0667887,1611.6504854368932,0.005,0.0,0.0,1.0,10.0,0.6116504854368932,0
1769786055.0689676,1611.4649681528663,0.005,0.0,0.0,1.0,10.0,0.6114649681528663,0
1769786055.0712712,1611.2852664576803,0.005,0.0,0.0,1.0,10.0,0.6112852664576804,0
1769786055.0738785,1611.1111111111113,0.005,0.0,0.0,1.0,10.0,0.6111111111111114,0
1769786055.0762088,1610.9422492401216,0.005,0.0,0.0,1.0,10.0,0.6109422492401215,0
1769786055.0783386,1610.7784431137725,0.005,0.0,0.0,1.0,10.0,0.6107784431137726,0
1769786055.0806286,1610.6194690265486,0.005,0.0,0.0,1.0,10.0,0.6106194690265485,0
1769786055.0826726,1610.46511627907,0.005,0.0,0.0,1.0,10.0,0.61046511627907,0
1769786055.0847158,1610.3151862464185,0.005,0.0,0.0,1.0,10.0,0.6103151862464187,0
1769786055.086713,1610.1694915254236,0.005,0.0,0.0,1.0,10.0,0.6101694915254237,0
1769786055.089226,1610.0278551532035,0.005,0.0,0.0,1.0,10.0,0.6100278551532035,0
1769786055.0916736,1609.89010989011,0.005,0.0,0.0,1.0,10.0,0.6098901098901099,0
1769786055.094058,1609.7560975609756,0.005,0.0,0.0,1.0,10.0,0.6097560975609757,0
1769786055.096513,1609.625668449198,0.005,0.0,0.0,1.0,10.0,0.6096256684491981,0
1769786055.0987465,1609.4986807387863,0.005,0.0,0.0,1.0,10.0,0.6094986807387863,0
1769786055.1009207,1609.375,0.005,0.0,0.0,1.0,10.0,0.609375,0
1769786055.1029482,1609.254498714653,0.005,0.0,0.0,1.0,10.0,0.6092544987146531,0
1769786055.1051424,1609.1370558375634,0.005,0.0,0.0,1.0,10.0,0.6091370558375635,0
1769786055.1073992,1609.0225563909776,0.005,0.0,0.0,1.0,10.0,0.6090225563909777,0
1769786055.10951,1608.9108910891089,0.005,0.0,0.0,1.0,10.0,0.608910891089109,0
1769786055.1118083,1608.80195599022,0.005,0.0,0.0,1.0,10.0,0.60880195599022,0
1769786055.1143548,1608.6956521739132,0.005,0.0,0.0,1.0,10.0,0.6086956521739133,0
1769786055.1165938,1608.5918854415277,0.005,0.0,0.0,1.0,10.0,0.6085918854415278,0
1769786055.118676,1608.4905660377358,0.005,0.0,0.0,1.0,10.0,0.6084905660377358,0
1769786055.1210406,1608.3916083916083,0.005,0.0,0.0,1.0,10.0,0.6083916083916083,0
1769786055.123315,1608.294930875576,0.005,0.0,0.0,1.0,10.0,0.6082949308755761,0
1769786055.1255527,1608.2004555808658,0.005,0.0,0.0,1.0,10.0,0.6082004555808658,0
1769786055.1277397,1608.1081081081084,0.005,0.0,0.0,1.0,10.0,0.6081081081081083,0
1769786055.1298993,1608.0178173719376,0.005,0.0,0.0,1.0,10.0,0.6080178173719375,0
1769786055.1320558,1607.9295154185022,0.005,0.0,0.0,1.0,10.0,0.6079295154185023,0
1769786055.1340659,1607.843137254902,0.005,0.0,0.0,1.0,10.0,0.6078431372549022,0
1769786055.1363163,1607.7586206896553,0.005,0.0,0.0,1.0,10.0,0.6077586206896555,0
1769786055.1384165,1607.675906183369,0.005,0.0,0.0,1.0,10.0,0.6076759061833692,0
1769786055.140482,1607.5949367088606,0.005,0.0,0.0,1.0,10.0,0.6075949367088607,0
1769786055.1429374,1607.5156576200418,0.005,0.0,0.0,1.0,10.0,0.6075156576200418,0
1769786055.1454823,1607.4380165289256,0.005,0.0,0.0,1.0,10.0,0.6074380165289257,0
1769786055.1478798,1607.361963190184,0.005,0.0,0.0,1.0,10.0,0.6073619631901841,0
1769786055.1503386,1607.2874493927127,0.005,0.0,0.0,1.0,10.0,0.6072874493927127,0
1769786055.1526065,1607.2144288577153,0.005,0.0,0.0,1.0,10.0,0.6072144288577155,0
1769786055.1546803,1607.142857142857,0.005,0.0,0.0,1.0,10.0,0.6071428571428572,0
1769786055.1567526,1607.072691552063,0.005,0.0,0.0,1.0,10.0,0.607072691552063,0
1769786055.1587582,1607.0038910505837,0.005,0.0,0.0,1.0,10.0,0.6070038910505837,0
1769786055.1611016,1606.9364161849712,0.005,0.0,0.0,1.0,10.0,0.6069364161849713,0
1769786055.1636999,1606.8702290076335,0.005,0.0,0.0,1.0,10.0,0.6068702290076335,0
1769786055.1661313,1606.805293005671,0.005,0.0,0.0,1.0,10.0,0.6068052930056711,0
1769786055.1685648,1606.741573033708,0.005,0.0,0.0,1.0,10.0,0.606741573033708,0
1769786055.1710908,1606.6790352504638,0.005,0.0,0.0,1.0,10.0,0.6066790352504638,0
1769786055.1732113,1606.6176470588236,0.005,0.0,0.0,1.0,10.0,0.6066176470588236,0
1769786055.1752563,1606.5573770491803,0.005,0.0,0.0,1.0,10.0,0.6065573770491803,0
1769786055.1776617,1606.4981949458484,0.005,0.0,0.0,1.0,10.0,0.6064981949458483,0
1769786055.1798818,1606.4400715563506,0.005,0.0,0.0,1.0,10.0,0.6064400715563507,0
1769786055.1821234,1606.3829787234044,0.005,0.0,0.0,1.0,10.0,0.6063829787234045,0
1769786055.1843233,1606.3268892794376,0.005,0.0,0.0,1.0,10.0,0.6063268892794376,0
1769786055.1866176,1606.2717770034842,0.005,0.0,0.0,1.0,10.0,0.6062717770034842,0
1769786055.1885965,1606.217616580311,0.005,0.0,0.0,1.0,10.0,0.606217616580311,0
1769786055.19062,1606.164383561644,0.005,0.0,0.0,1.0,10.0,0.6061643835616439,0
1769786055.1935797,1606.1120543293719,0.005,0.0,0.0,1.0,10.0,0.6061120543293719,0
1769786055.1961105,1606.0606060606062,0.005,0.0,0.0,1.0,10.0,0.6060606060606062,0
1769786055.1984918,1606.0100166944908,0.005,0.0,0.0,1.0,10.0,0.6060100166944908,0
1769786055.2009044,1605.9602649006622,0.005,0.0,0.0,1.0,10.0,0.6059602649006621,0
1769786055.203226,1605.911330049261,0.005,0.0,0.0,1.0,10.0,0.6059113300492611,0
1769786055.2053204,1605.8631921824106,0.005,0.0,0.0,1.0,10.0,0.6058631921824107,0
1769786055.208056,1605.815831987076,0.005,0.0,0.0,1.0,10.0,0.6058158319870761,0
1769786055.210943,1605.7692307692307,0.005,0.0,0.0,1.0,10.0,0.6057692307692308,0
1769786055.2137969,1605.7233704292528,0.005,0.0,0.0,1.0,10.0,0.6057233704292528,0
1769786055.21596,1605.678233438486,0.005,0.0,0.0,1.0,10.0,0.605678233438486,0
1769786055.2183788,1605.6338028169014,0.005,0.0,0.0,1.0,10.0,0.6056338028169015,0
1769786055.2205627,1605.5900621118014,0.005,0.0,0.0,1.0,10.0,0.6055900621118016,0
1769786055.2226853,1605.546995377504,0.005,0.0,0.0,1.0,10.0,0.6055469953775039,0
1769786055.2247946,1605.5045871559632,0.005,0.0,0.0,1.0,10.0,0.6055045871559632,0
1769786055.2270007,1605.4628224582702,0.005,0.0,0.0,1.0,10.0,0.6054628224582703,0
1769786055.2295237,1605.421686746988,0.005,0.0,0.0,1.0,10.0,0.6054216867469879,0
1769786055.2320704,1605.3811659192827,0.005,0.0,0.0,1.0,10.0,0.6053811659192827,0
1769786055.234469,1605.341246290801,0.005,0.0,0.0,1.0,10.0,0.6053412462908012,0
1769786055.2370713,1605.301914580265,0.005,0.0,0.0,1.0,10.0,0.6053019145802649,0
1769786055.2394793,1605.2631578947369,0.005,0.0,0.0,1.0,10.0,0.605263157894737,0
1769786055.242219,1605.2249637155298,0.005,0.0,0.0,1.0,10.0,0.6052249637155298,0
1769786055.2446795,1605.1873198847263,0.005,0.0,0.0,1.0,10.0,0.6051873198847264,0
1769786055.2470174,1605.1502145922746,0.005,0.0,0.0,1.0,10.0,0.6051502145922747,0
1769786055.2493937,1605.1136363636363,0.005,0.0,0.0,1.0,10.0,0.6051136363636362,0
1769786055.2519436,1605.0775740479548,0.005,0.0,0.0,1.0,10.0,0.6050775740479548,0
1769786055.255255,1605.0420168067228,0.005,0.0,0.0,1.0,10.0,0.6050420168067228,0
1769786055.257923,1605.0069541029209,0.005,0.0,0.0,1.0,10.0,0.6050069541029208,0
1769786055.2603104,1604.9723756906076,0.005,0.0,0.0,1.0,10.0,0.6049723756906076,0
1769786055.2627347,1604.9382716049383,0.005,0.0,0.0,1.0,10.0,0.6049382716049383,0
1769786055.2657201,1604.9046321525886,0.005,0.0,0.0,1.0,10.0,0.6049046321525886,0
1769786055.2683427,1604.8714479025712,0.005,0.0,0.0,1.0,10.0,0.6048714479025712,0
1769786055.2707067,1604.8387096774195,0.005,0.0,0.0,1.0,10.0,0.6048387096774195,0
1769786055.273375,1604.8064085447263,0.005,0.0,0.0,1.0,10.0,0.6048064085447264,0
1769786055.2757432,1604.7745358090185,0.005,0.0,0.0,1.0,10.0,0.6047745358090186,0
1769786055.2781587,1604.7430830039525,0.005,0.0,0.0,1.0,10.0,0.6047430830039526,0
1769786055.28183,1604.712041884817,0.005,0.0,0.0,1.0,10.0,0.6047120418848169,0
1769786055.2863443,1604.6814044213265,0.005,0.0,0.0,1.0,10.0,0.6046814044213267,0
1769786055.289619,1604.6511627906975,0.005,0.0,0.0,1.0,10.0,0.6046511627906976,0
1769786055.2918754,1604.6213093709885,0.005,0.0,0.0,1.0,10.0,0.6046213093709885,0
1769786055.2942264,1604.591836734694,0.005,0.0,0.0,1.0,10.0,0.6045918367346941,0
1769786055.2970188,1604.5627376425857,0.005,0.0,0.0,1.0,10.0,0.6045627376425857,0
1769786055.299334,1604.5340050377836,0.005,0.0,0.0,1.0,10.0,0.6045340050377837,0
1769786055.3017232,1604.50563204005,0.005,0.0,0.0,1.0,10.0,0.6045056320400499,0
1769786055.3038182,1604.4776119402986,0.005,0.0,0.0,1.0,10.0,0.6044776119402986,0
1769786055.3075435,1604.4499381953028,0.005,0.0,0.0,1.0,10.0,0.6044499381953028,0
1769786055.3099785,1604.4226044226043,0.005,0.0,0.0,1.0,10.0,0.6044226044226044,0
1769786055.3127072,1604.3956043956046,0.005,0.0,0.0,1.0,10.0,0.6043956043956047,0
1769786055.3149061,1604.3689320388348,0.005,0.0,0.0,1.0,10.0,0.6043689320388348,0
1769786055.3171377,1604.342581423402,0.005,0.0,0.0,1.0,10.0,0.604342581423402,0
1769786055.3192213,1604.31654676259,0.005,0.0,0.0,1.0,10.0,0.60431654676259,0
1769786055.3217218,1604.290822407628,0.005,0.0,0.0,1.0,10.0,0.604290822407628,0
1769786055.3242388,1604.265402843602,0.005,0.0,0.0,1.0,10.0,0.6042654028436021,0
1769786055.3269,1604.2402826855123,0.005,0.0,0.0,1.0,10.0,0.6042402826855122,0
1769786055.3293264,1604.2154566744732,0.005,0.0,0.0,1.0,10.0,0.6042154566744733,0
1769786055.331761,1604.1909196740396,0.005,0.0,0.0,1.0,10.0,0.6041909196740396,0
1769786055.3339155,1604.1666666666665,0.005,0.0,0.0,1.0,10.0,0.6041666666666665,0
1769786055.3362422,1604.1426927502878,0.005,0.0,0.0,1.0,10.0,0.6041426927502878,0
1769786055.338541,1604.1189931350114,0.005,0.0,0.0,1.0,10.0,0.6041189931350115,0
1769786055.3408608,1604.095563139932,0.005,0.0,0.0,1.0,10.0,0.6040955631399321,0
1769786055.343098,1604.0723981900453,0.005,0.0,0.0,1.0,10.0,0.6040723981900453,0
1769786055.345379,1604.0494938132733,0.005,0.0,0.0,1.0,10.0,0.6040494938132734,0
1769786055.3476555,1604.026845637584,0.005,0.0,0.0,1.0,10.0,0.6040268456375841,0
1769786055.3501573,1604.0044493882092,0.005,0.0,0.0,1.0,10.0,0.6040044493882093,0
1769786055.3523936,1603.982300884956,0.005,0.0,0.0,1.0,10.0,0.6039823008849561,0
1769786055.3548439,1603.960396039604,0.005,0.0,0.0,1.0,10.0,0.6039603960396038,0
1769786055.3571248,1603.9387308533917,0.005,0.0,0.0,1.0,10.0,0.6039387308533917,0
1769786055.359278,1603.917301414581,0.005,0.0,0.0,1.0,10.0,0.6039173014145811,0
1769786055.3618665,1603.8961038961038,0.005,0.0,0.0,1.0,10.0,0.6038961038961039,0
1769786055.3641114,1603.8751345532833,0.005,0.0,0.0,1.0,10.0,0.6038751345532833,0
1769786055.3662755,1603.8543897216275,0.005,0.0,0.0,1.0,10.0,0.6038543897216275,0
1769786055.3686266,1603.8338658146963,0.005,0.0,0.0,1.0,10.0,0.6038338658146964,0
1769786055.3721588,1603.813559322034,0.005,0.0,0.0,1.0,10.0,0.6038135593220342,0
1769786055.3746002,1603.7934668071655,0.005,0.0,0.0,1.0,10.0,0.6037934668071656,0
1769786055.3772068,1603.7735849056605,0.005,0.0,0.0,1.0,10.0,0.6037735849056605,0
1769786055.3798168,1603.7539103232534,0.005,0.0,0.0,1.0,10.0,0.6037539103232534,0
1769786055.3822026,1603.734439834025,0.005,0.0,0.0,1.0,10.0,0.603734439834025,0
1769786055.3846514,1603.7151702786377,0.005,0.0,0.0,1.0,10.0,0.6037151702786379,0
1769786055.3872669,1603.6960985626283,0.005,0.0,0.0,1.0,10.0,0.6036960985626283,0
1769786055.3901913,1603.67722165475,0.005,0.0,0.0,1.0,10.0,0.6036772216547499,0
1769786055.3929658,1603.658536585366,0.005,0.0,0.0,1.0,10.0,0.603658536585366,0
1769786055.395545,1603.6400404448937,0.005,0.0,0.0,1.0,10.0,0.6036400404448936,0
1769786055.3983867,1603.621730382294,0.005,0.0,0.0,1.0,10.0,0.6036217303822939,0
1769786055.4012957,1603.6036036036035,0.005,0.0,0.0,1.0,10.0,0.6036036036036034,0
1769786055.4615712,0.0,0.0,0.0,0.0,1.0,0.0,0.0,0
1769786055.4645903,2132.945112000625,0.004232936387,0.0,0.0,1.0,10.0,1.209651473300625,0
1769786055.4672043,2000.0,0.005,0.0,0.0,1.0,10.0,1.0,0
1769786055.469448,1857.1428571428573,0.005,0.0,0.0,1.0,10.0,0.8571428571428574,0
1769786055.4718254,1789.4736842105262,0.005,0.0,0.0,1.0,10.0,0.7894736842105263,0
1769786055.4745157,1750.0,0.005,0.0,0.0,1.0,10.0,0.75,0
1769786055.476608,1724.1379310344828,0.005,0.0,0.0,1.0,10.0,0.7241379310344829,0
1769786055.4786386,1705.8823529411766,0.005,0.0,0.0,1.0,10.0,0.7058823529411766,0
1769786055.4809551,1692.3076923076922,0.005,0.0,0.0,1.0,10.0,0.6923076923076923,0
1769786055.48316,1681.8181818181818,0.005,0.0,0.0,1.0,10.0,0.6818181818181819,0
1769786055.485415,1673.4693877551022,0.005,0.0,0.0,1.0,10.0,0.6734693877551021,0
1769786055.4881918,1666.6666666666665,0.005,0.0,0.0,1.0,10.0,0.6666666666666665,0
1769786055.4904447,1661.0169491525426,0.005,0.0,0.0,1.0,10.0,0.6610169491525426,0
1769786055.4925234,1656.25,0.005,0.0,0.0,1.0,10.0,0.65625,0
1769786055.4945326,1652.1739130434785,0.005,0.0,0.0,1.0,10.0,0.6521739130434785,0
1769786055.4967852,1648.6486486486488,0.005,0.0,0.0,1.0,10.0,0.6486486486486487,0
1769786055.4990568,1645.5696202531644,0.005,0.0,0.0,1.0,10.0,0.6455696202531644,0
1769786055.501463,1642.857142857143,0.005,0.0,0.0,1.0,10.0,0.642857142857143,0
1769786055.503691,1640.4494382022472,0.005,0.0,0.0,1.0,10.0,0.6404494382022472,0
1769786055.5058913,1638.2978723404256,0.005,0.0,0.0,1.0,10.0,0.6382978723404256,0
1769786055.5080166,1636.3636363636365,0.005,0.0,0.0,1.0,10.0,0.6363636363636365,0
1769786055.5103974,1634.6153846153845,0.005,0.0,0.0,1.0,10.0,0.6346153846153846,0
1769786055.5127575,1633.0275229357796,0.005,0.0,0.0,1.0,10.0,0.6330275229357796,0
1769786055.5148337,1631.5789473684213,0.005,0.0,0.0,1.0,10.0,0.6315789473684212,0
1769786055.517113,1630.2521008403362,0.005,0.0,0.0,1.0,10.0,0.6302521008403363,0
1769786055.5196478,1629.032258064516,0.005,0.0,0.0,1.0,10.0,0.6290322580645162,0
1769786055.5224578,1627.906976744186,0.005,0.0,0.0,1.0,10.0,0.627906976744186,0
1769786055.5248487,1626.8656716417909,0.005,0.0,0.0,1.0,10.0,0.6268656716417909,0
1769786055.527162,1625.8992805755397,0.005,0.0,0.0,1.0,10.0,0.6258992805755397,0
1769786055.5296526,1625.0,0.005,0.0,0.0,1.0,10.0,0.625,0
1769786055.5318036,1624.1610738255033,0.005,0.0,0.0,1.0,10.0,0.6241610738255032,0
1769786055.533947,1623.3766233766232,0.005,0.0,0.0,1.0,10.0,0.6233766233766234,0
1769786055.5363498,1622.6415094339625,0.005,0.0,0.0,1.0,10.0,0.6226415094339626,0
1769786055.5385408,1621.9512195121952,0.005,0.0,0.0,1.0,10.0,0.6219512195121952,0
1769786055.540502,1621.301775147929,0.005,0.0,0.0,1.0,10.0,0.6213017751479291,0
1769786055.542305,1620.6896551724137,0.005,0.0,0.0,1.0,10.0,0.6206896551724137,0
1769786055.5443034,1620.1117318435754,0.005,0.0,0.0,1.0,10.0,0.6201117318435754,0
1769786055.5465848,1619.5652173913045,0.005,0.0,0.0,1.0,10.0,0.6195652173913044,0
1769786055.5486495,1619.047619047619,0.005,0.0,0.0,1.0,10.0,0.6190476190476191,0
1769786055.5507162,1618.5567010309278,0.005,0.0,0.0,1.0,10.0,0.6185567010309279,0
1769786055.553031,1618.0904522613066,0.005,0.0,0.0,1.0,10.0,0.6180904522613067,0
1769786055.5550988,1617.6470588235293,0.005,0.0,0.0,1.0,10.0,0.6176470588235292,0
1769786055.5572298,1617.2248803827752,0.005,0.0,0.0,1.0,10.0,0.6172248803827751,0
1769786055.5597332,1616.8224299065419,0.005,0.0,0.0,1.0,10.0,0.6168224299065419,0
1769786055.5625472,1616.4383561643835,0.005,0.0,0.0,1.0,10.0,0.6164383561643836,0
1769786055.5647173,1616.0714285714287,0.005,0.0,0.0,1.0,10.0,0.6160714285714286,0
1769786055.567096,1615.7205240174671,0.005,0.0,0.0,1.0,10.0,0.6157205240174672,0
1769786055.5693815,1615.3846153846155,0.005,0.0,0.0,1.0,10.0,0.6153846153846154,0
1769786055.5715625,1615.062761506276,0.005,0.0,0.0,1.0,10.0,0.615062761506276,0
1769786055.5735354,1614.7540983606557,0.005,0.0,0.0,1.0,10.0,0.6147540983606556,0
1769786055.5756495,1614.4578313253014,0.005,0.0,0.0,1.0,10.0,0.6144578313253015,0
1769786055.577681,1614.1732283464567,0.005,0.0,0.0,1.0,10.0,0.6141732283464567,0
1769786055.5796182,1613.899613899614,0.005,0.0,0.0,1.0,10.0,0.613899613899614,0
1769786055.581737,1613.6363636363635,0.005,0.0,0.0,1.0,10.0,0.6136363636363635,0
1769786055.5839953,1613.3828996282527,0.005,0.0,0.0,1.0,10.0,0.6133828996282529,0
1769786055.5862036,1613.138686131387,0.005,0.0,0.0,1.0,10.0,0.613138686131387,0
1769786055.5883687,1612.9032258064517,0.005,0.0,0.0,1.0,10.0,0.6129032258064517,0
1769786055.590852,1612.6760563380283,0.005,0.0,0.0,1.0,10.0,0.6126760563380282,0
1769786055.5939271,1612.4567474048442,0.005,0.0,0.0,1.0,10.0,0.6124567474048443,0
1769786055.5980122,1612.2448979591836,0.005,0.0,0.0,1.0,10.0,0.6122448979591837,0
1769786055.600452,1612.0401337792644,0.005,0.0,0.0,1.0,10.0,0.6120401337792645,0
1769786055.6026232,1611.842105263158,0.005,0.0,0.0,1.0,10.0,0.611842105263158,0
1769786055.6047893,1611.6504854368932,0.005,0.0,0.0,1.0,10.0,0.6116504854368932,0
1769786055.6069431,1611.4649681528663,0.005,0.0,0.0,1.0,10.0,0.6114649681528663,0
1769786055.609289,1611.2852664576803,0.005,0.0,0.0,1.0,10.0,0.6112852664576804,0
1769786055.611416,1611.1111111111113,0.005,0.0,0.0,1.0,10.0,0.6111111111111114,0
1769786055.6136317,1610.9422492401216,0.005,0.0,0.0,1.0,10.0,0.6109422492401215,0
1769786055.6158195,1610.7784431137725,0.005,0.0,0.0,1.0,10.0,0.6107784431137726,0
1769786055.61802,1610.6194690265486,0.005,0.0,0.0,1.0,10.0,0.6106194690265485,0
1769786055.6202748,1610.46511627907,0.005,0.0,0.0,1.0,10.0,0.61046511627907,0
1769786055.6225193,1610.3151862464185,0.005,0.0,0.0,1.0,10.0,0.6103151862464187,0
1769786055.6250591,1610.1694915254236,0.005,0.0,0.0,1.0,10.0,0.6101694915254237,0
1769786055.6273074,1610.0278551532035,0.005,0.0,0.0,1.0,10.0,0.6100278551532035,0
1769786055.6295152,1609.89010989011,0.005,0.0,0.0,1.0,10.0,0.6098901098901099,0
1769786055.631599,1609.7560975609756,0.005,0.0,0.0,1.0,10.0,0.6097560975609757,0
1769786055.633905,1609.625668449198,0.005,0.0,0.0,1.0,10.0,0.6096256684491981,0
1769786055.6369061,1609.4986807387863,0.005,0.0,0.0,1.0,10.0,0.6094986807387863,0
1769786055.6411638,1609.375,0.005,0.0,0.0,1.0,10.0,0.609375,0
1769786055.6444125,1609.254498714653,0.005,0.0,0.0,1.0,10.0,0.6092544987146531,0
1769786055.647312,1609.1370558375634,0.005,0.0,0.0,1.0,10.0,0.6091370558375635,0
1769786055.6500022,1609.0225563909776,0.005,0.0,0.0,1.0,10.0,0.6090225563909777,0
1769786055.6522875,1608.9108910891089,0.005,0.0,0.0,1.0,10.0,0.608910891089109,0
1769786055.6545641,1608.80195599022,0.005,0.0,0.0,1.0,10.0,0.60880195599022,0
1769786055.6569605,1608.6956521739132,0.005,0.0,0.0,1.0,10.0,0.6086956521739133,0
1769786055.6590254,1608.5918854415277,0.005,0.0,0.0,1.0,10.0,0.6085918854415278,0
1769786055.6609807,1608.4905660377358,0.005,0.0,0.0,1.0,10.0,0.6084905660377358,0
1769786055.6631486,1608.3916083916083,0.005,0.0,0.0,1.0,10.0,0.6083916083916083,0
1769786055.665524,1608.294930875576,0.005,0.0,0.0,1.0,10.0,0.6082949308755761,0
1769786055.6677458,1608.2004555808658,0.005,0.0,0.0,1.0,10.0,0.6082004555808658,0
1769786055.6697543,1608.1081081081084,0.005,0.0,0.0,1.0,10.0,0.6081081081081083,0
1769786055.6718488,1608.0178173719376,0.005,0.0,0.0,1.0,10.0,0.6080178173719375,0
1769786055.6740136,1607.9295154185022,0.005,0.0,0.0,1.0,10.0,0.6079295154185023,0
1769786055.6760197,1607.843137254902,0.005,0.0,0.0,1.0,10.0,0.6078431372549022,0
1769786055.6780846,1607.7586206896553,0.005,0.0,0.0,1.0,10.0,0.6077586206896555,0
1769786055.6804898,1607.675906183369,0.005,0.0,0.0,1.0,10.0,0.6076759061833692,0
1769786055.6829984,1607.5949367088606,0.005,0.0,0.0,1.0,10.0,0.6075949367088607,0
1769786055.6851933,1607.5156576200418,0.005,0.0,0.0,1.0,10.0,0.6075156576200418,0
1769786055.6873455,1607.4380165289256,0.005,0.0,0.0,1.0,10.0,0.6074380165289257,0
1769786055.6894817,1607.361963190184,0.005,0.0,0.0,1.0,10.0,0.6073619631901841,0
1769786055.691485,1607.2874493927127,0.005,0.0,0.0,1.0,10.0,0.6072874493927127,0
1769786055.6940575,1607.2144288577153,0.005,0.0,0.0,1.0,10.0,0.6072144288577155,0
1769786055.6969044,1607.142857142857,0.005,0.0,0.0,1.0,10.0,0.6071428571428572,0
1769786055.6995077,1607.072691552063,0.005,0.0,0.0,1.0,10.0,0.607072691552063,0
1769786055.7017086,1607.0038910505837,0.005,0.0,0.0,1.0,10.0,0.6070038910505837,0
1769786055.7036803,1606.9364161849712,0.005,0.0,0.0,1.0,10.0,0.6069364161849713,0
1769786055.7056882,1606.8702290076335,0.005,0.0,0.0,1.0,10.0,0.6068702290076335,0
1769786055.707866,1606.805293005671,0.005,0.0,0.0,1.0,10.0,0.6068052930056711,0
1769786055.710281,1606.741573033708,0.005,0.0,0.0,1.0,10.0,0.606741573033708,0
1769786055.7126396,1606.6790352504638,0.005,0.0,0.0,1.0,10.0,0.6066790352504638,0
1769786055.7147799,1606.6176470588236,0.005,0.0,0.0,1.0,10.0,0.6066176470588236,0
1769786055.7169135,1606.5573770491803,0.005,0.0,0.0,1.0,10.0,0.6065573770491803,0
1769786055.718984,1606.4981949458484,0.005,0.0,0.0,1.0,10.0,0.6064981949458483,0
1769786055.721237,1606.4400715563506,0.005,0.0,0.0,1.0,10.0,0.6064400715563507,0
1769786055.7232153,1606.3829787234044,0.005,0.0,0.0,1.0,10.0,0.6063829787234045,0
1769786055.7253022,1606.3268892794376,0.005,0.0,0.0,1.0,10.0,0.6063268892794376,0
1769786055.7274027,1606.2717770034842,0.005,0.0,0.0,1.0,10.0,0.6062717770034842,0
1769786055.729433,1606.217616580311,0.005,0.0,0.0,1.0,10.0,0.606217616580311,0
1769786055.7313366,1606.164383561644,0.005,0.0,0.0,1.0,10.0,0.6061643835616439,0
1769786055.7333248,1606.1120543293719,0.005,0.0,0.0,1.0,10.0,0.6061120543293719,0
1769786055.7353733,1606.0606060606062,0.005,0.0,0.0,1.0,10.0,0.6060606060606062,0
1769786055.7373776,1606.0100166944908,0.005,0.0,0.0,1.0,10.0,0.6060100166944908,0
1769786055.7410738,1605.9602649006622,0.005,0.0,0.0,1.0,10.0,0.6059602649006621,0
1769786055.7435513,1605.911330049261,0.005,0.0,0.0,1.0,10.0,0.6059113300492611,0
1769786055.7457469,1605.8631921824106,0.005,0.0,0.0,1.0,10.0,0.6058631921824107,0
1769786055.747724,1605.815831987076,0.005,0.0,0.0,1.0,10.0,0.6058158319870761,0
1769786055.749763,1605.7692307692307,0.005,0.0,0.0,1.0,10.0,0.6057692307692308,0
1769786055.7517788,1605.7233704292528,0.005,0.0,0.0,1.0,10.0,0.6057233704292528,0
1769786055.754007,1605.678233438486,0.005,0.0,0.0,1.0,10.0,0.605678233438486,0
1769786055.7561333,1605.6338028169014,0.005,0.0,0.0,1.0,10.0,0.6056338028169015,0
1769786055.7582653,1605.5900621118014,0.005,0.0,0.0,1.0,10.0,0.6055900621118016,0
1769786055.7610173,1605.546995377504,0.005,0.0,0.0,1.0,10.0,0.6055469953775039,0
1769786055.7632275,1605.5045871559632,0.005,0.0,0.0,1.0,10.0,0.6055045871559632,0
1769786055.7654197,1605.4628224582702,0.005,0.0,0.0,1.0,10.0,0.6054628224582703,0
1769786055.7677662,1605.421686746988,0.005,0.0,0.0,1.0,10.0,0.6054216867469879,0
1769786055.7700648,1605.3811659192827,0.005,0.0,0.0,1.0,10.0,0.6053811659192827,0
1769786055.7720137,1605.341246290801,0.005,0.0,0.0,1.0,10.0,0.6053412462908012,0
1769786055.7740512,1605.301914580265,0.005,0.0,0.0,1.0,10.0,0.6053019145802649,0
1769786055.7760804,1605.2631578947369,0.005,0.0,0.0,1.0,10.0,0.605263157894737,0
1769786055.778215,1605.2249637155298,0.005,0.0,0.0,1.0,10.0,0.6052249637155298,0
1769786055.7804136,1605.1873198847263,0.005,0.0,0.0,1.0,10.0,0.6051873198847264,0
1769786055.7827225,1605.1502145922746,0.005,0.0,0.0,1.0,10.0,0.6051502145922747,0
1769786055.7851515,1605.1136363636363,0.005,0.0,0.0,1.0,10.0,0.6051136363636362,0
1769786055.7871242,1605.0775740479548,0.005,0.0,0.0,1.0,10.0,0.6050775740479548,0
1769786055.7891207,1605.0420168067228,0.005,0.0,0.0,1.0,10.0,0.6050420168067228,0
1769786055.7911954,1605.0069541029209,0.005,0.0,0.0,1.0,10.0,0.6050069541029208,0
1769786055.7933886,1604.9723756906076,0.005,0.0,0.0,1.0,10.0,0.6049723756906076,0
1769786055.7956293,1604.9382716049383,0.005,0.0,0.0,1.0,10.0,0.6049382716049383,0
1769786055.7978537,1604.9046321525886,0.005,0.0,0.0,1.0,10.0,0.6049046321525886,0
1769786055.7999842,1604.8714479025712,0.005,0.0,0.0,1.0,10.0,0.6048714479025712,0
1769786055.8021505,1604.8387096774195,0.005,0.0,0.0,1.0,10.0,0.6048387096774195,0
1769786055.8044477,1604.8064085447263,0.005,0.0,0.0,1.0,10.0,0.6048064085447264,0
1769786055.8072054,1604.7745358090185,0.005,0.0,0.0,1.0,10.0,0.6047745358090186,0
1769786055.8093195,1604.7430830039525,0.005,0.0,0.0,1.0,10.0,0.6047430830039526,0
1769786055.8114526,1604.712041884817,0.005,0.0,0.0,1.0,10.0,0.6047120418848169,0
1769786055.8136814,1604.6814044213265,0.005,0.0,0.0,1.0,10.0,0.6046814044213267,0
1769786055.8157783,1604.6511627906975,0.005,0.0,0.0,1.0,10.0,0.6046511627906976,0
1769786055.8179603,1604.6213093709885,0.005,0.0,0.0,1.0,10.0,0.6046213093709885,0
1769786055.8200994,1604.591836734694,0.005,0.0,0.0,1.0,10.0,0.6045918367346941,0
1769786055.82204,1604.5627376425857,0.005,0.0,0.0,1.0,10.0,0.6045627376425857,0
1769786055.824105,1604.5340050377836,0.005,0.0,0.0,1.0,10.0,0.6045340050377837,0
1769786055.82622,1604.50563204005,0.005,0.0,0.0,1.0,10.0,0.6045056320400499,0
1769786055.8281422,1604.4776119402986,0.005,0.0,0.0,1.0,10.0,0.6044776119402986,0
1769786055.8300686,1604.4499381953028,0.005,0.0,0.0,1.0,10.0,0.6044499381953028,0
1769786055.8321462,1604.4226044226043,0.005,0.0,0.0,1.0,10.0,0.6044226044226044,0
1769786055.83398,1604.3956043956046,0.005,0.0,0.0,1.0,10.0,0.6043956043956047,0
1769786055.8358357,1604.3689320388348,0.005,0.0,0.0,1.0,10.0,0.6043689320388348,0
1769786055.8378937,1604.342581423402,0.005,0.0,0.0,1.0,10.0,0.604342581423402,0
1769786055.8402073,1604.31654676259,0.005,0.0,0.0,1.0,10.0,0.60431654676259,0
1769786055.8426192,1604.290822407628,0.005,0.0,0.0,1.0,10.0,0.604290822407628,0
1769786055.8447418,1604.265402843602,0.005,0.0,0.0,1.0,10.0,0.6042654028436021,0
1769786055.8467898,1604.2402826855123,0.005,0.0,0.0,1.0,10.0,0.6042402826855122,0
1769786055.8498034,1604.2154566744732,0.005,0.0,0.0,1.0,10.0,0.6042154566744733,0
1769786055.8525429,1604.1909196740396,0.005,0.0,0.0,1.0,10.0,0.6041909196740396,0
1769786055.85483,1604.1666666666665,0.005,0.0,0.0,1.0,10.0,0.6041666666666665,0
1769786055.8572693,1604.1426927502878,0.005,0.0,0.0,1.0,10.0,0.6041426927502878,0
1769786055.8593168,1604.1189931350114,0.005,0.0,0.0,1.0,10.0,0.6041189931350115,0
1769786055.8612797,1604.095563139932,0.005,0.0,0.0,1.0,10.0,0.6040955631399321,0
1769786055.8634279,1604.0723981900453,0.005,0.0,0.0,1.0,10.0,0.6040723981900453,0
1769786055.8654308,1604.0494938132733,0.005,0.0,0.0,1.0,10.0,0.6040494938132734,0
1769786055.8674257,1604.026845637584,0.005,0.0,0.0,1.0,10.0,0.6040268456375841,0
1769786055.8695056,1604.0044493882092,0.005,0.0,0.0,1.0,10.0,0.6040044493882093,0
1769786055.8720002,1603.982300884956,0.005,0.0,0.0,1.0,10.0,0.6039823008849561,0
1769786055.87469,1603.960396039604,0.005,0.0,0.0,1.0,10.0,0.6039603960396038,0
1769786055.8773417,1603.9387308533917,0.005,0.0,0.0,1.0,10.0,0.6039387308533917,0
1769786055.879825,1603.917301414581,0.005,0.0,0.0,1.0,10.0,0.6039173014145811,0
1769786055.882151,1603.8961038961038,0.005,0.0,0.0,1.0,10.0,0.6038961038961039,0
1769786055.8844392,1603.8751345532833,0.005,0.0,0.0,1.0,10.0,0.6038751345532833,0
1769786055.8866935,1603.8543897216275,0.005,0.0,0.0,1.0,10.0,0.6038543897216275,0
1769786055.8891072,1603.8338658146963,0.005,0.0,0.0,1.0,10.0,0.6038338658146964,0
1769786055.8912327,1603.813559322034,0.005,0.0,0.0,1.0,10.0,0.6038135593220342,0
1769786055.8932762,1603.7934668071655,0.005,0.0,0.0,1.0,10.0,0.6037934668071656,0
1769786055.8954473,1603.7735849056605,0.005,0.0,0.0,1.0,10.0,0.6037735849056605,0
1769786055.8976398,1603.7539103232534,0.005,0.0,0.0,1.0,10.0,0.6037539103232534,0
1769786055.8997195,1603.734439834025,0.005,0.0,0.0,1.0,10.0,0.603734439834025,0
1769786055.9018738,1603.7151702786377,0.005,0.0,0.0,1.0,10.0,0.6037151702786379,0
1769786055.905083,1603.6960985626283,0.005,0.0,0.0,1.0,10.0,0.6036960985626283,0
1769786055.907258,1603.67722165475,0.005,0.0,0.0,1.0,10.0,0.6036772216547499,0
1769786055.909364,1603.658536585366,0.005,0.0,0.0,1.0,10.0,0.603658536585366,0
1769786055.9116843,1603.6400404448937,0.005,0.0,0.0,1.0,10.0,0.6036400404448936,0
1769786055.9143367,1603.621730382294,0.005,0.0,0.0,1.0,10.0,0.6036217303822939,0
1769786055.9165998,1603.6036036036035,0.005,0.0,0.0,1.0,10.0,0.6036036036036034,0
1769786055.9730399,0.0,0.0,0.0,0.0,1.0,0.0,0.0,0
1769786055.9760199,2027.0394229688836,0.004333936709,0.0,0.0,1.0,10.0,1.0936457520688836,0
1769786055.9785109,2000.0,0.005,0.0,0.0,1.0,10.0,1.0,0
1769786055.9806113,1857.1428571428573,0.005,0.0,0.0,1.0,10.0,0.8571428571428574,0
1769786055.983434,1789.4736842105262,0.005,0.0,0.0,1.0,10.0,0.7894736842105263,0
1769786055.98599,1750.0,0.005,0.0,0.0,1.0,10.0,0.75,0
1769786055.9881399,1724.1379310344828,0.005,0.0,0.0,1.0,10.0,0.7241379310344829,0
1769786055.9904234,1705.8823529411766,0.005,0.0,0.0,1.0,10.0,0.7058823529411766,0
1769786055.9930046,1692.3076923076922,0.005,0.0,0.0,1.0,10.0,0.6923076923076923,0
1769786055.9953403,1681.8181818181818,0.005,0.0,0.0,1.0,10.0,0.6818181818181819,0
1769786055.9978154,1673.4693877551022,0.005,0.0,0.0,1.0,10.0,0.6734693877551021,0
1769786056.0003688,1666.6666666666665,0.005,0.0,0.0,1.0,10.0,0.6666666666666665,0
1769786056.0027401,1661.0169491525426,0.005,0.0,0.0,1.0,10.0,0.6610169491525426,0
1769786056.0056558,1656.25,0.005,0.0,0.0,1.0,10.0,0.65625,0
1769786056.008115,1652.1739130434785,0.005,0.0,0.0,1.0,10.0,0.6521739130434785,0
1769786056.0102918,1648.6486486486488,0.005,0.0,0.0,1.0,10.0,0.6486486486486487,0
1769786056.0127585,1645.5696202531644,0.005,0.0,0.0,1.0,10.0,0.6455696202531644,0
1769786056.0150828,1642.857142857143,0.005,0.0,0.0,1.0,10.0,0.642857142857143,0
1769786056.0173662,1640.4494382022472,0.005,0.0,0.0,1.0,10.0,0.6404494382022472,0
1769786056.0196104,1638.2978723404256,0.005,0.0,0.0,1.0,10.0,0.6382978723404256,0
1769786056.022378,1636.3636363636365,0.005,0.0,0.0,1.0,10.0,0.6363636363636365,0
1769786056.0247934,1634.6153846153845,0.005,0.0,0.0,1.0,10.0,0.6346153846153846,0
1769786056.0270228,1633.0275229357796,0.005,0.0,0.0,1.0,10.0,0.6330275229357796,0
1769786056.0293367,1631.5789473684213,0.005,0.0,0.0,1.0,10.0,0.6315789473684212,0
1769786056.0313835,1630.2521008403362,0.005,0.0,0.0,1.0,10.0,0.6302521008403363,0
1769786056.033618,1629.032258064516,0.005,0.0,0.0,1.0,10.0,0.6290322580645162,0
1769786056.0360384,1627.906976744186,0.005,0.0,0.0,1.0,10.0,0.627906976744186,0
1769786056.0382102,1626.8656716417909,0.005,0.0,0.0,1.0,10.0,0.6268656716417909,0
1769786056.0404718,1625.8992805755397,0.005,0.0,0.0,1.0,10.0,0.6258992805755397,0
1769786056.0423696,1625.0,0.005,0.0,0.0,1.0,10.0,0.625,0
1769786056.0444324,1624.1610738255033,0.005,0.0,0.0,1.0,10.0,0.6241610738255032,0
1769786056.0465002,1623.3766233766232,0.005,0.0,0.0,1.0,10.0,0.6233766233766234,0
1769786056.0486045,1622.6415094339625,0.005,0.0,0.0,1.0,10.0,0.6226415094339626,0
1769786056.050936,1621.9512195121952,0.005,0.0,0.0,1.0,10.0,0.6219512195121952,0
1769786056.0534227,1621.301775147929,0.005,0.0,0.0,1.0,10.0,0.6213017751479291,0
1769786056.0556118,1620.6896551724137,0.005,0.0,0.0,1.0,10.0,0.6206896551724137,0
1769786056.0577452,1620.1117318435754,0.005,0.0,0.0,1.0,10.0,0.6201117318435754,0
1769786056.0597913,1619.5652173913045,0.005,0.0,0.0,1.0,10.0,0.6195652173913044,0
1769786056.0620992,1619.047619047619,0.005,0.0,0.0,1.0,10.0,0.6190476190476191,0
1769786056.0644045,1618.5567010309278,0.005,0.0,0.0,1.0,10.0,0.6185567010309279,0
1769786056.0667884,1618.0904522613066,0.005,0.0,0.0,1.0,10.0,0.6180904522613067,0
1769786056.0690105,1617.6470588235293,0.005,0.0,0.0,1.0,10.0,0.6176470588235292,0
1769786056.0712643,1617.2248803827752,0.005,0.0,0.0,1.0,10.0,0.6172248803827751,0
1769786056.0736637,1616.8224299065419,0.005,0.0,0.0,1.0,10.0,0.6168224299065419,0
1769786056.075862,1616.4383561643835,0.005,0.0,0.0,1.0,10.0,0.6164383561643836,0
1769786056.0780623,1616.0714285714287,0.005,0.0,0.0,1.0,10.0,0.6160714285714286,0
1769786056.0815551,1615.7205240174671,0.005,0.0,0.0,1.0,10.0,0.6157205240174672,0
1769786056.0838182,1615.3846153846155,0.005,0.0,0.0,1.0,10.0,0.6153846153846154,0
1769786056.086152,1615.062761506276,0.005,0.0,0.0,1.0,10.0,0.615062761506276,0
1769786056.0885623,1614.7540983606557,0.005,0.0,0.0,1.0,10.0,0.6147540983606556,0
1769786056.0909019,1614.4578313253014,0.005,0.0,0.0,1.0,10.0,0.6144578313253015,0
1769786056.0931144,1614.1732283464567,0.005,0.0,0.0,1.0,10.0,0.6141732283464567,0
1769786056.0955997,1613.899613899614,0.005,0.0,0.0,1.0,10.0,0.613899613899614,0
1769786056.0981956,1613.6363636363635,0.005,0.0,0.0,1.0,10.0,0.6136363636363635,0
1769786056.1011164,1613.3828996282527,0.005,0.0,0.0,1.0,10.0,0.6133828996282529,0
1769786056.1036701,1613.138686131387,0.005,0.0,0.0,1.0,10.0,0.613138686131387,0
1769786056.1062446,1612.9032258064517,0.005,0.0,0.0,1.0,10.0,0.6129032258064517,0
1769786056.108435,1612.6760563380283,0.005,0.0,0.0,1.0,10.0,0.6126760563380282,0
1769786056.111391,1612.4567474048442,0.005,0.0,0.0,1.0,10.0,0.6124567474048443,0
1769786056.1140034,1612.2448979591836,0.005,0.0,0.0,1.0,10.0,0.6122448979591837,0
1769786056.1165197,1612.0401337792644,0.005,0.0,0.0,1.0,10.0,0.6120401337792645,0
1769786056.1188755,1611.842105263158,0.005,0.0,0.0,1.0,10.0,0.611842105263158,0
1769786056.121106,1611.6504854368932,0.005,0.0,0.0,1.0,10.0,0.6116504854368932,0
1769786056.1232464,1611.4649681528663,0.005,0.0,0.0,1.0,10.0,0.6114649681528663,0
1769786056.1253967,1611.2852664576803,0.005,0.0,0.0,1.0,10.0,0.6112852664576804,0
1769786056.1279304,1611.1111111111113,0.005,0.0,0.0,1.0,10.0,0.6111111111111114,0
1769786056.1302266,1610.9422492401216,0.005,0.0,0.0,1.0,10.0,0.6109422492401215,0
1769786056.1322868,1610.7784431137725,0.005,0.0,0.0,1.0,10.0,0.6107784431137726,0
1769786056.1344602,1610.6194690265486,0.005,0.0,0.0,1.0,10.0,0.6106194690265485,0
1769786056.1369605,1610.46511627907,0.005,0.0,0.0,1.0,10.0,0.61046511627907,0
1769786056.139233,1610.3151862464185,0.005,0.0,0.0,1.0,10.0,0.6103151862464187,0
1769786056.1416273,1610.1694915254236,0.005,0.0,0.0,1.0,10.0,0.6101694915254237,0
1769786056.1440473,1610.0278551532035,0.005,0.0,0.0,1.0,10.0,0.6100278551532035,0
1769786056.1462986,1609.89010989011,0.005,0.0,0.0,1.0,10.0,0.6098901098901099,0
1769786056.1483293,1609.7560975609756,0.005,0.0,0.0,1.0,10.0,0.6097560975609757,0
1769786056.1505628,1609.625668449198,0.005,0.0,0.0,1.0,10.0,0.6096256684491981,0
1769786056.152822,1609.4986807387863,0.005,0.0,0.0,1.0,10.0,0.6094986807387863,0
1769786056.1557117,1609.375,0.005,0.0,0.0,1.0,10.0,0.609375,0
1769786056.1585248,1609.254498714653,0.005,0.0,0.0,1.0,10.0,0.6092544987146531,0
1769786056.161293,1609.1370558375634,0.005,0.0,0.0,1.0,10.0,0.6091370558375635,0
1769786056.1640887,1609.0225563909776,0.005,0.0,0.0,1.0,10.0,0.6090225563909777,0
1769786056.1666603,1608.9108910891089,0.005,0.0,0.0,1.0,10.0,0.608910891089109,0
1769786056.1692402,1608.80195599022,0.005,0.0,0.0,1.0,10.0,0.60880195599022,0
1769786056.1715617,1608.6956521739132,0.005,0.0,0.0,1.0,10.0,0.6086956521739133,0
1769786056.1741366,1608.5918854415277,0.005,0.0,0.0,1.0,10.0,0.6085918854415278,0
1769786056.1765852,1608.4905660377358,0.005,0.0,0.0,1.0,10.0,0.6084905660377358,0
1769786056.178882,1608.3916083916083,0.005,0.0,0.0,1.0,10.0,0.6083916083916083,0
1769786056.1813889,1608.294930875576,0.005,0.0,0.0,1.0,10.0,0.6082949308755761,0
1769786056.1842327,1608.2004555808658,0.005,0.0,0.0,1.0,10.0,0.6082004555808658,0
1769786056.1869102,1608.1081081081084,0.005,0.0,0.0,1.0,10.0,0.6081081081081083,0
1769786056.1894634,1608.0178173719376,0.005,0.0,0.0,1.0,10.0,0.6080178173719375,0
1769786056.1920764,1607.9295154185022,0.005,0.0,0.0,1.0,10.0,0.6079295154185023,0
1769786056.194324,1607.843137254902,0.005,0.0,0.0,1.0,10.0,0.6078431372549022,0
1769786056.1965556,1607.7586206896553,0.005,0.0,0.0,1.0,10.0,0.6077586206896555,0
1769786056.1990118,1607.675906183369,0.005,0.0,0.0,1.0,10.0,0.6076759061833692,0
1769786056.201386,1607.5949367088606,0.005,0.0,0.0,1.0,10.0,0.6075949367088607,0
1769786056.2035263,1607.5156576200418,0.005,0.0,0.0,1.0,10.0,0.6075156576200418,0
1769786056.206147,1607.4380165289256,0.005,0.0,0.0,1.0,10.0,0.6074380165289257,0
1769786056.2094927,1607.361963190184,0.005,0.0,0.0,1.0,10.0,0.6073619631901841,0
1769786056.2115476,1607.2874493927127,0.005,0.0,0.0,1.0,10.0,0.6072874493927127,0
1769786056.2140322,1607.2144288577153,0.005,0.0,0.0,1.0,10.0,0.6072144288577155,0
1769786056.2164528,1607.142857142857,0.005,0.0,0.0,1.0,10.0,0.6071428571428572,0
1769786056.2186058,1607.072691552063,0.005,0.0,0.0,1.0,10.0,0.607072691552063,0
1769786056.221015,1607.0038910505837,0.005,0.0,0.0,1.0,10.0,0.6070038910505837,0
1769786056.2240493,1606.9364161849712,0.005,0.0,0.0,1.0,10.0,0.6069364161849713,0
1769786056.226278,1606.8702290076335,0.005,0.0,0.0,1.0,10.0,0.6068702290076335,0
1769786056.2289155,1606.805293005671,0.005,0.0,0.0,1.0,10.0,0.6068052930056711,0
1769786056.2314425,1606.741573033708,0.005,0.0,0.0,1.0,10.0,0.606741573033708,0
1769786056.2340212,1606.6790352504638,0.005,0.0,0.0,1.0,10.0,0.6066790352504638,0
1769786056.2365258,1606.6176470588236,0.005,0.0,0.0,1.0,10.0,0.6066176470588236,0
1769786056.238795,1606.5573770491803,0.005,0.0,0.0,1.0,10.0,0.6065573770491803,0
1769786056.2411733,1606.4981949458484,0.005,0.0,0.0,1.0,10.0,0.6064981949458483,0
1769786056.2439783,1606.4400715563506,0.005,0.0,0.0,1.0,10.0,0.6064400715563507,0
1769786056.2464693,1606.3829787234044,0.005,0.0,0.0,1.0,10.0,0.6063829787234045,0
1769786056.2488103,1606.3268892794376,0.005,0.0,0.0,1.0,10.0,0.6063268892794376,0
1769786056.251165,1606.2717770034842,0.005,0.0,0.0,1.0,10.0,0.6062717770034842,0
1769786056.2535632,1606.217616580311,0.005,0.0,0.0,1.0,10.0,0.606217616580311,0
1769786056.2559438,1606.164383561644,0.005,0.0,0.0,1.0,10.0,0.6061643835616439,0
1769786056.2583988,1606.1120543293719,0.005,0.0,0.0,1.0,10.0,0.6061120543293719,0
1769786056.2606375,1606.0606060606062,0.005,0.0,0.0,1.0,10.0,0.6060606060606062,0
1769786056.2632,1606.0100166944908,0.005,0.0,0.0,1.0,10.0,0.6060100166944908,0
1769786056.2655044,1605.9602649006622,0.005,0.0,0.0,1.0,10.0,0.6059602649006621,0
1769786056.2676196,1605.911330049261,0.005,0.0,0.0,1.0,10.0,0.6059113300492611,0
1769786056.2704287,1605.8631921824106,0.005,0.0,0.0,1.0,10.0,0.6058631921824107,0
1769786056.2731385,1605.815831987076,0.005,0.0,0.0,1.0,10.0,0.6058158319870761,0
1769786056.275425,1605.7692307692307,0.005,0.0,0.0,1.0,10.0,0.6057692307692308,0
1769786056.2780461,1605.7233704292528,0.005,0.0,0.0,1.0,10.0,0.6057233704292528,0
1769786056.2803051,1605.678233438486,0.005,0.0,0.0,1.0,10.0,0.605678233438486,0
1769786056.28258,1605.6338028169014,0.005,0.0,0.0,1.0,10.0,0.6056338028169015,0
1769786056.2851229,1605.5900621118014,0.005,0.0,0.0,1.0,10.0,0.6055900621118016,0
1769786056.2878592,1605.546995377504,0.005,0.0,0.0,1.0,10.0,0.6055469953775039,0
1769786056.2902274,1605.5045871559632,0.005,0.0,0.0,1.0,10.0,0.6055045871559632,0
1769786056.2925038,1605.4628224582702,0.005,0.0,0.0,1.0,10.0,0.6054628224582703,0
1769786056.2949376,1605.421686746988,0.005,0.0,0.0,1.0,10.0,0.6054216867469879,0
1769786056.2972178,1605.3811659192827,0.005,0.0,0.0,1.0,10.0,0.6053811659192827,0
1769786056.2993758,1605.341246290801,0.005,0.0,0.0,1.0,10.0,0.6053412462908012,0
1769786056.3019547,1605.301914580265,0.005,0.0,0.0,1.0,10.0,0.6053019145802649,0
1769786056.3043885,1605.2631578947369,0.005,0.0,0.0,1.0,10.0,0.605263157894737,0
1769786056.3065052,1605.2249637155298,0.005,0.0,0.0,1.0,10.0,0.6052249637155298,0
1769786056.3090866,1605.1873198847263,0.005,0.0,0.0,1.0,10.0,0.6051873198847264,0
1769786056.3114824,1605.1502145922746,0.005,0.0,0.0,1.0,10.0,0.6051502145922747,0
1769786056.3139617,1605.1136363636363,0.005,0.0,0.0,1.0,10.0,0.6051136363636362,0
1769786056.316471,1605.0775740479548,0.005,0.0,0.0,1.0,10.0,0.6050775740479548,0
1769786056.3188558,1605.0420168067228,0.005,0.0,0.0,1.0,10.0,0.6050420168067228,0
1769786056.3211732,1605.0069541029209,0.005,0.0,0.0,1.0,10.0,0.6050069541029208,0
1769786056.3233166,1604.9723756906076,0.005,0.0,0.0,1.0,10.0,0.6049723756906076,0
1769786056.325668,1604.9382716049383,0.005,0.0,0.0,1.0,10.0,0.6049382716049383,0
1769786056.328038,1604.9046321525886,0.005,0.0,0.0,1.0,10.0,0.6049046321525886,0
1769786056.3304589,1604.8714479025712,0.005,0.0,0.0,1.0,10.0,0.6048714479025712,0
1769786056.332805,1604.8387096774195,0.005,0.0,0.0,1.0,10.0,0.6048387096774195,0
1769786056.3354235,1604.8064085447263,0.005,0.0,0.0,1.0,10.0,0.6048064085447264,0
1769786056.337676,1604.7745358090185,0.005,0.0,0.0,1.0,10.0,0.6047745358090186,0
1769786056.3397007,1604.7430830039525,0.005,0.0,0.0,1.0,10.0,0.6047430830039526,0
1769786056.341923,1604.712041884817,0.005,0.0,0.0,1.0,10.0,0.6047120418848169,0
1769786056.34407,1604.6814044213265,0.005,0.0,0.0,1.0,10.0,0.6046814044213267,0
1769786056.3463933,1604.6511627906975,0.005,0.0,0.0,1.0,10.0,0.6046511627906976,0
1769786056.349184,1604.6213093709885,0.005,0.0,0.0,1.0,10.0,0.6046213093709885,0
1769786056.3524234,1604.591836734694,0.005,0.0,0.0,1.0,10.0,0.6045918367346941,0
1769786056.3554013,1604.5627376425857,0.005,0.0,0.0,1.0,10.0,0.6045627376425857,0
1769786056.3580716,1604.5340050377836,0.005,0.0,0.0,1.0,10.0,0.6045340050377837,0
1769786056.36084,1604.50563204005,0.005,0.0,0.0,1.0,10.0,0.6045056320400499,0
1769786056.3633592,1604.4776119402986,0.005,0.0,0.0,1.0,10.0,0.6044776119402986,0
1769786056.3669043,1604.4499381953028,0.005,0.0,0.0,1.0,10.0,0.6044499381953028,0
1769786056.369826,1604.4226044226043,0.005,0.0,0.0,1.0,10.0,0.6044226044226044,0
1769786056.3730676,1604.3956043956046,0.005,0.0,0.0,1.0,10.0,0.6043956043956047,0
1769786056.3755095,1604.3689320388348,0.005,0.0,0.0,1.0,10.0,0.6043689320388348,0
1769786056.3778193,1604.342581423402,0.005,0.0,0.0,1.0,10.0,0.604342581423402,0
1769786056.3799858,1604.31654676259,0.005,0.0,0.0,1.0,10.0,0.60431654676259,0
1769786056.3820786,1604.290822407628,0.005,0.0,0.0,1.0,10.0,0.604290822407628,0
1769786056.384229,1604.265402843602,0.005,0.0,0.0,1.0,10.0,0.6042654028436021,0
1769786056.386389,1604.2402826855123,0.005,0.0,0.0,1.0,10.0,0.6042402826855122,0
1769786056.3898163,1604.2154566744732,0.005,0.0,0.0,1.0,10.0,0.6042154566744733,0
1769786056.3922126,1604.1909196740396,0.005,0.0,0.0,1.0,10.0,0.6041909196740396,0
1769786056.3943841,1604.1666666666665,0.005,0.0,0.0,1.0,10.0,0.6041666666666665,0
1769786056.3966136,1604.1426927502878,0.005,0.0,0.0,1.0,10.0,0.6041426927502878,0
1769786056.3988152,1604.1189931350114,0.005,0.0,0.0,1.0,10.0,0.6041189931350115,0
1769786056.401189,1604.095563139932,0.005,0.0,0.0,1.0,10.0,0.6040955631399321,0
1769786056.4035783,1604.0723981900453,0.005,0.0,0.0,1.0,10.0,0.6040723981900453,0
1769786056.4064293,1604.0494938132733,0.005,0.0,0.0,1.0,10.0,0.6040494938132734,0
1769786056.4090323,1604.026845637584,0.005,0.0,0.0,1.0,10.0,0.6040268456375841,0
1769786056.4115098,1604.0044493882092,0.005,0.0,0.0,1.0,10.0,0.6040044493882093,0
1769786056.414051,1603.982300884956,0.005,0.0,0.0,1.0,10.0,0.6039823008849561,0
1769786056.4168177,1603.960396039604,0.005,0.0,0.0,1.0,10.0,0.6039603960396038,0
1769786056.4192724,1603.9387308533917,0.005,0.0,0.0,1.0,10.0,0.6039387308533917,0
1769786056.4215696,1603.917301414581,0.005,0.0,0.0,1.0,10.0,0.6039173014145811,0
1769786056.4237015,1603.8961038961038,0.005,0.0,0.0,1.0,10.0,0.6038961038961039,0
1769786056.4258606,1603.8751345532833,0.005,0.0,0.0,1.0,10.0,0.6038751345532833,0
1769786056.4280646,1603.8543897216275,0.005,0.0,0.0,1.0,10.0,0.6038543897216275,0
1769786056.43029,1603.8338658146963,0.005,0.0,0.0,1.0,10.0,0.6038338658146964,0
1769786056.4324632,1603.813559322034,0.005,0.0,0.0,1.0,10.0,0.6038135593220342,0
1769786056.4348998,1603.7934668071655,0.005,0.0,0.0,1.0,10.0,0.6037934668071656,0
1769786056.4372063,1603.7735849056605,0.005,0.0,0.0,1.0,10.0,0.6037735849056605,0
1769786056.43962,1603.7539103232534,0.005,0.0,0.0,1.0,10.0,0.6037539103232534,0
1769786056.441891,1603.734439834025,0.005,0.0,0.0,1.0,10.0,0.603734439834025,0
1769786056.4439867,1603.7151702786377,0.005,0.0,0.0,1.0,10.0,0.6037151702786379,0
1769786056.446049,1603.6960985626283,0.005,0.0,0.0,1.0,10.0,0.6036960985626283,0
1769786056.4483986,1603.67722165475,0.005,0.0,0.0,1.0,10.0,0.6036772216547499,0
1769786056.4503744,1603.658536585366,0.005,0.0,0.0,1.0,10.0,0.603658536585366,0
1769786056.4525878,1603.6400404448937,0.005,0.0,0.0,1.0,10.0,0.6036400404448936,0
1769786056.454871,1603.621730382294,0.005,0.0,0.0,1.0,10.0,0.6036217303822939,0
1769786056.4571445,1603.6036036036035,0.005,0.0,0.0,1.0,10.0,0.6036036036036034,0
1769786056.5194473,0.0,0.0,0.0,0.0,1.0,0.0,0.0,0
1769786056.5230222,2174.3291574224118,0.004017606572,0.0,0.0,1.0,10.0,1.2725685002224116,0
1769786056.5254755,2000.0,0.005,0.0,0.0,1.0,10.0,1.0,0
1769786056.5285802,1857.1428571428573,0.005,0.0,0.0,1.0,10.0,0.8571428571428574,0
1769786056.5307639,1789.4736842105262,0.005,0.0,0.0,1.0,10.0,0.7894736842105263,0
1769786056.532959,1750.0,0.005,0.0,0.0,1.0,10.0,0.75,0
1769786056.5352774,1724.1379310344828,0.005,0.0,0.0,1.0,10.0,0.7241379310344829,0
1769786056.53783,1705.8823529411766,0.005,0.0,0.0,1.0,10.0,0.7058823529411766,0
1769786056.5398452,1692.3076923076922,0.005,0.0,0.0,1.0,10.0,0.6923076923076923,0
1769786056.541956,1681.8181818181818,0.005,0.0,0.0,1.0,10.0,0.6818181818181819,0
1769786056.5439858,1673.4693877551022,0.005,0.0,0.0,1.0,10.0,0.6734693877551021,0
1769786056.5462,1666.6666666666665,0.005,0.0,0.0,1.0,10.0,0.6666666666666665,0
1769786056.5485184,1661.0169491525426,0.005,0.0,0.0,1.0,10.0,0.6610169491525426,0
1769786056.5511546,1656.25,0.005,0.0,0.0,1.0,10.0,0.65625,0
1769786056.5536625,1652.1739130434785,0.005,0.0,0.0,1.0,10.0,0.6521739130434785,0
1769786056.5557191,1648.6486486486488,0.005,0.0,0.0,1.0,10.0,0.6486486486486487,0
1769786056.5578992,1645.5696202531644,0.005,0.0,0.0,1.0,10.0,0.6455696202531644,0
1769786056.5598357,1642.857142857143,0.005,0.0,0.0,1.0,10.0,0.642857142857143,0
1769786056.5618336,1640.4494382022472,0.005,0.0,0.0,1.0,10.0,0.6404494382022472,0
1769786056.563993,1638.2978723404256,0.005,0.0,0.0,1.0,10.0,0.6382978723404256,0
1769786056.5661397,1636.3636363636365,0.005,0.0,0.0,1.0,10.0,0.6363636363636365,0
1769786056.5689733,1634.6153846153845,0.005,0.0,0.0,1.0,10.0,0.6346153846153846,0
1769786056.57123,1633.0275229357796,0.005,0.0,0.0,1.0,10.0,0.6330275229357796,0
1769786056.5738754,1631.5789473684213,0.005,0.0,0.0,1.0,10.0,0.6315789473684212,0
1769786056.575973,1630.2521008403362,0.005,0.0,0.0,1.0,10.0,0.6302521008403363,0
1769786056.5779302,1629.032258064516,0.005,0.0,0.0,1.0,10.0,0.6290322580645162,0
1769786056.5799792,1627.906976744186,0.005,0.0,0.0,1.0,10.0,0.627906976744186,0
1769786056.5830228,1626.8656716417909,0.005,0.0,0.0,1.0,10.0,0.6268656716417909,0
1769786056.585834,1625.8992805755397,0.005,0.0,0.0,1.0,10.0,0.6258992805755397,0
1769786056.5881035,1625.0,0.005,0.0,0.0,1.0,10.0,0.625,0
1769786056.590418,1624.1610738255033,0.005,0.0,0.0,1.0,10.0,0.6241610738255032,0
1769786056.5929453,1623.3766233766232,0.005,0.0,0.0,1.0,10.0,0.6233766233766234,0
1769786056.5952828,1622.6415094339625,0.005,0.0,0.0,1.0,10.0,0.6226415094339626,0
1769786056.5978217,1621.9512195121952,0.005,0.0,0.0,1.0,10.0,0.6219512195121952,0
1769786056.6002762,1621.301775147929,0.005,0.0,0.0,1.0,10.0,0.6213017751479291,0
1769786056.60245,1620.6896551724137,0.005,0.0,0.0,1.0,10.0,0.6206896551724137,0
1769786056.604788,1620.1117318435754,0.005,0.0,0.0,1.0,10.0,0.6201117318435754,0
1769786056.6072114,1619.5652173913045,0.005,0.0,0.0,1.0,10.0,0.6195652173913044,0
1769786056.609985,1619.047619047619,0.005,0.0,0.0,1.0,10.0,0.6190476190476191,0
1769786056.6123517,1618.5567010309278,0.005,0.0,0.0,1.0,10.0,0.6185567010309279,0
1769786056.6150172,1618.0904522613066,0.005,0.0,0.0,1.0,10.0,0.6180904522613067,0
1769786056.6172419,1617.6470588235293,0.005,0.0,0.0,1.0,10.0,0.6176470588235292,0
1769786056.6193697,1617.2248803827752,0.005,0.0,0.0,1.0,10.0,0.6172248803827751,0
1769786056.6218135,1616.8224299065419,0.005,0.0,0.0,1.0,10.0,0.6168224299065419,0
1769786056.6241667,1616.4383561643835,0.005,0.0,0.0,1.0,10.0,0.6164383561643836,0
1769786056.62651,1616.0714285714287,0.005,0.0,0.0,1.0,10.0,0.6160714285714286,0
1769786056.6292524,1615.7205240174671,0.005,0.0,0.0,1.0,10.0,0.6157205240174672,0
1769786056.6315763,1615.3846153846155,0.005,0.0,0.0,1.0,10.0,0.6153846153846154,0
1769786056.6338542,1615.062761506276,0.005,0.0,0.0,1.0,10.0,0.615062761506276,0
1769786056.636019,1614.7540983606557,0.005,0.0,0.0,1.0,10.0,0.6147540983606556,0
1769786056.6383247,1614.4578313253014,0.005,0.0,0.0,1.0,10.0,0.6144578313253015,0
1769786056.6405966,1614.1732283464567,0.005,0.0,0.0,1.0,10.0,0.6141732283464567,0
1769786056.6426945,1613.899613899614,0.005,0.0,0.0,1.0,10.0,0.613899613899614,0
1769786056.6449738,1613.6363636363635,0.005,0.0,0.0,1.0,10.0,0.6136363636363635,0
1769786056.6471546,1613.3828996282527,0.005,0.0,0.0,1.0,10.0,0.6133828996282529,0
1769786056.6493528,1613.138686131387,0.005,0.0,0.0,1.0,10.0,0.613138686131387,0
1769786056.6515656,1612.9032258064517,0.005,0.0,0.0,1.0,10.0,0.6129032258064517,0
1769786056.653778,1612.6760563380283,0.005,0.0,0.0,1.0,10.0,0.6126760563380282,0
1769786056.6559925,1612.4567474048442,0.005,0.0,0.0,1.0,10.0,0.6124567474048443,0
1769786056.6580596,1612.2448979591836,0.005,0.0,0.0,1.0,10.0,0.6122448979591837,0
1769786056.660269,1612.0401337792644,0.005,0.0,0.0,1.0,10.0,0.6120401337792645,0
1769786056.6628993,1611.842105263158,0.005,0.0,0.0,1.0,10.0,0.611842105263158,0
1769786056.6651385,1611.6504854368932,0.005,0.0,0.0,1.0,10.0,0.6116504854368932,0
1769786056.6672583,1611.4649681528663,0.005,0.0,0.0,1.0,10.0,0.6114649681528663,0
1769786056.669518,1611.2852664576803,0.005,0.0,0.0,1.0,10.0,0.6112852664576804,0
1769786056.6717796,1611.1111111111113,0.005,0.0,0.0,1.0,10.0,0.6111111111111114,0
1769786056.674014,1610.9422492401216,0.005,0.0,0.0,1.0,10.0,0.6109422492401215,0
1769786056.6759918,1610.7784431137725,0.005,0.0,0.0,1.0,10.0,0.6107784431137726,0
1769786056.678166,1610.6194690265486,0.005,0.0,0.0,1.0,10.0,0.6106194690265485,0
1769786056.6803524,1610.46511627907,0.005,0.0,0.0,1.0,10.0,0.61046511627907,0
1769786056.6824903,1610.3151862464185,0.005,0.0,0.0,1.0,10.0,0.6103151862464187,0
1769786056.6849158,1610.1694915254236,0.005,0.0,0.0,1.0,10.0,0.6101694915254237,0
1769786056.6872602,1610.0278551532035,0.005,0.0,0.0,1.0,10.0,0.6100278551532035,0
1769786056.689499,1609.89010989011,0.005,0.0,0.0,1.0,10.0,0.6098901098901099,0
1769786056.6916966,1609.7560975609756,0.005,0.0,0.0,1.0,10.0,0.6097560975609757,0
1769786056.693799,1609.625668449198,0.005,0.0,0.0,1.0,10.0,0.6096256684491981,0
1769786056.6958768,1609.4986807387863,0.005,0.0,0.0,1.0,10.0,0.6094986807387863,0
1769786056.6980112,1609.375,0.005,0.0,0.0,1.0,10.0,0.609375,0
1769786056.7004733,1609.254498714653,0.005,0.0,0.0,1.0,10.0,0.6092544987146531,0
1769786056.7035306,1609.1370558375634,0.005,0.0,0.0,1.0,10.0,0.6091370558375635,0
1769786056.706155,1609.0225563909776,0.005,0.0,0.0,1.0,10.0,0.6090225563909777,0
1769786056.7088408,1608.9108910891089,0.005,0.0,0.0,1.0,10.0,0.608910891089109,0
1769786056.7110245,1608.80195599022,0.005,0.0,0.0,1.0,10.0,0.60880195599022,0
1769786056.7130325,1608.6956521739132,0.005,0.0,0.0,1.0,10.0,0.6086956521739133,0
1769786056.7149312,1608.5918854415277,0.005,0.0,0.0,1.0,10.0,0.6085918854415278,0
1769786056.7173615,1608.4905660377358,0.005,0.0,0.0,1.0,10.0,0.6084905660377358,0
1769786056.7196357,1608.3916083916083,0.005,0.0,0.0,1.0,10.0,0.6083916083916083,0
1769786056.7218702,1608.294930875576,0.005,0.0,0.0,1.0,10.0,0.6082949308755761,0
1769786056.7239537,1608.2004555808658,0.005,0.0,0.0,1.0,10.0,0.6082004555808658,0
1769786056.7262795,1608.1081081081084,0.005,0.0,0.0,1.0,10.0,0.6081081081081083,0
1769786056.7284527,1608.0178173719376,0.005,0.0,0.0,1.0,10.0,0.6080178173719375,0
1769786056.7306128,1607.9295154185022,0.005,0.0,0.0,1.0,10.0,0.6079295154185023,0
1769786056.7327113,1607.843137254902,0.005,0.0,0.0,1.0,10.0,0.6078431372549022,0
1769786056.7349215,1607.7586206896553,0.005,0.0,0.0,1.0,10.0,0.6077586206896555,0
1769786056.737183,1607.675906183369,0.005,0.0,0.0,1.0,10.0,0.6076759061833692,0
1769786056.7392282,1607.5949367088606,0.005,0.0,0.0,1.0,10.0,0.6075949367088607,0
1769786056.7414784,1607.5156576200418,0.005,0.0,0.0,1.0,10.0,0.6075156576200418,0
1769786056.743682,1607.4380165289256,0.005,0.0,0.0,1.0,10.0,0.6074380165289257,0
1769786056.7460713,1607.361963190184,0.005,0.0,0.0,1.0,10.0,0.6073619631901841,0
1769786056.7483807,1607.2874493927127,0.005,0.0,0.0,1.0,10.0,0.6072874493927127,0
1769786056.7504973,1607.2144288577153,0.005,0.0,0.0,1.0,10.0,0.6072144288577155,0
1769786056.7526028,1607.142857142857,0.005,0.0,0.0,1.0,10.0,0.6071428571428572,0
1769786056.7546642,1607.072691552063,0.005,0.0,0.0,1.0,10.0,0.607072691552063,0
1769786056.7570083,1607.0038910505837,0.005,0.0,0.0,1.0,10.0,0.6070038910505837,0
1769786056.7592428,1606.9364161849712,0.005,0.0,0.0,1.0,10.0,0.6069364161849713,0
1769786056.7615147,1606.8702290076335,0.005,0.0,0.0,1.0,10.0,0.6068702290076335,0
1769786056.763582,1606.805293005671,0.005,0.0,0.0,1.0,10.0,0.6068052930056711,0
1769786056.7657368,1606.741573033708,0.005,0.0,0.0,1.0,10.0,0.606741573033708,0
1769786056.767752,1606.6790352504638,0.005,0.0,0.0,1.0,10.0,0.6066790352504638,0
1769786056.7700276,1606.6176470588236,0.005,0.0,0.0,1.0,10.0,0.6066176470588236,0
1769786056.7722733,1606.5573770491803,0.005,0.0,0.0,1.0,10.0,0.6065573770491803,0
1769786056.7749581,1606.4981949458484,0.005,0.0,0.0,1.0,10.0,0.6064981949458483,0
1769786056.7769933,1606.4400715563506,0.005,0.0,0.0,1.0,10.0,0.6064400715563507,0
1769786056.7788332,1606.3829787234044,0.005,0.0,0.0,1.0,10.0,0.6063829787234045,0
1769786056.7810202,1606.3268892794376,0.005,0.0,0.0,1.0,10.0,0.6063268892794376,0
1769786056.7830734,1606.2717770034842,0.005,0.0,0.0,1.0,10.0,0.6062717770034842,0
1769786056.7850397,1606.217616580311,0.005,0.0,0.0,1.0,10.0,0.606217616580311,0
1769786056.7869656,1606.164383561644,0.005,0.0,0.0,1.0,10.0,0.6061643835616439,0
1769786056.7893035,1606.1120543293719,0.005,0.0,0.0,1.0,10.0,0.6061120543293719,0
1769786056.7914696,1606.0606060606062,0.005,0.0,0.0,1.0,10.0,0.6060606060606062,0
1769786056.7935705,1606.0100166944908,0.005,0.0,0.0,1.0,10.0,0.6060100166944908,0
1769786056.795732,1605.9602649006622,0.005,0.0,0.0,1.0,10.0,0.6059602649006621,0
1769786056.7979918,1605.911330049261,0.005,0.0,0.0,1.0,10.0,0.6059113300492611,0
1769786056.8000724,1605.8631921824106,0.005,0.0,0.0,1.0,10.0,0.6058631921824107,0
1769786056.802182,1605.815831987076,0.005,0.0,0.0,1.0,10.0,0.6058158319870761,0
1769786056.8044415,1605.7692307692307,0.005,0.0,0.0,1.0,10.0,0.6057692307692308,0
1769786056.8070233,1605.7233704292528,0.005,0.0,0.0,1.0,10.0,0.6057233704292528,0
1769786056.809257,1605.678233438486,0.005,0.0,0.0,1.0,10.0,0.605678233438486,0
1769786056.8111727,1605.6338028169014,0.005,0.0,0.0,1.0,10.0,0.6056338028169015,0
1769786056.8135476,1605.5900621118014,0.005,0.0,0.0,1.0,10.0,0.6055900621118016,0
1769786056.8160586,1605.546995377504,0.005,0.0,0.0,1.0,10.0,0.6055469953775039,0
1769786056.8185515,1605.5045871559632,0.005,0.0,0.0,1.0,10.0,0.6055045871559632,0
1769786056.8213809,1605.4628224582702,0.005,0.0,0.0,1.0,10.0,0.6054628224582703,0
1769786056.823863,1605.421686746988,0.005,0.0,0.0,1.0,10.0,0.6054216867469879,0
1769786056.8262336,1605.3811659192827,0.005,0.0,0.0,1.0,10.0,0.6053811659192827,0
1769786056.8285875,1605.341246290801,0.005,0.0,0.0,1.0,10.0,0.6053412462908012,0
1769786056.8307745,1605.301914580265,0.005,0.0,0.0,1.0,10.0,0.6053019145802649,0
1769786056.8331661,1605.2631578947369,0.005,0.0,0.0,1.0,10.0,0.605263157894737,0
1769786056.8352602,1605.2249637155298,0.005,0.0,0.0,1.0,10.0,0.6052249637155298,0
1769786056.837548,1605.1873198847263,0.005,0.0,0.0,1.0,10.0,0.6051873198847264,0
1769786056.8396587,1605.1502145922746,0.005,0.0,0.0,1.0,10.0,0.6051502145922747,0
1769786056.8417711,1605.1136363636363,0.005,0.0,0.0,1.0,10.0,0.6051136363636362,0
1769786056.843868,1605.0775740479548,0.005,0.0,0.0,1.0,10.0,0.6050775740479548,0
1769786056.846198,1605.0420168067228,0.005,0.0,0.0,1.0,10.0,0.6050420168067228,0
1769786056.8485332,1605.0069541029209,0.005,0.0,0.0,1.0,10.0,0.6050069541029208,0
1769786056.8505306,1604.9723756906076,0.005,0.0,0.0,1.0,10.0,0.6049723756906076,0
1769786056.852761,1604.9382716049383,0.005,0.0,0.0,1.0,10.0,0.6049382716049383,0
1769786056.855079,1604.9046321525886,0.005,0.0,0.0,1.0,10.0,0.6049046321525886,0
1769786056.857261,1604.8714479025712,0.005,0.0,0.0,1.0,10.0,0.6048714479025712,0
1769786056.8591702,1604.8387096774195,0.005,0.0,0.0,1.0,10.0,0.6048387096774195,0
1769786056.861636,1604.8064085447263,0.005,0.0,0.0,1.0,10.0,0.6048064085447264,0
1769786056.8638742,1604.7745358090185,0.005,0.0,0.0,1.0,10.0,0.6047745358090186,0
1769786056.8659918,1604.7430830039525,0.005,0.0,0.0,1.0,10.0,0.6047430830039526,0
1769786056.8682745,1604.712041884817,0.005,0.0,0.0,1.0,10.0,0.6047120418848169,0
1769786056.870447,1604.6814044213265,0.005,0.0,0.0,1.0,10.0,0.6046814044213267,0
1769786056.8724322,1604.6511627906975,0.005,0.0,0.0,1.0,10.0,0.6046511627906976,0
1769786056.8744314,1604.6213093709885,0.005,0.0,0.0,1.0,10.0,0.6046213093709885,0
1769786056.8765535,1604.591836734694,0.005,0.0,0.0,1.0,10.0,0.6045918367346941,0
1769786056.878586,1604.5627376425857,0.005,0.0,0.0,1.0,10.0,0.6045627376425857,0
1769786056.8805969,1604.5340050377836,0.005,0.0,0.0,1.0,10.0,0.6045340050377837,0
1769786056.8825753,1604.50563204005,0.005,0.0,0.0,1.0,10.0,0.6045056320400499,0
1769786056.8848739,1604.4776119402986,0.005,0.0,0.0,1.0,10.0,0.6044776119402986,0
1769786056.8870645,1604.4499381953028,0.005,0.0,0.0,1.0,10.0,0.6044499381953028,0
1769786056.889385,1604.4226044226043,0.005,0.0,0.0,1.0,10.0,0.6044226044226044,0
1769786056.891429,1604.3956043956046,0.005,0.0,0.0,1.0,10.0,0.6043956043956047,0
1769786056.8941677,1604.3689320388348,0.005,0.0,0.0,1.0,10.0,0.6043689320388348,0
1769786056.8962996,1604.342581423402,0.005,0.0,0.0,1.0,10.0,0.604342581423402,0
1769786056.8983793,1604.31654676259,0.005,0.0,0.0,1.0,10.0,0.60431654676259,0
1769786056.9004998,1604.290822407628,0.005,0.0,0.0,1.0,10.0,0.604290822407628,0
1769786056.9026937,1604.265402843602,0.005,0.0,0.0,1.0,10.0,0.6042654028436021,0
1769786056.904754,1604.2402826855123,0.005,0.0,0.0,1.0,10.0,0.6042402826855122,0
1769786056.90684,1604.2154566744732,0.005,0.0,0.0,1.0,10.0,0.6042154566744733,0
1769786056.9090865,1604.1909196740396,0.005,0.0,0.0,1.0,10.0,0.6041909196740396,0
1769786056.9112282,1604.1666666666665,0.005,0.0,0.0,1.0,10.0,0.6041666666666665,0
1769786056.913427,1604.1426927502878,0.005,0.0,0.0,1.0,10.0,0.6041426927502878,0
1769786056.9156158,1604.1189931350114,0.005,0.0,0.0,1.0,10.0,0.6041189931350115,0
1769786056.918322,1604.095563139932,0.005,0.0,0.0,1.0,10.0,0.6040955631399321,0
1769786056.920523,1604.0723981900453,0.005,0.0,0.0,1.0,10.0,0.6040723981900453,0
1769786056.9226542,1604.0494938132733,0.005,0.0,0.0,1.0,10.0,0.6040494938132734,0
1769786056.9247968,1604.026845637584,0.005,0.0,0.0,1.0,10.0,0.6040268456375841,0
1769786056.926809,1604.0044493882092,0.005,0.0,0.0,1.0,10.0,0.6040044493882093,0
1769786056.9289856,1603.982300884956,0.005,0.0,0.0,1.0,10.0,0.6039823008849561,0
1769786056.9310734,1603.960396039604,0.005,0.0,0.0,1.0,10.0,0.6039603960396038,0
1769786056.9333909,1603.9387308533917,0.005,0.0,0.0,1.0,10.0,0.6039387308533917,0
1769786056.9355128,1603.917301414581,0.005,0.0,0.0,1.0,10.0,0.6039173014145811,0
1769786056.9379623,1603.8961038961038,0.005,0.0,0.0,1.0,10.0,0.6038961038961039,0
1769786056.940395,1603.8751345532833,0.005,0.0,0.0,1.0,10.0,0.6038751345532833,0
1769786056.9427097,1603.8543897216275,0.005,0.0,0.0,1.0,10.0,0.6038543897216275,0
1769786056.9451618,1603.8338658146963,0.005,0.0,0.0,1.0,10.0,0.6038338658146964,0
1769786056.9473112,1603.813559322034,0.005,0.0,0.0,1.0,10.0,0.6038135593220342,0
1769786056.9495416,1603.7934668071655,0.005,0.0,0.0,1.0,10.0,0.6037934668071656,0
1769786056.951735,1603.7735849056605,0.005,0.0,0.0,1.0,10.0,0.6037735849056605,0
1769786056.9540074,1603.7539103232534,0.005,0.0,0.0,1.0,10.0,0.6037539103232534,0
1769786056.956315,1603.734439834025,0.005,0.0,0.0,1.0,10.0,0.603734439834025,0
1769786056.9584045,1603.7151702786377,0.005,0.0,0.0,1.0,10.0,0.6037151702786379,0
1769786056.96051,1603.6960985626283,0.005,0.0,0.0,1.0,10.0,0.6036960985626283,0
1769786056.9625127,1603.67722165475,0.005,0.0,0.0,1.0,10.0,0.6036772216547499,0
1769786056.9649622,1603.658536585366,0.005,0.0,0.0,1.0,10.0,0.603658536585366,0
1769786056.9670296,1603.6400404448937,0.005,0.0,0.0,1.0,10.0,0.6036400404448936,0
1769786056.9691217,1603.621730382294,0.005,0.0,0.0,1.0,10.0,0.6036217303822939,0
1769786056.9710574,1603.6036036036035,0.005,0.0,0.0,1.0,10.0,0.6036036036036034,0
1769786057.0299046,0.0,0.0,0.0,0.0,1.0,0.0,0.0,0
1769786057.0331526,2090.3183150383056,0.004320792407,0.0,0.0,1.0,10.0,1.1582390743383055,0
1769786057.0352693,2000.0,0.005,0.0,0.0,1.0,10.0,1.0,0
1769786057.0380528,1857.1428571428573,0.005,0.0,0.0,1.0,10.0,0.8571428571428574,0
1769786057.040234,1789.4736842105262,0.005,0.0,0.0,1.0,10.0,0.7894736842105263,0
1769786057.0421696,1750.0,0.005,0.0,0.0,1.0,10.0,0.75,0
1769786057.0443847,1724.1379310344828,0.005,0.0,0.0,1.0,10.0,0.7241379310344829,0
1769786057.0470316,1705.8823529411766,0.005,0.0,0.0,1.0,10.0,0.7058823529411766,0
1769786057.0491467,1692.3076923076922,0.005,0.0,0.0,1.0,10.0,0.6923076923076923,0
1769786057.0511491,1681.8181818181818,0.005,0.0,0.0,1.0,10.0,0.6818181818181819,0
1769786057.0533144,1673.4693877551022,0.005,0.0,0.0,1.0,10.0,0.6734693877551021,0
1769786057.0555487,1666.6666666666665,0.005,0.0,0.0,1.0,10.0,0.6666666666666665,0
1769786057.0579658,1661.0169491525426,0.005,0.0,0.0,1.0,10.0,0.6610169491525426,0
1769786057.060415,1656.25,0.005,0.0,0.0,1.0,10.0,0.65625,0
1769786057.0627298,1652.1739130434785,0.005,0.0,0.0,1.0,10.0,0.6521739130434785,0
1769786057.0650225,1648.6486486486488,0.005,0.0,0.0,1.0,10.0,0.6486486486486487,0
1769786057.067072,1645.5696202531644,0.005,0.0,0.0,1.0,10.0,0.6455696202531644,0
1769786057.0692382,1642.857142857143,0.005,0.0,0.0,1.0,10.0,0.642857142857143,0
1769786057.0715544,1640.4494382022472,0.005,0.0,0.0,1.0,10.0,0.6404494382022472,0
1769786057.0738146,1638.2978723404256,0.005,0.0,0.0,1.0,10.0,0.6382978723404256,0
1769786057.0760086,1636.3636363636365,0.005,0.0,0.0,1.0,10.0,0.6363636363636365,0
1769786057.0781188,1634.6153846153845,0.005,0.0,0.0,1.0,10.0,0.6346153846153846,0
1769786057.0802202,1633.0275229357796,0.005,0.0,0.0,1.0,10.0,0.6330275229357796,0
1769786057.0823271,1631.5789473684213,0.005,0.0,0.0,1.0,10.0,0.6315789473684212,0
1769786057.0846148,1630.2521008403362,0.005,0.0,0.0,1.0,10.0,0.6302521008403363,0
1769786057.087421,1629.032258064516,0.005,0.0,0.0,1.0,10.0,0.6290322580645162,0
1769786057.090642,1627.906976744186,0.005,0.0,0.0,1.0,10.0,0.627906976744186,0
1769786057.0932543,1626.8656716417909,0.005,0.0,0.0,1.0,10.0,0.6268656716417909,0
1769786057.0970473,1625.8992805755397,0.005,0.0,0.0,1.0,10.0,0.6258992805755397,0
1769786057.0994446,1625.0,0.005,0.0,0.0,1.0,10.0,0.625,0
1769786057.1019216,1624.1610738255033,0.005,0.0,0.0,1.0,10.0,0.6241610738255032,0
1769786057.104331,1623.3766233766232,0.005,0.0,0.0,1.0,10.0,0.6233766233766234,0
1769786057.1063752,1622.6415094339625,0.005,0.0,0.0,1.0,10.0,0.6226415094339626,0
1769786057.108688,1621.9512195121952,0.005,0.0,0.0,1.0,10.0,0.6219512195121952,0
1769786057.1108487,1621.301775147929,0.005,0.0,0.0,1.0,10.0,0.6213017751479291,0
1769786057.1129613,1620.6896551724137,0.005,0.0,0.0,1.0,10.0,0.6206896551724137,0
1769786057.1154842,1620.1117318435754,0.005,0.0,0.0,1.0,10.0,0.6201117318435754,0
1769786057.118011,1619.5652173913045,0.005,0.0,0.0,1.0,10.0,0.6195652173913044,0
1769786057.1204753,1619.047619047619,0.005,0.0,0.0,1.0,10.0,0.6190476190476191,0
1769786057.1225867,1618.5567010309278,0.005,0.0,0.0,1.0,10.0,0.6185567010309279,0
1769786057.124871,1618.0904522613066,0.005,0.0,0.0,1.0,10.0,0.6180904522613067,0
1769786057.1269865,1617.6470588235293,0.005,0.0,0.0,1.0,10.0,0.6176470588235292,0
1769786057.1297877,1617.2248803827752,0.005,0.0,0.0,1.0,10.0,0.6172248803827751,0
1769786057.1325104,1616.8224299065419,0.005,0.0,0.0,1.0,10.0,0.6168224299065419,0
1769786057.1347966,1616.4383561643835,0.005,0.0,0.0,1.0,10.0,0.6164383561643836,0
1769786057.137086,1616.0714285714287,0.005,0.0,0.0,1.0,10.0,0.6160714285714286,0
1769786057.1397247,1615.7205240174671,0.005,0.0,0.0,1.0,10.0,0.6157205240174672,0
1769786057.142124,1615.3846153846155,0.005,0.0,0.0,1.0,10.0,0.6153846153846154,0
1769786057.1444798,1615.062761506276,0.005,0.0,0.0,1.0,10.0,0.615062761506276,0
1769786057.146553,1614.7540983606557,0.005,0.0,0.0,1.0,10.0,0.6147540983606556,0
1769786057.1488955,1614.4578313253014,0.005,0.0,0.0,1.0,10.0,0.6144578313253015,0
1769786057.1510358,1614.1732283464567,0.005,0.0,0.0,1.0,10.0,0.6141732283464567,0
1769786057.1532784,1613.899613899614,0.005,0.0,0.0,1.0,10.0,0.613899613899614,0
1769786057.1556284,1613.6363636363635,0.005,0.0,0.0,1.0,10.0,0.6136363636363635,0
1769786057.158001,1613.3828996282527,0.005,0.0,0.0,1.0,10.0,0.6133828996282529,0
1769786057.1602464,1613.138686131387,0.005,0.0,0.0,1.0,10.0,0.613138686131387,0
1769786057.1624033,1612.9032258064517,0.005,0.0,0.0,1.0,10.0,0.6129032258064517,0
1769786057.1645937,1612.6760563380283,0.005,0.0,0.0,1.0,10.0,0.6126760563380282,0
1769786057.1668458,1612.4567474048442,0.005,0.0,0.0,1.0,10.0,0.6124567474048443,0
1769786057.1689713,1612.2448979591836,0.005,0.0,0.0,1.0,10.0,0.6122448979591837,0
1769786057.1711457,1612.0401337792644,0.005,0.0,0.0,1.0,10.0,0.6120401337792645,0
1769786057.173753,1611.842105263158,0.005,0.0,0.0,1.0,10.0,0.611842105263158,0
1769786057.176297,1611.6504854368932,0.005,0.0,0.0,1.0,10.0,0.6116504854368932,0
1769786057.17861,1611.4649681528663,0.005,0.0,0.0,1.0,10.0,0.6114649681528663,0
1769786057.1813343,1611.2852664576803,0.005,0.0,0.0,1.0,10.0,0.6112852664576804,0
1769786057.1836278,1611.1111111111113,0.005,0.0,0.0,1.0,10.0,0.6111111111111114,0
1769786057.1857693,1610.9422492401216,0.005,0.0,0.0,1.0,10.0,0.6109422492401215,0
1769786057.1879184,1610.7784431137725,0.005,0.0,0.0,1.0,10.0,0.6107784431137726,0
1769786057.1900449,1610.6194690265486,0.005,0.0,0.0,1.0,10.0,0.6106194690265485,0
1769786057.1924286,1610.46511627907,0.005,0.0,0.0,1.0,10.0,0.61046511627907,0
1769786057.194594,1610.3151862464185,0.005,0.0,0.0,1.0,10.0,0.6103151862464187,0
1769786057.1968427,1610.1694915254236,0.005,0.0,0.0,1.0,10.0,0.6101694915254237,0
1769786057.1990132,1610.0278551532035,0.005,0.0,0.0,1.0,10.0,0.6100278551532035,0
1769786057.2011998,1609.89010989011,0.005,0.0,0.0,1.0,10.0,0.6098901098901099,0
1769786057.2035072,1609.7560975609756,0.005,0.0,0.0,1.0,10.0,0.6097560975609757,0
1769786057.2061565,1609.625668449198,0.005,0.0,0.0,1.0,10.0,0.6096256684491981,0
1769786057.2082477,1609.4986807387863,0.005,0.0,0.0,1.0,10.0,0.6094986807387863,0
1769786057.2101307,1609.375,0.005,0.0,0.0,1.0,10.0,0.609375,0
1769786057.2121537,1609.254498714653,0.005,0.0,0.0,1.0,10.0,0.6092544987146531,0
1769786057.2143,1609.1370558375634,0.005,0.0,0.0,1.0,10.0,0.6091370558375635,0
1769786057.2163823,1609.0225563909776,0.005,0.0,0.0,1.0,10.0,0.6090225563909777,0
1769786057.2186353,1608.9108910891089,0.005,0.0,0.0,1.0,10.0,0.608910891089109,0
1769786057.2212288,1608.80195599022,0.005,0.0,0.0,1.0,10.0,0.60880195599022,0
1769786057.2234025,1608.6956521739132,0.005,0.0,0.0,1.0,10.0,0.6086956521739133,0
1769786057.2255676,1608.5918854415277,0.005,0.0,0.0,1.0,10.0,0.6085918854415278,0
1769786057.2278175,1608.4905660377358,0.005,0.0,0.0,1.0,10.0,0.6084905660377358,0
1769786057.2300162,1608.3916083916083,0.005,0.0,0.0,1.0,10.0,0.6083916083916083,0
1769786057.2322214,1608.294930875576,0.005,0.0,0.0,1.0,10.0,0.6082949308755761,0
1769786057.235058,1608.2004555808658,0.005,0.0,0.0,1.0,10.0,0.6082004555808658,0
1769786057.2381368,1608.1081081081084,0.005,0.0,0.0,1.0,10.0,0.6081081081081083,0
1769786057.2405508,1608.0178173719376,0.005,0.0,0.0,1.0,10.0,0.6080178173719375,0
1769786057.2434866,1607.9295154185022,0.005,0.0,0.0,1.0,10.0,0.6079295154185023,0
1769786057.2458475,1607.843137254902,0.005,0.0,0.0,1.0,10.0,0.6078431372549022,0
1769786057.2484405,1607.7586206896553,0.005,0.0,0.0,1.0,10.0,0.6077586206896555,0
1769786057.251067,1607.675906183369,0.005,0.0,0.0,1.0,10.0,0.6076759061833692,0
1769786057.2538483,1607.5949367088606,0.005,0.0,0.0,1.0,10.0,0.6075949367088607,0
1769786057.2562048,1607.5156576200418,0.005,0.0,0.0,1.0,10.0,0.6075156576200418,0
1769786057.258447,1607.4380165289256,0.005,0.0,0.0,1.0,10.0,0.6074380165289257,0
1769786057.2610295,1607.361963190184,0.005,0.0,0.0,1.0,10.0,0.6073619631901841,0
1769786057.2635224,1607.2874493927127,0.005,0.0,0.0,1.0,10.0,0.6072874493927127,0
1769786057.2667654,1607.2144288577153,0.005,0.0,0.0,1.0,10.0,0.6072144288577155,0
1769786057.270132,1607.142857142857,0.005,0.0,0.0,1.0,10.0,0.6071428571428572,0
1769786057.2722762,1607.072691552063,0.005,0.0,0.0,1.0,10.0,0.607072691552063,0
1769786057.2745035,1607.0038910505837,0.005,0.0,0.0,1.0,10.0,0.6070038910505837,0
1769786057.2767975,1606.9364161849712,0.005,0.0,0.0,1.0,10.0,0.6069364161849713,0
1769786057.279334,1606.8702290076335,0.005,0.0,0.0,1.0,10.0,0.6068702290076335,0
1769786057.2818868,1606.805293005671,0.005,0.0,0.0,1.0,10.0,0.6068052930056711,0
1769786057.284332,1606.741573033708,0.005,0.0,0.0,1.0,10.0,0.606741573033708,0
1769786057.2865674,1606.6790352504638,0.005,0.0,0.0,1.0,10.0,0.6066790352504638,0
1769786057.288811,1606.6176470588236,0.005,0.0,0.0,1.0,10.0,0.6066176470588236,0
1769786057.2911181,1606.5573770491803,0.005,0.0,0.0,1.0,10.0,0.6065573770491803,0
1769786057.2944198,1606.4981949458484,0.005,0.0,0.0,1.0,10.0,0.6064981949458483,0
1769786057.2971044,1606.4400715563506,0.005,0.0,0.0,1.0,10.0,0.6064400715563507,0
1769786057.3000083,1606.3829787234044,0.005,0.0,0.0,1.0,10.0,0.6063829787234045,0
1769786057.3031747,1606.3268892794376,0.005,0.0,0.0,1.0,10.0,0.6063268892794376,0
1769786057.306093,1606.2717770034842,0.005,0.0,0.0,1.0,10.0,0.6062717770034842,0
1769786057.309084,1606.217616580311,0.005,0.0,0.0,1.0,10.0,0.606217616580311,0
1769786057.3114011,1606.164383561644,0.005,0.0,0.0,1.0,10.0,0.6061643835616439,0
1769786057.313844,1606.1120543293719,0.005,0.0,0.0,1.0,10.0,0.6061120543293719,0
1769786057.3162863,1606.0606060606062,0.005,0.0,0.0,1.0,10.0,0.6060606060606062,0
1769786057.3187306,1606.0100166944908,0.005,0.0,0.0,1.0,10.0,0.6060100166944908,0
1769786057.3213134,1605.9602649006622,0.005,0.0,0.0,1.0,10.0,0.6059602649006621,0
1769786057.3239954,1605.911330049261,0.005,0.0,0.0,1.0,10.0,0.6059113300492611,0
1769786057.3264713,1605.8631921824106,0.005,0.0,0.0,1.0,10.0,0.6058631921824107,0
1769786057.3287864,1605.815831987076,0.005,0.0,0.0,1.0,10.0,0.6058158319870761,0
1769786057.330988,1605.7692307692307,0.005,0.0,0.0,1.0,10.0,0.6057692307692308,0
1769786057.333459,1605.7233704292528,0.005,0.0,0.0,1.0,10.0,0.6057233704292528,0
1769786057.3355632,1605.678233438486,0.005,0.0,0.0,1.0,10.0,0.605678233438486,0
1769786057.338027,1605.6338028169014,0.005,0.0,0.0,1.0,10.0,0.6056338028169015,0
1769786057.3403773,1605.5900621118014,0.005,0.0,0.0,1.0,10.0,0.6055900621118016,0
1769786057.3424973,1605.546995377504,0.005,0.0,0.0,1.0,10.0,0.6055469953775039,0
1769786057.344588,1605.5045871559632,0.005,0.0,0.0,1.0,10.0,0.6055045871559632,0
1769786057.3469741,1605.4628224582702,0.005,0.0,0.0,1.0,10.0,0.6054628224582703,0
1769786057.3493435,1605.421686746988,0.005,0.0,0.0,1.0,10.0,0.6054216867469879,0
1769786057.3517337,1605.3811659192827,0.005,0.0,0.0,1.0,10.0,0.6053811659192827,0
1769786057.353793,1605.341246290801,0.005,0.0,0.0,1.0,10.0,0.6053412462908012,0
1769786057.355839,1605.301914580265,0.005,0.0,0.0,1.0,10.0,0.6053019145802649,0
1769786057.3578508,1605.2631578947369,0.005,0.0,0.0,1.0,10.0,0.605263157894737,0
1769786057.3598921,1605.2249637155298,0.005,0.0,0.0,1.0,10.0,0.6052249637155298,0
1769786057.3620577,1605.1873198847263,0.005,0.0,0.0,1.0,10.0,0.6051873198847264,0
1769786057.3642714,1605.1502145922746,0.005,0.0,0.0,1.0,10.0,0.6051502145922747,0
1769786057.3665206,1605.1136363636363,0.005,0.0,0.0,1.0,10.0,0.6051136363636362,0
1769786057.3689232,1605.0775740479548,0.005,0.0,0.0,1.0,10.0,0.6050775740479548,0
1769786057.3710163,1605.0420168067228,0.005,0.0,0.0,1.0,10.0,0.6050420168067228,0
1769786057.3732438,1605.0069541029209,0.005,0.0,0.0,1.0,10.0,0.6050069541029208,0
1769786057.3753517,1604.9723756906076,0.005,0.0,0.0,1.0,10.0,0.6049723756906076,0
1769786057.3776004,1604.9382716049383,0.005,0.0,0.0,1.0,10.0,0.6049382716049383,0
1769786057.3798678,1604.9046321525886,0.005,0.0,0.0,1.0,10.0,0.6049046321525886,0
1769786057.3824468,1604.8714479025712,0.005,0.0,0.0,1.0,10.0,0.6048714479025712,0
1769786057.384675,1604.8387096774195,0.005,0.0,0.0,1.0,10.0,0.6048387096774195,0
1769786057.3869529,1604.8064085447263,0.005,0.0,0.0,1.0,10.0,0.6048064085447264,0
1769786057.3892913,1604.7745358090185,0.005,0.0,0.0,1.0,10.0,0.6047745358090186,0
1769786057.391406,1604.7430830039525,0.005,0.0,0.0,1.0,10.0,0.6047430830039526,0
1769786057.3935313,1604.712041884817,0.005,0.0,0.0,1.0,10.0,0.6047120418848169,0
1769786057.395835,1604.6814044213265,0.005,0.0,0.0,1.0,10.0,0.6046814044213267,0
1769786057.3982568,1604.6511627906975,0.005,0.0,0.0,1.0,10.0,0.6046511627906976,0
1769786057.400393,1604.6213093709885,0.005,0.0,0.0,1.0,10.0,0.6046213093709885,0
1769786057.4027476,1604.591836734694,0.005,0.0,0.0,1.0,10.0,0.6045918367346941,0
1769786057.4053154,1604.5627376425857,0.005,0.0,0.0,1.0,10.0,0.6045627376425857,0
1769786057.4076834,1604.5340050377836,0.005,0.0,0.0,1.0,10.0,0.6045340050377837,0
1769786057.4099576,1604.50563204005,0.005,0.0,0.0,1.0,10.0,0.6045056320400499,0
1769786057.4125097,1604.4776119402986,0.005,0.0,0.0,1.0,10.0,0.6044776119402986,0
1769786057.4158833,1604.4499381953028,0.005,0.0,0.0,1.0,10.0,0.6044499381953028,0
1769786057.4185908,1604.4226044226043,0.005,0.0,0.0,1.0,10.0,0.6044226044226044,0
1769786057.4213495,1604.3956043956046,0.005,0.0,0.0,1.0,10.0,0.6043956043956047,0
1769786057.4234412,1604.3689320388348,0.005,0.0,0.0,1.0,10.0,0.6043689320388348,0
1769786057.4258268,1604.342581423402,0.005,0.0,0.0,1.0,10.0,0.604342581423402,0
1769786057.428373,1604.31654676259,0.005,0.0,0.0,1.0,10.0,0.60431654676259,0
1769786057.4308121,1604.290822407628,0.005,0.0,0.0,1.0,10.0,0.604290822407628,0
1769786057.4334123,1604.265402843602,0.005,0.0,0.0,1.0,10.0,0.6042654028436021,0
1769786057.4359639,1604.2402826855123,0.005,0.0,0.0,1.0,10.0,0.6042402826855122,0
1769786057.438454,1604.2154566744732,0.005,0.0,0.0,1.0,10.0,0.6042154566744733,0
1769786057.441234,1604.1909196740396,0.005,0.0,0.0,1.0,10.0,0.6041909196740396,0
1769786057.4441357,1604.1666666666665,0.005,0.0,0.0,1.0,10.0,0.6041666666666665,0
1769786057.4466064,1604.1426927502878,0.005,0.0,0.0,1.0,10.0,0.6041426927502878,0
1769786057.449002,1604.1189931350114,0.005,0.0,0.0,1.0,10.0,0.6041189931350115,0
1769786057.4513724,1604.095563139932,0.005,0.0,0.0,1.0,10.0,0.6040955631399321,0
1769786057.453589,1604.0723981900453,0.005,0.0,0.0,1.0,10.0,0.6040723981900453,0
1769786057.4555583,1604.0494938132733,0.005,0.0,0.0,1.0,10.0,0.6040494938132734,0
1769786057.4577138,1604.026845637584,0.005,0.0,0.0,1.0,10.0,0.6040268456375841,0
1769786057.4599938,1604.0044493882092,0.005,0.0,0.0,1.0,10.0,0.6040044493882093,0
1769786057.4622812,1603.982300884956,0.005,0.0,0.0,1.0,10.0,0.6039823008849561,0
1769786057.464523,1603.960396039604,0.005,0.0,0.0,1.0,10.0,0.6039603960396038,0
1769786057.4666493,1603.9387308533917,0.005,0.0,0.0,1.0,10.0,0.6039387308533917,0
1769786057.4692142,1603.917301414581,0.005,0.0,0.0,1.0,10.0,0.6039173014145811,0
1769786057.4713352,1603.8961038961038,0.005,0.0,0.0,1.0,10.0,0.6038961038961039,0
1769786057.4735706,1603.8751345532833,0.005,0.0,0.0,1.0,10.0,0.6038751345532833,0
1769786057.4759183,1603.8543897216275,0.005,0.0,0.0,1.0,10.0,0.6038543897216275,0
1769786057.4781466,1603.8338658146963,0.005,0.0,0.0,1.0,10.0,0.6038338658146964,0
1769786057.48039,1603.813559322034,0.005,0.0,0.0,1.0,10.0,0.6038135593220342,0
1769786057.4825938,1603.7934668071655,0.005,0.0,0.0,1.0,10.0,0.6037934668071656,0
1769786057.485073,1603.7735849056605,0.005,0.0,0.0,1.0,10.0,0.6037735849056605,0
1769786057.4871745,1603.7539103232534,0.005,0.0,0.0,1.0,10.0,0.6037539103232534,0
1769786057.4892378,1603.734439834025,0.005,0.0,0.0,1.0,10.0,0.603734439834025,0
1769786057.4913511,1603.7151702786377,0.005,0.0,0.0,1.0,10.0,0.6037151702786379,0
1769786057.4935944,1603.6960985626283,0.005,0.0,0.0,1.0,10.0,0.6036960985626283,0
1769786057.4957848,1603.67722165475,0.005,0.0,0.0,1.0,10.0,0.6036772216547499,0
1769786057.498026,1603.658536585366,0.005,0.0,0.0,1.0,10.0,0.603658536585366,0
1769786057.5006588,1603.6400404448937,0.005,0.0,0.0,1.0,10.0,0.6036400404448936,0
1769786057.5035486,1603.621730382294,0.005,0.0,0.0,1.0,10.0,0.6036217303822939,0
1769786057.5060022,1603.6036036036035,0.005,0.0,0.0,1.0,10.0,0.6036036036036034,0
1769786057.5679812,0.0,0.0,0.0,0.0,1.0,0.0,0.0,0
1769786057.5711095,2382.9415051190263,0.0040701177219999995,0.0,0.0,1.0,10.0,1.4759297329190264,0
1769786057.5736344,2000.0,0.005,0.0,0.0,1.0,10.0,1.0,0
1769786057.5757267,1857.1428571428573,0.005,0.0,0.0,1.0,10.0,0.8571428571428574,0
1769786057.5778081,1789.4736842105262,0.005,0.0,0.0,1.0,10.0,0.7894736842105263,0
1769786057.5803006,1750.0,0.005,0.0,0.0,1.0,10.0,0.75,0
1769786057.5823746,1724.1379310344828,0.005,0.0,0.0,1.0,10.0,0.7241379310344829,0
1769786057.5843039,1705.8823529411766,0.005,0.0,0.0,1.0,10.0,0.7058823529411766,0
1769786057.586496,1692.3076923076922,0.005,0.0,0.0,1.0,10.0,0.6923076923076923,0
1769786057.5890846,1681.8181818181818,0.005,0.0,0.0,1.0,10.0,0.6818181818181819,0
1769786057.5911503,1673.4693877551022,0.005,0.0,0.0,1.0,10.0,0.6734693877551021,0
1769786057.593289,1666.6666666666665,0.005,0.0,0.0,1.0,10.0,0.6666666666666665,0
1769786057.5954957,1661.0169491525426,0.005,0.0,0.0,1.0,10.0,0.6610169491525426,0
1769786057.5976574,1656.25,0.005,0.0,0.0,1.0,10.0,0.65625,0
1769786057.5996964,1652.1739130434785,0.005,0.0,0.0,1.0,10.0,0.6521739130434785,0
1769786057.6018622,1648.6486486486488,0.005,0.0,0.0,1.0,10.0,0.6486486486486487,0
1769786057.6041434,1645.5696202531644,0.005,0.0,0.0,1.0,10.0,0.6455696202531644,0
1769786057.6062014,1642.857142857143,0.005,0.0,0.0,1.0,10.0,0.642857142857143,0
1769786057.6083074,1640.4494382022472,0.005,0.0,0.0,1.0,10.0,0.6404494382022472,0
1769786057.6105607,1638.2978723404256,0.005,0.0,0.0,1.0,10.0,0.6382978723404256,0
1769786057.612782,1636.3636363636365,0.005,0.0,0.0,1.0,10.0,0.6363636363636365,0
1769786057.6147535,1634.6153846153845,0.005,0.0,0.0,1.0,10.0,0.6346153846153846,0
1769786057.6168208,1633.0275229357796,0.005,0.0,0.0,1.0,10.0,0.6330275229357796,0
1769786057.6190248,1631.5789473684213,0.005,0.0,0.0,1.0,10.0,0.6315789473684212,0
1769786057.621235,1630.2521008403362,0.005,0.0,0.0,1.0,10.0,0.6302521008403363,0
1769786057.623207,1629.032258064516,0.005,0.0,0.0,1.0,10.0,0.6290322580645162,0
1769786057.6252673,1627.906976744186,0.005,0.0,0.0,1.0,10.0,0.627906976744186,0
1769786057.6274507,1626.8656716417909,0.005,0.0,0.0,1.0,10.0,0.6268656716417909,0
1769786057.6296816,1625.8992805755397,0.005,0.0,0.0,1.0,10.0,0.6258992805755397,0
1769786057.6319308,1625.0,0.005,0.0,0.0,1.0,10.0,0.625,0
1769786057.634318,1624.1610738255033,0.005,0.0,0.0,1.0,10.0,0.6241610738255032,0
1769786057.6368535,1623.3766233766232,0.005,0.0,0.0,1.0,10.0,0.6233766233766234,0
1769786057.638917,1622.6415094339625,0.005,0.0,0.0,1.0,10.0,0.6226415094339626,0
1769786057.6410694,1621.9512195121952,0.005,0.0,0.0,1.0,10.0,0.6219512195121952,0
1769786057.6435177,1621.301775147929,0.005,0.0,0.0,1.0,10.0,0.6213017751479291,0
1769786057.6457057,1620.6896551724137,0.005,0.0,0.0,1.0,10.0,0.6206896551724137,0
1769786057.6480627,1620.1117318435754,0.005,0.0,0.0,1.0,10.0,0.6201117318435754,0
1769786057.6505911,1619.5652173913045,0.005,0.0,0.0,1.0,10.0,0.6195652173913044,0
1769786057.6530523,1619.047619047619,0.005,0.0,0.0,1.0,10.0,0.6190476190476191,0
1769786057.6553195,1618.5567010309278,0.005,0.0,0.0,1.0,10.0,0.6185567010309279,0
1769786057.6575155,1618.0904522613066,0.005,0.0,0.0,1.0,10.0,0.6180904522613067,0
1769786057.659803,1617.6470588235293,0.005,0.0,0.0,1.0,10.0,0.6176470588235292,0
1769786057.662154,1617.2248803827752,0.005,0.0,0.0,1.0,10.0,0.6172248803827751,0
1769786057.6643221,1616.8224299065419,0.005,0.0,0.0,1.0,10.0,0.6168224299065419,0
1769786057.6667442,1616.4383561643835,0.005,0.0,0.0,1.0,10.0,0.6164383561643836,0
1769786057.6689737,1616.0714285714287,0.005,0.0,0.0,1.0,10.0,0.6160714285714286,0
1769786057.6710763,1615.7205240174671,0.005,0.0,0.0,1.0,10.0,0.6157205240174672,0
1769786057.6732733,1615.3846153846155,0.005,0.0,0.0,1.0,10.0,0.6153846153846154,0
1769786057.675604,1615.062761506276,0.005,0.0,0.0,1.0,10.0,0.615062761506276,0
1769786057.6779034,1614.7540983606557,0.005,0.0,0.0,1.0,10.0,0.6147540983606556,0
1769786057.6800518,1614.4578313253014,0.005,0.0,0.0,1.0,10.0,0.6144578313253015,0
1769786057.682307,1614.1732283464567,0.005,0.0,0.0,1.0,10.0,0.6141732283464567,0
1769786057.6845148,1613.899613899614,0.005,0.0,0.0,1.0,10.0,0.613899613899614,0
1769786057.6865048,1613.6363636363635,0.005,0.0,0.0,1.0,10.0,0.6136363636363635,0
1769786057.6884968,1613.3828996282527,0.005,0.0,0.0,1.0,10.0,0.6133828996282529,0
1769786057.6904905,1613.138686131387,0.005,0.0,0.0,1.0,10.0,0.613138686131387,0
1769786057.6925092,1612.9032258064517,0.005,0.0,0.0,1.0,10.0,0.6129032258064517,0
1769786057.6945713,1612.6760563380283,0.005,0.0,0.0,1.0,10.0,0.6126760563380282,0
1769786057.6965292,1612.4567474048442,0.005,0.0,0.0,1.0,10.0,0.6124567474048443,0
1769786057.6985013,1612.2448979591836,0.005,0.0,0.0,1.0,10.0,0.6122448979591837,0
1769786057.7006962,1612.0401337792644,0.005,0.0,0.0,1.0,10.0,0.6120401337792645,0
1769786057.7028246,1611.842105263158,0.005,0.0,0.0,1.0,10.0,0.611842105263158,0
1769786057.705052,1611.6504854368932,0.005,0.0,0.0,1.0,10.0,0.6116504854368932,0
1769786057.7074785,1611.4649681528663,0.005,0.0,0.0,1.0,10.0,0.6114649681528663,0
1769786057.7100532,1611.2852664576803,0.005,0.0,0.0,1.0,10.0,0.6112852664576804,0
1769786057.7123044,1611.1111111111113,0.005,0.0,0.0,1.0,10.0,0.6111111111111114,0
1769786057.7146127,1610.9422492401216,0.005,0.0,0.0,1.0,10.0,0.6109422492401215,0
1769786057.7173157,1610.7784431137725,0.005,0.0,0.0,1.0,10.0,0.6107784431137726,0
1769786057.7199128,1610.6194690265486,0.005,0.0,0.0,1.0,10.0,0.6106194690265485,0
1769786057.7229266,1610.46511627907,0.005,0.0,0.0,1.0,10.0,0.61046511627907,0
1769786057.7259243,1610.3151862464185,0.005,0.0,0.0,1.0,10.0,0.6103151862464187,0
1769786057.728461,1610.1694915254236,0.005,0.0,0.0,1.0,10.0,0.6101694915254237,0
1769786057.7308252,1610.0278551532035,0.005,0.0,0.0,1.0,10.0,0.6100278551532035,0
1769786057.733055,1609.89010989011,0.005,0.0,0.0,1.0,10.0,0.6098901098901099,0
1769786057.7354074,1609.7560975609756,0.005,0.0,0.0,1.0,10.0,0.6097560975609757,0
1769786057.737754,1609.625668449198,0.005,0.0,0.0,1.0,10.0,0.6096256684491981,0
1769786057.7400753,1609.4986807387863,0.005,0.0,0.0,1.0,10.0,0.6094986807387863,0
1769786057.7422729,1609.375,0.005,0.0,0.0,1.0,10.0,0.609375,0
1769786057.7444277,1609.254498714653,0.005,0.0,0.0,1.0,10.0,0.6092544987146531,0
1769786057.7467234,1609.1370558375634,0.005,0.0,0.0,1.0,10.0,0.6091370558375635,0
1769786057.749039,1609.0225563909776,0.005,0.0,0.0,1.0,10.0,0.6090225563909777,0
1769786057.7513697,1608.9108910891089,0.005,0.0,0.0,1.0,10.0,0.608910891089109,0
1769786057.7539372,1608.80195599022,0.005,0.0,0.0,1.0,10.0,0.60880195599022,0
1769786057.7560833,1608.6956521739132,0.005,0.0,0.0,1.0,10.0,0.6086956521739133,0
1769786057.7582793,1608.5918854415277,0.005,0.0,0.0,1.0,10.0,0.6085918854415278,0
1769786057.760413,1608.4905660377358,0.005,0.0,0.0,1.0,10.0,0.6084905660377358,0
1769786057.7626314,1608.3916083916083,0.005,0.0,0.0,1.0,10.0,0.6083916083916083,0
1769786057.7655656,1608.294930875576,0.005,0.0,0.0,1.0,10.0,0.6082949308755761,0
1769786057.7681665,1608.2004555808658,0.005,0.0,0.0,1.0,10.0,0.6082004555808658,0
1769786057.770613,1608.1081081081084,0.005,0.0,0.0,1.0,10.0,0.6081081081081083,0
1769786057.773155,1608.0178173719376,0.005,0.0,0.0,1.0,10.0,0.6080178173719375,0
1769786057.775241,1607.9295154185022,0.005,0.0,0.0,1.0,10.0,0.6079295154185023,0
1769786057.7773895,1607.843137254902,0.005,0.0,0.0,1.0,10.0,0.6078431372549022,0
1769786057.7800865,1607.7586206896553,0.005,0.0,0.0,1.0,10.0,0.6077586206896555,0
1769786057.782283,1607.675906183369,0.005,0.0,0.0,1.0,10.0,0.6076759061833692,0
1769786057.7842586,1607.5949367088606,0.005,0.0,0.0,1.0,10.0,0.6075949367088607,0
1769786057.7864285,1607.5156576200418,0.005,0.0,0.0,1.0,10.0,0.6075156576200418,0
1769786057.788812,1607.4380165289256,0.005,0.0,0.0,1.0,10.0,0.6074380165289257,0
1769786057.790942,1607.361963190184,0.005,0.0,0.0,1.0,10.0,0.6073619631901841,0
1769786057.7933068,1607.2874493927127,0.005,0.0,0.0,1.0,10.0,0.6072874493927127,0
1769786057.795916,1607.2144288577153,0.005,0.0,0.0,1.0,10.0,0.6072144288577155,0
1769786057.7982795,1607.142857142857,0.005,0.0,0.0,1.0,10.0,0.6071428571428572,0
1769786057.8004835,1607.072691552063,0.005,0.0,0.0,1.0,10.0,0.607072691552063,0
1769786057.8026643,1607.0038910505837,0.005,0.0,0.0,1.0,10.0,0.6070038910505837,0
1769786057.804984,1606.9364161849712,0.005,0.0,0.0,1.0,10.0,0.6069364161849713,0
1769786057.8071089,1606.8702290076335,0.005,0.0,0.0,1.0,10.0,0.6068702290076335,0
1769786057.809321,1606.805293005671,0.005,0.0,0.0,1.0,10.0,0.6068052930056711,0
1769786057.8114922,1606.741573033708,0.005,0.0,0.0,1.0,10.0,0.606741573033708,0
1769786057.8137748,1606.6790352504638,0.005,0.0,0.0,1.0,10.0,0.6066790352504638,0
1769786057.8159297,1606.6176470588236,0.005,0.0,0.0,1.0,10.0,0.6066176470588236,0
1769786057.8182068,1606.5573770491803,0.005,0.0,0.0,1.0,10.0,0.6065573770491803,0
1769786057.8205183,1606.4981949458484,0.005,0.0,0.0,1.0,10.0,0.6064981949458483,0
1769786057.8230789,1606.4400715563506,0.005,0.0,0.0,1.0,10.0,0.6064400715563507,0
1769786057.8265247,1606.3829787234044,0.005,0.0,0.0,1.0,10.0,0.6063829787234045,0
1769786057.8294928,1606.3268892794376,0.005,0.0,0.0,1.0,10.0,0.6063268892794376,0
1769786057.831813,1606.2717770034842,0.005,0.0,0.0,1.0,10.0,0.6062717770034842,0
1769786057.8346145,1606.217616580311,0.005,0.0,0.0,1.0,10.0,0.606217616580311,0
1769786057.837103,1606.164383561644,0.005,0.0,0.0,1.0,10.0,0.6061643835616439,0
1769786057.8393457,1606.1120543293719,0.005,0.0,0.0,1.0,10.0,0.6061120543293719,0
1769786057.8417573,1606.0606060606062,0.005,0.0,0.0,1.0,10.0,0.6060606060606062,0
1769786057.8440661,1606.0100166944908,0.005,0.0,0.0,1.0,10.0,0.6060100166944908,0
1769786057.84614,1605.9602649006622,0.005,0.0,0.0,1.0,10.0,0.6059602649006621,0
1769786057.8484647,1605.911330049261,0.005,0.0,0.0,1.0,10.0,0.6059113300492611,0
1769786057.8507037,1605.8631921824106,0.005,0.0,0.0,1.0,10.0,0.6058631921824107,0
1769786057.8531487,1605.815831987076,0.005,0.0,0.0,1.0,10.0,0.6058158319870761,0
1769786057.8553538,1605.7692307692307,0.005,0.0,0.0,1.0,10.0,0.6057692307692308,0
1769786057.8577914,1605.7233704292528,0.005,0.0,0.0,1.0,10.0,0.6057233704292528,0
1769786057.860403,1605.678233438486,0.005,0.0,0.0,1.0,10.0,0.605678233438486,0
1769786057.862483,1605.6338028169014,0.005,0.0,0.0,1.0,10.0,0.6056338028169015,0
1769786057.8646092,1605.5900621118014,0.005,0.0,0.0,1.0,10.0,0.6055900621118016,0
1769786057.8670695,1605.546995377504,0.005,0.0,0.0,1.0,10.0,0.6055469953775039,0
1769786057.8694959,1605.5045871559632,0.005,0.0,0.0,1.0,10.0,0.6055045871559632,0
1769786057.8716383,1605.4628224582702,0.005,0.0,0.0,1.0,10.0,0.6054628224582703,0
1769786057.8738265,1605.421686746988,0.005,0.0,0.0,1.0,10.0,0.6054216867469879,0
1769786057.8759384,1605.3811659192827,0.005,0.0,0.0,1.0,10.0,0.6053811659192827,0
1769786057.8779714,1605.341246290801,0.005,0.0,0.0,1.0,10.0,0.6053412462908012,0
1769786057.8798728,1605.301914580265,0.005,0.0,0.0,1.0,10.0,0.6053019145802649,0
1769786057.8821895,1605.2631578947369,0.005,0.0,0.0,1.0,10.0,0.605263157894737,0
1769786057.8846965,1605.2249637155298,0.005,0.0,0.0,1.0,10.0,0.6052249637155298,0
1769786057.8869343,1605.1873198847263,0.005,0.0,0.0,1.0,10.0,0.6051873198847264,0
1769786057.889143,1605.1502145922746,0.005,0.0,0.0,1.0,10.0,0.6051502145922747,0
1769786057.8915136,1605.1136363636363,0.005,0.0,0.0,1.0,10.0,0.6051136363636362,0
1769786057.893917,1605.0775740479548,0.005,0.0,0.0,1.0,10.0,0.6050775740479548,0
1769786057.8960915,1605.0420168067228,0.005,0.0,0.0,1.0,10.0,0.6050420168067228,0
1769786057.8982966,1605.0069541029209,0.005,0.0,0.0,1.0,10.0,0.6050069541029208,0
1769786057.9006658,1604.9723756906076,0.005,0.0,0.0,1.0,10.0,0.6049723756906076,0
1769786057.9029617,1604.9382716049383,0.005,0.0,0.0,1.0,10.0,0.6049382716049383,0
1769786057.9051745,1604.9046321525886,0.005,0.0,0.0,1.0,10.0,0.6049046321525886,0
1769786057.9074028,1604.8714479025712,0.005,0.0,0.0,1.0,10.0,0.6048714479025712,0
1769786057.9097345,1604.8387096774195,0.005,0.0,0.0,1.0,10.0,0.6048387096774195,0
1769786057.9122171,1604.8064085447263,0.005,0.0,0.0,1.0,10.0,0.6048064085447264,0
1769786057.914495,1604.7745358090185,0.005,0.0,0.0,1.0,10.0,0.6047745358090186,0
1769786057.9165812,1604.7430830039525,0.005,0.0,0.0,1.0,10.0,0.6047430830039526,0
1769786057.9188447,1604.712041884817,0.005,0.0,0.0,1.0,10.0,0.6047120418848169,0
1769786057.921067,1604.6814044213265,0.005,0.0,0.0,1.0,10.0,0.6046814044213267,0
1769786057.9233823,1604.6511627906975,0.005,0.0,0.0,1.0,10.0,0.6046511627906976,0
1769786057.9257827,1604.6213093709885,0.005,0.0,0.0,1.0,10.0,0.6046213093709885,0
1769786057.9279454,1604.591836734694,0.005,0.0,0.0,1.0,10.0,0.6045918367346941,0
1769786057.9302235,1604.5627376425857,0.005,0.0,0.0,1.0,10.0,0.6045627376425857,0
1769786057.9324517,1604.5340050377836,0.005,0.0,0.0,1.0,10.0,0.6045340050377837,0
1769786057.9348202,1604.50563204005,0.005,0.0,0.0,1.0,10.0,0.6045056320400499,0
1769786057.9371378,1604.4776119402986,0.005,0.0,0.0,1.0,10.0,0.6044776119402986,0
1769786057.9397285,1604.4499381953028,0.005,0.0,0.0,1.0,10.0,0.6044499381953028,0
1769786057.9422033,1604.4226044226043,0.005,0.0,0.0,1.0,10.0,0.6044226044226044,0
1769786057.9442964,1604.3956043956046,0.005,0.0,0.0,1.0,10.0,0.6043956043956047,0
1769786057.9463472,1604.3689320388348,0.005,0.0,0.0,1.0,10.0,0.6043689320388348,0
1769786057.9484396,1604.342581423402,0.005,0.0,0.0,1.0,10.0,0.604342581423402,0
1769786057.9506683,1604.31654676259,0.005,0.0,0.0,1.0,10.0,0.60431654676259,0
1769786057.9532216,1604.290822407628,0.005,0.0,0.0,1.0,10.0,0.604290822407628,0
1769786057.955851,1604.265402843602,0.005,0.0,0.0,1.0,10.0,0.6042654028436021,0
1769786057.9581952,1604.2402826855123,0.005,0.0,0.0,1.0,10.0,0.6042402826855122,0
1769786057.9604144,1604.2154566744732,0.005,0.0,0.0,1.0,10.0,0.6042154566744733,0
1769786057.9626722,1604.1909196740396,0.005,0.0,0.0,1.0,10.0,0.6041909196740396,0
1769786057.9648385,1604.1666666666665,0.005,0.0,0.0,1.0,10.0,0.6041666666666665,0
1769786057.967011,1604.1426927502878,0.005,0.0,0.0,1.0,10.0,0.6041426927502878,0
1769786057.9694269,1604.1189931350114,0.005,0.0,0.0,1.0,10.0,0.6041189931350115,0
1769786057.9718077,1604.095563139932,0.005,0.0,0.0,1.0,10.0,0.6040955631399321,0
1769786057.9740777,1604.0723981900453,0.005,0.0,0.0,1.0,10.0,0.6040723981900453,0
1769786057.9763818,1604.0494938132733,0.005,0.0,0.0,1.0,10.0,0.6040494938132734,0
1769786057.9786277,1604.026845637584,0.005,0.0,0.0,1.0,10.0,0.6040268456375841,0
1769786057.9810133,1604.0044493882092,0.005,0.0,0.0,1.0,10.0,0.6040044493882093,0
1769786057.983181,1603.982300884956,0.005,0.0,0.0,1.0,10.0,0.6039823008849561,0
1769786057.9857426,1603.960396039604,0.005,0.0,0.0,1.0,10.0,0.6039603960396038,0
1769786057.9878447,1603.9387308533917,0.005,0.0,0.0,1.0,10.0,0.6039387308533917,0
1769786057.9899282,1603.917301414581,0.005,0.0,0.0,1.0,10.0,0.6039173014145811,0
1769786057.9920175,1603.8961038961038,0.005,0.0,0.0,1.0,10.0,0.6038961038961039,0
1769786057.9942188,1603.8751345532833,0.005,0.0,0.0,1.0,10.0,0.6038751345532833,0
1769786057.9966564,1603.8543897216275,0.005,0.0,0.0,1.0,10.0,0.6038543897216275,0
1769786057.9987378,1603.8338658146963,0.005,0.0,0.0,1.0,10.0,0.6038338658146964,0
1769786058.0013177,1603.813559322034,0.005,0.0,0.0,1.0,10.0,0.6038135593220342,0
1769786058.0038707,1603.7934668071655,0.005,0.0,0.0,1.0,10.0,0.6037934668071656,0
1769786058.0061758,1603.7735849056605,0.005,0.0,0.0,1.0,10.0,0.6037735849056605,0
1769786058.0083008,1603.7539103232534,0.005,0.0,0.0,1.0,10.0,0.6037539103232534,0
1769786058.010499,1603.734439834025,0.005,0.0,0.0,1.0,10.0,0.603734439834025,0
1769786058.0124853,1603.7151702786377,0.005,0.0,0.0,1.0,10.0,0.6037151702786379,0
1769786058.0146217,1603.6960985626283,0.005,0.0,0.0,1.0,10.0,0.6036960985626283,0
1769786058.016934,1603.67722165475,0.005,0.0,0.0,1.0,10.0,0.6036772216547499,0
1769786058.0193045,1603.658536585366,0.005,0.0,0.0,1.0,10.0,0.603658536585366,0
1769786058.02147,1603.6400404448937,0.005,0.0,0.0,1.0,10.0,0.6036400404448936,0
1769786058.0235617,1603.621730382294,0.005,0.0,0.0,1.0,10.0,0.6036217303822939,0
1769786058.0256646,1603.6036036036035,0.005,0.0,0.0,1.0,10.0,0.6036036036036034,0
1769786058.0857086,0.0,0.0,0.0,0.0,1.0,0.0,0.0,0
1769786058.0895655,2174.4082967803915,0.004020954346,0.0,0.0,1.0,10.0,1.2723128621803914,0
1769786058.0921667,2000.0,0.005,0.0,0.0,1.0,10.0,1.0,0
1769786058.0941706,1857.1428571428573,0.005,0.0,0.0,1.0,10.0,0.8571428571428574,0
1769786058.0964186,1789.4736842105262,0.005,0.0,0.0,1.0,10.0,0.7894736842105263,0
1769786058.0987444,1750.0,0.005,0.0,0.0,1.0,10.0,0.75,0
1769786058.101068,1724.1379310344828,0.005,0.0,0.0,1.0,10.0,0.7241379310344829,0
1769786058.103576,1705.8823529411766,0.005,0.0,0.0,1.0,10.0,0.7058823529411766,0
1769786058.1063886,1692.3076923076922,0.005,0.0,0.0,1.0,10.0,0.6923076923076923,0
1769786058.1089644,1681.8181818181818,0.005,0.0,0.0,1.0,10.0,0.6818181818181819,0
1769786058.111267,1673.4693877551022,0.005,0.0,0.0,1.0,10.0,0.6734693877551021,0
1769786058.1137993,1666.6666666666665,0.005,0.0,0.0,1.0,10.0,0.6666666666666665,0
1769786058.1160648,1661.0169491525426,0.005,0.0,0.0,1.0,10.0,0.6610169491525426,0
1769786058.1183732,1656.25,0.005,0.0,0.0,1.0,10.0,0.65625,0
1769786058.120499,1652.1739130434785,0.005,0.0,0.0,1.0,10.0,0.6521739130434785,0
1769786058.122995,1648.6486486486488,0.005,0.0,0.0,1.0,10.0,0.6486486486486487,0
1769786058.1257303,1645.5696202531644,0.005,0.0,0.0,1.0,10.0,0.6455696202531644,0
1769786058.1277997,1642.857142857143,0.005,0.0,0.0,1.0,10.0,0.642857142857143,0
1769786058.1300073,1640.4494382022472,0.005,0.0,0.0,1.0,10.0,0.6404494382022472,0
1769786058.1320422,1638.2978723404256,0.005,0.0,0.0,1.0,10.0,0.6382978723404256,0
1769786058.1342788,1636.3636363636365,0.005,0.0,0.0,1.0,10.0,0.6363636363636365,0
1769786058.1365287,1634.6153846153845,0.005,0.0,0.0,1.0,10.0,0.6346153846153846,0
1769786058.1388512,1633.0275229357796,0.005,0.0,0.0,1.0,10.0,0.6330275229357796,0
1769786058.1411607,1631.5789473684213,0.005,0.0,0.0,1.0,10.0,0.6315789473684212,0
1769786058.1432633,1630.2521008403362,0.005,0.0,0.0,1.0,10.0,0.6302521008403363,0
1769786058.1456077,1629.032258064516,0.005,0.0,0.0,1.0,10.0,0.6290322580645162,0
1769786058.147884,1627.906976744186,0.005,0.0,0.0,1.0,10.0,0.627906976744186,0
1769786058.1503377,1626.8656716417909,0.005,0.0,0.0,1.0,10.0,0.6268656716417909,0
1769786058.1527553,1625.8992805755397,0.005,0.0,0.0,1.0,10.0,0.6258992805755397,0
1769786058.155511,1625.0,0.005,0.0,0.0,1.0,10.0,0.625,0
1769786058.1577945,1624.1610738255033,0.005,0.0,0.0,1.0,10.0,0.6241610738255032,0
1769786058.1599295,1623.3766233766232,0.005,0.0,0.0,1.0,10.0,0.6233766233766234,0
1769786058.1622765,1622.6415094339625,0.005,0.0,0.0,1.0,10.0,0.6226415094339626,0
1769786058.1644855,1621.9512195121952,0.005,0.0,0.0,1.0,10.0,0.6219512195121952,0
1769786058.1666772,1621.301775147929,0.005,0.0,0.0,1.0,10.0,0.6213017751479291,0
1769786058.1690154,1620.6896551724137,0.005,0.0,0.0,1.0,10.0,0.6206896551724137,0
1769786058.1713755,1620.1117318435754,0.005,0.0,0.0,1.0,10.0,0.6201117318435754,0
1769786058.1735404,1619.5652173913045,0.005,0.0,0.0,1.0,10.0,0.6195652173913044,0
1769786058.175589,1619.047619047619,0.005,0.0,0.0,1.0,10.0,0.6190476190476191,0
1769786058.1778805,1618.5567010309278,0.005,0.0,0.0,1.0,10.0,0.6185567010309279,0
1769786058.1801748,1618.0904522613066,0.005,0.0,0.0,1.0,10.0,0.6180904522613067,0
1769786058.1825488,1617.6470588235293,0.005,0.0,0.0,1.0,10.0,0.6176470588235292,0
1769786058.1847196,1617.2248803827752,0.005,0.0,0.0,1.0,10.0,0.6172248803827751,0
1769786058.187245,1616.8224299065419,0.005,0.0,0.0,1.0,10.0,0.6168224299065419,0
1769786058.1894326,1616.4383561643835,0.005,0.0,0.0,1.0,10.0,0.6164383561643836,0
1769786058.1915798,1616.0714285714287,0.005,0.0,0.0,1.0,10.0,0.6160714285714286,0
1769786058.1939538,1615.7205240174671,0.005,0.0,0.0,1.0,10.0,0.6157205240174672,0
1769786058.1961083,1615.3846153846155,0.005,0.0,0.0,1.0,10.0,0.6153846153846154,0
1769786058.1980886,1615.062761506276,0.005,0.0,0.0,1.0,10.0,0.615062761506276,0
1769786058.2001665,1614.7540983606557,0.005,0.0,0.0,1.0,10.0,0.6147540983606556,0
1769786058.202479,1614.4578313253014,0.005,0.0,0.0,1.0,10.0,0.6144578313253015,0
1769786058.2047284,1614.1732283464567,0.005,0.0,0.0,1.0,10.0,0.6141732283464567,0
1769786058.2071342,1613.899613899614,0.005,0.0,0.0,1.0,10.0,0.613899613899614,0
1769786058.2094548,1613.6363636363635,0.005,0.0,0.0,1.0,10.0,0.6136363636363635,0
1769786058.2116885,1613.3828996282527,0.005,0.0,0.0,1.0,10.0,0.6133828996282529,0
1769786058.2138813,1613.138686131387,0.005,0.0,0.0,1.0,10.0,0.613138686131387,0
1769786058.2159941,1612.9032258064517,0.005,0.0,0.0,1.0,10.0,0.6129032258064517,0
1769786058.218311,1612.6760563380283,0.005,0.0,0.0,1.0,10.0,0.6126760563380282,0
1769786058.2207024,1612.4567474048442,0.005,0.0,0.0,1.0,10.0,0.6124567474048443,0
1769786058.2229629,1612.2448979591836,0.005,0.0,0.0,1.0,10.0,0.6122448979591837,0
1769786058.22529,1612.0401337792644,0.005,0.0,0.0,1.0,10.0,0.6120401337792645,0
1769786058.227506,1611.842105263158,0.005,0.0,0.0,1.0,10.0,0.611842105263158,0
1769786058.2297444,1611.6504854368932,0.005,0.0,0.0,1.0,10.0,0.6116504854368932,0
1769786058.2319677,1611.4649681528663,0.005,0.0,0.0,1.0,10.0,0.6114649681528663,0
1769786058.2341886,1611.2852664576803,0.005,0.0,0.0,1.0,10.0,0.6112852664576804,0
1769786058.2367206,1611.1111111111113,0.005,0.0,0.0,1.0,10.0,0.6111111111111114,0
1769786058.239182,1610.9422492401216,0.005,0.0,0.0,1.0,10.0,0.6109422492401215,0
1769786058.241758,1610.7784431137725,0.005,0.0,0.0,1.0,10.0,0.6107784431137726,0
1769786058.2440784,1610.6194690265486,0.005,0.0,0.0,1.0,10.0,0.6106194690265485,0
1769786058.2462912,1610.46511627907,0.005,0.0,0.0,1.0,10.0,0.61046511627907,0
1769786058.248428,1610.3151862464185,0.005,0.0,0.0,1.0,10.0,0.6103151862464187,0
1769786058.2508614,1610.1694915254236,0.005,0.0,0.0,1.0,10.0,0.6101694915254237,0
1769786058.253005,1610.0278551532035,0.005,0.0,0.0,1.0,10.0,0.6100278551532035,0
1769786058.2550933,1609.89010989011,0.005,0.0,0.0,1.0,10.0,0.6098901098901099,0
1769786058.2571383,1609.7560975609756,0.005,0.0,0.0,1.0,10.0,0.6097560975609757,0
1769786058.2592833,1609.625668449198,0.005,0.0,0.0,1.0,10.0,0.6096256684491981,0
1769786058.2615309,1609.4986807387863,0.005,0.0,0.0,1.0,10.0,0.6094986807387863,0
1769786058.2636702,1609.375,0.005,0.0,0.0,1.0,10.0,0.609375,0
1769786058.2665246,1609.254498714653,0.005,0.0,0.0,1.0,10.0,0.6092544987146531,0
1769786058.2690074,1609.1370558375634,0.005,0.0,0.0,1.0,10.0,0.6091370558375635,0
1769786058.2711117,1609.0225563909776,0.005,0.0,0.0,1.0,10.0,0.6090225563909777,0
1769786058.2733686,1608.9108910891089,0.005,0.0,0.0,1.0,10.0,0.608910891089109,0
1769786058.2755046,1608.80195599022,0.005,0.0,0.0,1.0,10.0,0.60880195599022,0
1769786058.2776666,1608.6956521739132,0.005,0.0,0.0,1.0,10.0,0.6086956521739133,0
1769786058.2799034,1608.5918854415277,0.005,0.0,0.0,1.0,10.0,0.6085918854415278,0
1769786058.2822568,1608.4905660377358,0.005,0.0,0.0,1.0,10.0,0.6084905660377358,0
1769786058.2845306,1608.3916083916083,0.005,0.0,0.0,1.0,10.0,0.6083916083916083,0
1769786058.2867265,1608.294930875576,0.005,0.0,0.0,1.0,10.0,0.6082949308755761,0
1769786058.2890549,1608.2004555808658,0.005,0.0,0.0,1.0,10.0,0.6082004555808658,0
1769786058.2911797,1608.1081081081084,0.005,0.0,0.0,1.0,10.0,0.6081081081081083,0
1769786058.2933965,1608.0178173719376,0.005,0.0,0.0,1.0,10.0,0.6080178173719375,0
1769786058.2954483,1607.9295154185022,0.005,0.0,0.0,1.0,10.0,0.6079295154185023,0
1769786058.2978709,1607.843137254902,0.005,0.0,0.0,1.0,10.0,0.6078431372549022,0
1769786058.3000946,1607.7586206896553,0.005,0.0,0.0,1.0,10.0,0.6077586206896555,0
1769786058.3022618,1607.675906183369,0.005,0.0,0.0,1.0,10.0,0.6076759061833692,0
1769786058.304384,1607.5949367088606,0.005,0.0,0.0,1.0,10.0,0.6075949367088607,0
1769786058.3067842,1607.5156576200418,0.005,0.0,0.0,1.0,10.0,0.6075156576200418,0
1769786058.3089008,1607.4380165289256,0.005,0.0,0.0,1.0,10.0,0.6074380165289257,0
1769786058.310869,1607.361963190184,0.005,0.0,0.0,1.0,10.0,0.6073619631901841,0
1769786058.312981,1607.2874493927127,0.005,0.0,0.0,1.0,10.0,0.6072874493927127,0
1769786058.315115,1607.2144288577153,0.005,0.0,0.0,1.0,10.0,0.6072144288577155,0
1769786058.317114,1607.142857142857,0.005,0.0,0.0,1.0,10.0,0.6071428571428572,0
1769786058.3189907,1607.072691552063,0.005,0.0,0.0,1.0,10.0,0.607072691552063,0
1769786058.3211586,1607.0038910505837,0.005,0.0,0.0,1.0,10.0,0.6070038910505837,0
1769786058.3233936,1606.9364161849712,0.005,0.0,0.0,1.0,10.0,0.6069364161849713,0
1769786058.325813,1606.8702290076335,0.005,0.0,0.0,1.0,10.0,0.6068702290076335,0
1769786058.3279161,1606.805293005671,0.005,0.0,0.0,1.0,10.0,0.6068052930056711,0
1769786058.330273,1606.741573033708,0.005,0.0,0.0,1.0,10.0,0.606741573033708,0
1769786058.3325605,1606.6790352504638,0.005,0.0,0.0,1.0,10.0,0.6066790352504638,0
1769786058.3346217,1606.6176470588236,0.005,0.0,0.0,1.0,10.0,0.6066176470588236,0
1769786058.3369343,1606.5573770491803,0.005,0.0,0.0,1.0,10.0,0.6065573770491803,0
1769786058.3393493,1606.4981949458484,0.005,0.0,0.0,1.0,10.0,0.6064981949458483,0
1769786058.3416746,1606.4400715563506,0.005,0.0,0.0,1.0,10.0,0.6064400715563507,0
1769786058.3437161,1606.3829787234044,0.005,0.0,0.0,1.0,10.0,0.6063829787234045,0
1769786058.3458097,1606.3268892794376,0.005,0.0,0.0,1.0,10.0,0.6063268892794376,0
1769786058.3479278,1606.2717770034842,0.005,0.0,0.0,1.0,10.0,0.6062717770034842,0
1769786058.350085,1606.217616580311,0.005,0.0,0.0,1.0,10.0,0.606217616580311,0
1769786058.3521268,1606.164383561644,0.005,0.0,0.0,1.0,10.0,0.6061643835616439,0
1769786058.3549857,1606.1120543293719,0.005,0.0,0.0,1.0,10.0,0.6061120543293719,0
1769786058.357638,1606.0606060606062,0.005,0.0,0.0,1.0,10.0,0.6060606060606062,0
1769786058.3599272,1606.0100166944908,0.005,0.0,0.0,1.0,10.0,0.6060100166944908,0
1769786058.3624098,1605.9602649006622,0.005,0.0,0.0,1.0,10.0,0.6059602649006621,0
1769786058.3647022,1605.911330049261,0.005,0.0,0.0,1.0,10.0,0.6059113300492611,0
1769786058.3668141,1605.8631921824106,0.005,0.0,0.0,1.0,10.0,0.6058631921824107,0
1769786058.3694432,1605.815831987076,0.005,0.0,0.0,1.0,10.0,0.6058158319870761,0
1769786058.371647,1605.7692307692307,0.005,0.0,0.0,1.0,10.0,0.6057692307692308,0
1769786058.3738647,1605.7233704292528,0.005,0.0,0.0,1.0,10.0,0.6057233704292528,0
1769786058.3760552,1605.678233438486,0.005,0.0,0.0,1.0,10.0,0.605678233438486,0
1769786058.3784733,1605.6338028169014,0.005,0.0,0.0,1.0,10.0,0.6056338028169015,0
1769786058.380941,1605.5900621118014,0.005,0.0,0.0,1.0,10.0,0.6055900621118016,0
1769786058.3833644,1605.546995377504,0.005,0.0,0.0,1.0,10.0,0.6055469953775039,0
1769786058.38587,1605.5045871559632,0.005,0.0,0.0,1.0,10.0,0.6055045871559632,0
1769786058.3881238,1605.4628224582702,0.005,0.0,0.0,1.0,10.0,0.6054628224582703,0
1769786058.390104,1605.421686746988,0.005,0.0,0.0,1.0,10.0,0.6054216867469879,0
1769786058.392105,1605.3811659192827,0.005,0.0,0.0,1.0,10.0,0.6053811659192827,0
1769786058.3942232,1605.341246290801,0.005,0.0,0.0,1.0,10.0,0.6053412462908012,0
1769786058.3964088,1605.301914580265,0.005,0.0,0.0,1.0,10.0,0.6053019145802649,0
1769786058.3985372,1605.2631578947369,0.005,0.0,0.0,1.0,10.0,0.605263157894737,0
1769786058.4006112,1605.2249637155298,0.005,0.0,0.0,1.0,10.0,0.6052249637155298,0
1769786058.402742,1605.1873198847263,0.005,0.0,0.0,1.0,10.0,0.6051873198847264,0
1769786058.404886,1605.1502145922746,0.005,0.0,0.0,1.0,10.0,0.6051502145922747,0
1769786058.4068916,1605.1136363636363,0.005,0.0,0.0,1.0,10.0,0.6051136363636362,0
1769786058.4092152,1605.0775740479548,0.005,0.0,0.0,1.0,10.0,0.6050775740479548,0
1769786058.4113038,1605.0420168067228,0.005,0.0,0.0,1.0,10.0,0.6050420168067228,0
1769786058.4138458,1605.0069541029209,0.005,0.0,0.0,1.0,10.0,0.6050069541029208,0
1769786058.4163797,1604.9723756906076,0.005,0.0,0.0,1.0,10.0,0.6049723756906076,0
1769786058.4188862,1604.9382716049383,0.005,0.0,0.0,1.0,10.0,0.6049382716049383,0
1769786058.421074,1604.9046321525886,0.005,0.0,0.0,1.0,10.0,0.6049046321525886,0
1769786058.4231527,1604.8714479025712,0.005,0.0,0.0,1.0,10.0,0.6048714479025712,0
1769786058.4255412,1604.8387096774195,0.005,0.0,0.0,1.0,10.0,0.6048387096774195,0
1769786058.4279387,1604.8064085447263,0.005,0.0,0.0,1.0,10.0,0.6048064085447264,0
1769786058.4301128,1604.7745358090185,0.005,0.0,0.0,1.0,10.0,0.6047745358090186,0
1769786058.4322379,1604.7430830039525,0.005,0.0,0.0,1.0,10.0,0.6047430830039526,0
1769786058.4345908,1604.712041884817,0.005,0.0,0.0,1.0,10.0,0.6047120418848169,0
1769786058.4366364,1604.6814044213265,0.005,0.0,0.0,1.0,10.0,0.6046814044213267,0
1769786058.4385102,1604.6511627906975,0.005,0.0,0.0,1.0,10.0,0.6046511627906976,0
1769786058.4406478,1604.6213093709885,0.005,0.0,0.0,1.0,10.0,0.6046213093709885,0
1769786058.4428322,1604.591836734694,0.005,0.0,0.0,1.0,10.0,0.6045918367346941,0
1769786058.44478,1604.5627376425857,0.005,0.0,0.0,1.0,10.0,0.6045627376425857,0
1769786058.446663,1604.5340050377836,0.005,0.0,0.0,1.0,10.0,0.6045340050377837,0
1769786058.4489856,1604.50563204005,0.005,0.0,0.0,1.0,10.0,0.6045056320400499,0
1769786058.4510815,1604.4776119402986,0.005,0.0,0.0,1.0,10.0,0.6044776119402986,0
1769786058.453179,1604.4499381953028,0.005,0.0,0.0,1.0,10.0,0.6044499381953028,0
1769786058.4552348,1604.4226044226043,0.005,0.0,0.0,1.0,10.0,0.6044226044226044,0
1769786058.4575691,1604.3956043956046,0.005,0.0,0.0,1.0,10.0,0.6043956043956047,0
1769786058.4596834,1604.3689320388348,0.005,0.0,0.0,1.0,10.0,0.6043689320388348,0
1769786058.4618208,1604.342581423402,0.005,0.0,0.0,1.0,10.0,0.604342581423402,0
1769786058.4640236,1604.31654676259,0.005,0.0,0.0,1.0,10.0,0.60431654676259,0
1769786058.4664192,1604.290822407628,0.005,0.0,0.0,1.0,10.0,0.604290822407628,0
1769786058.46869,1604.265402843602,0.005,0.0,0.0,1.0,10.0,0.6042654028436021,0
1769786058.4708958,1604.2402826855123,0.005,0.0,0.0,1.0,10.0,0.6042402826855122,0
1769786058.4736586,1604.2154566744732,0.005,0.0,0.0,1.0,10.0,0.6042154566744733,0
1769786058.4761293,1604.1909196740396,0.005,0.0,0.0,1.0,10.0,0.6041909196740396,0
1769786058.478726,1604.1666666666665,0.005,0.0,0.0,1.0,10.0,0.6041666666666665,0
1769786058.4811769,1604.1426927502878,0.005,0.0,0.0,1.0,10.0,0.6041426927502878,0
1769786058.48346,1604.1189931350114,0.005,0.0,0.0,1.0,10.0,0.6041189931350115,0
1769786058.485653,1604.095563139932,0.005,0.0,0.0,1.0,10.0,0.6040955631399321,0
1769786058.487866,1604.0723981900453,0.005,0.0,0.0,1.0,10.0,0.6040723981900453,0
1769786058.4902496,1604.0494938132733,0.005,0.0,0.0,1.0,10.0,0.6040494938132734,0
1769786058.4922059,1604.026845637584,0.005,0.0,0.0,1.0,10.0,0.6040268456375841,0
1769786058.4941795,1604.0044493882092,0.005,0.0,0.0,1.0,10.0,0.6040044493882093,0
1769786058.4964254,1603.982300884956,0.005,0.0,0.0,1.0,10.0,0.6039823008849561,0
1769786058.4985304,1603.960396039604,0.005,0.0,0.0,1.0,10.0,0.6039603960396038,0
1769786058.5007346,1603.9387308533917,0.005,0.0,0.0,1.0,10.0,0.6039387308533917,0
1769786058.5029898,1603.917301414581,0.005,0.0,0.0,1.0,10.0,0.6039173014145811,0
1769786058.5055664,1603.8961038961038,0.005,0.0,0.0,1.0,10.0,0.6038961038961039,0
1769786058.50801,1603.8751345532833,0.005,0.0,0.0,1.0,10.0,0.6038751345532833,0
1769786058.510114,1603.8543897216275,0.005,0.0,0.0,1.0,10.0,0.6038543897216275,0
1769786058.5123143,1603.8338658146963,0.005,0.0,0.0,1.0,10.0,0.6038338658146964,0
1769786058.5144558,1603.813559322034,0.005,0.0,0.0,1.0,10.0,0.6038135593220342,0
1769786058.516536,1603.7934668071655,0.005,0.0,0.0,1.0,10.0,0.6037934668071656,0
1769786058.5187228,1603.7735849056605,0.005,0.0,0.0,1.0,10.0,0.6037735849056605,0
1769786058.5210292,1603.7539103232534,0.005,0.0,0.0,1.0,10.0,0.6037539103232534,0
1769786058.5230982,1603.734439834025,0.005,0.0,0.0,1.0,10.0,0.603734439834025,0
1769786058.525465,1603.7151702786377,0.005,0.0,0.0,1.0,10.0,0.6037151702786379,0
1769786058.5276797,1603.6960985626283,0.005,0.0,0.0,1.0,10.0,0.6036960985626283,0
1769786058.5307696,1603.67722165475,0.005,0.0,0.0,1.0,10.0,0.6036772216547499,0
1769786058.5335455,1603.658536585366,0.005,0.0,0.0,1.0,10.0,0.603658536585366,0
1769786058.5366669,1603.6400404448937,0.005,0.0,0.0,1.0,10.0,0.6036400404448936,0
1769786058.5405262,1603.621730382294,0.005,0.0,0.0,1.0,10.0,0.6036217303822939,0
1769786058.5428622,1603.6036036036035,0.005,0.0,0.0,1.0,10.0,0.6036036036036034,0
1769786058.6055036,0.0,0.0,0.0,0.0,1.0,0.0,0.0,0
1769786058.6087723,2040.1708066820675,0.004968992329,0.0,0.0,1.0,10.0,1.0432715737820675,0
1769786058.6115878,2000.0,0.005,0.0,0.0,1.0,10.0,1.0,0
1769786058.613991,1857.1428571428573,0.005,0.0,0.0,1.0,10.0,0.8571428571428574,0
1769786058.6163037,1789.4736842105262,0.005,0.0,0.0,1.0,10.0,0.7894736842105263,0
1769786058.6191075,1750.0,0.005,0.0,0.0,1.0,10.0,0.75,0
1769786058.6214488,1724.1379310344828,0.005,0.0,0.0,1.0,10.0,0.7241379310344829,0
1769786058.6236072,1705.8823529411766,0.005,0.0,0.0,1.0,10.0,0.7058823529411766,0
1769786058.626098,1692.3076923076922,0.005,0.0,0.0,1.0,10.0,0.6923076923076923,0
1769786058.6283753,1681.8181818181818,0.005,0.0,0.0,1.0,10.0,0.6818181818181819,0
1769786058.630289,1673.4693877551022,0.005,0.0,0.0,1.0,10.0,0.6734693877551021,0
1769786058.6324382,1666.6666666666665,0.005,0.0,0.0,1.0,10.0,0.6666666666666665,0
1769786058.6344569,1661.0169491525426,0.005,0.0,0.0,1.0,10.0,0.6610169491525426,0
1769786058.6364954,1656.25,0.005,0.0,0.0,1.0,10.0,0.65625,0
1769786058.6386392,1652.1739130434785,0.005,0.0,0.0,1.0,10.0,0.6521739130434785,0
1769786058.6411724,1648.6486486486488,0.005,0.0,0.0,1.0,10.0,0.6486486486486487,0
1769786058.6435182,1645.5696202531644,0.005,0.0,0.0,1.0,10.0,0.6455696202531644,0
1769786058.645752,1642.857142857143,0.005,0.0,0.0,1.0,10.0,0.642857142857143,0
1769786058.6480198,1640.4494382022472,0.005,0.0,0.0,1.0,10.0,0.6404494382022472,0
1769786058.6503377,1638.2978723404256,0.005,0.0,0.0,1.0,10.0,0.6382978723404256,0
1769786058.6524863,1636.3636363636365,0.005,0.0,0.0,1.0,10.0,0.6363636363636365,0
1769786058.6544616,1634.6153846153845,0.005,0.0,0.0,1.0,10.0,0.6346153846153846,0
1769786058.6566856,1633.0275229357796,0.005,0.0,0.0,1.0,10.0,0.6330275229357796,0
1769786058.658599,1631.5789473684213,0.005,0.0,0.0,1.0,10.0,0.6315789473684212,0
1769786058.6608076,1630.2521008403362,0.005,0.0,0.0,1.0,10.0,0.6302521008403363,0
1769786058.6631377,1629.032258064516,0.005,0.0,0.0,1.0,10.0,0.6290322580645162,0
1769786058.665719,1627.906976744186,0.005,0.0,0.0,1.0,10.0,0.627906976744186,0
1769786058.667735,1626.8656716417909,0.005,0.0,0.0,1.0,10.0,0.6268656716417909,0
1769786058.6697733,1625.8992805755397,0.005,0.0,0.0,1.0,10.0,0.6258992805755397,0
1769786058.6721451,1625.0,0.005,0.0,0.0,1.0,10.0,0.625,0
1769786058.6743069,1624.1610738255033,0.005,0.0,0.0,1.0,10.0,0.6241610738255032,0
1769786058.6762497,1623.3766233766232,0.005,0.0,0.0,1.0,10.0,0.6233766233766234,0
1769786058.678464,1622.6415094339625,0.005,0.0,0.0,1.0,10.0,0.6226415094339626,0
1769786058.6809719,1621.9512195121952,0.005,0.0,0.0,1.0,10.0,0.6219512195121952,0
1769786058.683103,1621.301775147929,0.005,0.0,0.0,1.0,10.0,0.6213017751479291,0
1769786058.6851034,1620.6896551724137,0.005,0.0,0.0,1.0,10.0,0.6206896551724137,0
1769786058.6873055,1620.1117318435754,0.005,0.0,0.0,1.0,10.0,0.6201117318435754,0
1769786058.6895237,1619.5652173913045,0.005,0.0,0.0,1.0,10.0,0.6195652173913044,0
1769786058.6915092,1619.047619047619,0.005,0.0,0.0,1.0,10.0,0.6190476190476191,0
1769786058.6937966,1618.5567010309278,0.005,0.0,0.0,1.0,10.0,0.6185567010309279,0
1769786058.696011,1618.0904522613066,0.005,0.0,0.0,1.0,10.0,0.6180904522613067,0
1769786058.6981337,1617.6470588235293,0.005,0.0,0.0,1.0,10.0,0.6176470588235292,0
1769786058.700223,1617.2248803827752,0.005,0.0,0.0,1.0,10.0,0.6172248803827751,0
1769786058.7022192,1616.8224299065419,0.005,0.0,0.0,1.0,10.0,0.6168224299065419,0
1769786058.704481,1616.4383561643835,0.005,0.0,0.0,1.0,10.0,0.6164383561643836,0
1769786058.7067428,1616.0714285714287,0.005,0.0,0.0,1.0,10.0,0.6160714285714286,0
1769786058.7095919,1615.7205240174671,0.005,0.0,0.0,1.0,10.0,0.6157205240174672,0
1769786058.712388,1615.3846153846155,0.005,0.0,0.0,1.0,10.0,0.6153846153846154,0
1769786058.7148883,1615.062761506276,0.005,0.0,0.0,1.0,10.0,0.615062761506276,0
1769786058.7171326,1614.7540983606557,0.005,0.0,0.0,1.0,10.0,0.6147540983606556,0
1769786058.7194557,1614.4578313253014,0.005,0.0,0.0,1.0,10.0,0.6144578313253015,0
1769786058.721704,1614.1732283464567,0.005,0.0,0.0,1.0,10.0,0.6141732283464567,0
1769786058.723841,1613.899613899614,0.005,0.0,0.0,1.0,10.0,0.613899613899614,0
1769786058.7260017,1613.6363636363635,0.005,0.0,0.0,1.0,10.0,0.6136363636363635,0
1769786058.7280023,1613.3828996282527,0.005,0.0,0.0,1.0,10.0,0.6133828996282529,0
1769786058.730203,1613.138686131387,0.005,0.0,0.0,1.0,10.0,0.613138686131387,0
1769786058.7321067,1612.9032258064517,0.005,0.0,0.0,1.0,10.0,0.6129032258064517,0
1769786058.7340603,1612.6760563380283,0.005,0.0,0.0,1.0,10.0,0.6126760563380282,0
1769786058.736223,1612.4567474048442,0.005,0.0,0.0,1.0,10.0,0.6124567474048443,0
1769786058.7385035,1612.2448979591836,0.005,0.0,0.0,1.0,10.0,0.6122448979591837,0
1769786058.7410166,1612.0401337792644,0.005,0.0,0.0,1.0,10.0,0.6120401337792645,0
1769786058.7433712,1611.842105263158,0.005,0.0,0.0,1.0,10.0,0.611842105263158,0
1769786058.7457545,1611.6504854368932,0.005,0.0,0.0,1.0,10.0,0.6116504854368932,0
1769786058.7478087,1611.4649681528663,0.005,0.0,0.0,1.0,10.0,0.6114649681528663,0
1769786058.7498388,1611.2852664576803,0.005,0.0,0.0,1.0,10.0,0.6112852664576804,0
1769786058.752043,1611.1111111111113,0.005,0.0,0.0,1.0,10.0,0.6111111111111114,0
1769786058.7543995,1610.9422492401216,0.005,0.0,0.0,1.0,10.0,0.6109422492401215,0
1769786058.756538,1610.7784431137725,0.005,0.0,0.0,1.0,10.0,0.6107784431137726,0
1769786058.7584786,1610.6194690265486,0.005,0.0,0.0,1.0,10.0,0.6106194690265485,0
1769786058.7605245,1610.46511627907,0.005,0.0,0.0,1.0,10.0,0.61046511627907,0
1769786058.76244,1610.3151862464185,0.005,0.0,0.0,1.0,10.0,0.6103151862464187,0
1769786058.7643528,1610.1694915254236,0.005,0.0,0.0,1.0,10.0,0.6101694915254237,0
1769786058.7662585,1610.0278551532035,0.005,0.0,0.0,1.0,10.0,0.6100278551532035,0
1769786058.768355,1609.89010989011,0.005,0.0,0.0,1.0,10.0,0.6098901098901099,0
1769786058.770674,1609.7560975609756,0.005,0.0,0.0,1.0,10.0,0.6097560975609757,0
1769786058.772788,1609.625668449198,0.005,0.0,0.0,1.0,10.0,0.6096256684491981,0
1769786058.7746823,1609.4986807387863,0.005,0.0,0.0,1.0,10.0,0.6094986807387863,0
1769786058.7768626,1609.375,0.005,0.0,0.0,1.0,10.0,0.609375,0
1769786058.7789674,1609.254498714653,0.005,0.0,0.0,1.0,10.0,0.6092544987146531,0
1769786058.7811255,1609.1370558375634,0.005,0.0,0.0,1.0,10.0,0.6091370558375635,0
1769786058.7838535,1609.0225563909776,0.005,0.0,0.0,1.0,10.0,0.6090225563909777,0
1769786058.7867315,1608.9108910891089,0.005,0.0,0.0,1.0,10.0,0.608910891089109,0
1769786058.7892232,1608.80195599022,0.005,0.0,0.0,1.0,10.0,0.60880195599022,0
1769786058.79153,1608.6956521739132,0.005,0.0,0.0,1.0,10.0,0.6086956521739133,0
1769786058.7940679,1608.5918854415277,0.005,0.0,0.0,1.0,10.0,0.6085918854415278,0
1769786058.7962582,1608.4905660377358,0.005,0.0,0.0,1.0,10.0,0.6084905660377358,0
1769786058.7985034,1608.3916083916083,0.005,0.0,0.0,1.0,10.0,0.6083916083916083,0
1769786058.8007927,1608.294930875576,0.005,0.0,0.0,1.0,10.0,0.6082949308755761,0
1769786058.8028142,1608.2004555808658,0.005,0.0,0.0,1.0,10.0,0.6082004555808658,0
1769786058.8051322,1608.1081081081084,0.005,0.0,0.0,1.0,10.0,0.6081081081081083,0
1769786058.8074133,1608.0178173719376,0.005,0.0,0.0,1.0,10.0,0.6080178173719375,0
1769786058.809995,1607.9295154185022,0.005,0.0,0.0,1.0,10.0,0.6079295154185023,0
1769786058.8122096,1607.843137254902,0.005,0.0,0.0,1.0,10.0,0.6078431372549022,0
1769786058.8145545,1607.7586206896553,0.005,0.0,0.0,1.0,10.0,0.6077586206896555,0
1769786058.8170352,1607.675906183369,0.005,0.0,0.0,1.0,10.0,0.6076759061833692,0
1769786058.8191776,1607.5949367088606,0.005,0.0,0.0,1.0,10.0,0.6075949367088607,0
1769786058.8214662,1607.5156576200418,0.005,0.0,0.0,1.0,10.0,0.6075156576200418,0
1769786058.8237734,1607.4380165289256,0.005,0.0,0.0,1.0,10.0,0.6074380165289257,0
1769786058.8262093,1607.361963190184,0.005,0.0,0.0,1.0,10.0,0.6073619631901841,0
1769786058.828565,1607.2874493927127,0.005,0.0,0.0,1.0,10.0,0.6072874493927127,0
1769786058.8308446,1607.2144288577153,0.005,0.0,0.0,1.0,10.0,0.6072144288577155,0
1769786058.8332994,1607.142857142857,0.005,0.0,0.0,1.0,10.0,0.6071428571428572,0
1769786058.8353674,1607.072691552063,0.005,0.0,0.0,1.0,10.0,0.607072691552063,0
1769786058.8376591,1607.0038910505837,0.005,0.0,0.0,1.0,10.0,0.6070038910505837,0
1769786058.8398757,1606.9364161849712,0.005,0.0,0.0,1.0,10.0,0.6069364161849713,0
1769786058.842353,1606.8702290076335,0.005,0.0,0.0,1.0,10.0,0.6068702290076335,0
1769786058.844695,1606.805293005671,0.005,0.0,0.0,1.0,10.0,0.6068052930056711,0
1769786058.8468785,1606.741573033708,0.005,0.0,0.0,1.0,10.0,0.606741573033708,0
1769786058.849231,1606.6790352504638,0.005,0.0,0.0,1.0,10.0,0.6066790352504638,0
1769786058.8511932,1606.6176470588236,0.005,0.0,0.0,1.0,10.0,0.6066176470588236,0
1769786058.8531368,1606.5573770491803,0.005,0.0,0.0,1.0,10.0,0.6065573770491803,0
1769786058.855059,1606.4981949458484,0.005,0.0,0.0,1.0,10.0,0.6064981949458483,0
1769786058.8573933,1606.4400715563506,0.005,0.0,0.0,1.0,10.0,0.6064400715563507,0
1769786058.8596547,1606.3829787234044,0.005,0.0,0.0,1.0,10.0,0.6063829787234045,0
1769786058.8618684,1606.3268892794376,0.005,0.0,0.0,1.0,10.0,0.6063268892794376,0
1769786058.8639796,1606.2717770034842,0.005,0.0,0.0,1.0,10.0,0.6062717770034842,0
1769786058.8659363,1606.217616580311,0.005,0.0,0.0,1.0,10.0,0.606217616580311,0
1769786058.8678873,1606.164383561644,0.005,0.0,0.0,1.0,10.0,0.6061643835616439,0
1769786058.870197,1606.1120543293719,0.005,0.0,0.0,1.0,10.0,0.6061120543293719,0
1769786058.8729293,1606.0606060606062,0.005,0.0,0.0,1.0,10.0,0.6060606060606062,0
1769786058.8751252,1606.0100166944908,0.005,0.0,0.0,1.0,10.0,0.6060100166944908,0
1769786058.87718,1605.9602649006622,0.005,0.0,0.0,1.0,10.0,0.6059602649006621,0
1769786058.8790455,1605.911330049261,0.005,0.0,0.0,1.0,10.0,0.6059113300492611,0
1769786058.8812997,1605.8631921824106,0.005,0.0,0.0,1.0,10.0,0.6058631921824107,0
1769786058.8832161,1605.815831987076,0.005,0.0,0.0,1.0,10.0,0.6058158319870761,0
1769786058.8852441,1605.7692307692307,0.005,0.0,0.0,1.0,10.0,0.6057692307692308,0
1769786058.887455,1605.7233704292528,0.005,0.0,0.0,1.0,10.0,0.6057233704292528,0
1769786058.8899035,1605.678233438486,0.005,0.0,0.0,1.0,10.0,0.605678233438486,0
1769786058.8921294,1605.6338028169014,0.005,0.0,0.0,1.0,10.0,0.6056338028169015,0
1769786058.8941572,1605.5900621118014,0.005,0.0,0.0,1.0,10.0,0.6055900621118016,0
1769786058.896373,1605.546995377504,0.005,0.0,0.0,1.0,10.0,0.6055469953775039,0
1769786058.8983905,1605.5045871559632,0.005,0.0,0.0,1.0,10.0,0.6055045871559632,0
1769786058.9003243,1605.4628224582702,0.005,0.0,0.0,1.0,10.0,0.6054628224582703,0
1769786058.902466,1605.421686746988,0.005,0.0,0.0,1.0,10.0,0.6054216867469879,0
1769786058.9045208,1605.3811659192827,0.005,0.0,0.0,1.0,10.0,0.6053811659192827,0
1769786058.906586,1605.341246290801,0.005,0.0,0.0,1.0,10.0,0.6053412462908012,0
1769786058.9085968,1605.301914580265,0.005,0.0,0.0,1.0,10.0,0.6053019145802649,0
1769786058.9106216,1605.2631578947369,0.005,0.0,0.0,1.0,10.0,0.605263157894737,0
1769786058.9129272,1605.2249637155298,0.005,0.0,0.0,1.0,10.0,0.6052249637155298,0
1769786058.9152415,1605.1873198847263,0.005,0.0,0.0,1.0,10.0,0.6051873198847264,0
1769786058.9176767,1605.1502145922746,0.005,0.0,0.0,1.0,10.0,0.6051502145922747,0
1769786058.9202342,1605.1136363636363,0.005,0.0,0.0,1.0,10.0,0.6051136363636362,0
1769786058.922453,1605.0775740479548,0.005,0.0,0.0,1.0,10.0,0.6050775740479548,0
1769786058.9246194,1605.0420168067228,0.005,0.0,0.0,1.0,10.0,0.6050420168067228,0
1769786058.9267936,1605.0069541029209,0.005,0.0,0.0,1.0,10.0,0.6050069541029208,0
1769786058.9292278,1604.9723756906076,0.005,0.0,0.0,1.0,10.0,0.6049723756906076,0
1769786058.9316273,1604.9382716049383,0.005,0.0,0.0,1.0,10.0,0.6049382716049383,0
1769786058.9338386,1604.9046321525886,0.005,0.0,0.0,1.0,10.0,0.6049046321525886,0
1769786058.9360702,1604.8714479025712,0.005,0.0,0.0,1.0,10.0,0.6048714479025712,0
1769786058.9382565,1604.8387096774195,0.005,0.0,0.0,1.0,10.0,0.6048387096774195,0
1769786058.9405785,1604.8064085447263,0.005,0.0,0.0,1.0,10.0,0.6048064085447264,0
1769786058.9429343,1604.7745358090185,0.005,0.0,0.0,1.0,10.0,0.6047745358090186,0
1769786058.945738,1604.7430830039525,0.005,0.0,0.0,1.0,10.0,0.6047430830039526,0
1769786058.9487,1604.712041884817,0.005,0.0,0.0,1.0,10.0,0.6047120418848169,0
1769786058.9516819,1604.6814044213265,0.005,0.0,0.0,1.0,10.0,0.6046814044213267,0
1769786058.9545379,1604.6511627906975,0.005,0.0,0.0,1.0,10.0,0.6046511627906976,0
1769786058.9573586,1604.6213093709885,0.005,0.0,0.0,1.0,10.0,0.6046213093709885,0
1769786058.9597049,1604.591836734694,0.005,0.0,0.0,1.0,10.0,0.6045918367346941,0
1769786058.961987,1604.5627376425857,0.005,0.0,0.0,1.0,10.0,0.6045627376425857,0
1769786058.964058,1604.5340050377836,0.005,0.0,0.0,1.0,10.0,0.6045340050377837,0
1769786058.9662027,1604.50563204005,0.005,0.0,0.0,1.0,10.0,0.6045056320400499,0
1769786058.9683666,1604.4776119402986,0.005,0.0,0.0,1.0,10.0,0.6044776119402986,0
1769786058.9705343,1604.4499381953028,0.005,0.0,0.0,1.0,10.0,0.6044499381953028,0
1769786058.9728978,1604.4226044226043,0.005,0.0,0.0,1.0,10.0,0.6044226044226044,0
1769786058.9753122,1604.3956043956046,0.005,0.0,0.0,1.0,10.0,0.6043956043956047,0
1769786058.9777207,1604.3689320388348,0.005,0.0,0.0,1.0,10.0,0.6043689320388348,0
1769786058.9798365,1604.342581423402,0.005,0.0,0.0,1.0,10.0,0.604342581423402,0
1769786058.9818418,1604.31654676259,0.005,0.0,0.0,1.0,10.0,0.60431654676259,0
1769786058.983932,1604.290822407628,0.005,0.0,0.0,1.0,10.0,0.604290822407628,0
1769786058.9859948,1604.265402843602,0.005,0.0,0.0,1.0,10.0,0.6042654028436021,0
1769786058.9880288,1604.2402826855123,0.005,0.0,0.0,1.0,10.0,0.6042402826855122,0
1769786058.9906769,1604.2154566744732,0.005,0.0,0.0,1.0,10.0,0.6042154566744733,0
1769786058.9930315,1604.1909196740396,0.005,0.0,0.0,1.0,10.0,0.6041909196740396,0
1769786058.9951086,1604.1666666666665,0.005,0.0,0.0,1.0,10.0,0.6041666666666665,0
1769786058.9971714,1604.1426927502878,0.005,0.0,0.0,1.0,10.0,0.6041426927502878,0
1769786058.9993303,1604.1189931350114,0.005,0.0,0.0,1.0,10.0,0.6041189931350115,0
1769786059.0015845,1604.095563139932,0.005,0.0,0.0,1.0,10.0,0.6040955631399321,0
1769786059.003657,1604.0723981900453,0.005,0.0,0.0,1.0,10.0,0.6040723981900453,0
1769786059.0056841,1604.0494938132733,0.005,0.0,0.0,1.0,10.0,0.6040494938132734,0
1769786059.0077887,1604.026845637584,0.005,0.0,0.0,1.0,10.0,0.6040268456375841,0
1769786059.009821,1604.0044493882092,0.005,0.0,0.0,1.0,10.0,0.6040044493882093,0
1769786059.0120084,1603.982300884956,0.005,0.0,0.0,1.0,10.0,0.6039823008849561,0
1769786059.0140433,1603.960396039604,0.005,0.0,0.0,1.0,10.0,0.6039603960396038,0
1769786059.016586,1603.9387308533917,0.005,0.0,0.0,1.0,10.0,0.6039387308533917,0
1769786059.0189095,1603.917301414581,0.005,0.0,0.0,1.0,10.0,0.6039173014145811,0
1769786059.0211067,1603.8961038961038,0.005,0.0,0.0,1.0,10.0,0.6038961038961039,0
1769786059.0234346,1603.8751345532833,0.005,0.0,0.0,1.0,10.0,0.6038751345532833,0
1769786059.0256834,1603.8543897216275,0.005,0.0,0.0,1.0,10.0,0.6038543897216275,0
1769786059.0278008,1603.8338658146963,0.005,0.0,0.0,1.0,10.0,0.6038338658146964,0
1769786059.0299597,1603.813559322034,0.005,0.0,0.0,1.0,10.0,0.6038135593220342,0
1769786059.0324025,1603.7934668071655,0.005,0.0,0.0,1.0,10.0,0.6037934668071656,0
1769786059.0348325,1603.7735849056605,0.005,0.0,0.0,1.0,10.0,0.6037735849056605,0
1769786059.0376065,1603.7539103232534,0.005,0.0,0.0,1.0,10.0,0.6037539103232534,0
1769786059.0402596,1603.734439834025,0.005,0.0,0.0,1.0,10.0,0.603734439834025,0
1769786059.0425801,1603.7151702786377,0.005,0.0,0.0,1.0,10.0,0.6037151702786379,0
1769786059.044885,1603.6960985626283,0.005,0.0,0.0,1.0,10.0,0.6036960985626283,0
1769786059.0472016,1603.67722165475,0.005,0.0,0.0,1.0,10.0,0.6036772216547499,0
1769786059.0495663,1603.658536585366,0.005,0.0,0.0,1.0,10.0,0.603658536585366,0
1769786059.0515668,1603.6400404448937,0.005,0.0,0.0,1.0,10.0,0.6036400404448936,0
1769786059.0535238,1603.621730382294,0.005,0.0,0.0,1.0,10.0,0.6036217303822939,0
1769786059.055552,1603.6036036036035,0.005,0.0,0.0,1.0,10.0,0.6036036036036034,0
1769786059.115811,0.0,0.0,0.0,0.0,1.0,0.0,0.0,0
1769786059.1193533,2224.367827458709,0.004086813192,0.0,0.0,1.0,10.0,1.315686508258709,0
1769786059.1220498,2000.0,0.005,0.0,0.0,1.0,10.0,1.0,0
1769786059.1242661,1857.1428571428573,0.005,0.0,0.0,1.0,10.0,0.8571428571428574,0
1769786059.1265142,1789.4736842105262,0.005,0.0,0.0,1.0,10.0,0.7894736842105263,0
1769786059.1289937,1750.0,0.005,0.0,0.0,1.0,10.0,0.75,0
1769786059.1313899,1724.1379310344828,0.005,0.0,0.0,1.0,10.0,0.7241379310344829,0
1769786059.1335273,1705.8823529411766,0.005,0.0,0.0,1.0,10.0,0.7058823529411766,0
1769786059.1357257,1692.3076923076922,0.005,0.0,0.0,1.0,10.0,0.6923076923076923,0
1769786059.1378398,1681.8181818181818,0.005,0.0,0.0,1.0,10.0,0.6818181818181819,0
1769786059.140273,1673.4693877551022,0.005,0.0,0.0,1.0,10.0,0.6734693877551021,0
1769786059.1429427,1666.6666666666665,0.005,0.0,0.0,1.0,10.0,0.6666666666666665,0
1769786059.1455762,1661.0169491525426,0.005,0.0,0.0,1.0,10.0,0.6610169491525426,0
1769786059.1478403,1656.25,0.005,0.0,0.0,1.0,10.0,0.65625,0
1769786059.1499991,1652.1739130434785,0.005,0.0,0.0,1.0,10.0,0.6521739130434785,0
1769786059.1525133,1648.6486486486488,0.005,0.0,0.0,1.0,10.0,0.6486486486486487,0
1769786059.15484,1645.5696202531644,0.005,0.0,0.0,1.0,10.0,0.6455696202531644,0
1769786059.1569364,1642.857142857143,0.005,0.0,0.0,1.0,10.0,0.642857142857143,0
1769786059.1592233,1640.4494382022472,0.005,0.0,0.0,1.0,10.0,0.6404494382022472,0
1769786059.1613295,1638.2978723404256,0.005,0.0,0.0,1.0,10.0,0.6382978723404256,0
1769786059.1633027,1636.3636363636365,0.005,0.0,0.0,1.0,10.0,0.6363636363636365,0
1769786059.1660218,1634.6153846153845,0.005,0.0,0.0,1.0,10.0,0.6346153846153846,0
1769786059.1691217,1633.0275229357796,0.005,0.0,0.0,1.0,10.0,0.6330275229357796,0
1769786059.1717553,1631.5789473684213,0.005,0.0,0.0,1.0,10.0,0.6315789473684212,0
1769786059.174419,1630.2521008403362,0.005,0.0,0.0,1.0,10.0,0.6302521008403363,0
1769786059.1770594,1629.032258064516,0.005,0.0,0.0,1.0,10.0,0.6290322580645162,0
1769786059.1792252,1627.906976744186,0.005,0.0,0.0,1.0,10.0,0.627906976744186,0
1769786059.1814394,1626.8656716417909,0.005,0.0,0.0,1.0,10.0,0.6268656716417909,0
1769786059.1843884,1625.8992805755397,0.005,0.0,0.0,1.0,10.0,0.6258992805755397,0
1769786059.1869297,1625.0,0.005,0.0,0.0,1.0,10.0,0.625,0
1769786059.1895998,1624.1610738255033,0.005,0.0,0.0,1.0,10.0,0.6241610738255032,0
1769786059.1921332,1623.3766233766232,0.005,0.0,0.0,1.0,10.0,0.6233766233766234,0
1769786059.1941986,1622.6415094339625,0.005,0.0,0.0,1.0,10.0,0.6226415094339626,0
1769786059.1966343,1621.9512195121952,0.005,0.0,0.0,1.0,10.0,0.6219512195121952,0
1769786059.1994128,1621.301775147929,0.005,0.0,0.0,1.0,10.0,0.6213017751479291,0
1769786059.201749,1620.6896551724137,0.005,0.0,0.0,1.0,10.0,0.6206896551724137,0
1769786059.2039735,1620.1117318435754,0.005,0.0,0.0,1.0,10.0,0.6201117318435754,0
1769786059.2060618,1619.5652173913045,0.005,0.0,0.0,1.0,10.0,0.6195652173913044,0
1769786059.2083044,1619.047619047619,0.005,0.0,0.0,1.0,10.0,0.6190476190476191,0
1769786059.2105982,1618.5567010309278,0.005,0.0,0.0,1.0,10.0,0.6185567010309279,0
1769786059.2132885,1618.0904522613066,0.005,0.0,0.0,1.0,10.0,0.6180904522613067,0
1769786059.2156897,1617.6470588235293,0.005,0.0,0.0,1.0,10.0,0.6176470588235292,0
1769786059.2178822,1617.2248803827752,0.005,0.0,0.0,1.0,10.0,0.6172248803827751,0
1769786059.2200546,1616.8224299065419,0.005,0.0,0.0,1.0,10.0,0.6168224299065419,0
1769786059.2223265,1616.4383561643835,0.005,0.0,0.0,1.0,10.0,0.6164383561643836,0
1769786059.2246375,1616.0714285714287,0.005,0.0,0.0,1.0,10.0,0.6160714285714286,0
1769786059.2269235,1615.7205240174671,0.005,0.0,0.0,1.0,10.0,0.6157205240174672,0
1769786059.229174,1615.3846153846155,0.005,0.0,0.0,1.0,10.0,0.6153846153846154,0
1769786059.2315166,1615.062761506276,0.005,0.0,0.0,1.0,10.0,0.615062761506276,0
1769786059.233716,1614.7540983606557,0.005,0.0,0.0,1.0,10.0,0.6147540983606556,0
1769786059.235937,1614.4578313253014,0.005,0.0,0.0,1.0,10.0,0.6144578313253015,0
1769786059.2382057,1614.1732283464567,0.005,0.0,0.0,1.0,10.0,0.6141732283464567,0
1769786059.2407,1613.899613899614,0.005,0.0,0.0,1.0,10.0,0.613899613899614,0
1769786059.2431738,1613.6363636363635,0.005,0.0,0.0,1.0,10.0,0.6136363636363635,0
1769786059.2456906,1613.3828996282527,0.005,0.0,0.0,1.0,10.0,0.6133828996282529,0
1769786059.2479262,1613.138686131387,0.005,0.0,0.0,1.0,10.0,0.613138686131387,0
1769786059.2501833,1612.9032258064517,0.005,0.0,0.0,1.0,10.0,0.6129032258064517,0
1769786059.252296,1612.6760563380283,0.005,0.0,0.0,1.0,10.0,0.6126760563380282,0
1769786059.2547429,1612.4567474048442,0.005,0.0,0.0,1.0,10.0,0.6124567474048443,0
1769786059.257283,1612.2448979591836,0.005,0.0,0.0,1.0,10.0,0.6122448979591837,0
1769786059.2596052,1612.0401337792644,0.005,0.0,0.0,1.0,10.0,0.6120401337792645,0
1769786059.2618988,1611.842105263158,0.005,0.0,0.0,1.0,10.0,0.611842105263158,0
1769786059.2643123,1611.6504854368932,0.005,0.0,0.0,1.0,10.0,0.6116504854368932,0
1769786059.2665255,1611.4649681528663,0.005,0.0,0.0,1.0,10.0,0.6114649681528663,0
1769786059.2688673,1611.2852664576803,0.005,0.0,0.0,1.0,10.0,0.6112852664576804,0
1769786059.2717962,1611.1111111111113,0.005,0.0,0.0,1.0,10.0,0.6111111111111114,0
1769786059.274632,1610.9422492401216,0.005,0.0,0.0,1.0,10.0,0.6109422492401215,0
1769786059.277898,1610.7784431137725,0.005,0.0,0.0,1.0,10.0,0.6107784431137726,0
1769786059.2810626,1610.6194690265486,0.005,0.0,0.0,1.0,10.0,0.6106194690265485,0
1769786059.284064,1610.46511627907,0.005,0.0,0.0,1.0,10.0,0.61046511627907,0
1769786059.2867723,1610.3151862464185,0.005,0.0,0.0,1.0,10.0,0.6103151862464187,0
1769786059.2892308,1610.1694915254236,0.005,0.0,0.0,1.0,10.0,0.6101694915254237,0
1769786059.291359,1610.0278551532035,0.005,0.0,0.0,1.0,10.0,0.6100278551532035,0
1769786059.293694,1609.89010989011,0.005,0.0,0.0,1.0,10.0,0.6098901098901099,0
1769786059.296374,1609.7560975609756,0.005,0.0,0.0,1.0,10.0,0.6097560975609757,0
1769786059.2989695,1609.625668449198,0.005,0.0,0.0,1.0,10.0,0.6096256684491981,0
1769786059.301693,1609.4986807387863,0.005,0.0,0.0,1.0,10.0,0.6094986807387863,0
1769786059.3047564,1609.375,0.005,0.0,0.0,1.0,10.0,0.609375,0
1769786059.3074362,1609.254498714653,0.005,0.0,0.0,1.0,10.0,0.6092544987146531,0
1769786059.310533,1609.1370558375634,0.005,0.0,0.0,1.0,10.0,0.6091370558375635,0
1769786059.3129928,1609.0225563909776,0.005,0.0,0.0,1.0,10.0,0.6090225563909777,0
1769786059.315227,1608.9108910891089,0.005,0.0,0.0,1.0,10.0,0.608910891089109,0
1769786059.3174715,1608.80195599022,0.005,0.0,0.0,1.0,10.0,0.60880195599022,0
1769786059.319778,1608.6956521739132,0.005,0.0,0.0,1.0,10.0,0.6086956521739133,0
1769786059.3221622,1608.5918854415277,0.005,0.0,0.0,1.0,10.0,0.6085918854415278,0
1769786059.3249738,1608.4905660377358,0.005,0.0,0.0,1.0,10.0,0.6084905660377358,0
1769786059.3276722,1608.3916083916083,0.005,0.0,0.0,1.0,10.0,0.6083916083916083,0
1769786059.3302875,1608.294930875576,0.005,0.0,0.0,1.0,10.0,0.6082949308755761,0
1769786059.332667,1608.2004555808658,0.005,0.0,0.0,1.0,10.0,0.6082004555808658,0
1769786059.3350623,1608.1081081081084,0.005,0.0,0.0,1.0,10.0,0.6081081081081083,0
1769786059.3372073,1608.0178173719376,0.005,0.0,0.0,1.0,10.0,0.6080178173719375,0
1769786059.3392076,1607.9295154185022,0.005,0.0,0.0,1.0,10.0,0.6079295154185023,0
1769786059.341157,1607.843137254902,0.005,0.0,0.0,1.0,10.0,0.6078431372549022,0
1769786059.3431778,1607.7586206896553,0.005,0.0,0.0,1.0,10.0,0.6077586206896555,0
1769786059.34572,1607.675906183369,0.005,0.0,0.0,1.0,10.0,0.6076759061833692,0
1769786059.3477726,1607.5949367088606,0.005,0.0,0.0,1.0,10.0,0.6075949367088607,0
1769786059.3498151,1607.5156576200418,0.005,0.0,0.0,1.0,10.0,0.6075156576200418,0
1769786059.3520966,1607.4380165289256,0.005,0.0,0.0,1.0,10.0,0.6074380165289257,0
1769786059.354148,1607.361963190184,0.005,0.0,0.0,1.0,10.0,0.6073619631901841,0
1769786059.3562863,1607.2874493927127,0.005,0.0,0.0,1.0,10.0,0.6072874493927127,0
1769786059.3586998,1607.2144288577153,0.005,0.0,0.0,1.0,10.0,0.6072144288577155,0
1769786059.3612945,1607.142857142857,0.005,0.0,0.0,1.0,10.0,0.6071428571428572,0
1769786059.3634577,1607.072691552063,0.005,0.0,0.0,1.0,10.0,0.607072691552063,0
1769786059.3655827,1607.0038910505837,0.005,0.0,0.0,1.0,10.0,0.6070038910505837,0
1769786059.3677883,1606.9364161849712,0.005,0.0,0.0,1.0,10.0,0.6069364161849713,0
1769786059.3700805,1606.8702290076335,0.005,0.0,0.0,1.0,10.0,0.6068702290076335,0
1769786059.3722775,1606.805293005671,0.005,0.0,0.0,1.0,10.0,0.6068052930056711,0
1769786059.3750806,1606.741573033708,0.005,0.0,0.0,1.0,10.0,0.606741573033708,0
1769786059.377867,1606.6790352504638,0.005,0.0,0.0,1.0,10.0,0.6066790352504638,0
1769786059.3800652,1606.6176470588236,0.005,0.0,0.0,1.0,10.0,0.6066176470588236,0
1769786059.3821406,1606.5573770491803,0.005,0.0,0.0,1.0,10.0,0.6065573770491803,0
1769786059.3844593,1606.4981949458484,0.005,0.0,0.0,1.0,10.0,0.6064981949458483,0
1769786059.386608,1606.4400715563506,0.005,0.0,0.0,1.0,10.0,0.6064400715563507,0
1769786059.3885958,1606.3829787234044,0.005,0.0,0.0,1.0,10.0,0.6063829787234045,0
1769786059.3913653,1606.3268892794376,0.005,0.0,0.0,1.0,10.0,0.6063268892794376,0
1769786059.3943539,1606.2717770034842,0.005,0.0,0.0,1.0,10.0,0.6062717770034842,0
1769786059.397143,1606.217616580311,0.005,0.0,0.0,1.0,10.0,0.606217616580311,0
1769786059.3998375,1606.164383561644,0.005,0.0,0.0,1.0,10.0,0.6061643835616439,0
1769786059.402078,1606.1120543293719,0.005,0.0,0.0,1.0,10.0,0.6061120543293719,0
1769786059.4043212,1606.0606060606062,0.005,0.0,0.0,1.0,10.0,0.6060606060606062,0
1769786059.4065096,1606.0100166944908,0.005,0.0,0.0,1.0,10.0,0.6060100166944908,0
1769786059.4086442,1605.9602649006622,0.005,0.0,0.0,1.0,10.0,0.6059602649006621,0
1769786059.4106793,1605.911330049261,0.005,0.0,0.0,1.0,10.0,0.6059113300492611,0
1769786059.4126902,1605.8631921824106,0.005,0.0,0.0,1.0,10.0,0.6058631921824107,0
1769786059.4148865,1605.815831987076,0.005,0.0,0.0,1.0,10.0,0.6058158319870761,0
1769786059.417269,1605.7692307692307,0.005,0.0,0.0,1.0,10.0,0.6057692307692308,0
1769786059.419416,1605.7233704292528,0.005,0.0,0.0,1.0,10.0,0.6057233704292528,0
1769786059.4220617,1605.678233438486,0.005,0.0,0.0,1.0,10.0,0.605678233438486,0
1769786059.4250448,1605.6338028169014,0.005,0.0,0.0,1.0,10.0,0.6056338028169015,0
1769786059.4276547,1605.5900621118014,0.005,0.0,0.0,1.0,10.0,0.6055900621118016,0
1769786059.4301105,1605.546995377504,0.005,0.0,0.0,1.0,10.0,0.6055469953775039,0
1769786059.4325113,1605.5045871559632,0.005,0.0,0.0,1.0,10.0,0.6055045871559632,0
1769786059.4345295,1605.4628224582702,0.005,0.0,0.0,1.0,10.0,0.6054628224582703,0
1769786059.436682,1605.421686746988,0.005,0.0,0.0,1.0,10.0,0.6054216867469879,0
1769786059.4390867,1605.3811659192827,0.005,0.0,0.0,1.0,10.0,0.6053811659192827,0
1769786059.4416401,1605.341246290801,0.005,0.0,0.0,1.0,10.0,0.6053412462908012,0
1769786059.443954,1605.301914580265,0.005,0.0,0.0,1.0,10.0,0.6053019145802649,0
1769786059.4465349,1605.2631578947369,0.005,0.0,0.0,1.0,10.0,0.605263157894737,0
1769786059.448978,1605.2249637155298,0.005,0.0,0.0,1.0,10.0,0.6052249637155298,0
1769786059.4511368,1605.1873198847263,0.005,0.0,0.0,1.0,10.0,0.6051873198847264,0
1769786059.453199,1605.1502145922746,0.005,0.0,0.0,1.0,10.0,0.6051502145922747,0
1769786059.4553564,1605.1136363636363,0.005,0.0,0.0,1.0,10.0,0.6051136363636362,0
1769786059.4574907,1605.0775740479548,0.005,0.0,0.0,1.0,10.0,0.6050775740479548,0
1769786059.4595344,1605.0420168067228,0.005,0.0,0.0,1.0,10.0,0.6050420168067228,0
1769786059.4621382,1605.0069541029209,0.005,0.0,0.0,1.0,10.0,0.6050069541029208,0
1769786059.4649131,1604.9723756906076,0.005,0.0,0.0,1.0,10.0,0.6049723756906076,0
1769786059.4671423,1604.9382716049383,0.005,0.0,0.0,1.0,10.0,0.6049382716049383,0
1769786059.4693847,1604.9046321525886,0.005,0.0,0.0,1.0,10.0,0.6049046321525886,0
1769786059.4716272,1604.8714479025712,0.005,0.0,0.0,1.0,10.0,0.6048714479025712,0
1769786059.473843,1604.8387096774195,0.005,0.0,0.0,1.0,10.0,0.6048387096774195,0
1769786059.4761152,1604.8064085447263,0.005,0.0,0.0,1.0,10.0,0.6048064085447264,0
1769786059.4785492,1604.7745358090185,0.005,0.0,0.0,1.0,10.0,0.6047745358090186,0
1769786059.4809694,1604.7430830039525,0.005,0.0,0.0,1.0,10.0,0.6047430830039526,0
1769786059.4831123,1604.712041884817,0.005,0.0,0.0,1.0,10.0,0.6047120418848169,0
1769786059.4853418,1604.6814044213265,0.005,0.0,0.0,1.0,10.0,0.6046814044213267,0
1769786059.4876523,1604.6511627906975,0.005,0.0,0.0,1.0,10.0,0.6046511627906976,0
1769786059.4899075,1604.6213093709885,0.005,0.0,0.0,1.0,10.0,0.6046213093709885,0
1769786059.4921708,1604.591836734694,0.005,0.0,0.0,1.0,10.0,0.6045918367346941,0
1769786059.4943922,1604.5627376425857,0.005,0.0,0.0,1.0,10.0,0.6045627376425857,0
1769786059.4965434,1604.5340050377836,0.005,0.0,0.0,1.0,10.0,0.6045340050377837,0
1769786059.4984636,1604.50563204005,0.005,0.0,0.0,1.0,10.0,0.6045056320400499,0
1769786059.500443,1604.4776119402986,0.005,0.0,0.0,1.0,10.0,0.6044776119402986,0
1769786059.5026357,1604.4499381953028,0.005,0.0,0.0,1.0,10.0,0.6044499381953028,0
1769786059.505346,1604.4226044226043,0.005,0.0,0.0,1.0,10.0,0.6044226044226044,0
1769786059.5091581,1604.3956043956046,0.005,0.0,0.0,1.0,10.0,0.6043956043956047,0
1769786059.5123737,1604.3689320388348,0.005,0.0,0.0,1.0,10.0,0.6043689320388348,0
1769786059.515509,1604.342581423402,0.005,0.0,0.0,1.0,10.0,0.604342581423402,0
1769786059.5178225,1604.31654676259,0.005,0.0,0.0,1.0,10.0,0.60431654676259,0
1769786059.5206707,1604.290822407628,0.005,0.0,0.0,1.0,10.0,0.604290822407628,0
1769786059.5228546,1604.265402843602,0.005,0.0,0.0,1.0,10.0,0.6042654028436021,0
1769786059.5250232,1604.2402826855123,0.005,0.0,0.0,1.0,10.0,0.6042402826855122,0
1769786059.5274699,1604.2154566744732,0.005,0.0,0.0,1.0,10.0,0.6042154566744733,0
1769786059.5296874,1604.1909196740396,0.005,0.0,0.0,1.0,10.0,0.6041909196740396,0
1769786059.5318522,1604.1666666666665,0.005,0.0,0.0,1.0,10.0,0.6041666666666665,0
1769786059.5340385,1604.1426927502878,0.005,0.0,0.0,1.0,10.0,0.6041426927502878,0
1769786059.5361223,1604.1189931350114,0.005,0.0,0.0,1.0,10.0,0.6041189931350115,0
1769786059.5385158,1604.095563139932,0.005,0.0,0.0,1.0,10.0,0.6040955631399321,0
1769786059.5413058,1604.0723981900453,0.005,0.0,0.0,1.0,10.0,0.6040723981900453,0
1769786059.5439875,1604.0494938132733,0.005,0.0,0.0,1.0,10.0,0.6040494938132734,0
1769786059.5464478,1604.026845637584,0.005,0.0,0.0,1.0,10.0,0.6040268456375841,0
1769786059.548799,1604.0044493882092,0.005,0.0,0.0,1.0,10.0,0.6040044493882093,0
1769786059.5514562,1603.982300884956,0.005,0.0,0.0,1.0,10.0,0.6039823008849561,0
1769786059.5539234,1603.960396039604,0.005,0.0,0.0,1.0,10.0,0.6039603960396038,0
1769786059.5563183,1603.9387308533917,0.005,0.0,0.0,1.0,10.0,0.6039387308533917,0
1769786059.5588732,1603.917301414581,0.005,0.0,0.0,1.0,10.0,0.6039173014145811,0
1769786059.561671,1603.8961038961038,0.005,0.0,0.0,1.0,10.0,0.6038961038961039,0
1769786059.5640087,1603.8751345532833,0.005,0.0,0.0,1.0,10.0,0.6038751345532833,0
1769786059.5664217,1603.8543897216275,0.005,0.0,0.0,1.0,10.0,0.6038543897216275,0
1769786059.5685718,1603.8338658146963,0.005,0.0,0.0,1.0,10.0,0.6038338658146964,0
1769786059.5706868,1603.813559322034,0.005,0.0,0.0,1.0,10.0,0.6038135593220342,0
1769786059.5729556,1603.7934668071655,0.005,0.0,0.0,1.0,10.0,0.6037934668071656,0
1769786059.5754302,1603.7735849056605,0.005,0.0,0.0,1.0,10.0,0.6037735849056605,0
1769786059.5777712,1603.7539103232534,0.005,0.0,0.0,1.0,10.0,0.6037539103232534,0
1769786059.5799692,1603.734439834025,0.005,0.0,0.0,1.0,10.0,0.603734439834025,0
1769786059.58251,1603.7151702786377,0.005,0.0,0.0,1.0,10.0,0.6037151702786379,0
1769786059.5848906,1603.6960985626283,0.005,0.0,0.0,1.0,10.0,0.6036960985626283,0
1769786059.5872128,1603.67722165475,0.005,0.0,0.0,1.0,10.0,0.6036772216547499,0
1769786059.589857,1603.658536585366,0.005,0.0,0.0,1.0,10.0,0.603658536585366,0
1769786059.5921144,1603.6400404448937,0.005,0.0,0.0,1.0,10.0,0.6036400404448936,0
1769786059.5943182,1603.621730382294,0.005,0.0,0.0,1.0,10.0,0.6036217303822939,0
1769786059.5965478,1603.6036036036035,0.005,0.0,0.0,1.0,10.0,0.6036036036036034,0
