t,thr,delay,jitter,loss,numUe,stepEnergyJ,rew,act
1769772845.2193074,0.0,0.0,0.0,0.0,1.0,0.0,0.0,1
1769772845.227648,1975.3086419753085,0.004769630515,0.0,0.0,1.0,0.9999999999999999,1.4982455904753087,1
1769772845.234255,1988.950276243094,0.004769630515,0.0,0.0,1.0,0.9999999999999999,1.5118872247430943,1
1769772845.2410793,1992.8825622775803,0.004769630515,0.0,0.0,1.0,0.9999999999999999,1.5158195107775805,1
1769772845.2471683,1994.750656167979,0.004769630515,0.0,0.0,1.0,0.9999999999999999,1.517687604667979,1
1769772845.251945,1995.8419958419959,0.004769630515,0.0,0.0,1.0,0.9999999999999999,1.5187789443419961,1
1769772845.2576213,1996.5576592082618,0.004769630515,0.0,0.0,1.0,0.9999999999999999,1.519494607708262,1
1769772845.265477,1997.063142437592,0.004769630515,0.0,0.0,1.0,0.9999999999999999,1.520000090937592,1
1769772845.2700512,1997.439180537772,0.004769630515,0.0,0.0,1.0,0.9999999999999999,1.520376129037772,1
1769772845.2738514,1997.7298524404086,0.004769630515,0.0,0.0,1.0,0.9999999999999999,1.5206668009404087,1
1769772845.2788022,1997.96126401631,0.004769630515,0.0,0.0,1.0,0.9999999999999999,1.52089821251631,1
1769772845.2824633,1998.149861239593,0.004769630515,0.0,0.0,1.0,0.9999999999999999,1.5210868097395933,1
1769772845.2864761,1998.3065198983911,0.004769630515,0.0,0.0,1.0,0.9999999999999999,1.521243468398391,1
1769772845.2913902,1998.4387197501953,0.004769630515,0.0,0.0,1.0,0.9999999999999999,1.5213756682501953,1
1769772845.2966523,1998.551774076756,0.004769630515,0.0,0.0,1.0,0.9999999999999999,1.5214887225767562,1
1769772845.3022969,1998.6495611073601,0.004769630515,0.0,0.0,1.0,0.9999999999999999,1.5215865096073602,1
1769772845.3082309,1998.7349778621126,0.004769630515,0.0,0.0,1.0,0.9999999999999999,1.5216719263621126,1
1769772845.3119283,1998.810232004759,0.004769630515,0.0,0.0,1.0,0.9999999999999999,1.5217471805047589,1
1769772845.3153777,1998.8770353733858,0.004769630515,0.0,0.0,1.0,0.9999999999999999,1.521813983873386,1
1769772845.3186927,1998.936735778841,0.004769630515,0.0,0.0,1.0,0.9999999999999999,1.5218736842788412,1
1769772845.3228705,1998.9904088844019,0.004769630515,0.0,0.0,1.0,0.9999999999999999,1.521927357384402,1
1769772845.326627,1999.0389235944258,0.004769630515,0.0,0.0,1.0,0.9999999999999999,1.521975872094426,1
1769772845.329828,1999.0829894543788,0.004769630515,0.0,0.0,1.0,0.9999999999999999,1.522019937954379,1
1769772845.3333378,1999.123191582639,0.004769630515,0.0,0.0,1.0,0.9999999999999999,1.5220601400826392,1
1769772845.3375642,1999.1600167996642,0.004769630515,0.0,0.0,1.0,0.9999999999999999,1.5220969652996643,1
1769772845.3410928,1999.19387343813,0.004769630515,0.0,0.0,1.0,0.9999999999999999,1.52213082193813,1
1769772845.3443787,1999.2251065478497,0.004769630515,0.0,0.0,1.0,0.9999999999999999,1.5221620550478498,1
1769772845.3495493,1999.254009697874,0.004769630515,0.0,0.0,1.0,0.9999999999999999,1.5221909581978739,1
1769772845.3536966,1999.2808342322905,0.004769630515,0.0,0.0,1.0,0.9999999999999999,1.5222177827322907,1
1769772845.3573053,1999.3057965984035,0.004769630515,0.0,0.0,1.0,0.9999999999999999,1.5222427450984035,1
1769772845.360534,1999.329084199933,0.004769630515,0.0,0.0,1.0,0.9999999999999999,1.5222660326999333,1
1769772845.3650734,1999.3508601103538,0.004769630515,0.0,0.0,1.0,0.9999999999999999,1.522287808610354,1
1769772845.3695316,1999.371266897202,0.004769630515,0.0,0.0,1.0,0.9999999999999999,1.5223082153972023,1
1769772845.3734252,1999.3904297470283,0.004769630515,0.0,0.0,1.0,0.9999999999999999,1.5223273782470284,1
1769772845.3776042,1999.4084590357884,0.004769630515,0.0,0.0,1.0,0.9999999999999999,1.5223454075357885,1
1769772845.3798935,1999.4153756211635,0.004769630515,0.0,0.0,1.0,0.9999999999999999,1.5223523241211636,1
1769772845.3815024,1999.4153756211635,0.004769630515,0.0,0.0,1.0,0.9999999999999999,1.5223523241211636,1
1769772845.3844495,1999.4153756211635,0.004769630515,0.0,0.0,1.0,0.9999999999999999,1.5223523241211636,1
1769772845.3857863,1999.4153756211635,0.004769630515,0.0,0.0,1.0,0.9999999999999999,1.5223523241211636,1
1769772845.3878887,1999.4153756211635,0.004769630515,0.0,0.0,1.0,0.9999999999999999,1.5223523241211636,1
1769772845.3899338,1999.4153756211635,0.004769630515,0.0,0.0,1.0,0.9999999999999999,1.5223523241211636,1
1769772845.3915067,1999.4153756211635,0.004769630515,0.0,0.0,1.0,0.9999999999999999,1.5223523241211636,1
1769772845.3934793,1999.4153756211635,0.004769630515,0.0,0.0,1.0,0.9999999999999999,1.5223523241211636,1
1769772845.3945205,1999.4153756211635,0.004769630515,0.0,0.0,1.0,0.9999999999999999,1.5223523241211636,1
1769772845.3958566,1999.4153756211635,0.004769630515,0.0,0.0,1.0,0.9999999999999999,1.5223523241211636,1
1769772845.3970265,1999.4153756211635,0.004769630515,0.0,0.0,1.0,0.9999999999999999,1.5223523241211636,1
1769772845.3986433,1999.4153756211635,0.004769630515,0.0,0.0,1.0,0.9999999999999999,1.5223523241211636,1
1769772845.4000783,1999.4153756211635,0.004769630515,0.0,0.0,1.0,0.9999999999999999,1.5223523241211636,1
1769772845.4010735,1999.4153756211635,0.004769630515,0.0,0.0,1.0,0.9999999999999999,1.5223523241211636,1
1769772845.40205,1999.4153756211635,0.004769630515,0.0,0.0,1.0,0.9999999999999999,1.5223523241211636,1
1769772845.4030218,1999.4153756211635,0.004769630515,0.0,0.0,1.0,0.9999999999999999,1.5223523241211636,1
1769772845.4041278,1999.4153756211635,0.004769630515,0.0,0.0,1.0,0.9999999999999999,1.5223523241211636,1
1769772845.4054697,1999.4153756211635,0.004769630515,0.0,0.0,1.0,0.9999999999999999,1.5223523241211636,1
1769772845.4064698,1999.4153756211635,0.004769630515,0.0,0.0,1.0,0.9999999999999999,1.5223523241211636,1
1769772845.4074686,1999.4153756211635,0.004769630515,0.0,0.0,1.0,0.9999999999999999,1.5223523241211636,1
1769772845.4085937,1999.4153756211635,0.004769630515,0.0,0.0,1.0,0.9999999999999999,1.5223523241211636,1
1769772845.4094834,1999.4153756211635,0.004769630515,0.0,0.0,1.0,0.9999999999999999,1.5223523241211636,1
1769772845.4146686,1225.3521126760563,0.004166058307,0.0,0.0,1.0,0.9999999999999999,0.8086462819760563,1
1769772845.4187324,1238.7543252595156,0.004166058307,0.0,0.0,1.0,0.9999999999999999,0.8220484945595157,1
1769772845.4227228,1251.700680272109,0.004166058307,0.0,0.0,1.0,0.9999999999999999,0.8349948495721089,1
1769772845.4260037,1264.2140468227426,0.004166058307,0.0,0.0,1.0,0.9999999999999999,0.8475082161227425,1
1769772845.4301748,1276.3157894736842,0.004166058307,0.0,0.0,1.0,0.9999999999999999,0.8596099587736843,1
1769772845.433863,1288.0258899676376,0.004166058307,0.0,0.0,1.0,0.9999999999999999,0.8713200592676376,1
1769772845.4382548,1299.3630573248406,0.004166058307,0.0,0.0,1.0,0.9999999999999999,0.8826572266248407,1
1769772845.442328,1310.344827586207,0.004166058307,0.0,0.0,1.0,0.9999999999999999,0.8936389968862071,1
1769772845.4470913,1320.9876543209878,0.004166058307,0.0,0.0,1.0,0.9999999999999999,0.9042818236209877,1
1769772845.4510846,1331.306990881459,0.004166058307,0.0,0.0,1.0,0.9999999999999999,0.914601160181459,1
1769772845.4549015,1341.317365269461,0.004166058307,0.0,0.0,1.0,0.9999999999999999,0.9246115345694612,1
1769772845.4582071,1351.032448377581,0.004166058307,0.0,0.0,1.0,0.9999999999999999,0.9343266176775811,1
1769772845.4619107,1360.46511627907,0.004166058307,0.0,0.0,1.0,0.9999999999999999,0.94375928557907,1
1769772845.4655702,1369.6275071633238,0.004166058307,0.0,0.0,1.0,0.9999999999999999,0.9529216764633239,1
1769772845.469659,1378.5310734463276,0.004166058307,0.0,0.0,1.0,0.9999999999999999,0.9618252427463276,1
1769772845.4731746,1387.1866295264624,0.004166058307,0.0,0.0,1.0,0.9999999999999999,0.9704807988264625,1
1769772845.4756567,1390.5817174515237,0.004166058307,0.0,0.0,1.0,0.9999999999999999,0.9738758867515236,1
1769772845.4775634,1390.5817174515237,0.004166058307,0.0,0.0,1.0,0.9999999999999999,0.9738758867515236,1
1769772845.479406,1390.5817174515237,0.004166058307,0.0,0.0,1.0,0.9999999999999999,0.9738758867515236,1
1769772845.481247,1390.5817174515237,0.004166058307,0.0,0.0,1.0,0.9999999999999999,0.9738758867515236,1
1769772845.4836597,1310.11177540941,0.004295093494,0.0,0.0,1.0,0.9999999999999999,0.8805024260094101,1
1769772845.4876974,1318.9633051064923,0.004295093494,0.0,0.0,1.0,0.9999999999999999,0.8893539557064924,1
1769772845.49317,1327.5905751203445,0.004295093494,0.0,0.0,1.0,0.9999999999999999,0.8979812257203446,1
1769772845.497387,1336.002001501126,0.004295093494,0.0,0.0,1.0,0.9999999999999999,0.9063926521011261,1
1769772845.501867,1344.205584383494,0.004295093494,0.0,0.0,1.0,0.9999999999999999,0.914596234983494,1
1769772845.5074246,1352.2089333658776,0.004295093494,0.0,0.0,1.0,0.9999999999999999,0.9225995839658776,1
1769772845.51124,1360.0192910537737,0.004295093494,0.0,0.0,1.0,0.9999999999999999,0.9304099416537739,1
1769772845.514404,1367.643554920181,0.004295093494,0.0,0.0,1.0,0.9999999999999999,0.9380342055201811,1
1769772845.5178363,1375.0882976218506,0.004295093494,0.0,0.0,1.0,0.9999999999999999,0.9454789482218506,1
1769772845.522129,1382.3597858971377,0.004295093494,0.0,0.0,1.0,0.9999999999999999,0.9527504364971378,1
1769772845.5262833,1389.4639981596504,0.004295093494,0.0,0.0,1.0,0.9999999999999999,0.9598546487596504,1
1769772845.5303104,1396.4066408915169,0.004295093494,0.0,0.0,1.0,0.9999999999999999,0.966797291491517,1
1769772845.5356138,1403.1931639307397,0.004295093494,0.0,0.0,1.0,0.9999999999999999,0.9735838145307398,1
1769772845.5395627,1409.8287747387146,0.004295093494,0.0,0.0,1.0,0.9999999999999999,0.9802194253387146,1
1769772845.5433962,1416.318451726413,0.004295093494,0.0,0.0,1.0,0.9999999999999999,0.9867091023264132,1
1769772845.546046,1420.1441992571554,0.004295093494,0.0,0.0,1.0,0.9999999999999999,0.9905348498571556,1
1769772845.5481894,1402.6029902118962,0.00430443737,0.0,0.0,1.0,0.9999999999999999,0.9720592532118961,1
1769772845.5522883,1408.9603064807918,0.00430443737,0.0,0.0,1.0,0.9999999999999999,0.9784165694807918,1
1769772845.5566225,1415.18374223439,0.00430443737,0.0,0.0,1.0,0.9999999999999999,0.98464000523439,1
1769772845.5611727,1421.2774825466292,0.00430443737,0.0,0.0,1.0,0.9999999999999999,0.9907337455466292,1
1769772845.5652056,1427.245539857688,0.00430443737,0.0,0.0,1.0,0.9999999999999999,0.9967018028576882,1
1769772845.5689468,1433.0917627845258,0.00430443737,0.0,0.0,1.0,0.9999999999999999,1.0025480257845258,1
1769772845.5723386,1438.8198443972922,0.00430443737,0.0,0.0,1.0,0.9999999999999999,1.0082761073972921,1
1769772845.5757701,1444.4333299989996,0.00430443737,0.0,0.0,1.0,0.9999999999999999,1.0138895929989997,1
1769772845.579227,1449.9356244429039,0.00430443737,0.0,0.0,1.0,0.9999999999999999,1.0193918874429038,1
1769772845.5841773,1455.3299990193195,0.00430443737,0.0,0.0,1.0,0.9999999999999999,1.0247862620193195,1
1769772845.5885763,1460.6195979411477,0.00430443737,0.0,0.0,1.0,0.9999999999999999,1.0300758609411478,1
1769772845.5955832,1465.8074444551312,0.00430443737,0.0,0.0,1.0,0.9999999999999999,1.0352637074551312,1
1769772845.599864,1470.8964466037917,0.00430443737,0.0,0.0,1.0,0.9999999999999999,1.0403527096037917,1
1769772845.6029,1475.8894026611306,0.00430443737,0.0,0.0,1.0,0.9999999999999999,1.0453456656611306,1
1769772845.606303,1480.7890062634385,0.00430443737,0.0,0.0,1.0,0.9999999999999999,1.0502452692634385,1
1769772845.610308,1485.5978512549782,0.00430443737,0.0,0.0,1.0,0.9999999999999999,1.055054114254978,1
1769772845.6154082,1490.3184362668624,0.00430443737,0.0,0.0,1.0,0.9999999999999999,1.0597746992668624,1
1769772845.617221,1490.3184362668624,0.00430443737,0.0,0.0,1.0,0.9999999999999999,1.0597746992668624,1
1769772845.621728,1482.4165915238955,0.004369461034,0.0,0.0,1.0,0.9999999999999999,1.0453704881238957,1
1769772845.626505,1487.0420017873103,0.004369461034,0.0,0.0,1.0,0.9999999999999999,1.0499958983873103,1
1769772845.6303768,1491.585473870682,0.004369461034,0.0,0.0,1.0,0.9999999999999999,1.0545393704706822,1
1769772845.6345322,1494.273127753304,0.004369461034,0.0,0.0,1.0,0.9999999999999999,1.057227024353304,1
1769772845.6363225,1494.273127753304,0.004369461034,0.0,0.0,1.0,0.9999999999999999,1.057227024353304,1
1769772845.6383965,1494.273127753304,0.004369461034,0.0,0.0,1.0,0.9999999999999999,1.057227024353304,1
1769772845.640155,1494.273127753304,0.004369461034,0.0,0.0,1.0,0.9999999999999999,1.057227024353304,1
1769772845.6421494,1494.273127753304,0.004369461034,0.0,0.0,1.0,0.9999999999999999,1.057227024353304,1
1769772845.6433961,1494.273127753304,0.004369461034,0.0,0.0,1.0,0.9999999999999999,1.057227024353304,1
1769772845.6452022,1494.273127753304,0.004369461034,0.0,0.0,1.0,0.9999999999999999,1.057227024353304,1
1769772845.6497538,1418.5335207076134,0.004196255226,0.0,0.0,1.0,0.9999999999999999,0.9988079981076134,1
1769772845.6529737,1423.3008116750023,0.004196255226,0.0,0.0,1.0,0.9999999999999999,1.0035752890750023,1
1769772845.656756,1427.9905668049116,0.004196255226,0.0,0.0,1.0,0.9999999999999999,1.0082650442049115,1
1769772845.6601193,1432.604662418327,0.004196255226,0.0,0.0,1.0,0.9999999999999999,1.012879139818327,1
1769772845.6636155,1437.1449147795472,0.004196255226,0.0,0.0,1.0,0.9999999999999999,1.0174193921795471,1
1769772845.6666539,1441.6130824799557,0.004196255226,0.0,0.0,1.0,0.9999999999999999,1.0218875598799557,1
1769772845.6697326,1446.010868709144,0.004196255226,0.0,0.0,1.0,0.9999999999999999,1.026285346109144,1
1769772845.673257,1450.3399234195515,0.004196255226,0.0,0.0,1.0,0.9999999999999999,1.0306144008195515,1
1769772845.680012,1454.6018453904007,0.004196255226,0.0,0.0,1.0,0.9999999999999999,1.0348763227904008,1
1769772845.6847694,1458.798184196353,0.004196255226,0.0,0.0,1.0,0.9999999999999999,1.039072661596353,1
1769772845.6904495,1462.930442085974,0.004196255226,0.0,0.0,1.0,0.9999999999999999,1.0432049194859738,1
1769772845.6945474,1467.0000757747973,0.004196255226,0.0,0.0,1.0,0.9999999999999999,1.0472745531747973,1
1769772845.697683,1471.0084981574792,0.004196255226,0.0,0.0,1.0,0.9999999999999999,1.051282975557479,1
1769772845.701972,1474.9570799432709,0.004196255226,0.0,0.0,1.0,0.9999999999999999,1.055231557343271,1
1769772845.7057624,1478.8471512187893,0.004196255226,0.0,0.0,1.0,0.9999999999999999,1.0591216286187892,1
1769772845.709324,1482.6800029418255,0.004196255226,0.0,0.0,1.0,0.9999999999999999,1.0629544803418254,1
1769772845.7124934,1486.4568883697161,0.004196255226,0.0,0.0,1.0,0.9999999999999999,1.0667313657697162,1
1769772845.71654,1490.1790244255997,0.004196255226,0.0,0.0,1.0,0.9999999999999999,1.0704535018255996,1
1769772845.7200787,1493.8475930056848,0.004196255226,0.0,0.0,1.0,0.9999999999999999,1.0741220704056846,1
1769772845.723169,1497.463742230478,0.004196255226,0.0,0.0,1.0,0.9999999999999999,1.077738219630478,1
1769772845.7281036,1501.0285876427608,0.004196255226,0.0,0.0,1.0,0.9999999999999999,1.0813030650427609,1
1769772845.7317314,1504.5432133549343,0.004196255226,0.0,0.0,1.0,0.9999999999999999,1.0848176907549343,1
1769772845.7374692,1508.008673148213,0.004196255226,0.0,0.0,1.0,0.9999999999999999,1.088283150548213,1
1769772845.7419758,1511.4259915260122,0.004196255226,0.0,0.0,1.0,0.9999999999999999,1.0917004689260121,1
1769772845.7457876,1514.796164723736,0.004196255226,0.0,0.0,1.0,0.9999999999999999,1.095070642123736,1
1769772845.7479258,1515.464627677895,0.004196255226,0.0,0.0,1.0,0.9999999999999999,1.0957391050778948,1
1769772845.7495115,1515.464627677895,0.004196255226,0.0,0.0,1.0,0.9999999999999999,1.0957391050778948,1
1769772845.7510011,1515.464627677895,0.004196255226,0.0,0.0,1.0,0.9999999999999999,1.0957391050778948,1
1769772845.7524385,1515.464627677895,0.004196255226,0.0,0.0,1.0,0.9999999999999999,1.0957391050778948,1
1769772845.7540307,1515.464627677895,0.004196255226,0.0,0.0,1.0,0.9999999999999999,1.0957391050778948,1
1769772845.7556524,1515.464627677895,0.004196255226,0.0,0.0,1.0,0.9999999999999999,1.0957391050778948,1
1769772845.7572305,1515.464627677895,0.004196255226,0.0,0.0,1.0,0.9999999999999999,1.0957391050778948,1
1769772845.758524,1515.464627677895,0.004196255226,0.0,0.0,1.0,0.9999999999999999,1.0957391050778948,1
1769772845.7601624,1515.464627677895,0.004196255226,0.0,0.0,1.0,0.9999999999999999,1.0957391050778948,1
1769772845.7612865,1515.464627677895,0.004196255226,0.0,0.0,1.0,0.9999999999999999,1.0957391050778948,1
1769772845.7628984,1515.464627677895,0.004196255226,0.0,0.0,1.0,0.9999999999999999,1.0957391050778948,1
1769772845.764374,1515.464627677895,0.004196255226,0.0,0.0,1.0,0.9999999999999999,1.0957391050778948,1
1769772845.765924,1515.464627677895,0.004196255226,0.0,0.0,1.0,0.9999999999999999,1.0957391050778948,1
1769772845.767444,1515.464627677895,0.004196255226,0.0,0.0,1.0,0.9999999999999999,1.0957391050778948,1
1769772845.7690268,1515.464627677895,0.004196255226,0.0,0.0,1.0,0.9999999999999999,1.0957391050778948,1
1769772845.770365,1515.464627677895,0.004196255226,0.0,0.0,1.0,0.9999999999999999,1.0957391050778948,1
1769772845.7723753,1515.464627677895,0.004196255226,0.0,0.0,1.0,0.9999999999999999,1.0957391050778948,1
1769772845.7759857,1362.5184456468273,0.004087871896,0.0,0.0,1.0,0.9999999999999999,0.9536312560468274,1
1769772845.779975,1361.639824304539,0.004197637421,0.0,0.0,1.0,0.9999999999999999,0.9417760822045389,1
1769772845.7839518,1365.5105505699732,0.004197637421,0.0,0.0,1.0,0.9999999999999999,0.9456468084699732,1
1769772845.7891347,1369.3346190935392,0.004197637421,0.0,0.0,1.0,0.9999999999999999,0.9494708769935392,1
1769772845.7942793,1373.1128684399712,0.004197637421,0.0,0.0,1.0,0.9999999999999999,0.9532491263399712,1
1769772845.7978387,1376.8461171986662,0.004197637421,0.0,0.0,1.0,0.9999999999999999,0.9569823750986663,1
1769772845.801288,1380.5351645749467,0.004197637421,0.0,0.0,1.0,0.9999999999999999,0.9606714224749469,1
1769772845.804931,1384.180790960452,0.004197637421,0.0,0.0,1.0,0.9999999999999999,0.964317048860452,1
1769772845.8099365,1387.783758483501,0.004197637421,0.0,0.0,1.0,0.9999999999999999,0.9679200163835011,1
1769772845.8143427,1391.3448115402512,0.004197637421,0.0,0.0,1.0,0.9999999999999999,0.9714810694402511,1
1769772845.8174832,1392.757660167131,0.004197637421,0.0,0.0,1.0,0.9999999999999999,0.972893918067131,1
1769772845.8194187,1392.757660167131,0.004197637421,0.0,0.0,1.0,0.9999999999999999,0.972893918067131,1
1769772845.8212636,1392.757660167131,0.004197637421,0.0,0.0,1.0,0.9999999999999999,0.972893918067131,1
1769772845.8237028,1392.757660167131,0.004197637421,0.0,0.0,1.0,0.9999999999999999,0.972893918067131,1
1769772845.8254087,1392.757660167131,0.004197637421,0.0,0.0,1.0,0.9999999999999999,0.972893918067131,1
1769772845.8270113,1392.757660167131,0.004197637421,0.0,0.0,1.0,0.9999999999999999,0.972893918067131,1
1769772845.8285584,1392.757660167131,0.004197637421,0.0,0.0,1.0,0.9999999999999999,0.972893918067131,1
1769772845.8301358,1392.757660167131,0.004197637421,0.0,0.0,1.0,0.9999999999999999,0.972893918067131,1
1769772845.8319988,1392.757660167131,0.004197637421,0.0,0.0,1.0,0.9999999999999999,0.972893918067131,1
1769772845.8333936,1392.757660167131,0.004197637421,0.0,0.0,1.0,0.9999999999999999,0.972893918067131,1
1769772845.8349247,1392.757660167131,0.004197637421,0.0,0.0,1.0,0.9999999999999999,0.972893918067131,1
1769772845.8362377,1392.757660167131,0.004197637421,0.0,0.0,1.0,0.9999999999999999,0.972893918067131,1
1769772845.8376522,1392.757660167131,0.004197637421,0.0,0.0,1.0,0.9999999999999999,0.972893918067131,1
1769772845.8397727,1392.757660167131,0.004197637421,0.0,0.0,1.0,0.9999999999999999,0.972893918067131,1
1769772845.8415682,1392.757660167131,0.004197637421,0.0,0.0,1.0,0.9999999999999999,0.972893918067131,1
1769772845.8435326,1392.757660167131,0.004197637421,0.0,0.0,1.0,0.9999999999999999,0.972893918067131,1
1769772845.845263,1392.757660167131,0.004197637421,0.0,0.0,1.0,0.9999999999999999,0.972893918067131,1
1769772845.8469443,1392.757660167131,0.004197637421,0.0,0.0,1.0,0.9999999999999999,0.972893918067131,1
1769772845.850365,1261.7899811360303,0.004864644192,0.0,0.0,1.0,0.9999999999999999,0.7752255619360303,1
1769772845.8553922,1265.6380316930774,0.004864644192,0.0,0.0,1.0,0.9999999999999999,0.7790736124930776,1
1769772845.8593018,1269.446172993155,0.004864644192,0.0,0.0,1.0,0.9999999999999999,0.782881753793155,1
1769772845.8611984,1270.203066721923,0.004864644192,0.0,0.0,1.0,0.9999999999999999,0.7836386475219231,1
1769772845.8627138,1270.203066721923,0.004864644192,0.0,0.0,1.0,0.9999999999999999,0.7836386475219231,1
1769772845.8644867,1270.203066721923,0.004864644192,0.0,0.0,1.0,0.9999999999999999,0.7836386475219231,1
1769772845.8659687,1270.203066721923,0.004864644192,0.0,0.0,1.0,0.9999999999999999,0.7836386475219231,1
1769772845.8671741,1270.203066721923,0.004864644192,0.0,0.0,1.0,0.9999999999999999,0.7836386475219231,1
1769772845.8688173,1270.203066721923,0.004864644192,0.0,0.0,1.0,0.9999999999999999,0.7836386475219231,1
1769772845.8703048,1270.203066721923,0.004864644192,0.0,0.0,1.0,0.9999999999999999,0.7836386475219231,1
1769772845.965489,0.0,0.0,0.0,0.0,1.0,0.0,0.0,1
1769772845.9726567,2083.3333333333335,0.0044604430339999996,0.0,0.0,1.0,0.9999999999999999,1.6371890299333336,1
1769772845.9787228,2040.816326530612,0.0044604430339999996,0.0,0.0,1.0,0.9999999999999999,1.5946720231306124,1
1769772845.9822083,2027.027027027027,0.0044604430339999996,0.0,0.0,1.0,0.9999999999999999,1.5808827236270273,1
1769772845.9868612,2020.20202020202,0.0044604430339999996,0.0,0.0,1.0,0.9999999999999999,1.5740577168020204,1
1769772845.9910464,2016.1290322580646,0.0044604430339999996,0.0,0.0,1.0,0.9999999999999999,1.5699847288580646,1
1769772845.99614,2013.4228187919464,0.0044604430339999996,0.0,0.0,1.0,0.9999999999999999,1.5672785153919466,1
1769772845.9998486,2011.4942528735633,0.0044604430339999996,0.0,0.0,1.0,0.9999999999999999,1.5653499494735634,1
1769772846.0048428,2010.0502512562816,0.0044604430339999996,0.0,0.0,1.0,0.9999999999999999,1.5639059478562818,1
1769772846.008453,2008.9285714285713,0.0044604430339999996,0.0,0.0,1.0,0.9999999999999999,1.5627842680285713,1
1769772846.0127783,2008.0321285140562,0.0044604430339999996,0.0,0.0,1.0,0.9999999999999999,1.5618878251140564,1
1769772846.0160813,2007.2992700729926,0.0044604430339999996,0.0,0.0,1.0,0.9999999999999999,1.5611549666729927,1
1769772846.0210834,2006.6889632107025,0.0044604430339999996,0.0,0.0,1.0,0.9999999999999999,1.5605446598107025,1
1769772846.0246685,2006.1728395061727,0.0044604430339999996,0.0,0.0,1.0,0.9999999999999999,1.560028536106173,1
1769772846.0282853,2005.730659025788,0.0044604430339999996,0.0,0.0,1.0,0.9999999999999999,1.559586355625788,1
1769772846.0324063,2005.3475935828876,0.0044604430339999996,0.0,0.0,1.0,0.9999999999999999,1.5592032901828878,1
1769772846.0367062,2005.012531328321,0.0044604430339999996,0.0,0.0,1.0,0.9999999999999999,1.5588682279283212,1
1769772846.040145,2004.7169811320755,0.0044604430339999996,0.0,0.0,1.0,0.9999999999999999,1.5585726777320759,1
1769772846.0437074,2004.4543429844098,0.0044604430339999996,0.0,0.0,1.0,0.9999999999999999,1.5583100395844098,1
1769772846.0470412,2004.2194092827006,0.0044604430339999996,0.0,0.0,1.0,0.9999999999999999,1.5580751058827007,1
1769772846.051858,2004.0080160320642,0.0044604430339999996,0.0,0.0,1.0,0.9999999999999999,1.5578637126320645,1
1769772846.0559409,2003.8167938931297,0.0044604430339999996,0.0,0.0,1.0,0.9999999999999999,1.5576724904931296,1
1769772846.0584211,2003.780718336484,0.0044604430339999996,0.0,0.0,1.0,0.9999999999999999,1.557636414936484,1
1769772846.0598383,2003.780718336484,0.0044604430339999996,0.0,0.0,1.0,0.9999999999999999,1.557636414936484,1
1769772846.0610936,2003.780718336484,0.0044604430339999996,0.0,0.0,1.0,0.9999999999999999,1.557636414936484,1
1769772846.0624135,2003.780718336484,0.0044604430339999996,0.0,0.0,1.0,0.9999999999999999,1.557636414936484,1
1769772846.0673525,1705.4263565891472,0.004692585631,0.0,0.0,1.0,0.9999999999999999,1.2360677934891473,1
1769772846.07161,1716.4179104477612,0.004692585631,0.0,0.0,1.0,0.9999999999999999,1.2470593473477614,1
1769772846.0732975,1718.5185185185187,0.004692585631,0.0,0.0,1.0,0.9999999999999999,1.2491599554185189,1
1769772846.0750153,1718.5185185185187,0.004692585631,0.0,0.0,1.0,0.9999999999999999,1.2491599554185189,1
1769772846.0780249,1592.5058548009367,0.004144737173,0.0,0.0,1.0,0.9999999999999999,1.1779321375009368,1
1769772846.082845,1605.6976367756556,0.004144737173,0.0,0.0,1.0,0.9999999999999999,1.1911239194756558,1
1769772846.0874753,1618.0620884289747,0.004144737173,0.0,0.0,1.0,0.9999999999999999,1.2034883711289748,1
1769772846.0916836,1629.674673152934,0.004144737173,0.0,0.0,1.0,0.9999999999999999,1.2151009558529342,1
1769772846.0961585,1640.601947477132,0.004144737173,0.0,0.0,1.0,0.9999999999999999,1.2260282301771321,1
1769772846.1005065,1650.902837489252,0.004144737173,0.0,0.0,1.0,0.9999999999999999,1.2363291201892521,1
1769772846.1050646,1660.6297018668154,0.004144737173,0.0,0.0,1.0,0.9999999999999999,1.2460559845668155,1
1769772846.1095002,1669.8292220113851,0.004144737173,0.0,0.0,1.0,0.9999999999999999,1.2552555047113851,1
1769772846.1146297,1678.5431512272366,0.004144737173,0.0,0.0,1.0,0.9999999999999999,1.2639694339272367,1
1769772846.1184666,1686.8089483157626,0.004144737173,0.0,0.0,1.0,0.9999999999999999,1.2722352310157627,1
1769772846.1219826,1694.660315868639,0.004144737173,0.0,0.0,1.0,0.9999999999999999,1.280086598568639,1
1769772846.1271546,1702.1276595744682,0.004144737173,0.0,0.0,1.0,0.9999999999999999,1.2875539422744684,1
1769772846.132024,1709.238481737885,0.004144737173,0.0,0.0,1.0,0.9999999999999999,1.294664764437885,1
1769772846.1361966,1716.0177197481933,0.004144737173,0.0,0.0,1.0,0.9999999999999999,1.3014440024481935,1
1769772846.1409662,1722.4880382775118,0.004144737173,0.0,0.0,1.0,0.9999999999999999,1.307914320977512,1
1769772846.1450942,1728.6700824237025,0.004144737173,0.0,0.0,1.0,0.9999999999999999,1.3140963651237025,1
1769772846.149421,1734.5826977555025,0.004144737173,0.0,0.0,1.0,0.9999999999999999,1.3200089804555026,1
1769772846.1563516,1740.2431222008956,0.004144737173,0.0,0.0,1.0,0.9999999999999999,1.3256694049008957,1
1769772846.1611547,1745.6671538943413,0.004144737173,0.0,0.0,1.0,0.9999999999999999,1.3310934365943414,1
1769772846.165688,1750.8692984250358,0.004144737173,0.0,0.0,1.0,0.9999999999999999,1.3362955811250359,1
1769772846.1724622,1755.8628983764281,0.004144737173,0.0,0.0,1.0,0.9999999999999999,1.3412891810764282,1
1769772846.179903,1760.6602475928476,0.004144737173,0.0,0.0,1.0,0.9999999999999999,1.3460865302928477,1
1769772846.185366,1765.272692233571,0.004144737173,0.0,0.0,1.0,0.9999999999999999,1.3506989749335712,1
1769772846.1902754,1769.7107203630176,0.004144737173,0.0,0.0,1.0,0.9999999999999999,1.3551370030630177,1
1769772846.194395,1773.984041566153,0.004144737173,0.0,0.0,1.0,0.9999999999999999,1.3594103242661533,1
1769772846.1985698,1778.101657861177,0.004144737173,0.0,0.0,1.0,0.9999999999999999,1.363527940561177,1
1769772846.2042472,1782.0719269994634,0.004144737173,0.0,0.0,1.0,0.9999999999999999,1.3674982096994635,1
1769772846.209159,1785.9026190894708,0.004144737173,0.0,0.0,1.0,0.9999999999999999,1.371328901789471,1
1769772846.2139378,1789.6009673518743,0.004144737173,0.0,0.0,1.0,0.9999999999999999,1.3750272500518743,1
1769772846.2200627,1793.173713703515,0.004144737173,0.0,0.0,1.0,0.9999999999999999,1.3785999964035152,1
1769772846.225485,1796.6271497745868,0.004144737173,0.0,0.0,1.0,0.9999999999999999,1.3820534324745868,1
1769772846.2336335,1799.9671538840535,0.004144737173,0.0,0.0,1.0,0.9999999999999999,1.3853934365840537,1
1769772846.2384179,1803.199224430441,0.004144737173,0.0,0.0,1.0,0.9999999999999999,1.3886255071304412,1
1769772846.2425313,1806.328510096995,0.004144737173,0.0,0.0,1.0,0.9999999999999999,1.391754792796995,1
1769772846.2477336,1809.3598372202223,0.004144737173,0.0,0.0,1.0,0.9999999999999999,1.3947861199202225,1
1769772846.2531831,1812.2977346278317,0.004144737173,0.0,0.0,1.0,0.9999999999999999,1.3977240173278318,1
1769772846.2585309,1815.1464562149038,0.004144737173,0.0,0.0,1.0,0.9999999999999999,1.4005727389149039,1
1769772846.263478,1817.9100014949918,0.004144737173,0.0,0.0,1.0,0.9999999999999999,1.403336284194992,1
1769772846.2677724,1820.5921343349537,0.004144737173,0.0,0.0,1.0,0.9999999999999999,1.406018417034954,1
1769772846.2729323,1823.1964000580635,0.004144737173,0.0,0.0,1.0,0.9999999999999999,1.4086226827580637,1
1769772846.278628,1825.7261410788383,0.004144737173,0.0,0.0,1.0,0.9999999999999999,1.4111524237788384,1
1769772846.2832522,1828.184511214558,0.004144737173,0.0,0.0,1.0,0.9999999999999999,1.4136107939145581,1
1769772846.2870939,1830.5744888023369,0.004144737173,0.0,0.0,1.0,0.9999999999999999,1.416000771502337,1
1769772846.2920804,1832.8988887364524,0.004144737173,0.0,0.0,1.0,0.9999999999999999,1.4183251714364524,1
1769772846.2955172,1835.1603735282176,0.004144737173,0.0,0.0,1.0,0.9999999999999999,1.4205866562282177,1
1769772846.2997296,1837.3614634797705,0.004144737173,0.0,0.0,1.0,0.9999999999999999,1.4227877461797707,1
1769772846.3039014,1839.5045460534986,0.004144737173,0.0,0.0,1.0,0.9999999999999999,1.4249308287534987,1
1769772846.307946,1841.5918845103395,0.004144737173,0.0,0.0,1.0,0.9999999999999999,1.4270181672103397,1
1769772846.3112025,1843.6256258826552,0.004144737173,0.0,0.0,1.0,0.9999999999999999,1.4290519085826554,1
1769772846.3149211,1845.6078083407276,0.004144737173,0.0,0.0,1.0,0.9999999999999999,1.4310340910407278,1
1769772846.3185592,1847.5403680060083,0.004144737173,0.0,0.0,1.0,0.9999999999999999,1.4329666507060084,1
1769772846.32324,1849.4251452589936,0.004144737173,0.0,0.0,1.0,0.9999999999999999,1.4348514279589937,1
1769772846.3266253,1851.263890584931,0.004144737173,0.0,0.0,1.0,0.9999999999999999,1.436690173284931,1
1769772846.3288386,1851.9868756835583,0.004144737173,0.0,0.0,1.0,0.9999999999999999,1.4374131583835583,1
1769772846.3302228,1851.9868756835583,0.004144737173,0.0,0.0,1.0,0.9999999999999999,1.4374131583835583,1
1769772846.3316905,1851.9868756835583,0.004144737173,0.0,0.0,1.0,0.9999999999999999,1.4374131583835583,1
1769772846.3330562,1851.9868756835583,0.004144737173,0.0,0.0,1.0,0.9999999999999999,1.4374131583835583,1
1769772846.336743,1763.9608520437534,0.004892072352,0.0,0.0,1.0,0.9999999999999999,1.2746536168437534,1
1769772846.3390772,1763.9608520437534,0.004892072352,0.0,0.0,1.0,0.9999999999999999,1.2746536168437534,1
1769772846.340613,1763.9608520437534,0.004892072352,0.0,0.0,1.0,0.9999999999999999,1.2746536168437534,1
1769772846.3417144,1763.9608520437534,0.004892072352,0.0,0.0,1.0,0.9999999999999999,1.2746536168437534,1
1769772846.3428407,1763.9608520437534,0.004892072352,0.0,0.0,1.0,0.9999999999999999,1.2746536168437534,1
1769772846.3439436,1763.9608520437534,0.004892072352,0.0,0.0,1.0,0.9999999999999999,1.2746536168437534,1
1769772846.3449924,1763.9608520437534,0.004892072352,0.0,0.0,1.0,0.9999999999999999,1.2746536168437534,1
1769772846.346075,1763.9608520437534,0.004892072352,0.0,0.0,1.0,0.9999999999999999,1.2746536168437534,1
1769772846.3472683,1763.9608520437534,0.004892072352,0.0,0.0,1.0,0.9999999999999999,1.2746536168437534,1
1769772846.3487902,1763.9608520437534,0.004892072352,0.0,0.0,1.0,0.9999999999999999,1.2746536168437534,1
1769772846.3500571,1763.9608520437534,0.004892072352,0.0,0.0,1.0,0.9999999999999999,1.2746536168437534,1
1769772846.3517976,1763.9608520437534,0.004892072352,0.0,0.0,1.0,0.9999999999999999,1.2746536168437534,1
1769772846.3534844,1763.9608520437534,0.004892072352,0.0,0.0,1.0,0.9999999999999999,1.2746536168437534,1
1769772846.3551672,1763.9608520437534,0.004892072352,0.0,0.0,1.0,0.9999999999999999,1.2746536168437534,1
1769772846.3567228,1763.9608520437534,0.004892072352,0.0,0.0,1.0,0.9999999999999999,1.2746536168437534,1
1769772846.3584592,1763.9608520437534,0.004892072352,0.0,0.0,1.0,0.9999999999999999,1.2746536168437534,1
1769772846.3603916,1763.9608520437534,0.004892072352,0.0,0.0,1.0,0.9999999999999999,1.2746536168437534,1
1769772846.3617432,1763.9608520437534,0.004892072352,0.0,0.0,1.0,0.9999999999999999,1.2746536168437534,1
1769772846.362733,1763.9608520437534,0.004892072352,0.0,0.0,1.0,0.9999999999999999,1.2746536168437534,1
1769772846.3638499,1763.9608520437534,0.004892072352,0.0,0.0,1.0,0.9999999999999999,1.2746536168437534,1
1769772846.3652897,1763.9608520437534,0.004892072352,0.0,0.0,1.0,0.9999999999999999,1.2746536168437534,1
1769772846.3667526,1763.9608520437534,0.004892072352,0.0,0.0,1.0,0.9999999999999999,1.2746536168437534,1
1769772846.368174,1763.9608520437534,0.004892072352,0.0,0.0,1.0,0.9999999999999999,1.2746536168437534,1
1769772846.3695948,1763.9608520437534,0.004892072352,0.0,0.0,1.0,0.9999999999999999,1.2746536168437534,1
1769772846.3710332,1763.9608520437534,0.004892072352,0.0,0.0,1.0,0.9999999999999999,1.2746536168437534,1
1769772846.37423,1377.4597495527728,0.004372431102,0.0,0.0,1.0,0.9999999999999999,0.9401166393527727,1
1769772846.3775058,1382.9787234042553,0.004372431102,0.0,0.0,1.0,0.9999999999999999,0.9456356132042554,1
1769772846.382242,1388.4007029876977,0.004372431102,0.0,0.0,1.0,0.9999999999999999,0.9510575927876976,1
1769772846.3862474,1393.7282229965156,0.004372431102,0.0,0.0,1.0,0.9999999999999999,0.9563851127965155,1
1769772846.3897524,1398.9637305699482,0.004372431102,0.0,0.0,1.0,0.9999999999999999,0.9616206203699482,1
1769772846.3942595,1404.109589041096,0.004372431102,0.0,0.0,1.0,0.9999999999999999,0.9667664788410959,1
1769772846.4004283,1409.1680814940578,0.004372431102,0.0,0.0,1.0,0.9999999999999999,0.9718249712940579,1
1769772846.4061368,1412.162162162162,0.004372431102,0.0,0.0,1.0,0.9999999999999999,0.974819051962162,1
1769772846.4087055,1412.162162162162,0.004372431102,0.0,0.0,1.0,0.9999999999999999,0.974819051962162,1
1769772846.411026,1412.162162162162,0.004372431102,0.0,0.0,1.0,0.9999999999999999,0.974819051962162,1
1769772846.4131844,1412.162162162162,0.004372431102,0.0,0.0,1.0,0.9999999999999999,0.974819051962162,1
1769772846.41513,1412.162162162162,0.004372431102,0.0,0.0,1.0,0.9999999999999999,0.974819051962162,1
1769772846.4167902,1412.162162162162,0.004372431102,0.0,0.0,1.0,0.9999999999999999,0.974819051962162,1
1769772846.418472,1412.162162162162,0.004372431102,0.0,0.0,1.0,0.9999999999999999,0.974819051962162,1
1769772846.4199693,1412.162162162162,0.004372431102,0.0,0.0,1.0,0.9999999999999999,0.974819051962162,1
1769772846.4213269,1412.162162162162,0.004372431102,0.0,0.0,1.0,0.9999999999999999,0.974819051962162,1
1769772846.4224699,1412.162162162162,0.004372431102,0.0,0.0,1.0,0.9999999999999999,0.974819051962162,1
1769772846.4238856,1412.162162162162,0.004372431102,0.0,0.0,1.0,0.9999999999999999,0.974819051962162,1
1769772846.4254172,1412.162162162162,0.004372431102,0.0,0.0,1.0,0.9999999999999999,0.974819051962162,1
1769772846.4263637,1412.162162162162,0.004372431102,0.0,0.0,1.0,0.9999999999999999,0.974819051962162,1
1769772846.4277718,1412.162162162162,0.004372431102,0.0,0.0,1.0,0.9999999999999999,0.974819051962162,1
1769772846.4290535,1412.162162162162,0.004372431102,0.0,0.0,1.0,0.9999999999999999,0.974819051962162,1
1769772846.4303403,1412.162162162162,0.004372431102,0.0,0.0,1.0,0.9999999999999999,0.974819051962162,1
1769772846.4313855,1412.162162162162,0.004372431102,0.0,0.0,1.0,0.9999999999999999,0.974819051962162,1
1769772846.4324756,1412.162162162162,0.004372431102,0.0,0.0,1.0,0.9999999999999999,0.974819051962162,1
1769772846.4334111,1412.162162162162,0.004372431102,0.0,0.0,1.0,0.9999999999999999,0.974819051962162,1
1769772846.4344163,1412.162162162162,0.004372431102,0.0,0.0,1.0,0.9999999999999999,0.974819051962162,1
1769772846.4356296,1412.162162162162,0.004372431102,0.0,0.0,1.0,0.9999999999999999,0.974819051962162,1
1769772846.4369848,1412.162162162162,0.004372431102,0.0,0.0,1.0,0.9999999999999999,0.974819051962162,1
1769772846.4380507,1412.162162162162,0.004372431102,0.0,0.0,1.0,0.9999999999999999,0.974819051962162,1
1769772846.4391015,1412.162162162162,0.004372431102,0.0,0.0,1.0,0.9999999999999999,0.974819051962162,1
1769772846.4423826,1175.4827875734677,0.00465991404,0.0,0.0,1.0,0.9999999999999999,0.7093913835734678,1
1769772846.4466038,1181.211784324625,0.00465991404,0.0,0.0,1.0,0.9999999999999999,0.7151203803246249,1
1769772846.450649,1186.8617168092742,0.00465991404,0.0,0.0,1.0,0.9999999999999999,0.7207703128092742,1
1769772846.454441,1192.4342105263158,0.00465991404,0.0,0.0,1.0,0.9999999999999999,0.726342806526316,1
1769772846.4587524,1197.930846719303,0.00465991404,0.0,0.0,1.0,0.9999999999999999,0.7318394427193031,1
1769772846.4630108,1203.3531638723634,0.00465991404,0.0,0.0,1.0,0.9999999999999999,0.7372617598723636,1
1769772846.4671943,1208.7026591458502,0.00465991404,0.0,0.0,1.0,0.9999999999999999,0.7426112551458504,1
1769772846.472693,1212.9308041677798,0.00465991404,0.0,0.0,1.0,0.9999999999999999,0.7468394001677798,1
1769772846.4757907,1208.6674176661586,0.0049519702289999995,0.0,0.0,1.0,0.9999999999999999,0.7133703947661587,1
1769772846.480493,1213.87663748272,0.0049519702289999995,0.0,0.0,1.0,0.9999999999999999,0.7185796145827201,1
1769772846.484785,1219.0177228435027,0.0049519702289999995,0.0,0.0,1.0,0.9999999999999999,0.7237206999435029,1
1769772846.4883895,1224.092001819245,0.0049519702289999995,0.0,0.0,1.0,0.9999999999999999,0.7287949789192452,1
1769772846.4915195,1229.10076818798,0.0049519702289999995,0.0,0.0,1.0,0.9999999999999999,0.7338037452879802,1
1769772846.4953382,1234.0452825347957,0.0049519702289999995,0.0,0.0,1.0,0.9999999999999999,0.7387482596347956,1
1769772846.5000362,1238.9267733095405,0.0049519702289999995,0.0,0.0,1.0,0.9999999999999999,0.7436297504095406,1
1769772846.5037413,1243.7464378443417,0.0049519702289999995,0.0,0.0,1.0,0.9999999999999999,0.7484494149443417,1
1769772846.5069127,1248.505443332704,0.0049519702289999995,0.0,0.0,1.0,0.9999999999999999,0.7532084204327041,1
1769772846.5103896,1253.2049277718718,0.0049519702289999995,0.0,0.0,1.0,0.9999999999999999,0.7579079048718718,1
1769772846.514066,1257.8460008700515,0.0049519702289999995,0.0,0.0,1.0,0.9999999999999999,0.7625489779700516,1
1769772846.5192316,1262.4297449200174,0.0049519702289999995,0.0,0.0,1.0,0.9999999999999999,0.7671327220200175,1
1769772846.5225651,1266.9572156405377,0.0049519702289999995,0.0,0.0,1.0,0.9999999999999999,0.7716601927405378,1
1769772846.526047,1271.4294429870051,0.0049519702289999995,0.0,0.0,1.0,0.9999999999999999,0.7761324200870052,1
1769772846.5294662,1275.8474319325694,0.0049519702289999995,0.0,0.0,1.0,0.9999999999999999,0.7805504090325694,1
1769772846.5343742,1280.2121632210233,0.0049519702289999995,0.0,0.0,1.0,0.9999999999999999,0.7849151403210233,1
1769772846.5388823,1284.5245940926247,0.0049519702289999995,0.0,0.0,1.0,0.9999999999999999,0.7892275711926249,1
1769772846.5427735,1288.7856589839794,0.0049519702289999995,0.0,0.0,1.0,0.9999999999999999,0.7934886360839795,1
1769772846.5476596,1292.9962702030668,0.0049519702289999995,0.0,0.0,1.0,0.9999999999999999,0.7976992473030668,1
1769772846.5525906,1297.157318580425,0.0049519702289999995,0.0,0.0,1.0,0.9999999999999999,0.801860295680425,1
1769772846.5570538,1301.2696740974782,0.0049519702289999995,0.0,0.0,1.0,0.9999999999999999,0.8059726511974783,1
1769772846.5616913,1305.3341864929325,0.0049519702289999995,0.0,0.0,1.0,0.9999999999999999,0.8100371635929327,1
1769772846.5669117,1309.3516858481291,0.0049519702289999995,0.0,0.0,1.0,0.9999999999999999,0.8140546629481291,1
1769772846.5703611,1313.3229831522053,0.0049519702289999995,0.0,0.0,1.0,0.9999999999999999,0.8180259602522053,1
1769772846.5741124,1317.2488708478647,0.0049519702289999995,0.0,0.0,1.0,0.9999999999999999,0.8219518479478647,1
1769772846.578327,1321.1301233585355,0.0049519702289999995,0.0,0.0,1.0,0.9999999999999999,0.8258331004585355,1
1769772846.5842857,1324.9674975976486,0.0049519702289999995,0.0,0.0,1.0,0.9999999999999999,0.8296704746976487,1
1769772846.5887113,1328.7617334607385,0.0049519702289999995,0.0,0.0,1.0,0.9999999999999999,0.8334647105607385,1
1769772846.5933561,1332.5135543010454,0.0049519702289999995,0.0,0.0,1.0,0.9999999999999999,0.8372165314010453,1
1769772846.59707,1336.2236673892503,0.0049519702289999995,0.0,0.0,1.0,0.9999999999999999,0.8409266444892503,1
1769772846.6011925,1339.892764357968,0.0049519702289999995,0.0,0.0,1.0,0.9999999999999999,0.8445957414579679,1
1769772846.604873,1343.5215216315762,0.0049519702289999995,0.0,0.0,1.0,0.9999999999999999,0.8482244987315763,1
1769772846.6096418,1347.110600841944,0.0049519702289999995,0.0,0.0,1.0,0.9999999999999999,0.851813577941944,1
1769772846.6131778,1350.660649230602,0.0049519702289999995,0.0,0.0,1.0,0.9999999999999999,0.8553636263306021,1
1769772846.6168003,1354.1723000378563,0.0049519702289999995,0.0,0.0,1.0,0.9999999999999999,0.8588752771378563,1
1769772846.62012,1357.6461728793502,0.0049519702289999995,0.0,0.0,1.0,0.9999999999999999,0.8623491499793503,1
1769772846.6235714,1361.0828741105345,0.0049519702289999995,0.0,0.0,1.0,0.9999999999999999,0.8657858512105345,1
1769772846.626575,1364.482997179501,0.0049519702289999995,0.0,0.0,1.0,0.9999999999999999,0.869185974279501,1
1769772846.629996,1367.8471229686095,0.0049519702289999995,0.0,0.0,1.0,0.9999999999999999,0.8725501000686096,1
1769772846.633313,1371.1758201253226,0.0049519702289999995,0.0,0.0,1.0,0.9999999999999999,0.8758787972253226,1
1769772846.6362839,1374.469645382641,0.0049519702289999995,0.0,0.0,1.0,0.9999999999999999,0.879172622482641,1
1769772846.6412456,1377.7291438695222,0.0049519702289999995,0.0,0.0,1.0,0.9999999999999999,0.8824321209695223,1
1769772846.6454477,1380.9548494116427,0.0049519702289999995,0.0,0.0,1.0,0.9999999999999999,0.8856578265116428,1
1769772846.6489787,1384.1472848228561,0.0049519702289999995,0.0,0.0,1.0,0.9999999999999999,0.8888502619228562,1
1769772846.653353,1387.3069621876764,0.0049519702289999995,0.0,0.0,1.0,0.9999999999999999,0.8920099392876764,1
1769772846.6580515,1390.434383135113,0.0049519702289999995,0.0,0.0,1.0,0.9999999999999999,0.8951373602351129,1
1769772846.6626139,1393.5300391041594,0.0049519702289999995,0.0,0.0,1.0,0.9999999999999999,0.8982330162041594,1
1769772846.6667197,1396.5944116012329,0.0049519702289999995,0.0,0.0,1.0,0.9999999999999999,0.901297388701233,1
1769772846.6706579,1399.6279724498518,0.0049519702289999995,0.0,0.0,1.0,0.9999999999999999,0.9043309495498517,1
1769772846.6744912,1402.6311840328149,0.0049519702289999995,0.0,0.0,1.0,0.9999999999999999,0.907334161132815,1
1769772846.764531,0.0,0.0,0.0,0.0,1.0,0.0,0.0,1
1769772846.771843,2040.816326530612,0.004232936387,0.0,0.0,1.0,0.9999999999999999,1.6174226878306122,1
1769772846.7758605,2020.20202020202,0.004232936387,0.0,0.0,1.0,0.9999999999999999,1.5968083815020202,1
1769772846.7800035,2013.4228187919464,0.004232936387,0.0,0.0,1.0,0.9999999999999999,1.5900291800919464,1
1769772846.7844803,2010.0502512562816,0.004232936387,0.0,0.0,1.0,0.9999999999999999,1.5866566125562815,1
1769772846.789275,2008.0321285140562,0.004232936387,0.0,0.0,1.0,0.9999999999999999,1.5846384898140562,1
1769772846.793459,2006.6889632107025,0.004232936387,0.0,0.0,1.0,0.9999999999999999,1.5832953245107022,1
1769772846.7951038,2006.6889632107025,0.004232936387,0.0,0.0,1.0,0.9999999999999999,1.5832953245107022,1
1769772846.796609,1557.7889447236182,0.004553744609,0.0,0.0,1.0,0.9999999999999999,1.102314483823618,1
1769772846.7977273,1557.7889447236182,0.004553744609,0.0,0.0,1.0,0.9999999999999999,1.102314483823618,1
1769772846.7987566,1557.7889447236182,0.004553744609,0.0,0.0,1.0,0.9999999999999999,1.102314483823618,1
1769772846.799951,1557.7889447236182,0.004553744609,0.0,0.0,1.0,0.9999999999999999,1.102314483823618,1
1769772846.8011515,1557.7889447236182,0.004553744609,0.0,0.0,1.0,0.9999999999999999,1.102314483823618,1
1769772846.802631,1557.7889447236182,0.004553744609,0.0,0.0,1.0,0.9999999999999999,1.102314483823618,1
1769772846.8039079,1557.7889447236182,0.004553744609,0.0,0.0,1.0,0.9999999999999999,1.102314483823618,1
1769772846.8051012,1557.7889447236182,0.004553744609,0.0,0.0,1.0,0.9999999999999999,1.102314483823618,1
1769772846.806123,1557.7889447236182,0.004553744609,0.0,0.0,1.0,0.9999999999999999,1.102314483823618,1
1769772846.8094068,831.84789067142,0.0041113918269999996,0.0,0.0,1.0,0.9999999999999999,0.42060870797142014,1
1769772846.8129973,897.36399326977,0.0041113918269999996,0.0,0.0,1.0,0.9999999999999999,0.4861248105697702,1
1769772846.8160603,955.9214020180563,0.0041113918269999996,0.0,0.0,1.0,0.9999999999999999,0.5446822193180564,1
1769772846.8190804,1008.5728693898135,0.0041113918269999996,0.0,0.0,1.0,0.9999999999999999,0.5973336866898136,1
1769772846.8222673,1056.1689870379262,0.0041113918269999996,0.0,0.0,1.0,0.9999999999999999,0.6449298043379263,1
1769772846.8253336,1099.4044892349978,0.0041113918269999996,0.0,0.0,1.0,0.9999999999999999,0.6881653065349977,1
1769772846.8285341,1138.8523872098117,0.0041113918269999996,0.0,0.0,1.0,0.9999999999999999,0.7276132045098118,1
1769772846.8314245,1174.9895090222408,0.0041113918269999996,0.0,0.0,1.0,0.9999999999999999,0.7637503263222409,1
1769772846.8346138,1208.2158679017318,0.0041113918269999996,0.0,0.0,1.0,0.9999999999999999,0.7969766852017319,1
1769772846.8376703,1238.8695315524585,0.0041113918269999996,0.0,0.0,1.0,0.9999999999999999,0.8276303488524586,1
1769772846.84099,1267.23816623183,0.0041113918269999996,0.0,0.0,1.0,0.9999999999999999,0.8559989835318302,1
1769772846.8443532,1293.5680919870645,0.0041113918269999996,0.0,0.0,1.0,0.9999999999999999,0.8823289092870645,1
1769772846.8491526,1318.0714533472078,0.0041113918269999996,0.0,0.0,1.0,0.9999999999999999,0.9068322706472078,1
1769772846.8539374,1340.931947703654,0.0041113918269999996,0.0,0.0,1.0,0.9999999999999999,0.9296927650036542,1
1769772846.8584828,1362.3094388582551,0.0041113918269999996,0.0,0.0,1.0,0.9999999999999999,0.9510702561582551,1
1769772846.860973,1370.4771053474224,0.0041113918269999996,0.0,0.0,1.0,0.9999999999999999,0.9592379226474224,1
1769772846.8644607,1370.4771053474224,0.0041113918269999996,0.0,0.0,1.0,0.9999999999999999,0.9592379226474224,1
1769772846.8661628,1370.4771053474224,0.0041113918269999996,0.0,0.0,1.0,0.9999999999999999,0.9592379226474224,1
1769772846.8675408,1370.4771053474224,0.0041113918269999996,0.0,0.0,1.0,0.9999999999999999,0.9592379226474224,1
1769772846.872206,1245.1361867704281,0.004395951937,0.0,0.0,1.0,0.9999999999999999,0.8054409930704283,1
1769772846.8770382,1265.548945375879,0.004395951937,0.0,0.0,1.0,0.9999999999999999,0.825853751675879,1
1769772846.8824673,1284.8867825171142,0.004395951937,0.0,0.0,1.0,0.9999999999999999,0.8451915888171142,1
1769772846.8858721,1303.2324268855823,0.004395951937,0.0,0.0,1.0,0.9999999999999999,0.8635372331855824,1
1769772846.88928,1320.6603301650825,0.004395951937,0.0,0.0,1.0,0.9999999999999999,0.8809651364650826,1
1769772846.8937156,1337.2376769155687,0.004395951937,0.0,0.0,1.0,0.9999999999999999,0.8975424832155687,1
1769772846.8978868,1353.0252501191044,0.004395951937,0.0,0.0,1.0,0.9999999999999999,0.9133300564191045,1
1769772846.9020877,1368.0781758957655,0.004395951937,0.0,0.0,1.0,0.9999999999999999,0.9283829821957656,1
1769772846.9055116,1382.4465666211916,0.004395951937,0.0,0.0,1.0,0.9999999999999999,0.9427513729211916,1
1769772846.9094398,1396.1760782570032,0.004395951937,0.0,0.0,1.0,0.9999999999999999,0.9564808845570032,1
1769772846.9128616,1409.308394954328,0.004395951937,0.0,0.0,1.0,0.9999999999999999,0.9696132012543279,1
1769772846.9165843,1421.8816517667094,0.004395951937,0.0,0.0,1.0,0.9999999999999999,0.9821864580667095,1
1769772846.9196405,1433.9308045018759,0.004395951937,0.0,0.0,1.0,0.9999999999999999,0.994235610801876,1
1769772846.9228976,1445.4879542670478,0.004395951937,0.0,0.0,1.0,0.9999999999999999,1.0057927605670478,1
1769772846.9271553,1456.5826330532211,0.004395951937,0.0,0.0,1.0,0.9999999999999999,1.0168874393532212,1
1769772846.9313848,1467.242055708121,0.004395951937,0.0,0.0,1.0,0.9999999999999999,1.027546862008121,1
1769772846.934901,1477.4913428241632,0.004395951937,0.0,0.0,1.0,0.9999999999999999,1.0377961491241632,1
1769772846.9383392,1487.353718384296,0.004395951937,0.0,0.0,1.0,0.9999999999999999,1.047658524684296,1
1769772846.9409595,1491.1952041963282,0.004395951937,0.0,0.0,1.0,0.9999999999999999,1.0515000104963281,1
1769772846.9423366,1491.1952041963282,0.004395951937,0.0,0.0,1.0,0.9999999999999999,1.0515000104963281,1
1769772846.9436636,1491.1952041963282,0.004395951937,0.0,0.0,1.0,0.9999999999999999,1.0515000104963281,1
1769772846.9451206,1491.1952041963282,0.004395951937,0.0,0.0,1.0,0.9999999999999999,1.0515000104963281,1
1769772846.9462867,1491.1952041963282,0.004395951937,0.0,0.0,1.0,0.9999999999999999,1.0515000104963281,1
1769772846.9478405,1491.1952041963282,0.004395951937,0.0,0.0,1.0,0.9999999999999999,1.0515000104963281,1
1769772846.9491816,1491.1952041963282,0.004395951937,0.0,0.0,1.0,0.9999999999999999,1.0515000104963281,1
1769772846.9501631,1491.1952041963282,0.004395951937,0.0,0.0,1.0,0.9999999999999999,1.0515000104963281,1
1769772846.9511306,1491.1952041963282,0.004395951937,0.0,0.0,1.0,0.9999999999999999,1.0515000104963281,1
1769772846.9521291,1491.1952041963282,0.004395951937,0.0,0.0,1.0,0.9999999999999999,1.0515000104963281,1
1769772846.9539144,1491.1952041963282,0.004395951937,0.0,0.0,1.0,0.9999999999999999,1.0515000104963281,1
1769772846.9574585,1250.7701786814541,0.0040261230039999995,0.0,0.0,1.0,0.9999999999999999,0.8480578782814543,1
1769772846.961498,1262.1359223300972,0.0040261230039999995,0.0,0.0,1.0,0.9999999999999999,0.8594236219300972,1
1769772846.9651833,1273.1619844590555,0.0040261230039999995,0.0,0.0,1.0,0.9999999999999999,0.8704496840590557,1
1769772846.970695,1283.8633686690225,0.0040261230039999995,0.0,0.0,1.0,0.9999999999999999,0.8811510682690227,1
1769772846.9748275,1294.254207777133,0.0040261230039999995,0.0,0.0,1.0,0.9999999999999999,0.8915419073771331,1
1769772846.9827845,1304.3478260869565,0.0040261230039999995,0.0,0.0,1.0,0.9999999999999999,0.9016355256869566,1
1769772846.9867916,1314.156796390299,0.0040261230039999995,0.0,0.0,1.0,0.9999999999999999,0.911444495990299,1
1769772846.990137,1323.6929922135705,0.0040261230039999995,0.0,0.0,1.0,0.9999999999999999,0.9209806918135706,1
1769772846.9937086,1332.9676357652222,0.0040261230039999995,0.0,0.0,1.0,0.9999999999999999,0.9302553353652223,1
1769772846.9962192,1338.411316648531,0.0040261230039999995,0.0,0.0,1.0,0.9999999999999999,0.9356990162485312,1
1769772846.9979062,1338.411316648531,0.0040261230039999995,0.0,0.0,1.0,0.9999999999999999,0.9356990162485312,1
1769772846.999543,1338.411316648531,0.0040261230039999995,0.0,0.0,1.0,0.9999999999999999,0.9356990162485312,1
1769772847.0016694,1338.411316648531,0.0040261230039999995,0.0,0.0,1.0,0.9999999999999999,0.9356990162485312,1
1769772847.0043194,1267.6417757249167,0.004859519085,0.0,0.0,1.0,0.9999999999999999,0.7815898672249169,1
1769772847.0062795,1267.6417757249167,0.004859519085,0.0,0.0,1.0,0.9999999999999999,0.7815898672249169,1
1769772847.0087829,1267.6417757249167,0.004859519085,0.0,0.0,1.0,0.9999999999999999,0.7815898672249169,1
1769772847.010446,1267.6417757249167,0.004859519085,0.0,0.0,1.0,0.9999999999999999,0.7815898672249169,1
1769772847.012945,1267.6417757249167,0.004859519085,0.0,0.0,1.0,0.9999999999999999,0.7815898672249169,1
1769772847.0143366,1267.6417757249167,0.004859519085,0.0,0.0,1.0,0.9999999999999999,0.7815898672249169,1
1769772847.0159035,1267.6417757249167,0.004859519085,0.0,0.0,1.0,0.9999999999999999,0.7815898672249169,1
1769772847.017486,1267.6417757249167,0.004859519085,0.0,0.0,1.0,0.9999999999999999,0.7815898672249169,1
1769772847.0210757,1167.8492497382808,0.004293257605,0.0,0.0,1.0,0.9999999999999999,0.7384234892382808,1
1769772847.0229359,1169.7806661251016,0.004293257605,0.0,0.0,1.0,0.9999999999999999,0.7403549056251015,1
1769772847.0245068,1169.7806661251016,0.004293257605,0.0,0.0,1.0,0.9999999999999999,0.7403549056251015,1
1769772847.0259347,1169.7806661251016,0.004293257605,0.0,0.0,1.0,0.9999999999999999,0.7403549056251015,1
1769772847.0276678,1169.7806661251016,0.004293257605,0.0,0.0,1.0,0.9999999999999999,0.7403549056251015,1
1769772847.0293229,1169.7806661251016,0.004293257605,0.0,0.0,1.0,0.9999999999999999,0.7403549056251015,1
1769772847.0304909,1169.7806661251016,0.004293257605,0.0,0.0,1.0,0.9999999999999999,0.7403549056251015,1
1769772847.032043,1169.7806661251016,0.004293257605,0.0,0.0,1.0,0.9999999999999999,0.7403549056251015,1
1769772847.0337124,1169.7806661251016,0.004293257605,0.0,0.0,1.0,0.9999999999999999,0.7403549056251015,1
1769772847.0352497,1169.7806661251016,0.004293257605,0.0,0.0,1.0,0.9999999999999999,0.7403549056251015,1
1769772847.0366275,1169.7806661251016,0.004293257605,0.0,0.0,1.0,0.9999999999999999,0.7403549056251015,1
1769772847.0379503,1169.7806661251016,0.004293257605,0.0,0.0,1.0,0.9999999999999999,0.7403549056251015,1
1769772847.038865,1169.7806661251016,0.004293257605,0.0,0.0,1.0,0.9999999999999999,0.7403549056251015,1
1769772847.0403008,1169.7806661251016,0.004293257605,0.0,0.0,1.0,0.9999999999999999,0.7403549056251015,1
1769772847.0412445,1169.7806661251016,0.004293257605,0.0,0.0,1.0,0.9999999999999999,0.7403549056251015,1
1769772847.0427532,1169.7806661251016,0.004293257605,0.0,0.0,1.0,0.9999999999999999,0.7403549056251015,1
1769772847.0442274,1169.7806661251016,0.004293257605,0.0,0.0,1.0,0.9999999999999999,0.7403549056251015,1
1769772847.0454526,1169.7806661251016,0.004293257605,0.0,0.0,1.0,0.9999999999999999,0.7403549056251015,1
1769772847.0464153,1169.7806661251016,0.004293257605,0.0,0.0,1.0,0.9999999999999999,0.7403549056251015,1
1769772847.047713,1169.7806661251016,0.004293257605,0.0,0.0,1.0,0.9999999999999999,0.7403549056251015,1
1769772847.0488403,1169.7806661251016,0.004293257605,0.0,0.0,1.0,0.9999999999999999,0.7403549056251015,1
1769772847.049906,1169.7806661251016,0.004293257605,0.0,0.0,1.0,0.9999999999999999,0.7403549056251015,1
1769772847.0511625,1169.7806661251016,0.004293257605,0.0,0.0,1.0,0.9999999999999999,0.7403549056251015,1
1769772847.052181,1169.7806661251016,0.004293257605,0.0,0.0,1.0,0.9999999999999999,0.7403549056251015,1
1769772847.0533383,1169.7806661251016,0.004293257605,0.0,0.0,1.0,0.9999999999999999,0.7403549056251015,1
1769772847.054307,1169.7806661251016,0.004293257605,0.0,0.0,1.0,0.9999999999999999,0.7403549056251015,1
1769772847.0552723,1169.7806661251016,0.004293257605,0.0,0.0,1.0,0.9999999999999999,0.7403549056251015,1
1769772847.0588343,903.7745879851143,0.004229157396,0.0,0.0,1.0,0.9999999999999999,0.48075884838511435,1
1769772847.0621164,913.40242402951,0.004229157396,0.0,0.0,1.0,0.9999999999999999,0.49038668442951,1
1769772847.0653496,922.8626153578268,0.004229157396,0.0,0.0,1.0,0.9999999999999999,0.4998468757578269,1
1769772847.0685048,932.1595028482651,0.004229157396,0.0,0.0,1.0,0.9999999999999999,0.5091437632482652,1
1769772847.0716124,941.2972787951395,0.004229157396,0.0,0.0,1.0,0.9999999999999999,0.5182815391951394,1
1769772847.076706,950.2799932122858,0.004229157396,0.0,0.0,1.0,0.9999999999999999,0.5272642536122858,1
1769772847.0811093,959.1115598182737,0.004229157396,0.0,0.0,1.0,0.9999999999999999,0.5360958202182737,1
1769772847.0847335,967.795761722009,0.004229157396,0.0,0.0,1.0,0.9999999999999999,0.5447800221220092,1
1769772847.0868702,971.2290038250458,0.004229157396,0.0,0.0,1.0,0.9999999999999999,0.5482132642250457,1
1769772847.0880492,971.2290038250458,0.004229157396,0.0,0.0,1.0,0.9999999999999999,0.5482132642250457,1
1769772847.0892377,971.2290038250458,0.004229157396,0.0,0.0,1.0,0.9999999999999999,0.5482132642250457,1
1769772847.0904915,971.2290038250458,0.004229157396,0.0,0.0,1.0,0.9999999999999999,0.5482132642250457,1
1769772847.091625,971.2290038250458,0.004229157396,0.0,0.0,1.0,0.9999999999999999,0.5482132642250457,1
1769772847.092624,971.2290038250458,0.004229157396,0.0,0.0,1.0,0.9999999999999999,0.5482132642250457,1
1769772847.0937214,971.2290038250458,0.004229157396,0.0,0.0,1.0,0.9999999999999999,0.5482132642250457,1
1769772847.0950646,971.2290038250458,0.004229157396,0.0,0.0,1.0,0.9999999999999999,0.5482132642250457,1
1769772847.0961304,971.2290038250458,0.004229157396,0.0,0.0,1.0,0.9999999999999999,0.5482132642250457,1
1769772847.0971425,971.2290038250458,0.004229157396,0.0,0.0,1.0,0.9999999999999999,0.5482132642250457,1
1769772847.0982845,971.2290038250458,0.004229157396,0.0,0.0,1.0,0.9999999999999999,0.5482132642250457,1
1769772847.0993066,971.2290038250458,0.004229157396,0.0,0.0,1.0,0.9999999999999999,0.5482132642250457,1
1769772847.1002862,971.2290038250458,0.004229157396,0.0,0.0,1.0,0.9999999999999999,0.5482132642250457,1
1769772847.1012626,971.2290038250458,0.004229157396,0.0,0.0,1.0,0.9999999999999999,0.5482132642250457,1
1769772847.1022737,971.2290038250458,0.004229157396,0.0,0.0,1.0,0.9999999999999999,0.5482132642250457,1
1769772847.103699,971.2290038250458,0.004229157396,0.0,0.0,1.0,0.9999999999999999,0.5482132642250457,1
1769772847.1054885,971.2290038250458,0.004229157396,0.0,0.0,1.0,0.9999999999999999,0.5482132642250457,1
1769772847.1072965,971.2290038250458,0.004229157396,0.0,0.0,1.0,0.9999999999999999,0.5482132642250457,1
1769772847.109268,971.2290038250458,0.004229157396,0.0,0.0,1.0,0.9999999999999999,0.5482132642250457,1
1769772847.110605,971.2290038250458,0.004229157396,0.0,0.0,1.0,0.9999999999999999,0.5482132642250457,1
1769772847.1120558,971.2290038250458,0.004229157396,0.0,0.0,1.0,0.9999999999999999,0.5482132642250457,1
1769772847.113408,971.2290038250458,0.004229157396,0.0,0.0,1.0,0.9999999999999999,0.5482132642250457,1
1769772847.1147885,971.2290038250458,0.004229157396,0.0,0.0,1.0,0.9999999999999999,0.5482132642250457,1
1769772847.1159341,971.2290038250458,0.004229157396,0.0,0.0,1.0,0.9999999999999999,0.5482132642250457,1
1769772847.1169465,971.2290038250458,0.004229157396,0.0,0.0,1.0,0.9999999999999999,0.5482132642250457,1
1769772847.118658,971.2290038250458,0.004229157396,0.0,0.0,1.0,0.9999999999999999,0.5482132642250457,1
1769772847.12111,971.2290038250458,0.004229157396,0.0,0.0,1.0,0.9999999999999999,0.5482132642250457,1
1769772847.123448,971.2290038250458,0.004229157396,0.0,0.0,1.0,0.9999999999999999,0.5482132642250457,1
1769772847.12638,971.2290038250458,0.004229157396,0.0,0.0,1.0,0.9999999999999999,0.5482132642250457,1
1769772847.1285305,971.2290038250458,0.004229157396,0.0,0.0,1.0,0.9999999999999999,0.5482132642250457,1
1769772847.131403,776.8792257722391,0.0049797082809999995,0.0,0.0,1.0,0.9999999999999999,0.2788083976722392,1
1769772847.1377113,784.9334913736336,0.0049797082809999995,0.0,0.0,1.0,0.9999999999999999,0.28686266327363374,1
1769772847.141261,792.8823760303546,0.0049797082809999995,0.0,0.0,1.0,0.9999999999999999,0.2948115479303547,1
1769772847.1445096,800.7279344858963,0.0049797082809999995,0.0,0.0,1.0,0.9999999999999999,0.3026571063858964,1
1769772847.148156,808.472168410177,0.0049797082809999995,0.0,0.0,1.0,0.9999999999999999,0.3104013403101771,1
1769772847.153363,816.117028102143,0.0049797082809999995,0.0,0.0,1.0,0.9999999999999999,0.3180462000021431,1
1769772847.1572835,823.6644141272473,0.0049797082809999995,0.0,0.0,1.0,0.9999999999999999,0.3255935860272473,1
1769772847.1604843,831.1161788926897,0.0049797082809999995,0.0,0.0,1.0,0.9999999999999999,0.3330453507926898,1
1769772847.1638412,838.4741281631626,0.0049797082809999995,0.0,0.0,1.0,0.9999999999999999,0.3404033000631628,1
1769772847.169264,845.7400225197048,0.0049797082809999995,0.0,0.0,1.0,0.9999999999999999,0.3476691944197049,1
1769772847.1746767,852.9155787641428,0.0049797082809999995,0.0,0.0,1.0,0.9999999999999999,0.3548447506641429,1
1769772847.1807852,860.0024712714692,0.0049797082809999995,0.0,0.0,1.0,0.9999999999999999,0.3619316431714693,1
1769772847.185383,867.0023332923984,0.0049797082809999995,0.0,0.0,1.0,0.9999999999999999,0.3689315051923985,1
1769772847.190193,873.9167582082266,0.0049797082809999995,0.0,0.0,1.0,0.9999999999999999,0.37584593010822676,1
1769772847.194793,880.7473007400218,0.0049797082809999995,0.0,0.0,1.0,0.9999999999999999,0.3826764726400219,1
1769772847.1993332,887.4954781140722,0.0049797082809999995,0.0,0.0,1.0,0.9999999999999999,0.3894246500140722,1
1769772847.2038114,894.162771185425,0.0049797082809999995,0.0,0.0,1.0,0.9999999999999999,0.39609194308542506,1
1769772847.2081692,900.7506255212677,0.0049797082809999995,0.0,0.0,1.0,0.9999999999999999,0.4026797974212678,1
1769772847.212663,907.2604524458131,0.0049797082809999995,0.0,0.0,1.0,0.9999999999999999,0.4091896243458133,1
1769772847.2169142,913.693630048275,0.0049797082809999995,0.0,0.0,1.0,0.9999999999999999,0.41562280194827517,1
1769772847.2212212,920.051504155449,0.0049797082809999995,0.0,0.0,1.0,0.9999999999999999,0.4219806760554491,1
1769772847.2258506,926.3353892703363,0.0049797082809999995,0.0,0.0,1.0,0.9999999999999999,0.4282645611703364,1
1769772847.2301002,932.5465694781903,0.0049797082809999995,0.0,0.0,1.0,0.9999999999999999,0.43447574137819045,1
1769772847.233601,938.6862993212931,0.0049797082809999995,0.0,0.0,1.0,0.9999999999999999,0.4406154712212932,1
1769772847.237366,944.7558046437149,0.0049797082809999995,0.0,0.0,1.0,0.9999999999999999,0.446684976543715,1
1769772847.2410715,950.7562834072559,0.0049797082809999995,0.0,0.0,1.0,0.9999999999999999,0.452685455307256,1
1769772847.2447054,956.6889064797015,0.0049797082809999995,0.0,0.0,1.0,0.9999999999999999,0.4586180783797016,1
1769772847.2480984,962.5548183964916,0.0049797082809999995,0.0,0.0,1.0,0.9999999999999999,0.4644839902964917,1
1769772847.2527294,968.3551380968355,0.0049797082809999995,0.0,0.0,1.0,0.9999999999999999,0.47028430999683557,1
1769772847.2563128,974.0909596352718,0.0049797082809999995,0.0,0.0,1.0,0.9999999999999999,0.4760201315352719,1
1769772847.259721,979.763352869623,0.0049797082809999995,0.0,0.0,1.0,0.9999999999999999,0.4816925247696231,1
1769772847.262649,984.2563029835957,0.0049797082809999995,0.0,0.0,1.0,0.9999999999999999,0.48618547488359576,1
1769772847.2642493,984.2563029835957,0.0049797082809999995,0.0,0.0,1.0,0.9999999999999999,0.48618547488359576,1
1769772847.2656171,984.2563029835957,0.0049797082809999995,0.0,0.0,1.0,0.9999999999999999,0.48618547488359576,1
1769772847.2669456,984.2563029835957,0.0049797082809999995,0.0,0.0,1.0,0.9999999999999999,0.48618547488359576,1
1769772847.26961,966.0068846815835,0.004793180928,0.0,0.0,1.0,0.9999999999999999,0.4865887918815836,1
1769772847.2754116,971.5386261502247,0.004793180928,0.0,0.0,1.0,0.9999999999999999,0.4921205333502247,1
1769772847.2794392,977.0114942528737,0.004793180928,0.0,0.0,1.0,0.9999999999999999,0.49759340145287373,1
1769772847.282554,982.4264238831252,0.004793180928,0.0,0.0,1.0,0.9999999999999999,0.5030083310831253,1
1769772847.2874277,987.7843302443133,0.004793180928,0.0,0.0,1.0,0.9999999999999999,0.5083662374443134,1
1769772847.2905715,993.0861093651793,0.004793180928,0.0,0.0,1.0,0.9999999999999999,0.5136680165651792,1
1769772847.2928822,994.1398074508163,0.004793180928,0.0,0.0,1.0,0.9999999999999999,0.5147217146508163,1
1769772847.2944355,994.1398074508163,0.004793180928,0.0,0.0,1.0,0.9999999999999999,0.5147217146508163,1
1769772847.2964168,994.1398074508163,0.004793180928,0.0,0.0,1.0,0.9999999999999999,0.5147217146508163,1
1769772847.2983606,994.1398074508163,0.004793180928,0.0,0.0,1.0,0.9999999999999999,0.5147217146508163,1
1769772847.300875,994.1398074508163,0.004793180928,0.0,0.0,1.0,0.9999999999999999,0.5147217146508163,1
1769772847.3027823,994.1398074508163,0.004793180928,0.0,0.0,1.0,0.9999999999999999,0.5147217146508163,1
1769772847.3047957,994.1398074508163,0.004793180928,0.0,0.0,1.0,0.9999999999999999,0.5147217146508163,1
1769772847.3066452,994.1398074508163,0.004793180928,0.0,0.0,1.0,0.9999999999999999,0.5147217146508163,1
1769772847.308623,994.1398074508163,0.004793180928,0.0,0.0,1.0,0.9999999999999999,0.5147217146508163,1
1769772847.3968525,0.0,0.0,0.0,0.0,1.0,0.0,0.0,1
1769772847.403002,1927.7108433734938,0.004333936709,0.0,0.0,1.0,0.9999999999999999,1.4942171724734938,1
1769772847.4088795,1967.2131147540983,0.004333936709,0.0,0.0,1.0,0.9999999999999999,1.5337194438540982,1
1769772847.4128978,1978.7985865724384,0.004333936709,0.0,0.0,1.0,0.9999999999999999,1.5453049156724383,1
1769772847.4178698,1984.3342036553524,0.004333936709,0.0,0.0,1.0,0.9999999999999999,1.5508405327553525,1
1769772847.4228256,1987.5776397515529,0.004333936709,0.0,0.0,1.0,0.9999999999999999,1.5540839688515529,1
1769772847.426649,1989.7084048027446,0.004333936709,0.0,0.0,1.0,0.9999999999999999,1.5562147339027448,1
1769772847.4310834,1991.215226939971,0.004333936709,0.0,0.0,1.0,0.9999999999999999,1.557721556039971,1
1769772847.435777,1992.3371647509578,0.004333936709,0.0,0.0,1.0,0.9999999999999999,1.5588434938509577,1
1769772847.4401038,1993.2049830124574,0.004333936709,0.0,0.0,1.0,0.9999999999999999,1.5597113121124575,1
1769772847.4432645,1993.8962360122075,0.004333936709,0.0,0.0,1.0,0.9999999999999999,1.5604025651122073,1
1769772847.4467828,1994.459833795014,0.004333936709,0.0,0.0,1.0,0.9999999999999999,1.5609661628950142,1
1769772847.4511178,1994.9281487743026,0.004333936709,0.0,0.0,1.0,0.9999999999999999,1.5614344778743028,1
1769772847.455272,1995.3234606391272,0.004333936709,0.0,0.0,1.0,0.9999999999999999,1.5618297897391271,1
1769772847.4589958,1995.6616052060738,0.004333936709,0.0,0.0,1.0,0.9999999999999999,1.5621679343060737,1
1769772847.4626906,1995.9541469993258,0.004333936709,0.0,0.0,1.0,0.9999999999999999,1.5624604760993257,1
1769772847.4673936,1996.2097283638661,0.004333936709,0.0,0.0,1.0,0.9999999999999999,1.5627160574638663,1
1769772847.4716542,1996.434937611408,0.004333936709,0.0,0.0,1.0,0.9999999999999999,1.5629412667114082,1
1769772847.4764204,1996.6348850252384,0.004333936709,0.0,0.0,1.0,0.9999999999999999,1.5631412141252385,1
1769772847.4803371,1996.8135953266064,0.004333936709,0.0,0.0,1.0,0.9999999999999999,1.5633199244266065,1
1769772847.484065,1996.9742813918308,0.004333936709,0.0,0.0,1.0,0.9999999999999999,1.5634806104918308,1
1769772847.4873934,1997.1195391262604,0.004333936709,0.0,0.0,1.0,0.9999999999999999,1.5636258682262605,1
1769772847.491341,1997.2514887769128,0.004333936709,0.0,0.0,1.0,0.9999999999999999,1.563757817876913,1
1769772847.4956462,1997.3718791064389,0.004333936709,0.0,0.0,1.0,0.9999999999999999,1.5638782082064389,1
1769772847.50382,1997.4821653378094,0.004333936709,0.0,0.0,1.0,0.9999999999999999,1.5639884944378093,1
1769772847.5076993,1997.5835682641964,0.004333936709,0.0,0.0,1.0,0.9999999999999999,1.5640898973641966,1
1769772847.5130568,1997.6771196283394,0.004333936709,0.0,0.0,1.0,0.9999999999999999,1.5641834487283395,1
1769772847.5171394,1997.7636973537087,0.004333936709,0.0,0.0,1.0,0.9999999999999999,1.5642700264537088,1
1769772847.5211136,1997.8440531800215,0.004333936709,0.0,0.0,1.0,0.9999999999999999,1.5643503822800218,1
1769772847.524365,1997.9188345473465,0.004333936709,0.0,0.0,1.0,0.9999999999999999,1.5644251636473465,1
1769772847.528415,1997.9886020784445,0.004333936709,0.0,0.0,1.0,0.9999999999999999,1.5644949311784446,1
1769772847.5321968,1998.053843658774,0.004333936709,0.0,0.0,1.0,0.9999999999999999,1.564560172758774,1
1769772847.536089,1998.1149858623942,0.004333936709,0.0,0.0,1.0,0.9999999999999999,1.564621314962394,1
1769772847.5398579,1998.172403289674,0.004333936709,0.0,0.0,1.0,0.9999999999999999,1.5646787323896743,1
1769772847.54458,1998.2264262488916,0.004333936709,0.0,0.0,1.0,0.9999999999999999,1.5647327553488914,1
1769772847.5488994,1998.2773471145563,0.004333936709,0.0,0.0,1.0,0.9999999999999999,1.5647836762145564,1
1769772847.5528026,1998.3254256209882,0.004333936709,0.0,0.0,1.0,0.9999999999999999,1.564831754720988,1
1769772847.555897,1998.3708932935108,0.004333936709,0.0,0.0,1.0,0.9999999999999999,1.564877222393511,1
1769772847.5594893,1998.4139571768437,0.004333936709,0.0,0.0,1.0,0.9999999999999999,1.5649202862768437,1
1769772847.5624862,1998.4548029873808,0.004333936709,0.0,0.0,1.0,0.9999999999999999,1.564961132087381,1
1769772847.567111,1998.49359779061,0.004333936709,0.0,0.0,1.0,0.9999999999999999,1.56499992689061,1
1769772847.5716586,1998.5304922850844,0.004333936709,0.0,0.0,1.0,0.9999999999999999,1.5650368213850843,1
1769772847.5757453,1998.5656227587856,0.004333936709,0.0,0.0,1.0,0.9999999999999999,1.5650719518587854,1
1769772847.5787392,1998.5991127714221,0.004333936709,0.0,0.0,1.0,0.9999999999999999,1.5651054418714223,1
1769772847.5817544,1998.631074606434,0.004333936709,0.0,0.0,1.0,0.9999999999999999,1.5651374037064338,1
1769772847.5848496,1998.661610528664,0.004333936709,0.0,0.0,1.0,0.9999999999999999,1.5651679396286637,1
1769772847.588493,1998.6908138773729,0.004333936709,0.0,0.0,1.0,0.9999999999999999,1.5651971429773728,1
1769772847.5916398,1998.7187700192185,0.004333936709,0.0,0.0,1.0,0.9999999999999999,1.5652250991192187,1
1769772847.594589,1998.7455571816854,0.004333936709,0.0,0.0,1.0,0.9999999999999999,1.5652518862816855,1
1769772847.5982053,1998.7712471841082,0.004333936709,0.0,0.0,1.0,0.9999999999999999,1.5652775762841082,1
1769772847.6014807,1998.7959060806745,0.004333936709,0.0,0.0,1.0,0.9999999999999999,1.5653022351806747,1
1769772847.6102228,1998.819594727523,0.004333936709,0.0,0.0,1.0,0.9999999999999999,1.5653259238275232,1
1769772847.6220624,1998.8423692841984,0.004333936709,0.0,0.0,1.0,0.9999999999999999,1.5653486983841984,1
1769772847.6310854,1998.864281658149,0.004333936709,0.0,0.0,1.0,0.9999999999999999,1.5653706107581489,1
1769772847.637395,1998.8853798996843,0.004333936709,0.0,0.0,1.0,0.9999999999999999,1.5653917089996845,1
1769772847.6415036,1998.9057085537115,0.004333936709,0.0,0.0,1.0,0.9999999999999999,1.5654120376537117,1
1769772847.6448228,1998.92530897367,0.004333936709,0.0,0.0,1.0,0.9999999999999999,1.56543163807367,1
1769772847.6499505,1998.9442196023228,0.004333936709,0.0,0.0,1.0,0.9999999999999999,1.5654505487023227,1
1769772847.6534138,1998.9624762234137,0.004333936709,0.0,0.0,1.0,0.9999999999999999,1.5654688053234136,1
1769772847.656862,1998.9801121876594,0.004333936709,0.0,0.0,1.0,0.9999999999999999,1.5654864412876595,1
1769772847.6608894,1998.997158616079,0.004333936709,0.0,0.0,1.0,0.9999999999999999,1.565503487716079,1
1769772847.6666152,1999.0136445832647,0.004333936709,0.0,0.0,1.0,0.9999999999999999,1.5655199736832646,1
1769772847.6708536,1999.0295972828724,0.004333936709,0.0,0.0,1.0,0.9999999999999999,1.5655359263828725,1
1769772847.6754084,1999.045042177304,0.004333936709,0.0,0.0,1.0,0.9999999999999999,1.565551371277304,1
1769772847.6777394,1999.045042177304,0.004333936709,0.0,0.0,1.0,0.9999999999999999,1.565551371277304,1
1769772847.6805677,1953.4740409798183,0.004445494792,0.0,0.0,1.0,0.9999999999999999,1.5088245617798184,1
1769772847.6848564,1954.0404809009285,0.004445494792,0.0,0.0,1.0,0.9999999999999999,1.5093910017009287,1
1769772847.686146,1954.0404809009285,0.004445494792,0.0,0.0,1.0,0.9999999999999999,1.5093910017009287,1
1769772847.6872313,1954.0404809009285,0.004445494792,0.0,0.0,1.0,0.9999999999999999,1.5093910017009287,1
1769772847.6884832,1954.0404809009285,0.004445494792,0.0,0.0,1.0,0.9999999999999999,1.5093910017009287,1
1769772847.6894195,1954.0404809009285,0.004445494792,0.0,0.0,1.0,0.9999999999999999,1.5093910017009287,1
1769772847.6903207,1954.0404809009285,0.004445494792,0.0,0.0,1.0,0.9999999999999999,1.5093910017009287,1
1769772847.6912525,1954.0404809009285,0.004445494792,0.0,0.0,1.0,0.9999999999999999,1.5093910017009287,1
1769772847.6927853,1954.0404809009285,0.004445494792,0.0,0.0,1.0,0.9999999999999999,1.5093910017009287,1
1769772847.6959045,1742.8958051420839,0.004360076287,0.0,0.0,1.0,0.9999999999999999,1.306788176442084,1
1769772847.7001858,1746.328437917223,0.004360076287,0.0,0.0,1.0,0.9999999999999999,1.310220809217223,1
1769772847.7045808,1749.6706192358367,0.004360076287,0.0,0.0,1.0,0.9999999999999999,1.3135629905358366,1
1769772847.7101593,1752.925877763329,0.004360076287,0.0,0.0,1.0,0.9999999999999999,1.316818249063329,1
1769772847.7157383,1756.0975609756097,0.004360076287,0.0,0.0,1.0,0.9999999999999999,1.3199899322756097,1
1769772847.7204666,1759.1888466413182,0.004360076287,0.0,0.0,1.0,0.9999999999999999,1.323081217941318,1
1769772847.7227757,1760.4035308953341,0.004360076287,0.0,0.0,1.0,0.9999999999999999,1.324295902195334,1
1769772847.7247355,1760.4035308953341,0.004360076287,0.0,0.0,1.0,0.9999999999999999,1.324295902195334,1
1769772847.7263918,1760.4035308953341,0.004360076287,0.0,0.0,1.0,0.9999999999999999,1.324295902195334,1
1769772847.728036,1760.4035308953341,0.004360076287,0.0,0.0,1.0,0.9999999999999999,1.324295902195334,1
1769772847.7298067,1760.4035308953341,0.004360076287,0.0,0.0,1.0,0.9999999999999999,1.324295902195334,1
1769772847.7309597,1760.4035308953341,0.004360076287,0.0,0.0,1.0,0.9999999999999999,1.324295902195334,1
1769772847.732098,1760.4035308953341,0.004360076287,0.0,0.0,1.0,0.9999999999999999,1.324295902195334,1
1769772847.733839,1760.4035308953341,0.004360076287,0.0,0.0,1.0,0.9999999999999999,1.324295902195334,1
1769772847.7358978,1760.4035308953341,0.004360076287,0.0,0.0,1.0,0.9999999999999999,1.324295902195334,1
1769772847.7376955,1760.4035308953341,0.004360076287,0.0,0.0,1.0,0.9999999999999999,1.324295902195334,1
1769772847.7396488,1760.4035308953341,0.004360076287,0.0,0.0,1.0,0.9999999999999999,1.324295902195334,1
1769772847.7415278,1760.4035308953341,0.004360076287,0.0,0.0,1.0,0.9999999999999999,1.324295902195334,1
1769772847.7431567,1760.4035308953341,0.004360076287,0.0,0.0,1.0,0.9999999999999999,1.324295902195334,1
1769772847.7449436,1760.4035308953341,0.004360076287,0.0,0.0,1.0,0.9999999999999999,1.324295902195334,1
1769772847.7466378,1760.4035308953341,0.004360076287,0.0,0.0,1.0,0.9999999999999999,1.324295902195334,1
1769772847.747791,1760.4035308953341,0.004360076287,0.0,0.0,1.0,0.9999999999999999,1.324295902195334,1
1769772847.7489402,1760.4035308953341,0.004360076287,0.0,0.0,1.0,0.9999999999999999,1.324295902195334,1
1769772847.7500372,1760.4035308953341,0.004360076287,0.0,0.0,1.0,0.9999999999999999,1.324295902195334,1
1769772847.7515535,1760.4035308953341,0.004360076287,0.0,0.0,1.0,0.9999999999999999,1.324295902195334,1
1769772847.753314,1760.4035308953341,0.004360076287,0.0,0.0,1.0,0.9999999999999999,1.324295902195334,1
1769772847.757986,1409.5505055561118,0.004750605452,0.0,0.0,1.0,0.9999999999999999,0.934389960356112,1
1769772847.764182,1415.402914064823,0.004750605452,0.0,0.0,1.0,0.9999999999999999,0.9402423688648233,1
1769772847.7701554,1421.140445578565,0.004750605452,0.0,0.0,1.0,0.9999999999999999,0.945979900378565,1
1769772847.7747633,1426.7664496063758,0.004750605452,0.0,0.0,1.0,0.9999999999999999,0.9516059044063759,1
1769772847.7795293,1432.2841466936184,0.004750605452,0.0,0.0,1.0,0.9999999999999999,0.9571236014936185,1
1769772847.7859955,1437.6966345695491,0.004750605452,0.0,0.0,1.0,0.9999999999999999,0.9625360893695493,1
1769772847.7930167,1443.0068939465482,0.004750605452,0.0,0.0,1.0,0.9999999999999999,0.9678463487465482,1
1769772847.797838,1448.2177939938254,0.004750605452,0.0,0.0,1.0,0.9999999999999999,0.9730572487938255,1
1769772847.802051,1453.33209750672,0.004750605452,0.0,0.0,1.0,0.9999999999999999,0.9781715523067199,1
1769772847.8060522,1458.3524657911655,0.004750605452,0.0,0.0,1.0,0.9999999999999999,0.9831919205911656,1
1769772847.8090913,1461.320668554206,0.004750605452,0.0,0.0,1.0,0.9999999999999999,0.986160123354206,1
1769772847.810382,1461.320668554206,0.004750605452,0.0,0.0,1.0,0.9999999999999999,0.986160123354206,1
1769772847.811675,1461.320668554206,0.004750605452,0.0,0.0,1.0,0.9999999999999999,0.986160123354206,1
1769772847.8131735,1461.320668554206,0.004750605452,0.0,0.0,1.0,0.9999999999999999,0.986160123354206,1
1769772847.8180077,1422.4251470717359,0.004429652632,0.0,0.0,1.0,0.9999999999999999,0.9793598838717359,1
1769772847.8218038,1427.452345721995,0.004429652632,0.0,0.0,1.0,0.9999999999999999,0.9843870825219949,1
1769772847.8256378,1432.3927862628354,0.004429652632,0.0,0.0,1.0,0.9999999999999999,0.9893275230628353,1
1769772847.8325372,1437.248695354607,0.004429652632,0.0,0.0,1.0,0.9999999999999999,0.994183432154607,1
1769772847.8403523,1442.0222241072186,0.004429652632,0.0,0.0,1.0,0.9999999999999999,0.9989569609072186,1
1769772847.8463805,1446.715451257465,0.004429652632,0.0,0.0,1.0,0.9999999999999999,1.003650188057465,1
1769772847.8533044,1451.3303861873385,0.004429652632,0.0,0.0,1.0,0.9999999999999999,1.0082651229873385,1
1769772847.8604465,1455.8689717925386,0.004429652632,0.0,0.0,1.0,0.9999999999999999,1.0128037085925385,1
1769772847.8679879,1460.3330872097793,0.004429652632,0.0,0.0,1.0,0.9999999999999999,1.0172678240097792,1
1769772847.877302,1464.7245504109367,0.004429652632,0.0,0.0,1.0,0.9999999999999999,1.0216592872109367,1
1769772847.8878992,1469.0451206715636,0.004429652632,0.0,0.0,1.0,0.9999999999999999,1.0259798574715635,1
1769772847.8958914,1473.2965009208103,0.004429652632,0.0,0.0,1.0,0.9999999999999999,1.0302312377208103,1
1769772847.9010131,1477.480339979347,0.004429652632,0.0,0.0,1.0,0.9999999999999999,1.034415076779347,1
1769772847.9051197,1481.598234691465,0.004429652632,0.0,0.0,1.0,0.9999999999999999,1.038532971491465,1
1769772847.9092467,1485.6517319571508,0.004429652632,0.0,0.0,1.0,0.9999999999999999,1.0425864687571507,1
1769772847.913374,1489.6423306695633,0.004429652632,0.0,0.0,1.0,0.9999999999999999,1.0465770674695634,1
1769772847.91517,1489.6423306695633,0.004429652632,0.0,0.0,1.0,0.9999999999999999,1.0465770674695634,1
1769772847.9167275,1489.6423306695633,0.004429652632,0.0,0.0,1.0,0.9999999999999999,1.0465770674695634,1
1769772847.9190493,1489.6423306695633,0.004429652632,0.0,0.0,1.0,0.9999999999999999,1.0465770674695634,1
1769772847.9226162,1446.7253176930597,0.00409771137,0.0,0.0,1.0,0.9999999999999999,1.0368541806930598,1
1769772847.924699,1446.7253176930597,0.00409771137,0.0,0.0,1.0,0.9999999999999999,1.0368541806930598,1
1769772847.9268663,1446.7253176930597,0.00409771137,0.0,0.0,1.0,0.9999999999999999,1.0368541806930598,1
1769772847.9292715,1446.7253176930597,0.00409771137,0.0,0.0,1.0,0.9999999999999999,1.0368541806930598,1
1769772847.9314778,1446.7253176930597,0.00409771137,0.0,0.0,1.0,0.9999999999999999,1.0368541806930598,1
1769772847.9338715,1446.7253176930597,0.00409771137,0.0,0.0,1.0,0.9999999999999999,1.0368541806930598,1
1769772847.935717,1446.7253176930597,0.00409771137,0.0,0.0,1.0,0.9999999999999999,1.0368541806930598,1
1769772847.9376075,1446.7253176930597,0.00409771137,0.0,0.0,1.0,0.9999999999999999,1.0368541806930598,1
1769772847.9396262,1446.7253176930597,0.00409771137,0.0,0.0,1.0,0.9999999999999999,1.0368541806930598,1
1769772847.9415052,1446.7253176930597,0.00409771137,0.0,0.0,1.0,0.9999999999999999,1.0368541806930598,1
1769772847.9429927,1446.7253176930597,0.00409771137,0.0,0.0,1.0,0.9999999999999999,1.0368541806930598,1
1769772847.9453208,1446.7253176930597,0.00409771137,0.0,0.0,1.0,0.9999999999999999,1.0368541806930598,1
1769772847.948229,1446.7253176930597,0.00409771137,0.0,0.0,1.0,0.9999999999999999,1.0368541806930598,1
1769772847.9510174,1446.7253176930597,0.00409771137,0.0,0.0,1.0,0.9999999999999999,1.0368541806930598,1
1769772847.9527507,1446.7253176930597,0.00409771137,0.0,0.0,1.0,0.9999999999999999,1.0368541806930598,1
1769772847.9549758,1446.7253176930597,0.00409771137,0.0,0.0,1.0,0.9999999999999999,1.0368541806930598,1
1769772847.956722,1446.7253176930597,0.00409771137,0.0,0.0,1.0,0.9999999999999999,1.0368541806930598,1
1769772847.9583178,1446.7253176930597,0.00409771137,0.0,0.0,1.0,0.9999999999999999,1.0368541806930598,1
1769772847.9599748,1446.7253176930597,0.00409771137,0.0,0.0,1.0,0.9999999999999999,1.0368541806930598,1
1769772847.9618292,1446.7253176930597,0.00409771137,0.0,0.0,1.0,0.9999999999999999,1.0368541806930598,1
1769772847.96399,1446.7253176930597,0.00409771137,0.0,0.0,1.0,0.9999999999999999,1.0368541806930598,1
1769772847.9662087,1446.7253176930597,0.00409771137,0.0,0.0,1.0,0.9999999999999999,1.0368541806930598,1
1769772847.9690022,1446.7253176930597,0.00409771137,0.0,0.0,1.0,0.9999999999999999,1.0368541806930598,1
1769772847.9741457,1236.3729639604976,0.004630015696,0.0,0.0,1.0,0.9999999999999999,0.7732713943604976,1
1769772847.980236,1241.2386899452022,0.004630015696,0.0,0.0,1.0,0.9999999999999999,0.7781371203452021,1
1769772847.9864776,1246.042801063695,0.004630015696,0.0,0.0,1.0,0.9999999999999999,0.782941231463695,1
1769772847.9917462,1250.7864602994841,0.004630015696,0.0,0.0,1.0,0.9999999999999999,0.7876848906994842,1
1769772847.9984388,1255.4708015505814,0.004630015696,0.0,0.0,1.0,0.9999999999999999,0.7923692319505815,1
1769772848.006168,1260.0969305331178,0.004630015696,0.0,0.0,1.0,0.9999999999999999,0.7969953609331177,1
1769772848.012505,1264.6659256514758,0.004630015696,0.0,0.0,1.0,0.9999999999999999,0.8015643560514758,1
1769772848.0180242,1269.1788388363814,0.004630015696,0.0,0.0,1.0,0.9999999999999999,0.8060772692363813,1
1769772848.0244112,1273.6366963523242,0.004630015696,0.0,0.0,1.0,0.9999999999999999,0.8105351267523242,1
1769772848.029849,1278.0404995756032,0.004630015696,0.0,0.0,1.0,0.9999999999999999,0.8149389299756031,1
1769772848.0360098,1282.3912257442448,0.004630015696,0.0,0.0,1.0,0.9999999999999999,0.8192896561442449,1
1769772848.04341,1286.6898286809633,0.004630015696,0.0,0.0,1.0,0.9999999999999999,0.8235882590809633,1
1769772848.049602,1290.9372394902941,0.004630015696,0.0,0.0,1.0,0.9999999999999999,0.8278356698902942,1
1769772848.0544758,1295.1343672309697,0.004630015696,0.0,0.0,1.0,0.9999999999999999,0.8320327976309696,1
1769772848.060061,1299.2820995645523,0.004630015696,0.0,0.0,1.0,0.9999999999999999,0.8361805299645522,1
1769772848.0646045,1303.3813033813033,0.004630015696,0.0,0.0,1.0,0.9999999999999999,0.8402797337813033,1
1769772848.0694206,1307.432825404211,0.004630015696,0.0,0.0,1.0,0.9999999999999999,0.8443312558042109,1
1769772848.0766127,1311.4374927720596,0.004630015696,0.0,0.0,1.0,0.9999999999999999,0.8483359231720595,1
1769772848.0855246,1315.3961136023918,0.004630015696,0.0,0.0,1.0,0.9999999999999999,0.8522945440023917,1
1769772848.0908499,1319.3094775351549,0.004630015696,0.0,0.0,1.0,0.9999999999999999,0.8562079079351548,1
1769772848.09502,1323.178356257815,0.004630015696,0.0,0.0,1.0,0.9999999999999999,0.860076786657815,1
1769772848.1009712,1327.0035040126597,0.004630015696,0.0,0.0,1.0,0.9999999999999999,0.8639019344126597,1
1769772848.1079793,1330.7856580869957,0.004630015696,0.0,0.0,1.0,0.9999999999999999,0.8676840884869956,1
1769772848.1125927,1334.525539286912,0.004630015696,0.0,0.0,1.0,0.9999999999999999,0.8714239696869119,1
1769772848.1177871,1338.2238523952428,0.004630015696,0.0,0.0,1.0,0.9999999999999999,0.8751222827952427,1
1769772848.122782,1341.8812866143471,0.004630015696,0.0,0.0,1.0,0.9999999999999999,0.8787797170143472,1
1769772848.128839,1345.498515994284,0.004630015696,0.0,0.0,1.0,0.9999999999999999,0.882396946394284,1
1769772848.1345074,1349.0761998469443,0.004630015696,0.0,0.0,1.0,0.9999999999999999,0.8859746302469442,1
1769772848.1394877,1352.6149831466785,0.004630015696,0.0,0.0,1.0,0.9999999999999999,0.8895134135466785,1
1769772848.1433914,1356.1154969179192,0.004630015696,0.0,0.0,1.0,0.9999999999999999,0.8930139273179192,1
1769772848.1492302,1359.5783586103043,0.004630015696,0.0,0.0,1.0,0.9999999999999999,0.8964767890103043,1
1769772848.1527755,1362.3219449501983,0.004630015696,0.0,0.0,1.0,0.9999999999999999,0.8992203753501982,1
1769772848.1542752,1362.3219449501983,0.004630015696,0.0,0.0,1.0,0.9999999999999999,0.8992203753501982,1
1769772848.1564925,1362.3219449501983,0.004630015696,0.0,0.0,1.0,0.9999999999999999,0.8992203753501982,1
1769772848.1582363,1362.3219449501983,0.004630015696,0.0,0.0,1.0,0.9999999999999999,0.8992203753501982,1
1769772848.1597445,1362.3219449501983,0.004630015696,0.0,0.0,1.0,0.9999999999999999,0.8992203753501982,1
1769772848.1611774,1362.3219449501983,0.004630015696,0.0,0.0,1.0,0.9999999999999999,0.8992203753501982,1
1769772848.1626456,1362.3219449501983,0.004630015696,0.0,0.0,1.0,0.9999999999999999,0.8992203753501982,1
1769772848.164301,1362.3219449501983,0.004630015696,0.0,0.0,1.0,0.9999999999999999,0.8992203753501982,1
1769772848.166253,1362.3219449501983,0.004630015696,0.0,0.0,1.0,0.9999999999999999,0.8992203753501982,1
1769772848.1679814,1362.3219449501983,0.004630015696,0.0,0.0,1.0,0.9999999999999999,0.8992203753501982,1
1769772848.170152,1362.3219449501983,0.004630015696,0.0,0.0,1.0,0.9999999999999999,0.8992203753501982,1
1769772848.1726327,1362.3219449501983,0.004630015696,0.0,0.0,1.0,0.9999999999999999,0.8992203753501982,1
1769772848.1754818,1362.3219449501983,0.004630015696,0.0,0.0,1.0,0.9999999999999999,0.8992203753501982,1
1769772848.1783803,1362.3219449501983,0.004630015696,0.0,0.0,1.0,0.9999999999999999,0.8992203753501982,1
1769772848.3034647,0.0,0.0,0.0,0.0,1.0,0.0,0.0,1
1769772848.3130643,2083.3333333333335,0.004017606572,0.0,0.0,1.0,0.9999999999999999,1.6814726761333334,1
1769772848.3197591,2040.816326530612,0.004017606572,0.0,0.0,1.0,0.9999999999999999,1.6389556693306122,1
1769772848.3246274,2027.027027027027,0.004017606572,0.0,0.0,1.0,0.9999999999999999,1.6251663698270271,1
1769772848.3288267,2020.20202020202,0.004017606572,0.0,0.0,1.0,0.9999999999999999,1.6183413630020203,1
1769772848.332812,2016.1290322580646,0.004017606572,0.0,0.0,1.0,0.9999999999999999,1.6142683750580644,1
1769772848.33716,2013.4228187919464,0.004017606572,0.0,0.0,1.0,0.9999999999999999,1.6115621615919464,1
1769772848.345799,2011.4942528735633,0.004017606572,0.0,0.0,1.0,0.9999999999999999,1.6096335956735632,1
1769772848.3474455,2011.4942528735633,0.004017606572,0.0,0.0,1.0,0.9999999999999999,1.6096335956735632,1
1769772848.349785,2011.4942528735633,0.004017606572,0.0,0.0,1.0,0.9999999999999999,1.6096335956735632,1
1769772848.353132,2011.4942528735633,0.004017606572,0.0,0.0,1.0,0.9999999999999999,1.6096335956735632,1
1769772848.3555613,2011.4942528735633,0.004017606572,0.0,0.0,1.0,0.9999999999999999,1.6096335956735632,1
1769772848.3579996,2011.4942528735633,0.004017606572,0.0,0.0,1.0,0.9999999999999999,1.6096335956735632,1
1769772848.3607523,2011.4942528735633,0.004017606572,0.0,0.0,1.0,0.9999999999999999,1.6096335956735632,1
1769772848.362937,2011.4942528735633,0.004017606572,0.0,0.0,1.0,0.9999999999999999,1.6096335956735632,1
1769772848.36558,2011.4942528735633,0.004017606572,0.0,0.0,1.0,0.9999999999999999,1.6096335956735632,1
1769772848.3684258,2011.4942528735633,0.004017606572,0.0,0.0,1.0,0.9999999999999999,1.6096335956735632,1
1769772848.3711617,2011.4942528735633,0.004017606572,0.0,0.0,1.0,0.9999999999999999,1.6096335956735632,1
1769772848.3732142,2011.4942528735633,0.004017606572,0.0,0.0,1.0,0.9999999999999999,1.6096335956735632,1
1769772848.3749819,2011.4942528735633,0.004017606572,0.0,0.0,1.0,0.9999999999999999,1.6096335956735632,1
1769772848.3765225,2011.4942528735633,0.004017606572,0.0,0.0,1.0,0.9999999999999999,1.6096335956735632,1
1769772848.3785205,2011.4942528735633,0.004017606572,0.0,0.0,1.0,0.9999999999999999,1.6096335956735632,1
1769772848.3805869,2011.4942528735633,0.004017606572,0.0,0.0,1.0,0.9999999999999999,1.6096335956735632,1
1769772848.3824527,2011.4942528735633,0.004017606572,0.0,0.0,1.0,0.9999999999999999,1.6096335956735632,1
1769772848.3850126,2011.4942528735633,0.004017606572,0.0,0.0,1.0,0.9999999999999999,1.6096335956735632,1
1769772848.387094,2011.4942528735633,0.004017606572,0.0,0.0,1.0,0.9999999999999999,1.6096335956735632,1
1769772848.3888578,2011.4942528735633,0.004017606572,0.0,0.0,1.0,0.9999999999999999,1.6096335956735632,1
1769772848.3904338,2011.4942528735633,0.004017606572,0.0,0.0,1.0,0.9999999999999999,1.6096335956735632,1
1769772848.3924646,2011.4942528735633,0.004017606572,0.0,0.0,1.0,0.9999999999999999,1.6096335956735632,1
1769772848.3942835,2011.4942528735633,0.004017606572,0.0,0.0,1.0,0.9999999999999999,1.6096335956735632,1
1769772848.39751,2011.4942528735633,0.004017606572,0.0,0.0,1.0,0.9999999999999999,1.6096335956735632,1
1769772848.4001882,2011.4942528735633,0.004017606572,0.0,0.0,1.0,0.9999999999999999,1.6096335956735632,1
1769772848.402246,2011.4942528735633,0.004017606572,0.0,0.0,1.0,0.9999999999999999,1.6096335956735632,1
1769772848.4039598,2011.4942528735633,0.004017606572,0.0,0.0,1.0,0.9999999999999999,1.6096335956735632,1
1769772848.4081306,458.95851721094436,0.004862064266,0.0,0.0,1.0,0.9999999999999999,-0.027347909389055635,1
1769772848.4121454,503.0008573878251,0.004862064266,0.0,0.0,1.0,0.9999999999999999,0.016694430787825055,1
1769772848.417587,544.5957210336205,0.004862064266,0.0,0.0,1.0,0.9999999999999999,0.058289294433620506,1
1769772848.422605,583.9416058394161,0.004862064266,0.0,0.0,1.0,0.9999999999999999,0.0976351792394161,1
1769772848.426521,621.2161095025007,0.004862064266,0.0,0.0,1.0,0.9999999999999999,0.13490968290250072,1
1769772848.4308212,656.5786098999744,0.004862064266,0.0,0.0,1.0,0.9999999999999999,0.1702721832999744,1
1769772848.4347835,690.1725431357839,0.004862064266,0.0,0.0,1.0,0.9999999999999999,0.2038661165357839,1
1769772848.4388769,722.1273481336912,0.004862064266,0.0,0.0,1.0,0.9999999999999999,0.23582092153369116,1
1769772848.4439242,752.5601333650869,0.004862064266,0.0,0.0,1.0,0.9999999999999999,0.266253706765087,1
1769772848.449877,781.5771109560363,0.004862064266,0.0,0.0,1.0,0.9999999999999999,0.2952706843560363,1
1769772848.4543188,809.2748351898159,0.004862064266,0.0,0.0,1.0,0.9999999999999999,0.3229684085898159,1
1769772848.458257,835.7412758390755,0.004862064266,0.0,0.0,1.0,0.9999999999999999,0.3494348492390754,1
1769772848.464975,861.0567514677103,0.004862064266,0.0,0.0,1.0,0.9999999999999999,0.3747503248677103,1
1769772848.4710252,885.2947435624601,0.004862064266,0.0,0.0,1.0,0.9999999999999999,0.39898831696246007,1
1769772848.4765244,908.5226088768494,0.004862064266,0.0,0.0,1.0,0.9999999999999999,0.4222161822768494,1
1769772848.4837313,930.8022045315371,0.004862064266,0.0,0.0,1.0,0.9999999999999999,0.44449577793153705,1
1769772848.4901407,952.1904380876176,0.004862064266,0.0,0.0,1.0,0.9999999999999999,0.4658840114876176,1
1769772848.4943504,972.739752892724,0.004862064266,0.0,0.0,1.0,0.9999999999999999,0.48643332629272407,1
1769772848.4991379,992.4985574148875,0.004862064266,0.0,0.0,1.0,0.9999999999999999,0.5061921308148876,1
1769772848.5033607,1011.5116059633895,0.004862064266,0.0,0.0,1.0,0.9999999999999999,0.5252051793633895,1
1769772848.5075161,1029.820337099463,0.004862064266,0.0,0.0,1.0,0.9999999999999999,0.543513910499463,1
1769772848.5115356,1047.4631751227496,0.004862064266,0.0,0.0,1.0,0.9999999999999999,0.5611567485227497,1
1769772848.5158455,1057.7441985968699,0.004862064266,0.0,0.0,1.0,0.9999999999999999,0.5714377719968698,1
1769772848.517966,1057.7441985968699,0.004862064266,0.0,0.0,1.0,0.9999999999999999,0.5714377719968698,1
1769772848.5203753,1057.7441985968699,0.004862064266,0.0,0.0,1.0,0.9999999999999999,0.5714377719968698,1
1769772848.5217957,1057.7441985968699,0.004862064266,0.0,0.0,1.0,0.9999999999999999,0.5714377719968698,1
1769772848.5233293,1057.7441985968699,0.004862064266,0.0,0.0,1.0,0.9999999999999999,0.5714377719968698,1
1769772848.5251114,1057.7441985968699,0.004862064266,0.0,0.0,1.0,0.9999999999999999,0.5714377719968698,1
1769772848.5266643,1057.7441985968699,0.004862064266,0.0,0.0,1.0,0.9999999999999999,0.5714377719968698,1
1769772848.5285375,1057.7441985968699,0.004862064266,0.0,0.0,1.0,0.9999999999999999,0.5714377719968698,1
1769772848.5304234,1057.7441985968699,0.004862064266,0.0,0.0,1.0,0.9999999999999999,0.5714377719968698,1
1769772848.5319643,1057.7441985968699,0.004862064266,0.0,0.0,1.0,0.9999999999999999,0.5714377719968698,1
1769772848.5334344,1057.7441985968699,0.004862064266,0.0,0.0,1.0,0.9999999999999999,0.5714377719968698,1
1769772848.53507,1057.7441985968699,0.004862064266,0.0,0.0,1.0,0.9999999999999999,0.5714377719968698,1
1769772848.5363238,1057.7441985968699,0.004862064266,0.0,0.0,1.0,0.9999999999999999,0.5714377719968698,1
1769772848.539275,864.1438306510076,0.004747194649,0.0,0.0,1.0,0.9999999999999999,0.38932436575100765,1
1769772848.5431814,880.3773045590967,0.004747194649,0.0,0.0,1.0,0.9999999999999999,0.4055578396590968,1
1769772848.547031,896.1533042130478,0.004747194649,0.0,0.0,1.0,0.9999999999999999,0.42133383931304785,1
1769772848.55061,908.4575728020064,0.004747194649,0.0,0.0,1.0,0.9999999999999999,0.43363810790200646,1
1769772848.5521984,908.4575728020064,0.004747194649,0.0,0.0,1.0,0.9999999999999999,0.43363810790200646,1
1769772848.5536406,908.4575728020064,0.004747194649,0.0,0.0,1.0,0.9999999999999999,0.43363810790200646,1
1769772848.5553374,908.4575728020064,0.004747194649,0.0,0.0,1.0,0.9999999999999999,0.43363810790200646,1
1769772848.556719,908.4575728020064,0.004747194649,0.0,0.0,1.0,0.9999999999999999,0.43363810790200646,1
1769772848.5582638,908.4575728020064,0.004747194649,0.0,0.0,1.0,0.9999999999999999,0.43363810790200646,1
1769772848.5597205,908.4575728020064,0.004747194649,0.0,0.0,1.0,0.9999999999999999,0.43363810790200646,1
1769772848.5612788,908.4575728020064,0.004747194649,0.0,0.0,1.0,0.9999999999999999,0.43363810790200646,1
1769772848.5628552,908.4575728020064,0.004747194649,0.0,0.0,1.0,0.9999999999999999,0.43363810790200646,1
1769772848.5669248,810.6772120612951,0.004668835812,0.0,0.0,1.0,0.9999999999999999,0.3436936308612952,1
1769772848.5795958,825.1953125,0.004668835812,0.0,0.0,1.0,0.9999999999999999,0.3582117313,1
1769772848.5877788,839.3632416787265,0.004668835812,0.0,0.0,1.0,0.9999999999999999,0.37237966047872645,1
1769772848.5939426,853.1935176358437,0.004668835812,0.0,0.0,1.0,0.9999999999999999,0.3862099364358437,1
1769772848.6005654,866.6980687706077,0.004668835812,0.0,0.0,1.0,0.9999999999999999,0.39971448757060773,1
1769772848.607347,879.8882681564245,0.004668835812,0.0,0.0,1.0,0.9999999999999999,0.4129046869564245,1
1769772848.6113927,892.7749654855039,0.004668835812,0.0,0.0,1.0,0.9999999999999999,0.42579138428550395,1
1769772848.6154242,905.368516833485,0.004668835812,0.0,0.0,1.0,0.9999999999999999,0.4383849356334851,1
1769772848.619365,917.6788124156545,0.004668835812,0.0,0.0,1.0,0.9999999999999999,0.4506952312156545,1
1769772848.6231856,929.7153024911033,0.004668835812,0.0,0.0,1.0,0.9999999999999999,0.46273172129110335,1
1769772848.6273093,941.4870215574131,0.004668835812,0.0,0.0,1.0,0.9999999999999999,0.47450344035741304,1
1769772848.6331675,953.0026109660574,0.004668835812,0.0,0.0,1.0,0.9999999999999999,0.48601902976605743,1
1769772848.6379642,964.270340077486,0.004668835812,0.0,0.0,1.0,0.9999999999999999,0.497286758877486,1
1769772848.6421478,975.298126064736,0.004668835812,0.0,0.0,1.0,0.9999999999999999,0.5083145448647362,1
1769772848.6467474,986.093552465234,0.004668835812,0.0,0.0,1.0,0.9999999999999999,0.5191099712652341,1
1769772848.6515522,996.6638865721434,0.004668835812,0.0,0.0,1.0,0.9999999999999999,0.5296803053721435,1
1769772848.6554418,1007.0160957490714,0.004668835812,0.0,0.0,1.0,0.9999999999999999,0.5400325145490714,1
1769772848.661775,1017.156862745098,0.004668835812,0.0,0.0,1.0,0.9999999999999999,0.5501732815450979,1
1769772848.667245,1027.0926000808736,0.004668835812,0.0,0.0,1.0,0.9999999999999999,0.5601090188808735,1
1769772848.6728694,1036.829463570857,0.004668835812,0.0,0.0,1.0,0.9999999999999999,0.5698458823708568,1
1769772848.6779492,1046.373365041617,0.004668835812,0.0,0.0,1.0,0.9999999999999999,0.5793897838416171,1
1769772848.6823034,1055.7299843014127,0.004668835812,0.0,0.0,1.0,0.9999999999999999,0.5887464031014127,1
1769772848.6864533,1064.9047804119705,0.004668835812,0.0,0.0,1.0,0.9999999999999999,0.5979211992119704,1
1769772848.690408,1073.9030023094688,0.004668835812,0.0,0.0,1.0,0.9999999999999999,0.6069194211094688,1
1769772848.6944191,1082.7296988181472,0.004668835812,0.0,0.0,1.0,0.9999999999999999,0.6157461176181471,1
1769772848.6988,1091.3897280966767,0.004668835812,0.0,0.0,1.0,0.9999999999999999,0.6244061468966766,1
1769772848.702171,1099.8877665544333,0.004668835812,0.0,0.0,1.0,0.9999999999999999,0.6329041853544333,1
1769772848.7058449,1108.2283172720533,0.004668835812,0.0,0.0,1.0,0.9999999999999999,0.6412447360720532,1
1769772848.7097445,1116.4157179581346,0.004668835812,0.0,0.0,1.0,0.9999999999999999,0.6494321367581346,1
1769772848.713761,1124.4541484716158,0.004668835812,0.0,0.0,1.0,0.9999999999999999,0.6574705672716157,1
1769772848.7181609,1132.347637937252,0.004668835812,0.0,0.0,1.0,0.9999999999999999,0.6653640567372521,1
1769772848.7222328,1140.1000714796282,0.004668835812,0.0,0.0,1.0,0.9999999999999999,0.6731164902796283,1
1769772848.7253618,1147.7151965993623,0.004668835812,0.0,0.0,1.0,0.9999999999999999,0.6807316153993623,1
1769772848.728721,1155.1966292134832,0.004668835812,0.0,0.0,1.0,0.9999999999999999,0.6882130480134832,1
1769772848.7331507,1162.5478593804387,0.004668835812,0.0,0.0,1.0,0.9999999999999999,0.6955642781804388,1
1769772848.7371469,1169.7722567287783,0.004668835812,0.0,0.0,1.0,0.9999999999999999,0.7027886755287782,1
1769772848.7409542,1176.8730756072528,0.004668835812,0.0,0.0,1.0,0.9999999999999999,0.7098894944072527,1
1769772848.7445407,1183.853459972863,0.004668835812,0.0,0.0,1.0,0.9999999999999999,0.7168698787728629,1
1769772848.7485056,1190.7164480322906,0.004668835812,0.0,0.0,1.0,0.9999999999999999,0.7237328668322907,1
1769772848.7527874,1197.4649766511009,0.004668835812,0.0,0.0,1.0,0.9999999999999999,0.7304813954511009,1
1769772848.756813,1204.1018855441614,0.004668835812,0.0,0.0,1.0,0.9999999999999999,0.7371183043441614,1
1769772848.7609065,1210.6299212598426,0.004668835812,0.0,0.0,1.0,0.9999999999999999,0.7436463400598425,1
1769772848.7654176,1217.0517409697363,0.004668835812,0.0,0.0,1.0,0.9999999999999999,0.7500681597697363,1
1769772848.769809,1223.369916074887,0.004668835812,0.0,0.0,1.0,0.9999999999999999,0.7563863348748869,1
1769772848.7736542,1229.5869356388089,0.004668835812,0.0,0.0,1.0,0.9999999999999999,0.7626033544388089,1
1769772848.7771957,1235.705209656925,0.004668835812,0.0,0.0,1.0,0.9999999999999999,0.7687216284569249,1
1769772848.783395,1241.7270721714465,0.004668835812,0.0,0.0,1.0,0.9999999999999999,0.7747434909714463,1
1769772848.7874794,1247.65478424015,0.004668835812,0.0,0.0,1.0,0.9999999999999999,0.7806712030401501,1
1769772848.7905724,1253.4905367669874,0.004668835812,0.0,0.0,1.0,0.9999999999999999,0.7865069555669872,1
1769772848.7947476,1259.2364532019706,0.004668835812,0.0,0.0,1.0,0.9999999999999999,0.7922528720019706,1
1769772848.7981708,1264.8945921173236,0.004668835812,0.0,0.0,1.0,0.9999999999999999,0.7979110109173235,1
1769772848.8023372,1270.4669496664644,0.004668835812,0.0,0.0,1.0,0.9999999999999999,0.8034833684664644,1
1769772848.8055482,1273.7699969815878,0.004668835812,0.0,0.0,1.0,0.9999999999999999,0.8067864157815878,1
1769772848.809859,1272.7815954586197,0.004146040782,0.0,0.0,1.0,0.9999999999999999,0.8580775172586197,1
1769772848.8125014,1274.947870122133,0.004146040782,0.0,0.0,1.0,0.9999999999999999,0.8602437919221331,1
1769772848.8138688,1274.947870122133,0.004146040782,0.0,0.0,1.0,0.9999999999999999,0.8602437919221331,1
1769772848.815177,1274.947870122133,0.004146040782,0.0,0.0,1.0,0.9999999999999999,0.8602437919221331,1
1769772848.8168244,1274.947870122133,0.004146040782,0.0,0.0,1.0,0.9999999999999999,0.8602437919221331,1
1769772848.818278,1274.947870122133,0.004146040782,0.0,0.0,1.0,0.9999999999999999,0.8602437919221331,1
1769772848.8193457,1274.947870122133,0.004146040782,0.0,0.0,1.0,0.9999999999999999,0.8602437919221331,1
1769772848.8207028,1274.947870122133,0.004146040782,0.0,0.0,1.0,0.9999999999999999,0.8602437919221331,1
1769772848.8220267,1274.947870122133,0.004146040782,0.0,0.0,1.0,0.9999999999999999,0.8602437919221331,1
1769772848.823489,1274.947870122133,0.004146040782,0.0,0.0,1.0,0.9999999999999999,0.8602437919221331,1
1769772848.8259084,1194.9423370848965,0.004896372502,0.0,0.0,1.0,0.9999999999999999,0.7052050868848966,1
1769772848.8290505,1200.496757278874,0.004896372502,0.0,0.0,1.0,0.9999999999999999,0.710759507078874,1
1769772848.8326101,1205.9750582431136,0.004896372502,0.0,0.0,1.0,0.9999999999999999,0.7162378080431137,1
1769772848.8358812,1211.378794065605,0.004896372502,0.0,0.0,1.0,0.9999999999999999,0.7216415438656051,1
1769772848.839411,1216.709476814925,0.004896372502,0.0,0.0,1.0,0.9999999999999999,0.7269722266149249,1
1769772848.8427937,1221.9685779508527,0.004896372502,0.0,0.0,1.0,0.9999999999999999,0.7322313277508526,1
1769772848.8467727,1227.1575296785381,0.004896372502,0.0,0.0,1.0,0.9999999999999999,0.7374202794785382,1
1769772848.8510587,1232.2777262488407,0.004896372502,0.0,0.0,1.0,0.9999999999999999,0.7425404760488407,1
1769772848.8527386,1232.2777262488407,0.004896372502,0.0,0.0,1.0,0.9999999999999999,0.7425404760488407,1
1769772848.854722,1232.2777262488407,0.004896372502,0.0,0.0,1.0,0.9999999999999999,0.7425404760488407,1
1769772848.856309,1232.2777262488407,0.004896372502,0.0,0.0,1.0,0.9999999999999999,0.7425404760488407,1
1769772848.8579443,1232.2777262488407,0.004896372502,0.0,0.0,1.0,0.9999999999999999,0.7425404760488407,1
1769772848.8599553,1232.2777262488407,0.004896372502,0.0,0.0,1.0,0.9999999999999999,0.7425404760488407,1
1769772848.8621047,1232.2777262488407,0.004896372502,0.0,0.0,1.0,0.9999999999999999,0.7425404760488407,1
1769772848.8637722,1232.2777262488407,0.004896372502,0.0,0.0,1.0,0.9999999999999999,0.7425404760488407,1
1769772848.8660555,1232.2777262488407,0.004896372502,0.0,0.0,1.0,0.9999999999999999,0.7425404760488407,1
1769772848.8709457,1173.6736736736736,0.004474805468,0.0,0.0,1.0,0.9999999999999999,0.7260931268736737,1
1769772848.8743303,1178.8112409848297,0.004474805468,0.0,0.0,1.0,0.9999999999999999,0.7312306941848297,1
1769772848.876411,1180.8484247085091,0.004474805468,0.0,0.0,1.0,0.9999999999999999,0.7332678779085091,1
1769772848.877513,1180.8484247085091,0.004474805468,0.0,0.0,1.0,0.9999999999999999,0.7332678779085091,1
1769772848.8788276,1180.8484247085091,0.004474805468,0.0,0.0,1.0,0.9999999999999999,0.7332678779085091,1
1769772848.880198,1180.8484247085091,0.004474805468,0.0,0.0,1.0,0.9999999999999999,0.7332678779085091,1
1769772848.8815577,1180.8484247085091,0.004474805468,0.0,0.0,1.0,0.9999999999999999,0.7332678779085091,1
1769772848.8828664,1180.8484247085091,0.004474805468,0.0,0.0,1.0,0.9999999999999999,0.7332678779085091,1
1769772848.8842807,1180.8484247085091,0.004474805468,0.0,0.0,1.0,0.9999999999999999,0.7332678779085091,1
1769772848.8854988,1180.8484247085091,0.004474805468,0.0,0.0,1.0,0.9999999999999999,0.7332678779085091,1
1769772848.8867288,1180.8484247085091,0.004474805468,0.0,0.0,1.0,0.9999999999999999,0.7332678779085091,1
1769772848.8881075,1180.8484247085091,0.004474805468,0.0,0.0,1.0,0.9999999999999999,0.7332678779085091,1
1769772848.8895578,1180.8484247085091,0.004474805468,0.0,0.0,1.0,0.9999999999999999,0.7332678779085091,1
1769772848.892479,1105.6496848435784,0.004398962823,0.0,0.0,1.0,0.9999999999999999,0.6656534025435784,1
1769772848.895598,1110.7916978094636,0.004398962823,0.0,0.0,1.0,0.9999999999999999,0.6707954155094636,1
1769772848.9006407,1115.8749213971303,0.004398962823,0.0,0.0,1.0,0.9999999999999999,0.6758786390971302,1
1769772848.9053614,1120.9003580969704,0.004398962823,0.0,0.0,1.0,0.9999999999999999,0.6809040757969705,1
1769772848.9095821,1125.8689877352624,0.004398962823,0.0,0.0,1.0,0.9999999999999999,0.6858727054352624,1
1769772848.9106164,1125.8689877352624,0.004398962823,0.0,0.0,1.0,0.9999999999999999,0.6858727054352624,1
1769772848.9117954,1125.8689877352624,0.004398962823,0.0,0.0,1.0,0.9999999999999999,0.6858727054352624,1
1769772848.913159,1125.8689877352624,0.004398962823,0.0,0.0,1.0,0.9999999999999999,0.6858727054352624,1
1769772848.9156137,1125.8689877352624,0.004398962823,0.0,0.0,1.0,0.9999999999999999,0.6858727054352624,1
1769772848.9177573,1125.8689877352624,0.004398962823,0.0,0.0,1.0,0.9999999999999999,0.6858727054352624,1
1769772848.9191134,1125.8689877352624,0.004398962823,0.0,0.0,1.0,0.9999999999999999,0.6858727054352624,1
1769772848.9202294,1125.8689877352624,0.004398962823,0.0,0.0,1.0,0.9999999999999999,0.6858727054352624,1
1769772848.921619,1125.8689877352624,0.004398962823,0.0,0.0,1.0,0.9999999999999999,0.6858727054352624,1
1769772848.9228861,1125.8689877352624,0.004398962823,0.0,0.0,1.0,0.9999999999999999,0.6858727054352624,1
1769772848.9239306,1125.8689877352624,0.004398962823,0.0,0.0,1.0,0.9999999999999999,0.6858727054352624,1
1769772848.925103,1125.8689877352624,0.004398962823,0.0,0.0,1.0,0.9999999999999999,0.6858727054352624,1
1769772848.9260254,1125.8689877352624,0.004398962823,0.0,0.0,1.0,0.9999999999999999,0.6858727054352624,1
1769772848.9269414,1125.8689877352624,0.004398962823,0.0,0.0,1.0,0.9999999999999999,0.6858727054352624,1
1769772848.9284127,1125.8689877352624,0.004398962823,0.0,0.0,1.0,0.9999999999999999,0.6858727054352624,1
1769772848.9299204,1125.8689877352624,0.004398962823,0.0,0.0,1.0,0.9999999999999999,0.6858727054352624,1
1769772848.9318073,1125.8689877352624,0.004398962823,0.0,0.0,1.0,0.9999999999999999,0.6858727054352624,1
1769772848.933331,1125.8689877352624,0.004398962823,0.0,0.0,1.0,0.9999999999999999,0.6858727054352624,1
1769772848.9346862,1125.8689877352624,0.004398962823,0.0,0.0,1.0,0.9999999999999999,0.6858727054352624,1
1769772848.935989,1125.8689877352624,0.004398962823,0.0,0.0,1.0,0.9999999999999999,0.6858727054352624,1
1769772848.9375017,1125.8689877352624,0.004398962823,0.0,0.0,1.0,0.9999999999999999,0.6858727054352624,1
1769772848.9388785,1125.8689877352624,0.004398962823,0.0,0.0,1.0,0.9999999999999999,0.6858727054352624,1
1769772848.9398606,1125.8689877352624,0.004398962823,0.0,0.0,1.0,0.9999999999999999,0.6858727054352624,1
1769772848.9407434,1125.8689877352624,0.004398962823,0.0,0.0,1.0,0.9999999999999999,0.6858727054352624,1
1769772849.027675,0.0,0.0,0.0,0.0,1.0,0.0,0.0,1
1769772849.0341806,2000.0,0.004320792407,0.0,0.0,1.0,0.9999999999999999,1.5678207593,1
1769772849.040416,2000.0,0.004320792407,0.0,0.0,1.0,0.9999999999999999,1.5678207593,1
1769772849.0458987,2000.0000000000002,0.004320792407,0.0,0.0,1.0,0.9999999999999999,1.5678207593000004,1
1769772849.0481133,2000.0,0.004320792407,0.0,0.0,1.0,0.9999999999999999,1.5678207593,1
1769772849.050974,2000.0,0.004320792407,0.0,0.0,1.0,0.9999999999999999,1.5678207593,1
1769772849.0530047,2000.0,0.004320792407,0.0,0.0,1.0,0.9999999999999999,1.5678207593,1
1769772849.0545666,2000.0,0.004320792407,0.0,0.0,1.0,0.9999999999999999,1.5678207593,1
1769772849.0561538,2000.0,0.004320792407,0.0,0.0,1.0,0.9999999999999999,1.5678207593,1
1769772849.0578387,2000.0,0.004320792407,0.0,0.0,1.0,0.9999999999999999,1.5678207593,1
1769772849.0610898,2000.0,0.004320792407,0.0,0.0,1.0,0.9999999999999999,1.5678207593,1
1769772849.0628018,2000.0,0.004320792407,0.0,0.0,1.0,0.9999999999999999,1.5678207593,1
1769772849.0642715,2000.0,0.004320792407,0.0,0.0,1.0,0.9999999999999999,1.5678207593,1
1769772849.0658195,2000.0,0.004320792407,0.0,0.0,1.0,0.9999999999999999,1.5678207593,1
1769772849.0670738,2000.0,0.004320792407,0.0,0.0,1.0,0.9999999999999999,1.5678207593,1
1769772849.0684237,2000.0,0.004320792407,0.0,0.0,1.0,0.9999999999999999,1.5678207593,1
1769772849.0696802,2000.0,0.004320792407,0.0,0.0,1.0,0.9999999999999999,1.5678207593,1
1769772849.0708675,2000.0,0.004320792407,0.0,0.0,1.0,0.9999999999999999,1.5678207593,1
1769772849.0719805,2000.0,0.004320792407,0.0,0.0,1.0,0.9999999999999999,1.5678207593,1
1769772849.0748005,401.4791336502905,0.004779003925,0.0,0.0,1.0,0.9999999999999999,-0.07652125884970946,1
1769772849.0780468,481.685900652283,0.004779003925,0.0,0.0,1.0,0.9999999999999999,0.0036855081522830127,1
1769772849.0840116,554.2283803153368,0.004779003925,0.0,0.0,1.0,0.9999999999999999,0.07622798781533684,1
1769772849.0899746,620.1550387596899,0.004779003925,0.0,0.0,1.0,0.9999999999999999,0.14215464625968993,1
1769772849.094849,680.3314435237679,0.004779003925,0.0,0.0,1.0,0.9999999999999999,0.20233105102376797,1
1769772849.099139,735.4784788967823,0.004779003925,0.0,0.0,1.0,0.9999999999999999,0.25747808639678244,1
1769772849.1029012,786.2013638186924,0.004779003925,0.0,0.0,1.0,0.9999999999999999,0.30820097131869234,1
1769772849.1069858,833.0119552641728,0.004779003925,0.0,0.0,1.0,0.9999999999999999,0.35501156276417284,1
1769772849.108535,833.0119552641728,0.004779003925,0.0,0.0,1.0,0.9999999999999999,0.35501156276417284,1
1769772849.1104226,833.0119552641728,0.004779003925,0.0,0.0,1.0,0.9999999999999999,0.35501156276417284,1
1769772849.1119986,833.0119552641728,0.004779003925,0.0,0.0,1.0,0.9999999999999999,0.35501156276417284,1
1769772849.113606,833.0119552641728,0.004779003925,0.0,0.0,1.0,0.9999999999999999,0.35501156276417284,1
1769772849.1150181,833.0119552641728,0.004779003925,0.0,0.0,1.0,0.9999999999999999,0.35501156276417284,1
1769772849.1163523,833.0119552641728,0.004779003925,0.0,0.0,1.0,0.9999999999999999,0.35501156276417284,1
1769772849.117937,833.0119552641728,0.004779003925,0.0,0.0,1.0,0.9999999999999999,0.35501156276417284,1
1769772849.1193726,833.0119552641728,0.004779003925,0.0,0.0,1.0,0.9999999999999999,0.35501156276417284,1
1769772849.120597,833.0119552641728,0.004779003925,0.0,0.0,1.0,0.9999999999999999,0.35501156276417284,1
1769772849.124205,623.4344558864459,0.004002482749,0.0,0.0,1.0,0.9999999999999999,0.223086180986446,1
1769772849.1308427,660.7094503113999,0.004002482749,0.0,0.0,1.0,0.9999999999999999,0.26036117541139997,1
1769772849.1361983,696.0189823358819,0.004002482749,0.0,0.0,1.0,0.9999999999999999,0.2956707074358819,1
1769772849.1414402,729.5145132288724,0.004002482749,0.0,0.0,1.0,0.9999999999999999,0.32916623832887243,1
1769772849.1473234,761.3323315802655,0.004002482749,0.0,0.0,1.0,0.9999999999999999,0.3609840566802656,1
1769772849.1517384,791.5954067920841,0.004002482749,0.0,0.0,1.0,0.9999999999999999,0.3912471318920841,1
1769772849.1561425,820.4149773431911,0.004002482749,0.0,0.0,1.0,0.9999999999999999,0.42006670244319116,1
1769772849.163054,847.891917074307,0.004002482749,0.0,0.0,1.0,0.9999999999999999,0.44754364217430703,1
1769772849.1659825,847.891917074307,0.004002482749,0.0,0.0,1.0,0.9999999999999999,0.44754364217430703,1
1769772849.1697345,818.1413961760782,0.004510869509,0.0,0.0,1.0,0.9999999999999999,0.3669544452760782,1
1769772849.176287,843.8451500652458,0.004510869509,0.0,0.0,1.0,0.9999999999999999,0.39265819916524575,1
1769772849.1858497,868.4546615581099,0.004510869509,0.0,0.0,1.0,0.9999999999999999,0.4172677106581099,1
1769772849.1922421,892.0383493122134,0.004510869509,0.0,0.0,1.0,0.9999999999999999,0.4408513984122135,1
1769772849.1974194,914.6590445079624,0.004510869509,0.0,0.0,1.0,0.9999999999999999,0.46347209360796243,1
1769772849.203052,932.1012454801125,0.004510869509,0.0,0.0,1.0,0.9999999999999999,0.48091429458011253,1
1769772849.2053373,932.1012454801125,0.004510869509,0.0,0.0,1.0,0.9999999999999999,0.48091429458011253,1
1769772849.2077074,932.1012454801125,0.004510869509,0.0,0.0,1.0,0.9999999999999999,0.48091429458011253,1
1769772849.210227,932.1012454801125,0.004510869509,0.0,0.0,1.0,0.9999999999999999,0.48091429458011253,1
1769772849.2129638,932.1012454801125,0.004510869509,0.0,0.0,1.0,0.9999999999999999,0.48091429458011253,1
1769772849.2158518,932.1012454801125,0.004510869509,0.0,0.0,1.0,0.9999999999999999,0.48091429458011253,1
1769772849.2177305,932.1012454801125,0.004510869509,0.0,0.0,1.0,0.9999999999999999,0.48091429458011253,1
1769772849.219706,932.1012454801125,0.004510869509,0.0,0.0,1.0,0.9999999999999999,0.48091429458011253,1
1769772849.2216077,932.1012454801125,0.004510869509,0.0,0.0,1.0,0.9999999999999999,0.48091429458011253,1
1769772849.224278,932.1012454801125,0.004510869509,0.0,0.0,1.0,0.9999999999999999,0.48091429458011253,1
1769772849.2265751,932.1012454801125,0.004510869509,0.0,0.0,1.0,0.9999999999999999,0.48091429458011253,1
1769772849.2282317,932.1012454801125,0.004510869509,0.0,0.0,1.0,0.9999999999999999,0.48091429458011253,1
1769772849.2297554,932.1012454801125,0.004510869509,0.0,0.0,1.0,0.9999999999999999,0.48091429458011253,1
1769772849.2323565,932.1012454801125,0.004510869509,0.0,0.0,1.0,0.9999999999999999,0.48091429458011253,1
1769772849.2345126,932.1012454801125,0.004510869509,0.0,0.0,1.0,0.9999999999999999,0.48091429458011253,1
1769772849.236545,932.1012454801125,0.004510869509,0.0,0.0,1.0,0.9999999999999999,0.48091429458011253,1
1769772849.2378917,932.1012454801125,0.004510869509,0.0,0.0,1.0,0.9999999999999999,0.48091429458011253,1
1769772849.240074,932.1012454801125,0.004510869509,0.0,0.0,1.0,0.9999999999999999,0.48091429458011253,1
1769772849.242398,932.1012454801125,0.004510869509,0.0,0.0,1.0,0.9999999999999999,0.48091429458011253,1
1769772849.2444875,932.1012454801125,0.004510869509,0.0,0.0,1.0,0.9999999999999999,0.48091429458011253,1
1769772849.246492,932.1012454801125,0.004510869509,0.0,0.0,1.0,0.9999999999999999,0.48091429458011253,1
1769772849.2483625,932.1012454801125,0.004510869509,0.0,0.0,1.0,0.9999999999999999,0.48091429458011253,1
1769772849.2505476,932.1012454801125,0.004510869509,0.0,0.0,1.0,0.9999999999999999,0.48091429458011253,1
1769772849.2530754,932.1012454801125,0.004510869509,0.0,0.0,1.0,0.9999999999999999,0.48091429458011253,1
1769772849.2563174,932.1012454801125,0.004510869509,0.0,0.0,1.0,0.9999999999999999,0.48091429458011253,1
1769772849.2595494,932.1012454801125,0.004510869509,0.0,0.0,1.0,0.9999999999999999,0.48091429458011253,1
1769772849.2621107,932.1012454801125,0.004510869509,0.0,0.0,1.0,0.9999999999999999,0.48091429458011253,1
1769772849.2652876,932.1012454801125,0.004510869509,0.0,0.0,1.0,0.9999999999999999,0.48091429458011253,1
1769772849.2684717,932.1012454801125,0.004510869509,0.0,0.0,1.0,0.9999999999999999,0.48091429458011253,1
1769772849.2724035,932.1012454801125,0.004510869509,0.0,0.0,1.0,0.9999999999999999,0.48091429458011253,1
1769772849.2752852,932.1012454801125,0.004510869509,0.0,0.0,1.0,0.9999999999999999,0.48091429458011253,1
1769772849.2781322,932.1012454801125,0.004510869509,0.0,0.0,1.0,0.9999999999999999,0.48091429458011253,1
1769772849.2803848,932.1012454801125,0.004510869509,0.0,0.0,1.0,0.9999999999999999,0.48091429458011253,1
1769772849.284568,564.1952983725135,0.004208823019,0.0,0.0,1.0,0.9999999999999999,0.14321299647251362,1
1769772849.289597,581.2983918999405,0.004208823019,0.0,0.0,1.0,0.9999999999999999,0.16031608999994051,1
1769772849.296556,597.998822836963,0.004208823019,0.0,0.0,1.0,0.9999999999999999,0.17701652093696307,1
1769772849.3021235,614.3106457242583,0.004208823019,0.0,0.0,1.0,0.9999999999999999,0.19332834382425834,1
1769772849.3077404,630.2472685451409,0.004208823019,0.0,0.0,1.0,0.9999999999999999,0.20926496664514094,1
1769772849.3135002,645.8214894826606,0.004208823019,0.0,0.0,1.0,0.9999999999999999,0.22483918758266064,1
1769772849.320933,661.0455311973019,0.004208823019,0.0,0.0,1.0,0.9999999999999999,0.24006322929730195,1
1769772849.3294423,675.9310728182325,0.004208823019,0.0,0.0,1.0,0.9999999999999999,0.25494877091823254,1
1769772849.3386495,690.4892798240791,0.004208823019,0.0,0.0,1.0,0.9999999999999999,0.26950697792407907,1
1769772849.3442545,704.7308319738988,0.004208823019,0.0,0.0,1.0,0.9999999999999999,0.2837485300738989,1
1769772849.3511376,718.6659494351802,0.004208823019,0.0,0.0,1.0,0.9999999999999999,0.2976836475351803,1
1769772849.3567958,732.3044172432145,0.004208823019,0.0,0.0,1.0,0.9999999999999999,0.3113221153432145,1
1769772849.3623307,745.65560821485,0.004208823019,0.0,0.0,1.0,0.9999999999999999,0.32467330631485003,1
1769772849.3674226,758.7285044293902,0.004208823019,0.0,0.0,1.0,0.9999999999999999,0.33774620252939025,1
1769772849.377477,771.5317173800928,0.004208823019,0.0,0.0,1.0,0.9999999999999999,0.3505494154800929,1
1769772849.3816655,784.0735068912711,0.004208823019,0.0,0.0,1.0,0.9999999999999999,0.3630912049912711,1
1769772849.3870792,796.3617988883275,0.004208823019,0.0,0.0,1.0,0.9999999999999999,0.3753794969883275,1
1769772849.390648,808.4042021010506,0.004208823019,0.0,0.0,1.0,0.9999999999999999,0.3874219002010506,1
1769772849.397525,820.2080237741455,0.004208823019,0.0,0.0,1.0,0.9999999999999999,0.3992257218741456,1
1769772849.4025474,831.7802844531633,0.004208823019,0.0,0.0,1.0,0.9999999999999999,0.41079798255316335,1
1769772849.4085023,843.1277319086936,0.004208823019,0.0,0.0,1.0,0.9999999999999999,0.42214543000869365,1
1769772849.414283,854.2568542568542,0.004208823019,0.0,0.0,1.0,0.9999999999999999,0.4332745523568543,1
1769772849.4196856,865.1738923296808,0.004208823019,0.0,0.0,1.0,0.9999999999999999,0.4441915904296809,1
1769772849.424977,875.884851344974,0.004208823019,0.0,0.0,1.0,0.9999999999999999,0.454902549444974,1
1769772849.4316733,886.3955119214586,0.004208823019,0.0,0.0,1.0,0.9999999999999999,0.46541321002145863,1
1769772849.4363022,896.7114404817045,0.004208823019,0.0,0.0,1.0,0.9999999999999999,0.4757291385817045,1
1769772849.4412081,906.8379990821478,0.004208823019,0.0,0.0,1.0,0.9999999999999999,0.4858556971821478,1
1769772849.4476705,916.7803547066849,0.004208823019,0.0,0.0,1.0,0.9999999999999999,0.4957980528066849,1
1769772849.4519405,926.5434880576836,0.004208823019,0.0,0.0,1.0,0.9999999999999999,0.5055611861576836,1
1769772849.4597638,936.1322018758374,0.004208823019,0.0,0.0,1.0,0.9999999999999999,0.5151498999758375,1
1769772849.4644248,945.5511288180611,0.004208823019,0.0,0.0,1.0,0.9999999999999999,0.5245688269180612,1
1769772849.4716337,954.8047389205792,0.004208823019,0.0,0.0,1.0,0.9999999999999999,0.5338224370205793,1
1769772849.4795218,963.8973466724664,0.004208823019,0.0,0.0,1.0,0.9999999999999999,0.5429150447724664,1
1769772849.485241,972.8331177231565,0.004208823019,0.0,0.0,1.0,0.9999999999999999,0.5518508158231565,1
1769772849.491386,981.6160752458316,0.004208823019,0.0,0.0,1.0,0.9999999999999999,0.5606337733458316,1
1769772849.4976459,990.250105977109,0.004208823019,0.0,0.0,1.0,0.9999999999999999,0.5692678040771091,1
1769772849.5031645,998.7389659520808,0.004208823019,0.0,0.0,1.0,0.9999999999999999,0.5777566640520808,1
1769772849.5084739,1007.0862859524802,0.004208823019,0.0,0.0,1.0,0.9999999999999999,0.5861039840524803,1
1769772849.5157511,1015.2955766845804,0.004208823019,0.0,0.0,1.0,0.9999999999999999,0.5943132747845804,1
1769772849.5208926,1023.370233702337,0.004208823019,0.0,0.0,1.0,0.9999999999999999,0.6023879318023372,1
1769772850.5726461,1031.3135420902806,0.004208823019,0.0,0.0,1.0,0.9999999999999999,0.6103312401902806,1
1769772850.5778477,1039.1286809197256,0.004208823019,0.0,0.0,1.0,0.9999999999999999,0.6181463790197258,1
1769772850.5837064,1046.8187274909965,0.004208823019,0.0,0.0,1.0,0.9999999999999999,0.6258364255909966,1
1769772850.5919328,1054.386661373561,0.004208823019,0.0,0.0,1.0,0.9999999999999999,0.6334043594735611,1
1769772850.59979,1061.8353682552186,0.004208823019,0.0,0.0,1.0,0.9999999999999999,0.6408530663552187,1
1769772850.6058774,1069.1676436107855,0.004208823019,0.0,0.0,1.0,0.9999999999999999,0.6481853417107856,1
1769772850.6114676,1076.3861962000776,0.004208823019,0.0,0.0,1.0,0.9999999999999999,0.6554038943000776,1
1769772850.6162922,1083.4936514043864,0.004208823019,0.0,0.0,1.0,0.9999999999999999,0.6625113495043865,1
1769772850.6209543,1090.4925544100802,0.004208823019,0.0,0.0,1.0,0.9999999999999999,0.6695102525100803,1
1769772850.6267283,1097.3853732474422,0.004208823019,0.0,0.0,1.0,0.9999999999999999,0.6764030713474422,1
1769772850.6332283,1104.1745016923655,0.004208823019,0.0,0.0,1.0,0.9999999999999999,0.6831921997923657,1
1769772850.6379812,1110.862262038074,0.004208823019,0.0,0.0,1.0,0.9999999999999999,0.6898799601380742,1
1769772850.6425889,1117.4509077436087,0.004208823019,0.0,0.0,1.0,0.9999999999999999,0.6964686058436088,1
1769772850.647542,1123.9426259654285,0.004208823019,0.0,0.0,1.0,0.9999999999999999,0.7029603240654286,1
1769772850.6520536,1130.339539978094,0.004208823019,0.0,0.0,1.0,0.9999999999999999,0.709357238078094,1
1769772850.6597543,1136.64371148967,0.004208823019,0.0,0.0,1.0,0.9999999999999999,0.7156614095896702,1
1769772850.662831,1137.8935939196526,0.004208823019,0.0,0.0,1.0,0.9999999999999999,0.7169112920196526,1
1769772850.664942,1137.8935939196526,0.004208823019,0.0,0.0,1.0,0.9999999999999999,0.7169112920196526,1
1769772850.6669781,1137.8935939196526,0.004208823019,0.0,0.0,1.0,0.9999999999999999,0.7169112920196526,1
1769772850.6721346,1115.885875308207,0.004134172511,0.0,0.0,1.0,0.9999999999999999,0.702368624208207,1
1769772850.6781135,1122.0706540748513,0.004134172511,0.0,0.0,1.0,0.9999999999999999,0.7085534029748513,1
1769772850.6848617,1128.1695032997568,0.004134172511,0.0,0.0,1.0,0.9999999999999999,0.7146522521997567,1
1769772850.6900604,1134.1842014487754,0.004134172511,0.0,0.0,1.0,0.9999999999999999,0.7206669503487755,1
1769772850.6961474,1140.1164782459748,0.004134172511,0.0,0.0,1.0,0.9999999999999999,0.7265992271459747,1
1769772850.7077692,1145.9680163320857,0.004134172511,0.0,0.0,1.0,0.9999999999999999,0.7324507652320857,1
1769772850.7148662,1151.7404528556945,0.004134172511,0.0,0.0,1.0,0.9999999999999999,0.7382232017556944,1
1769772850.7197464,1157.4353810003356,0.004134172511,0.0,0.0,1.0,0.9999999999999999,0.7439181299003357,1
1769772850.7248044,1163.0543514504836,0.004134172511,0.0,0.0,1.0,0.9999999999999999,0.7495371003504836,1
1769772850.7307434,1168.5988737992714,0.004134172511,0.0,0.0,1.0,0.9999999999999999,0.7550816226992714,1
1769772850.737859,1172.9818780889623,0.004134172511,0.0,0.0,1.0,0.9999999999999999,0.7594646269889622,1
1769772850.7409997,1172.9818780889623,0.004134172511,0.0,0.0,1.0,0.9999999999999999,0.7594646269889622,1
1769772850.7434316,1172.9818780889623,0.004134172511,0.0,0.0,1.0,0.9999999999999999,0.7594646269889622,1
1769772850.7465084,1172.9818780889623,0.004134172511,0.0,0.0,1.0,0.9999999999999999,0.7594646269889622,1
1769772850.7492867,1172.9818780889623,0.004134172511,0.0,0.0,1.0,0.9999999999999999,0.7594646269889622,1
1769772850.7519736,1172.9818780889623,0.004134172511,0.0,0.0,1.0,0.9999999999999999,0.7594646269889622,1
1769772850.7544317,1172.9818780889623,0.004134172511,0.0,0.0,1.0,0.9999999999999999,0.7594646269889622,1
1769772850.7566712,1172.9818780889623,0.004134172511,0.0,0.0,1.0,0.9999999999999999,0.7594646269889622,1
1769772850.7590287,1172.9818780889623,0.004134172511,0.0,0.0,1.0,0.9999999999999999,0.7594646269889622,1
1769772850.7607505,1172.9818780889623,0.004134172511,0.0,0.0,1.0,0.9999999999999999,0.7594646269889622,1
1769772850.7647285,1104.7948591201186,0.00470318079,0.0,0.0,1.0,0.9999999999999999,0.6343767801201187,1
1769772850.7694592,1110.292311471383,0.00470318079,0.0,0.0,1.0,0.9999999999999999,0.6398742324713832,1
1769772850.775845,1115.72265625,0.00470318079,0.0,0.0,1.0,0.9999999999999999,0.64530457725,1
1769772850.7809925,1121.0871147779667,0.00470318079,0.0,0.0,1.0,0.9999999999999999,0.6506690357779666,1
1769772850.786163,1126.3868789194405,0.00470318079,0.0,0.0,1.0,0.9999999999999999,0.6559687999194405,1
1769772850.791564,1131.623111963558,0.00470318079,0.0,0.0,1.0,0.9999999999999999,0.661205032963558,1
1769772850.7970195,1134.7348303870044,0.00470318079,0.0,0.0,1.0,0.9999999999999999,0.6643167513870044,1
1769772850.7996933,1134.7348303870044,0.00470318079,0.0,0.0,1.0,0.9999999999999999,0.6643167513870044,1
1769772850.8029556,1134.7348303870044,0.00470318079,0.0,0.0,1.0,0.9999999999999999,0.6643167513870044,1
1769772850.8069422,1134.7348303870044,0.00470318079,0.0,0.0,1.0,0.9999999999999999,0.6643167513870044,1
1769772850.813909,1111.757181067566,0.004503023778,0.0,0.0,1.0,0.9999999999999999,0.6613548032675662,1
1769772850.820735,1116.8921262573708,0.004503023778,0.0,0.0,1.0,0.9999999999999999,0.6664897484573709,1
1769772850.8262339,1121.968042303713,0.004503023778,0.0,0.0,1.0,0.9999999999999999,0.6715656645037131,1
1769772850.8324652,1126.9859412504286,0.004503023778,0.0,0.0,1.0,0.9999999999999999,0.6765835634504287,1
1769772850.8373733,1131.9468121377429,0.004503023778,0.0,0.0,1.0,0.9999999999999999,0.681544434337743,1
1769772850.8424416,1136.851621652164,0.004503023778,0.0,0.0,1.0,0.9999999999999999,0.6864492438521643,1
1769772850.847272,1141.701314754467,0.004503023778,0.0,0.0,1.0,0.9999999999999999,0.6912989369544671,1
1769772850.853898,1146.4968152866243,0.004503023778,0.0,0.0,1.0,0.9999999999999999,0.6960944374866245,1
1769772850.858351,1151.2390265585063,0.004503023778,0.0,0.0,1.0,0.9999999999999999,0.7008366487585065,1
1769772850.8623703,1155.9288319151287,0.004503023778,0.0,0.0,1.0,0.9999999999999999,0.7055264541151289,1
1769772850.8676734,1160.567095285196,0.004503023778,0.0,0.0,1.0,0.9999999999999999,0.7101647174851962,1
1769772850.8724682,1165.1546617116626,0.004503023778,0.0,0.0,1.0,0.9999999999999999,0.7147522839116627,1
1769772850.8778741,1169.6923578649853,0.004503023778,0.0,0.0,1.0,0.9999999999999999,0.7192899800649855,1
1769772850.8837054,1174.180992539734,0.004503023778,0.0,0.0,1.0,0.9999999999999999,0.723778614739734,1
1769772850.8893044,1178.621357135176,0.004503023778,0.0,0.0,1.0,0.9999999999999999,0.7282189793351761,1
1769772850.8947823,1183.0142261204408,0.004503023778,0.0,0.0,1.0,0.9999999999999999,0.7326118483204409,1
1769772850.9016118,1187.360357484839,0.004503023778,0.0,0.0,1.0,0.9999999999999999,0.7369579796848391,1
1769772850.90761,1191.660493173881,0.004503023778,0.0,0.0,1.0,0.9999999999999999,0.7412581153738811,1
1769772850.9143665,1195.9153595115274,0.004503023778,0.0,0.0,1.0,0.9999999999999999,0.7455129817115276,1
1769772850.922835,1200.125667609174,0.004503023778,0.0,0.0,1.0,0.9999999999999999,0.7497232898091739,1
1769772850.9302764,1204.2921137618503,0.004503023778,0.0,0.0,1.0,0.9999999999999999,0.7538897359618504,1
1769772850.936698,1208.415379832107,0.004503023778,0.0,0.0,1.0,0.9999999999999999,0.758013002032107,1
1769772850.941629,1212.4961336220229,0.004503023778,0.0,0.0,1.0,0.9999999999999999,0.7620937558220229,1
1769772850.9468079,1216.5350292337675,0.004503023778,0.0,0.0,1.0,0.9999999999999999,0.7661326514337676,1
1769772850.9534297,1220.5327074191246,0.004503023778,0.0,0.0,1.0,0.9999999999999999,0.7701303296191246,1
1769772850.9598048,1224.4897959183672,0.004503023778,0.0,0.0,1.0,0.9999999999999999,0.7740874181183672,1
1769772850.9661198,1228.4069097888678,0.004503023778,0.0,0.0,1.0,0.9999999999999999,0.778004531988868,1
1769772850.97272,1232.2846517237913,0.004503023778,0.0,0.0,1.0,0.9999999999999999,0.7818822739237914,1
1769772850.9783118,1236.1236123612362,0.004503023778,0.0,0.0,1.0,0.9999999999999999,0.7857212345612363,1
1769772851.1155753,0.0,0.0,0.0,0.0,1.0,0.0,0.0,1
1769772851.1274142,2272.727272727273,0.0040701177219999995,0.0,0.0,1.0,0.9999999999999999,1.865615500527273,1
1769772851.1344385,2127.659574468085,0.0040701177219999995,0.0,0.0,1.0,0.9999999999999999,1.7205478022680851,1
1769772851.143959,2083.3333333333335,0.0040701177219999995,0.0,0.0,1.0,0.9999999999999999,1.6762215611333335,1
1769772851.152806,2061.8556701030925,0.0040701177219999995,0.0,0.0,1.0,0.9999999999999999,1.6547438979030926,1
1769772851.1600888,2056.07476635514,0.0040701177219999995,0.0,0.0,1.0,0.9999999999999999,1.64896299415514,1
1769772851.1630082,2056.07476635514,0.0040701177219999995,0.0,0.0,1.0,0.9999999999999999,1.64896299415514,1
1769772851.165174,2056.07476635514,0.0040701177219999995,0.0,0.0,1.0,0.9999999999999999,1.64896299415514,1
1769772851.1683896,2056.07476635514,0.0040701177219999995,0.0,0.0,1.0,0.9999999999999999,1.64896299415514,1
1769772851.1722388,2056.07476635514,0.0040701177219999995,0.0,0.0,1.0,0.9999999999999999,1.64896299415514,1
1769772851.1742923,2056.07476635514,0.0040701177219999995,0.0,0.0,1.0,0.9999999999999999,1.64896299415514,1
1769772851.176138,2056.07476635514,0.0040701177219999995,0.0,0.0,1.0,0.9999999999999999,1.64896299415514,1
1769772851.1783087,2056.07476635514,0.0040701177219999995,0.0,0.0,1.0,0.9999999999999999,1.64896299415514,1
1769772851.1810403,2056.07476635514,0.0040701177219999995,0.0,0.0,1.0,0.9999999999999999,1.64896299415514,1
1769772851.1833396,2056.07476635514,0.0040701177219999995,0.0,0.0,1.0,0.9999999999999999,1.64896299415514,1
1769772851.1867096,2056.07476635514,0.0040701177219999995,0.0,0.0,1.0,0.9999999999999999,1.64896299415514,1
1769772851.189752,2056.07476635514,0.0040701177219999995,0.0,0.0,1.0,0.9999999999999999,1.64896299415514,1
1769772851.1914077,2056.07476635514,0.0040701177219999995,0.0,0.0,1.0,0.9999999999999999,1.64896299415514,1
1769772851.1928618,2056.07476635514,0.0040701177219999995,0.0,0.0,1.0,0.9999999999999999,1.64896299415514,1
1769772851.1951954,2056.07476635514,0.0040701177219999995,0.0,0.0,1.0,0.9999999999999999,1.64896299415514,1
1769772851.198854,2056.07476635514,0.0040701177219999995,0.0,0.0,1.0,0.9999999999999999,1.64896299415514,1
1769772851.2022405,2056.07476635514,0.0040701177219999995,0.0,0.0,1.0,0.9999999999999999,1.64896299415514,1
1769772851.2044547,2056.07476635514,0.0040701177219999995,0.0,0.0,1.0,0.9999999999999999,1.64896299415514,1
1769772851.2066975,2056.07476635514,0.0040701177219999995,0.0,0.0,1.0,0.9999999999999999,1.64896299415514,1
1769772851.20903,2056.07476635514,0.0040701177219999995,0.0,0.0,1.0,0.9999999999999999,1.64896299415514,1
1769772851.2118437,2056.07476635514,0.0040701177219999995,0.0,0.0,1.0,0.9999999999999999,1.64896299415514,1
1769772851.2145953,2056.07476635514,0.0040701177219999995,0.0,0.0,1.0,0.9999999999999999,1.64896299415514,1
1769772851.2180207,2056.07476635514,0.0040701177219999995,0.0,0.0,1.0,0.9999999999999999,1.64896299415514,1
1769772851.2216868,2056.07476635514,0.0040701177219999995,0.0,0.0,1.0,0.9999999999999999,1.64896299415514,1
1769772851.2267182,2056.07476635514,0.0040701177219999995,0.0,0.0,1.0,0.9999999999999999,1.64896299415514,1
1769772851.2305658,2056.07476635514,0.0040701177219999995,0.0,0.0,1.0,0.9999999999999999,1.64896299415514,1
1769772851.235202,2056.07476635514,0.0040701177219999995,0.0,0.0,1.0,0.9999999999999999,1.64896299415514,1
1769772851.2388127,2056.07476635514,0.0040701177219999995,0.0,0.0,1.0,0.9999999999999999,1.64896299415514,1
1769772851.2428517,2056.07476635514,0.0040701177219999995,0.0,0.0,1.0,0.9999999999999999,1.64896299415514,1
1769772851.2463226,2056.07476635514,0.0040701177219999995,0.0,0.0,1.0,0.9999999999999999,1.64896299415514,1
1769772851.2492416,2056.07476635514,0.0040701177219999995,0.0,0.0,1.0,0.9999999999999999,1.64896299415514,1
1769772851.2530031,2056.07476635514,0.0040701177219999995,0.0,0.0,1.0,0.9999999999999999,1.64896299415514,1
1769772851.2559078,2056.07476635514,0.0040701177219999995,0.0,0.0,1.0,0.9999999999999999,1.64896299415514,1
1769772851.2620635,263.7826431020839,0.004837927127,0.0,0.0,1.0,0.9999999999999999,-0.220110069597916,1
1769772851.266763,308.40400925212026,0.004837927127,0.0,0.0,1.0,0.9999999999999999,-0.1754887034478797,1
1769772851.2743988,350.7892758707091,0.004837927127,0.0,0.0,1.0,0.9999999999999999,-0.13310343682929082,1
1769772851.281453,391.1024199462234,0.004837927127,0.0,0.0,1.0,0.9999999999999999,-0.09279029275377655,1
1769772851.2870932,429.49176807444525,0.004837927127,0.0,0.0,1.0,0.9999999999999999,-0.054400944625554684,1
1769772851.2921708,466.0918200885575,0.004837927127,0.0,0.0,1.0,0.9999999999999999,-0.017800892611442475,1
1769772851.299298,501.024823502619,0.004837927127,0.0,0.0,1.0,0.9999999999999999,0.01713211080261905,1
1769772851.3054836,534.4021376085504,0.004837927127,0.0,0.0,1.0,0.9999999999999999,0.050509424908550524,1
1769772851.3136873,566.3254192986277,0.004837927127,0.0,0.0,1.0,0.9999999999999999,0.08243270659862771,1
1769772851.3205934,596.8876572159454,0.004837927127,0.0,0.0,1.0,0.9999999999999999,0.11299494451594543,1
1769772851.3267767,626.1740763932374,0.004837927127,0.0,0.0,1.0,0.9999999999999999,0.14228136369323746,1
1769772851.3335001,654.2629319157636,0.004837927127,0.0,0.0,1.0,0.9999999999999999,0.17037021921576362,1
1769772851.3417242,681.2262071729112,0.004837927127,0.0,0.0,1.0,0.9999999999999999,0.19733349447291132,1
1769772851.3523414,707.1302298173247,0.004837927127,0.0,0.0,1.0,0.9999999999999999,0.2232375171173247,1
1769772851.3597682,732.0362165286073,0.004837927127,0.0,0.0,1.0,0.9999999999999999,0.24814350382860734,1
1769772851.3629522,732.0362165286073,0.004837927127,0.0,0.0,1.0,0.9999999999999999,0.24814350382860734,1
1769772851.3657506,732.0362165286073,0.004837927127,0.0,0.0,1.0,0.9999999999999999,0.24814350382860734,1
1769772851.3687027,732.0362165286073,0.004837927127,0.0,0.0,1.0,0.9999999999999999,0.24814350382860734,1
1769772851.3750901,708.7882584571327,0.004861193779,0.0,0.0,1.0,0.9999999999999999,0.2225688805571327,1
1769772851.3812747,731.4928784948127,0.004861193779,0.0,0.0,1.0,0.9999999999999999,0.24527350059481273,1
1769772851.388811,753.4128218420598,0.004861193779,0.0,0.0,1.0,0.9999999999999999,0.26719344394205985,1
1769772851.396514,774.5880754204179,0.004861193779,0.0,0.0,1.0,0.9999999999999999,0.288368697520418,1
1769772851.4040427,795.0559545682312,0.004861193779,0.0,0.0,1.0,0.9999999999999999,0.3088365766682312,1
1769772851.4100971,807.0117413593517,0.004861193779,0.0,0.0,1.0,0.9999999999999999,0.32079236345935175,1
1769772851.4133573,807.0117413593517,0.004861193779,0.0,0.0,1.0,0.9999999999999999,0.32079236345935175,1
1769772851.4164982,807.0117413593517,0.004861193779,0.0,0.0,1.0,0.9999999999999999,0.32079236345935175,1
1769772851.4190233,807.0117413593517,0.004861193779,0.0,0.0,1.0,0.9999999999999999,0.32079236345935175,1
1769772851.4209096,807.0117413593517,0.004861193779,0.0,0.0,1.0,0.9999999999999999,0.32079236345935175,1
1769772851.422431,807.0117413593517,0.004861193779,0.0,0.0,1.0,0.9999999999999999,0.32079236345935175,1
1769772851.4253957,807.0117413593517,0.004861193779,0.0,0.0,1.0,0.9999999999999999,0.32079236345935175,1
1769772851.428329,807.0117413593517,0.004861193779,0.0,0.0,1.0,0.9999999999999999,0.32079236345935175,1
1769772851.4311373,807.0117413593517,0.004861193779,0.0,0.0,1.0,0.9999999999999999,0.32079236345935175,1
1769772851.4337547,807.0117413593517,0.004861193779,0.0,0.0,1.0,0.9999999999999999,0.32079236345935175,1
1769772851.4360514,807.0117413593517,0.004861193779,0.0,0.0,1.0,0.9999999999999999,0.32079236345935175,1
1769772851.4389765,807.0117413593517,0.004861193779,0.0,0.0,1.0,0.9999999999999999,0.32079236345935175,1
1769772851.4414942,807.0117413593517,0.004861193779,0.0,0.0,1.0,0.9999999999999999,0.32079236345935175,1
1769772851.4474761,681.9104316060073,0.004271842824,0.0,0.0,1.0,0.9999999999999999,0.2546261492060073,1
1769772851.4536622,699.5060739554132,0.004271842824,0.0,0.0,1.0,0.9999999999999999,0.2722217915554132,1
1769772851.4588404,716.6381240943222,0.004271842824,0.0,0.0,1.0,0.9999999999999999,0.28935384169432216,1
1769772851.4642622,733.3246651930829,0.004271842824,0.0,0.0,1.0,0.9999999999999999,0.30604038279308293,1
1769772851.4698296,749.5828520087281,0.004271842824,0.0,0.0,1.0,0.9999999999999999,0.3222985696087281,1
1769772851.4749112,765.4289697123305,0.004271842824,0.0,0.0,1.0,0.9999999999999999,0.33814468731233055,1
1769772851.4773555,768.5501200859563,0.004271842824,0.0,0.0,1.0,0.9999999999999999,0.34126583768595636,1
1769772851.4788618,768.5501200859563,0.004271842824,0.0,0.0,1.0,0.9999999999999999,0.34126583768595636,1
1769772851.4803116,768.5501200859563,0.004271842824,0.0,0.0,1.0,0.9999999999999999,0.34126583768595636,1
1769772851.4821155,768.5501200859563,0.004271842824,0.0,0.0,1.0,0.9999999999999999,0.34126583768595636,1
1769772851.4847653,729.352878083661,0.004098278735,0.0,0.0,1.0,0.9999999999999999,0.3194250045836611,1
1769772851.489761,744.3175126604641,0.004098278735,0.0,0.0,1.0,0.9999999999999999,0.33438963916046416,1
1769772851.495629,758.933767896636,0.004098278735,0.0,0.0,1.0,0.9999999999999999,0.3490058943966361,1
1769772851.504424,773.2136693130826,0.004098278735,0.0,0.0,1.0,0.9999999999999999,0.36328579581308273,1
1769772851.5108647,787.1686952565124,0.004098278735,0.0,0.0,1.0,0.9999999999999999,0.3772408217565124,1
1769772851.5187728,800.8098076706782,0.004098278735,0.0,0.0,1.0,0.9999999999999999,0.3908819341706783,1
1769772851.5259395,814.1474808141475,0.004098278735,0.0,0.0,1.0,0.9999999999999999,0.4042196073141475,1
1769772851.533226,827.1917280827192,0.004098278735,0.0,0.0,1.0,0.9999999999999999,0.4172638545827193,1
1769772851.5407777,839.95212708084,0.004098278735,0.0,0.0,1.0,0.9999999999999999,0.43002425358084007,1
1769772851.5495193,852.4378430739425,0.004098278735,0.0,0.0,1.0,0.9999999999999999,0.4425099695739426,1
1769772851.5578396,864.6576509423917,0.004098278735,0.0,0.0,1.0,0.9999999999999999,0.45472977744239174,1
1769772851.5668247,876.6199557475503,0.004098278735,0.0,0.0,1.0,0.9999999999999999,0.46669208224755043,1
1769772851.577598,888.3328120112607,0.004098278735,0.0,0.0,1.0,0.9999999999999999,0.47840493851126076,1
1769772851.586553,899.8039418016717,0.004098278735,0.0,0.0,1.0,0.9999999999999999,0.48987606830167185,1
1769772851.6015408,911.0407517107548,0.004098278735,0.0,0.0,1.0,0.9999999999999999,0.5011128782107549,1
1769772851.6101387,922.0503488019411,0.004098278735,0.0,0.0,1.0,0.9999999999999999,0.5121224753019412,1
1769772851.6215556,932.8395556000401,0.004098278735,0.0,0.0,1.0,0.9999999999999999,0.5229116821000401,1
1769772851.632532,943.4149241898722,0.004098278735,0.0,0.0,1.0,0.9999999999999999,0.5334870506898722,1
1769772851.6436498,953.7827494848397,0.004098278735,0.0,0.0,1.0,0.9999999999999999,0.5438548759848397,1
1769772851.6516535,963.9490817218929,0.004098278735,0.0,0.0,1.0,0.9999999999999999,0.5540212082218929,1
1769772851.6598165,973.9197382350111,0.004098278735,0.0,0.0,1.0,0.9999999999999999,0.5639918647350112,1
1769772851.6699998,983.7003145553332,0.004098278735,0.0,0.0,1.0,0.9999999999999999,0.5737724410553333,1
1769772851.6823351,993.2961948824475,0.004098278735,0.0,0.0,1.0,0.9999999999999999,0.5833683213824475,1
1769772851.6994228,1002.7125619680106,0.004098278735,0.0,0.0,1.0,0.9999999999999999,0.5927846884680107,1
1769772851.716728,1011.9544064498192,0.004098278735,0.0,0.0,1.0,0.9999999999999999,0.6020265329498192,1
1769772851.7337787,1021.0265356716554,0.004098278735,0.0,0.0,1.0,0.9999999999999999,0.6110986621716555,1
1769772851.7437696,1029.933582021654,0.004098278735,0.0,0.0,1.0,0.9999999999999999,0.620005708521654,1
1769772851.7537997,1033.4511830296437,0.004098278735,0.0,0.0,1.0,0.9999999999999999,0.6235233095296439,1
1769772851.7603152,1033.4511830296437,0.004098278735,0.0,0.0,1.0,0.9999999999999999,0.6235233095296439,1
1769772851.7667444,1033.4511830296437,0.004098278735,0.0,0.0,1.0,0.9999999999999999,0.6235233095296439,1
1769772851.7703645,1033.4511830296437,0.004098278735,0.0,0.0,1.0,0.9999999999999999,0.6235233095296439,1
1769772851.7748938,1033.4511830296437,0.004098278735,0.0,0.0,1.0,0.9999999999999999,0.6235233095296439,1
1769772851.7794297,1033.4511830296437,0.004098278735,0.0,0.0,1.0,0.9999999999999999,0.6235233095296439,1
1769772851.786104,1033.4511830296437,0.004098278735,0.0,0.0,1.0,0.9999999999999999,0.6235233095296439,1
1769772851.7915428,1033.4511830296437,0.004098278735,0.0,0.0,1.0,0.9999999999999999,0.6235233095296439,1
1769772851.8022983,1033.4511830296437,0.004098278735,0.0,0.0,1.0,0.9999999999999999,0.6235233095296439,1
1769772851.810195,1033.4511830296437,0.004098278735,0.0,0.0,1.0,0.9999999999999999,0.6235233095296439,1
1769772851.8153577,1033.4511830296437,0.004098278735,0.0,0.0,1.0,0.9999999999999999,0.6235233095296439,1
1769772851.8213797,1033.4511830296437,0.004098278735,0.0,0.0,1.0,0.9999999999999999,0.6235233095296439,1
1769772851.8251238,1033.4511830296437,0.004098278735,0.0,0.0,1.0,0.9999999999999999,0.6235233095296439,1
1769772851.8333204,930.4579597770778,0.004867040928,0.0,0.0,1.0,0.9999999999999999,0.44365386697707776,1
1769772851.8483062,939.0273215287236,0.004867040928,0.0,0.0,1.0,0.9999999999999999,0.45222322872872367,1
1769772851.8563123,947.4604562435419,0.004867040928,0.0,0.0,1.0,0.9999999999999999,0.4606563634435419,1
1769772851.8685064,955.7605867045187,0.004867040928,0.0,0.0,1.0,0.9999999999999999,0.46895649390451866,1
1769772851.8825598,963.9308348329552,0.004867040928,0.0,0.0,1.0,0.9999999999999999,0.47712674203295513,1
1769772851.8906488,971.9742256036022,0.004867040928,0.0,0.0,1.0,0.9999999999999999,0.4851701328036022,1
1769772851.8998044,979.8936907788307,0.004867040928,0.0,0.0,1.0,0.9999999999999999,0.4930895979788307,1
1769772851.9104254,987.6920724715236,0.004867040928,0.0,0.0,1.0,0.9999999999999999,0.5008879796715235,1
1769772851.9210188,995.3721265457857,0.004867040928,0.0,0.0,1.0,0.9999999999999999,0.5085680337457857,1
1769772851.9301534,1002.9365258640162,0.004867040928,0.0,0.0,1.0,0.9999999999999999,0.5161324330640161,1
1769772851.9360938,1010.3878633883864,0.004867040928,0.0,0.0,1.0,0.9999999999999999,0.5235837705883865,1
1769772851.9387567,1011.8647862099843,0.004867040928,0.0,0.0,1.0,0.9999999999999999,0.5250606934099843,1
1769772851.9419713,1011.8647862099843,0.004867040928,0.0,0.0,1.0,0.9999999999999999,0.5250606934099843,1
1769772851.9481356,1002.5575447570332,0.004506560002,0.0,0.0,1.0,0.9999999999999999,0.5518015445570332,1
1769772851.9545255,1009.7932535364527,0.004506560002,0.0,0.0,1.0,0.9999999999999999,0.5590372533364527,1
1769772851.9618142,1016.9247389268995,0.004506560002,0.0,0.0,1.0,0.9999999999999999,0.5661687387268997,1
1769772851.9692025,1023.9542366821595,0.004506560002,0.0,0.0,1.0,0.9999999999999999,0.5731982364821595,1
1769772851.9810414,1030.8839190628328,0.004506560002,0.0,0.0,1.0,0.9999999999999999,0.5801279188628328,1
1769772851.9908452,1037.7158970743742,0.004506560002,0.0,0.0,1.0,0.9999999999999999,0.5869598968743743,1
1769772851.9992187,1044.4522226111305,0.004506560002,0.0,0.0,1.0,0.9999999999999999,0.5936962224111306,1
1769772852.0070636,1051.094890510949,0.004506560002,0.0,0.0,1.0,0.9999999999999999,0.600338890310949,1
1769772852.014397,1057.6458405246808,0.004506560002,0.0,0.0,1.0,0.9999999999999999,0.606889840324681,1
1769772852.0206873,1064.1069592046624,0.004506560002,0.0,0.0,1.0,0.9999999999999999,0.6133509590046624,1
1769772852.0293648,1070.4800817160367,0.004506560002,0.0,0.0,1.0,0.9999999999999999,0.6197240815160368,1
1769772852.0351253,1076.766993574569,0.004506560002,0.0,0.0,1.0,0.9999999999999999,0.626010993374569,1
1769772852.0420291,1082.9694323144106,0.004506560002,0.0,0.0,1.0,0.9999999999999999,0.6322134321144106,1
1769772852.0527785,1089.0890890890892,0.004506560002,0.0,0.0,1.0,0.9999999999999999,0.6383330888890892,1
1769772852.0558267,1090.3032322559147,0.004506560002,0.0,0.0,1.0,0.9999999999999999,0.6395472320559148,1
1769772852.0582423,1090.3032322559147,0.004506560002,0.0,0.0,1.0,0.9999999999999999,0.6395472320559148,1
1769772852.0638459,1075.9162303664923,0.00441562904,0.0,0.0,1.0,0.9999999999999999,0.6342533263664925,1
1769772852.0720408,1081.924577373212,0.00441562904,0.0,0.0,1.0,0.9999999999999999,0.640261673373212,1
1769772852.0806448,1087.8552971576228,0.00441562904,0.0,0.0,1.0,0.9999999999999999,0.6461923931576228,1
1769772852.0873978,1093.7098844672657,0.00441562904,0.0,0.0,1.0,0.9999999999999999,0.6520469804672657,1
1769772852.0951343,1099.4897959183675,0.00441562904,0.0,0.0,1.0,0.9999999999999999,0.6578268919183676,1
1769772852.1036193,1105.1964512040558,0.00441562904,0.0,0.0,1.0,0.9999999999999999,0.663533547204056,1
1769772852.1120968,1110.831234256927,0.00441562904,0.0,0.0,1.0,0.9999999999999999,0.6691683302569271,1
1769772852.1198285,1116.3954943679598,0.00441562904,0.0,0.0,1.0,0.9999999999999999,0.67473259036796,1
1769772852.1287293,1121.8905472636818,0.00441562904,0.0,0.0,1.0,0.9999999999999999,0.6802276432636818,1
1769772852.1363382,1127.317676143387,0.00441562904,0.0,0.0,1.0,0.9999999999999999,0.685654772143387,1
1769772852.1434567,1132.6781326781327,0.00441562904,0.0,0.0,1.0,0.9999999999999999,0.6910152286781328,1
1769772852.1518729,1137.9731379731381,0.00441562904,0.0,0.0,1.0,0.9999999999999999,0.6963102339731382,1
1769772852.1600215,1143.2038834951456,0.00441562904,0.0,0.0,1.0,0.9999999999999999,0.7015409794951457,1
1769772852.1674254,1148.3715319662244,0.00441562904,0.0,0.0,1.0,0.9999999999999999,0.7067086279662245,1
1769772852.1730325,1153.4772182254196,0.00441562904,0.0,0.0,1.0,0.9999999999999999,0.7118143142254196,1
1769772852.1786194,1158.5220500595947,0.00441562904,0.0,0.0,1.0,0.9999999999999999,0.7168591460595948,1
1769772852.1858182,1163.5071090047395,0.00441562904,0.0,0.0,1.0,0.9999999999999999,0.7218442050047396,1
1769772852.191133,1168.4334511189634,0.00441562904,0.0,0.0,1.0,0.9999999999999999,0.7267705471189634,1
1769772852.2010376,1173.3021077283374,0.00441562904,0.0,0.0,1.0,0.9999999999999999,0.7316392037283375,1
1769772852.2128806,1178.1140861466822,0.00441562904,0.0,0.0,1.0,0.9999999999999999,0.7364511821466824,1
1769772852.2220051,1182.8703703703702,0.00441562904,0.0,0.0,1.0,0.9999999999999999,0.7412074663703703,1
1769772852.2324934,1187.5719217491371,0.00441562904,0.0,0.0,1.0,0.9999999999999999,0.7459090177491372,1
1769772852.2425723,1192.2196796338671,0.00441562904,0.0,0.0,1.0,0.9999999999999999,0.7505567756338671,1
1769772852.2524676,1196.8145620022754,0.00441562904,0.0,0.0,1.0,0.9999999999999999,0.7551516580022755,1
1769772852.2599137,1201.3574660633485,0.00441562904,0.0,0.0,1.0,0.9999999999999999,0.7596945620633486,1
1769772852.2698379,1205.8492688413949,0.00441562904,0.0,0.0,1.0,0.9999999999999999,0.7641863648413949,1
1769772852.2790594,1210.2908277404922,0.00441562904,0.0,0.0,1.0,0.9999999999999999,0.7686279237404923,1
1769772852.2905598,1214.6829810901002,0.00441562904,0.0,0.0,1.0,0.9999999999999999,0.7730200770901001,1
1769772852.29793,1219.0265486725664,0.00441562904,0.0,0.0,1.0,0.9999999999999999,0.7773636446725665,1
1769772852.3056746,1223.3223322332233,0.00441562904,0.0,0.0,1.0,0.9999999999999999,0.7816594282332234,1
1769772852.3130407,1227.5711159737418,0.00441562904,0.0,0.0,1.0,0.9999999999999999,0.7859082119737419,1
1769772852.3210697,1231.7736670293798,0.00441562904,0.0,0.0,1.0,0.9999999999999999,0.7901107630293798,1
1769772852.3274827,1235.9307359307359,0.00441562904,0.0,0.0,1.0,0.9999999999999999,0.7942678319307359,1
1769772852.3337977,1240.043057050592,0.00441562904,0.0,0.0,1.0,0.9999999999999999,0.7983801530505921,1
1769772852.339523,1244.1113490364025,0.00441562904,0.0,0.0,1.0,0.9999999999999999,0.8024484450364027,1
1769772852.3460596,1248.1363152289669,0.00441562904,0.0,0.0,1.0,0.9999999999999999,0.8064734112289669,1
1769772852.352289,1252.1186440677966,0.00441562904,0.0,0.0,1.0,0.9999999999999999,0.8104557400677967,1
1769772852.3578472,1256.059009483667,0.00441562904,0.0,0.0,1.0,0.9999999999999999,0.814396105483667,1
1769772852.3668175,1259.958071278826,0.00441562904,0.0,0.0,1.0,0.9999999999999999,0.8182951672788261,1
1769772852.3731523,1263.8164754953077,0.00441562904,0.0,0.0,1.0,0.9999999999999999,0.8221535714953079,1
1769772852.37885,1267.6348547717841,0.00441562904,0.0,0.0,1.0,0.9999999999999999,0.8259719507717842,1
1769772852.3832653,1271.4138286893706,0.00441562904,0.0,0.0,1.0,0.9999999999999999,0.8297509246893706,1
1769772852.3882148,1275.1540041067763,0.00441562904,0.0,0.0,1.0,0.9999999999999999,0.8334911001067764,1
1769772852.3932037,1278.855975485189,0.00441562904,0.0,0.0,1.0,0.9999999999999999,0.837193071485189,1
1769772852.397185,1282.520325203252,0.00441562904,0.0,0.0,1.0,0.9999999999999999,0.840857421203252,1
1769772852.4012444,1286.1476238624873,0.00441562904,0.0,0.0,1.0,0.9999999999999999,0.8444847198624874,1
1769772852.4059045,1289.738430583501,0.00441562904,0.0,0.0,1.0,0.9999999999999999,0.8480755265835009,1
1769772852.413627,1293.2932932932933,0.00441562904,0.0,0.0,1.0,0.9999999999999999,0.8516303892932935,1
1769772852.5242863,0.0,0.0,0.0,0.0,1.0,0.0,0.0,1
1769772852.534887,2083.3333333333335,0.004020954346,0.0,0.0,1.0,0.9999999999999999,1.6811378987333334,1
1769772852.5430777,2040.816326530612,0.004020954346,0.0,0.0,1.0,0.9999999999999999,1.6386208919306122,1
1769772852.5485368,2027.027027027027,0.004020954346,0.0,0.0,1.0,0.9999999999999999,1.6248315924270271,1
1769772852.5539632,2020.20202020202,0.004020954346,0.0,0.0,1.0,0.9999999999999999,1.6180065856020203,1
1769772852.557886,2016.1290322580646,0.004020954346,0.0,0.0,1.0,0.9999999999999999,1.6139335976580644,1
1769772852.561843,2013.4228187919464,0.004020954346,0.0,0.0,1.0,0.9999999999999999,1.6112273841919464,1
1769772852.565634,2011.4942528735633,0.004020954346,0.0,0.0,1.0,0.9999999999999999,1.6092988182735632,1
1769772852.5690188,2010.0502512562816,0.004020954346,0.0,0.0,1.0,0.9999999999999999,1.6078548166562816,1
1769772852.5739062,2008.9285714285713,0.004020954346,0.0,0.0,1.0,0.9999999999999999,1.606733136828571,1
1769772852.5762303,1841.8418418418419,0.004590866271,0.0,0.0,1.0,0.9999999999999999,1.3826552147418418,1
1769772852.581137,1856.2329390354869,0.004590866271,0.0,0.0,1.0,0.9999999999999999,1.397046311935487,1
1769772852.587248,1868.2235195996664,0.004590866271,0.0,0.0,1.0,0.9999999999999999,1.4090368924996663,1
1769772852.592662,1878.367975365666,0.004590866271,0.0,0.0,1.0,0.9999999999999999,1.419181348265666,1
1769772852.597054,1887.0621872766262,0.004590866271,0.0,0.0,1.0,0.9999999999999999,1.4278755601766262,1
1769772852.6027586,1894.596397598399,0.004590866271,0.0,0.0,1.0,0.9999999999999999,1.435409770498399,1
1769772852.6092064,1901.1882426516572,0.004590866271,0.0,0.0,1.0,0.9999999999999999,1.4420016155516573,1
1769772852.6136103,1907.0041200706296,0.004590866271,0.0,0.0,1.0,0.9999999999999999,1.4478174929706296,1
1769772852.6174777,1912.1734296831573,0.004590866271,0.0,0.0,1.0,0.9999999999999999,1.4529868025831574,1
1769772852.6211271,1916.7983149025804,0.004590866271,0.0,0.0,1.0,0.9999999999999999,1.4576116878025804,1
1769772852.6262343,1920.9604802401202,0.004590866271,0.0,0.0,1.0,0.9999999999999999,1.4617738531401203,1
1769772852.6303642,1924.7260600285852,0.004590866271,0.0,0.0,1.0,0.9999999999999999,1.4655394329285851,1
1769772852.6363623,1928.149158708504,0.004590866271,0.0,0.0,1.0,0.9999999999999999,1.468962531608504,1
1769772852.6417315,1931.2744671596347,0.004590866271,0.0,0.0,1.0,0.9999999999999999,1.4720878400596347,1
1769772852.6471918,1934.1392246769487,0.004590866271,0.0,0.0,1.0,0.9999999999999999,1.4749525975769489,1
1769772852.6520867,1936.264622831787,0.004590866271,0.0,0.0,1.0,0.9999999999999999,1.477077995731787,1
1769772852.6541948,1936.264622831787,0.004590866271,0.0,0.0,1.0,0.9999999999999999,1.477077995731787,1
1769772852.6561153,1936.264622831787,0.004590866271,0.0,0.0,1.0,0.9999999999999999,1.477077995731787,1
1769772852.6577678,1936.264622831787,0.004590866271,0.0,0.0,1.0,0.9999999999999999,1.477077995731787,1
1769772852.6590319,1936.264622831787,0.004590866271,0.0,0.0,1.0,0.9999999999999999,1.477077995731787,1
1769772852.660516,1936.264622831787,0.004590866271,0.0,0.0,1.0,0.9999999999999999,1.477077995731787,1
1769772852.6622305,1936.264622831787,0.004590866271,0.0,0.0,1.0,0.9999999999999999,1.477077995731787,1
1769772852.664873,1936.264622831787,0.004590866271,0.0,0.0,1.0,0.9999999999999999,1.477077995731787,1
1769772852.6667655,1936.264622831787,0.004590866271,0.0,0.0,1.0,0.9999999999999999,1.477077995731787,1
1769772852.6691966,1936.264622831787,0.004590866271,0.0,0.0,1.0,0.9999999999999999,1.477077995731787,1
1769772852.6712825,1936.264622831787,0.004590866271,0.0,0.0,1.0,0.9999999999999999,1.477077995731787,1
1769772852.6730094,1936.264622831787,0.004590866271,0.0,0.0,1.0,0.9999999999999999,1.477077995731787,1
1769772852.6746757,1936.264622831787,0.004590866271,0.0,0.0,1.0,0.9999999999999999,1.477077995731787,1
1769772852.6761827,1936.264622831787,0.004590866271,0.0,0.0,1.0,0.9999999999999999,1.477077995731787,1
1769772852.6782892,1936.264622831787,0.004590866271,0.0,0.0,1.0,0.9999999999999999,1.477077995731787,1
1769772852.6798782,1936.264622831787,0.004590866271,0.0,0.0,1.0,0.9999999999999999,1.477077995731787,1
1769772852.686341,1223.391240518718,0.0046670342379999995,0.0,0.0,1.0,0.9999999999999999,0.756587816718718,1
1769772852.6934292,1241.939336040124,0.0046670342379999995,0.0,0.0,1.0,0.9999999999999999,0.7751359122401241,1
1769772852.700528,1259.6221133659901,0.0046670342379999995,0.0,0.0,1.0,0.9999999999999999,0.7928186895659902,1
1769772852.7057483,1276.4987462958743,0.0046670342379999995,0.0,0.0,1.0,0.9999999999999999,0.8096953224958744,1
1769772852.7117505,1292.6231334967683,0.0046670342379999995,0.0,0.0,1.0,0.9999999999999999,0.8258197096967684,1
1769772852.7157362,1308.0444735120996,0.0046670342379999995,0.0,0.0,1.0,0.9999999999999999,0.8412410497120996,1
1769772852.7196915,1322.8077661617237,0.0046670342379999995,0.0,0.0,1.0,0.9999999999999999,0.8560043423617237,1
1769772852.724684,1336.9542510967203,0.0046670342379999995,0.0,0.0,1.0,0.9999999999999999,0.8701508272967203,1
1769772852.7299566,1350.521792510743,0.0046670342379999995,0.0,0.0,1.0,0.9999999999999999,0.8837183687107429,1
1769772852.7340798,1363.5452175656708,0.0046670342379999995,0.0,0.0,1.0,0.9999999999999999,0.8967417937656709,1
1769772852.7409053,1376.0566149007275,0.0046670342379999995,0.0,0.0,1.0,0.9999999999999999,0.9092531911007277,1
1769772852.7458034,1388.0855986119143,0.0046670342379999995,0.0,0.0,1.0,0.9999999999999999,0.9212821748119143,1
1769772852.7493668,1399.659542273501,0.0046670342379999995,0.0,0.0,1.0,0.9999999999999999,0.9328561184735013,1
1769772852.7538493,1410.8037868943754,0.0046670342379999995,0.0,0.0,1.0,0.9999999999999999,0.9440003630943755,1
1769772852.7577107,1421.5418261344996,0.0046670342379999995,0.0,0.0,1.0,0.9999999999999999,0.9547384023344997,1
1769772852.7617223,1431.8954716305711,0.0046670342379999995,0.0,0.0,1.0,0.9999999999999999,0.9650920478305712,1
1769772852.7653625,1441.885000879198,0.0046670342379999995,0.0,0.0,1.0,0.9999999999999999,0.9750815770791982,1
1769772852.7698727,1451.5292897874547,0.0046670342379999995,0.0,0.0,1.0,0.9999999999999999,0.9847258659874548,1
1769772852.7734473,1460.8459317139461,0.0046670342379999995,0.0,0.0,1.0,0.9999999999999999,0.9940425079139462,1
1769772852.7777088,1474.5621351125938,0.004282375049,0.0,0.0,1.0,0.9999999999999999,1.0462246302125937,1
1769772852.7825718,1483.1829368334702,0.004282375049,0.0,0.0,1.0,0.9999999999999999,1.0548454319334701,1
1769772852.7872121,1491.5254237288134,0.004282375049,0.0,0.0,1.0,0.9999999999999999,1.0631879188288134,1
1769772852.789629,1494.7874899759424,0.004282375049,0.0,0.0,1.0,0.9999999999999999,1.0664499850759426,1
1769772852.791477,1494.7874899759424,0.004282375049,0.0,0.0,1.0,0.9999999999999999,1.0664499850759426,1
1769772852.7929392,1494.7874899759424,0.004282375049,0.0,0.0,1.0,0.9999999999999999,1.0664499850759426,1
1769772852.7945178,1494.7874899759424,0.004282375049,0.0,0.0,1.0,0.9999999999999999,1.0664499850759426,1
1769772852.7960005,1494.7874899759424,0.004282375049,0.0,0.0,1.0,0.9999999999999999,1.0664499850759426,1
1769772852.798164,1494.7874899759424,0.004282375049,0.0,0.0,1.0,0.9999999999999999,1.0664499850759426,1
1769772852.8013513,1494.7874899759424,0.004282375049,0.0,0.0,1.0,0.9999999999999999,1.0664499850759426,1
1769772852.8055308,1346.126306744952,0.004228782363,0.0,0.0,1.0,0.9999999999999999,0.923148070444952,1
1769772852.8107162,1355.3578991952563,0.004228782363,0.0,0.0,1.0,0.9999999999999999,0.9323796628952563,1
1769772852.816152,1364.332451621885,0.004228782363,0.0,0.0,1.0,0.9999999999999999,0.9413542153218848,1
1769772852.8201134,1373.060551970342,0.004228782363,0.0,0.0,1.0,0.9999999999999999,0.950082315670342,1
1769772852.8238995,1381.5522145469322,0.004228782363,0.0,0.0,1.0,0.9999999999999999,0.958573978246932,1
1769772852.8283417,1389.8169183482562,0.004228782363,0.0,0.0,1.0,0.9999999999999999,0.9668386820482562,1
1769772852.8322842,1397.8636423579057,0.004228782363,0.0,0.0,1.0,0.9999999999999999,0.9748854060579057,1
1769772852.834986,1402.5906057830696,0.004228782363,0.0,0.0,1.0,0.9999999999999999,0.9796123694830696,1
1769772852.836538,1402.5906057830696,0.004228782363,0.0,0.0,1.0,0.9999999999999999,0.9796123694830696,1
1769772852.8383973,1402.5906057830696,0.004228782363,0.0,0.0,1.0,0.9999999999999999,0.9796123694830696,1
1769772852.8401306,1402.5906057830696,0.004228782363,0.0,0.0,1.0,0.9999999999999999,0.9796123694830696,1
1769772852.8417237,1402.5906057830696,0.004228782363,0.0,0.0,1.0,0.9999999999999999,0.9796123694830696,1
1769772852.8453524,1317.8767541183647,0.004386556326,0.0,0.0,1.0,0.9999999999999999,0.8791211215183647,1
1769772852.8497796,1326.1000602772756,0.004386556326,0.0,0.0,1.0,0.9999999999999999,0.8873444276772757,1
1769772852.8538182,1334.1274568195356,0.004386556326,0.0,0.0,1.0,0.9999999999999999,0.8953718242195357,1
1769772852.8580928,1341.9658622719248,0.004386556326,0.0,0.0,1.0,0.9999999999999999,0.9032102296719249,1
1769772852.863518,1349.6218731820825,0.004386556326,0.0,0.0,1.0,0.9999999999999999,0.9108662405820827,1
1769772852.8657205,1349.6218731820825,0.004386556326,0.0,0.0,1.0,0.9999999999999999,0.9108662405820827,1
1769772852.8680518,1349.6218731820825,0.004386556326,0.0,0.0,1.0,0.9999999999999999,0.9108662405820827,1
1769772852.8699152,1349.6218731820825,0.004386556326,0.0,0.0,1.0,0.9999999999999999,0.9108662405820827,1
1769772852.8713953,1349.6218731820825,0.004386556326,0.0,0.0,1.0,0.9999999999999999,0.9108662405820827,1
1769772852.8735194,1349.6218731820825,0.004386556326,0.0,0.0,1.0,0.9999999999999999,0.9108662405820827,1
1769772852.8752742,1349.6218731820825,0.004386556326,0.0,0.0,1.0,0.9999999999999999,0.9108662405820827,1
1769772852.876784,1349.6218731820825,0.004386556326,0.0,0.0,1.0,0.9999999999999999,0.9108662405820827,1
1769772852.8786058,1349.6218731820825,0.004386556326,0.0,0.0,1.0,0.9999999999999999,0.9108662405820827,1
1769772852.8803685,1349.6218731820825,0.004386556326,0.0,0.0,1.0,0.9999999999999999,0.9108662405820827,1
1769772852.8823543,1349.6218731820825,0.004386556326,0.0,0.0,1.0,0.9999999999999999,0.9108662405820827,1
1769772852.8872635,1218.3789364997417,0.004570717068,0.0,0.0,1.0,0.9999999999999999,0.7612072296997417,1
1769772852.8923905,1226.3668880940215,0.004570717068,0.0,0.0,1.0,0.9999999999999999,0.7691951812940215,1
1769772852.896449,1234.1932220536166,0.004570717068,0.0,0.0,1.0,0.9999999999999999,0.7770215152536167,1
1769772852.9018447,1241.862794191287,0.004570717068,0.0,0.0,1.0,0.9999999999999999,0.7846910873912872,1
1769772852.9091988,1249.3802677243432,0.004570717068,0.0,0.0,1.0,0.9999999999999999,0.7922085609243433,1
1769772852.9146786,1256.750122729504,0.004570717068,0.0,0.0,1.0,0.9999999999999999,0.7995784159295042,1
1769772852.9203954,1263.9766650461838,0.004570717068,0.0,0.0,1.0,0.9999999999999999,0.8068049582461839,1
1769772852.9240263,1266.8280871670704,0.004570717068,0.0,0.0,1.0,0.9999999999999999,0.8096563803670705,1
1769772852.9259553,1266.8280871670704,0.004570717068,0.0,0.0,1.0,0.9999999999999999,0.8096563803670705,1
1769772852.9282286,1266.8280871670704,0.004570717068,0.0,0.0,1.0,0.9999999999999999,0.8096563803670705,1
1769772852.9299648,1266.8280871670704,0.004570717068,0.0,0.0,1.0,0.9999999999999999,0.8096563803670705,1
1769772852.934194,1226.2665555246826,0.004390311079,0.0,0.0,1.0,0.9999999999999999,0.7871354476246828,1
1769772852.938395,1233.366981738093,0.004390311079,0.0,0.0,1.0,0.9999999999999999,0.794235873838093,1
1769772852.9420116,1240.3382740747477,0.004390311079,0.0,0.0,1.0,0.9999999999999999,0.8012071661747477,1
1769772852.9457998,1247.1839235829505,0.004390311079,0.0,0.0,1.0,0.9999999999999999,0.8080528156829505,1
1769772852.9508817,1253.907296597303,0.004390311079,0.0,0.0,1.0,0.9999999999999999,0.8147761886973031,1
1769772852.9562325,1260.5116402584756,0.004390311079,0.0,0.0,1.0,0.9999999999999999,0.8213805323584757,1
1769772852.960927,1267.0000877423884,0.004390311079,0.0,0.0,1.0,0.9999999999999999,0.8278689798423884,1
1769772852.9657712,1273.3756632164914,0.004390311079,0.0,0.0,1.0,0.9999999999999999,0.8342445553164914,1
1769772852.9710991,1279.6412865396223,0.004390311079,0.0,0.0,1.0,0.9999999999999999,0.8405101786396223,1
1769772852.976776,1285.7997777207831,0.004390311079,0.0,0.0,1.0,0.9999999999999999,0.8466686698207833,1
1769772852.9829588,1291.85386115114,0.004390311079,0.0,0.0,1.0,0.9999999999999999,0.8527227532511401,1
1769772852.9884632,1297.8061696225939,0.004390311079,0.0,0.0,1.0,0.9999999999999999,0.858675061722594,1
1769772852.993902,1303.6592481453697,0.004390311079,0.0,0.0,1.0,0.9999999999999999,0.8645281402453697,1
1769772852.9976294,1309.4155575762586,0.004390311079,0.0,0.0,1.0,0.9999999999999999,0.8702844496762587,1
1769772853.00178,1315.0774780683776,0.004390311079,0.0,0.0,1.0,0.9999999999999999,0.8759463701683776,1
1769772853.004378,1317.3163357031951,0.004390311079,0.0,0.0,1.0,0.9999999999999999,0.8781852278031952,1
1769772853.007032,1307.506053268765,0.0046154072669999996,0.0,0.0,1.0,0.9999999999999999,0.845865326568765,1
1769772853.0112033,1309.7345132743362,0.0046154072669999996,0.0,0.0,1.0,0.9999999999999999,0.8480937865743363,1
1769772853.0134952,1309.7345132743362,0.0046154072669999996,0.0,0.0,1.0,0.9999999999999999,0.8480937865743363,1
1769772853.0159106,1309.7345132743362,0.0046154072669999996,0.0,0.0,1.0,0.9999999999999999,0.8480937865743363,1
1769772853.0182984,1309.7345132743362,0.0046154072669999996,0.0,0.0,1.0,0.9999999999999999,0.8480937865743363,1
1769772853.0205185,1309.7345132743362,0.0046154072669999996,0.0,0.0,1.0,0.9999999999999999,0.8480937865743363,1
1769772853.025869,1268.9612689612688,0.004287819142,0.0,0.0,1.0,0.9999999999999999,0.8400793547612688,1
1769772853.0305028,1274.54726064033,0.004287819142,0.0,0.0,1.0,0.9999999999999999,0.8456653464403301,1
1769772853.0352411,1280.0485326457876,0.004287819142,0.0,0.0,1.0,0.9999999999999999,0.8511666184457878,1
1769772853.0403514,1285.4669978174156,0.004287819142,0.0,0.0,1.0,0.9999999999999999,0.8565850836174156,1
1769772853.0452392,1290.8045118398445,0.004287819142,0.0,0.0,1.0,0.9999999999999999,0.8619225976398446,1
1769772853.0509996,1296.0628753614592,0.004287819142,0.0,0.0,1.0,0.9999999999999999,0.8671809611614592,1
1769772853.0592964,1301.2438360197248,0.004287819142,0.0,0.0,1.0,0.9999999999999999,0.8723619218197247,1
1769772853.0618882,1302.270889983097,0.004287819142,0.0,0.0,1.0,0.9999999999999999,0.873388975783097,1
1769772853.0634823,1302.270889983097,0.004287819142,0.0,0.0,1.0,0.9999999999999999,0.873388975783097,1
1769772853.0655687,1302.270889983097,0.004287819142,0.0,0.0,1.0,0.9999999999999999,0.873388975783097,1
1769772853.0672905,1302.270889983097,0.004287819142,0.0,0.0,1.0,0.9999999999999999,0.873388975783097,1
1769772853.0694113,1302.270889983097,0.004287819142,0.0,0.0,1.0,0.9999999999999999,0.873388975783097,1
1769772853.0707934,1302.270889983097,0.004287819142,0.0,0.0,1.0,0.9999999999999999,0.873388975783097,1
1769772853.072092,1302.270889983097,0.004287819142,0.0,0.0,1.0,0.9999999999999999,0.873388975783097,1
1769772853.0743194,1302.270889983097,0.004287819142,0.0,0.0,1.0,0.9999999999999999,0.873388975783097,1
1769772853.0756977,1302.270889983097,0.004287819142,0.0,0.0,1.0,0.9999999999999999,0.873388975783097,1
1769772853.0776508,1302.270889983097,0.004287819142,0.0,0.0,1.0,0.9999999999999999,0.873388975783097,1
1769772853.0796788,1302.270889983097,0.004287819142,0.0,0.0,1.0,0.9999999999999999,0.873388975783097,1
1769772853.0816166,1302.270889983097,0.004287819142,0.0,0.0,1.0,0.9999999999999999,0.873388975783097,1
1769772853.0842907,1302.270889983097,0.004287819142,0.0,0.0,1.0,0.9999999999999999,0.873388975783097,1
1769772853.086318,1302.270889983097,0.004287819142,0.0,0.0,1.0,0.9999999999999999,0.873388975783097,1
1769772853.0878167,1302.270889983097,0.004287819142,0.0,0.0,1.0,0.9999999999999999,0.873388975783097,1
1769772853.089038,1302.270889983097,0.004287819142,0.0,0.0,1.0,0.9999999999999999,0.873388975783097,1
1769772853.0902429,1302.270889983097,0.004287819142,0.0,0.0,1.0,0.9999999999999999,0.873388975783097,1
1769772853.0948536,1164.695177434031,0.004066126305,0.0,0.0,1.0,0.9999999999999999,0.7579825469340311,1
1769772853.099834,1170.0891127469974,0.004066126305,0.0,0.0,1.0,0.9999999999999999,0.7633764822469975,1
1769772853.1036408,1175.4138329269858,0.004066126305,0.0,0.0,1.0,0.9999999999999999,0.7687012024269859,1
1769772853.10712,1180.6706617365803,0.004066126305,0.0,0.0,1.0,0.9999999999999999,0.7739580312365804,1
1769772853.1104298,1185.860889395667,0.004066126305,0.0,0.0,1.0,0.9999999999999999,0.7791482588956671,1
1769772853.1148345,1190.9857736371648,0.004066126305,0.0,0.0,1.0,0.9999999999999999,0.7842731431371648,1
1769772853.1183727,1196.046540723133,0.004066126305,0.0,0.0,1.0,0.9999999999999999,0.7893339102231329,1
1769772853.1225986,1201.0443864229767,0.004066126305,0.0,0.0,1.0,0.9999999999999999,0.7943317559229768,1
1769772853.1256366,1204.0133779264213,0.004066126305,0.0,0.0,1.0,0.9999999999999999,0.7973007474264213,1
1769772853.1272445,1204.0133779264213,0.004066126305,0.0,0.0,1.0,0.9999999999999999,0.7973007474264213,1
1769772853.1294088,1204.0133779264213,0.004066126305,0.0,0.0,1.0,0.9999999999999999,0.7973007474264213,1
1769772853.131517,1204.0133779264213,0.004066126305,0.0,0.0,1.0,0.9999999999999999,0.7973007474264213,1
1769772853.132894,1204.0133779264213,0.004066126305,0.0,0.0,1.0,0.9999999999999999,0.7973007474264213,1
1769772853.1342223,1204.0133779264213,0.004066126305,0.0,0.0,1.0,0.9999999999999999,0.7973007474264213,1
1769772853.1354988,1204.0133779264213,0.004066126305,0.0,0.0,1.0,0.9999999999999999,0.7973007474264213,1
1769772853.1377108,1157.9759150501277,0.004304555565,0.0,0.0,1.0,0.9999999999999999,0.7274203585501277,1
1769772853.1393685,1157.9759150501277,0.004304555565,0.0,0.0,1.0,0.9999999999999999,0.7274203585501277,1
1769772853.1406696,1157.9759150501277,0.004304555565,0.0,0.0,1.0,0.9999999999999999,0.7274203585501277,1
1769772853.142303,1157.9759150501277,0.004304555565,0.0,0.0,1.0,0.9999999999999999,0.7274203585501277,1
1769772853.14426,1157.9759150501277,0.004304555565,0.0,0.0,1.0,0.9999999999999999,0.7274203585501277,1
1769772853.1470268,1157.9759150501277,0.004304555565,0.0,0.0,1.0,0.9999999999999999,0.7274203585501277,1
1769772853.1487792,1157.9759150501277,0.004304555565,0.0,0.0,1.0,0.9999999999999999,0.7274203585501277,1
1769772853.1501706,1157.9759150501277,0.004304555565,0.0,0.0,1.0,0.9999999999999999,0.7274203585501277,1
1769772853.1515675,1157.9759150501277,0.004304555565,0.0,0.0,1.0,0.9999999999999999,0.7274203585501277,1
1769772853.1527588,1157.9759150501277,0.004304555565,0.0,0.0,1.0,0.9999999999999999,0.7274203585501277,1
1769772853.1544445,1157.9759150501277,0.004304555565,0.0,0.0,1.0,0.9999999999999999,0.7274203585501277,1
1769772853.155592,1157.9759150501277,0.004304555565,0.0,0.0,1.0,0.9999999999999999,0.7274203585501277,1
1769772853.1565397,1157.9759150501277,0.004304555565,0.0,0.0,1.0,0.9999999999999999,0.7274203585501277,1
1769772853.1574273,1157.9759150501277,0.004304555565,0.0,0.0,1.0,0.9999999999999999,0.7274203585501277,1
1769772853.1588292,1157.9759150501277,0.004304555565,0.0,0.0,1.0,0.9999999999999999,0.7274203585501277,1
1769772853.1601417,1157.9759150501277,0.004304555565,0.0,0.0,1.0,0.9999999999999999,0.7274203585501277,1
1769772853.1612513,1157.9759150501277,0.004304555565,0.0,0.0,1.0,0.9999999999999999,0.7274203585501277,1
1769772853.1623576,1157.9759150501277,0.004304555565,0.0,0.0,1.0,0.9999999999999999,0.7274203585501277,1
1769772853.1633873,1157.9759150501277,0.004304555565,0.0,0.0,1.0,0.9999999999999999,0.7274203585501277,1
1769772853.1643705,1157.9759150501277,0.004304555565,0.0,0.0,1.0,0.9999999999999999,0.7274203585501277,1
1769772853.1653802,1157.9759150501277,0.004304555565,0.0,0.0,1.0,0.9999999999999999,0.7274203585501277,1
1769772853.1664112,1157.9759150501277,0.004304555565,0.0,0.0,1.0,0.9999999999999999,0.7274203585501277,1
1769772853.1694462,1027.199832293905,0.004420551959,0.0,0.0,1.0,0.9999999999999999,0.585044636393905,1
1769772853.1743803,1032.2715186903706,0.004420551959,0.0,0.0,1.0,0.9999999999999999,0.5901163227903705,1
1769772853.1801817,1037.2905969607386,0.004420551959,0.0,0.0,1.0,0.9999999999999999,0.5951354010607386,1
1769772853.1839457,1039.283680968894,0.004420551959,0.0,0.0,1.0,0.9999999999999999,0.597128485068894,1
1769772853.1855578,1039.283680968894,0.004420551959,0.0,0.0,1.0,0.9999999999999999,0.597128485068894,1
1769772853.1873999,1039.283680968894,0.004420551959,0.0,0.0,1.0,0.9999999999999999,0.597128485068894,1
1769772853.1888685,1039.283680968894,0.004420551959,0.0,0.0,1.0,0.9999999999999999,0.597128485068894,1
1769772853.1913989,1039.283680968894,0.004420551959,0.0,0.0,1.0,0.9999999999999999,0.597128485068894,1
1769772853.194081,1011.1060857329513,0.00466997577,0.0,0.0,1.0,0.9999999999999999,0.5440085087329513,1
1769772853.1982863,1016.050802540127,0.00466997577,0.0,0.0,1.0,0.9999999999999999,0.5489532255401272,1
1769772853.2929068,0.0,0.0,0.0,0.0,1.0,0.0,0.0,1
1769772853.299365,1927.7108433734938,0.004968992329,0.0,0.0,1.0,0.9999999999999999,1.4307116104734938,1
1769772853.304495,1967.2131147540983,0.004968992329,0.0,0.0,1.0,0.9999999999999999,1.4702138818540982,1
1769772853.3099985,1978.7985865724384,0.004968992329,0.0,0.0,1.0,0.9999999999999999,1.4817993536724383,1
1769772853.3131294,1984.3342036553524,0.004968992329,0.0,0.0,1.0,0.9999999999999999,1.4873349707553525,1
1769772853.317894,1987.5776397515529,0.004968992329,0.0,0.0,1.0,0.9999999999999999,1.4905784068515529,1
1769772853.3216493,1989.7084048027446,0.004968992329,0.0,0.0,1.0,0.9999999999999999,1.4927091719027448,1
1769772853.3268127,1991.215226939971,0.004968992329,0.0,0.0,1.0,0.9999999999999999,1.494215994039971,1
1769772853.3302464,1992.3371647509578,0.004968992329,0.0,0.0,1.0,0.9999999999999999,1.4953379318509576,1
1769772853.334352,1993.2049830124574,0.004968992329,0.0,0.0,1.0,0.9999999999999999,1.4962057501124575,1
1769772853.3389893,1993.8962360122075,0.004968992329,0.0,0.0,1.0,0.9999999999999999,1.4968970031122073,1
1769772853.3434112,1994.459833795014,0.004968992329,0.0,0.0,1.0,0.9999999999999999,1.4974606008950142,1
1769772853.3474517,1994.9281487743026,0.004968992329,0.0,0.0,1.0,0.9999999999999999,1.4979289158743028,1
1769772853.3528745,1995.3234606391272,0.004968992329,0.0,0.0,1.0,0.9999999999999999,1.498324227739127,1
1769772853.3551872,1995.4648526077099,0.004968992329,0.0,0.0,1.0,0.9999999999999999,1.4984656197077098,1
1769772853.3565128,1995.4648526077099,0.004968992329,0.0,0.0,1.0,0.9999999999999999,1.4984656197077098,1
1769772853.3580155,1995.4648526077099,0.004968992329,0.0,0.0,1.0,0.9999999999999999,1.4984656197077098,1
1769772853.3594,1995.4648526077099,0.004968992329,0.0,0.0,1.0,0.9999999999999999,1.4984656197077098,1
1769772853.361492,1495.5357142857142,0.004249378852,0.0,0.0,1.0,0.9999999999999999,1.0704978290857141,1
1769772853.3647988,1522.1987315010572,0.004249378852,0.0,0.0,1.0,0.9999999999999999,1.0971608463010571,1
1769772853.368278,1546.1847389558234,0.004249378852,0.0,0.0,1.0,0.9999999999999999,1.1211468537558236,1
1769772853.3736246,1567.8776290630974,0.004249378852,0.0,0.0,1.0,0.9999999999999999,1.1428397438630975,1
1769772853.379888,1587.5912408759123,0.004249378852,0.0,0.0,1.0,0.9999999999999999,1.1625533556759124,1
1769772853.383822,1605.584642233857,0.004249378852,0.0,0.0,1.0,0.9999999999999999,1.1805467570338573,1
1769772853.3869815,1622.0735785953177,0.004249378852,0.0,0.0,1.0,0.9999999999999999,1.197035693395318,1
1769772853.390355,1637.2391653290529,0.004249378852,0.0,0.0,1.0,0.9999999999999999,1.212201280129053,1
1769772853.393729,1651.2345679012344,0.004249378852,0.0,0.0,1.0,0.9999999999999999,1.2261966827012343,1
1769772853.3970006,1664.1901931649334,0.004249378852,0.0,0.0,1.0,0.9999999999999999,1.2391523079649336,1
1769772853.4018834,1676.21776504298,0.004249378852,0.0,0.0,1.0,0.9999999999999999,1.25117987984298,1
1769772853.4057906,1687.4135546334717,0.004249378852,0.0,0.0,1.0,0.9999999999999999,1.2623756694334716,1
1769772853.4099069,1697.8609625668448,0.004249378852,0.0,0.0,1.0,0.9999999999999999,1.272823077366845,1
1769772853.413047,1674.2375081116159,0.004219816291,0.0,0.0,1.0,0.9999999999999999,1.2521558790116158,1
1769772853.41738,1684.4751728472659,0.004219816291,0.0,0.0,1.0,0.9999999999999999,1.262393543747266,1
1769772853.421839,1694.0889701401584,0.004219816291,0.0,0.0,1.0,0.9999999999999999,1.2720073410401584,1
1769772853.4253736,1703.1342400946185,0.004219816291,0.0,0.0,1.0,0.9999999999999999,1.2810526109946185,1
1769772853.4296906,1711.6599655370478,0.004219816291,0.0,0.0,1.0,0.9999999999999999,1.289578336437048,1
1769772853.4333842,1719.709659408152,0.004219816291,0.0,0.0,1.0,0.9999999999999999,1.297628030308152,1
1769772853.436516,1727.3221075502445,0.004219816291,0.0,0.0,1.0,0.9999999999999999,1.3052404784502445,1
1769772853.4401932,1734.5319936541512,0.004219816291,0.0,0.0,1.0,0.9999999999999999,1.3124503645541512,1
1769772853.4440806,1741.3704276146316,0.004219816291,0.0,0.0,1.0,0.9999999999999999,1.3192887985146315,1
1769772853.447572,1747.8653942742342,0.004219816291,0.0,0.0,1.0,0.9999999999999999,1.3257837651742341,1
1769772853.4489112,1747.8653942742342,0.004219816291,0.0,0.0,1.0,0.9999999999999999,1.3257837651742341,1
1769772853.4525805,1709.238481737885,0.004545823028,0.0,0.0,1.0,0.9999999999999999,1.254556178937885,1
1769772853.4559963,1716.0177197481933,0.004545823028,0.0,0.0,1.0,0.9999999999999999,1.2613354169481934,1
1769772853.4603307,1722.4880382775118,0.004545823028,0.0,0.0,1.0,0.9999999999999999,1.2678057354775119,1
1769772853.464753,1728.6700824237025,0.004545823028,0.0,0.0,1.0,0.9999999999999999,1.2739877796237025,1
1769772853.469176,1734.5826977555025,0.004545823028,0.0,0.0,1.0,0.9999999999999999,1.2799003949555026,1
1769772853.4724486,1738.0081738008173,0.004545823028,0.0,0.0,1.0,0.9999999999999999,1.2833258710008173,1
1769772853.4746897,1738.0081738008173,0.004545823028,0.0,0.0,1.0,0.9999999999999999,1.2833258710008173,1
1769772853.477037,1738.0081738008173,0.004545823028,0.0,0.0,1.0,0.9999999999999999,1.2833258710008173,1
1769772853.478482,1738.0081738008173,0.004545823028,0.0,0.0,1.0,0.9999999999999999,1.2833258710008173,1
1769772853.4798658,1738.0081738008173,0.004545823028,0.0,0.0,1.0,0.9999999999999999,1.2833258710008173,1
1769772853.4812515,1738.0081738008173,0.004545823028,0.0,0.0,1.0,0.9999999999999999,1.2833258710008173,1
1769772853.4824932,1738.0081738008173,0.004545823028,0.0,0.0,1.0,0.9999999999999999,1.2833258710008173,1
1769772853.4836946,1738.0081738008173,0.004545823028,0.0,0.0,1.0,0.9999999999999999,1.2833258710008173,1
1769772853.4846406,1738.0081738008173,0.004545823028,0.0,0.0,1.0,0.9999999999999999,1.2833258710008173,1
1769772853.4859366,1738.0081738008173,0.004545823028,0.0,0.0,1.0,0.9999999999999999,1.2833258710008173,1
1769772853.486934,1738.0081738008173,0.004545823028,0.0,0.0,1.0,0.9999999999999999,1.2833258710008173,1
1769772853.4903202,1414.0369029142958,0.0041828052199999995,0.0,0.0,1.0,0.9999999999999999,0.995656380914296,1
1769772853.4945996,1423.9701644346499,0.0041828052199999995,0.0,0.0,1.0,0.9999999999999999,1.00558964243465,1
1769772853.498314,1433.572262043674,0.0041828052199999995,0.0,0.0,1.0,0.9999999999999999,1.0151917400436743,1
1769772853.5021484,1442.8594851615019,0.0041828052199999995,0.0,0.0,1.0,0.9999999999999999,1.024478963161502,1
1769772853.5054536,1451.8470721084045,0.0041828052199999995,0.0,0.0,1.0,0.9999999999999999,1.0334665501084046,1
1769772853.508384,1460.5492935386571,0.0041828052199999995,0.0,0.0,1.0,0.9999999999999999,1.0421687715386574,1
1769772853.5115564,1468.979528051258,0.0041828052199999995,0.0,0.0,1.0,0.9999999999999999,1.0505990060512582,1
1769772853.514887,1477.1503308201263,0.0041828052199999995,0.0,0.0,1.0,0.9999999999999999,1.0587698088201265,1
1769772853.5179884,1485.07349598424,0.0041828052199999995,0.0,0.0,1.0,0.9999999999999999,1.0666929739842401,1
1769772853.5216208,1492.7601134497686,0.0041828052199999995,0.0,0.0,1.0,0.9999999999999999,1.0743795914497687,1
1769772853.526454,1496.9795196699572,0.00426892467,0.0,0.0,1.0,0.9999999999999999,1.069987052669957,1
1769772853.5301287,1504.2834325540875,0.00426892467,0.0,0.0,1.0,0.9999999999999999,1.0772909655540874,1
1769772853.5334172,1511.378273937312,0.00426892467,0.0,0.0,1.0,0.9999999999999999,1.084385806937312,1
1769772853.538869,1518.272894031325,0.00426892467,0.0,0.0,1.0,0.9999999999999999,1.091280427031325,1
1769772853.543107,1524.9756504800334,0.00426892467,0.0,0.0,1.0,0.9999999999999999,1.0979831834800333,1
1769772853.546778,1531.4944421572663,0.00426892467,0.0,0.0,1.0,0.9999999999999999,1.1045019751572664,1
1769772853.5509768,1537.8367402193044,0.00426892467,0.0,0.0,1.0,0.9999999999999999,1.1108442732193045,1
1769772853.5543115,1544.0096166688927,0.00426892467,0.0,0.0,1.0,0.9999999999999999,1.1170171496688928,1
1769772853.5579963,1550.01977066034,0.00426892467,0.0,0.0,1.0,0.9999999999999999,1.12302730366034,1
1769772853.5618324,1555.8735527513984,0.00426892467,0.0,0.0,1.0,0.9999999999999999,1.1288810857513984,1
1769772853.566755,1561.5769872865033,0.00426892467,0.0,0.0,1.0,0.9999999999999999,1.1345845202865033,1
1769772853.5702672,1567.1357930772158,0.00426892467,0.0,0.0,1.0,0.9999999999999999,1.1401433260772158,1
1769772853.5737045,1572.5554025291099,0.00426892467,0.0,0.0,1.0,0.9999999999999999,1.14556293552911,1
1769772853.577438,1577.8409793495734,0.00426892467,0.0,0.0,1.0,0.9999999999999999,1.1508485123495735,1
1769772853.5810587,1582.9974349578602,0.00426892467,0.0,0.0,1.0,0.9999999999999999,1.1560049679578601,1
1769772853.5843124,1588.029443707011,0.00426892467,0.0,0.0,1.0,0.9999999999999999,1.161036976707011,1
1769772853.5875921,1592.9414570168117,0.00426892467,0.0,0.0,1.0,0.9999999999999999,1.1659489900168116,1
1769772853.5907817,1597.7377165075998,0.00426892467,0.0,0.0,1.0,0.9999999999999999,1.1707452495075998,1
1769772853.593685,1602.4222662163736,0.00426892467,0.0,0.0,1.0,0.9999999999999999,1.1754297992163736,1
1769772853.599177,1606.9989639691494,0.00426892467,0.0,0.0,1.0,0.9999999999999999,1.1800064969691493,1
1769772853.60484,1611.4714919767841,0.00426892467,0.0,0.0,1.0,0.9999999999999999,1.184479024976784,1
1769772853.6097753,1615.843366715427,0.00426892467,0.0,0.0,1.0,0.9999999999999999,1.188850899715427,1
1769772853.6151493,1620.117948147324,0.00426892467,0.0,0.0,1.0,0.9999999999999999,1.193125481147324,1
1769772853.6205595,1624.2984483327832,0.00426892467,0.0,0.0,1.0,0.9999999999999999,1.197305981332783,1
1769772853.624389,1628.3879394796998,0.00426892467,0.0,0.0,1.0,0.9999999999999999,1.2013954724796998,1
1769772853.6283593,1632.389361473027,0.00426892467,0.0,0.0,1.0,0.9999999999999999,1.2053968944730271,1
1769772853.6321545,1636.3055289229785,0.00426892467,0.0,0.0,1.0,0.9999999999999999,1.2093130619229786,1
1769772853.6359017,1640.1391377674713,0.00426892467,0.0,0.0,1.0,0.9999999999999999,1.2131466707674714,1
1769772853.6398792,1643.892771461354,0.00426892467,0.0,0.0,1.0,0.9999999999999999,1.216900304461354,1
1769772853.6477215,1647.5689067822857,0.00426892467,0.0,0.0,1.0,0.9999999999999999,1.2205764397822856,1
1769772853.65185,1651.1699192806786,0.00426892467,0.0,0.0,1.0,0.9999999999999999,1.2241774522806785,1
1769772853.6567879,1654.6980883989077,0.00426892467,0.0,0.0,1.0,0.9999999999999999,1.2277056213989077,1
1769772853.6628988,1658.155602282968,0.00426892467,0.0,0.0,1.0,0.9999999999999999,1.231163135282968,1
1769772853.667384,1661.544562307921,0.00426892467,0.0,0.0,1.0,0.9999999999999999,1.234552095307921,1
1769772853.6719856,1664.866987336802,0.00426892467,0.0,0.0,1.0,0.9999999999999999,1.237874520336802,1
1769772853.6777277,1668.124817731117,0.00426892467,0.0,0.0,1.0,0.9999999999999999,1.241132350731117,1
1769772853.682842,1671.3199191296812,0.00426892467,0.0,0.0,1.0,0.9999999999999999,1.2443274521296812,1
1769772853.6891181,1674.454086011252,0.00426892467,0.0,0.0,1.0,0.9999999999999999,1.247461619011252,1
1769772853.69465,1677.5290450552566,0.00426892467,0.0,0.0,1.0,0.9999999999999999,1.2505365780552566,1
1769772853.6993153,1680.5464583138394,0.00426892467,0.0,0.0,1.0,0.9999999999999999,1.2535539913138394,1
1769772853.7045221,1683.507926207472,0.00426892467,0.0,0.0,1.0,0.9999999999999999,1.256515459207472,1
1769772853.7102547,1686.4149903554699,0.00426892467,0.0,0.0,1.0,0.9999999999999999,1.25942252335547,1
1769772853.7147577,1689.269136251934,0.00426892467,0.0,0.0,1.0,0.9999999999999999,1.262276669251934,1
1769772853.7197504,1692.0717957968793,0.00426892467,0.0,0.0,1.0,0.9999999999999999,1.2650793287968793,1
1769772853.7240195,1694.8243496916064,0.00426892467,0.0,0.0,1.0,0.9999999999999999,1.2678318826916064,1
1769772853.7282405,1697.5281297067424,0.00426892467,0.0,0.0,1.0,0.9999999999999999,1.2705356627067423,1
1769772853.7341862,1700.1844208307718,0.00426892467,0.0,0.0,1.0,0.9999999999999999,1.2731919538307719,1
1769772853.7395027,1702.7944633063462,0.00426892467,0.0,0.0,1.0,0.9999999999999999,1.2758019963063463,1
1769772853.7436354,1705.359454561146,0.00426892467,0.0,0.0,1.0,0.9999999999999999,1.278366987561146,1
1769772853.7489116,1707.8805510396166,0.00426892467,0.0,0.0,1.0,0.9999999999999999,1.2808880840396166,1
1769772853.7549772,1710.358869941461,0.00426892467,0.0,0.0,1.0,0.9999999999999999,1.283366402941461,1
1769772853.761275,1712.7954908723816,0.00426892467,0.0,0.0,1.0,0.9999999999999999,1.2858030238723817,1
1769772853.766565,1715.1914574121965,0.00426892467,0.0,0.0,1.0,0.9999999999999999,1.2881989904121964,1
1769772853.7720253,1717.547778605113,0.00426892467,0.0,0.0,1.0,0.9999999999999999,1.2905553116051132,1
1769772853.7774858,1719.865430376631,0.00426892467,0.0,0.0,1.0,0.9999999999999999,1.292872963376631,1
1769772853.7837274,1722.1453568812567,0.00426892467,0.0,0.0,1.0,0.9999999999999999,1.2951528898812568,1
1769772853.7877653,1724.3884717849357,0.00426892467,0.0,0.0,1.0,0.9999999999999999,1.2973960047849358,1
1769772853.791856,1726.5956594858653,0.00426892467,0.0,0.0,1.0,0.9999999999999999,1.2996031924858653,1
1769772853.7956579,1728.7677762771114,0.00426892467,0.0,0.0,1.0,0.9999999999999999,1.3017753092771114,1
1769772853.7998035,1730.9056514542447,0.00426892467,0.0,0.0,1.0,0.9999999999999999,1.3039131844542446,1
1769772853.8027809,1731.751394672743,0.00426892467,0.0,0.0,1.0,0.9999999999999999,1.304758927672743,1
1769772853.804787,1731.751394672743,0.00426892467,0.0,0.0,1.0,0.9999999999999999,1.304758927672743,1
1769772853.809143,1704.1602465331277,0.0041894091969999995,0.0,0.0,1.0,0.9999999999999999,1.2851193268331278,1
1769772853.8146248,1706.4220183486239,0.0041894091969999995,0.0,0.0,1.0,0.9999999999999999,1.2873810986486238,1
1769772853.818815,1708.649468892261,0.0041894091969999995,0.0,0.0,1.0,0.9999999999999999,1.289608549192261,1
1769772853.8241622,1710.843373493976,0.0041894091969999995,0.0,0.0,1.0,0.9999999999999999,1.291802453793976,1
1769772853.8277783,1712.143928035982,0.0041894091969999995,0.0,0.0,1.0,0.9999999999999999,1.293103008335982,1
1769772853.8293996,1712.143928035982,0.0041894091969999995,0.0,0.0,1.0,0.9999999999999999,1.293103008335982,1
1769772853.8306162,1712.143928035982,0.0041894091969999995,0.0,0.0,1.0,0.9999999999999999,1.293103008335982,1
1769772853.8321376,1712.143928035982,0.0041894091969999995,0.0,0.0,1.0,0.9999999999999999,1.293103008335982,1
1769772853.8343937,1712.143928035982,0.0041894091969999995,0.0,0.0,1.0,0.9999999999999999,1.293103008335982,1
1769772853.8374312,1712.143928035982,0.0041894091969999995,0.0,0.0,1.0,0.9999999999999999,1.293103008335982,1
1769772853.8390336,1712.143928035982,0.0041894091969999995,0.0,0.0,1.0,0.9999999999999999,1.293103008335982,1
1769772853.8404026,1712.143928035982,0.0041894091969999995,0.0,0.0,1.0,0.9999999999999999,1.293103008335982,1
1769772853.8419018,1712.143928035982,0.0041894091969999995,0.0,0.0,1.0,0.9999999999999999,1.293103008335982,1
1769772853.8431914,1712.143928035982,0.0041894091969999995,0.0,0.0,1.0,0.9999999999999999,1.293103008335982,1
1769772853.8444343,1712.143928035982,0.0041894091969999995,0.0,0.0,1.0,0.9999999999999999,1.293103008335982,1
1769772853.8456352,1712.143928035982,0.0041894091969999995,0.0,0.0,1.0,0.9999999999999999,1.293103008335982,1
1769772853.8471735,1712.143928035982,0.0041894091969999995,0.0,0.0,1.0,0.9999999999999999,1.293103008335982,1
1769772853.8485384,1712.143928035982,0.0041894091969999995,0.0,0.0,1.0,0.9999999999999999,1.293103008335982,1
1769772853.8505647,1712.143928035982,0.0041894091969999995,0.0,0.0,1.0,0.9999999999999999,1.293103008335982,1
1769772853.8517025,1712.143928035982,0.0041894091969999995,0.0,0.0,1.0,0.9999999999999999,1.293103008335982,1
1769772853.852863,1712.143928035982,0.0041894091969999995,0.0,0.0,1.0,0.9999999999999999,1.293103008335982,1
1769772853.8540652,1712.143928035982,0.0041894091969999995,0.0,0.0,1.0,0.9999999999999999,1.293103008335982,1
1769772853.859313,1515.1515151515152,0.004051810144,0.0,0.0,1.0,0.9999999999999999,1.1098705007515155,1
1769772853.8649144,1518.324607329843,0.004051810144,0.0,0.0,1.0,0.9999999999999999,1.113043592929843,1
1769772853.8686419,1521.4564369310795,0.004051810144,0.0,0.0,1.0,0.9999999999999999,1.1161754225310794,1
1769772853.8720767,1524.547803617571,0.004051810144,0.0,0.0,1.0,0.9999999999999999,1.1192667892175712,1
1769772853.8761644,1527.599486521181,0.004051810144,0.0,0.0,1.0,0.9999999999999999,1.122318472121181,1
1769772853.88144,1530.6122448979593,0.004051810144,0.0,0.0,1.0,0.9999999999999999,1.1253312304979592,1
1769772853.8853915,1533.5868187579215,0.004051810144,0.0,0.0,1.0,0.9999999999999999,1.1283058043579215,1
1769772853.8893685,1536.523929471033,0.004051810144,0.0,0.0,1.0,0.9999999999999999,1.1312429150710328,1
1769772853.8924701,1539.424280350438,0.004051810144,0.0,0.0,1.0,0.9999999999999999,1.1341432659504382,1
1769772853.8964403,1542.2885572139305,0.004051810144,0.0,0.0,1.0,0.9999999999999999,1.1370075428139306,1
1769772853.9000788,1545.1174289245982,0.004051810144,0.0,0.0,1.0,0.9999999999999999,1.1398364145245983,1
1769772853.903863,1547.9115479115478,0.004051810144,0.0,0.0,1.0,0.9999999999999999,1.142630533511548,1
1769772853.9071734,1550.6715506715507,0.004051810144,0.0,0.0,1.0,0.9999999999999999,1.1453905362715509,1
1769772853.9107845,1553.398058252427,0.004051810144,0.0,0.0,1.0,0.9999999999999999,1.1481170438524273,1
1769772853.9136524,1555.5555555555557,0.004051810144,0.0,0.0,1.0,0.9999999999999999,1.1502745411555557,1
1769772853.9152966,1555.5555555555557,0.004051810144,0.0,0.0,1.0,0.9999999999999999,1.1502745411555557,1
1769772853.9167109,1555.5555555555557,0.004051810144,0.0,0.0,1.0,0.9999999999999999,1.1502745411555557,1
1769772853.9183602,1555.5555555555557,0.004051810144,0.0,0.0,1.0,0.9999999999999999,1.1502745411555557,1
1769772853.9195166,1555.5555555555557,0.004051810144,0.0,0.0,1.0,0.9999999999999999,1.1502745411555557,1
1769772853.9208956,1555.5555555555557,0.004051810144,0.0,0.0,1.0,0.9999999999999999,1.1502745411555557,1
1769772853.922237,1555.5555555555557,0.004051810144,0.0,0.0,1.0,0.9999999999999999,1.1502745411555557,1
1769772853.923498,1555.5555555555557,0.004051810144,0.0,0.0,1.0,0.9999999999999999,1.1502745411555557,1
1769772853.9253063,1555.5555555555557,0.004051810144,0.0,0.0,1.0,0.9999999999999999,1.1502745411555557,1
1769772853.92782,1555.5555555555557,0.004051810144,0.0,0.0,1.0,0.9999999999999999,1.1502745411555557,1
1769772853.9311602,1468.5990338164252,0.004577254573,0.0,0.0,1.0,0.9999999999999999,1.0107735765164252,1
1769772853.935682,1471.6021474992936,0.004577254573,0.0,0.0,1.0,0.9999999999999999,1.0137766901992935,1
1769772853.9392498,1474.571508850801,0.004577254573,0.0,0.0,1.0,0.9999999999999999,1.0167460515508009,1
1769772853.9432075,1477.5076837105337,0.004577254573,0.0,0.0,1.0,0.9999999999999999,1.0196822264105336,1
1769772853.9476213,1480.4112253403723,0.004577254573,0.0,0.0,1.0,0.9999999999999999,1.0225857680403723,1
1769772853.9516447,1483.2826747720367,0.004577254573,0.0,0.0,1.0,0.9999999999999999,1.0254572174720367,1
1769772853.9570925,1486.1225611431712,0.004577254573,0.0,0.0,1.0,0.9999999999999999,1.0282971038431712,1
1769772853.9617944,1488.9314020224106,0.004577254573,0.0,0.0,1.0,0.9999999999999999,1.0311059447224107,1
1769772853.9657197,1491.709703723838,0.004577254573,0.0,0.0,1.0,0.9999999999999999,1.033884246423838,1
1769772853.96971,1494.4579616112462,0.004577254573,0.0,0.0,1.0,0.9999999999999999,1.0366325043112463,1
1769772853.9758158,1497.1766603925787,0.004577254573,0.0,0.0,1.0,0.9999999999999999,1.0393512030925787,1
1769772853.9822142,1499.8662744049211,0.004577254573,0.0,0.0,1.0,0.9999999999999999,1.0420408171049211,1
1769772853.991201,1502.5272678903966,0.004577254573,0.0,0.0,1.0,0.9999999999999999,1.0447018105903967,1
1769772853.994663,1505.1600952632973,0.004577254573,0.0,0.0,1.0,0.9999999999999999,1.0473346379632973,1
1769772853.998762,1507.2463768115945,0.004577254573,0.0,0.0,1.0,0.9999999999999999,1.0494209195115944,1
1769772854.0006866,1507.2463768115945,0.004577254573,0.0,0.0,1.0,0.9999999999999999,1.0494209195115944,1
1769772854.0024164,1507.2463768115945,0.004577254573,0.0,0.0,1.0,0.9999999999999999,1.0494209195115944,1
1769772854.0040538,1507.2463768115945,0.004577254573,0.0,0.0,1.0,0.9999999999999999,1.0494209195115944,1
1769772854.0057185,1507.2463768115945,0.004577254573,0.0,0.0,1.0,0.9999999999999999,1.0494209195115944,1
1769772854.0074375,1507.2463768115945,0.004577254573,0.0,0.0,1.0,0.9999999999999999,1.0494209195115944,1
1769772854.0090714,1507.2463768115945,0.004577254573,0.0,0.0,1.0,0.9999999999999999,1.0494209195115944,1
1769772854.010855,1507.2463768115945,0.004577254573,0.0,0.0,1.0,0.9999999999999999,1.0494209195115944,1
1769772854.012276,1507.2463768115945,0.004577254573,0.0,0.0,1.0,0.9999999999999999,1.0494209195115944,1
1769772854.0132496,1507.2463768115945,0.004577254573,0.0,0.0,1.0,0.9999999999999999,1.0494209195115944,1
1769772854.0142298,1507.2463768115945,0.004577254573,0.0,0.0,1.0,0.9999999999999999,1.0494209195115944,1
1769772854.1054776,0.0,0.0,0.0,0.0,1.0,0.0,0.0,1
1769772854.112804,2127.659574468085,0.004086813192,0.0,0.0,1.0,0.9999999999999999,1.718878255268085,1
1769772854.118967,2061.8556701030925,0.004086813192,0.0,0.0,1.0,0.9999999999999999,1.6530743509030925,1
1769772854.127057,2040.8163265306123,0.004086813192,0.0,0.0,1.0,0.9999999999999999,1.6320350073306122,1
1769772854.1309493,2030.4568527918782,0.004086813192,0.0,0.0,1.0,0.9999999999999999,1.621675533591878,1
1769772854.1358733,2024.2914979757086,0.004086813192,0.0,0.0,1.0,0.9999999999999999,1.6155101787757085,1
1769772854.1387525,2023.3463035019454,0.004086813192,0.0,0.0,1.0,0.9999999999999999,1.6145649843019454,1
1769772854.141048,2023.3463035019454,0.004086813192,0.0,0.0,1.0,0.9999999999999999,1.6145649843019454,1
1769772854.1424222,2023.3463035019454,0.004086813192,0.0,0.0,1.0,0.9999999999999999,1.6145649843019454,1
1769772854.1437511,2023.3463035019454,0.004086813192,0.0,0.0,1.0,0.9999999999999999,1.6145649843019454,1
1769772854.1452305,2023.3463035019454,0.004086813192,0.0,0.0,1.0,0.9999999999999999,1.6145649843019454,1
1769772854.1469376,2023.3463035019454,0.004086813192,0.0,0.0,1.0,0.9999999999999999,1.6145649843019454,1
1769772854.148189,2023.3463035019454,0.004086813192,0.0,0.0,1.0,0.9999999999999999,1.6145649843019454,1
1769772854.1494699,2023.3463035019454,0.004086813192,0.0,0.0,1.0,0.9999999999999999,1.6145649843019454,1
1769772854.150707,2023.3463035019454,0.004086813192,0.0,0.0,1.0,0.9999999999999999,1.6145649843019454,1
1769772854.1537287,728.744939271255,0.004631602003,0.0,0.0,1.0,0.9999999999999999,0.2654847389712551,1
1769772854.1571715,809.102402022756,0.004631602003,0.0,0.0,1.0,0.9999999999999999,0.345842201722756,1
1769772854.1602504,879.9048751486326,0.004631602003,0.0,0.0,1.0,0.9999999999999999,0.4166446748486327,1
1769772854.163543,942.7609427609427,0.004631602003,0.0,0.0,1.0,0.9999999999999999,0.4795007424609428,1
1769772854.1667,998.9373007438895,0.004631602003,0.0,0.0,1.0,0.9999999999999999,0.5356771004438896,1
1769772854.1719453,1049.4450050454086,0.004631602003,0.0,0.0,1.0,0.9999999999999999,0.5861848047454088,1
1769772854.1759036,1095.1008645533143,0.004631602003,0.0,0.0,1.0,0.9999999999999999,0.6318406642533143,1
1769772854.180414,1136.5719523373052,0.004631602003,0.0,0.0,1.0,0.9999999999999999,0.6733117520373053,1
1769772854.187928,1174.4084136722174,0.004631602003,0.0,0.0,1.0,0.9999999999999999,0.7111482133722176,1
1769772854.1916041,1209.0680100755667,0.004631602003,0.0,0.0,1.0,0.9999999999999999,0.7458078097755667,1
1769772854.1953766,1240.9347300564064,0.004631602003,0.0,0.0,1.0,0.9999999999999999,0.7776745297564065,1
1769772854.1995144,1270.3330751355538,0.004631602003,0.0,0.0,1.0,0.9999999999999999,0.807072874835554,1
1769772854.2032773,1297.5391498881431,0.004631602003,0.0,0.0,1.0,0.9999999999999999,0.8342789495881433,1
1769772854.2066596,1322.7893601725377,0.004631602003,0.0,0.0,1.0,0.9999999999999999,0.8595291598725379,1
1769772854.2098572,1346.2873004857738,0.004631602003,0.0,0.0,1.0,0.9999999999999999,0.8830271001857739,1
1769772854.213849,1368.2092555331992,0.004631602003,0.0,0.0,1.0,0.9999999999999999,0.9049490552331994,1
1769772854.2181513,1388.7086307592474,0.004631602003,0.0,0.0,1.0,0.9999999999999999,0.9254484304592474,1
1769772854.2224987,1407.9195474544313,0.004631602003,0.0,0.0,1.0,0.9999999999999999,0.9446593471544313,1
1769772854.2260852,1425.9597806215722,0.004631602003,0.0,0.0,1.0,0.9999999999999999,0.9626995803215723,1
1769772854.2299936,1442.9331756357185,0.004631602003,0.0,0.0,1.0,0.9999999999999999,0.9796729753357185,1
1769772854.233195,1458.9316484778865,0.004631602003,0.0,0.0,1.0,0.9999999999999999,0.9956714481778866,1
1769772854.236826,1474.036850921273,0.004631602003,0.0,0.0,1.0,0.9999999999999999,1.0107766506212732,1
1769772854.2399466,1488.3215643671917,0.004631602003,0.0,0.0,1.0,0.9999999999999999,1.025061364067192,1
1769772854.2439675,1501.8508725542042,0.004631602003,0.0,0.0,1.0,0.9999999999999999,1.0385906722542044,1
1769772854.247918,1514.6831530139102,0.004631602003,0.0,0.0,1.0,0.9999999999999999,1.0514229527139103,1
1769772854.252124,1526.8709191361127,0.004631602003,0.0,0.0,1.0,0.9999999999999999,1.0636107188361128,1
1769772854.2558303,1538.4615384615386,0.004631602003,0.0,0.0,1.0,0.9999999999999999,1.0752013381615386,1
1769772854.2601132,1549.497847919656,0.004631602003,0.0,0.0,1.0,0.9999999999999999,1.086237647619656,1
1769772854.264214,1560.0186828584774,0.004631602003,0.0,0.0,1.0,0.9999999999999999,1.0967584825584775,1
1769772854.2684968,1570.0593336376085,0.004631602003,0.0,0.0,1.0,0.9999999999999999,1.1067991333376086,1
1769772854.2745388,1579.6519410977241,0.004631602003,0.0,0.0,1.0,0.9999999999999999,1.1163917407977242,1
1769772854.278865,1588.8258402444349,0.004631602003,0.0,0.0,1.0,0.9999999999999999,1.125565639944435,1
1769772854.282857,1597.6078598889364,0.004631602003,0.0,0.0,1.0,0.9999999999999999,1.1343476595889366,1
1769772854.2859077,1604.3679126417474,0.004631602003,0.0,0.0,1.0,0.9999999999999999,1.1411077123417475,1
1769772854.2879899,1604.3679126417474,0.004631602003,0.0,0.0,1.0,0.9999999999999999,1.1411077123417475,1
1769772854.2935212,1552.9317590554333,0.0040680821729999995,0.0,0.0,1.0,0.9999999999999999,1.1460235417554332,1
1769772854.2974846,1561.7029625269768,0.0040680821729999995,0.0,0.0,1.0,0.9999999999999999,1.1547947452269767,1
1769772854.301711,1570.1366172791995,0.0040680821729999995,0.0,0.0,1.0,0.9999999999999999,1.1632283999791995,1
1769772854.3037336,1570.1366172791995,0.0040680821729999995,0.0,0.0,1.0,0.9999999999999999,1.1632283999791995,1
1769772854.3054318,1570.1366172791995,0.0040680821729999995,0.0,0.0,1.0,0.9999999999999999,1.1632283999791995,1
1769772854.3070626,1570.1366172791995,0.0040680821729999995,0.0,0.0,1.0,0.9999999999999999,1.1632283999791995,1
1769772854.3087957,1570.1366172791995,0.0040680821729999995,0.0,0.0,1.0,0.9999999999999999,1.1632283999791995,1
1769772854.3106775,1570.1366172791995,0.0040680821729999995,0.0,0.0,1.0,0.9999999999999999,1.1632283999791995,1
1769772854.3123934,1570.1366172791995,0.0040680821729999995,0.0,0.0,1.0,0.9999999999999999,1.1632283999791995,1
1769772854.3139532,1570.1366172791995,0.0040680821729999995,0.0,0.0,1.0,0.9999999999999999,1.1632283999791995,1
1769772854.315508,1570.1366172791995,0.0040680821729999995,0.0,0.0,1.0,0.9999999999999999,1.1632283999791995,1
1769772854.3184586,1570.1366172791995,0.0040680821729999995,0.0,0.0,1.0,0.9999999999999999,1.1632283999791995,1
1769772854.3197308,1570.1366172791995,0.0040680821729999995,0.0,0.0,1.0,0.9999999999999999,1.1632283999791995,1
1769772854.3210015,1570.1366172791995,0.0040680821729999995,0.0,0.0,1.0,0.9999999999999999,1.1632283999791995,1
1769772854.3224423,1570.1366172791995,0.0040680821729999995,0.0,0.0,1.0,0.9999999999999999,1.1632283999791995,1
1769772854.3236961,1570.1366172791995,0.0040680821729999995,0.0,0.0,1.0,0.9999999999999999,1.1632283999791995,1
1769772854.3250773,1570.1366172791995,0.0040680821729999995,0.0,0.0,1.0,0.9999999999999999,1.1632283999791995,1
1769772854.3281627,1236.0053739364084,0.004269266792,0.0,0.0,1.0,0.9999999999999999,0.8089786947364086,1
1769772854.3327494,1247.242241506104,0.004269266792,0.0,0.0,1.0,0.9999999999999999,0.820215562306104,1
1769772854.337157,1258.1533555587766,0.004269266792,0.0,0.0,1.0,0.9999999999999999,0.8311266763587768,1
1769772854.341177,1268.7526789541364,0.004269266792,0.0,0.0,1.0,0.9999999999999999,0.8417259997541364,1
1769772854.3444655,1279.0533878010988,0.004269266792,0.0,0.0,1.0,0.9999999999999999,0.8520267086010989,1
1769772854.3475213,1289.0679261008474,0.004269266792,0.0,0.0,1.0,0.9999999999999999,0.8620412469008476,1
1769772854.3512666,1298.8080558980682,0.004269266792,0.0,0.0,1.0,0.9999999999999999,0.8717813766980684,1
1769772854.3544655,1308.2849033653197,0.004269266792,0.0,0.0,1.0,0.9999999999999999,0.8812582241653197,1
1769772854.3580835,1317.5090012001601,0.004269266792,0.0,0.0,1.0,0.9999999999999999,0.8904823220001603,1
1769772854.3612204,1326.490327674694,0.004269266792,0.0,0.0,1.0,0.9999999999999999,0.8994636484746941,1
1769772854.3655612,1335.2383426419017,0.004269266792,0.0,0.0,1.0,0.9999999999999999,0.9082116634419017,1
1769772854.370693,1343.762020771894,0.004269266792,0.0,0.0,1.0,0.9999999999999999,0.916735341571894,1
1769772854.3758981,1352.0698822635777,0.004269266792,0.0,0.0,1.0,0.9999999999999999,0.9250432030635778,1
1769772854.380567,1360.1700212526566,0.004269266792,0.0,0.0,1.0,0.9999999999999999,0.9331433420526567,1
1769772854.3846314,1368.070132115076,0.004269266792,0.0,0.0,1.0,0.9999999999999999,0.941043452915076,1
1769772854.3885236,1375.777533845591,0.004269266792,0.0,0.0,1.0,0.9999999999999999,0.9487508546455912,1
1769772854.3926015,1383.2991926738162,0.004269266792,0.0,0.0,1.0,0.9999999999999999,0.9562725134738161,1
1769772854.3994002,1390.6417430646507,0.004269266792,0.0,0.0,1.0,0.9999999999999999,0.9636150638646508,1
1769772854.4014962,1392.0893217721818,0.004269266792,0.0,0.0,1.0,0.9999999999999999,0.965062642572182,1
1769772854.4032118,1392.0893217721818,0.004269266792,0.0,0.0,1.0,0.9999999999999999,0.965062642572182,1
1769772854.4057307,1354.0587219343695,0.00447215043,0.0,0.0,1.0,0.9999999999999999,0.9067436789343696,1
1769772854.4098134,1361.4114968696642,0.00447215043,0.0,0.0,1.0,0.9999999999999999,0.9140964538696642,1
1769772854.4147813,1368.5987619583568,0.00447215043,0.0,0.0,1.0,0.9999999999999999,0.9212837189583568,1
1769772854.4180079,1375.6260434056762,0.00447215043,0.0,0.0,1.0,0.9999999999999999,0.9283110004056762,1
1769772854.4217346,1382.4986241056688,0.00447215043,0.0,0.0,1.0,0.9999999999999999,0.9351835811056689,1
1769772854.4254792,1389.2215568862275,0.00447215043,0.0,0.0,1.0,0.9999999999999999,0.9419065138862276,1
1769772854.4297686,1395.799676898223,0.00447215043,0.0,0.0,1.0,0.9999999999999999,0.948484633898223,1
1769772854.433833,1402.2376132125733,0.00447215043,0.0,0.0,1.0,0.9999999999999999,0.9549225702125733,1
1769772854.4377768,1408.5397996837112,0.00447215043,0.0,0.0,1.0,0.9999999999999999,0.9612247566837112,1
1769772854.442111,1414.7104851330205,0.00447215043,0.0,0.0,1.0,0.9999999999999999,0.9673954421330205,1
1769772854.4462175,1420.753742901394,0.00447215043,0.0,0.0,1.0,0.9999999999999999,0.9734386999013939,1
1769772854.450149,1426.6734798160448,0.00447215043,0.0,0.0,1.0,0.9999999999999999,0.979358436816045,1
1769772854.453838,1432.47344461305,0.00447215043,0.0,0.0,1.0,0.9999999999999999,0.98515840161305,1
1769772854.455247,1432.47344461305,0.00447215043,0.0,0.0,1.0,0.9999999999999999,0.98515840161305,1
1769772854.4568338,1432.47344461305,0.00447215043,0.0,0.0,1.0,0.9999999999999999,0.98515840161305,1
1769772854.4583583,1432.47344461305,0.00447215043,0.0,0.0,1.0,0.9999999999999999,0.98515840161305,1
1769772854.4598508,1432.47344461305,0.00447215043,0.0,0.0,1.0,0.9999999999999999,0.98515840161305,1
1769772854.464121,1381.3005001923818,0.004386870534,0.0,0.0,1.0,0.9999999999999999,0.9425134467923819,1
1769772854.4677315,1387.1951219512196,0.004386870534,0.0,0.0,1.0,0.9999999999999999,0.9484080685512195,1
1769772854.4711351,1388.3605933815138,0.004386870534,0.0,0.0,1.0,0.9999999999999999,0.9495735399815137,1
1769772854.4732392,1388.3605933815138,0.004386870534,0.0,0.0,1.0,0.9999999999999999,0.9495735399815137,1
1769772854.476071,1388.3605933815138,0.004386870534,0.0,0.0,1.0,0.9999999999999999,0.9495735399815137,1
1769772854.4782777,1388.3605933815138,0.004386870534,0.0,0.0,1.0,0.9999999999999999,0.9495735399815137,1
1769772854.4797611,1388.3605933815138,0.004386870534,0.0,0.0,1.0,0.9999999999999999,0.9495735399815137,1
1769772854.4810913,1388.3605933815138,0.004386870534,0.0,0.0,1.0,0.9999999999999999,0.9495735399815137,1
1769772854.482587,1388.3605933815138,0.004386870534,0.0,0.0,1.0,0.9999999999999999,0.9495735399815137,1
1769772854.4852183,1388.3605933815138,0.004386870534,0.0,0.0,1.0,0.9999999999999999,0.9495735399815137,1
1769772854.4866004,1388.3605933815138,0.004386870534,0.0,0.0,1.0,0.9999999999999999,0.9495735399815137,1
1769772854.4878492,1388.3605933815138,0.004386870534,0.0,0.0,1.0,0.9999999999999999,0.9495735399815137,1
1769772854.4899714,1263.048917263394,0.004221379342,0.0,0.0,1.0,0.9999999999999999,0.8408109830633941,1
1769772854.4942055,1269.3524933709693,0.004221379342,0.0,0.0,1.0,0.9999999999999999,0.8471145591709695,1
1769772854.4980917,1275.549147654991,0.004221379342,0.0,0.0,1.0,0.9999999999999999,0.853311213454991,1
1769772854.5026116,1274.6994030101741,0.004703326653,0.0,0.0,1.0,0.9999999999999999,0.8042667377101742,1
1769772854.5072165,1280.7471024764445,0.004703326653,0.0,0.0,1.0,0.9999999999999999,0.8103144371764446,1
1769772854.5117362,1286.6947821053502,0.004703326653,0.0,0.0,1.0,0.9999999999999999,0.8162621168053503,1
1769772854.5158474,1292.5449028130895,0.004703326653,0.0,0.0,1.0,0.9999999999999999,0.8221122375130896,1
1769772854.5203876,1298.2998454404947,0.004703326653,0.0,0.0,1.0,0.9999999999999999,0.8278671801404947,1
1769772854.5256922,1303.9619139837007,0.004703326653,0.0,0.0,1.0,0.9999999999999999,0.8335292486837007,1
1769772854.5297492,1309.533338669655,0.004703326653,0.0,0.0,1.0,0.9999999999999999,0.8391006733696551,1
1769772854.5351427,1315.0162788850948,0.004703326653,0.0,0.0,1.0,0.9999999999999999,0.8445836135850948,1
1769772854.5392628,1320.4128259670686,0.004703326653,0.0,0.0,1.0,0.9999999999999999,0.8499801606670687,1
1769772854.5433915,1325.7250058625812,0.004703326653,0.0,0.0,1.0,0.9999999999999999,0.8552923405625812,1
1769772854.5490093,1330.9547816644692,0.004703326653,0.0,0.0,1.0,0.9999999999999999,0.8605221163644694,1
1769772854.5526614,1336.10405603017,0.004703326653,0.0,0.0,1.0,0.9999999999999999,0.8656713907301703,1
1769772854.5561264,1341.174673489651,0.004703326653,0.0,0.0,1.0,0.9999999999999999,0.8707420081896511,1
1769772854.5593228,1346.1684226483742,0.004703326653,0.0,0.0,1.0,0.9999999999999999,0.8757357573483742,1
1769772854.564076,1351.08703829083,0.004703326653,0.0,0.0,1.0,0.9999999999999999,0.88065437299083,1
1769772854.5699184,1355.9322033898306,0.004703326653,0.0,0.0,1.0,0.9999999999999999,0.8854995380898307,1
1769772854.5741482,1360.7055510264581,0.004703326653,0.0,0.0,1.0,0.9999999999999999,0.8902728857264581,1
1769772854.577532,1365.408666225263,0.004703326653,0.0,0.0,1.0,0.9999999999999999,0.8949760009252632,1
1769772854.5805879,1370.0430877090485,0.004703326653,0.0,0.0,1.0,0.9999999999999999,0.8996104224090484,1
1769772854.5839455,1374.610309577322,0.004703326653,0.0,0.0,1.0,0.9999999999999999,0.904177644277322,1
1769772854.5871654,1379.1117829122581,0.004703326653,0.0,0.0,1.0,0.9999999999999999,0.9086791176122582,1
1769772854.590587,1383.5489173158007,0.004703326653,0.0,0.0,1.0,0.9999999999999999,0.9131162520158009,1
1769772854.591785,1383.5489173158007,0.004703326653,0.0,0.0,1.0,0.9999999999999999,0.9131162520158009,1
1769772854.5927892,1383.5489173158007,0.004703326653,0.0,0.0,1.0,0.9999999999999999,0.9131162520158009,1
1769772854.5937467,1383.5489173158007,0.004703326653,0.0,0.0,1.0,0.9999999999999999,0.9131162520158009,1
1769772854.5953271,1348.2521370491347,0.004171834185,0.0,0.0,1.0,0.9999999999999999,0.9309687185491348,1
1769772854.5988748,1352.7503623438472,0.004171834185,0.0,0.0,1.0,0.9999999999999999,0.9354669438438473,1
1769772854.6018968,1357.1869216533005,0.004171834185,0.0,0.0,1.0,0.9999999999999999,0.9399035031533006,1
1769772854.6049027,1361.563074409422,0.004171834185,0.0,0.0,1.0,0.9999999999999999,0.9442796559094221,1
1769772854.60915,1365.8800459801205,0.004171834185,0.0,0.0,1.0,0.9999999999999999,0.9485966274801206,1
1769772854.6124492,1370.139028813218,0.004171834185,0.0,0.0,1.0,0.9999999999999999,0.9528556103132181,1
1769772854.616826,1374.3411835345921,0.004171834185,0.0,0.0,1.0,0.9999999999999999,0.9570577650345923,1
1769772854.6205275,1378.487640002651,0.004171834185,0.0,0.0,1.0,0.9999999999999999,0.9612042215026512,1
1769772854.6247742,1382.5794983211536,0.004171834185,0.0,0.0,1.0,0.9999999999999999,0.9652960798211537,1
1769772854.6286056,1386.6178298122834,0.004171834185,0.0,0.0,1.0,0.9999999999999999,0.9693344113122834,1
1769772854.6299756,1386.6178298122834,0.004171834185,0.0,0.0,1.0,0.9999999999999999,0.9693344113122834,1
1769772854.631555,1386.6178298122834,0.004171834185,0.0,0.0,1.0,0.9999999999999999,0.9693344113122834,1
1769772854.6330798,1386.6178298122834,0.004171834185,0.0,0.0,1.0,0.9999999999999999,0.9693344113122834,1
1769772854.6368687,1358.2213161750653,0.004615117565,0.0,0.0,1.0,0.9999999999999999,0.8966095596750654,1
1769772854.641751,1362.283977970501,0.004615117565,0.0,0.0,1.0,0.9999999999999999,0.900672221470501,1
1769772854.6458683,1366.2955274580108,0.004615117565,0.0,0.0,1.0,0.9999999999999999,0.9046837709580109,1
1769772854.6497617,1370.256923173095,0.004615117565,0.0,0.0,1.0,0.9999999999999999,0.908645166673095,1
1769772854.652898,1374.1690998322667,0.004615117565,0.0,0.0,1.0,0.9999999999999999,0.9125573433322669,1
1769772854.656232,1378.0329690683461,0.004615117565,0.0,0.0,1.0,0.9999999999999999,0.9164212125683462,1
1769772854.65939,1381.8494201386757,0.004615117565,0.0,0.0,1.0,0.9999999999999999,0.9202376636386758,1
1769772854.6629477,1385.6193206074283,0.004615117565,0.0,0.0,1.0,0.9999999999999999,0.9240075641074283,1
1769772854.6676326,1389.3435170030914,0.004615117565,0.0,0.0,1.0,0.9999999999999999,0.9277317605030915,1
1769772854.672571,1393.02283545219,0.004615117565,0.0,0.0,1.0,0.9999999999999999,0.9314110789521901,1
1769772854.6755922,1396.658082290232,0.004615117565,0.0,0.0,1.0,0.9999999999999999,0.935046325790232,1
1769772854.6789029,1400.2500446508304,0.004615117565,0.0,0.0,1.0,0.9999999999999999,0.9386382881508304,1
1769772854.6833663,1403.7994910339114,0.004615117565,0.0,0.0,1.0,0.9999999999999999,0.9421877345339114,1
1769772854.6877708,1407.3071718538565,0.004615117565,0.0,0.0,1.0,0.9999999999999999,0.9456954153538566,1
1769772854.6913173,1410.7738199684154,0.004615117565,0.0,0.0,1.0,0.9999999999999999,0.9491620634684155,1
1769772854.6944847,1414.200151189161,0.004615117565,0.0,0.0,1.0,0.9999999999999999,0.9525883946891611,1
1769772854.6977696,1417.5868647742382,0.004615117565,0.0,0.0,1.0,0.9999999999999999,0.9559751082742383,1
1769772854.7009854,1420.9346439041215,0.004615117565,0.0,0.0,1.0,0.9999999999999999,0.9593228874041215,1
1769772854.7041855,1424.2441561410528,0.004615117565,0.0,0.0,1.0,0.9999999999999999,0.9626323996410528,1
1769772854.7074049,1427.5160538728192,0.004615117565,0.0,0.0,1.0,0.9999999999999999,0.9659042973728191,1
1769772854.711673,1430.7509747414817,0.004615117565,0.0,0.0,1.0,0.9999999999999999,0.9691392182414817,1
1769772854.7179124,1433.9495420576502,0.004615117565,0.0,0.0,1.0,0.9999999999999999,0.9723377855576503,1
1769772854.7231355,1437.1123652008719,0.004615117565,0.0,0.0,1.0,0.9999999999999999,0.975500608700872,1
1769772854.7293437,1440.2400400066679,0.004615117565,0.0,0.0,1.0,0.9999999999999999,0.978628283506668,1
1769772854.7332618,1443.3331491407414,0.004615117565,0.0,0.0,1.0,0.9999999999999999,0.9817213926407415,1
1769772854.736532,1446.3922624608454,0.004615117565,0.0,0.0,1.0,0.9999999999999999,0.9847805059608454,1
1769772854.7400804,1449.4179373667814,0.004615117565,0.0,0.0,1.0,0.9999999999999999,0.9878061808667815,1
1769772854.7434752,1452.41071913899,0.004615117565,0.0,0.0,1.0,0.9999999999999999,0.9907989626389901,1
1769772854.7468357,1455.3711412661512,0.004615117565,0.0,0.0,1.0,0.9999999999999999,0.9937593847661512,1
1769772854.749975,1458.2997257622196,0.004615117565,0.0,0.0,1.0,0.9999999999999999,0.9966879692622197,1
1769772854.7533731,1461.1969834732845,0.004615117565,0.0,0.0,1.0,0.9999999999999999,0.9995852269732846,1
1769772854.757109,1464.0634143746342,0.004615117565,0.0,0.0,1.0,0.9999999999999999,1.0024516578746343,1
1769772854.7612388,1466.8995078583903,0.004615117565,0.0,0.0,1.0,0.9999999999999999,1.0052877513583904,1
1769772854.7654788,1469.7057430120547,0.004615117565,0.0,0.0,1.0,0.9999999999999999,1.0080939865120546,1
1769772854.7700684,1472.482588888307,0.004615117565,0.0,0.0,1.0,0.9999999999999999,1.010870832388307,1
1769772854.7765305,1475.23050476637,0.004615117565,0.0,0.0,1.0,0.9999999999999999,1.0136187482663699,1
1769772854.7807534,1477.9499404052442,0.004615117565,0.0,0.0,1.0,0.9999999999999999,1.0163381839052443,1
1769772854.7851179,1480.641336289117,0.004615117565,0.0,0.0,1.0,0.9999999999999999,1.019029579789117,1
1769772854.790176,1483.3051238652101,0.004615117565,0.0,0.0,1.0,0.9999999999999999,1.0216933673652102,1
1769772854.7937899,1485.4165602492722,0.004615117565,0.0,0.0,1.0,0.9999999999999999,1.0238048037492722,1
1769772854.795414,1485.4165602492722,0.004615117565,0.0,0.0,1.0,0.9999999999999999,1.0238048037492722,1
1769772854.7974725,1471.078555190705,0.004995891277,0.0,0.0,1.0,0.9999999999999999,0.9713894274907051,1
1769772854.800733,1473.7371198793667,0.004995891277,0.0,0.0,1.0,0.9999999999999999,0.9740479921793668,1
1769772854.806245,1476.3690922730682,0.004995891277,0.0,0.0,1.0,0.9999999999999999,0.9766799645730682,1
1769784894.2787032,1975.3086419753085,0.004769630515,0.0,0.0,1.0,10.0,0.9983455904753087,1
1769784894.2832818,1513.5135135135135,0.005,0.0,0.0,1.0,0.9999999999999999,0.9635135135135136,1
1769784894.2867596,1263.1578947368423,0.005,0.0,0.0,1.0,0.9999999999999999,0.7131578947368422,1
1769784894.290611,1142.857142857143,0.005,0.0,0.0,1.0,0.9999999999999999,0.592857142857143,1
1769784894.2934935,1072.1649484536083,0.005,0.0,0.0,1.0,0.9999999999999999,0.5221649484536084,1
1769784894.2965555,1025.6410256410256,0.005,0.0,0.0,1.0,0.9999999999999999,0.47564102564102556,1
1769784894.299028,992.7007299270074,0.005,0.0,0.0,1.0,0.9999999999999999,0.44270072992700743,1
1769784894.3012617,968.1528662420382,0.005,0.0,0.0,1.0,0.9999999999999999,0.41815286624203823,1
1769784894.3044024,949.1525423728814,0.005,0.0,0.0,1.0,0.9999999999999999,0.3991525423728814,1
1769784894.3084235,934.010152284264,0.005,0.0,0.0,1.0,0.9999999999999999,0.384010152284264,1
1769784894.3133795,921.6589861751153,0.005,0.0,0.0,1.0,0.9999999999999999,0.37165898617511534,1
1769784894.3176517,911.3924050632911,0.005,0.0,0.0,1.0,0.9999999999999999,0.3613924050632911,1
1769784894.3223002,902.7237354085604,0.005,0.0,0.0,1.0,0.9999999999999999,0.35272373540856045,1
1769784894.3257554,895.3068592057762,0.005,0.0,0.0,1.0,0.9999999999999999,0.34530685920577614,1
1769784894.3288465,888.8888888888889,0.005,0.0,0.0,1.0,0.9999999999999999,0.33888888888888896,1
1769784894.3315458,883.2807570977918,0.005,0.0,0.0,1.0,0.9999999999999999,0.33328075709779187,1
1769784894.3343809,878.3382789317507,0.005,0.0,0.0,1.0,0.9999999999999999,0.32833827893175066,1
1769784894.3383172,873.9495798319329,0.005,0.0,0.0,1.0,0.9999999999999999,0.3239495798319329,1
1769784894.341226,870.026525198939,0.005,0.0,0.0,1.0,0.9999999999999999,0.320026525198939,1
1769784894.3434935,866.4987405541563,0.005,0.0,0.0,1.0,0.9999999999999999,0.31649874055415633,1
1769784894.346274,863.3093525179856,0.005,0.0,0.0,1.0,0.9999999999999999,0.3133093525179857,1
1769784894.348813,860.4118993135011,0.005,0.0,0.0,1.0,0.9999999999999999,0.31041189931350105,1
1769784894.3508368,857.7680525164113,0.005,0.0,0.0,1.0,0.9999999999999999,0.3077680525164113,1
1769784894.3545282,855.3459119496856,0.005,0.0,0.0,1.0,0.9999999999999999,0.3053459119496857,1
1769784894.3575943,853.1187122736419,0.005,0.0,0.0,1.0,0.9999999999999999,0.3031187122736419,1
1769784894.3606446,851.063829787234,0.005,0.0,0.0,1.0,0.9999999999999999,0.30106382978723406,1
1769784894.3643067,849.1620111731844,0.005,0.0,0.0,1.0,0.9999999999999999,0.29916201117318447,1
1769784894.3666248,847.3967684021544,0.005,0.0,0.0,1.0,0.9999999999999999,0.2973967684021544,1
1769784894.3696213,845.7538994800694,0.005,0.0,0.0,1.0,0.9999999999999999,0.2957538994800694,1
1769784894.3723314,844.2211055276382,0.005,0.0,0.0,1.0,0.9999999999999999,0.2942211055276382,1
1769784894.374812,842.7876823338736,0.005,0.0,0.0,1.0,0.9999999999999999,0.2927876823338736,1
1769784894.3772173,841.4442700156985,0.005,0.0,0.0,1.0,0.9999999999999999,0.29144427001569856,1
1769784894.3795922,840.1826484018264,0.005,0.0,0.0,1.0,0.9999999999999999,0.29018264840182645,1
1769784894.381953,838.9955686853767,0.005,0.0,0.0,1.0,0.9999999999999999,0.28899556868537674,1
1769784894.3850727,837.8766140602582,0.005,0.0,0.0,1.0,0.9999999999999999,0.2878766140602583,1
1769784894.3884742,836.8200836820084,0.005,0.0,0.0,1.0,0.9999999999999999,0.28682008368200845,1
1769784894.3907719,835.820895522388,0.005,0.0,0.0,1.0,0.9999999999999999,0.28582089552238804,1
1769784894.3931196,834.8745046235139,0.005,0.0,0.0,1.0,0.9999999999999999,0.2848745046235139,1
1769784894.3964012,841.6730818578394,0.004406219558,2.264,0.5263157894736842,1.0,0.9999999999999999,-4.912106768679002,1
1769784894.3989882,843.1618569636136,0.005,2.264,0.5263157894736842,1.0,0.9999999999999999,-4.969996037773228,1
1769784894.402163,842.1052631578948,0.005,2.264,0.5263157894736842,1.0,0.9999999999999999,-4.971052631578947,1
1769784894.4057455,841.099163679809,0.005,2.264,0.5263157894736842,1.0,0.9999999999999999,-4.972058731057032,1
1769784894.4088423,840.1400233372228,0.005,2.264,0.5263157894736842,1.0,0.9999999999999999,-4.973017871399619,1
1769784894.4105768,840.1400233372228,0.005,2.264,0.5263157894736842,1.0,0.9999999999999999,-4.973017871399619,1
1769784894.4125023,840.1400233372228,0.005,2.264,0.5263157894736842,1.0,0.9999999999999999,-4.973017871399619,1
1769784894.4140694,840.1400233372228,0.005,2.264,0.5263157894736842,1.0,0.9999999999999999,-4.973017871399619,1
1769784894.4155135,840.1400233372228,0.005,2.264,0.5263157894736842,1.0,0.9999999999999999,-4.973017871399619,1
1769784894.4169064,840.1400233372228,0.005,2.264,0.5263157894736842,1.0,0.9999999999999999,-4.973017871399619,1
1769784894.418231,840.1400233372228,0.005,2.264,0.5263157894736842,1.0,0.9999999999999999,-4.973017871399619,1
1769784894.4198556,840.1400233372228,0.005,2.264,0.5263157894736842,1.0,0.9999999999999999,-4.973017871399619,1
1769784894.4222233,713.8654638164346,0.004965194713,2.264,0.0,1.0,0.9999999999999999,0.16734599251643467,1
1769784894.4248197,717.4541947926713,0.005,2.264,0.0,1.0,0.9999999999999999,0.16745419479267126,1
1769784894.4270322,719.0160832544939,0.005,2.264,0.0,1.0,0.9999999999999999,0.16901608325449385,1
1769784894.4303374,720.5199628597958,0.005,2.264,0.0,1.0,0.9999999999999999,0.17051996285979582,1
1769784894.433239,721.9690063810392,0.005,2.264,0.0,1.0,0.9999999999999999,0.17196900638103924,1
1769784894.4355476,723.3661593554162,0.005,2.264,0.0,1.0,0.9999999999999999,0.17336615935541627,1
1769784894.438405,724.7141600703607,0.005,2.264,0.0,1.0,0.9999999999999999,0.17471416007036072,1
1769784894.4409833,726.0155574762316,0.005,2.264,0.0,1.0,0.9999999999999999,0.1760155574762316,1
1769784894.4433846,727.2727272727273,0.005,2.264,0.0,1.0,0.9999999999999999,0.1772727272727273,1
1769784894.4459093,728.4878863826232,0.005,2.264,0.0,1.0,0.9999999999999999,0.1784878863826232,1
1769784894.4482536,729.6631059983566,0.005,2.264,0.0,1.0,0.9999999999999999,0.1796631059983566,1
1769784894.450581,730.800323362975,0.005,2.264,0.0,1.0,0.9999999999999999,0.18080032336297497,1
1769784894.453077,731.9013524264121,0.005,2.264,0.0,1.0,0.9999999999999999,0.1819013524264122,1
1769784894.4558022,732.9678935003916,0.005,2.264,0.0,1.0,0.9999999999999999,0.1829678935003916,1
1769784894.4582453,734.0015420200464,0.005,2.264,0.0,1.0,0.9999999999999999,0.18400154202004643,1
1769784894.460693,735.5623100303951,0.00488221349,0.638,0.0625,1.0,0.9999999999999999,-0.4276590389696049,1
1769784894.464261,735.9760658189978,0.005,0.638,0.0625,1.0,0.9999999999999999,-0.4390239341810022,1
1769784894.4666271,736.9196757553426,0.005,0.638,0.0625,1.0,0.9999999999999999,-0.4380803242446573,1
1769784894.469027,737.8358750907771,0.005,0.638,0.0625,1.0,0.9999999999999999,-0.4371641249092229,1
1769784894.4720786,738.7258410880459,0.005,0.638,0.0625,1.0,0.9999999999999999,-0.43627415891195415,1
1769784894.4739172,738.1121362668559,0.005,0.638,0.0625,1.0,0.9999999999999999,-0.436887863733144,1
1769784894.4750602,738.1121362668559,0.005,0.638,0.0625,1.0,0.9999999999999999,-0.436887863733144,1
1769784894.4767733,738.1121362668559,0.005,0.638,0.0625,1.0,0.9999999999999999,-0.436887863733144,1
1769784894.4786954,738.1121362668559,0.005,0.638,0.0625,1.0,0.9999999999999999,-0.436887863733144,1
1769784894.480253,738.1121362668559,0.005,0.638,0.0625,1.0,0.9999999999999999,-0.436887863733144,1
1769784894.4826803,695.2857519094022,0.004735868721,0.638,0.0,1.0,0.9999999999999999,0.17169887980940224,1
1769784894.484889,697.462589459987,0.005,0.638,0.0,1.0,0.9999999999999999,0.14746258945998708,1
1769784894.4882605,698.7797045600514,0.005,0.638,0.0,1.0,0.9999999999999999,0.14877970456005146,1
1769784894.4920318,700.0634115409005,0.005,0.638,0.0,1.0,0.9999999999999999,0.15006341154090047,1
1769784894.4956393,701.3149655604259,0.005,0.638,0.0,1.0,0.9999999999999999,0.15131496556042595,1
1769784894.498469,702.5355596784169,0.005,0.638,0.0,1.0,0.9999999999999999,0.15253555967841698,1
1769784894.5011113,703.7263286499694,0.005,0.638,0.0,1.0,0.9999999999999999,0.15372632864996943,1
1769784894.5039835,704.8883524441762,0.005,0.638,0.0,1.0,0.9999999999999999,0.15488835244417626,1
1769784894.506676,706.0226595110316,0.005,0.638,0.0,1.0,0.9999999999999999,0.15602265951103161,1
1769784894.510049,707.1302298173248,0.005,0.638,0.0,1.0,0.9999999999999999,0.15713022981732477,1
1769784894.5128863,708.2119976703553,0.005,0.638,0.0,1.0,0.9999999999999999,0.15821199767035538,1
1769784894.5150495,709.2688543465745,0.005,0.638,0.0,1.0,0.9999999999999999,0.1592688543465745,1
1769784894.5176573,710.3016505406944,0.005,0.638,0.0,1.0,0.9999999999999999,0.1603016505406944,1
1769784894.520376,711.3111986494091,0.005,0.638,0.0,1.0,0.9999999999999999,0.16131119864940918,1
1769784894.5225186,712.2982749026155,0.005,0.638,0.0,1.0,0.9999999999999999,0.16229827490261556,1
1769784894.5260103,713.2636213538801,0.005,0.638,0.0,1.0,0.9999999999999999,0.16326362135388012,1
1769784894.5296845,714.2079477408819,0.005,0.638,0.0,1.0,0.9999999999999999,0.16420794774088193,1
1769784894.5329113,715.1319332256327,0.005,0.638,0.0,1.0,0.9999999999999999,0.16513193322563274,1
1769784894.5354583,716.0362280234417,0.005,0.638,0.0,1.0,0.9999999999999999,0.1660362280234417,1
1769784894.5379364,716.921454928835,0.005,0.638,0.0,1.0,0.9999999999999999,0.1669214549288351,1
1769784894.5416932,717.7882107459573,0.005,0.638,0.0,1.0,0.9999999999999999,0.16778821074595723,1
1769784894.5454092,718.6370676303562,0.005,0.638,0.0,1.0,0.9999999999999999,0.1686370676303563,1
1769784894.5505102,719.4685743484926,0.005,0.638,0.0,1.0,0.9999999999999999,0.16946857434849255,1
1769784894.5568511,720.2832574607992,0.005,0.638,0.0,1.0,0.9999999999999999,0.17028325746079925,1
1769784894.5639215,721.0816224336505,0.005,0.638,0.0,1.0,0.9999999999999999,0.1710816224336506,1
1769784894.570491,721.8641546851761,0.005,0.638,0.0,1.0,0.9999999999999999,0.17186415468517618,1
1769784894.5784583,722.6313205694648,0.005,0.638,0.0,1.0,0.9999999999999999,0.1726313205694649,1
1769784894.5831716,722.3035627135189,0.005,0.638,0.0,1.0,0.9999999999999999,0.17230356271351893,1
1769784894.5869098,722.3035627135189,0.005,0.638,0.0,1.0,0.9999999999999999,0.17230356271351893,1
1769784894.5904126,722.3035627135189,0.005,0.638,0.0,1.0,0.9999999999999999,0.17230356271351893,1
1769784894.599514,709.9027659775323,0.0045637953989999995,1.326,0.0,1.0,0.9999999999999999,0.20352322607753237,1
1769784894.6061747,711.2774918109499,0.005,1.326,0.0,1.0,0.9999999999999999,0.1612774918109499,1
1769784894.6124525,712.1001390820584,0.005,1.326,0.0,1.0,0.9999999999999999,0.1621001390820584,1
1769784894.6181476,712.907671107028,0.005,1.326,0.0,1.0,0.9999999999999999,0.16290767110702803,1
1769784894.6225994,713.7005006827493,0.005,1.326,0.0,1.0,0.9999999999999999,0.16370050068274927,1
1769784894.6250587,713.7005006827493,0.005,1.326,0.0,1.0,0.9999999999999999,0.16370050068274927,1
1769784894.6281078,713.7005006827493,0.005,1.326,0.0,1.0,0.9999999999999999,0.16370050068274927,1
1769784894.6322181,699.0773598296664,0.005000335624,1.326,0.0,1.0,0.9999999999999999,0.1490437974296665,1
1769784894.6377718,699.1655687307862,0.005,1.326,0.0,1.0,0.9999999999999999,0.14916556873078618,1
1769784894.6422281,700.0435350457118,0.005,1.326,0.0,1.0,0.9999999999999999,0.15004353504571183,1
1769784894.6457791,700.9063444108762,0.005,1.326,0.0,1.0,0.9999999999999999,0.1509063444108762,1
1769784894.6494458,701.7543859649122,0.005,1.326,0.0,1.0,0.9999999999999999,0.15175438596491225,1
1769784894.6517193,701.7543859649122,0.005,1.326,0.0,1.0,0.9999999999999999,0.15175438596491225,1
1769784894.6538699,701.7543859649122,0.005,1.326,0.0,1.0,0.9999999999999999,0.15175438596491225,1
1769784894.6563935,701.7543859649122,0.005,1.326,0.0,1.0,0.9999999999999999,0.15175438596491225,1
1769784894.6607792,685.4304635761589,0.004666818691,1.326,0.0,1.0,0.9999999999999999,0.16874859447615892,1
1769784894.6656215,686.089454247025,0.005,1.326,0.0,1.0,0.9999999999999999,0.13608945424702495,1
1769784894.6688328,687.016687016687,0.005,1.326,0.0,1.0,0.9999999999999999,0.13701668701668707,1
1769784894.6716866,687.9289463060154,0.005,1.326,0.0,1.0,0.9999999999999999,0.13792894630601543,1
1769784894.6742725,688.8265919102923,0.005,1.326,0.0,1.0,0.9999999999999999,0.1388265919102924,1
1769784894.6766608,689.7099721891141,0.005,1.326,0.0,1.0,0.9999999999999999,0.13970997218911413,1
1769784894.679346,690.5794245171462,0.005,1.326,0.0,1.0,0.9999999999999999,0.14057942451714628,1
1769784894.6830518,691.435275713727,0.005,1.326,0.0,1.0,0.9999999999999999,0.1414352757137271,1
1769784894.6863503,692.2778424524641,0.005,1.326,0.0,1.0,0.9999999999999999,0.14227784245246416,1
1769784894.6892939,693.107431651906,0.005,1.326,0.0,1.0,0.9999999999999999,0.14310743165190604,1
1769784894.6921303,693.9243408482996,0.005,1.326,0.0,1.0,0.9999999999999999,0.14392434084829958,1
1769784894.6957471,694.7288585513842,0.005,1.326,0.0,1.0,0.9999999999999999,0.14472885855138423,1
1769784894.7002313,695.5212645841174,0.005,1.326,0.0,1.0,0.9999999999999999,0.14552126458411735,1
1769784894.7032456,696.3018304071722,0.005,1.326,0.0,1.0,0.9999999999999999,0.14630183040717232,1
1769784894.7057045,697.0708194289953,0.005,1.326,0.0,1.0,0.9999999999999999,0.1470708194289953,1
1769784894.7084556,697.8284873021715,0.005,1.326,0.0,1.0,0.9999999999999999,0.14782848730217152,1
1769784894.709781,697.8284873021715,0.005,1.326,0.0,1.0,0.9999999999999999,0.14782848730217152,1
1769784894.7114356,697.8284873021715,0.005,1.326,0.0,1.0,0.9999999999999999,0.14782848730217152,1
1769784894.7133272,697.8284873021715,0.005,1.326,0.0,1.0,0.9999999999999999,0.14782848730217152,1
1769784894.714861,697.8284873021715,0.005,1.326,0.0,1.0,0.9999999999999999,0.14782848730217152,1
1769784894.718314,681.0925860234127,0.0044466444639999995,0.672,0.0,1.0,0.9999999999999999,0.18642813962341276,1
1769784894.7214437,682.4109975326048,0.005,0.672,0.0,1.0,0.9999999999999999,0.13241099753260482,1
1769784894.7244837,683.2341617080854,0.005,0.672,0.0,1.0,0.9999999999999999,0.13323416170808539,1
1769784894.7277005,684.0458811261731,0.005,0.672,0.0,1.0,0.9999999999999999,0.13404588112617305,1
1769784894.7305565,684.8463928201588,0.005,0.672,0.0,1.0,0.9999999999999999,0.1348463928201588,1
1769784894.7332597,685.6359273225918,0.005,0.672,0.0,1.0,0.9999999999999999,0.13563592732259183,1
1769784894.7359183,686.414708886619,0.005,0.672,0.0,1.0,0.9999999999999999,0.13641470888661905,1
1769784894.738643,687.1829556983429,0.005,0.672,0.0,1.0,0.9999999999999999,0.13718295569834288,1
1769784894.7413683,687.9408800806181,0.005,0.672,0.0,1.0,0.9999999999999999,0.13794088008061806,1
1769784894.7440755,688.6886886886887,0.005,0.672,0.0,1.0,0.9999999999999999,0.13868868868868872,1
1769784894.7472546,689.4265826980445,0.005,0.672,0.0,1.0,0.9999999999999999,0.1394265826980446,1
1769784894.7499094,690.1547579848534,0.005,0.672,0.0,1.0,0.9999999999999999,0.14015475798485338,1
1769784894.753748,690.873405299313,0.005,0.672,0.0,1.0,0.9999999999999999,0.14087340529931308,1
1769784894.7572482,691.5827104322392,0.005,0.672,0.0,1.0,0.9999999999999999,0.1415827104322392,1
1769784894.7611747,692.2828543752019,0.005,0.672,0.0,1.0,0.9999999999999999,0.14228285437520188,1
1769784894.764244,692.9740134744948,0.005,0.672,0.0,1.0,0.9999999999999999,0.14297401347449484,1
1769784894.7670476,693.6563595792157,0.005,0.672,0.0,1.0,0.9999999999999999,0.1436563595792158,1
1769784894.768482,693.6563595792157,0.005,0.672,0.0,1.0,0.9999999999999999,0.1436563595792158,1
1769784894.7702956,693.6563595792157,0.005,0.672,0.0,1.0,0.9999999999999999,0.1436563595792158,1
1769784894.7716832,693.6563595792157,0.005,0.672,0.0,1.0,0.9999999999999999,0.1436563595792158,1
1769784894.7739375,693.6563595792157,0.005,0.672,0.0,1.0,0.9999999999999999,0.1436563595792158,1
1769784894.776112,693.6563595792157,0.005,0.672,0.0,1.0,0.9999999999999999,0.1436563595792158,1
1769784894.7781427,693.6563595792157,0.005,0.672,0.0,1.0,0.9999999999999999,0.1436563595792158,1
1769784894.7800217,693.6563595792157,0.005,0.672,0.0,1.0,0.9999999999999999,0.1436563595792158,1
1769784894.7827718,663.2250227755845,0.004569604917,0.065,0.0,1.0,0.9999999999999999,0.15626453107558463,1
1769784894.7862067,663.2499246306903,0.005,0.065,0.0,1.0,0.9999999999999999,0.11324992463069034,1
1769784894.7893069,664.0695235241235,0.005,0.065,0.0,1.0,0.9999999999999999,0.11406952352412353,1
1769784894.7935824,664.8793565683646,0.005,0.065,0.0,1.0,0.9999999999999999,0.11487935656836462,1
1769784894.7972553,665.6795972756886,0.005,0.065,0.0,1.0,0.9999999999999999,0.1156795972756886,1
1769784894.80044,666.4704150721225,0.005,0.065,0.0,1.0,0.9999999999999999,0.11647041507212247,1
1769784894.8038168,667.2519754170324,0.005,0.065,0.0,1.0,0.9999999999999999,0.11725197541703242,1
1769784894.8068883,668.0244399185336,0.005,0.065,0.0,1.0,0.9999999999999999,0.11802443991853367,1
1769784894.8096545,668.7879664448944,0.005,0.065,0.0,1.0,0.9999999999999999,0.11878796644489448,1
1769784894.8131042,669.5427092320967,0.005,0.065,0.0,1.0,0.9999999999999999,0.11954270923209681,1
1769784894.8165562,670.2888189877037,0.005,0.065,0.0,1.0,0.9999999999999999,0.12028881898770377,1
1769784894.8204331,671.0264429911856,0.005,0.065,0.0,1.0,0.9999999999999999,0.12102644299118565,1
1769784894.8248777,671.7557251908397,0.005,0.065,0.0,1.0,0.9999999999999999,0.12175572519083971,1
1769784894.8289685,672.4768062974416,0.005,0.065,0.0,1.0,0.9999999999999999,0.12247680629744168,1
1769784894.8334222,673.1898238747555,0.005,0.065,0.0,1.0,0.9999999999999999,0.12318982387475547,1
1769784894.8374217,673.8949124270225,0.005,0.065,0.0,1.0,0.9999999999999999,0.1238949124270225,1
1769784894.8427136,674.5922034835498,0.005,0.065,0.0,1.0,0.9999999999999999,0.12459220348354988,1
1769784894.8472188,675.2818256805059,0.005,0.065,0.0,1.0,0.9999999999999999,0.1252818256805059,1
1769784894.8507879,675.9639048400328,0.005,0.065,0.0,1.0,0.9999999999999999,0.12596390484003278,1
1769784894.8550432,676.6385640467773,0.005,0.065,0.0,1.0,0.9999999999999999,0.12663856404677737,1
1769784894.8589766,677.3059237219368,0.005,0.065,0.0,1.0,0.9999999999999999,0.12730592372193678,1
1769784894.8639073,677.9661016949152,0.005,0.065,0.0,1.0,0.9999999999999999,0.12796610169491524,1
1769784894.868572,678.6192132726786,0.005,0.065,0.0,1.0,0.9999999999999999,0.1286192132726786,1
1769784894.8734512,679.2653713068938,0.005,0.065,0.0,1.0,0.9999999999999999,0.1292653713068938,1
1769784894.8789802,679.9046862589357,0.005,0.065,0.0,1.0,0.9999999999999999,0.12990468625893575,1
1769784894.8835835,680.5372662628391,0.005,0.065,0.0,1.0,0.9999999999999999,0.13053726626283918,1
1769784894.889493,681.1632171862719,0.005,0.065,0.0,1.0,0.9999999999999999,0.13116321718627194,1
1769784894.8943765,681.7826426896013,0.005,0.065,0.0,1.0,0.9999999999999999,0.13178264268960133,1
1769784894.8972297,681.7826426896013,0.005,0.065,0.0,1.0,0.9999999999999999,0.13178264268960133,1
1769784894.8994834,681.7826426896013,0.005,0.065,0.0,1.0,0.9999999999999999,0.13178264268960133,1
1769784894.9030612,681.7826426896013,0.005,0.065,0.0,1.0,0.9999999999999999,0.13178264268960133,1
1769784894.9062135,681.7826426896013,0.005,0.065,0.0,1.0,0.9999999999999999,0.13178264268960133,1
1769784894.9086764,681.7826426896013,0.005,0.065,0.0,1.0,0.9999999999999999,0.13178264268960133,1
1769784894.9110003,681.7826426896013,0.005,0.065,0.0,1.0,0.9999999999999999,0.13178264268960133,1
1769784894.913981,681.7826426896013,0.005,0.065,0.0,1.0,0.9999999999999999,0.13178264268960133,1
1769784894.9174635,681.7826426896013,0.005,0.065,0.0,1.0,0.9999999999999999,0.13178264268960133,1
1769784895.0831926,2083.3333333333335,0.0044604430339999996,0.0,0.0,1.0,10.0,1.1372890299333336,1
1769784895.090938,1513.5135135135135,0.005,0.0,0.0,1.0,0.9999999999999999,0.9635135135135136,1
1769784895.0960996,1263.1578947368423,0.005,0.0,0.0,1.0,0.9999999999999999,0.7131578947368422,1
1769784895.1005692,1142.857142857143,0.005,0.0,0.0,1.0,0.9999999999999999,0.592857142857143,1
1769784895.1045198,1072.1649484536083,0.005,0.0,0.0,1.0,0.9999999999999999,0.5221649484536084,1
1769784895.1076257,1025.6410256410256,0.005,0.0,0.0,1.0,0.9999999999999999,0.47564102564102556,1
1769784895.1109629,992.7007299270074,0.005,0.0,0.0,1.0,0.9999999999999999,0.44270072992700743,1
1769784895.11542,968.1528662420382,0.005,0.0,0.0,1.0,0.9999999999999999,0.41815286624203823,1
1769784895.1209533,949.1525423728814,0.005,0.0,0.0,1.0,0.9999999999999999,0.3991525423728814,1
1769784895.1245754,934.010152284264,0.005,0.0,0.0,1.0,0.9999999999999999,0.384010152284264,1
1769784895.1271672,921.6589861751153,0.005,0.0,0.0,1.0,0.9999999999999999,0.37165898617511534,1
1769784895.1299121,911.3924050632911,0.005,0.0,0.0,1.0,0.9999999999999999,0.3613924050632911,1
1769784895.133337,902.7237354085604,0.005,0.0,0.0,1.0,0.9999999999999999,0.35272373540856045,1
1769784895.1367667,895.3068592057762,0.005,0.0,0.0,1.0,0.9999999999999999,0.34530685920577614,1
1769784895.1395602,888.8888888888889,0.005,0.0,0.0,1.0,0.9999999999999999,0.33888888888888896,1
1769784895.1424012,883.2807570977918,0.005,0.0,0.0,1.0,0.9999999999999999,0.33328075709779187,1
1769784895.1451697,878.3382789317507,0.005,0.0,0.0,1.0,0.9999999999999999,0.32833827893175066,1
1769784895.149924,873.9495798319329,0.005,0.0,0.0,1.0,0.9999999999999999,0.3239495798319329,1
1769784895.1539583,870.026525198939,0.005,0.0,0.0,1.0,0.9999999999999999,0.320026525198939,1
1769784895.1578703,866.4987405541563,0.005,0.0,0.0,1.0,0.9999999999999999,0.31649874055415633,1
1769784895.1617053,863.3093525179856,0.005,0.0,0.0,1.0,0.9999999999999999,0.3133093525179857,1
1769784895.1647594,860.4118993135011,0.005,0.0,0.0,1.0,0.9999999999999999,0.31041189931350105,1
1769784895.169937,857.7680525164113,0.005,0.0,0.0,1.0,0.9999999999999999,0.3077680525164113,1
1769784895.1735392,855.3459119496856,0.005,0.0,0.0,1.0,0.9999999999999999,0.3053459119496857,1
1769784895.176121,853.1187122736419,0.005,0.0,0.0,1.0,0.9999999999999999,0.3031187122736419,1
1769784895.1798158,851.063829787234,0.005,0.0,0.0,1.0,0.9999999999999999,0.30106382978723406,1
1769784895.1823397,849.1620111731844,0.005,0.0,0.0,1.0,0.9999999999999999,0.29916201117318447,1
1769784895.1848586,847.3967684021544,0.005,0.0,0.0,1.0,0.9999999999999999,0.2973967684021544,1
1769784895.1875596,845.7538994800694,0.005,0.0,0.0,1.0,0.9999999999999999,0.2957538994800694,1
1769784895.190681,844.2211055276382,0.005,0.0,0.0,1.0,0.9999999999999999,0.2942211055276382,1
1769784895.1944187,842.7876823338736,0.005,0.0,0.0,1.0,0.9999999999999999,0.2927876823338736,1
1769784895.197339,841.4442700156985,0.005,0.0,0.0,1.0,0.9999999999999999,0.29144427001569856,1
1769784895.2002547,840.1826484018264,0.005,0.0,0.0,1.0,0.9999999999999999,0.29018264840182645,1
1769784895.2036018,840.9831211134143,0.004859916353,1.909,0.3490566037735849,1.0,0.9999999999999999,-3.1855745519224343,1
1769784895.2067707,837.8766140602582,0.005,1.909,0.3490566037735849,1.0,0.9999999999999999,-3.2026894236755905,1
1769784895.2095258,836.8200836820084,0.005,1.909,0.3490566037735849,1.0,0.9999999999999999,-3.2037459540538404,1
1769784895.2125225,835.820895522388,0.005,1.909,0.3490566037735849,1.0,0.9999999999999999,-3.2047451422134605,1
1769784895.2151785,834.8745046235139,0.005,1.909,0.3490566037735849,1.0,0.9999999999999999,-3.205691533112335,1
1769784895.2174258,833.976833976834,0.005,1.909,0.3490566037735849,1.0,0.9999999999999999,-3.2065892037590147,1
1769784895.2202287,833.1242158092848,0.005,1.909,0.3490566037735849,1.0,0.9999999999999999,-3.207441821926564,1
1769784895.2229798,832.313341493268,0.005,1.909,0.3490566037735849,1.0,0.9999999999999999,-3.208252696242581,1
1769784895.2262802,831.5412186379929,0.005,1.909,0.3490566037735849,1.0,0.9999999999999999,-3.2090248190978556,1
1769784895.2294598,830.8051341890315,0.005,1.909,0.3490566037735849,1.0,0.9999999999999999,-3.209760903546817,1
1769784895.2321672,830.102622576967,0.005,1.909,0.3490566037735849,1.0,0.9999999999999999,-3.210463415158882,1
1769784895.234374,829.4314381270902,0.005,1.909,0.3490566037735849,1.0,0.9999999999999999,-3.2111345996087586,1
1769784895.2375238,828.7895310796074,0.005,1.909,0.3490566037735849,1.0,0.9999999999999999,-3.2117765066562414,1
1769784895.2411015,828.1750266808965,0.005,1.909,0.3490566037735849,1.0,0.9999999999999999,-3.2123910110549523,1
1769784895.2454507,827.5862068965517,0.005,1.909,0.3490566037735849,1.0,0.9999999999999999,-3.212979830839297,1
1769784895.2480474,827.0214943705221,0.005,1.909,0.3490566037735849,1.0,0.9999999999999999,-3.2135445433653267,1
1769784895.2502878,826.4794383149448,0.005,1.909,0.3490566037735849,1.0,0.9999999999999999,-3.214086599420904,1
1769784895.2529726,825.9587020648968,0.005,1.909,0.3490566037735849,1.0,0.9999999999999999,-3.214607335670952,1
1769784895.2561808,825.4580520732884,0.005,1.909,0.3490566037735849,1.0,0.9999999999999999,-3.21510798566256,1
1769784895.2587247,824.9763481551561,0.005,1.909,0.3490566037735849,1.0,0.9999999999999999,-3.2155896895806926,1
1769784895.2617276,824.5125348189415,0.005,1.909,0.3490566037735849,1.0,0.9999999999999999,-3.2160535029169073,1
1769784895.2644746,824.0656335460346,0.005,1.909,0.3490566037735849,1.0,0.9999999999999999,-3.216500404189814,1
1769784895.2671819,823.6347358997315,0.005,1.909,0.3490566037735849,1.0,0.9999999999999999,-3.216931301836117,1
1769784895.2700174,823.2189973614776,0.005,1.909,0.3490566037735849,1.0,0.9999999999999999,-3.217347040374371,1
1769784895.2735457,822.8176318063959,0.005,1.909,0.3490566037735849,1.0,0.9999999999999999,-3.217748405929453,1
1769784895.276978,822.4299065420561,0.005,1.909,0.3490566037735849,1.0,0.9999999999999999,-3.2181361311937926,1
1769784895.2806592,822.0551378446115,0.005,1.909,0.3490566037735849,1.0,0.9999999999999999,-3.2185108998912373,1
1769784895.2836094,821.6926869350863,0.005,1.909,0.3490566037735849,1.0,0.9999999999999999,-3.2188733508007625,1
1769784895.2866278,821.3419563459985,0.005,1.909,0.3490566037735849,1.0,0.9999999999999999,-3.21922408138985,1
1769784895.2894242,821.0023866348448,0.005,1.909,0.3490566037735849,1.0,0.9999999999999999,-3.219563651101004,1
1769784895.2921598,820.6734534064213,0.005,1.909,0.3490566037735849,1.0,0.9999999999999999,-3.2198925843294273,1
1769784895.294894,820.35466461064,0.005,1.909,0.3490566037735849,1.0,0.9999999999999999,-3.220211373125209,1
1769784895.2975802,820.0455580865604,0.005,1.909,0.3490566037735849,1.0,0.9999999999999999,-3.2205204796492883,1
1769784895.3000557,819.7456993268512,0.005,1.909,0.3490566037735849,1.0,0.9999999999999999,-3.2208203384089975,1
1769784895.302579,819.4546794399411,0.005,1.909,0.3490566037735849,1.0,0.9999999999999999,-3.2211113582959077,1
1769784895.306842,819.1721132897603,0.005,1.909,0.3490566037735849,1.0,0.9999999999999999,-3.2213939244460885,1
1769784895.3104231,818.8976377952756,0.005,1.909,0.3490566037735849,1.0,0.9999999999999999,-3.2216683999405733,1
1769784895.3141224,818.6309103740297,0.005,1.909,0.3490566037735849,1.0,0.9999999999999999,-3.221935127361819,1
1769784895.3168302,818.3716075156576,0.005,1.909,0.3490566037735849,1.0,0.9999999999999999,-3.222194430220191,1
1769784895.3195238,817.1152518978606,0.005,1.909,0.3490566037735849,1.0,0.9999999999999999,-3.223450785837988,1
1769784895.32117,817.1152518978606,0.005,1.909,0.3490566037735849,1.0,0.9999999999999999,-3.223450785837988,1
1769784895.323191,817.1152518978606,0.005,1.909,0.3490566037735849,1.0,0.9999999999999999,-3.223450785837988,1
1769784895.3248658,817.1152518978606,0.005,1.909,0.3490566037735849,1.0,0.9999999999999999,-3.223450785837988,1
1769784895.3262901,817.1152518978606,0.005,1.909,0.3490566037735849,1.0,0.9999999999999999,-3.223450785837988,1
1769784895.3287776,766.7567219863631,0.004293828571,0.439,0.0,1.0,0.9999999999999999,0.28737386488636313,1
1769784895.3314219,764.8183556405354,0.005,0.439,0.0,1.0,0.9999999999999999,0.21481835564053547,1
1769784895.333219,764.8183556405354,0.005,0.439,0.0,1.0,0.9999999999999999,0.21481835564053547,1
1769784895.3357213,764.8183556405354,0.005,0.439,0.0,1.0,0.9999999999999999,0.21481835564053547,1
1769784895.338186,764.8183556405354,0.005,0.439,0.0,1.0,0.9999999999999999,0.21481835564053547,1
1769784895.3399816,764.8183556405354,0.005,0.439,0.0,1.0,0.9999999999999999,0.21481835564053547,1
1769784895.3419514,764.8183556405354,0.005,0.439,0.0,1.0,0.9999999999999999,0.21481835564053547,1
1769784895.3435504,764.8183556405354,0.005,0.439,0.0,1.0,0.9999999999999999,0.21481835564053547,1
1769784895.3454466,764.8183556405354,0.005,0.439,0.0,1.0,0.9999999999999999,0.21481835564053547,1
1769784895.3473554,764.8183556405354,0.005,0.439,0.0,1.0,0.9999999999999999,0.21481835564053547,1
1769784895.3488903,764.8183556405354,0.005,0.439,0.0,1.0,0.9999999999999999,0.21481835564053547,1
1769784895.3513026,764.8183556405354,0.005,0.439,0.0,1.0,0.9999999999999999,0.21481835564053547,1
1769784895.3540792,764.8183556405354,0.005,0.439,0.0,1.0,0.9999999999999999,0.21481835564053547,1
1769784895.35535,764.8183556405354,0.005,0.439,0.0,1.0,0.9999999999999999,0.21481835564053547,1
1769784895.356611,764.8183556405354,0.005,0.439,0.0,1.0,0.9999999999999999,0.21481835564053547,1
1769784895.358079,764.8183556405354,0.005,0.439,0.0,1.0,0.9999999999999999,0.21481835564053547,1
1769784895.3592982,764.8183556405354,0.005,0.439,0.0,1.0,0.9999999999999999,0.21481835564053547,1
1769784895.3605714,764.8183556405354,0.005,0.439,0.0,1.0,0.9999999999999999,0.21481835564053547,1
1769784895.3619819,764.8183556405354,0.005,0.439,0.0,1.0,0.9999999999999999,0.21481835564053547,1
1769784895.3645766,624.3539383915651,0.004420513257,0.439,0.0,1.0,0.9999999999999999,0.132302612691565,1
1769784895.3680017,625.4471129279509,0.005,0.439,0.0,1.0,0.9999999999999999,0.07544711292795098,1
1769784895.3715644,627.2129489124937,0.005,0.439,0.0,1.0,0.9999999999999999,0.0772129489124938,1
1769784895.3741045,628.9434151226841,0.005,0.439,0.0,1.0,0.9999999999999999,0.07894341512268416,1
1769784895.3766563,630.639563708478,0.005,0.439,0.0,1.0,0.9999999999999999,0.08063956370847808,1
1769784895.3794184,632.3024054982817,0.005,0.439,0.0,1.0,0.9999999999999999,0.08230240549828177,1
1769784895.3823984,633.9329120077783,0.005,0.439,0.0,1.0,0.9999999999999999,0.08393291200777836,1
1769784895.384918,635.5320173326913,0.005,0.439,0.0,1.0,0.9999999999999999,0.08553201733269139,1
1769784895.3878083,637.100619933238,0.005,0.439,0.0,1.0,0.9999999999999999,0.08710061993323809,1
1769784895.3902822,638.6395843174304,0.005,0.439,0.0,1.0,0.9999999999999999,0.08863958431743041,1
1769784895.3926518,640.1497426298549,0.005,0.439,0.0,1.0,0.9999999999999999,0.09014974262985492,1
1769784895.3953042,641.6318961520631,0.005,0.439,0.0,1.0,0.9999999999999999,0.09163189615206307,1
1769784895.3982997,643.0868167202573,0.005,0.439,0.0,1.0,0.9999999999999999,0.09308681672025726,1
1769784895.4012532,644.5152480655439,0.005,0.439,0.0,1.0,0.9999999999999999,0.09451524806554396,1
1769784895.4047756,645.9179070816419,0.005,0.439,0.0,1.0,0.9999999999999999,0.095917907081642,1
1769784895.4090052,647.2954850245865,0.005,0.439,0.0,1.0,0.9999999999999999,0.09729548502458646,1
1769784895.4124515,648.6486486486486,0.005,0.439,0.0,1.0,0.9999999999999999,0.0986486486486487,1
1769784895.4163516,649.9780412823891,0.005,0.439,0.0,1.0,0.9999999999999999,0.09997804128238913,1
1769784895.4207907,651.284283848498,0.005,0.439,0.0,1.0,0.9999999999999999,0.10128428384849802,1
1769784895.4233618,652.5679758308157,0.005,0.439,0.0,1.0,0.9999999999999999,0.10256797583081573,1
1769784895.4260552,653.8296961916988,0.005,0.439,0.0,1.0,0.9999999999999999,0.10382969619169874,1
1769784895.4294503,655.0700042426814,0.005,0.439,0.0,1.0,0.9999999999999999,0.10507000424268148,1
1769784895.433046,656.2894404711822,0.005,0.439,0.0,1.0,0.9999999999999999,0.10628944047118222,1
1769784895.436825,657.488527325824,0.005,0.439,0.0,1.0,0.9999999999999999,0.10748852732582398,1
1769784895.4397295,658.6677699627638,0.005,0.439,0.0,1.0,0.9999999999999999,0.1086677699627639,1
1769784895.4424984,660.4238541153278,0.004230313403,1.399,0.19672131147540983,1.0,0.9999999999999999,-1.7798206009387705,1
1769784895.4466329,660.968660968661,0.005,1.399,0.19672131147540983,1.0,0.9999999999999999,-1.8562444537854372,1
1769784895.450338,662.091239402503,0.005,1.399,0.19672131147540983,1.0,0.9999999999999999,-1.8551218753515955,1
1769784895.4535515,663.1958350020025,0.005,1.399,0.19672131147540983,1.0,0.9999999999999999,-1.8540172797520957,1
1769784895.4565282,664.2828764402067,0.005,1.399,0.19672131147540983,1.0,0.9999999999999999,-1.8529302383138917,1
1769784895.459173,665.3527788726842,0.005,1.399,0.19672131147540983,1.0,0.9999999999999999,-1.8518603358814143,1
1769784895.4629345,666.4059444661713,0.005,1.399,0.19672131147540983,1.0,0.9999999999999999,-1.8508071702879272,1
1769784895.4658363,667.4427629026,0.005,1.399,0.19672131147540983,1.0,0.9999999999999999,-1.8497703518514983,1
1769784895.4687793,668.4636118598384,0.005,1.399,0.19672131147540983,1.0,0.9999999999999999,-1.84874950289426,1
1769784895.472128,669.468857470386,0.005,1.399,0.19672131147540983,1.0,0.9999999999999999,-1.8477442572837124,1
1769784895.475287,670.458854759196,0.005,1.399,0.19672131147540983,1.0,0.9999999999999999,-1.8467542599949025,1
1769784895.4789152,671.4339480617238,0.005,1.399,0.19672131147540983,1.0,0.9999999999999999,-1.8457791666923746,1
1769784895.4821296,672.394471423235,0.005,1.399,0.19672131147540983,1.0,0.9999999999999999,-1.8448186433308633,1
1769784895.48518,673.3407489803485,0.005,1.399,0.19672131147540983,1.0,0.9999999999999999,-1.84387236577375,1
1769784895.4892514,674.2730953257269,0.005,1.399,0.19672131147540983,1.0,0.9999999999999999,-1.8429400194283716,1
1769784895.4934268,675.1918158567775,0.005,1.399,0.19672131147540983,1.0,0.9999999999999999,-1.8420212988973208,1
1769784895.4969923,676.0972071091767,0.005,1.399,0.19672131147540983,1.0,0.9999999999999999,-1.8411159076449217,1
1769784895.5001738,676.9895570759813,0.005,1.399,0.19672131147540983,1.0,0.9999999999999999,-1.840223557678117,1
1769784895.5034142,677.8691455130497,0.005,1.399,0.19672131147540983,1.0,0.9999999999999999,-1.8393439692410485,1
1769784895.5069306,678.7362442314519,0.005,1.399,0.19672131147540983,1.0,0.9999999999999999,-1.8384768705226464,1
1769784895.510718,679.5911173775114,0.005,1.399,0.19672131147540983,1.0,0.9999999999999999,-1.8376219973765868,1
1769784895.5149903,680.434021701085,0.005,1.399,0.19672131147540983,1.0,0.9999999999999999,-1.8367790930530135,1
1769784895.5193512,681.2652068126521,0.005,1.399,0.19672131147540983,1.0,0.9999999999999999,-1.8359479079414462,1
1769784895.5258312,682.0849154297549,0.005,1.399,0.19672131147540983,1.0,0.9999999999999999,-1.8351281993243436,1
1769784895.5304031,682.8933836133014,0.005,1.399,0.19672131147540983,1.0,0.9999999999999999,-1.834319731140797,1
1769784895.5343914,683.6908409942117,0.005,1.399,0.19672131147540983,1.0,0.9999999999999999,-1.8335222737598866,1
1769784895.5392327,684.4775109908691,0.005,1.399,0.19672131147540983,1.0,0.9999999999999999,-1.8327356037632294,1
1769784895.5433922,685.2536110178032,0.005,1.399,0.19672131147540983,1.0,0.9999999999999999,-1.831959503736295,1
1769784895.5480704,686.0193526860194,0.005,1.399,0.19672131147540983,1.0,0.9999999999999999,-1.831193762068079,1
1769784895.5524256,689.4265826980445,0.004039053975,0.32,0.01639344262295082,1.0,0.9999999999999999,0.07158675896853639,1
1769784895.5568588,690.1547579848534,0.005,0.32,0.01639344262295082,1.0,0.9999999999999999,-0.023779668244654835,1
1769784895.560336,690.873405299313,0.005,0.32,0.01639344262295082,1.0,0.9999999999999999,-0.023061020930195138,1
1769784895.563291,691.5827104322392,0.005,0.32,0.01639344262295082,1.0,0.9999999999999999,-0.02235171579726903,1
1769784895.5658016,692.2828543752019,0.005,0.32,0.01639344262295082,1.0,0.9999999999999999,-0.021651571854306335,1
1769784895.5685904,692.9740134744948,0.005,0.32,0.01639344262295082,1.0,0.9999999999999999,-0.020960412755013376,1
1769784895.5722632,693.6563595792157,0.005,0.32,0.01639344262295082,1.0,0.9999999999999999,-0.02027806665029242,1
1769784895.5751004,694.3300601837187,0.005,0.32,0.01639344262295082,1.0,0.9999999999999999,-0.01960436604578942,1
1769784895.578267,694.9952785646836,0.005,0.32,0.01639344262295082,1.0,0.9999999999999999,-0.018939147664824525,1
1769784895.5814173,695.6521739130435,0.005,0.32,0.01639344262295082,1.0,0.9999999999999999,-0.01828225231646475,1
1769784895.5846493,696.3009014609885,0.005,0.32,0.01639344262295082,1.0,0.9999999999999999,-0.017633524768519655,1
1769784895.5878334,696.9416126042632,0.005,0.32,0.01639344262295082,1.0,0.9999999999999999,-0.01699281362524497,1
1769784895.5907662,697.574455019957,0.005,0.32,0.01639344262295082,1.0,0.9999999999999999,-0.016359971209551245,1
1769784895.5937319,698.1995727799817,0.005,0.32,0.01639344262295082,1.0,0.9999999999999999,-0.015734853449526416,1
1769784895.5968792,698.8171064604186,0.005,0.32,0.01639344262295082,1.0,0.9999999999999999,-0.015117319769089595,1
1769784895.59961,699.4271932469098,0.005,0.32,0.01639344262295082,1.0,0.9999999999999999,-0.01450723298259838,1
1769784895.602617,700.0299670362601,0.005,0.32,0.01639344262295082,1.0,0.9999999999999999,-0.013904459193248016,1
1769784895.60562,700.6255585344057,0.005,0.32,0.01639344262295082,1.0,0.9999999999999999,-0.013308867695102429,1
1769784895.6083696,701.2140953509032,0.005,0.32,0.01639344262295082,1.0,0.9999999999999999,-0.01272033087860492,1
1769784895.6112368,701.7957020900795,0.005,0.32,0.01639344262295082,1.0,0.9999999999999999,-0.012138724139428632,1
1769784895.613778,702.3705004389815,0.005,0.32,0.01639344262295082,1.0,0.9999999999999999,-0.011563925790526682,1
1769784895.6166306,702.9386092522549,0.005,0.32,0.01639344262295082,1.0,0.9999999999999999,-0.010995816977253277,1
1769784895.6196275,703.5001446340758,0.005,0.32,0.01639344262295082,1.0,0.9999999999999999,-0.010434281595432367,1
1769784895.6227474,704.0552200172564,0.005,0.32,0.01639344262295082,1.0,0.9999999999999999,-0.009879206212251808,1
1769784895.6256325,704.603946239634,0.005,0.32,0.01639344262295082,1.0,0.9999999999999999,-0.009330479989874248,1
1769784895.6298268,705.1464316178561,0.005,0.32,0.01639344262295082,1.0,0.9999999999999999,-0.008787994611652035,1
1769784895.634218,705.68278201866,0.005,0.32,0.01639344262295082,1.0,0.9999999999999999,-0.008251644210848237,1
1769784895.6382868,706.2131009277481,0.005,0.32,0.01639344262295082,1.0,0.9999999999999999,-0.007721325301760069,1
1769784895.6409533,706.7374895163546,0.005,0.32,0.01639344262295082,1.0,0.9999999999999999,-0.007196936713153586,1
1769784895.6437716,707.256046705588,0.005,0.32,0.01639344262295082,1.0,0.9999999999999999,-0.0066783795239201485,1
1769784895.6469688,707.7688692286425,0.005,0.32,0.01639344262295082,1.0,0.9999999999999999,-0.006165557000865636,1
1769784895.6507008,708.2760516909541,0.005,0.32,0.01639344262295082,1.0,0.9999999999999999,-0.005658374538554119,1
1769784895.654734,708.7776866283839,0.005,0.32,0.01639344262295082,1.0,0.9999999999999999,-0.00515673960112429,1
1769784895.6582623,709.2738645635029,0.005,0.32,0.01639344262295082,1.0,0.9999999999999999,-0.004660561666005265,1
1769784895.6617625,709.7646740600487,0.005,0.32,0.01639344262295082,1.0,0.9999999999999999,-0.00416975216945948,1
1769784895.6665263,710.2502017756254,0.005,0.32,0.01639344262295082,1.0,0.9999999999999999,-0.00368422445388273,1
1769784895.6694446,710.7305325127107,0.005,0.32,0.01639344262295082,1.0,0.9999999999999999,-0.0032038937167974194,1
1769784895.6723368,711.205749268033,0.005,0.32,0.01639344262295082,1.0,0.9999999999999999,-0.0027286769614752807,1
1769784895.674724,711.6759332803813,0.005,0.32,0.01639344262295082,1.0,0.9999999999999999,-0.0022584929491269515,1
1769784895.6776037,712.1411640769028,0.005,0.32,0.01639344262295082,1.0,0.9999999999999999,-0.001793262152605453,1
1769784895.6812522,713.4239101925195,0.004522216077,0.569,0.19387755102040816,1.0,0.9999999999999999,-1.727573207711562,1
1769784895.6839252,715.1420380505604,0.005,0.569,0.19387755102040816,1.0,0.9999999999999999,-1.7736334721535212,1
1769784895.6865888,715.5820585947628,0.005,0.569,0.19387755102040816,1.0,0.9999999999999999,-1.7731934516093188,1
1769784895.6890297,716.0175393345371,0.005,0.569,0.19387755102040816,1.0,0.9999999999999999,-1.7727579708695445,1
1769784895.6908655,715.8652609925431,0.005,0.569,0.19387755102040816,1.0,0.9999999999999999,-1.7729102492115385,1
1769784895.6921988,715.8652609925431,0.005,0.569,0.19387755102040816,1.0,0.9999999999999999,-1.7729102492115385,1
1769784895.693474,715.8652609925431,0.005,0.569,0.19387755102040816,1.0,0.9999999999999999,-1.7729102492115385,1
1769784895.6956065,715.8652609925431,0.005,0.569,0.19387755102040816,1.0,0.9999999999999999,-1.7729102492115385,1
1769784895.6970804,715.8652609925431,0.005,0.569,0.19387755102040816,1.0,0.9999999999999999,-1.7729102492115385,1
1769784895.6985948,715.8652609925431,0.005,0.569,0.19387755102040816,1.0,0.9999999999999999,-1.7729102492115385,1
1769784895.798395,2040.816326530612,0.004232936387,0.0,0.0,1.0,10.0,1.1175226878306121,1
1769784895.8011763,1513.5135135135135,0.005,0.0,0.0,1.0,0.9999999999999999,0.9635135135135136,1
1769784895.804701,1263.1578947368423,0.005,0.0,0.0,1.0,0.9999999999999999,0.7131578947368422,1
1769784895.810008,1142.857142857143,0.005,0.0,0.0,1.0,0.9999999999999999,0.592857142857143,1
1769784895.8148973,1072.1649484536083,0.005,0.0,0.0,1.0,0.9999999999999999,0.5221649484536084,1
1769784895.8191442,1025.6410256410256,0.005,0.0,0.0,1.0,0.9999999999999999,0.47564102564102556,1
1769784895.823798,992.7007299270074,0.005,0.0,0.0,1.0,0.9999999999999999,0.44270072992700743,1
1769784895.8279254,968.1528662420382,0.005,0.0,0.0,1.0,0.9999999999999999,0.41815286624203823,1
1769784895.8303642,949.1525423728814,0.005,0.0,0.0,1.0,0.9999999999999999,0.3991525423728814,1
1769784895.8330235,958.3333333333334,0.004158813389,0.507,0.26666666666666666,1.0,0.9999999999999999,-2.174214672233333,1
1769784895.8358464,958.5253456221199,0.005,0.507,0.26666666666666666,1.0,0.9999999999999999,-2.2581413210445467,1
1769784895.8392391,945.1476793248945,0.005,0.507,0.26666666666666666,1.0,0.9999999999999999,-2.271518987341772,1
1769784895.8421326,933.8521400778211,0.005,0.507,0.26666666666666666,1.0,0.9999999999999999,-2.282814526588845,1
1769784895.8442533,933.8521400778211,0.005,0.507,0.26666666666666666,1.0,0.9999999999999999,-2.282814526588845,1
1769784895.8469296,848.7337440109513,0.004883195019,0.507,0.0,1.0,0.9999999999999999,0.31041424211095137,1
1769784895.8492515,858.0441640378549,0.005,0.507,0.0,1.0,0.9999999999999999,0.3080441640378549,1
1769784895.8515232,854.5994065281899,0.005,0.507,0.0,1.0,0.9999999999999999,0.3045994065281899,1
1769784895.8549156,851.5406162464986,0.005,0.507,0.0,1.0,0.9999999999999999,0.3015406162464987,1
1769784895.8583405,848.8063660477453,0.005,0.507,0.0,1.0,0.9999999999999999,0.2988063660477453,1
1769784895.8615935,846.3476070528968,0.005,0.507,0.0,1.0,0.9999999999999999,0.2963476070528968,1
1769784895.864561,863.3093525179856,0.005,0.119,0.07692307692307693,1.0,0.9999999999999999,-0.4559214167127836,1
1769784895.8672297,860.4118993135011,0.005,0.119,0.07692307692307693,1.0,0.9999999999999999,-0.4588188699172682,1
1769784895.8706074,857.7680525164113,0.005,0.119,0.07692307692307693,1.0,0.9999999999999999,-0.46146271671435796,1
1769784895.8747742,855.3459119496856,0.005,0.119,0.07692307692307693,1.0,0.9999999999999999,-0.4638848572810836,1
1769784895.8765938,855.3459119496856,0.005,0.119,0.07692307692307693,1.0,0.9999999999999999,-0.4638848572810836,1
1769784895.8784359,855.3459119496856,0.005,0.119,0.07692307692307693,1.0,0.9999999999999999,-0.4638848572810836,1
1769784895.8803275,855.3459119496856,0.005,0.119,0.07692307692307693,1.0,0.9999999999999999,-0.4638848572810836,1
1769784895.881981,855.3459119496856,0.005,0.119,0.07692307692307693,1.0,0.9999999999999999,-0.4638848572810836,1
1769784895.8840644,855.3459119496856,0.005,0.119,0.07692307692307693,1.0,0.9999999999999999,-0.4638848572810836,1
1769784895.8866918,855.3459119496856,0.005,0.119,0.07692307692307693,1.0,0.9999999999999999,-0.4638848572810836,1
1769784895.8890374,855.3459119496856,0.005,0.119,0.07692307692307693,1.0,0.9999999999999999,-0.4638848572810836,1
1769784895.8912716,855.3459119496856,0.005,0.119,0.07692307692307693,1.0,0.9999999999999999,-0.4638848572810836,1
1769784895.8932116,855.3459119496856,0.005,0.119,0.07692307692307693,1.0,0.9999999999999999,-0.4638848572810836,1
1769784895.895199,855.3459119496856,0.005,0.119,0.07692307692307693,1.0,0.9999999999999999,-0.4638848572810836,1
1769784895.8969727,855.3459119496856,0.005,0.119,0.07692307692307693,1.0,0.9999999999999999,-0.4638848572810836,1
1769784895.8985248,855.3459119496856,0.005,0.119,0.07692307692307693,1.0,0.9999999999999999,-0.4638848572810836,1
1769784895.9013453,855.3459119496856,0.005,0.119,0.07692307692307693,1.0,0.9999999999999999,-0.4638848572810836,1
1769784895.9038303,855.3459119496856,0.005,0.119,0.07692307692307693,1.0,0.9999999999999999,-0.4638848572810836,1
1769784895.906409,855.3459119496856,0.005,0.119,0.07692307692307693,1.0,0.9999999999999999,-0.4638848572810836,1
1769784895.9082572,855.3459119496856,0.005,0.119,0.07692307692307693,1.0,0.9999999999999999,-0.4638848572810836,1
1769784895.910682,855.3459119496856,0.005,0.119,0.07692307692307693,1.0,0.9999999999999999,-0.4638848572810836,1
1769784895.9171686,505.1227066952585,0.004729762999,0.119,0.0,1.0,0.9999999999999999,-0.01785359320474151,1
1769784895.9239275,513.4189031505251,0.005,0.119,0.0,1.0,0.9999999999999999,-0.03658109684947481,1
1769784895.9285336,519.9543899657925,0.005,0.119,0.0,1.0,0.9999999999999999,-0.030045610034207422,1
1769784895.9302707,519.9543899657925,0.005,0.119,0.0,1.0,0.9999999999999999,-0.030045610034207422,1
1769784895.9319906,519.9543899657925,0.005,0.119,0.0,1.0,0.9999999999999999,-0.030045610034207422,1
1769784895.9335065,519.9543899657925,0.005,0.119,0.0,1.0,0.9999999999999999,-0.030045610034207422,1
1769784895.934968,519.9543899657925,0.005,0.119,0.0,1.0,0.9999999999999999,-0.030045610034207422,1
1769784895.9366622,519.9543899657925,0.005,0.119,0.0,1.0,0.9999999999999999,-0.030045610034207422,1
1769784895.938623,519.9543899657925,0.005,0.119,0.0,1.0,0.9999999999999999,-0.030045610034207422,1
1769784895.9425342,466.31100573009286,0.004007494536,0.119,0.0,1.0,0.9999999999999999,0.015561552130092908,1
1769784895.9460244,478.30279652844746,0.005,0.119,0.0,1.0,0.9999999999999999,-0.0716972034715525,1
1769784895.9493868,480.4575786463298,0.005,0.119,0.0,1.0,0.9999999999999999,-0.06954242135367017,1
1769784895.9516494,480.4575786463298,0.005,0.119,0.0,1.0,0.9999999999999999,-0.06954242135367017,1
1769784895.9540958,480.4575786463298,0.005,0.119,0.0,1.0,0.9999999999999999,-0.06954242135367017,1
1769784895.9560637,480.4575786463298,0.005,0.119,0.0,1.0,0.9999999999999999,-0.06954242135367017,1
1769784895.957724,480.4575786463298,0.005,0.119,0.0,1.0,0.9999999999999999,-0.06954242135367017,1
1769784895.9590623,480.4575786463298,0.005,0.119,0.0,1.0,0.9999999999999999,-0.06954242135367017,1
1769784895.9604719,480.4575786463298,0.005,0.119,0.0,1.0,0.9999999999999999,-0.06954242135367017,1
1769784895.9621143,480.4575786463298,0.005,0.119,0.0,1.0,0.9999999999999999,-0.06954242135367017,1
1769784895.9642472,480.4575786463298,0.005,0.119,0.0,1.0,0.9999999999999999,-0.06954242135367017,1
1769784895.9658966,480.4575786463298,0.005,0.119,0.0,1.0,0.9999999999999999,-0.06954242135367017,1
1769784895.9676113,480.4575786463298,0.005,0.119,0.0,1.0,0.9999999999999999,-0.06954242135367017,1
1769784895.9726417,413.469068128426,0.004010698612,0.119,0.0,1.0,0.9999999999999999,-0.03760079307157405,1
1769784895.9746215,413.469068128426,0.004010698612,0.119,0.0,1.0,0.9999999999999999,-0.03760079307157405,1
1769784895.976694,413.469068128426,0.004010698612,0.119,0.0,1.0,0.9999999999999999,-0.03760079307157405,1
1769784895.9803615,407.4906367041199,0.004775635234,0.119,0.0,1.0,0.9999999999999999,-0.12007288669588012,1
1769784895.9831164,412.6750184229919,0.005,0.119,0.0,1.0,0.9999999999999999,-0.13732498157700807,1
1769784895.9868703,418.30065359477123,0.005,0.119,0.0,1.0,0.9999999999999999,-0.13169934640522873,1
1769784895.9897265,423.765211166786,0.005,0.119,0.0,1.0,0.9999999999999999,-0.12623478883321398,1
1769784895.9921026,429.07551164431896,0.005,0.119,0.0,1.0,0.9999999999999999,-0.12092448835568104,1
1769784895.994201,431.0706787963611,0.005,0.119,0.0,1.0,0.9999999999999999,-0.11892932120363886,1
1769784895.9966464,431.0706787963611,0.005,0.119,0.0,1.0,0.9999999999999999,-0.11892932120363886,1
1769784895.9985652,431.0706787963611,0.005,0.119,0.0,1.0,0.9999999999999999,-0.11892932120363886,1
1769784896.00005,431.0706787963611,0.005,0.119,0.0,1.0,0.9999999999999999,-0.11892932120363886,1
1769784896.0014267,431.0706787963611,0.005,0.119,0.0,1.0,0.9999999999999999,-0.11892932120363886,1
1769784896.0033572,431.0706787963611,0.005,0.119,0.0,1.0,0.9999999999999999,-0.11892932120363886,1
1769784896.0050845,431.0706787963611,0.005,0.119,0.0,1.0,0.9999999999999999,-0.11892932120363886,1
1769784896.0064778,431.0706787963611,0.005,0.119,0.0,1.0,0.9999999999999999,-0.11892932120363886,1
1769784896.0077941,431.0706787963611,0.005,0.119,0.0,1.0,0.9999999999999999,-0.11892932120363886,1
1769784896.0091722,431.0706787963611,0.005,0.119,0.0,1.0,0.9999999999999999,-0.11892932120363886,1
1769784896.0112047,431.0706787963611,0.005,0.119,0.0,1.0,0.9999999999999999,-0.11892932120363886,1
1769784896.0129158,431.0706787963611,0.005,0.119,0.0,1.0,0.9999999999999999,-0.11892932120363886,1
1769784896.0144303,431.0706787963611,0.005,0.119,0.0,1.0,0.9999999999999999,-0.11892932120363886,1
1769784896.0159998,431.0706787963611,0.005,0.119,0.0,1.0,0.9999999999999999,-0.11892932120363886,1
1769784896.0175395,431.0706787963611,0.005,0.119,0.0,1.0,0.9999999999999999,-0.11892932120363886,1
1769784896.0191946,431.0706787963611,0.005,0.119,0.0,1.0,0.9999999999999999,-0.11892932120363886,1
1769784896.0216067,431.0706787963611,0.005,0.119,0.0,1.0,0.9999999999999999,-0.11892932120363886,1
1769784896.0242712,431.0706787963611,0.005,0.119,0.0,1.0,0.9999999999999999,-0.11892932120363886,1
1769784896.027669,431.0706787963611,0.005,0.119,0.0,1.0,0.9999999999999999,-0.11892932120363886,1
1769784896.0301652,431.0706787963611,0.005,0.119,0.0,1.0,0.9999999999999999,-0.11892932120363886,1
1769784896.0324514,431.0706787963611,0.005,0.119,0.0,1.0,0.9999999999999999,-0.11892932120363886,1
1769784896.0341797,431.0706787963611,0.005,0.119,0.0,1.0,0.9999999999999999,-0.11892932120363886,1
1769784896.036244,431.0706787963611,0.005,0.119,0.0,1.0,0.9999999999999999,-0.11892932120363886,1
1769784896.0379674,431.0706787963611,0.005,0.119,0.0,1.0,0.9999999999999999,-0.11892932120363886,1
1769784896.0396478,431.0706787963611,0.005,0.119,0.0,1.0,0.9999999999999999,-0.11892932120363886,1
1769784896.041216,431.0706787963611,0.005,0.119,0.0,1.0,0.9999999999999999,-0.11892932120363886,1
1769784896.0425003,431.0706787963611,0.005,0.119,0.0,1.0,0.9999999999999999,-0.11892932120363886,1
1769784896.0439878,431.0706787963611,0.005,0.119,0.0,1.0,0.9999999999999999,-0.11892932120363886,1
1769784896.0458224,431.0706787963611,0.005,0.119,0.0,1.0,0.9999999999999999,-0.11892932120363886,1
1769784896.047219,431.0706787963611,0.005,0.119,0.0,1.0,0.9999999999999999,-0.11892932120363886,1
1769784896.0488381,431.0706787963611,0.005,0.119,0.0,1.0,0.9999999999999999,-0.11892932120363886,1
1769784896.0521362,307.4827284226915,0.004744354564,0.27,0.0,1.0,0.9999999999999999,-0.21695272797730847,1
1769784896.0552473,311.9884448724121,0.005,0.27,0.0,1.0,0.9999999999999999,-0.23801155512758787,1
1769784896.0577884,316.6428230805913,0.005,0.27,0.0,1.0,0.9999999999999999,-0.23335717691940866,1
1769784896.0601547,321.2092583845064,0.005,0.27,0.0,1.0,0.9999999999999999,-0.22879074161549356,1
1769784896.0628,325.6902199344876,0.005,0.27,0.0,1.0,0.9999999999999999,-0.2243097800655124,1
1769784896.0651426,330.08808530366247,0.005,0.27,0.0,1.0,0.9999999999999999,-0.21991191469633753,1
1769784896.0675154,334.40514469453376,0.005,0.27,0.0,1.0,0.9999999999999999,-0.21559485530546624,1
1769784896.0700896,338.6436049157943,0.005,0.27,0.0,1.0,0.9999999999999999,-0.21135639508420567,1
1769784896.0727036,342.8055931438882,0.005,0.27,0.0,1.0,0.9999999999999999,-0.2071944068561118,1
1769784896.0759888,346.8931604827894,0.005,0.27,0.0,1.0,0.9999999999999999,-0.20310683951721054,1
1769784896.0796077,350.90828533451486,0.005,0.27,0.0,1.0,0.9999999999999999,-0.19909171466548514,1
1769784896.0822232,354.852876592007,0.005,0.27,0.0,1.0,0.9999999999999999,-0.19514712340799295,1
1769784896.0846806,358.7287766652155,0.005,0.27,0.0,1.0,0.9999999999999999,-0.19127122333478447,1
1769784896.0862725,358.7287766652155,0.005,0.27,0.0,1.0,0.9999999999999999,-0.19127122333478447,1
1769784896.0875692,358.7287766652155,0.005,0.27,0.0,1.0,0.9999999999999999,-0.19127122333478447,1
1769784896.0898848,358.7287766652155,0.005,0.27,0.0,1.0,0.9999999999999999,-0.19127122333478447,1
1769784896.0914316,358.7287766652155,0.005,0.27,0.0,1.0,0.9999999999999999,-0.19127122333478447,1
1769784896.0931063,358.7287766652155,0.005,0.27,0.0,1.0,0.9999999999999999,-0.19127122333478447,1
1769784896.0949411,358.7287766652155,0.005,0.27,0.0,1.0,0.9999999999999999,-0.19127122333478447,1
1769784896.0964887,358.7287766652155,0.005,0.27,0.0,1.0,0.9999999999999999,-0.19127122333478447,1
1769784896.100271,341.51894617010896,0.004622071019,0.438,0.0,1.0,0.9999999999999999,-0.170688155729891,1
1769784896.10382,343.45889023896314,0.005,0.438,0.0,1.0,0.9999999999999999,-0.20654110976103685,1
1769784896.1064425,343.45889023896314,0.005,0.438,0.0,1.0,0.9999999999999999,-0.20654110976103685,1
1769784896.1082768,343.45889023896314,0.005,0.438,0.0,1.0,0.9999999999999999,-0.20654110976103685,1
1769784896.1098158,343.45889023896314,0.005,0.438,0.0,1.0,0.9999999999999999,-0.20654110976103685,1
1769784896.1114798,343.45889023896314,0.005,0.438,0.0,1.0,0.9999999999999999,-0.20654110976103685,1
1769784896.11321,343.45889023896314,0.005,0.438,0.0,1.0,0.9999999999999999,-0.20654110976103685,1
1769784896.1147556,343.45889023896314,0.005,0.438,0.0,1.0,0.9999999999999999,-0.20654110976103685,1
1769784896.1162963,343.45889023896314,0.005,0.438,0.0,1.0,0.9999999999999999,-0.20654110976103685,1
1769784896.1178198,343.45889023896314,0.005,0.438,0.0,1.0,0.9999999999999999,-0.20654110976103685,1
1769784896.1194088,343.45889023896314,0.005,0.438,0.0,1.0,0.9999999999999999,-0.20654110976103685,1
1769784896.120976,343.45889023896314,0.005,0.438,0.0,1.0,0.9999999999999999,-0.20654110976103685,1
1769784896.1227312,343.45889023896314,0.005,0.438,0.0,1.0,0.9999999999999999,-0.20654110976103685,1
1769784896.1243112,343.45889023896314,0.005,0.438,0.0,1.0,0.9999999999999999,-0.20654110976103685,1
1769784896.1258726,343.45889023896314,0.005,0.438,0.0,1.0,0.9999999999999999,-0.20654110976103685,1
1769784896.1275918,343.45889023896314,0.005,0.438,0.0,1.0,0.9999999999999999,-0.20654110976103685,1
1769784896.129317,343.45889023896314,0.005,0.438,0.0,1.0,0.9999999999999999,-0.20654110976103685,1
1769784896.1307776,343.45889023896314,0.005,0.438,0.0,1.0,0.9999999999999999,-0.20654110976103685,1
1769784896.1323783,343.45889023896314,0.005,0.438,0.0,1.0,0.9999999999999999,-0.20654110976103685,1
1769784896.1338787,343.45889023896314,0.005,0.438,0.0,1.0,0.9999999999999999,-0.20654110976103685,1
1769784896.136687,343.45889023896314,0.005,0.438,0.0,1.0,0.9999999999999999,-0.20654110976103685,1
1769784896.1382897,343.45889023896314,0.005,0.438,0.0,1.0,0.9999999999999999,-0.20654110976103685,1
1769784896.1399744,343.45889023896314,0.005,0.438,0.0,1.0,0.9999999999999999,-0.20654110976103685,1
1769784896.1414173,343.45889023896314,0.005,0.438,0.0,1.0,0.9999999999999999,-0.20654110976103685,1
1769784896.14353,291.27535048319044,0.004939627454,0.438,0.0,1.0,0.9999999999999999,-0.2526873949168096,1
1769784896.1462717,294.8934731146432,0.005,0.438,0.0,1.0,0.9999999999999999,-0.2551065268853568,1
1769784896.148915,298.2868659724555,0.005,0.438,0.0,1.0,0.9999999999999999,-0.2517131340275445,1
1769784896.1536417,301.63496830163496,0.005,0.438,0.0,1.0,0.9999999999999999,-0.24836503169836505,1
1769784896.1572404,304.9386808087504,0.005,0.438,0.0,1.0,0.9999999999999999,-0.24506131919124957,1
1769784896.1608713,308.19888047415213,0.005,0.438,0.0,1.0,0.9999999999999999,-0.24180111952584787,1
1769784896.1643434,311.41642132809943,0.005,0.438,0.0,1.0,0.9999999999999999,-0.23858357867190055,1
1769784896.1676188,314.59213519662006,0.005,0.438,0.0,1.0,0.9999999999999999,-0.23540786480337994,1
1769784896.1707513,317.7268324184695,0.005,0.438,0.0,1.0,0.9999999999999999,-0.2322731675815305,1
1769784896.1739182,320.8213025344883,0.005,0.438,0.0,1.0,0.9999999999999999,-0.22917869746551167,1
1769784896.1775167,323.87631495058974,0.005,0.438,0.0,1.0,0.9999999999999999,-0.22612368504941022,1
1769784896.1809008,326.8926195755464,0.005,0.438,0.0,1.0,0.9999999999999999,-0.22310738042445355,1
1769784896.1857636,329.8709474346868,0.005,0.438,0.0,1.0,0.9999999999999999,-0.22012905256531318,1
1769784896.1896715,332.8120112605568,0.005,0.438,0.0,1.0,0.9999999999999999,-0.21718798873944317,1
1769784896.1935198,335.716506061548,0.005,0.438,0.0,1.0,0.9999999999999999,-0.21428349393845197,1
1769784896.19815,338.58510966944704,0.005,0.438,0.0,1.0,0.9999999999999999,-0.21141489033055294,1
1769784896.2019749,341.41848326681,0.005,0.438,0.0,1.0,0.9999999999999999,-0.20858151673319003,1
1769784896.2057767,344.217271895026,0.005,0.438,0.0,1.0,0.9999999999999999,-0.205782728104974,1
1769784896.208821,346.9821049438884,0.005,0.438,0.0,1.0,0.9999999999999999,-0.20301789505611162,1
1769784896.2119176,349.7135966234549,0.005,0.438,0.0,1.0,0.9999999999999999,-0.20028640337654507,1
1769784896.2151585,352.4123464189392,0.005,0.438,0.0,1.0,0.9999999999999999,-0.19758765358106078,1
1769784896.2184331,355.07893952934165,0.005,0.438,0.0,1.0,0.9999999999999999,-0.19492106047065832,1
1769784896.2215977,357.71394729049456,0.005,0.438,0.0,1.0,0.9999999999999999,-0.19228605270950544,1
1769784896.2245476,360.31792758316163,0.005,0.438,0.0,1.0,0.9999999999999999,-0.18968207241683832,1
1769784896.2275856,362.89142522680714,0.005,0.438,0.0,1.0,0.9999999999999999,-0.18710857477319282,1
1769784896.231131,365.434972359616,0.005,0.438,0.0,1.0,0.9999999999999999,-0.18456502764038402,1
1769784896.2347472,367.9490888053225,0.005,0.438,0.0,1.0,0.9999999999999999,-0.18205091119467748,1
1769784896.2383397,370.43428242737997,0.005,0.438,0.0,1.0,0.9999999999999999,-0.17956571757262002,1
1769784896.2411427,372.89104947097513,0.005,0.438,0.0,1.0,0.9999999999999999,-0.17710895052902487,1
1769784896.2440434,375.319874893375,0.005,0.438,0.0,1.0,0.9999999999999999,-0.17468012510662495,1
1769784896.2481935,377.7212326830648,0.005,0.438,0.0,1.0,0.9999999999999999,-0.1722787673169352,1
1769784896.251957,380.0955861681192,0.005,0.438,0.0,1.0,0.9999999999999999,-0.16990441383188076,1
1769784896.255478,382.4433883142298,0.005,0.438,0.0,1.0,0.9999999999999999,-0.16755661168577018,1
1769784896.2581596,384.76508201278847,0.005,0.438,0.0,1.0,0.9999999999999999,-0.16523491798721152,1
1769784896.261276,387.06110035941384,0.005,0.438,0.0,1.0,0.9999999999999999,-0.16293889964058617,1
1769784896.2647114,389.33186692328843,0.005,0.438,0.0,1.0,0.9999999999999999,-0.16066813307671157,1
1769784896.2673411,391.57779600765656,0.005,0.438,0.0,1.0,0.9999999999999999,-0.1584222039923434,1
1769784896.2709067,393.7992929018222,0.005,0.438,0.0,1.0,0.9999999999999999,-0.1562007070981778,1
1769784896.274291,395.9967541249662,0.005,0.438,0.0,1.0,0.9999999999999999,-0.15400324587503383,1
1769784896.276953,398.17056766209305,0.005,0.438,0.0,1.0,0.9999999999999999,-0.1518294323379069,1
1769784896.2809706,400.32111319240033,0.005,0.438,0.0,1.0,0.9999999999999999,-0.14967888680759966,1
1769784896.2842894,402.448762310354,0.005,0.438,0.0,1.0,0.9999999999999999,-0.14755123768964595,1
1769784896.2878268,404.5538787397406,0.005,0.438,0.0,1.0,0.9999999999999999,-0.1454461212602594,1
1769784896.29126,406.6368185409534,0.005,0.438,0.0,1.0,0.9999999999999999,-0.14336318145904658,1
1769784896.2945428,408.6979303117632,0.005,0.438,0.0,1.0,0.9999999999999999,-0.14130206968823683,1
1769784896.2976317,410.7375553818087,0.005,0.438,0.0,1.0,0.9999999999999999,-0.13926244461819126,1
1769784896.3003461,412.75602800103707,0.005,0.438,0.0,1.0,0.9999999999999999,-0.13724397199896293,1
1769784896.303207,414.7536755223111,0.005,0.438,0.0,1.0,0.9999999999999999,-0.13524632447768892,1
1769784896.3056955,416.73081857839367,0.005,0.438,0.0,1.0,0.9999999999999999,-0.13326918142160632,1
1769784896.3083072,418.68777125351033,0.005,0.438,0.0,1.0,0.9999999999999999,-0.13131222874648962,1
1769784896.3112822,420.6248412496825,0.005,0.438,0.0,1.0,0.9999999999999999,-0.12937515875031746,1
1769784896.3138509,422.5423300480162,0.005,0.438,0.0,1.0,0.9999999999999999,-0.12745766995198377,1
1769784896.3165731,424.4405330651245,0.005,0.438,0.0,1.0,0.9999999999999999,-0.12555946693487546,1
1769784896.319963,426.31973980485367,0.005,0.438,0.0,1.0,0.9999999999999999,-0.12368026019514633,1
1769784896.4122095,1927.7108433734938,0.004333936709,0.0,0.0,1.0,10.0,0.9943171724734938,1
1769784896.4181604,1513.5135135135135,0.005,0.0,0.0,1.0,0.9999999999999999,0.9635135135135136,1
1769784896.42249,1263.1578947368423,0.005,0.0,0.0,1.0,0.9999999999999999,0.7131578947368422,1
1769784896.4256756,1142.857142857143,0.005,0.0,0.0,1.0,0.9999999999999999,0.592857142857143,1
1769784896.428914,1072.1649484536083,0.005,0.0,0.0,1.0,0.9999999999999999,0.5221649484536084,1
1769784896.4318914,1025.6410256410256,0.005,0.0,0.0,1.0,0.9999999999999999,0.47564102564102556,1
1769784896.4349053,992.7007299270074,0.005,0.0,0.0,1.0,0.9999999999999999,0.44270072992700743,1
1769784896.4392755,968.1528662420382,0.005,0.0,0.0,1.0,0.9999999999999999,0.41815286624203823,1
1769784896.4427052,949.1525423728814,0.005,0.0,0.0,1.0,0.9999999999999999,0.3991525423728814,1
1769784896.446716,934.010152284264,0.005,0.0,0.0,1.0,0.9999999999999999,0.384010152284264,1
1769784896.4504676,921.6589861751153,0.005,0.0,0.0,1.0,0.9999999999999999,0.37165898617511534,1
1769784896.4542968,911.3924050632911,0.005,0.0,0.0,1.0,0.9999999999999999,0.3613924050632911,1
1769784896.457068,902.7237354085604,0.005,0.0,0.0,1.0,0.9999999999999999,0.35272373540856045,1
1769784896.4594047,895.3068592057762,0.005,0.0,0.0,1.0,0.9999999999999999,0.34530685920577614,1
1769784896.4622328,888.8888888888889,0.005,0.0,0.0,1.0,0.9999999999999999,0.33888888888888896,1
1769784896.4648447,883.2807570977918,0.005,0.0,0.0,1.0,0.9999999999999999,0.33328075709779187,1
1769784896.4682846,878.3382789317507,0.005,0.0,0.0,1.0,0.9999999999999999,0.32833827893175066,1
1769784896.4717262,873.9495798319329,0.005,0.0,0.0,1.0,0.9999999999999999,0.3239495798319329,1
1769784896.474315,870.026525198939,0.005,0.0,0.0,1.0,0.9999999999999999,0.320026525198939,1
1769784896.476886,866.4987405541563,0.005,0.0,0.0,1.0,0.9999999999999999,0.31649874055415633,1
1769784896.4798818,863.3093525179856,0.005,0.0,0.0,1.0,0.9999999999999999,0.3133093525179857,1
1769784896.482485,860.4118993135011,0.005,0.0,0.0,1.0,0.9999999999999999,0.31041189931350105,1
1769784896.4848502,857.7680525164113,0.005,0.0,0.0,1.0,0.9999999999999999,0.3077680525164113,1
1769784896.4871545,855.3459119496856,0.005,0.0,0.0,1.0,0.9999999999999999,0.3053459119496857,1
1769784896.4896333,853.1187122736419,0.005,0.0,0.0,1.0,0.9999999999999999,0.3031187122736419,1
1769784896.492287,851.063829787234,0.005,0.0,0.0,1.0,0.9999999999999999,0.30106382978723406,1
1769784896.4946206,849.1620111731844,0.005,0.0,0.0,1.0,0.9999999999999999,0.29916201117318447,1
1769784896.4974449,847.3967684021544,0.005,0.0,0.0,1.0,0.9999999999999999,0.2973967684021544,1
1769784896.5012453,845.7538994800694,0.005,0.0,0.0,1.0,0.9999999999999999,0.2957538994800694,1
1769784896.504374,844.2211055276382,0.005,0.0,0.0,1.0,0.9999999999999999,0.2942211055276382,1
1769784896.5068939,842.7876823338736,0.005,0.0,0.0,1.0,0.9999999999999999,0.2927876823338736,1
1769784896.5092387,841.4442700156985,0.005,0.0,0.0,1.0,0.9999999999999999,0.29144427001569856,1
1769784896.5119767,840.1826484018264,0.005,0.0,0.0,1.0,0.9999999999999999,0.29018264840182645,1
1769784896.5153053,838.9955686853767,0.005,0.0,0.0,1.0,0.9999999999999999,0.28899556868537674,1
1769784896.5179696,837.8766140602582,0.005,0.0,0.0,1.0,0.9999999999999999,0.2878766140602583,1
1769784896.5208995,836.8200836820084,0.005,0.0,0.0,1.0,0.9999999999999999,0.28682008368200845,1
1769784896.5232594,835.820895522388,0.005,0.0,0.0,1.0,0.9999999999999999,0.28582089552238804,1
1769784896.5264907,834.8745046235139,0.005,0.0,0.0,1.0,0.9999999999999999,0.2848745046235139,1
1769784896.529646,833.976833976834,0.005,0.0,0.0,1.0,0.9999999999999999,0.283976833976834,1
1769784896.5325742,833.1242158092848,0.005,0.0,0.0,1.0,0.9999999999999999,0.2831242158092849,1
1769784896.5353963,832.313341493268,0.005,0.0,0.0,1.0,0.9999999999999999,0.2823133414932681,1
1769784896.5382192,831.5412186379929,0.005,0.0,0.0,1.0,0.9999999999999999,0.2815412186379929,1
1769784896.5418482,830.8051341890315,0.005,0.0,0.0,1.0,0.9999999999999999,0.28080513418903147,1
1769784896.5448222,830.102622576967,0.005,0.0,0.0,1.0,0.9999999999999999,0.280102622576967,1
1769784896.5471914,829.4314381270902,0.005,0.0,0.0,1.0,0.9999999999999999,0.2794314381270903,1
1769784896.5495348,828.7895310796074,0.005,0.0,0.0,1.0,0.9999999999999999,0.2787895310796074,1
1769784896.5517516,828.1750266808965,0.005,0.0,0.0,1.0,0.9999999999999999,0.2781750266808965,1
1769784896.554702,827.5862068965517,0.005,0.0,0.0,1.0,0.9999999999999999,0.2775862068965517,1
1769784896.5587983,827.0214943705221,0.005,0.0,0.0,1.0,0.9999999999999999,0.2770214943705221,1
1769784896.5643885,826.4794383149448,0.005,0.0,0.0,1.0,0.9999999999999999,0.27647943831494487,1
1769784896.5697846,825.9587020648968,0.005,0.0,0.0,1.0,0.9999999999999999,0.27595870206489687,1
1769784896.574041,825.4580520732884,0.005,0.0,0.0,1.0,0.9999999999999999,0.2754580520732884,1
1769784896.5770073,824.9763481551561,0.005,0.0,0.0,1.0,0.9999999999999999,0.2749763481551561,1
1769784896.5797026,824.5125348189415,0.005,0.0,0.0,1.0,0.9999999999999999,0.2745125348189415,1
1769784896.582553,824.0656335460346,0.005,0.0,0.0,1.0,0.9999999999999999,0.2740656335460347,1
1769784896.585354,823.6347358997315,0.005,0.0,0.0,1.0,0.9999999999999999,0.2736347358997315,1
1769784896.5882256,823.2189973614776,0.005,0.0,0.0,1.0,0.9999999999999999,0.27321899736147764,1
1769784896.5907204,822.8176318063959,0.005,0.0,0.0,1.0,0.9999999999999999,0.2728176318063959,1
1769784896.5929372,822.4299065420561,0.005,0.0,0.0,1.0,0.9999999999999999,0.27242990654205607,1
1769784896.5952573,822.0551378446115,0.005,0.0,0.0,1.0,0.9999999999999999,0.2720551378446116,1
1769784896.5988202,821.6926869350863,0.005,0.0,0.0,1.0,0.9999999999999999,0.27169268693508625,1
1769784896.6012938,821.3419563459985,0.005,0.0,0.0,1.0,0.9999999999999999,0.2713419563459985,1
1769784896.6036713,821.0023866348448,0.005,0.0,0.0,1.0,0.9999999999999999,0.2710023866348448,1
1769784896.6058373,820.6734534064213,0.005,0.0,0.0,1.0,0.9999999999999999,0.2706734534064214,1
1769784896.6082158,820.35466461064,0.005,0.0,0.0,1.0,0.9999999999999999,0.2703546646106401,1
1769784896.6104183,820.0455580865604,0.005,0.0,0.0,1.0,0.9999999999999999,0.27004555808656044,1
1769784896.6129282,819.7456993268512,0.005,0.0,0.0,1.0,0.9999999999999999,0.2697456993268513,1
1769784896.6155205,819.4546794399411,0.005,0.0,0.0,1.0,0.9999999999999999,0.2694546794399411,1
1769784896.6177337,819.1721132897603,0.005,0.0,0.0,1.0,0.9999999999999999,0.2691721132897604,1
1769784896.6206262,818.8976377952756,0.005,0.0,0.0,1.0,0.9999999999999999,0.2688976377952756,1
1769784896.6238964,818.6309103740297,0.005,0.0,0.0,1.0,0.9999999999999999,0.2686309103740297,1
1769784896.6272922,818.3716075156576,0.005,0.0,0.0,1.0,0.9999999999999999,0.26837160751565764,1
1769784896.6307638,822.8195282501372,0.004251897897,4.302,0.5254777070063694,1.0,0.9999999999999999,-4.907147331513557,1
1769784896.6334093,823.2904536222072,0.005,4.302,0.5254777070063694,1.0,0.9999999999999999,-4.981486616441487,1
1769784896.6362615,822.9792919171678,0.005,4.302,0.5254777070063694,1.0,0.9999999999999999,-4.981797778146526,1
1769784896.6391406,822.6763348714568,0.005,4.302,0.5254777070063694,1.0,0.9999999999999999,-4.982100735192237,1
1769784896.6419826,822.3812621990892,0.005,4.302,0.5254777070063694,1.0,0.9999999999999999,-4.982395807864605,1
1769784896.6468673,822.0937700706487,0.005,4.302,0.5254777070063694,1.0,0.9999999999999999,-4.982683299993045,1
1769784896.651291,821.8135700697527,0.005,4.302,0.5254777070063694,1.0,0.9999999999999999,-4.982963499993941,1
1769784896.6552641,821.5403882279275,0.005,4.302,0.5254777070063694,1.0,0.9999999999999999,-4.983236681835766,1
1769784896.6598125,821.273964131107,0.005,4.302,0.5254777070063694,1.0,0.9999999999999999,-4.983503105932587,1
1769784896.6635015,821.014050091631,0.005,4.302,0.5254777070063694,1.0,0.9999999999999999,-4.983763019972063,1
1769784896.6667845,820.7604103802051,0.005,4.302,0.5254777070063694,1.0,0.9999999999999999,-4.984016659683489,1
1769784896.669685,820.5128205128206,0.005,4.302,0.5254777070063694,1.0,0.9999999999999999,-4.984264249550874,1
1769784896.673015,820.2710665880967,0.005,4.302,0.5254777070063694,1.0,0.9999999999999999,-4.984506003475597,1
1769784896.676643,820.0349446709378,0.005,4.302,0.5254777070063694,1.0,0.9999999999999999,-4.984742125392756,1
1769784896.6826494,820.371010485079,0.0040372823689999995,4.302,0.06666666666666667,1.0,0.9999999999999999,-0.30002389308158756,1
1769784896.686619,819.578827546955,0.005,4.302,0.06666666666666667,1.0,0.9999999999999999,-0.3970878391197115,1
1769784896.6906106,819.358469330332,0.005,4.302,0.06666666666666667,1.0,0.9999999999999999,-0.39730819733633455,1
1769784896.694268,819.1430161380079,0.005,4.302,0.06666666666666667,1.0,0.9999999999999999,-0.39752365052865873,1
1769784896.698174,818.9323059988993,0.005,4.302,0.06666666666666667,1.0,0.9999999999999999,-0.3977343606677673,1
1769784896.7029045,818.726183995645,0.005,4.302,0.06666666666666667,1.0,0.9999999999999999,-0.3979404826710216,1
1769784896.7068315,818.5245018847603,0.005,4.302,0.06666666666666667,1.0,0.9999999999999999,-0.3981421647819063,1
1769784896.7098851,818.3271177410762,0.005,4.302,0.06666666666666667,1.0,0.9999999999999999,-0.39833954892559037,1
1769784896.7135136,818.1338956246706,0.005,4.302,0.06666666666666667,1.0,0.9999999999999999,-0.3985327710419961,1
1769784896.7179267,817.944705268649,0.005,4.302,0.06666666666666667,1.0,0.9999999999999999,-0.3987219613980176,1
1769784896.7221246,817.7594217862674,0.005,4.302,0.06666666666666667,1.0,0.9999999999999999,-0.39890724488039925,1
1769784896.7264626,817.5779253960143,0.005,4.302,0.06666666666666667,1.0,0.9999999999999999,-0.39908874127065236,1
1769784896.7305129,817.4001011633788,0.005,4.302,0.06666666666666667,1.0,0.9999999999999999,-0.3992665655032877,1
1769784896.7339242,817.2258387581372,0.005,4.302,0.06666666666666667,1.0,0.9999999999999999,-0.39944082790852936,1
1769784896.7380517,817.0550322260784,0.005,4.302,0.06666666666666667,1.0,0.9999999999999999,-0.39961163444058817,1
1769784896.7418785,816.8875797741777,0.005,4.302,0.06666666666666667,1.0,0.9999999999999999,-0.3997790868924889,1
1769784896.7461414,816.7233835683033,0.005,4.302,0.06666666666666667,1.0,0.9999999999999999,-0.3999432830983633,1
1769784896.7503016,816.5623495426096,0.005,4.302,0.06666666666666667,1.0,0.9999999999999999,-0.400104317124057,1
1769784896.7543921,816.4043872198379,0.005,4.302,0.06666666666666667,1.0,0.9999999999999999,-0.40026227944682874,1
1769784896.7598178,816.2494095418045,0.005,4.302,0.06666666666666667,1.0,0.9999999999999999,-0.40041725712486204,1
1769784896.765422,816.0973327094057,0.005,4.302,0.06666666666666667,1.0,0.9999999999999999,-0.40056933395726096,1
1769784896.7697167,815.9480760315253,0.005,4.302,0.06666666666666667,1.0,0.9999999999999999,-0.4007185906351413,1
1769784896.7737226,815.8015617822692,0.005,4.302,0.06666666666666667,1.0,0.9999999999999999,-0.40086510488439736,1
1769784896.7778707,815.6577150659991,0.005,4.302,0.06666666666666667,1.0,0.9999999999999999,-0.40100895160066746,1
1769784896.7823167,815.5164636896708,0.005,4.302,0.06666666666666667,1.0,0.9999999999999999,-0.40115020297699583,1
1769784896.787445,815.3777380420205,0.005,4.302,0.06666666666666667,1.0,0.9999999999999999,-0.4012889286246461,1
1769784896.7924247,815.2414709791759,0.005,4.302,0.06666666666666667,1.0,0.9999999999999999,-0.40142519568749063,1
1769784896.7962248,815.1075977162934,0.005,4.302,0.06666666666666667,1.0,0.9999999999999999,-0.40155906895037324,1
1769784896.8009057,814.9760557248585,0.005,4.302,0.06666666666666667,1.0,0.9999999999999999,-0.4016906109418081,1
1769784896.8055015,814.8467846353043,0.005,4.302,0.06666666666666667,1.0,0.9999999999999999,-0.40181988203136226,1
1769784896.8107343,814.7197261446298,0.005,4.302,0.06666666666666667,1.0,0.9999999999999999,-0.4019469405220368,1
1769784896.816025,814.5948239287229,0.005,4.302,0.06666666666666667,1.0,0.9999999999999999,-0.40207184273794366,1
1769784896.8208866,814.4720235591082,0.005,4.302,0.06666666666666667,1.0,0.9999999999999999,-0.4021946431075584,1
1769784896.8252134,814.3512724238632,0.005,4.302,0.06666666666666667,1.0,0.9999999999999999,-0.40231539424280344,1
1769784896.8284104,814.2325196524617,0.005,4.302,0.06666666666666667,1.0,0.9999999999999999,-0.4024341470142048,1
1769784896.8319964,814.1157160443167,0.005,4.302,0.06666666666666667,1.0,0.9999999999999999,-0.40255095062234986,1
1769784896.8353355,814.000814000814,0.005,4.302,0.06666666666666667,1.0,0.9999999999999999,-0.4026658526658526,1
1769784896.8388958,813.8877674606379,0.005,4.302,0.06666666666666667,1.0,0.9999999999999999,-0.4027788992060288,1
1769784896.8422518,813.7765318382059,0.005,4.302,0.06666666666666667,1.0,0.9999999999999999,-0.40289013482846076,1
1769784896.8457434,813.6670639650378,0.005,4.302,0.06666666666666667,1.0,0.9999999999999999,-0.4029996027016289,1
1769784896.8515732,813.5593220338983,0.005,4.302,0.06666666666666667,1.0,0.9999999999999999,-0.40310734463276826,1
1769784896.8571057,813.4532655455612,0.005,4.302,0.06666666666666667,1.0,0.9999999999999999,-0.40321340112110543,1
1769784896.8617241,813.348855258052,0.005,4.302,0.06666666666666667,1.0,0.9999999999999999,-0.4033178114086146,1
1769784896.866293,813.2460531382364,0.005,4.302,0.06666666666666667,1.0,0.9999999999999999,-0.4034206135284301,1
1769784896.87081,813.1448223156286,0.005,4.302,0.06666666666666667,1.0,0.9999999999999999,-0.40352184435103794,1
1769784896.8746665,813.0451270383011,0.005,4.302,0.06666666666666667,1.0,0.9999999999999999,-0.4036215396283655,1
1769784896.879724,812.9469326307866,0.005,4.302,0.06666666666666667,1.0,0.9999999999999999,-0.40371973403587996,1
1769784896.8865788,812.8502054538662,0.005,4.302,0.06666666666666667,1.0,0.9999999999999999,-0.4038164612128004,1
1769784896.8905752,812.1978430643362,0.005,4.302,0.06666666666666667,1.0,0.9999999999999999,-0.40446882360233044,1
1769784896.8931782,812.1978430643362,0.005,4.302,0.06666666666666667,1.0,0.9999999999999999,-0.40446882360233044,1
1769784896.8985493,806.2513693127876,0.004063643002,2.053,0.0,1.0,0.9999999999999999,0.34988706911278766,1
1769784896.9032364,806.6739209285455,0.005,2.053,0.0,1.0,0.9999999999999999,0.2566739209285455,1
1769784896.9075768,806.6258552394671,0.005,2.053,0.0,1.0,0.9999999999999999,0.2566258552394672,1
1769784896.9115436,806.5784769395782,0.005,2.053,0.0,1.0,0.9999999999999999,0.2565784769395782,1
1769784896.9152532,806.5317713880015,0.005,2.053,0.0,1.0,0.9999999999999999,0.2565317713880016,1
1769784896.9195492,806.4857243567149,0.005,2.053,0.0,1.0,0.9999999999999999,0.25648572435671485,1
1769784896.924717,806.4403220161008,0.005,2.053,0.0,1.0,0.9999999999999999,0.25644032201610084,1
1769784896.929307,806.3955509210983,0.005,2.053,0.0,1.0,0.9999999999999999,0.2563955509210984,1
1769784896.9336004,806.3513979979289,0.005,2.053,0.0,1.0,0.9999999999999999,0.2563513979979289,1
1769784896.9378104,806.3078505313679,0.005,2.053,0.0,1.0,0.9999999999999999,0.2563078505313679,1
1769784896.941877,806.2648961525366,0.005,2.053,0.0,1.0,0.9999999999999999,0.2562648961525366,1
1769784896.94604,806.2225228271897,0.005,2.053,0.0,1.0,0.9999999999999999,0.25622252282718966,1
1769784896.950505,806.1807188444743,0.005,2.053,0.0,1.0,0.9999999999999999,0.2561807188444743,1
1769784896.9549036,806.1394728061395,0.005,2.053,0.0,1.0,0.9999999999999999,0.2561394728061395,1
1769784896.9594603,806.0987736161751,0.005,2.053,0.0,1.0,0.9999999999999999,0.2560987736161751,1
1769784896.963162,806.0586104708593,0.005,2.053,0.0,1.0,0.9999999999999999,0.25605861047085937,1
1769784896.967295,806.0189728491986,0.005,2.053,0.0,1.0,0.9999999999999999,0.25601897284919856,1
1769784896.9706333,805.4740957966765,0.005,2.053,0.0,1.0,0.9999999999999999,0.2554740957966765,1
1769784896.9753628,803.5137579124145,0.004463826619,2.053,0.0,1.0,0.9999999999999999,0.3071310960124145,1
1769784896.980336,803.3365415463587,0.005,2.053,0.0,1.0,0.9999999999999999,0.2533365415463587,1
1769784896.985755,803.3152693656359,0.005,2.053,0.0,1.0,0.9999999999999999,0.2533152693656359,1
1769784896.9907005,803.2942667089009,0.005,2.053,0.0,1.0,0.9999999999999999,0.25329426670890093,1
1769784896.9938135,803.2735284859931,0.005,2.053,0.0,1.0,0.9999999999999999,0.2532735284859931,1
1769784897.000103,803.2530497341257,0.005,2.053,0.0,1.0,0.9999999999999999,0.2532530497341257,1
1769784897.0067809,803.232825613926,0.005,2.053,0.0,1.0,0.9999999999999999,0.25323282561392607,1
1769784897.0115397,803.2128514056226,0.005,2.053,0.0,1.0,0.9999999999999999,0.2532128514056226,1
1769784897.0159283,803.193122505373,0.005,2.053,0.0,1.0,0.9999999999999999,0.253193122505373,1
1769784897.0196621,803.1736344217273,0.005,2.053,0.0,1.0,0.9999999999999999,0.2531736344217274,1
1769784897.0250127,803.1543827722172,0.005,2.053,0.0,1.0,0.9999999999999999,0.2531543827722173,1
1769784897.0304155,803.1353632800723,0.005,2.053,0.0,1.0,0.9999999999999999,0.2531353632800723,1
1769784897.035352,803.1165717710519,0.005,2.053,0.0,1.0,0.9999999999999999,0.2531165717710519,1
1769784897.039356,803.0980041703903,0.005,2.053,0.0,1.0,0.9999999999999999,0.25309800417039025,1
1769784897.0439234,803.079656499852,0.005,2.053,0.0,1.0,0.9999999999999999,0.25307965649985203,1
1769784897.0489476,803.0615248748896,0.005,2.053,0.0,1.0,0.9999999999999999,0.2530615248748897,1
1769784897.0545766,803.0436055019022,0.005,2.053,0.0,1.0,0.9999999999999999,0.25304360550190225,1
1769784897.06176,803.0258946755893,0.005,2.053,0.0,1.0,0.9999999999999999,0.2530258946755893,1
1769784897.0673532,803.0083887763957,0.005,2.053,0.0,1.0,0.9999999999999999,0.2530083887763957,1
1769784897.072498,802.9910842680473,0.005,2.053,0.0,1.0,0.9999999999999999,0.25299108426804734,1
1769784897.0784078,802.9739776951673,0.005,2.053,0.0,1.0,0.9999999999999999,0.25297397769516733,1
1769784897.0842426,802.9570656809781,0.005,2.053,0.0,1.0,0.9999999999999999,0.25295706568097814,1
1769784897.0896473,802.9403449250779,0.005,2.053,0.0,1.0,0.9999999999999999,0.25294034492507783,1
1769784897.0935802,802.9238122012932,0.005,2.053,0.0,1.0,0.9999999999999999,0.2529238122012933,1
1769784897.0996118,802.9074643556054,0.005,2.053,0.0,1.0,0.9999999999999999,0.25290746435560546,1
1769784897.104853,802.8912983041423,0.005,2.053,0.0,1.0,0.9999999999999999,0.2528912983041423,1
1769784897.1117954,802.8753110312413,0.005,2.053,0.0,1.0,0.9999999999999999,0.25287531103124133,1
1769784897.1170206,802.8594995875723,0.005,2.053,0.0,1.0,0.9999999999999999,0.2528594995875723,1
1769784897.12186,802.8438610883237,0.005,2.053,0.0,1.0,0.9999999999999999,0.25284386108832374,1
1769784897.126747,802.8283927114496,0.005,2.053,0.0,1.0,0.9999999999999999,0.2528283927114497,1
1769784897.1314328,802.8130916959698,0.005,2.053,0.0,1.0,0.9999999999999999,0.2528130916959698,1
1769784897.1359665,802.7979553403281,0.005,2.053,0.0,1.0,0.9999999999999999,0.2527979553403282,1
1769784897.1413932,802.7829810008028,0.005,2.053,0.0,1.0,0.9999999999999999,0.2527829810008028,1
1769784897.1459205,802.7681660899653,0.005,2.053,0.0,1.0,0.9999999999999999,0.2527681660899654,1
1769784897.1493425,802.3348368267445,0.005,2.053,0.0,1.0,0.9999999999999999,0.25233483682674457,1
1769784897.1518583,802.3348368267445,0.005,2.053,0.0,1.0,0.9999999999999999,0.25233483682674457,1
1769784897.1557689,794.5076253865102,0.0044131965189999995,1.011,0.0,1.0,0.9999999999999999,0.3031879734865103,1
1769784897.1607716,794.3706020328382,0.005,1.011,0.0,1.0,0.9999999999999999,0.24437060203283817,1
1769784897.1646473,794.3997925849105,0.005,1.011,0.0,1.0,0.9999999999999999,0.24439979258491057,1
1769784897.1685872,794.4286819705959,0.005,1.011,0.0,1.0,0.9999999999999999,0.24442868197059592,1
1769784897.1726422,794.4572748267899,0.005,1.011,0.0,1.0,0.9999999999999999,0.24445727482678997,1
1769784897.1773198,794.4855756956854,0.005,1.011,0.0,1.0,0.9999999999999999,0.24448557569568546,1
1769784897.1826518,795.9794913447383,0.004624321519,1.011,0.08333333333333333,1.0,0.9999999999999999,-0.549785993888595,1
1769784897.1863246,796.5630528177912,0.005,1.011,0.08333333333333333,1.0,0.9999999999999999,-0.586770280515542,1
1769784897.1885407,796.5630528177912,0.005,1.011,0.08333333333333333,1.0,0.9999999999999999,-0.586770280515542,1
1769784897.1901624,796.5630528177912,0.005,1.011,0.08333333333333333,1.0,0.9999999999999999,-0.586770280515542,1
1769784897.3391755,2083.3333333333335,0.004017606572,0.0,0.0,1.0,10.0,1.1815726761333334,1
1769784897.3451736,1513.5135135135135,0.005,0.0,0.0,1.0,0.9999999999999999,0.9635135135135136,1
1769784897.3512058,1263.1578947368423,0.005,0.0,0.0,1.0,0.9999999999999999,0.7131578947368422,1
1769784897.3550456,1142.857142857143,0.005,0.0,0.0,1.0,0.9999999999999999,0.592857142857143,1
1769784897.35887,1072.1649484536083,0.005,0.0,0.0,1.0,0.9999999999999999,0.5221649484536084,1
1769784897.3649256,1025.6410256410256,0.005,0.0,0.0,1.0,0.9999999999999999,0.47564102564102556,1
1769784897.3698974,992.7007299270074,0.005,0.0,0.0,1.0,0.9999999999999999,0.44270072992700743,1
1769784897.3762476,968.1528662420382,0.005,0.0,0.0,1.0,0.9999999999999999,0.41815286624203823,1
1769784897.381175,949.1525423728814,0.005,0.0,0.0,1.0,0.9999999999999999,0.3991525423728814,1
1769784897.384246,934.010152284264,0.005,0.0,0.0,1.0,0.9999999999999999,0.384010152284264,1
1769784897.3885274,921.6589861751153,0.005,0.0,0.0,1.0,0.9999999999999999,0.37165898617511534,1
1769784897.3917453,911.3924050632911,0.005,0.0,0.0,1.0,0.9999999999999999,0.3613924050632911,1
1769784897.3947363,902.7237354085604,0.005,0.0,0.0,1.0,0.9999999999999999,0.35272373540856045,1
1769784897.3980432,895.3068592057762,0.005,0.0,0.0,1.0,0.9999999999999999,0.34530685920577614,1
1769784897.4011853,888.8888888888889,0.005,0.0,0.0,1.0,0.9999999999999999,0.33888888888888896,1
1769784897.4069366,883.2807570977918,0.005,0.0,0.0,1.0,0.9999999999999999,0.33328075709779187,1
1769784897.4101024,883.2807570977918,0.005,0.0,0.0,1.0,0.9999999999999999,0.33328075709779187,1
1769784897.4134133,883.2807570977918,0.005,0.0,0.0,1.0,0.9999999999999999,0.33328075709779187,1
1769784897.4158435,883.2807570977918,0.005,0.0,0.0,1.0,0.9999999999999999,0.33328075709779187,1
1769784897.4179192,883.2807570977918,0.005,0.0,0.0,1.0,0.9999999999999999,0.33328075709779187,1
1769784897.4204183,883.2807570977918,0.005,0.0,0.0,1.0,0.9999999999999999,0.33328075709779187,1
1769784897.422394,883.2807570977918,0.005,0.0,0.0,1.0,0.9999999999999999,0.33328075709779187,1
1769784897.4242182,883.2807570977918,0.005,0.0,0.0,1.0,0.9999999999999999,0.33328075709779187,1
1769784897.4260175,883.2807570977918,0.005,0.0,0.0,1.0,0.9999999999999999,0.33328075709779187,1
1769784897.4287744,883.2807570977918,0.005,0.0,0.0,1.0,0.9999999999999999,0.33328075709779187,1
1769784897.4311833,883.2807570977918,0.005,0.0,0.0,1.0,0.9999999999999999,0.33328075709779187,1
1769784897.4343364,883.2807570977918,0.005,0.0,0.0,1.0,0.9999999999999999,0.33328075709779187,1
1769784897.4367423,883.2807570977918,0.005,0.0,0.0,1.0,0.9999999999999999,0.33328075709779187,1
1769784897.438458,883.2807570977918,0.005,0.0,0.0,1.0,0.9999999999999999,0.33328075709779187,1
1769784897.4408672,883.2807570977918,0.005,0.0,0.0,1.0,0.9999999999999999,0.33328075709779187,1
1769784897.442924,883.2807570977918,0.005,0.0,0.0,1.0,0.9999999999999999,0.33328075709779187,1
1769784897.4465516,883.2807570977918,0.005,0.0,0.0,1.0,0.9999999999999999,0.33328075709779187,1
1769784897.4485192,883.2807570977918,0.005,0.0,0.0,1.0,0.9999999999999999,0.33328075709779187,1
1769784897.4518359,883.2807570977918,0.005,0.0,0.0,1.0,0.9999999999999999,0.33328075709779187,1
1769784897.4570994,423.34096109839817,0.004880589504,0.889,0.0,1.0,0.9999999999999999,-0.11471798930160182,1
1769784897.4613,435.1464435146444,0.005,0.889,0.0,1.0,0.9999999999999999,-0.11485355648535561,1
1769784897.4676642,445.0474898236092,0.005,0.889,0.0,1.0,0.9999999999999999,-0.10495251017639073,1
1769784897.4730036,454.4253632760898,0.005,0.889,0.0,1.0,0.9999999999999999,-0.0955746367239102,1
1769784897.4794245,463.3204633204633,0.005,0.889,0.0,1.0,0.9999999999999999,-0.08667953667953665,1
1769784897.4839435,471.76913425345043,0.005,0.889,0.0,1.0,0.9999999999999999,-0.07823086574654953,1
1769784897.487358,479.8041615667075,0.005,0.889,0.0,1.0,0.9999999999999999,-0.07019583843329252,1
1769784897.4904048,487.45519713261655,0.005,0.889,0.0,1.0,0.9999999999999999,-0.06254480286738345,1
1769784897.4933567,494.74912485414234,0.005,0.889,0.0,1.0,0.9999999999999999,-0.05525087514585764,1
1769784897.4964743,501.71037628278225,0.005,0.889,0.0,1.0,0.9999999999999999,-0.04828962371721774,1
1769784897.5000541,508.3612040133779,0.005,0.889,0.0,1.0,0.9999999999999999,-0.041638795986622075,1
1769784897.5035791,514.721919302072,0.005,0.889,0.0,1.0,0.9999999999999999,-0.03527808069792799,1
1769784897.5067267,520.8110992529349,0.005,0.889,0.0,1.0,0.9999999999999999,-0.0291889007470651,1
1769784897.5101259,526.6457680250784,0.005,0.889,0.0,1.0,0.9999999999999999,-0.023354231974921653,1
1769784897.5136983,532.2415557830093,0.005,0.889,0.0,1.0,0.9999999999999999,-0.01775844421699075,1
1769784897.5166278,537.6128385155466,0.005,0.889,0.0,1.0,0.9999999999999999,-0.012387161484453353,1
1769784897.5193958,542.7728613569321,0.005,0.889,0.0,1.0,0.9999999999999999,-0.00722713864306785,1
1769784897.522703,547.7338476374157,0.005,0.889,0.0,1.0,0.9999999999999999,-0.0022661523625842686,1
1769784897.5259154,552.5070955534532,0.005,0.889,0.0,1.0,0.9999999999999999,0.0025070955534531245,1
1769784897.529297,557.1030640668524,0.005,0.889,0.0,1.0,0.9999999999999999,0.007103064066852398,1
1769784897.5322244,561.531449407475,0.005,0.889,0.0,1.0,0.9999999999999999,0.011531449407475018,1
1769784897.5350676,565.8012533572069,0.005,0.889,0.0,1.0,0.9999999999999999,0.015801253357206883,1
1769784897.5390162,569.9208443271768,0.005,0.889,0.0,1.0,0.9999999999999999,0.019920844327176827,1
1769784897.5427275,574.5932848736587,0.004737056095,0.44,0.02127659574468085,1.0,0.9999999999999999,-0.16187828207314983,1
1769784897.545801,577.7400169923535,0.005,0.44,0.02127659574468085,1.0,0.9999999999999999,-0.18502594045445495,1
1769784897.5486484,581.453634085213,0.005,0.44,0.02127659574468085,1.0,0.9999999999999999,-0.1813123233615955,1
1769784897.55132,585.0451930977814,0.005,0.44,0.02127659574468085,1.0,0.9999999999999999,-0.17772076434902703,1
1769784897.5542738,588.5206143896525,0.005,0.44,0.02127659574468085,1.0,0.9999999999999999,-0.17424534305715608,1
1769784897.558516,591.8854415274462,0.005,0.44,0.02127659574468085,1.0,0.9999999999999999,-0.17088051591936224,1
1769784897.5623505,595.1448707909162,0.005,0.44,0.02127659574468085,1.0,0.9999999999999999,-0.16762108665589223,1
1769784897.5657032,598.3037779491134,0.005,0.44,0.02127659574468085,1.0,0.9999999999999999,-0.16446217949769512,1
1769784897.5727282,601.3667425968109,0.005,0.44,0.02127659574468085,1.0,0.9999999999999999,-0.1613992148499976,1
1769784897.576454,604.3380703066567,0.005,0.44,0.02127659574468085,1.0,0.9999999999999999,-0.15842788714015174,1
1769784897.579611,607.2218128224024,0.005,0.44,0.02127659574468085,1.0,0.9999999999999999,-0.1555441446244061,1
1769784897.5841522,610.0217864923748,0.005,0.44,0.02127659574468085,1.0,0.9999999999999999,-0.15274417095443368,1
1769784897.5874314,612.7415891195419,0.005,0.44,0.02127659574468085,1.0,0.9999999999999999,-0.1500243683272666,1
1769784897.5904417,615.3846153846154,0.005,0.44,0.02127659574468085,1.0,0.9999999999999999,-0.14738134206219308,1
1769784897.592581,615.3846153846154,0.005,0.44,0.02127659574468085,1.0,0.9999999999999999,-0.14738134206219308,1
1769784897.5942395,615.3846153846154,0.005,0.44,0.02127659574468085,1.0,0.9999999999999999,-0.14738134206219308,1
1769784897.59619,615.3846153846154,0.005,0.44,0.02127659574468085,1.0,0.9999999999999999,-0.14738134206219308,1
1769784897.5976086,615.3846153846154,0.005,0.44,0.02127659574468085,1.0,0.9999999999999999,-0.14738134206219308,1
1769784897.59929,615.3846153846154,0.005,0.44,0.02127659574468085,1.0,0.9999999999999999,-0.14738134206219308,1
1769784897.6006534,615.3846153846154,0.005,0.44,0.02127659574468085,1.0,0.9999999999999999,-0.14738134206219308,1
1769784897.603521,575.0224618149147,0.004864110101,0.44,0.0,1.0,0.9999999999999999,0.038611451714914695,1
1769784897.6056306,578.3132530120482,0.005,0.44,0.0,1.0,0.9999999999999999,0.028313253012048283,1
1769784897.6082091,581.0895428929243,0.005,0.44,0.0,1.0,0.9999999999999999,0.031089542892924364,1
1769784897.6117334,583.7971552257267,0.005,0.44,0.0,1.0,0.9999999999999999,0.03379715522572673,1
1769784897.6155896,586.4386072083079,0.005,0.44,0.0,1.0,0.9999999999999999,0.036438607208307876,1
1769784897.6186137,589.0162945081472,0.005,0.44,0.0,1.0,0.9999999999999999,0.03901629450814719,1
1769784897.6209536,591.5324985092427,0.005,0.44,0.0,1.0,0.9999999999999999,0.041532498509242725,1
1769784897.6228058,592.0663114268798,0.005,0.44,0.0,1.0,0.9999999999999999,0.042066311426879825,1
1769784897.6246192,592.0663114268798,0.005,0.44,0.0,1.0,0.9999999999999999,0.042066311426879825,1
1769784897.6258318,592.0663114268798,0.005,0.44,0.0,1.0,0.9999999999999999,0.042066311426879825,1
1769784897.6269462,592.0663114268798,0.005,0.44,0.0,1.0,0.9999999999999999,0.042066311426879825,1
1769784897.6281059,592.0663114268798,0.005,0.44,0.0,1.0,0.9999999999999999,0.042066311426879825,1
1769784897.6302125,562.1235779611867,0.00496061293,0.44,0.0,1.0,0.9999999999999999,0.016062284961186717,1
1769784897.6334355,563.5663181067695,0.005,0.44,0.0,1.0,0.9999999999999999,0.013566318106769497,1
1769784897.6360679,566.1404463799673,0.005,0.44,0.0,1.0,0.9999999999999999,0.016140446379967303,1
1769784897.6390333,568.6591276252019,0.005,0.44,0.0,1.0,0.9999999999999999,0.01865912762520188,1
1769784897.6416562,571.1241342567928,0.005,0.44,0.0,1.0,0.9999999999999999,0.021124134256792763,1
1769784897.6441755,573.537163943068,0.005,0.44,0.0,1.0,0.9999999999999999,0.023537163943067978,1
1769784897.6468875,575.8998435054774,0.005,0.44,0.0,1.0,0.9999999999999999,0.02589984350547741,1
1769784897.649507,578.2137325761487,0.005,0.44,0.0,1.0,0.9999999999999999,0.028213732576148724,1
1769784897.6534138,580.4803270311702,0.005,0.44,0.0,1.0,0.9999999999999999,0.030480327031170255,1
1769784897.6578088,582.701062215478,0.005,0.44,0.0,1.0,0.9999999999999999,0.03270106221547802,1
1769784897.6599143,582.701062215478,0.005,0.44,0.0,1.0,0.9999999999999999,0.03270106221547802,1
1769784897.6621418,582.701062215478,0.005,0.44,0.0,1.0,0.9999999999999999,0.03270106221547802,1
1769784897.6642547,582.701062215478,0.005,0.44,0.0,1.0,0.9999999999999999,0.03270106221547802,1
1769784897.665547,582.701062215478,0.005,0.44,0.0,1.0,0.9999999999999999,0.03270106221547802,1
1769784897.6669574,582.701062215478,0.005,0.44,0.0,1.0,0.9999999999999999,0.03270106221547802,1
1769784897.6704602,582.701062215478,0.005,0.44,0.0,1.0,0.9999999999999999,0.03270106221547802,1
1769784897.6722565,582.701062215478,0.005,0.44,0.0,1.0,0.9999999999999999,0.03270106221547802,1
1769784897.6737142,582.701062215478,0.005,0.44,0.0,1.0,0.9999999999999999,0.03270106221547802,1
1769784897.67779,538.7830933581049,0.0046036733299999995,0.125,0.0,1.0,0.9999999999999999,0.028415760358104995,1
1769784897.6810143,540.1929260450161,0.005,0.125,0.0,1.0,0.9999999999999999,-0.009807073954983876,1
1769784897.6836185,542.5580336822941,0.005,0.125,0.0,1.0,0.9999999999999999,-0.007441966317705946,1
1769784897.6860936,543.2322317790855,0.005,0.125,0.0,1.0,0.9999999999999999,-0.006767768220914468,1
1769784897.6879125,543.2322317790855,0.005,0.125,0.0,1.0,0.9999999999999999,-0.006767768220914468,1
1769784897.689735,543.2322317790855,0.005,0.125,0.0,1.0,0.9999999999999999,-0.006767768220914468,1
1769784897.691031,543.2322317790855,0.005,0.125,0.0,1.0,0.9999999999999999,-0.006767768220914468,1
1769784897.692238,543.2322317790855,0.005,0.125,0.0,1.0,0.9999999999999999,-0.006767768220914468,1
1769784897.6938505,543.2322317790855,0.005,0.125,0.0,1.0,0.9999999999999999,-0.006767768220914468,1
1769784897.6951513,543.2322317790855,0.005,0.125,0.0,1.0,0.9999999999999999,-0.006767768220914468,1
1769784897.6965091,543.2322317790855,0.005,0.125,0.0,1.0,0.9999999999999999,-0.006767768220914468,1
1769784897.698325,543.2322317790855,0.005,0.125,0.0,1.0,0.9999999999999999,-0.006767768220914468,1
1769784897.7003207,543.2322317790855,0.005,0.125,0.0,1.0,0.9999999999999999,-0.006767768220914468,1
1769784897.703694,499.7104326962853,0.004643543755,0.125,0.0,1.0,0.9999999999999999,-0.014643942803714734,1
1769784897.7070296,502.2568732047599,0.005,0.125,0.0,1.0,0.9999999999999999,-0.047743126795240017,1
1769784897.7102969,504.68050468050467,0.005,0.125,0.0,1.0,0.9999999999999999,-0.04531949531949537,1
1769784897.7133684,507.06499798142914,0.005,0.125,0.0,1.0,0.9999999999999999,-0.042935002018570874,1
1769784897.7155988,509.41129355226275,0.005,0.125,0.0,1.0,0.9999999999999999,-0.04058870644773722,1
1769784897.7180295,511.72030194676205,0.005,0.125,0.0,1.0,0.9999999999999999,-0.038279698053237894,1
1769784897.7202325,513.9929050059125,0.005,0.125,0.0,1.0,0.9999999999999999,-0.03600709499408756,1
1769784897.7224813,516.229956980837,0.005,0.125,0.0,1.0,0.9999999999999999,-0.03377004301916304,1
1769784897.723772,516.229956980837,0.005,0.125,0.0,1.0,0.9999999999999999,-0.03377004301916304,1
1769784897.7255173,516.229956980837,0.005,0.125,0.0,1.0,0.9999999999999999,-0.03377004301916304,1
1769784897.7288854,513.2905591200733,0.004256762758,0.238,0.0,1.0,0.9999999999999999,0.037614283320073376,1
1769784897.7311895,515.737580583997,0.005,0.238,0.0,1.0,0.9999999999999999,-0.034262419416003005,1
1769784897.7326543,515.737580583997,0.005,0.238,0.0,1.0,0.9999999999999999,-0.034262419416003005,1
1769784897.7342036,515.737580583997,0.005,0.238,0.0,1.0,0.9999999999999999,-0.034262419416003005,1
1769784897.7357652,515.737580583997,0.005,0.238,0.0,1.0,0.9999999999999999,-0.034262419416003005,1
1769784897.7373285,515.737580583997,0.005,0.238,0.0,1.0,0.9999999999999999,-0.034262419416003005,1
1769784897.7385442,515.737580583997,0.005,0.238,0.0,1.0,0.9999999999999999,-0.034262419416003005,1
1769784897.7398703,515.737580583997,0.005,0.238,0.0,1.0,0.9999999999999999,-0.034262419416003005,1
1769784897.7413814,515.737580583997,0.005,0.238,0.0,1.0,0.9999999999999999,-0.034262419416003005,1
1769784897.7427156,515.737580583997,0.005,0.238,0.0,1.0,0.9999999999999999,-0.034262419416003005,1
1769784897.7439013,515.737580583997,0.005,0.238,0.0,1.0,0.9999999999999999,-0.034262419416003005,1
1769784897.7452185,515.737580583997,0.005,0.238,0.0,1.0,0.9999999999999999,-0.034262419416003005,1
1769784897.7463017,515.737580583997,0.005,0.238,0.0,1.0,0.9999999999999999,-0.034262419416003005,1
1769784897.7474878,515.737580583997,0.005,0.238,0.0,1.0,0.9999999999999999,-0.034262419416003005,1
1769784897.7488074,515.737580583997,0.005,0.238,0.0,1.0,0.9999999999999999,-0.034262419416003005,1
1769784897.7502367,515.737580583997,0.005,0.238,0.0,1.0,0.9999999999999999,-0.034262419416003005,1
1769784897.752037,515.737580583997,0.005,0.238,0.0,1.0,0.9999999999999999,-0.034262419416003005,1
1769784897.7540889,515.737580583997,0.005,0.238,0.0,1.0,0.9999999999999999,-0.034262419416003005,1
1769784897.7554905,515.737580583997,0.005,0.238,0.0,1.0,0.9999999999999999,-0.034262419416003005,1
1769784897.7574348,515.737580583997,0.005,0.238,0.0,1.0,0.9999999999999999,-0.034262419416003005,1
1769784897.7584288,515.737580583997,0.005,0.238,0.0,1.0,0.9999999999999999,-0.034262419416003005,1
1769784897.7593834,515.737580583997,0.005,0.238,0.0,1.0,0.9999999999999999,-0.034262419416003005,1
1769784897.7605627,515.737580583997,0.005,0.238,0.0,1.0,0.9999999999999999,-0.034262419416003005,1
1769784897.7620196,515.737580583997,0.005,0.238,0.0,1.0,0.9999999999999999,-0.034262419416003005,1
1769784897.7636614,515.737580583997,0.005,0.238,0.0,1.0,0.9999999999999999,-0.034262419416003005,1
1769784897.7655046,515.737580583997,0.005,0.238,0.0,1.0,0.9999999999999999,-0.034262419416003005,1
1769784897.766702,515.737580583997,0.005,0.238,0.0,1.0,0.9999999999999999,-0.034262419416003005,1
1769784897.7689633,433.24043577400556,0.004492867152,0.238,0.0,1.0,0.9999999999999999,-0.06604627942599439,1
1769784897.7727954,435.63109852061694,0.005,0.238,0.0,1.0,0.9999999999999999,-0.11436890147938306,1
1769784897.7759497,437.91054113231155,0.005,0.238,0.0,1.0,0.9999999999999999,-0.11208945886768845,1
1769784897.7791662,440.1616412806963,0.005,0.238,0.0,1.0,0.9999999999999999,-0.1098383587193037,1
1769784897.7821748,442.3849243126352,0.005,0.238,0.0,1.0,0.9999999999999999,-0.10761507568736478,1
1769784897.7841654,444.5809026711698,0.005,0.238,0.0,1.0,0.9999999999999999,-0.1054190973288302,1
1769784897.7869387,446.75007628928904,0.005,0.238,0.0,1.0,0.9999999999999999,-0.10324992371071096,1
1769784897.789351,448.8929329693661,0.005,0.238,0.0,1.0,0.9999999999999999,-0.10110706703063388,1
1769784897.7916336,451.0099487488694,0.005,0.238,0.0,1.0,0.9999999999999999,-0.09899005125113058,1
1769784897.7937884,453.10158825292183,0.005,0.238,0.0,1.0,0.9999999999999999,-0.09689841174707814,1
1769784897.7965834,455.1683050342568,0.005,0.238,0.0,1.0,0.9999999999999999,-0.09483169496574323,1
1769784897.7993293,457.2105419010957,0.005,0.238,0.0,1.0,0.9999999999999999,-0.09278945809890426,1
1769784897.8035102,459.2287312334413,0.005,0.238,0.0,1.0,0.9999999999999999,-0.09077126876655867,1
1769784897.8066142,461.2232952882645,0.005,0.238,0.0,1.0,0.9999999999999999,-0.08877670471173543,1
1769784897.8100257,463.1946464940355,0.005,0.238,0.0,1.0,0.9999999999999999,-0.08680535350596447,1
1769784897.8135672,465.1431877350304,0.005,0.238,0.0,1.0,0.9999999999999999,-0.0848568122649696,1
1769784897.8177676,467.0693126258269,0.005,0.238,0.0,1.0,0.9999999999999999,-0.08293068737417308,1
1769784897.8222773,468.97340577637976,0.005,0.238,0.0,1.0,0.9999999999999999,-0.08102659422362024,1
1769784897.8261442,470.8558430480523,0.005,0.238,0.0,1.0,0.9999999999999999,-0.07914415695194771,1
1769784897.829916,472.7169918009613,0.005,0.238,0.0,1.0,0.9999999999999999,-0.07728300819903866,1
1769784897.8326483,474.5572111329772,0.005,0.238,0.0,1.0,0.9999999999999999,-0.07544278886702277,1
1769784897.8366222,476.3768521107074,0.005,0.238,0.0,1.0,0.9999999999999999,-0.07362314788929258,1
1769784897.8390288,478.17625799277175,0.005,0.238,0.0,1.0,0.9999999999999999,-0.07182374200722824,1
1769784897.8412838,479.9557644456732,0.005,0.238,0.0,1.0,0.9999999999999999,-0.07004423555432676,1
1769784897.8447273,481.71569975254334,0.005,0.238,0.0,1.0,0.9999999999999999,-0.06828430024745663,1
1769784897.8471904,483.45638501503964,0.005,0.238,0.0,1.0,0.9999999999999999,-0.06654361498496031,1
1769784897.8497891,485.1781343486538,0.005,0.238,0.0,1.0,0.9999999999999999,-0.06482186565134618,1
1769784897.8529336,486.88125507167973,0.005,0.238,0.0,1.0,0.9999999999999999,-0.06311874492832026,1
1769784897.8555624,488.56604788808175,0.005,0.238,0.0,1.0,0.9999999999999999,-0.06143395211191822,1
1769784897.8580382,490.23280706449026,0.005,0.238,0.0,1.0,0.9999999999999999,-0.0597671929355097,1
1769784897.8617404,491.8818206015438,0.005,0.238,0.0,1.0,0.9999999999999999,-0.05811817939845621,1
1769784897.8651114,493.51337039978824,0.005,0.238,0.0,1.0,0.9999999999999999,-0.05648662960021173,1
1769784897.8686318,495.1277324203319,0.005,0.238,0.0,1.0,0.9999999999999999,-0.05487226757966813,1
1769784897.8712592,496.7251768404506,0.005,0.238,0.0,1.0,0.9999999999999999,-0.05327482315954935,1
1769784897.87518,498.30596820432635,0.005,0.238,0.0,1.0,0.9999999999999999,-0.05169403179567362,1
1769784897.8799095,499.87036556909516,0.005,0.238,0.0,1.0,0.9999999999999999,-0.05012963443090485,1
1769784897.8849618,501.4186226463761,0.005,0.238,0.0,1.0,0.9999999999999999,-0.04858137735362384,1
1769784897.890507,502.9509879394406,0.005,0.238,0.0,1.0,0.9999999999999999,-0.0470490120605594,1
1769784897.8931324,504.46770487618073,0.005,0.238,0.0,1.0,0.9999999999999999,-0.04553229512381924,1
1769784897.8963385,505.9690119380239,0.005,0.238,0.0,1.0,0.9999999999999999,-0.04403098806197609,1
1769784897.9006927,507.45514278493806,0.005,0.238,0.0,1.0,0.9999999999999999,-0.04254485721506191,1
1769784897.9041474,508.9263263766659,0.005,0.238,0.0,1.0,0.9999999999999999,-0.04107367362333409,1
1769784897.9072442,510.3827870903178,0.005,0.238,0.0,1.0,0.9999999999999999,-0.03961721290968218,1
1769784897.9993153,2000.0,0.004320792407,0.0,0.0,1.0,10.0,1.0679207593,1
1769784898.0041327,1513.5135135135135,0.005,0.0,0.0,1.0,0.9999999999999999,0.9635135135135136,1
1769784898.008196,1263.1578947368423,0.005,0.0,0.0,1.0,0.9999999999999999,0.7131578947368422,1
1769784898.0108,1182.7956989247311,0.004102404435,0.145,0.375,1.0,0.9999999999999999,-3.0274447445752686,1
1769784898.0135677,1072.1649484536083,0.005,0.145,0.375,1.0,0.9999999999999999,-3.2278350515463914,1
1769784898.0170088,1025.6410256410256,0.005,0.145,0.375,1.0,0.9999999999999999,-3.2743589743589743,1
1769784898.0216525,992.7007299270074,0.005,0.145,0.375,1.0,0.9999999999999999,-3.3072992700729924,1
1769784898.0247686,968.1528662420382,0.005,0.145,0.375,1.0,0.9999999999999999,-3.331847133757962,1
1769784898.0271378,949.1525423728814,0.005,0.145,0.375,1.0,0.9999999999999999,-3.3508474576271183,1
1769784898.0287848,931.2169312169312,0.005,0.145,0.375,1.0,0.9999999999999999,-3.3687830687830687,1
1769784898.032161,919.1176470588234,0.004910894032,0.208,0.0,1.0,0.9999999999999999,0.3780282438588235,1
1769784898.0353296,911.3924050632911,0.005,0.208,0.0,1.0,0.9999999999999999,0.3613924050632911,1
1769784898.0388985,902.7237354085604,0.005,0.208,0.0,1.0,0.9999999999999999,0.35272373540856045,1
1769784898.0421991,895.3068592057762,0.005,0.208,0.0,1.0,0.9999999999999999,0.34530685920577614,1
1769784898.0455353,888.8888888888889,0.005,0.208,0.0,1.0,0.9999999999999999,0.33888888888888896,1
1769784898.0488517,883.2807570977918,0.005,0.208,0.0,1.0,0.9999999999999999,0.33328075709779187,1
1769784898.0525386,878.3382789317507,0.005,0.208,0.0,1.0,0.9999999999999999,0.32833827893175066,1
1769784898.056334,873.9495798319329,0.005,0.208,0.0,1.0,0.9999999999999999,0.3239495798319329,1
1769784898.0582526,873.9495798319329,0.005,0.208,0.0,1.0,0.9999999999999999,0.3239495798319329,1
1769784898.0599713,873.9495798319329,0.005,0.208,0.0,1.0,0.9999999999999999,0.3239495798319329,1
1769784898.0614552,873.9495798319329,0.005,0.208,0.0,1.0,0.9999999999999999,0.3239495798319329,1
1769784898.0632355,873.9495798319329,0.005,0.208,0.0,1.0,0.9999999999999999,0.3239495798319329,1
1769784898.0648496,873.9495798319329,0.005,0.208,0.0,1.0,0.9999999999999999,0.3239495798319329,1
1769784898.0660439,873.9495798319329,0.005,0.208,0.0,1.0,0.9999999999999999,0.3239495798319329,1
1769784898.0672185,873.9495798319329,0.005,0.208,0.0,1.0,0.9999999999999999,0.3239495798319329,1
1769784898.0683818,873.9495798319329,0.005,0.208,0.0,1.0,0.9999999999999999,0.3239495798319329,1
1769784898.07059,873.9495798319329,0.005,0.208,0.0,1.0,0.9999999999999999,0.3239495798319329,1
1769784898.0730698,873.9495798319329,0.005,0.208,0.0,1.0,0.9999999999999999,0.3239495798319329,1
1769784898.076018,873.9495798319329,0.005,0.208,0.0,1.0,0.9999999999999999,0.3239495798319329,1
1769784898.0799994,535.1170568561873,0.00435553386,0.104,0.0,1.0,0.9999999999999999,0.049563670856187396,1
1769784898.0827465,544.5705024311184,0.005,0.104,0.0,1.0,0.9999999999999999,-0.005429497568881621,1
1769784898.0858545,552.5902668759811,0.005,0.104,0.0,1.0,0.9999999999999999,0.0025902668759811218,1
1769784898.0890088,560.1217656012176,0.005,0.104,0.0,1.0,0.9999999999999999,0.010121765601217629,1
1769784898.0947156,567.2082717872969,0.005,0.104,0.0,1.0,0.9999999999999999,0.01720827178729694,1
1769784898.0979385,573.8880918220947,0.005,0.104,0.0,1.0,0.9999999999999999,0.023888091822094663,1
1769784898.1006126,580.1952580195258,0.005,0.104,0.0,1.0,0.9999999999999999,0.030195258019525766,1
1769784898.1036568,586.1601085481683,0.005,0.104,0.0,1.0,0.9999999999999999,0.03616010854816836,1
1769784898.1069696,591.8097754293262,0.005,0.104,0.0,1.0,0.9999999999999999,0.04180977542932623,1
1769784898.1121333,597.1685971685972,0.005,0.104,0.0,1.0,0.9999999999999999,0.047168597168597275,1
1769784898.1174562,602.2584692597239,0.005,0.104,0.0,1.0,0.9999999999999999,0.05225846925972393,1
1769784898.1213105,607.0991432068544,0.005,0.104,0.0,1.0,0.9999999999999999,0.057099143206854434,1
1769784898.1247487,611.7084826762247,0.005,0.104,0.0,1.0,0.9999999999999999,0.06170848267622469,1
1769784898.1275227,616.1026837806301,0.005,0.104,0.0,1.0,0.9999999999999999,0.06610268378063006,1
1769784898.1298416,620.296465222349,0.005,0.104,0.0,1.0,0.9999999999999999,0.07029646522234895,1
1769784898.1325839,624.3032329988852,0.005,0.104,0.0,1.0,0.9999999999999999,0.07430323299888514,1
1769784898.135064,624.8624862486249,0.005,0.104,0.0,1.0,0.9999999999999999,0.07486248624862496,1
1769784898.1379821,617.3633440514469,0.004702567673,0.478,0.0,1.0,0.9999999999999999,0.0971065767514469,1
1769784898.140511,617.3633440514469,0.004702567673,0.478,0.0,1.0,0.9999999999999999,0.0971065767514469,1
1769784898.1424768,617.3633440514469,0.004702567673,0.478,0.0,1.0,0.9999999999999999,0.0971065767514469,1
1769784898.1436791,617.3633440514469,0.004702567673,0.478,0.0,1.0,0.9999999999999999,0.0971065767514469,1
1769784898.1450763,617.3633440514469,0.004702567673,0.478,0.0,1.0,0.9999999999999999,0.0971065767514469,1
1769784898.1464393,617.3633440514469,0.004702567673,0.478,0.0,1.0,0.9999999999999999,0.0971065767514469,1
1769784898.147693,617.3633440514469,0.004702567673,0.478,0.0,1.0,0.9999999999999999,0.0971065767514469,1
1769784898.149424,617.3633440514469,0.004702567673,0.478,0.0,1.0,0.9999999999999999,0.0971065767514469,1
1769784898.1507647,617.3633440514469,0.004702567673,0.478,0.0,1.0,0.9999999999999999,0.0971065767514469,1
1769784898.1528003,617.3633440514469,0.004702567673,0.478,0.0,1.0,0.9999999999999999,0.0971065767514469,1
1769784898.1541097,617.3633440514469,0.004702567673,0.478,0.0,1.0,0.9999999999999999,0.0971065767514469,1
1769784898.1554625,617.3633440514469,0.004702567673,0.478,0.0,1.0,0.9999999999999999,0.0971065767514469,1
1769784898.1571426,617.3633440514469,0.004702567673,0.478,0.0,1.0,0.9999999999999999,0.0971065767514469,1
1769784898.1583707,617.3633440514469,0.004702567673,0.478,0.0,1.0,0.9999999999999999,0.0971065767514469,1
1769784898.160176,617.3633440514469,0.004702567673,0.478,0.0,1.0,0.9999999999999999,0.0971065767514469,1
1769784898.1627696,617.3633440514469,0.004702567673,0.478,0.0,1.0,0.9999999999999999,0.0971065767514469,1
1769784898.1648552,617.3633440514469,0.004702567673,0.478,0.0,1.0,0.9999999999999999,0.0971065767514469,1
1769784898.1666021,617.3633440514469,0.004702567673,0.478,0.0,1.0,0.9999999999999999,0.0971065767514469,1
1769784898.1684763,617.3633440514469,0.004702567673,0.478,0.0,1.0,0.9999999999999999,0.0971065767514469,1
1769784898.1731305,455.30429503718324,0.00472513694,0.478,0.0,1.0,0.9999999999999999,-0.0672093989628168,1
1769784898.1760018,460.73298429319374,0.005,0.478,0.0,1.0,0.9999999999999999,-0.08926701570680623,1
1769784898.178525,465.73323507737655,0.005,0.478,0.0,1.0,0.9999999999999999,-0.08426676492262342,1
1769784898.181472,470.5882352941177,0.005,0.478,0.0,1.0,0.9999999999999999,-0.07941176470588229,1
1769784898.183975,475.3042233357194,0.005,0.478,0.0,1.0,0.9999999999999999,-0.07469577666428057,1
1769784898.1858451,479.88708539167254,0.005,0.478,0.0,1.0,0.9999999999999999,-0.07011291460832741,1
1769784898.1882591,484.3423799582464,0.005,0.478,0.0,1.0,0.9999999999999999,-0.06565762004175357,1
1769784898.1902137,488.67536032944406,0.005,0.478,0.0,1.0,0.9999999999999999,-0.06132463967055591,1
1769784898.1921554,492.89099526066354,0.005,0.478,0.0,1.0,0.9999999999999999,-0.05710900473933645,1
1769784898.194064,496.99398797595194,0.005,0.478,0.0,1.0,0.9999999999999999,-0.05300601202404804,1
1769784898.1968577,500.9887936717205,0.005,0.478,0.0,1.0,0.9999999999999999,-0.04901120632827955,1
1769784898.1990023,504.8796356538712,0.005,0.478,0.0,1.0,0.9999999999999999,-0.04512036434612871,1
1769784898.200573,506.13298902517755,0.005,0.478,0.0,1.0,0.9999999999999999,-0.043867010974822436,1
1769784898.2015462,506.13298902517755,0.005,0.478,0.0,1.0,0.9999999999999999,-0.043867010974822436,1
1769784898.2038171,500.6257822277847,0.004582676163,0.736,0.0,1.0,0.9999999999999999,-0.007641834072215199,1
1769784898.2063928,504.63821892393327,0.005,0.736,0.0,1.0,0.9999999999999999,-0.04536178107606676,1
1769784898.2086024,508.2467929138668,0.005,0.736,0.0,1.0,0.9999999999999999,-0.04175320708613323,1
1769784898.2141554,511.76825588412794,0.005,0.736,0.0,1.0,0.9999999999999999,-0.038231744115872,1
1769784898.2179267,515.2057245080501,0.005,0.736,0.0,1.0,0.9999999999999999,-0.03479427549194986,1
1769784898.2209787,518.5621685327048,0.005,0.736,0.0,1.0,0.9999999999999999,-0.031437831467295126,1
1769784898.2239203,521.8404193360514,0.005,0.736,0.0,1.0,0.9999999999999999,-0.028159580663948587,1
1769784898.227307,525.0431778929188,0.005,0.736,0.0,1.0,0.9999999999999999,-0.02495682210708112,1
1769784898.229933,528.1730221969266,0.005,0.736,0.0,1.0,0.9999999999999999,-0.021826977803073362,1
1769784898.232454,531.2324141812043,0.005,0.736,0.0,1.0,0.9999999999999999,-0.018767585818795736,1
1769784898.2360237,534.2237061769616,0.005,0.736,0.0,1.0,0.9999999999999999,-0.015776293823038308,1
1769784898.2384622,537.1491469455146,0.005,0.736,0.0,1.0,0.9999999999999999,-0.012850853054485363,1
1769784898.2409399,540.0108873162765,0.005,0.736,0.0,1.0,0.9999999999999999,-0.009989112683723551,1
1769784898.2433913,542.81098546042,0.005,0.736,0.0,1.0,0.9999999999999999,-0.007189014539579937,1
1769784898.245545,545.5514118273842,0.005,0.736,0.0,1.0,0.9999999999999999,-0.004448588172615793,1
1769784898.2474377,548.2340537691091,0.005,0.736,0.0,1.0,0.9999999999999999,-0.0017659462308909427,1
1769784898.2492902,550.8607198748044,0.005,0.736,0.0,1.0,0.9999999999999999,0.0008607198748044539,1
1769784898.2517931,553.4331440371709,0.005,0.736,0.0,1.0,0.9999999999999999,0.003433144037170925,1
1769784898.2544072,555.9529892692897,0.005,0.736,0.0,1.0,0.9999999999999999,0.005952989269289714,1
1769784898.2571409,558.4218512898331,0.005,0.736,0.0,1.0,0.9999999999999999,0.00842185128983302,1
1769784898.2600768,560.8412618928393,0.005,0.736,0.0,1.0,0.9999999999999999,0.010841261892839231,1
1769784898.2622664,563.2126921170055,0.005,0.736,0.0,1.0,0.9999999999999999,0.013212692117005535,1
1769784898.264409,565.5375552282768,0.005,0.736,0.0,1.0,0.9999999999999999,0.015537555228276871,1
1769784898.2670317,567.8172095284394,0.005,0.736,0.0,1.0,0.9999999999999999,0.017817209528439397,1
1769784898.2696671,570.0529610014444,0.005,0.736,0.0,1.0,0.9999999999999999,0.02005296100144443,1
1769784898.271699,572.2460658082975,0.005,0.736,0.0,1.0,0.9999999999999999,0.022246065808297515,1
1769784898.2736845,574.3977326405291,0.005,0.736,0.0,1.0,0.9999999999999999,0.024397732640529073,1
1769784898.2762563,576.5091249415068,0.005,0.736,0.0,1.0,0.9999999999999999,0.02650912494150686,1
1769784898.2781942,578.5813630041724,0.005,0.736,0.0,1.0,0.9999999999999999,0.028581363004172404,1
1769784898.2801383,580.6155259531465,0.005,0.736,0.0,1.0,0.9999999999999999,0.030615525953146587,1
1769784898.2826316,582.6126536185708,0.005,0.736,0.0,1.0,0.9999999999999999,0.032612653618570846,1
1769784898.2864785,584.5737483085251,0.005,0.736,0.0,1.0,0.9999999999999999,0.03457374830852505,1
1769784898.290137,586.4997764863656,0.005,0.736,0.0,1.0,0.9999999999999999,0.03649977648636565,1
1769784898.2932775,588.3916703588835,0.005,0.736,0.0,1.0,0.9999999999999999,0.038391670358883516,1
1769784898.296183,590.2503293807641,0.005,0.736,0.0,1.0,0.9999999999999999,0.040250329380764165,1
1769784898.2990685,592.0766216804528,0.005,0.736,0.0,1.0,0.9999999999999999,0.042076621680452835,1
1769784898.3018224,593.871385412171,0.005,0.736,0.0,1.0,0.9999999999999999,0.043871385412171,1
1769784898.3043175,595.6354300385109,0.005,0.736,0.0,1.0,0.9999999999999999,0.04563543003851094,1
1769784898.3067038,597.3695375477301,0.005,0.736,0.0,1.0,0.9999999999999999,0.04736953754773015,1
1769784898.308776,599.0744636095919,0.005,0.736,0.0,1.0,0.9999999999999999,0.04907446360959194,1
1769784898.3111327,600.7509386733417,0.005,0.736,0.0,1.0,0.9999999999999999,0.05075093867334173,1
1769784898.313772,602.3996690111709,0.005,0.736,0.0,1.0,0.9999999999999999,0.05239966901117093,1
1769784898.3163989,604.0213377102996,0.005,0.736,0.0,1.0,0.9999999999999999,0.05402133771029965,1
1769784898.3186357,605.6166056166056,0.005,0.736,0.0,1.0,0.9999999999999999,0.05561660561660569,1
1769784898.3210902,607.1861122325394,0.005,0.736,0.0,1.0,0.9999999999999999,0.05718611223253938,1
1769784898.323443,608.7304765718862,0.005,0.736,0.0,1.0,0.9999999999999999,0.058730476571886285,1
1769784898.3256674,610.2502979737784,0.005,0.736,0.0,1.0,0.9999999999999999,0.06025029797377839,1
1769784898.3306398,611.7461568782026,0.005,0.736,0.0,1.0,0.9999999999999999,0.061746156878202556,1
1769784898.3337407,613.2186155651153,0.005,0.736,0.0,1.0,0.9999999999999999,0.06321861556511538,1
1769784898.3366857,614.6682188591385,0.005,0.736,0.0,1.0,0.9999999999999999,0.06466821885913848,1
1769784898.3395824,616.0954948016943,0.005,0.736,0.0,1.0,0.9999999999999999,0.06609549480169424,1
1769784898.3418517,617.5009552923195,0.005,0.736,0.0,1.0,0.9999999999999999,0.06750095529231953,1
1769784898.3441288,618.8850967007963,0.005,0.736,0.0,1.0,0.9999999999999999,0.0688850967007964,1
1769784898.3465343,620.2484004516372,0.005,0.736,0.0,1.0,0.9999999999999999,0.07024840045163722,1
1769784898.3486314,621.5913335823683,0.005,0.736,0.0,1.0,0.9999999999999999,0.0715913335823683,1
1769784898.3508532,622.9143492769745,0.005,0.736,0.0,1.0,0.9999999999999999,0.07291434927697443,1
1769784898.3533485,624.2178873757822,0.005,0.736,0.0,1.0,0.9999999999999999,0.07421788737578222,1
1769784898.3557425,625.5023748629886,0.005,0.736,0.0,1.0,0.9999999999999999,0.07550237486298866,1
1769784898.3583539,626.7682263329706,0.005,0.736,0.0,1.0,0.9999999999999999,0.07676822633297059,1
1769784898.361094,628.0158444364422,0.005,0.736,0.0,1.0,0.9999999999999999,0.07801584443644222,1
1769784898.3631375,629.2456203074723,0.005,0.736,0.0,1.0,0.9999999999999999,0.07924562030747234,1
1769784898.3653717,630.457933972311,0.005,0.736,0.0,1.0,0.9999999999999999,0.0804579339723111,1
1769784898.3681505,631.6531547409235,0.005,0.736,0.0,1.0,0.9999999999999999,0.08165315474092344,1
1769784898.370124,632.8316415820791,0.005,0.736,0.0,1.0,0.9999999999999999,0.08283164158207917,1
1769784898.374818,633.9937434827946,0.005,0.736,0.0,1.0,0.9999999999999999,0.08399374348279459,1
1769784898.37845,635.1397997928892,0.005,0.736,0.0,1.0,0.9999999999999999,0.08513979979288927,1
1769784898.3808167,636.2701405553652,0.005,0.736,0.0,1.0,0.9999999999999999,0.08627014055536525,1
1769784898.3828728,637.385086823289,0.005,0.736,0.0,1.0,0.9999999999999999,0.0873850868232891,1
1769784898.3856695,638.4849509638146,0.005,0.736,0.0,1.0,0.9999999999999999,0.08848495096381465,1
1769784898.3887172,639.5700369499497,0.005,0.736,0.0,1.0,0.9999999999999999,0.08957003694994964,1
1769784898.3908086,640.6406406406406,0.005,0.736,0.0,1.0,0.9999999999999999,0.09064064064064065,1
1769784898.3932211,641.6970500497183,0.005,0.736,0.0,1.0,0.9999999999999999,0.09169705004971834,1
1769784898.3952873,642.7395456042146,0.005,0.736,0.0,1.0,0.9999999999999999,0.09273954560421466,1
1769784898.3973916,643.7684003925417,0.005,0.736,0.0,1.0,0.9999999999999999,0.0937684003925417,1
1769784898.4008157,644.7838804029899,0.005,0.736,0.0,1.0,0.9999999999999999,0.09478388040298996,1
1769784898.4052951,647.7837279824505,0.004990013431,3.719,0.07975460122699386,1.0,0.9999999999999999,-0.6987636273874881,1
1769784898.4087117,649.3423163298044,0.005,3.719,0.07975460122699386,1.0,0.9999999999999999,-0.6982036959401343,1
1769784898.4117155,650.3028371055148,0.005,3.719,0.07975460122699386,1.0,0.9999999999999999,-0.6972431751644239,1
1769784898.4139686,651.2511878365536,0.005,3.719,0.07975460122699386,1.0,0.9999999999999999,-0.696294824433385,1
1769784898.417051,652.1875983632358,0.005,3.719,0.07975460122699386,1.0,0.9999999999999999,-0.6953584139067028,1
1769784898.4192224,653.1122927744761,0.005,3.719,0.07975460122699386,1.0,0.9999999999999999,-0.6944337194954625,1
1769784898.4212036,654.0254895865713,0.005,3.719,0.07975460122699386,1.0,0.9999999999999999,-0.6935205226833673,1
1769784898.4235225,654.9274019153538,0.005,3.719,0.07975460122699386,1.0,0.9999999999999999,-0.6926186103545848,1
1769784898.4254518,655.8182376420018,0.005,3.719,0.07975460122699386,1.0,0.9999999999999999,-0.6917277746279368,1
1769784898.427385,656.69819957278,0.005,3.719,0.07975460122699386,1.0,0.9999999999999999,-0.6908478126971586,1
1769784898.4293888,657.5674855929633,0.005,3.719,0.07975460122699386,1.0,0.9999999999999999,-0.6899785266769753,1
1769784898.4325593,658.4262888151944,0.005,3.719,0.07975460122699386,1.0,0.9999999999999999,-0.6891197234547441,1
1769784898.4348807,659.2747977225052,0.005,3.719,0.07975460122699386,1.0,0.9999999999999999,-0.6882712145474333,1
1769784898.4365559,659.3012839653627,0.005,3.719,0.07975460122699386,1.0,0.9999999999999999,-0.688244728304576,1
1769784898.4378383,659.3012839653627,0.005,3.719,0.07975460122699386,1.0,0.9999999999999999,-0.688244728304576,1
1769784898.4397764,659.3012839653627,0.005,3.719,0.07975460122699386,1.0,0.9999999999999999,-0.688244728304576,1
1769784898.441288,659.3012839653627,0.005,3.719,0.07975460122699386,1.0,0.9999999999999999,-0.688244728304576,1
1769784898.442916,659.3012839653627,0.005,3.719,0.07975460122699386,1.0,0.9999999999999999,-0.688244728304576,1
1769784898.4440908,659.3012839653627,0.005,3.719,0.07975460122699386,1.0,0.9999999999999999,-0.688244728304576,1
1769784898.4471629,659.3012839653627,0.005,3.719,0.07975460122699386,1.0,0.9999999999999999,-0.688244728304576,1
1769784898.449345,659.3012839653627,0.005,3.719,0.07975460122699386,1.0,0.9999999999999999,-0.688244728304576,1
1769784898.4512396,659.3012839653627,0.005,3.719,0.07975460122699386,1.0,0.9999999999999999,-0.688244728304576,1
1769784898.4541361,628.9592760180996,0.004870911483,3.719,0.0,1.0,0.9999999999999999,0.09186812771809955,1
1769784898.456767,629.7441664323868,0.005,3.719,0.0,1.0,0.9999999999999999,0.07974416643238685,1
1769784898.4591608,630.6961140620632,0.005,3.719,0.0,1.0,0.9999999999999999,0.08069611406206317,1
1769784898.4619918,631.637475674173,0.005,3.719,0.0,1.0,0.9999999999999999,0.08163747567417295,1
1769784898.464581,632.5684268730993,0.005,3.719,0.0,1.0,0.9999999999999999,0.08256842687309934,1
1769784898.4667315,633.4891394006049,0.005,3.719,0.0,1.0,0.9999999999999999,0.08348913940060493,1
1769784898.4690986,634.3997812414548,0.005,3.719,0.0,1.0,0.9999999999999999,0.08439978124145481,1
1769784898.4727914,635.3005167255916,0.005,3.719,0.0,1.0,0.9999999999999999,0.08530051672559164,1
1769784898.4767065,636.1915066269949,0.005,3.719,0.0,1.0,0.9999999999999999,0.08619150662699487,1
1769784898.4795952,637.0729082593489,0.005,3.719,0.0,1.0,0.9999999999999999,0.08707290825934894,1
1769784898.4817529,637.9448755686379,0.005,3.719,0.0,1.0,0.9999999999999999,0.087944875568638,1
1769784898.483832,638.8075592227841,0.005,3.719,0.0,1.0,0.9999999999999999,0.0888075592227841,1
1769784898.4863012,639.661106698438,0.005,3.719,0.0,1.0,0.9999999999999999,0.08966110669843802,1
1769784898.4902158,640.505662365025,0.005,3.719,0.0,1.0,0.9999999999999999,0.09050566236502505,1
1769784898.4928153,640.505662365025,0.005,3.719,0.0,1.0,0.9999999999999999,0.09050566236502505,1
1769784898.494636,640.505662365025,0.005,3.719,0.0,1.0,0.9999999999999999,0.09050566236502505,1
1769784898.4960876,640.505662365025,0.005,3.719,0.0,1.0,0.9999999999999999,0.09050566236502505,1
1769784898.4986434,632.1987500645628,0.004158249313,0.019,0.0,1.0,0.9999999999999999,0.1663738187645628,1
1769784898.501037,634.3341031562741,0.005,0.019,0.0,1.0,0.9999999999999999,0.08433410315627404,1
1769784898.5034587,635.1799846821547,0.005,0.019,0.0,1.0,0.9999999999999999,0.08517998468215465,1
1769784898.5065846,636.0172720345441,0.005,0.019,0.0,1.0,0.9999999999999999,0.08601727203454418,1
1769784898.5089035,636.0172720345441,0.005,0.019,0.0,1.0,0.9999999999999999,0.08601727203454418,1
1769784898.5107517,636.0172720345441,0.005,0.019,0.0,1.0,0.9999999999999999,0.08601727203454418,1
1769784898.512225,636.0172720345441,0.005,0.019,0.0,1.0,0.9999999999999999,0.08601727203454418,1
1769784898.590784,2272.727272727273,0.0040701177219999995,0.0,0.0,1.0,10.0,1.365715500527273,1
1769784898.5930912,1513.5135135135135,0.005,0.0,0.0,1.0,0.9999999999999999,0.9635135135135136,1
1769784898.5975268,1263.1578947368423,0.005,0.0,0.0,1.0,0.9999999999999999,0.7131578947368422,1
1769784898.6009276,1142.857142857143,0.005,0.0,0.0,1.0,0.9999999999999999,0.592857142857143,1
1769784898.6037202,1072.1649484536083,0.005,0.0,0.0,1.0,0.9999999999999999,0.5221649484536084,1
1769784898.606748,1025.6410256410256,0.005,0.0,0.0,1.0,0.9999999999999999,0.47564102564102556,1
1769784898.608979,992.7007299270074,0.005,0.0,0.0,1.0,0.9999999999999999,0.44270072992700743,1
1769784898.6114123,968.1528662420382,0.005,0.0,0.0,1.0,0.9999999999999999,0.41815286624203823,1
1769784898.6133873,949.1525423728814,0.005,0.0,0.0,1.0,0.9999999999999999,0.3991525423728814,1
1769784898.6151452,931.2169312169312,0.005,0.0,0.0,1.0,0.9999999999999999,0.3812169312169313,1
1769784898.6163585,931.2169312169312,0.005,0.0,0.0,1.0,0.9999999999999999,0.3812169312169313,1
1769784898.617378,931.2169312169312,0.005,0.0,0.0,1.0,0.9999999999999999,0.3812169312169313,1
1769784898.6184497,931.2169312169312,0.005,0.0,0.0,1.0,0.9999999999999999,0.3812169312169313,1
1769784898.6199992,931.2169312169312,0.005,0.0,0.0,1.0,0.9999999999999999,0.3812169312169313,1
1769784898.621376,931.2169312169312,0.005,0.0,0.0,1.0,0.9999999999999999,0.3812169312169313,1
1769784898.6224923,931.2169312169312,0.005,0.0,0.0,1.0,0.9999999999999999,0.3812169312169313,1
1769784898.6246674,545.9940652818991,0.00415772988,0.517,0.0,1.0,0.9999999999999999,0.08022107728189914,1
1769784898.6273057,560.2240896358544,0.005,0.517,0.0,1.0,0.9999999999999999,0.010224089635854465,1
1769784898.6293561,572.9442970822281,0.005,0.517,0.0,1.0,0.9999999999999999,0.022944297082228164,1
1769784898.6313808,584.382871536524,0.005,0.517,0.0,1.0,0.9999999999999999,0.03438287153652402,1
1769784898.6332397,594.7242206235012,0.005,0.517,0.0,1.0,0.9999999999999999,0.04472422062350117,1
1769784898.635469,604.1189931350115,0.005,0.517,0.0,1.0,0.9999999999999999,0.0541189931350115,1
1769784898.6374285,612.691466083151,0.005,0.517,0.0,1.0,0.9999999999999999,0.06269146608315107,1
1769784898.6404436,620.5450733752621,0.005,0.517,0.0,1.0,0.9999999999999999,0.07054507337526211,1
1769784898.6436152,627.7665995975856,0.005,0.517,0.0,1.0,0.9999999999999999,0.07776659959758564,1
1769784898.6461065,634.4294003868472,0.005,0.517,0.0,1.0,0.9999999999999999,0.08442940038684726,1
1769784898.6485643,640.5959031657355,0.005,0.517,0.0,1.0,0.9999999999999999,0.09059590316573557,1
1769784898.6515038,646.3195691202873,0.005,0.517,0.0,1.0,0.9999999999999999,0.09631956912028733,1
1769784898.6556826,651.6464471403814,0.005,0.517,0.0,1.0,0.9999999999999999,0.10164644714038146,1
1769784898.659119,656.6164154103853,0.005,0.517,0.0,1.0,0.9999999999999999,0.10661641541038541,1
1769784898.6615908,661.2641815235008,0.005,0.517,0.0,1.0,0.9999999999999999,0.11126418152350087,1
1769784898.6637044,665.6200941915228,0.005,0.517,0.0,1.0,0.9999999999999999,0.1156200941915228,1
1769784898.6662357,669.7108066971081,0.005,0.517,0.0,1.0,0.9999999999999999,0.11971080669710804,1
1769784898.6691384,673.5598227474151,0.005,0.517,0.0,1.0,0.9999999999999999,0.12355982274741512,1
1769784898.6718645,677.1879483500718,0.005,0.517,0.0,1.0,0.9999999999999999,0.1271879483500718,1
1769784898.6741579,680.6136680613669,0.005,0.517,0.0,1.0,0.9999999999999999,0.13061366806136693,1
1769784898.6767037,683.853459972863,0.005,0.517,0.0,1.0,0.9999999999999999,0.13385345997286296,1
1769784898.6788352,686.9220607661823,0.005,0.517,0.0,1.0,0.9999999999999999,0.13692206076618235,1
1769784898.6810808,689.8326898326899,0.005,0.517,0.0,1.0,0.9999999999999999,0.13983268983268987,1
1769784898.685787,692.5972396486826,0.005,0.517,0.0,1.0,0.9999999999999999,0.1425972396486826,1
1769784898.6928089,695.2264381884945,0.005,0.517,0.0,1.0,0.9999999999999999,0.1452264381884945,1
1769784898.6965368,697.7299880525687,0.005,0.517,0.0,1.0,0.9999999999999999,0.1477299880525687,1
1769784898.7013607,700.1166861143523,0.005,0.517,0.0,1.0,0.9999999999999999,0.1501166861143523,1
1769784898.7041156,702.3945267958951,0.005,0.517,0.0,1.0,0.9999999999999999,0.1523945267958951,1
1769784898.7065098,704.5707915273132,0.005,0.517,0.0,1.0,0.9999999999999999,0.15457079152731318,1
1769784898.7089324,706.6521264994548,0.005,0.517,0.0,1.0,0.9999999999999999,0.15665212649945476,1
1769784898.7112465,708.6446104589115,0.005,0.517,0.0,1.0,0.9999999999999999,0.1586446104589116,1
1769784898.7144449,710.5538140020899,0.005,0.517,0.0,1.0,0.9999999999999999,0.16055381400208996,1
1769784898.7168968,712.3848515864893,0.005,0.517,0.0,1.0,0.9999999999999999,0.16238485158648935,1
1769784898.71927,714.1424272818455,0.005,0.517,0.0,1.0,0.9999999999999999,0.16414242728184553,1
1769784898.7219229,715.8308751229105,0.005,0.517,0.0,1.0,0.9999999999999999,0.16583087512291045,1
1769784898.724959,717.4541947926713,0.005,0.517,0.0,1.0,0.9999999999999999,0.16745419479267126,1
1769784898.7294629,719.0160832544939,0.005,0.517,0.0,1.0,0.9999999999999999,0.16901608325449385,1
1769784898.7321918,720.5199628597958,0.005,0.517,0.0,1.0,0.9999999999999999,0.17051996285979582,1
1769784898.7342727,721.9690063810392,0.005,0.517,0.0,1.0,0.9999999999999999,0.17196900638103924,1
1769784898.7371604,723.3661593554162,0.005,0.517,0.0,1.0,0.9999999999999999,0.17336615935541627,1
1769784898.739363,724.7141600703607,0.005,0.517,0.0,1.0,0.9999999999999999,0.17471416007036072,1
1769784898.7419336,726.0155574762316,0.005,0.517,0.0,1.0,0.9999999999999999,0.1760155574762316,1
1769784898.7445285,727.2727272727273,0.005,0.517,0.0,1.0,0.9999999999999999,0.1772727272727273,1
1769784898.7468228,728.4878863826232,0.005,0.517,0.0,1.0,0.9999999999999999,0.1784878863826232,1
1769784898.7492182,729.6631059983566,0.005,0.517,0.0,1.0,0.9999999999999999,0.1796631059983566,1
1769784898.75181,730.800323362975,0.005,0.517,0.0,1.0,0.9999999999999999,0.18080032336297497,1
1769784898.755634,731.9013524264121,0.005,0.517,0.0,1.0,0.9999999999999999,0.1819013524264122,1
1769784898.761488,732.9678935003916,0.005,0.517,0.0,1.0,0.9999999999999999,0.1829678935003916,1
1769784898.765191,734.0015420200464,0.005,0.517,0.0,1.0,0.9999999999999999,0.18400154202004643,1
1769784898.7671127,734.0015420200464,0.005,0.517,0.0,1.0,0.9999999999999999,0.18400154202004643,1
1769784898.7698002,734.0015420200464,0.005,0.517,0.0,1.0,0.9999999999999999,0.18400154202004643,1
1769784898.7714343,734.0015420200464,0.005,0.517,0.0,1.0,0.9999999999999999,0.18400154202004643,1
1769784898.7736418,734.0015420200464,0.005,0.517,0.0,1.0,0.9999999999999999,0.18400154202004643,1
1769784898.7754202,734.0015420200464,0.005,0.517,0.0,1.0,0.9999999999999999,0.18400154202004643,1
1769784898.777295,734.0015420200464,0.005,0.517,0.0,1.0,0.9999999999999999,0.18400154202004643,1
1769784898.778707,734.0015420200464,0.005,0.517,0.0,1.0,0.9999999999999999,0.18400154202004643,1
1769784898.7811444,659.3406593406593,0.004591789335,2.363,0.0,1.0,0.9999999999999999,0.15016172584065934,1
1769784898.7843118,660.7989167230874,0.005,2.363,0.0,1.0,0.9999999999999999,0.11079891672308734,1
1769784898.7871683,662.6586506346026,0.005,2.363,0.0,1.0,0.9999999999999999,0.11265865063460262,1
1769784898.789745,664.4693473961767,0.005,2.363,0.0,1.0,0.9999999999999999,0.1144693473961767,1
1769784898.7927523,666.2329212752115,0.005,2.363,0.0,1.0,0.9999999999999999,0.11623292127521151,1
1769784898.7950943,667.951188182402,0.005,2.363,0.0,1.0,0.9999999999999999,0.11795118818240208,1
1769784898.7976353,669.6258719086874,0.005,2.363,0.0,1.0,0.9999999999999999,0.1196258719086874,1
1769784898.8009353,671.2586098935504,0.005,2.363,0.0,1.0,0.9999999999999999,0.12125860989355047,1
1769784898.8044522,672.8509585652444,0.005,2.363,0.0,1.0,0.9999999999999999,0.12285095856524436,1
1769784898.8078945,674.404398289554,0.005,2.363,0.0,1.0,0.9999999999999999,0.12440439828955402,1
1769784898.8101778,675.9203379601689,0.005,2.363,0.0,1.0,0.9999999999999999,0.12592033796016894,1
1769784898.812697,677.4001192605843,0.005,2.363,0.0,1.0,0.9999999999999999,0.12740011926058442,1
1769784898.8158982,678.8450206246317,0.005,2.363,0.0,1.0,0.9999999999999999,0.1288450206246317,1
1769784898.8182259,680.2562609202098,0.005,2.363,0.0,1.0,0.9999999999999999,0.13025626092020987,1
1769784898.8205504,681.6350028785262,0.005,2.363,0.0,1.0,0.9999999999999999,0.1316350028785262,1
1769784898.8232553,682.9823562891291,0.005,2.363,0.0,1.0,0.9999999999999999,0.1329823562891292,1
1769784898.8253424,682.8716789146409,0.005,2.363,0.0,1.0,0.9999999999999999,0.13287167891464097,1
1769784898.827809,682.3503177611774,0.004681401784,2.363,0.0,1.0,0.9999999999999999,0.16421013936117734,1
1769784898.830996,682.4435883324161,0.005,2.363,0.0,1.0,0.9999999999999999,0.13244358833241615,1
1769784898.8336446,683.7234621665759,0.005,2.363,0.0,1.0,0.9999999999999999,0.133723462166576,1
1769784898.8362465,684.9757673667206,0.005,2.363,0.0,1.0,0.9999999999999999,0.13497576736672062,1
1769784898.838262,684.8582129481006,0.005,2.363,0.0,1.0,0.9999999999999999,0.13485821294810058,1
1769784898.8402438,684.8582129481006,0.005,2.363,0.0,1.0,0.9999999999999999,0.13485821294810058,1
1769784898.842683,673.1472770983589,0.004644167586,2.363,0.0,1.0,0.9999999999999999,0.158730518498359,1
1769784898.84463,671.850699844479,0.005,2.363,0.0,1.0,0.9999999999999999,0.121850699844479,1
1769784898.8456862,671.850699844479,0.005,2.363,0.0,1.0,0.9999999999999999,0.121850699844479,1
1769784898.847496,671.850699844479,0.005,2.363,0.0,1.0,0.9999999999999999,0.121850699844479,1
1769784898.8489082,671.850699844479,0.005,2.363,0.0,1.0,0.9999999999999999,0.121850699844479,1
1769784898.8500433,671.850699844479,0.005,2.363,0.0,1.0,0.9999999999999999,0.121850699844479,1
1769784898.8511398,671.850699844479,0.005,2.363,0.0,1.0,0.9999999999999999,0.121850699844479,1
1769784898.852366,671.850699844479,0.005,2.363,0.0,1.0,0.9999999999999999,0.121850699844479,1
1769784898.8552766,633.0213258708868,0.004710084593,2.363,0.0,1.0,0.9999999999999999,0.11201286657088683,1
1769784898.8574924,637.100619933238,0.005,2.363,0.0,1.0,0.9999999999999999,0.08710061993323809,1
1769784898.8600914,638.6395843174304,0.005,2.363,0.0,1.0,0.9999999999999999,0.08863958431743041,1
1769784898.8627708,640.1497426298549,0.005,2.363,0.0,1.0,0.9999999999999999,0.09014974262985492,1
1769784898.8647614,641.6318961520631,0.005,2.363,0.0,1.0,0.9999999999999999,0.09163189615206307,1
1769784898.866908,643.0868167202573,0.005,2.363,0.0,1.0,0.9999999999999999,0.09308681672025726,1
1769784898.8690765,644.5152480655439,0.005,2.363,0.0,1.0,0.9999999999999999,0.09451524806554396,1
1769784898.8718212,645.9179070816419,0.005,2.363,0.0,1.0,0.9999999999999999,0.095917907081642,1
1769784898.8749983,647.2954850245865,0.005,2.363,0.0,1.0,0.9999999999999999,0.09729548502458646,1
1769784898.8777995,648.6486486486486,0.005,2.363,0.0,1.0,0.9999999999999999,0.0986486486486487,1
1769784898.8806705,649.9780412823891,0.005,2.363,0.0,1.0,0.9999999999999999,0.09997804128238913,1
1769784898.883025,651.284283848498,0.005,2.363,0.0,1.0,0.9999999999999999,0.10128428384849802,1
1769784898.8856456,652.5679758308157,0.005,2.363,0.0,1.0,0.9999999999999999,0.10256797583081573,1
1769784898.888026,653.8296961916988,0.005,2.363,0.0,1.0,0.9999999999999999,0.10382969619169874,1
1769784898.8900735,655.0700042426814,0.005,2.363,0.0,1.0,0.9999999999999999,0.10507000424268148,1
1769784898.8922222,656.2894404711822,0.005,2.363,0.0,1.0,0.9999999999999999,0.10628944047118222,1
1769784898.8945801,657.488527325824,0.005,2.363,0.0,1.0,0.9999999999999999,0.10748852732582398,1
1769784898.8967385,658.6677699627638,0.005,2.363,0.0,1.0,0.9999999999999999,0.1086677699627639,1
1769784898.8988051,659.8276569552728,0.005,2.363,0.0,1.0,0.9999999999999999,0.1098276569552728,1
1769784898.9008715,660.968660968661,0.005,2.363,0.0,1.0,0.9999999999999999,0.11096866096866104,1
1769784898.9044511,662.091239402503,0.005,2.363,0.0,1.0,0.9999999999999999,0.11209123940250304,1
1769784898.906563,663.1958350020025,0.005,2.363,0.0,1.0,0.9999999999999999,0.11319583500200253,1
1769784898.9090147,664.2828764402067,0.005,2.363,0.0,1.0,0.9999999999999999,0.11428287644020668,1
1769784898.9117556,665.3527788726842,0.005,2.363,0.0,1.0,0.9999999999999999,0.11535277887268419,1
1769784898.9138188,666.4059444661713,0.005,2.363,0.0,1.0,0.9999999999999999,0.11640594446617131,1
1769784898.9163847,669.9751861042184,0.004069943145,1.404,0.05555555555555555,1.0,0.9999999999999999,-0.3425746839513371,1
1769784898.9194987,671.5440893338467,0.005,1.404,0.05555555555555555,1.0,0.9999999999999999,-0.4340114662217088,1
1769784898.9217393,672.5257928926252,0.005,1.404,0.05555555555555555,1.0,0.9999999999999999,-0.4330297626629304,1
1769784898.9242432,673.4926052332196,0.005,1.404,0.05555555555555555,1.0,0.9999999999999999,-0.43206295032233594,1
1769784898.9271736,674.444862627023,0.005,1.404,0.05555555555555555,1.0,0.9999999999999999,-0.4311106929285326,1
1769784898.9296935,675.3828912962272,0.005,1.404,0.05555555555555555,1.0,0.9999999999999999,-0.4301726642593284,1
1769784898.9333022,676.3070077864294,0.005,1.404,0.05555555555555555,1.0,0.9999999999999999,-0.4292485477691262,1
1769784898.9356973,677.2175193227826,0.005,1.404,0.05555555555555555,1.0,0.9999999999999999,-0.42833803623277306,1
1769784898.9381645,678.1147241505297,0.005,1.404,0.05555555555555555,1.0,0.9999999999999999,-0.4274408314050258,1
1769784898.9406216,678.9989118607182,0.005,1.404,0.05555555555555555,1.0,0.9999999999999999,-0.4265566436948374,1
1769784898.9432433,679.8703637018365,0.005,1.404,0.05555555555555555,1.0,0.9999999999999999,-0.42568519185371906,1
1769784898.9455247,680.7293528780837,0.005,1.404,0.05555555555555555,1.0,0.9999999999999999,-0.4248262026774719,1
1769784898.9480298,681.5761448349308,0.005,1.404,0.05555555555555555,1.0,0.9999999999999999,-0.4239794107206248,1
1769784898.9503863,682.4109975326048,0.005,1.404,0.05555555555555555,1.0,0.9999999999999999,-0.42314455802295076,1
1769784898.9526505,683.8085896447839,0.004950119202,1.404,0.0,1.0,0.9999999999999999,0.13879666944478386,1
1769784898.954969,684.0458811261731,0.005,1.404,0.0,1.0,0.9999999999999999,0.13404588112617305,1
1769784898.9575322,684.8463928201588,0.005,1.404,0.0,1.0,0.9999999999999999,0.1348463928201588,1
1769784898.9597778,685.6359273225918,0.005,1.404,0.0,1.0,0.9999999999999999,0.13563592732259183,1
1769784898.9625046,686.414708886619,0.005,1.404,0.0,1.0,0.9999999999999999,0.13641470888661905,1
1769784898.9650128,687.1829556983429,0.005,1.404,0.0,1.0,0.9999999999999999,0.13718295569834288,1
1769784898.9673584,687.9408800806181,0.005,1.404,0.0,1.0,0.9999999999999999,0.13794088008061806,1
1769784898.9696264,688.6886886886887,0.005,1.404,0.0,1.0,0.9999999999999999,0.13868868868868872,1
1769784898.972197,689.4265826980445,0.005,1.404,0.0,1.0,0.9999999999999999,0.1394265826980446,1
1769784898.974567,690.1547579848534,0.005,1.404,0.0,1.0,0.9999999999999999,0.14015475798485338,1
1769784898.9774349,690.873405299313,0.005,1.404,0.0,1.0,0.9999999999999999,0.14087340529931308,1
1769784898.979983,691.5827104322392,0.005,1.404,0.0,1.0,0.9999999999999999,0.1415827104322392,1
1769784898.9822998,692.2828543752019,0.005,1.404,0.0,1.0,0.9999999999999999,0.14228285437520188,1
1769784898.9844866,692.9740134744948,0.005,1.404,0.0,1.0,0.9999999999999999,0.14297401347449484,1
1769784898.9864013,693.6563595792157,0.005,1.404,0.0,1.0,0.9999999999999999,0.1436563595792158,1
1769784898.988828,694.3300601837187,0.005,1.404,0.0,1.0,0.9999999999999999,0.1443300601837188,1
1769784898.9933407,694.9952785646836,0.005,1.404,0.0,1.0,0.9999999999999999,0.1449952785646837,1
1769784898.996948,695.6521739130435,0.005,1.404,0.0,1.0,0.9999999999999999,0.14565217391304347,1
1769784898.9994993,696.3009014609885,0.005,1.404,0.0,1.0,0.9999999999999999,0.14630090146098856,1
1769784899.0007138,696.3009014609885,0.005,1.404,0.0,1.0,0.9999999999999999,0.14630090146098856,1
1769784899.0018513,696.3009014609885,0.005,1.404,0.0,1.0,0.9999999999999999,0.14630090146098856,1
1769784899.0032356,696.3009014609885,0.005,1.404,0.0,1.0,0.9999999999999999,0.14630090146098856,1
1769784899.0043643,696.3009014609885,0.005,1.404,0.0,1.0,0.9999999999999999,0.14630090146098856,1
1769784899.00652,696.3009014609885,0.005,1.404,0.0,1.0,0.9999999999999999,0.14630090146098856,1
1769784899.0082488,696.3009014609885,0.005,1.404,0.0,1.0,0.9999999999999999,0.14630090146098856,1
1769784899.0094616,696.3009014609885,0.005,1.404,0.0,1.0,0.9999999999999999,0.14630090146098856,1
1769784899.011268,696.3009014609885,0.005,1.404,0.0,1.0,0.9999999999999999,0.14630090146098856,1
1769784899.0123608,696.3009014609885,0.005,1.404,0.0,1.0,0.9999999999999999,0.14630090146098856,1
1769784899.013324,696.3009014609885,0.005,1.404,0.0,1.0,0.9999999999999999,0.14630090146098856,1
1769784899.0147436,696.3009014609885,0.005,1.404,0.0,1.0,0.9999999999999999,0.14630090146098856,1
1769784899.0161228,696.3009014609885,0.005,1.404,0.0,1.0,0.9999999999999999,0.14630090146098856,1
1769784899.0173407,696.3009014609885,0.005,1.404,0.0,1.0,0.9999999999999999,0.14630090146098856,1
1769784899.0183258,696.3009014609885,0.005,1.404,0.0,1.0,0.9999999999999999,0.14630090146098856,1
1769784899.0203812,696.3009014609885,0.005,1.404,0.0,1.0,0.9999999999999999,0.14630090146098856,1
1769784899.021587,696.3009014609885,0.005,1.404,0.0,1.0,0.9999999999999999,0.14630090146098856,1
1769784899.0228822,696.3009014609885,0.005,1.404,0.0,1.0,0.9999999999999999,0.14630090146098856,1
1769784899.0240602,696.3009014609885,0.005,1.404,0.0,1.0,0.9999999999999999,0.14630090146098856,1
1769784899.0253313,696.3009014609885,0.005,1.404,0.0,1.0,0.9999999999999999,0.14630090146098856,1
1769784899.0269246,696.3009014609885,0.005,1.404,0.0,1.0,0.9999999999999999,0.14630090146098856,1
1769784899.028162,696.3009014609885,0.005,1.404,0.0,1.0,0.9999999999999999,0.14630090146098856,1
1769784899.0292225,696.3009014609885,0.005,1.404,0.0,1.0,0.9999999999999999,0.14630090146098856,1
1769784899.0302546,696.3009014609885,0.005,1.404,0.0,1.0,0.9999999999999999,0.14630090146098856,1
1769784899.0312545,696.3009014609885,0.005,1.404,0.0,1.0,0.9999999999999999,0.14630090146098856,1
1769784899.0322812,696.3009014609885,0.005,1.404,0.0,1.0,0.9999999999999999,0.14630090146098856,1
1769784899.0333042,696.3009014609885,0.005,1.404,0.0,1.0,0.9999999999999999,0.14630090146098856,1
1769784899.0347013,696.3009014609885,0.005,1.404,0.0,1.0,0.9999999999999999,0.14630090146098856,1
1769784899.0373878,597.7425679614223,0.004237449906,0.303,0.0,1.0,0.9999999999999999,0.12399757736142236,1
1769784899.0414395,598.3671319462734,0.005,0.303,0.0,1.0,0.9999999999999999,0.04836713194627345,1
1769784899.0449069,599.4236311239193,0.005,0.303,0.0,1.0,0.9999999999999999,0.04942363112391939,1
1769784899.0470996,600.4691164972635,0.005,0.303,0.0,1.0,0.9999999999999999,0.05046911649726354,1
1769784899.049442,601.5037593984962,0.005,0.303,0.0,1.0,0.9999999999999999,0.05150375939849621,1
1769784899.0518527,602.5277276244519,0.005,0.303,0.0,1.0,0.9999999999999999,0.05252772762445195,1
1769784899.05397,603.5411855273287,0.005,0.303,0.0,1.0,0.9999999999999999,0.05354118552732872,1
1769784899.056197,604.5442941026296,0.005,0.303,0.0,1.0,0.9999999999999999,0.05454429410262956,1
1769784899.0585253,605.5372110744222,0.005,0.303,0.0,1.0,0.9999999999999999,0.05553721107442227,1
1769784899.060594,606.5200909780136,0.005,0.303,0.0,1.0,0.9999999999999999,0.05652009097801363,1
1769784899.0627415,607.4930852401308,0.005,0.303,0.0,1.0,0.9999999999999999,0.057493085240130797,1
1769784899.0652575,608.4563422566926,0.005,0.303,0.0,1.0,0.9999999999999999,0.058456342256692544,1
1769784899.1464741,2083.3333333333335,0.004020954346,0.0,0.0,1.0,10.0,1.1812378987333334,1
1769784899.149239,1513.5135135135135,0.005,0.0,0.0,1.0,0.9999999999999999,0.9635135135135136,1
1769784899.1516223,1263.1578947368423,0.005,0.0,0.0,1.0,0.9999999999999999,0.7131578947368422,1
1769784899.1558383,1142.857142857143,0.005,0.0,0.0,1.0,0.9999999999999999,0.592857142857143,1
1769784899.1579611,1072.1649484536083,0.005,0.0,0.0,1.0,0.9999999999999999,0.5221649484536084,1
1769784899.1609104,1025.6410256410256,0.005,0.0,0.0,1.0,0.9999999999999999,0.47564102564102556,1
1769784899.1632397,992.7007299270074,0.005,0.0,0.0,1.0,0.9999999999999999,0.44270072992700743,1
1769784899.1655736,968.1528662420382,0.005,0.0,0.0,1.0,0.9999999999999999,0.41815286624203823,1
1769784899.167797,949.1525423728814,0.005,0.0,0.0,1.0,0.9999999999999999,0.3991525423728814,1
1769784899.1703928,934.010152284264,0.005,0.0,0.0,1.0,0.9999999999999999,0.384010152284264,1
1769784899.1727252,921.6589861751153,0.005,0.0,0.0,1.0,0.9999999999999999,0.37165898617511534,1
1769784899.1748917,911.3924050632911,0.005,0.0,0.0,1.0,0.9999999999999999,0.3613924050632911,1
1769784899.1775124,902.7237354085604,0.005,0.0,0.0,1.0,0.9999999999999999,0.35272373540856045,1
1769784899.1816177,895.3068592057762,0.005,0.0,0.0,1.0,0.9999999999999999,0.34530685920577614,1
1769784899.1848748,888.8888888888889,0.005,0.0,0.0,1.0,0.9999999999999999,0.33888888888888896,1
1769784899.1870418,883.2807570977918,0.005,0.0,0.0,1.0,0.9999999999999999,0.33328075709779187,1
1769784899.1901872,878.3382789317507,0.005,0.0,0.0,1.0,0.9999999999999999,0.32833827893175066,1
1769784899.1925087,873.9495798319329,0.005,0.0,0.0,1.0,0.9999999999999999,0.3239495798319329,1
1769784899.1946902,870.026525198939,0.005,0.0,0.0,1.0,0.9999999999999999,0.320026525198939,1
1769784899.1973221,866.4987405541563,0.005,0.0,0.0,1.0,0.9999999999999999,0.31649874055415633,1
1769784899.2001512,863.3093525179856,0.005,0.0,0.0,1.0,0.9999999999999999,0.3133093525179857,1
1769784899.2014806,863.3093525179856,0.005,0.0,0.0,1.0,0.9999999999999999,0.3133093525179857,1
1769784899.203334,818.1026979982594,0.004468680935,1.189,0.0,1.0,0.9999999999999999,0.3212346044982594,1
1769784899.205238,821.8029350104822,0.005,1.189,0.0,1.0,0.9999999999999999,0.2718029350104822,1
1769784899.2073612,820.9255533199196,0.005,1.189,0.0,1.0,0.9999999999999999,0.2709255533199196,1
1769784899.209853,820.1160541586073,0.005,1.189,0.0,1.0,0.9999999999999999,0.27011605415860734,1
1769784899.211856,819.3668528864059,0.005,1.189,0.0,1.0,0.9999999999999999,0.269366852886406,1
1769784899.213636,818.6714542190305,0.005,1.189,0.0,1.0,0.9999999999999999,0.26867145421903055,1
1769784899.215919,818.0242634315425,0.005,1.189,0.0,1.0,0.9999999999999999,0.26802426343154256,1
1769784899.218828,817.4204355108878,0.005,1.189,0.0,1.0,0.9999999999999999,0.26742043551088784,1
1769784899.2216282,816.8557536466775,0.005,1.189,0.0,1.0,0.9999999999999999,0.2668557536466775,1
1769784899.2242043,816.8557536466775,0.005,1.189,0.0,1.0,0.9999999999999999,0.2668557536466775,1
1769784899.226878,816.8557536466775,0.005,1.189,0.0,1.0,0.9999999999999999,0.2668557536466775,1
1769784899.2287843,816.8557536466775,0.005,1.189,0.0,1.0,0.9999999999999999,0.2668557536466775,1
1769784899.2314003,816.8557536466775,0.005,1.189,0.0,1.0,0.9999999999999999,0.2668557536466775,1
1769784899.233118,816.8557536466775,0.005,1.189,0.0,1.0,0.9999999999999999,0.2668557536466775,1
1769784899.2344782,816.8557536466775,0.005,1.189,0.0,1.0,0.9999999999999999,0.2668557536466775,1
1769784899.2362268,816.8557536466775,0.005,1.189,0.0,1.0,0.9999999999999999,0.2668557536466775,1
1769784899.2381005,816.8557536466775,0.005,1.189,0.0,1.0,0.9999999999999999,0.2668557536466775,1
1769784899.2404015,816.8557536466775,0.005,1.189,0.0,1.0,0.9999999999999999,0.2668557536466775,1
1769784899.2418246,816.8557536466775,0.005,1.189,0.0,1.0,0.9999999999999999,0.2668557536466775,1
1769784899.2431777,816.8557536466775,0.005,1.189,0.0,1.0,0.9999999999999999,0.2668557536466775,1
1769784899.2447722,816.8557536466775,0.005,1.189,0.0,1.0,0.9999999999999999,0.2668557536466775,1
1769784899.2466302,816.8557536466775,0.005,1.189,0.0,1.0,0.9999999999999999,0.2668557536466775,1
1769784899.248091,816.8557536466775,0.005,1.189,0.0,1.0,0.9999999999999999,0.2668557536466775,1
1769784899.2497215,816.8557536466775,0.005,1.189,0.0,1.0,0.9999999999999999,0.2668557536466775,1
1769784899.2510235,816.8557536466775,0.005,1.189,0.0,1.0,0.9999999999999999,0.2668557536466775,1
1769784899.2526033,816.8557536466775,0.005,1.189,0.0,1.0,0.9999999999999999,0.2668557536466775,1
1769784899.2545645,816.8557536466775,0.005,1.189,0.0,1.0,0.9999999999999999,0.2668557536466775,1
1769784899.2561138,816.8557536466775,0.005,1.189,0.0,1.0,0.9999999999999999,0.2668557536466775,1
1769784899.2574747,816.8557536466775,0.005,1.189,0.0,1.0,0.9999999999999999,0.2668557536466775,1
1769784899.2587724,816.8557536466775,0.005,1.189,0.0,1.0,0.9999999999999999,0.2668557536466775,1
1769784899.2601097,816.8557536466775,0.005,1.189,0.0,1.0,0.9999999999999999,0.2668557536466775,1
1769784899.2614887,816.8557536466775,0.005,1.189,0.0,1.0,0.9999999999999999,0.2668557536466775,1
1769784899.2632651,816.8557536466775,0.005,1.189,0.0,1.0,0.9999999999999999,0.2668557536466775,1
1769784899.264618,816.8557536466775,0.005,1.189,0.0,1.0,0.9999999999999999,0.2668557536466775,1
1769784899.2659674,816.8557536466775,0.005,1.189,0.0,1.0,0.9999999999999999,0.2668557536466775,1
1769784899.2675257,816.8557536466775,0.005,1.189,0.0,1.0,0.9999999999999999,0.2668557536466775,1
1769784899.2705138,443.68600682593853,0.004478763448,1.189,0.0,1.0,0.9999999999999999,-0.05419033797406143,1
1769784899.2732484,454.46950710108604,0.005,1.189,0.0,1.0,0.9999999999999999,-0.09553049289891397,1
1769784899.2754714,460.14790468364833,0.005,1.189,0.0,1.0,0.9999999999999999,-0.08985209531635163,1
1769784899.2767875,460.14790468364833,0.005,1.189,0.0,1.0,0.9999999999999999,-0.08985209531635163,1
1769784899.27844,460.14790468364833,0.005,1.189,0.0,1.0,0.9999999999999999,-0.08985209531635163,1
1769784899.2798257,460.14790468364833,0.005,1.189,0.0,1.0,0.9999999999999999,-0.08985209531635163,1
1769784899.281021,460.14790468364833,0.005,1.189,0.0,1.0,0.9999999999999999,-0.08985209531635163,1
1769784899.2827773,460.14790468364833,0.005,1.189,0.0,1.0,0.9999999999999999,-0.08985209531635163,1
1769784899.284182,460.14790468364833,0.005,1.189,0.0,1.0,0.9999999999999999,-0.08985209531635163,1
1769784899.2855954,460.14790468364833,0.005,1.189,0.0,1.0,0.9999999999999999,-0.08985209531635163,1
1769784899.2869034,460.14790468364833,0.005,1.189,0.0,1.0,0.9999999999999999,-0.08985209531635163,1
1769784899.2881763,460.14790468364833,0.005,1.189,0.0,1.0,0.9999999999999999,-0.08985209531635163,1
1769784899.2894423,460.14790468364833,0.005,1.189,0.0,1.0,0.9999999999999999,-0.08985209531635163,1
1769784899.2907553,460.14790468364833,0.005,1.189,0.0,1.0,0.9999999999999999,-0.08985209531635163,1
1769784899.2921429,460.14790468364833,0.005,1.189,0.0,1.0,0.9999999999999999,-0.08985209531635163,1
1769784899.2936387,460.14790468364833,0.005,1.189,0.0,1.0,0.9999999999999999,-0.08985209531635163,1
1769784899.295051,460.14790468364833,0.005,1.189,0.0,1.0,0.9999999999999999,-0.08985209531635163,1
1769784899.297107,373.9302172481896,0.004755751412,1.189,0.0,1.0,0.9999999999999999,-0.1516449239518104,1
1769784899.2991338,379.960962914769,0.005,1.189,0.0,1.0,0.9999999999999999,-0.17003903708523094,1
1769784899.3014007,385.35645472061657,0.005,1.189,0.0,1.0,0.9999999999999999,-0.1646435452793834,1
1769784899.3037186,390.6150919467343,0.005,1.189,0.0,1.0,0.9999999999999999,-0.15938490805326566,1
1769784899.3058157,395.742016280526,0.005,1.189,0.0,1.0,0.9999999999999999,-0.15425798371947397,1
1769784899.3082123,400.74211502782936,0.005,1.189,0.0,1.0,0.9999999999999999,-0.14925788497217063,1
1769784899.3106737,405.6200366524129,0.005,1.189,0.0,1.0,0.9999999999999999,-0.14437996334758707,1
1769784899.3128366,410.3802051901026,0.005,1.189,0.0,1.0,0.9999999999999999,-0.1396197948098974,1
1769784899.3154125,415.0268336314848,0.005,1.189,0.0,1.0,0.9999999999999999,-0.1349731663685152,1
1769784899.3178933,419.56393635827936,0.005,1.189,0.0,1.0,0.9999999999999999,-0.1304360636417206,1
1769784899.3206732,423.9953407105417,0.005,1.189,0.0,1.0,0.9999999999999999,-0.12600465928945825,1
1769784899.3234925,428.32469775474954,0.005,1.189,0.0,1.0,0.9999999999999999,-0.12167530224525042,1
1769784899.3283052,432.55549231644846,0.005,1.189,0.0,1.0,0.9999999999999999,-0.11744450768355152,1
1769784899.330998,436.69105233539676,0.005,1.189,0.0,1.0,0.9999999999999999,-0.1133089476646032,1
1769784899.3339202,440.73455759599335,0.005,1.189,0.0,1.0,0.9999999999999999,-0.10926544240400665,1
1769784899.336355,444.68904788112275,0.005,1.189,0.0,1.0,0.9999999999999999,-0.10531095211887725,1
1769784899.3382976,448.55743059335873,0.005,1.189,0.0,1.0,0.9999999999999999,-0.10144256940664126,1
1769784899.3401713,450.2164502164502,0.004724854629,0.8049999999999999,0.029411764705882353,1.0,0.9999999999999999,-0.3663866597423734,1
1769784899.343015,450.2164502164502,0.004724854629,0.8049999999999999,0.029411764705882353,1.0,0.9999999999999999,-0.3663866597423734,1
1769784899.3451066,450.2164502164502,0.004724854629,0.8049999999999999,0.029411764705882353,1.0,0.9999999999999999,-0.3663866597423734,1
1769784899.3470337,450.2164502164502,0.004724854629,0.8049999999999999,0.029411764705882353,1.0,0.9999999999999999,-0.3663866597423734,1
1769784899.3498435,450.2164502164502,0.004724854629,0.8049999999999999,0.029411764705882353,1.0,0.9999999999999999,-0.3663866597423734,1
1769784899.3514256,450.2164502164502,0.004724854629,0.8049999999999999,0.029411764705882353,1.0,0.9999999999999999,-0.3663866597423734,1
1769784899.3529465,450.2164502164502,0.004724854629,0.8049999999999999,0.029411764705882353,1.0,0.9999999999999999,-0.3663866597423734,1
1769784899.3542483,450.2164502164502,0.004724854629,0.8049999999999999,0.029411764705882353,1.0,0.9999999999999999,-0.3663866597423734,1
1769784899.3565588,450.2164502164502,0.004724854629,0.8049999999999999,0.029411764705882353,1.0,0.9999999999999999,-0.3663866597423734,1
1769784899.359573,417.3228346456693,0.004540235617,0.8049999999999999,0.0,1.0,0.9999999999999999,-0.08670072705433068,1
1769784899.3620858,423.91832766164316,0.005,0.8049999999999999,0.0,1.0,0.9999999999999999,-0.12608167233835682,1
1769784899.3648088,427.5397207510833,0.005,0.8049999999999999,0.0,1.0,0.9999999999999999,-0.12246027924891673,1
1769784899.3670132,431.09203624225086,0.005,0.8049999999999999,0.0,1.0,0.9999999999999999,-0.11890796375774915,1
1769784899.3692563,434.57723193197927,0.005,0.8049999999999999,0.0,1.0,0.9999999999999999,-0.11542276806802071,1
1769784899.3723912,437.9971923256902,0.005,0.8049999999999999,0.0,1.0,0.9999999999999999,-0.11200280767430976,1
1769784899.3745227,441.3537320352341,0.005,0.8049999999999999,0.0,1.0,0.9999999999999999,-0.1086462679647659,1
1769784899.3767743,444.648598989435,0.005,0.8049999999999999,0.0,1.0,0.9999999999999999,-0.10535140101056495,1
1769784899.3786318,447.88347746927633,0.005,0.8049999999999999,0.0,1.0,0.9999999999999999,-0.10211652253072367,1
1769784899.3815641,451.0599909788002,0.005,0.8049999999999999,0.0,1.0,0.9999999999999999,-0.09894000902119976,1
1769784899.3840618,454.1797049620027,0.005,0.8049999999999999,0.0,1.0,0.9999999999999999,-0.09582029503799727,1
1769784899.3861136,457.2441293752769,0.005,0.8049999999999999,0.0,1.0,0.9999999999999999,-0.09275587062472307,1
1769784899.3876882,457.2441293752769,0.005,0.8049999999999999,0.0,1.0,0.9999999999999999,-0.09275587062472307,1
1769784899.389154,457.2441293752769,0.005,0.8049999999999999,0.0,1.0,0.9999999999999999,-0.09275587062472307,1
1769784899.3907335,457.2441293752769,0.005,0.8049999999999999,0.0,1.0,0.9999999999999999,-0.09275587062472307,1
1769784899.3921022,457.2441293752769,0.005,0.8049999999999999,0.0,1.0,0.9999999999999999,-0.09275587062472307,1
1769784899.3933246,457.2441293752769,0.005,0.8049999999999999,0.0,1.0,0.9999999999999999,-0.09275587062472307,1
1769784899.3944817,457.2441293752769,0.005,0.8049999999999999,0.0,1.0,0.9999999999999999,-0.09275587062472307,1
1769784899.3958473,457.2441293752769,0.005,0.8049999999999999,0.0,1.0,0.9999999999999999,-0.09275587062472307,1
1769784899.3970838,457.2441293752769,0.005,0.8049999999999999,0.0,1.0,0.9999999999999999,-0.09275587062472307,1
1769784899.398179,457.2441293752769,0.005,0.8049999999999999,0.0,1.0,0.9999999999999999,-0.09275587062472307,1
1769784899.4008222,425.1492110211757,0.004805668573,0.6849999999999999,0.0,1.0,0.9999999999999999,-0.10541764627882427,1
1769784899.4023657,425.1492110211757,0.004805668573,0.6849999999999999,0.0,1.0,0.9999999999999999,-0.10541764627882427,1
1769784899.4040425,425.1492110211757,0.004805668573,0.6849999999999999,0.0,1.0,0.9999999999999999,-0.10541764627882427,1
1769784899.4062648,425.1492110211757,0.004805668573,0.6849999999999999,0.0,1.0,0.9999999999999999,-0.10541764627882427,1
1769784899.4080243,425.1492110211757,0.004805668573,0.6849999999999999,0.0,1.0,0.9999999999999999,-0.10541764627882427,1
1769784899.411336,425.1492110211757,0.004805668573,0.6849999999999999,0.0,1.0,0.9999999999999999,-0.10541764627882427,1
1769784899.4143734,425.1492110211757,0.004805668573,0.6849999999999999,0.0,1.0,0.9999999999999999,-0.10541764627882427,1
1769784899.418037,406.4352243861135,0.004861036512,0.6849999999999999,0.0,1.0,0.9999999999999999,-0.12966842681388652,1
1769784899.4213412,409.62934658005355,0.005,0.6849999999999999,0.0,1.0,0.9999999999999999,-0.14037065341994642,1
1769784899.4238038,412.5900644671976,0.005,0.6849999999999999,0.0,1.0,0.9999999999999999,-0.1374099355328024,1
1769784899.4263604,415.50621001129093,0.005,0.6849999999999999,0.0,1.0,0.9999999999999999,-0.13449378998870903,1
1769784899.429057,418.3787822189018,0.005,0.6849999999999999,0.0,1.0,0.9999999999999999,-0.1316212177810982,1
1769784899.4315498,421.20875046347794,0.005,0.6849999999999999,0.0,1.0,0.9999999999999999,-0.12879124953652205,1
1769784899.433742,423.997055576003,0.005,0.6849999999999999,0.0,1.0,0.9999999999999999,-0.126002944423997,1
1769784899.436452,426.7446108878334,0.005,0.6849999999999999,0.0,1.0,0.9999999999999999,-0.1232553891121666,1
1769784899.4385262,429.45230322814655,0.005,0.6849999999999999,0.0,1.0,0.9999999999999999,-0.12054769677185345,1
1769784899.4406347,432.1209938782859,0.005,0.6849999999999999,0.0,1.0,0.9999999999999999,-0.11787900612171409,1
1769784899.4429138,434.7515194851627,0.005,0.6849999999999999,0.0,1.0,0.9999999999999999,-0.11524848051483727,1
1769784899.4460158,437.3446929357473,0.005,0.6849999999999999,0.0,1.0,0.9999999999999999,-0.1126553070642527,1
1769784899.4482596,439.9013041945717,0.005,0.6849999999999999,0.0,1.0,0.9999999999999999,-0.11009869580542825,1
1769784899.4508445,442.4221211060553,0.005,0.6849999999999999,0.0,1.0,0.9999999999999999,-0.10757787889394471,1
1769784899.453133,444.90789016336464,0.005,0.6849999999999999,0.0,1.0,0.9999999999999999,-0.10509210983663536,1
1769784899.4552658,447.35933724542633,0.005,0.6849999999999999,0.0,1.0,0.9999999999999999,-0.10264066275457367,1
1769784899.45727,449.7771683236202,0.005,0.6849999999999999,0.0,1.0,0.9999999999999999,-0.1002228316763798,1
1769784899.4607255,452.1620701395982,0.005,0.6849999999999999,0.0,1.0,0.9999999999999999,-0.0978379298604018,1
1769784899.4637434,454.5147108555969,0.005,0.6849999999999999,0.0,1.0,0.9999999999999999,-0.09548528914440307,1
1769784899.466695,456.83574067853544,0.005,0.6849999999999999,0.0,1.0,0.9999999999999999,-0.09316425932146455,1
1769784899.4691885,459.1257924591258,0.005,0.6849999999999999,0.0,1.0,0.9999999999999999,-0.09087420754087416,1
1769784899.4712186,461.38548226715284,0.005,0.6849999999999999,0.0,1.0,0.9999999999999999,-0.08861451773284712,1
1769784899.4739046,463.61540994402367,0.005,0.6849999999999999,0.0,1.0,0.9999999999999999,-0.08638459005597632,1
1769784899.4766083,465.81615963362776,0.005,0.6849999999999999,0.0,1.0,0.9999999999999999,-0.08418384036637222,1
1769784899.4789066,467.9883002924927,0.005,0.6849999999999999,0.0,1.0,0.9999999999999999,-0.08201169970750732,1
1769784899.481603,470.13238618017436,0.005,0.6849999999999999,0.0,1.0,0.9999999999999999,-0.0798676138198256,1
1769784899.4841845,472.2489573307668,0.005,0.6849999999999999,0.0,1.0,0.9999999999999999,-0.07775104266923316,1
1769784899.4867418,474.3385400063755,0.005,0.6849999999999999,0.0,1.0,0.9999999999999999,-0.07566145999362445,1
1769784899.4886556,474.3385400063755,0.005,0.6849999999999999,0.0,1.0,0.9999999999999999,-0.07566145999362445,1
1769784899.4907522,474.3385400063755,0.005,0.6849999999999999,0.0,1.0,0.9999999999999999,-0.07566145999362445,1
1769784899.492285,474.3385400063755,0.005,0.6849999999999999,0.0,1.0,0.9999999999999999,-0.07566145999362445,1
1769784899.4948642,470.0031084861672,0.0043905620539999995,1.634,0.0,1.0,0.9999999999999999,-0.01905309691383273,1
1769784899.4970434,472.04201421068893,0.005,1.634,0.0,1.0,0.9999999999999999,-0.07795798578931107,1
1769784899.4994957,474.05587964384404,0.005,1.634,0.0,1.0,0.9999999999999999,-0.07594412035615594,1
1769784899.5016527,476.0451632590785,0.005,1.634,0.0,1.0,0.9999999999999999,-0.07395483674092146,1
1769784899.503925,478.0103124052169,0.005,1.634,0.0,1.0,0.9999999999999999,-0.07198968759478308,1
1769784899.5053592,478.0103124052169,0.005,1.634,0.0,1.0,0.9999999999999999,-0.07198968759478308,1
1769784899.5066206,478.0103124052169,0.005,1.634,0.0,1.0,0.9999999999999999,-0.07198968759478308,1
1769784899.5080047,478.0103124052169,0.005,1.634,0.0,1.0,0.9999999999999999,-0.07198968759478308,1
1769784899.5094469,478.0103124052169,0.005,1.634,0.0,1.0,0.9999999999999999,-0.07198968759478308,1
1769784899.510737,478.0103124052169,0.005,1.634,0.0,1.0,0.9999999999999999,-0.07198968759478308,1
1769784899.5122128,478.0103124052169,0.005,1.634,0.0,1.0,0.9999999999999999,-0.07198968759478308,1
1769784899.513795,478.0103124052169,0.005,1.634,0.0,1.0,0.9999999999999999,-0.07198968759478308,1
1769784899.5156236,458.38638731334646,0.004742552575,1.634,0.0,1.0,0.9999999999999999,-0.0658688701866535,1
1769784899.5184708,460.166810468795,0.005,1.634,0.0,1.0,0.9999999999999999,-0.08983318953120495,1
1769784899.5218394,462.11038032599373,0.005,1.634,0.0,1.0,0.9999999999999999,-0.08788961967400627,1
1769784899.5240514,464.0318453227182,0.005,1.634,0.0,1.0,0.9999999999999999,-0.0859681546772818,1
1769784899.5262368,465.9315804353973,0.005,1.634,0.0,1.0,0.9999999999999999,-0.0840684195646027,1
1769784899.5287192,467.8099522069159,0.005,1.634,0.0,1.0,0.9999999999999999,-0.08219004779308409,1
1769784899.5325062,469.66731898238754,0.005,1.634,0.0,1.0,0.9999999999999999,-0.08033268101761243,1
1769784899.5354943,471.5040311370587,0.005,1.634,0.0,1.0,0.9999999999999999,-0.0784959688629413,1
1769784899.5384524,473.32043129665465,0.005,1.634,0.0,1.0,0.9999999999999999,-0.07667956870334536,1
1769784899.5406091,475.1168545504537,0.005,1.634,0.0,1.0,0.9999999999999999,-0.07488314544954627,1
1769784899.542518,476.89362865736945,0.005,1.634,0.0,1.0,0.9999999999999999,-0.07310637134263054,1
1769784899.545604,478.65107424530873,0.005,1.634,0.0,1.0,0.9999999999999999,-0.07134892575469126,1
1769784899.5495489,480.38950500405736,0.005,1.634,0.0,1.0,0.9999999999999999,-0.06961049499594263,1
1769784899.553125,482.1092278719397,0.005,1.634,0.0,1.0,0.9999999999999999,-0.06789077212806027,1
1769784899.555628,483.81054321648384,0.005,1.634,0.0,1.0,0.9999999999999999,-0.06618945678351612,1
1769784899.5579803,485.49374500931594,0.005,1.634,0.0,1.0,0.9999999999999999,-0.06450625499068402,1
1769784899.5618176,487.1591209954991,0.005,1.634,0.0,1.0,0.9999999999999999,-0.06284087900450086,1
1769784899.5647938,488.8069528575191,0.005,1.634,0.0,1.0,0.9999999999999999,-0.06119304714248087,1
1769784899.5670505,490.4375163741158,0.005,1.634,0.0,1.0,0.9999999999999999,-0.05956248362588424,1
1769784899.570078,492.0510815741465,0.005,1.634,0.0,1.0,0.9999999999999999,-0.057948918425853486,1
1769784899.5725043,493.64791288566244,0.005,1.634,0.0,1.0,0.9999999999999999,-0.05635208711433754,1
1769784899.5748131,495.2282692803715,0.005,1.634,0.0,1.0,0.9999999999999999,-0.05477173071962849,1
1769784899.578147,496.7924044136515,0.005,1.634,0.0,1.0,0.9999999999999999,-0.05320759558634847,1
1769784899.5813627,498.3405667602757,0.005,1.634,0.0,1.0,0.9999999999999999,-0.05165943323972428,1
1769784899.5848098,499.87299974599955,0.005,1.634,0.0,1.0,0.9999999999999999,-0.050127000254000416,1
1769784899.5883887,501.38994187515794,0.005,1.634,0.0,1.0,0.9999999999999999,-0.048610058124842044,1
1769784899.5914931,502.89162685441295,0.005,1.634,0.0,1.0,0.9999999999999999,-0.047108373145587086,1
1769784899.5941284,504.3782837127846,0.005,1.634,0.0,1.0,0.9999999999999999,-0.045621716287215404,1
1769784899.6706014,1927.7108433734938,0.004968992329,0.0,0.0,1.0,10.0,0.9308116104734938,1
1769784899.675219,1513.5135135135135,0.005,0.0,0.0,1.0,0.9999999999999999,0.9635135135135136,1
1769784899.6773493,1263.1578947368423,0.005,0.0,0.0,1.0,0.9999999999999999,0.7131578947368422,1
1769784899.6813617,1142.857142857143,0.005,0.0,0.0,1.0,0.9999999999999999,0.592857142857143,1
1769784899.6839678,1072.1649484536083,0.005,0.0,0.0,1.0,0.9999999999999999,0.5221649484536084,1
1769784899.6862836,1025.6410256410256,0.005,0.0,0.0,1.0,0.9999999999999999,0.47564102564102556,1
1769784899.6885781,992.7007299270074,0.005,0.0,0.0,1.0,0.9999999999999999,0.44270072992700743,1
1769784899.6904671,968.1528662420382,0.005,0.0,0.0,1.0,0.9999999999999999,0.41815286624203823,1
1769784899.6935668,949.1525423728814,0.005,0.0,0.0,1.0,0.9999999999999999,0.3991525423728814,1
1769784899.6965046,934.010152284264,0.005,0.0,0.0,1.0,0.9999999999999999,0.384010152284264,1
1769784899.6988647,921.6589861751153,0.005,0.0,0.0,1.0,0.9999999999999999,0.37165898617511534,1
1769784899.7014573,911.3924050632911,0.005,0.0,0.0,1.0,0.9999999999999999,0.3613924050632911,1
1769784899.7038646,902.7237354085604,0.005,0.0,0.0,1.0,0.9999999999999999,0.35272373540856045,1
1769784899.7056983,895.3068592057762,0.005,0.0,0.0,1.0,0.9999999999999999,0.34530685920577614,1
1769784899.7088108,888.8888888888889,0.005,0.0,0.0,1.0,0.9999999999999999,0.33888888888888896,1
1769784899.7116976,883.2807570977918,0.005,0.0,0.0,1.0,0.9999999999999999,0.33328075709779187,1
1769784899.713641,878.3382789317507,0.005,0.0,0.0,1.0,0.9999999999999999,0.32833827893175066,1
1769784899.716169,873.9495798319329,0.005,0.0,0.0,1.0,0.9999999999999999,0.3239495798319329,1
1769784899.71855,870.026525198939,0.005,0.0,0.0,1.0,0.9999999999999999,0.320026525198939,1
1769784899.720451,866.4987405541563,0.005,0.0,0.0,1.0,0.9999999999999999,0.31649874055415633,1
1769784899.7238069,863.3093525179856,0.005,0.0,0.0,1.0,0.9999999999999999,0.3133093525179857,1
1769784899.7272973,860.4118993135011,0.005,0.0,0.0,1.0,0.9999999999999999,0.31041189931350105,1
1769784899.7304153,857.7680525164113,0.005,0.0,0.0,1.0,0.9999999999999999,0.3077680525164113,1
1769784899.7339797,855.3459119496856,0.005,0.0,0.0,1.0,0.9999999999999999,0.3053459119496857,1
1769784899.7377264,853.1187122736419,0.005,0.0,0.0,1.0,0.9999999999999999,0.3031187122736419,1
1769784899.7415073,851.063829787234,0.005,0.0,0.0,1.0,0.9999999999999999,0.30106382978723406,1
1769784899.7449198,849.1620111731844,0.005,0.0,0.0,1.0,0.9999999999999999,0.29916201117318447,1
1769784899.7473958,847.3967684021544,0.005,0.0,0.0,1.0,0.9999999999999999,0.2973967684021544,1
1769784899.7501514,845.7538994800694,0.005,0.0,0.0,1.0,0.9999999999999999,0.2957538994800694,1
1769784899.7526913,844.2211055276382,0.005,0.0,0.0,1.0,0.9999999999999999,0.2942211055276382,1
1769784899.7554784,842.7876823338736,0.005,0.0,0.0,1.0,0.9999999999999999,0.2927876823338736,1
1769784899.7577162,839.4276629570747,0.005,0.0,0.0,1.0,0.9999999999999999,0.2894276629570747,1
1769784899.7590218,839.4276629570747,0.005,0.0,0.0,1.0,0.9999999999999999,0.2894276629570747,1
1769784899.7615314,839.4276629570747,0.005,0.0,0.0,1.0,0.9999999999999999,0.2894276629570747,1
1769784899.7628405,839.4276629570747,0.005,0.0,0.0,1.0,0.9999999999999999,0.2894276629570747,1
1769784899.7651489,746.7261075508499,0.004852757996,1.822,0.0,1.0,0.9999999999999999,0.21145030795084996,1
1769784899.7693906,748.9823609226594,0.005,1.822,0.0,1.0,0.9999999999999999,0.19898236092265936,1
1769784899.7721465,750.3302509907529,0.005,1.822,0.0,1.0,0.9999999999999999,0.2003302509907529,1
1769784899.7746167,751.6087516087516,0.005,1.822,0.0,1.0,0.9999999999999999,0.20160875160875164,1
1769784899.7769504,752.823086574655,0.005,1.822,0.0,1.0,0.9999999999999999,0.20282308657465503,1
1769784899.779589,753.9779681762546,0.005,1.822,0.0,1.0,0.9999999999999999,0.20397796817625463,1
1769784899.783439,755.0776583034648,0.005,1.822,0.0,1.0,0.9999999999999999,0.20507765830346475,1
1769784899.7862144,756.1260210035006,0.005,1.822,0.0,1.0,0.9999999999999999,0.20612602100350058,1
1769784899.789058,757.126567844926,0.005,1.822,0.0,1.0,0.9999999999999999,0.20712656784492595,1
1769784899.7913997,758.0824972129319,0.005,1.822,0.0,1.0,0.9999999999999999,0.20808249721293198,1
1769784899.7936835,758.9967284623773,0.005,1.822,0.0,1.0,0.9999999999999999,0.20899672846237732,1
1769784899.7978337,759.8719316969051,0.005,1.822,0.0,1.0,0.9999999999999999,0.20987193169690516,1
1769784899.800451,760.7105538140021,0.005,1.822,0.0,1.0,0.9999999999999999,0.2107105538140021,1
1769784899.8035371,761.5148413510748,0.005,1.822,0.0,1.0,0.9999999999999999,0.21151484135107484,1
1769784899.8056986,762.2868605817451,0.005,1.822,0.0,1.0,0.9999999999999999,0.21228686058174512,1
1769784899.807939,763.0285152409047,0.005,1.822,0.0,1.0,0.9999999999999999,0.21302851524090466,1
1769784899.8114212,763.7415621986501,0.005,1.822,0.0,1.0,0.9999999999999999,0.2137415621986501,1
1769784899.8146403,764.4276253547777,0.005,1.822,0.0,1.0,0.9999999999999999,0.21442762535477772,1
1769784899.8177564,765.088207985144,0.005,1.822,0.0,1.0,0.9999999999999999,0.215088207985144,1
1769784899.8208869,765.7247037374658,0.005,1.822,0.0,1.0,0.9999999999999999,0.21572470373746583,1
1769784899.8231604,766.3384064458371,0.005,1.822,0.0,1.0,0.9999999999999999,0.21633840644583718,1
1769784899.8261955,766.9305189094108,0.005,1.822,0.0,1.0,0.9999999999999999,0.21693051890941079,1
1769784899.8291383,767.5021607605877,0.005,1.822,0.0,1.0,0.9999999999999999,0.21750216076058776,1
1769784899.8314755,768.054375531011,0.005,1.822,0.0,1.0,0.9999999999999999,0.2180543755310111,1
1769784899.833514,768.5881370091896,0.005,1.822,0.0,1.0,0.9999999999999999,0.2185881370091896,1
1769784899.8363197,769.1043549712408,0.005,1.822,0.0,1.0,0.9999999999999999,0.21910435497124087,1
1769784899.8385813,769.6038803556993,0.005,1.822,0.0,1.0,0.9999999999999999,0.21960388035569928,1
1769784899.8415449,770.0875099443118,0.005,1.822,0.0,1.0,0.9999999999999999,0.22008750994431187,1
1769784899.8445685,770.5559906029757,0.005,1.822,0.0,1.0,0.9999999999999999,0.22055599060297576,1
1769784899.8465793,771.0100231303007,0.005,1.822,0.0,1.0,0.9999999999999999,0.22101002313030077,1
1769784899.8487122,771.4502657555049,0.005,1.822,0.0,1.0,0.9999999999999999,0.22145026575550492,1
1769784899.8512309,771.8773373223636,0.005,1.822,0.0,1.0,0.9999999999999999,0.22187733732236364,1
1769784899.8533995,772.2918201915991,0.005,1.822,0.0,1.0,0.9999999999999999,0.22229182019159915,1
1769784899.855562,772.6942628903413,0.005,1.822,0.0,1.0,0.9999999999999999,0.22269426289034128,1
1769784899.8580172,773.7498208912451,0.004673304982,0.194,0.09333333333333334,1.0,0.9999999999999999,-0.6769140106420883,1
1769784899.8607433,773.4650670430487,0.005,0.194,0.09333333333333334,1.0,0.9999999999999999,-0.7098682662902847,1
1769784899.8637333,773.8343771746695,0.005,0.194,0.09333333333333334,1.0,0.9999999999999999,-0.7094989561586639,1
1769784899.8670034,774.1935483870967,0.005,0.194,0.09333333333333334,1.0,0.9999999999999999,-0.7091397849462366,1
1769784899.8699527,774.5429925524712,0.005,0.194,0.09333333333333334,1.0,0.9999999999999999,-0.7087903407808621,1
1769784899.8728049,774.8830995323982,0.005,0.194,0.09333333333333334,1.0,0.9999999999999999,-0.7084502338009352,1
1769784899.8758264,775.2142386288727,0.005,0.194,0.09333333333333334,1.0,0.9999999999999999,-0.7081190947044607,1
1769784899.8770113,775.2142386288727,0.005,0.194,0.09333333333333334,1.0,0.9999999999999999,-0.7081190947044607,1
1769784899.8783052,775.2142386288727,0.005,0.194,0.09333333333333334,1.0,0.9999999999999999,-0.7081190947044607,1
1769784899.8803034,750.7926442612555,0.004749131366,0.194,0.0,1.0,0.9999999999999999,0.22587950766125564,1
1769784899.8826482,751.4088916718848,0.005,0.194,0.0,1.0,0.9999999999999999,0.20140889167188486,1
1769784899.8858593,752.0098948670378,0.005,0.194,0.0,1.0,0.9999999999999999,0.20200989486703785,1
1769784899.8882012,752.5962125839951,0.005,0.194,0.0,1.0,0.9999999999999999,0.20259621258399513,1
1769784899.8904808,753.1683765841883,0.005,0.194,0.0,1.0,0.9999999999999999,0.20316837658418835,1
1769784899.8925169,753.726893261777,0.005,0.194,0.0,1.0,0.9999999999999999,0.203726893261777,1
1769784899.8943317,754.2722451384798,0.005,0.194,0.0,1.0,0.9999999999999999,0.2042722451384798,1
1769784899.896321,754.8048922539314,0.005,0.194,0.0,1.0,0.9999999999999999,0.20480489225393145,1
1769784899.898688,755.3252734599885,0.005,0.194,0.0,1.0,0.9999999999999999,0.20532527345998847,1
1769784899.9009004,755.8338076266363,0.005,0.194,0.0,1.0,0.9999999999999999,0.20583380762663633,1
1769784899.9028068,756.3308947664603,0.005,0.194,0.0,1.0,0.9999999999999999,0.20633089476646033,1
1769784899.9056156,756.816917084029,0.005,0.194,0.0,1.0,0.9999999999999999,0.206816917084029,1
1769784899.9081743,757.2922399559715,0.005,0.194,0.0,1.0,0.9999999999999999,0.2072922399559715,1
1769784899.9103084,757.7572128470332,0.005,0.194,0.0,1.0,0.9999999999999999,0.20775721284703325,1
1769784899.9122841,758.212170166936,0.005,0.194,0.0,1.0,0.9999999999999999,0.208212170166936,1
1769784899.9150224,758.6574320724561,0.005,0.194,0.0,1.0,0.9999999999999999,0.20865743207245618,1
1769784899.9169662,759.0933052187665,0.005,0.194,0.0,1.0,0.9999999999999999,0.20909330521876662,1
1769784899.9191532,759.5200834637456,0.005,0.194,0.0,1.0,0.9999999999999999,0.20952008346374557,1
1769784899.9215558,759.9380485286525,0.005,0.194,0.0,1.0,0.9999999999999999,0.20993804852865255,1
1769784899.9233363,760.3474706182933,0.005,0.194,0.0,1.0,0.9999999999999999,0.21034747061829334,1
1769784899.925229,760.7486090035408,0.005,0.194,0.0,1.0,0.9999999999999999,0.2107486090035408,1
1769784899.92703,761.1417125688533,0.005,0.194,0.0,1.0,0.9999999999999999,0.21114171256885333,1
1769784899.930426,761.5270203272187,0.005,0.194,0.0,1.0,0.9999999999999999,0.21152702032721865,1
1769784899.932911,761.9047619047618,0.005,0.194,0.0,1.0,0.9999999999999999,0.21190476190476187,1
1769784899.9353418,762.2751579970832,0.005,0.194,0.0,1.0,0.9999999999999999,0.21227515799708324,1
1769784899.9379573,762.6384207992297,0.005,0.194,0.0,1.0,0.9999999999999999,0.21263842079922973,1
1769784899.9402654,762.9947544110635,0.005,0.194,0.0,1.0,0.9999999999999999,0.21299475441106347,1
1769784899.942784,763.3443552196505,0.005,0.194,0.0,1.0,0.9999999999999999,0.21334435521965062,1
1769784899.9463189,763.6874122601778,0.005,0.194,0.0,1.0,0.9999999999999999,0.2136874122601778,1
1769784899.9490416,764.0241075567918,0.005,0.194,0.0,1.0,0.9999999999999999,0.21402410755679185,1
1769784899.9520664,764.3546164446486,0.005,0.194,0.0,1.0,0.9999999999999999,0.21435461644464865,1
1769784899.9562902,764.6791078743742,0.005,0.194,0.0,1.0,0.9999999999999999,0.21467910787437422,1
1769784899.9593933,764.9977447000451,0.005,0.194,0.0,1.0,0.9999999999999999,0.21499774470004512,1
1769784899.9623713,765.310683951721,0.005,0.194,0.0,1.0,0.9999999999999999,0.21531068395172098,1
1769784899.9645522,765.6180770934869,0.005,0.194,0.0,1.0,0.9999999999999999,0.21561807709348696,1
1769784899.9665287,765.9200702678963,0.005,0.194,0.0,1.0,0.9999999999999999,0.21592007026789634,1
1769784899.9689586,766.2168045276447,0.005,0.194,0.0,1.0,0.9999999999999999,0.21621680452764475,1
1769784899.971092,766.5084160552439,0.005,0.194,0.0,1.0,0.9999999999999999,0.2165084160552439,1
1769784899.9737966,766.7950363714164,0.005,0.194,0.0,1.0,0.9999999999999999,0.21679503637141634,1
1769784899.9763765,767.0767925328807,0.005,0.194,0.0,1.0,0.9999999999999999,0.21707679253288076,1
1769784899.9788067,767.3538073201514,0.005,0.194,0.0,1.0,0.9999999999999999,0.21735380732015147,1
1769784899.9809973,767.6261994159366,0.005,0.194,0.0,1.0,0.9999999999999999,0.2176261994159367,1
1769784899.9830558,767.8940835746794,0.005,0.194,0.0,1.0,0.9999999999999999,0.21789408357467938,1
1769784899.985757,768.1575707837504,0.005,0.194,0.0,1.0,0.9999999999999999,0.21815757078375048,1
1769784899.9883363,768.4167684167684,0.005,0.194,0.0,1.0,0.9999999999999999,0.21841676841676844,1
1769784899.9905062,768.6717803794913,0.005,0.194,0.0,1.0,0.9999999999999999,0.21867178037949137,1
1769784899.9928613,768.9227072486984,0.005,0.194,0.0,1.0,0.9999999999999999,0.2189227072486985,1
1769784899.994924,769.1696464044498,0.005,0.194,0.0,1.0,0.9999999999999999,0.21916964640444986,1
1769784899.9972732,769.4126921560899,0.005,0.194,0.0,1.0,0.9999999999999999,0.21941269215608988,1
1769784900.0001473,769.6519358623386,0.005,0.194,0.0,1.0,0.9999999999999999,0.2196519358623386,1
1769784900.002735,769.8874660457897,0.005,0.194,0.0,1.0,0.9999999999999999,0.21988746604578974,1
1769784900.005297,770.1193685021178,0.005,0.194,0.0,1.0,0.9999999999999999,0.22011936850211783,1
1769784900.008881,770.3477264042798,0.005,0.194,0.0,1.0,0.9999999999999999,0.22034772640427985,1
1769784900.0116982,770.5726204019719,0.005,0.194,0.0,1.0,0.9999999999999999,0.22057262040197195,1
1769784900.0147326,770.7941287165977,0.005,0.194,0.0,1.0,0.9999999999999999,0.2207941287165977,1
1769784900.0182488,771.0123272319761,0.005,0.194,0.0,1.0,0.9999999999999999,0.2210123272319761,1
1769784900.0206926,771.227289581016,0.005,0.194,0.0,1.0,0.9999999999999999,0.22122728958101595,1
1769784900.0233834,771.439087228561,0.005,0.194,0.0,1.0,0.9999999999999999,0.22143908722856104,1
1769784900.0257082,771.6477895506029,0.005,0.194,0.0,1.0,0.9999999999999999,0.22164778955060288,1
1769784900.0287895,771.8534639100471,0.005,0.194,0.0,1.0,0.9999999999999999,0.22185346391004718,1
1769784900.0323892,772.0561757292041,0.005,0.194,0.0,1.0,0.9999999999999999,0.22205617572920416,1
1769784900.0349796,772.2559885591705,0.005,0.194,0.0,1.0,0.9999999999999999,0.22225598855917056,1
1769784900.0372896,772.4529641462549,0.005,0.194,0.0,1.0,0.9999999999999999,0.22245296414625487,1
1769784900.0398173,772.6471624955939,0.005,0.194,0.0,1.0,0.9999999999999999,0.22264716249559385,1
1769784900.0421333,772.8386419320966,0.005,0.194,0.0,1.0,0.9999999999999999,0.22283864193209663,1
1769784900.0446367,773.027459158846,0.005,0.194,0.0,1.0,0.9999999999999999,0.22302745915884598,1
1769784900.0503957,775.7609220788185,0.004750436015,3.574,0.07042253521126761,1.0,0.9999999999999999,-0.45350803153385766,1
1769784900.0539448,776.1398697291738,0.005,3.574,0.07042253521126761,1.0,0.9999999999999999,-0.4780854823835023,1
1769784900.0567052,776.1398697291738,0.005,3.574,0.07042253521126761,1.0,0.9999999999999999,-0.4780854823835023,1
1769784900.0586338,776.1398697291738,0.005,3.574,0.07042253521126761,1.0,0.9999999999999999,-0.4780854823835023,1
1769784900.0604603,776.1398697291738,0.005,3.574,0.07042253521126761,1.0,0.9999999999999999,-0.4780854823835023,1
1769784900.062128,776.1398697291738,0.005,3.574,0.07042253521126761,1.0,0.9999999999999999,-0.4780854823835023,1
1769784900.0647776,756.5200079633686,0.004388503512,3.574,0.0,1.0,0.9999999999999999,0.2676696567633686,1
1769784900.0676723,756.0092196246295,0.005,3.574,0.0,1.0,0.9999999999999999,0.20600921962462954,1
1769784900.070343,756.2970232253844,0.005,3.574,0.0,1.0,0.9999999999999999,0.2062970232253844,1
1769784900.0726173,756.5810854728632,0.005,3.574,0.0,1.0,0.9999999999999999,0.2065810854728632,1
1769784900.07541,756.8614788505005,0.005,3.574,0.0,1.0,0.9999999999999999,0.2068614788505005,1
1769784900.0767486,756.8614788505005,0.005,3.574,0.0,1.0,0.9999999999999999,0.2068614788505005,1
1769784900.078363,756.8614788505005,0.005,3.574,0.0,1.0,0.9999999999999999,0.2068614788505005,1
1769784900.0797384,756.8614788505005,0.005,3.574,0.0,1.0,0.9999999999999999,0.2068614788505005,1
1769784900.0821474,743.6818554232054,0.004953964837,0.19999999999999998,0.0,1.0,0.9999999999999999,0.19828537172320548,1
1769784900.0842276,743.196746950266,0.005,0.19999999999999998,0.0,1.0,0.9999999999999999,0.19319674695026595,1
1769784900.0863612,743.5498912029841,0.005,0.19999999999999998,0.0,1.0,0.9999999999999999,0.1935498912029841,1
1769784900.0885866,743.8986716095151,0.005,0.19999999999999998,0.0,1.0,0.9999999999999999,0.19389867160951507,1
1769784900.0911937,744.2431685600245,0.005,0.19999999999999998,0.0,1.0,0.9999999999999999,0.1942431685600245,1
1769784900.093407,744.5834604821484,0.005,0.19999999999999998,0.0,1.0,0.9999999999999999,0.19458346048214842,1
1769784900.0956914,744.9196239005156,0.005,0.19999999999999998,0.0,1.0,0.9999999999999999,0.1949196239005156,1
1769784900.0978878,745.2517334941211,0.005,0.19999999999999998,0.0,1.0,0.9999999999999999,0.19525173349412112,1
1769784900.1000633,745.5798621516333,0.005,0.19999999999999998,0.0,1.0,0.9999999999999999,0.1955798621516333,1
1769784900.1020749,745.9040810247244,0.005,0.19999999999999998,0.0,1.0,0.9999999999999999,0.1959040810247244,1
1769784900.1042166,746.2244595795086,0.005,0.19999999999999998,0.0,1.0,0.9999999999999999,0.19622445957950857,1
1769784900.1061878,746.5410656461584,0.005,0.19999999999999998,0.0,1.0,0.9999999999999999,0.19654106564615842,1
1769784900.1081283,746.8539654667837,0.005,0.19999999999999998,0.0,1.0,0.9999999999999999,0.19685396546678374,1
1769784900.1104097,747.1632237416352,0.005,0.19999999999999998,0.0,1.0,0.9999999999999999,0.19716322374163525,1
1769784900.112311,747.4689036737055,0.005,0.19999999999999998,0.0,1.0,0.9999999999999999,0.19746890367370556,1
1769784900.114043,747.7710670117918,0.005,0.19999999999999998,0.0,1.0,0.9999999999999999,0.19777106701179187,1
1769784900.1159253,748.069774092079,0.005,0.19999999999999998,0.0,1.0,0.9999999999999999,0.198069774092079,1
1769784900.1181004,748.3650838783053,0.005,0.19999999999999998,0.0,1.0,0.9999999999999999,0.19836508387830537,1
1769784900.1204448,748.6570540005655,0.005,0.19999999999999998,0.0,1.0,0.9999999999999999,0.1986570540005655,1
1769784900.122648,748.9457407928029,0.005,0.19999999999999998,0.0,1.0,0.9999999999999999,0.19894574079280297,1
1769784900.1276639,749.2311993290467,0.005,0.19999999999999998,0.0,1.0,0.9999999999999999,0.1992311993290467,1
1769784900.1311486,749.5134834584376,0.005,0.19999999999999998,0.0,1.0,0.9999999999999999,0.1995134834584376,1
1769784900.1347213,749.7926458390931,0.005,0.19999999999999998,0.0,1.0,0.9999999999999999,0.19979264583909312,1
1769784900.1373074,750.0687379708552,0.005,0.19999999999999998,0.0,1.0,0.9999999999999999,0.20006873797085517,1
1769784900.1395888,750.341810226962,0.005,0.19999999999999998,0.0,1.0,0.9999999999999999,0.200341810226962,1
1769784900.1430216,750.6119118846887,0.005,0.19999999999999998,0.0,1.0,0.9999999999999999,0.2006119118846887,1
1769784900.145362,750.8790911549905,0.005,0.19999999999999998,0.0,1.0,0.9999999999999999,0.20087909115499053,1
1769784900.148638,751.1433952111918,0.005,0.19999999999999998,0.0,1.0,0.9999999999999999,0.2011433952111918,1
1769784900.1508584,751.4048702167514,0.005,0.19999999999999998,0.0,1.0,0.9999999999999999,0.2014048702167514,1
1769784900.153119,751.6635613521427,0.005,0.19999999999999998,0.0,1.0,0.9999999999999999,0.20166356135214264,1
1769784900.154961,751.9195128408791,0.005,0.19999999999999998,0.0,1.0,0.9999999999999999,0.2019195128408791,1
1769784900.1570323,752.1727679747169,0.005,0.19999999999999998,0.0,1.0,0.9999999999999999,0.2021727679747169,1
1769784900.1591377,752.4233691380665,0.005,0.19999999999999998,0.0,1.0,0.9999999999999999,0.20242336913806652,1
1769784900.160961,752.6713578316394,0.005,0.19999999999999998,0.0,1.0,0.9999999999999999,0.20267135783163942,1
1769784900.1646187,752.9167746953591,0.005,0.19999999999999998,0.0,1.0,0.9999999999999999,0.20291677469535913,1
1769784900.1675618,753.1596595305649,0.005,0.19999999999999998,0.0,1.0,0.9999999999999999,0.20315965953056497,1
1769784900.1699998,753.4000513215294,0.005,0.19999999999999998,0.0,1.0,0.9999999999999999,0.20340005132152944,1
1769784900.1728287,753.6379882563185,0.005,0.19999999999999998,0.0,1.0,0.9999999999999999,0.20363798825631857,1
1769784900.1749365,753.8735077470155,0.005,0.19999999999999998,0.0,1.0,0.9999999999999999,0.20387350774701557,1
1769784900.1773062,754.1066464493302,0.005,0.19999999999999998,0.0,1.0,0.9999999999999999,0.20410664644933024,1
1769784900.1797535,754.3374402816194,0.005,0.19999999999999998,0.0,1.0,0.9999999999999999,0.20433744028161943,1
1769784900.1818733,754.5659244433325,0.005,0.19999999999999998,0.0,1.0,0.9999999999999999,0.2045659244433325,1
1769784900.2588348,2127.659574468085,0.004086813192,0.0,0.0,1.0,10.0,1.218978255268085,1
1769784900.261839,1513.5135135135135,0.005,0.0,0.0,1.0,0.9999999999999999,0.9635135135135136,1
1769784900.2644677,1263.1578947368423,0.005,0.0,0.0,1.0,0.9999999999999999,0.7131578947368422,1
1769784900.2671282,1142.857142857143,0.005,0.0,0.0,1.0,0.9999999999999999,0.592857142857143,1
1769784900.2694376,1072.1649484536083,0.005,0.0,0.0,1.0,0.9999999999999999,0.5221649484536084,1
1769784900.2718902,1025.6410256410256,0.005,0.0,0.0,1.0,0.9999999999999999,0.47564102564102556,1
1769784900.2747123,992.7007299270074,0.005,0.0,0.0,1.0,0.9999999999999999,0.44270072992700743,1
1769784900.2769759,968.1528662420382,0.005,0.0,0.0,1.0,0.9999999999999999,0.41815286624203823,1
1769784900.2802694,978.8654060066741,0.004065357433,0.471,0.19230769230769232,1.0,0.9999999999999999,-1.400747260370249,1
1769784900.2843633,974.6192893401015,0.005,0.471,0.19230769230769232,1.0,0.9999999999999999,-1.4984576337368216,1
1769784900.2859018,974.6192893401015,0.005,0.471,0.19230769230769232,1.0,0.9999999999999999,-1.4984576337368216,1
1769784900.287391,974.6192893401015,0.005,0.471,0.19230769230769232,1.0,0.9999999999999999,-1.4984576337368216,1
1769784900.2888234,974.6192893401015,0.005,0.471,0.19230769230769232,1.0,0.9999999999999999,-1.4984576337368216,1
1769784900.2908094,974.6192893401015,0.005,0.471,0.19230769230769232,1.0,0.9999999999999999,-1.4984576337368216,1
1769784900.2922494,974.6192893401015,0.005,0.471,0.19230769230769232,1.0,0.9999999999999999,-1.4984576337368216,1
1769784900.2951741,637.7551020408163,0.004727697885,0.471,0.0,1.0,0.9999999999999999,0.11498531354081637,1
1769784900.298542,640.9495548961424,0.005,0.471,0.0,1.0,0.9999999999999999,0.09094955489614248,1
1769784900.3009331,649.8599439775911,0.005,0.471,0.0,1.0,0.9999999999999999,0.09985994397759118,1
1769784900.3039954,657.8249336870026,0.005,0.471,0.0,1.0,0.9999999999999999,0.10782493368700269,1
1769784900.3062723,664.9874055415618,0.005,0.471,0.0,1.0,0.9999999999999999,0.11498740554156178,1
1769784900.3084745,671.462829736211,0.005,0.471,0.0,1.0,0.9999999999999999,0.12146282973621109,1
1769784900.3113108,677.345537757437,0.005,0.471,0.0,1.0,0.9999999999999999,0.127345537757437,1
1769784900.3137789,682.7133479212254,0.005,0.471,0.0,1.0,0.9999999999999999,0.1327133479212254,1
1769784900.316182,687.6310272536688,0.005,0.471,0.0,1.0,0.9999999999999999,0.13763102725366877,1
1769784900.3182108,692.1529175050302,0.005,0.471,0.0,1.0,0.9999999999999999,0.14215291750503029,1
1769784900.3217168,696.3249516441006,0.005,0.471,0.0,1.0,0.9999999999999999,0.1463249516441006,1
1769784900.3249238,700.1862197392924,0.005,0.471,0.0,1.0,0.9999999999999999,0.15018621973929241,1
1769784900.3277674,703.7701974865349,0.005,0.471,0.0,1.0,0.9999999999999999,0.15377019748653492,1
1769784900.3307197,707.1057192374351,0.005,0.471,0.0,1.0,0.9999999999999999,0.15710571923743516,1
1769784900.3326573,710.2177554438862,0.005,0.471,0.0,1.0,0.9999999999999999,0.16021775544388622,1
1769784900.3345804,713.128038897893,0.005,0.471,0.0,1.0,0.9999999999999999,0.163128038897893,1
1769784900.3369153,715.8555729984301,0.005,0.471,0.0,1.0,0.9999999999999999,0.16585557299843018,1
1769784900.339568,718.4170471841704,0.005,0.471,0.0,1.0,0.9999999999999999,0.16841704718417044,1
1769784900.3416638,720.8271787296899,0.005,0.471,0.0,1.0,0.9999999999999999,0.17082717872968994,1
1769784900.3446493,723.0989956958393,0.005,0.471,0.0,1.0,0.9999999999999999,0.17309899569583936,1
1769784900.3472042,735.3760445682451,0.004701705544,1.171,0.10869565217391304,1.0,0.9999999999999999,-0.8717510315708853,1
1769784900.349456,738.1275440976933,0.005,1.171,0.10869565217391304,1.0,0.9999999999999999,-0.8988289776414371,1
1769784900.351642,739.7622192866578,0.005,1.171,0.10869565217391304,1.0,0.9999999999999999,-0.8971943024524726,1
1769784900.3552575,741.3127413127413,0.005,1.171,0.10869565217391304,1.0,0.9999999999999999,-0.8956437804263891,1
1769784900.3574324,742.7854454203263,0.005,1.171,0.10869565217391304,1.0,0.9999999999999999,-0.8941710763188041,1
1769784900.359847,744.1860465116279,0.005,1.171,0.10869565217391304,1.0,0.9999999999999999,-0.8927704752275025,1
1769784900.3621974,745.5197132616488,0.005,1.171,0.10869565217391304,1.0,0.9999999999999999,-0.8914368084774816,1
1769784900.3644984,746.7911318553092,0.005,1.171,0.10869565217391304,1.0,0.9999999999999999,-0.8901653898838212,1
1769784900.367234,748.0045610034208,0.005,1.171,0.10869565217391304,1.0,0.9999999999999999,-0.8889519607357096,1
1769784900.3703215,749.1638795986621,0.005,1.171,0.10869565217391304,1.0,0.9999999999999999,-0.8877926421404683,1
1769784900.372624,750.2726281352236,0.005,1.171,0.10869565217391304,1.0,0.9999999999999999,-0.8866838936039068,1
1769784900.3746998,751.3340448239062,0.005,1.171,0.10869565217391304,1.0,0.9999999999999999,-0.8856224769152242,1
1769784900.3770392,752.3510971786834,0.005,1.171,0.10869565217391304,1.0,0.9999999999999999,-0.884605424560447,1
1769784900.3792822,753.3265097236439,0.005,1.171,0.10869565217391304,1.0,0.9999999999999999,-0.8836300120154865,1
1769784900.3816042,754.2627883650953,0.005,1.171,0.10869565217391304,1.0,0.9999999999999999,-0.8826937333740351,1
1769784900.3851783,755.1622418879056,0.005,1.171,0.10869565217391304,1.0,0.9999999999999999,-0.8817942798512248,1
1769784900.3878741,756.0270009643202,0.005,1.171,0.10869565217391304,1.0,0.9999999999999999,-0.8809295207748102,1
1769784900.3897645,756.8590350047303,0.005,1.171,0.10869565217391304,1.0,0.9999999999999999,-0.8800974867344,1
1769784900.3923287,757.6601671309193,0.005,1.171,0.10869565217391304,1.0,0.9999999999999999,-0.8792963546082111,1
1769784900.394469,758.4320875113947,0.005,1.171,0.10869565217391304,1.0,0.9999999999999999,-0.8785244342277357,1
1769784900.3966866,759.1763652641002,0.005,1.171,0.10869565217391304,1.0,0.9999999999999999,-0.8777801564750302,1
1769784900.4000924,759.8944591029024,0.005,1.171,0.10869565217391304,1.0,0.9999999999999999,-0.877062062636228,1
1769784900.4027598,760.5877268798617,0.005,1.171,0.10869565217391304,1.0,0.9999999999999999,-0.8763687948592687,1
1769784900.4053717,761.2574341546305,0.005,1.171,0.10869565217391304,1.0,0.9999999999999999,-0.8756990875845,1
1769784900.4084105,761.9047619047618,0.005,1.171,0.10869565217391304,1.0,0.9999999999999999,-0.8750517598343686,1
1769784900.4106677,762.53081347576,0.005,1.171,0.10869565217391304,1.0,0.9999999999999999,-0.8744257082633704,1
1769784900.4137423,763.1366208569119,0.005,1.171,0.10869565217391304,1.0,0.9999999999999999,-0.8738199008822185,1
1769784900.4163916,763.7231503579952,0.005,1.171,0.10869565217391304,1.0,0.9999999999999999,-0.8732333713811352,1
1769784900.4186182,764.2913077525451,0.005,1.171,0.10869565217391304,1.0,0.9999999999999999,-0.8726652139865854,1
1769784900.420761,764.8419429452583,0.005,1.171,0.10869565217391304,1.0,0.9999999999999999,-0.8721145787938721,1
1769784900.4232442,765.375854214123,0.005,1.171,0.10869565217391304,1.0,0.9999999999999999,-0.8715806675250074,1
1769784900.4253883,765.8937920718026,0.005,1.171,0.10869565217391304,1.0,0.9999999999999999,-0.8710627296673278,1
1769784900.4279137,766.3964627855563,0.005,1.171,0.10869565217391304,1.0,0.9999999999999999,-0.8705600589535741,1
1769784900.4297729,766.884531590414,0.005,1.171,0.10869565217391304,1.0,0.9999999999999999,-0.8700719901487164,1
1769784900.4321096,767.3586256263422,0.005,1.171,0.10869565217391304,1.0,0.9999999999999999,-0.8695978961127881,1
1769784900.434611,767.8193366266761,0.005,1.171,0.10869565217391304,1.0,0.9999999999999999,-0.8691371851124543,1
1769784900.4369829,768.2672233820459,0.005,1.171,0.10869565217391304,1.0,0.9999999999999999,-0.8686892983570845,1
1769784900.4396994,768.7028140013726,0.005,1.171,0.10869565217391304,1.0,0.9999999999999999,-0.8682537077377578,1
1769784900.4424238,769.1266079891673,0.005,1.171,0.10869565217391304,1.0,0.9999999999999999,-0.8678299137499631,1
1769784900.4447217,769.5390781563127,0.005,1.171,0.10869565217391304,1.0,0.9999999999999999,-0.8674174435828177,1
1769784900.447152,769.9406723796968,0.005,1.171,0.10869565217391304,1.0,0.9999999999999999,-0.8670158493594335,1
1769784900.4492178,770.3318152244633,0.005,1.171,0.10869565217391304,1.0,0.9999999999999999,-0.866624706514667,1
1769784900.4513571,770.7129094412331,0.005,1.171,0.10869565217391304,1.0,0.9999999999999999,-0.8662436122978973,1
1769784900.4533901,771.0843373493976,0.005,1.171,0.10869565217391304,1.0,0.9999999999999999,-0.8658721843897328,1
1769784900.456382,771.4464621164684,0.005,1.171,0.10869565217391304,1.0,0.9999999999999999,-0.865510059622662,1
1769784900.4589303,771.7996289424862,0.005,1.171,0.10869565217391304,1.0,0.9999999999999999,-0.8651568927966442,1
1769784900.4612882,772.1441661576054,0.005,1.171,0.10869565217391304,1.0,0.9999999999999999,-0.864812355581525,1
1769784900.4643116,772.4803862401931,0.005,1.171,0.10869565217391304,1.0,0.9999999999999999,-0.8644761354989373,1
1769784900.466259,772.8085867620752,0.005,1.171,0.10869565217391304,1.0,0.9999999999999999,-0.8641479349770552,1
1769784900.4683654,773.1290512669417,0.005,1.171,0.10869565217391304,1.0,0.9999999999999999,-0.8638274704721887,1
1769784900.471004,773.4420500873617,0.005,1.171,0.10869565217391304,1.0,0.9999999999999999,-0.8635144716517686,1
1769784900.4731998,773.747841105354,0.005,1.171,0.10869565217391304,1.0,0.9999999999999999,-0.8632086806337763,1
1769784900.4755394,774.046670461013,0.005,1.171,0.10869565217391304,1.0,0.9999999999999999,-0.8629098512781174,1
1769784900.4780018,774.3387732132808,0.005,1.171,0.10869565217391304,1.0,0.9999999999999999,-0.8626177485258496,1
1769784900.4802308,774.6243739565944,0.005,1.171,0.10869565217391304,1.0,0.9999999999999999,-0.8623321477825361,1
1769784900.4821234,774.903687396808,0.005,1.171,0.10869565217391304,1.0,0.9999999999999999,-0.8620528343423224,1
1769784900.4843154,775.1769188894937,0.005,1.171,0.10869565217391304,1.0,0.9999999999999999,-0.8617796028496367,1
1769784900.4868238,775.4442649434571,0.005,1.171,0.10869565217391304,1.0,0.9999999999999999,-0.8615122567956732,1
1769784900.4892766,775.7059136920618,0.005,1.171,0.10869565217391304,1.0,0.9999999999999999,-0.8612506080470685,1
1769784900.4921777,775.9620453347391,0.005,1.171,0.10869565217391304,1.0,0.9999999999999999,-0.8609944764043913,1
1769784900.4950185,776.2128325508608,0.005,1.171,0.10869565217391304,1.0,0.9999999999999999,-0.8607436891882696,1
1769784900.4970589,776.458440887971,0.005,1.171,0.10869565217391304,1.0,0.9999999999999999,-0.8604980808511593,1
1769784900.4991612,776.6990291262135,0.005,1.171,0.10869565217391304,1.0,0.9999999999999999,-0.8602574926129168,1
1769784900.5019977,776.9347496206374,0.005,1.171,0.10869565217391304,1.0,0.9999999999999999,-0.8600217721184931,1
1769784900.5048285,777.1657486229344,0.005,1.171,0.10869565217391304,1.0,0.9999999999999999,-0.859790773116196,1
1769784900.507642,777.3921665840357,0.005,1.171,0.10869565217391304,1.0,0.9999999999999999,-0.8595643551550947,1
1769784900.5106843,777.6141384388807,0.005,1.171,0.10869565217391304,1.0,0.9999999999999999,-0.8593423833002497,1
1769784900.5128412,777.8317938745746,0.005,1.171,0.10869565217391304,1.0,0.9999999999999999,-0.8591247278645558,1
1769784900.5150988,778.0452575830525,0.005,1.171,0.10869565217391304,1.0,0.9999999999999999,-0.8589112641560779,1
1769784900.5182903,778.2546494992847,0.005,1.171,0.10869565217391304,1.0,0.9999999999999999,-0.8587018722398457,1
1769784900.5214286,778.4600850259802,0.005,1.171,0.10869565217391304,1.0,0.9999999999999999,-0.8584964367131502,1
1769784900.5242999,778.6616752456715,0.005,1.171,0.10869565217391304,1.0,0.9999999999999999,-0.8582948464934589,1
1769784900.5267477,778.8595271210014,0.005,1.171,0.10869565217391304,1.0,0.9999999999999999,-0.858096994618129,1
1769784900.5296092,779.0537436839688,0.005,1.171,0.10869565217391304,1.0,0.9999999999999999,-0.8579027780551616,1
1769784900.53183,779.2444242148384,0.005,1.171,0.10869565217391304,1.0,0.9999999999999999,-0.857712097524292,1
1769784900.5342443,779.4316644113668,0.005,1.171,0.10869565217391304,1.0,0.9999999999999999,-0.8575248573277636,1
1769784900.5367124,779.6155565489495,0.005,1.171,0.10869565217391304,1.0,0.9999999999999999,-0.8573409651901809,1
1769784900.5389168,779.7961896322552,0.005,1.171,0.10869565217391304,1.0,0.9999999999999999,-0.8571603321068753,1
1769784900.541614,779.973649538867,0.005,1.171,0.10869565217391304,1.0,0.9999999999999999,-0.8569828722002634,1
1769784900.5439856,780.1480191554201,0.005,1.171,0.10869565217391304,1.0,0.9999999999999999,-0.8568085025837103,1
1769784900.5464153,780.3193785066898,0.005,1.171,0.10869565217391304,1.0,0.9999999999999999,-0.8566371432324407,1
1769784900.5491529,780.4878048780488,0.005,1.171,0.10869565217391304,1.0,0.9999999999999999,-0.8564687168610816,1
1769784900.5521498,781.1836630720898,0.004020886706,3.638,0.08426966292134831,1.0,0.9999999999999999,-0.5136016367413934,1
1769784900.554817,780.8161548169962,0.005,3.638,0.08426966292134831,1.0,0.9999999999999999,-0.6118804743964869,1
1769784900.558052,780.9762202753442,0.005,3.638,0.08426966292134831,1.0,0.9999999999999999,-0.611720408938139,1
1769784900.5612512,781.13363673976,0.005,3.638,0.08426966292134831,1.0,0.9999999999999999,-0.611562992473723,1
1769784900.5650206,781.2884694296265,0.005,3.638,0.08426966292134831,1.0,0.9999999999999999,-0.6114081597838567,1
1769784900.5672715,781.4407814407814,0.005,3.638,0.08426966292134831,1.0,0.9999999999999999,-0.6112558477727017,1
1769784900.5696409,781.5906338312475,0.005,3.638,0.08426966292134831,1.0,0.9999999999999999,-0.6111059953822356,1
1769784900.5722349,781.7380857028435,0.005,3.638,0.08426966292134831,1.0,0.9999999999999999,-0.6109585435106396,1
1769784900.575506,781.8831942789035,0.005,3.638,0.08426966292134831,1.0,0.9999999999999999,-0.6108134349345796,1
1769784900.5786924,784.8699763593381,0.004948174306,3.638,0.0,1.0,0.9999999999999999,0.2400525457593382,1
1769784900.5827613,785.295267892061,0.005,3.638,0.0,1.0,0.9999999999999999,0.23529526789206107,1
1769784900.5858054,785.4093907644548,0.005,3.638,0.0,1.0,0.9999999999999999,0.23540939076445483,1
1769784900.5901353,785.5217558721603,0.005,3.638,0.0,1.0,0.9999999999999999,0.23552175587216034,1
1769784900.5932984,785.6324035154757,0.005,3.638,0.0,1.0,0.9999999999999999,0.23563240351547582,1
1769784900.5968373,785.7413727720894,0.005,3.638,0.0,1.0,0.9999999999999999,0.23574137277208945,1
1769784900.600211,785.8487015430937,0.005,3.638,0.0,1.0,0.9999999999999999,0.23584870154309373,1
1769784900.6035616,785.9544265969369,0.005,3.638,0.0,1.0,0.9999999999999999,0.23595442659693683,1
1769784900.6063995,786.0585836114201,0.005,3.638,0.0,1.0,0.9999999999999999,0.23605858361142013,1
1769784900.6088016,786.1612072138388,0.005,3.638,0.0,1.0,0.9999999999999999,0.23616120721383888,1
1769784900.6115003,786.2623310193642,0.005,3.638,0.0,1.0,0.9999999999999999,0.23626233101936417,1
1769784900.613853,786.3619876677548,0.005,3.638,0.0,1.0,0.9999999999999999,0.2363619876677548,1
1769784900.616203,786.4602088584804,0.005,3.638,0.0,1.0,0.9999999999999999,0.23646020885848046,1
1769784900.6190221,786.5570253843404,0.005,3.638,0.0,1.0,0.9999999999999999,0.23655702538434037,1
1769784900.621617,786.6524671636494,0.005,3.638,0.0,1.0,0.9999999999999999,0.23665246716364935,1
1769784900.6238694,786.746563271061,0.005,3.638,0.0,1.0,0.9999999999999999,0.23674656327106097,1
1769784900.6263928,786.8393419670983,0.005,3.638,0.0,1.0,0.9999999999999999,0.23683934196709838,1
1769784900.628927,786.9308307264512,0.005,3.638,0.0,1.0,0.9999999999999999,0.2369308307264512,1
1769784900.6312456,787.0210562651018,0.005,3.638,0.0,1.0,0.9999999999999999,0.2370210562651019,1
1769784900.6355636,787.1100445663353,0.005,3.638,0.0,1.0,0.9999999999999999,0.2371100445663354,1
1769784900.6383986,787.1978209056861,0.005,3.638,0.0,1.0,0.9999999999999999,0.23719782090568603,1
1769784900.6409204,787.2844098748732,0.005,3.638,0.0,1.0,0.9999999999999999,0.23728440987487326,1
1769784900.6435122,787.3698354047699,0.005,3.638,0.0,1.0,0.9999999999999999,0.2373698354047699,1
1769784900.6456518,787.4541207874541,0.005,3.638,0.0,1.0,0.9999999999999999,0.23745412078745415,1
1769784900.6485348,787.5372886973815,0.005,3.638,0.0,1.0,0.9999999999999999,0.2375372886973816,1
1769784900.6507502,787.6193612117221,0.005,3.638,0.0,1.0,0.9999999999999999,0.23761936121172217,1
1769784900.6532433,787.7003598298986,0.005,3.638,0.0,1.0,0.9999999999999999,0.23770035982989862,1
1769784900.6553822,787.7803054923627,0.005,3.638,0.0,1.0,0.9999999999999999,0.23778030549236268,1
1769784900.6590214,787.8592185986439,0.005,3.638,0.0,1.0,0.9999999999999999,0.23785921859864395,1
1769784900.6613212,787.9371190247033,0.005,3.638,0.0,1.0,0.9999999999999999,0.23793711902470333,1
1769784900.6658905,788.0140261396239,0.005,3.638,0.0,1.0,0.9999999999999999,0.2380140261396239,1
1769784900.6691117,788.0899588216662,0.005,3.638,0.0,1.0,0.9999999999999999,0.23808995882166623,1
1769784900.6722164,788.1649354737174,0.005,3.638,0.0,1.0,0.9999999999999999,0.23816493547371737,1
1769784900.675287,788.2389740381608,0.005,3.638,0.0,1.0,0.9999999999999999,0.2382389740381608,1
1769784900.6802921,788.3120920111905,0.005,3.638,0.0,1.0,0.9999999999999999,0.23831209201119058,1
1769784900.6863275,788.3843064565957,0.005,3.638,0.0,1.0,0.9999999999999999,0.23838430645659575,1
1769784900.6914341,788.4556340190359,0.005,3.638,0.0,1.0,0.9999999999999999,0.23845563401903586,1
1769784900.696043,788.5260909368326,0.005,3.638,0.0,1.0,0.9999999999999999,0.23852609093683258,1
1769784900.699564,788.5956930542918,0.005,3.638,0.0,1.0,0.9999999999999999,0.2385956930542918,1
1769784900.7021763,788.6644558335845,0.005,3.638,0.0,1.0,0.9999999999999999,0.23866445583358448,1
1769784900.70384,788.6644558335845,0.005,3.638,0.0,1.0,0.9999999999999999,0.23866445583358448,1
1769784900.7063336,788.6644558335845,0.005,3.638,0.0,1.0,0.9999999999999999,0.23866445583358448,1
1769784900.708992,781.7589576547232,0.005,1.867,0.0,1.0,0.9999999999999999,0.23175895765472326,1
1769784900.711015,781.8663526641154,0.005,1.867,0.0,1.0,0.9999999999999999,0.23186635266411543,1
1769784900.713351,781.9724904887328,0.005,1.867,0.0,1.0,0.9999999999999999,0.23197249048873275,1
1769784900.715462,782.0773930753564,0.005,1.867,0.0,1.0,0.9999999999999999,0.23207739307535652,1
1769784900.7176707,782.1810818628869,0.005,1.867,0.0,1.0,0.9999999999999999,0.23218108186288694,1
1769784900.7201812,782.2835777969515,0.005,1.867,0.0,1.0,0.9999999999999999,0.23228357779695147,1
1769784900.723112,782.3849013440092,0.005,1.867,0.0,1.0,0.9999999999999999,0.2323849013440093,1
1769784900.7255287,782.4850725049758,0.005,1.867,0.0,1.0,0.9999999999999999,0.2324850725049759,1
1769784900.727642,782.5841108283857,0.005,1.867,0.0,1.0,0.9999999999999999,0.23258411082838576,1
1769784900.7299511,782.6820354231094,0.005,1.867,0.0,1.0,0.9999999999999999,0.23268203542310945,1
1769784900.7325618,782.7788649706458,0.005,1.867,0.0,1.0,0.9999999999999999,0.23277886497064587,1
1769784900.7349648,782.8746177370031,0.005,1.867,0.0,1.0,0.9999999999999999,0.23287461773700308,1
1769784900.7377493,782.9693115841858,0.005,1.867,0.0,1.0,0.9999999999999999,0.23296931158418582,1
1769784900.7403502,783.0629639813034,0.005,1.867,0.0,1.0,0.9999999999999999,0.23306296398130338,1
1769784900.7427347,783.1555920153131,0.005,1.867,0.0,1.0,0.9999999999999999,0.23315559201531316,1
1769784900.7456057,783.2472124014142,0.005,1.867,0.0,1.0,0.9999999999999999,0.23324721240141427,1
1769784900.7486706,783.3378414931026,0.005,1.867,0.0,1.0,0.9999999999999999,0.2333378414931026,1
1769784900.7526498,783.427495291902,0.005,1.867,0.0,1.0,0.9999999999999999,0.23342749529190204,1
1769784900.7558258,783.5161894567835,0.005,1.867,0.0,1.0,0.9999999999999999,0.2335161894567836,1
1769784900.7584333,783.6039393132819,0.005,1.867,0.0,1.0,0.9999999999999999,0.23360393931328188,1
1769784900.7614543,783.6907598623246,0.005,1.867,0.0,1.0,0.9999999999999999,0.23369075986232463,1
1769784900.7641528,783.7766657887806,0.005,1.867,0.0,1.0,0.9999999999999999,0.2337766657887807,1
1769784900.7671068,783.8616714697406,0.005,1.867,0.0,1.0,0.9999999999999999,0.23386167146974063,1
1769784900.769556,783.9457909825385,0.005,1.867,0.0,1.0,0.9999999999999999,0.23394579098253848,1
1769784900.7717047,784.0290381125227,0.005,1.867,0.0,1.0,0.9999999999999999,0.23402903811252268,1
1769784900.774089,784.1114263605882,0.005,1.867,0.0,1.0,0.9999999999999999,0.2341114263605883,1
1769784900.7762456,783.7490357418359,0.005,1.867,0.0,1.0,0.9999999999999999,0.23374903574183586,1
1769784900.7788327,784.0735068912711,0.00469607486,1.867,0.0,1.0,0.9999999999999999,0.26446602089127114,1
1769784900.78145,784.3535687071375,0.005,1.867,0.0,1.0,0.9999999999999999,0.23435356870713747,1
1769784900.783891,784.432650998231,0.005,1.867,0.0,1.0,0.9999999999999999,0.23443265099823102,1
1769784900.7859807,784.5109378928842,0.005,1.867,0.0,1.0,0.9999999999999999,0.23451093789288419,1
1769784900.788265,784.5884413309983,0.005,1.867,0.0,1.0,0.9999999999999999,0.23458844133099838,1
1769786060.1129866,0.0,0.0,0.0,0.0,1.0,0.0,0.0,1
1769786060.116365,1247.0075781918838,0.004769630515,0.0,0.0,1.0,0.9999999999999999,0.7200445266918839,1
1769786060.1191692,1111.111111111111,0.005,0.0,0.0,1.0,0.9999999999999999,0.5611111111111111,1
1769786060.1216292,1000.0000000000001,0.005,0.0,0.0,1.0,0.9999999999999999,0.45000000000000023,1
1769786060.1233304,947.3684210526316,0.005,0.0,0.0,1.0,0.9999999999999999,0.39736842105263154,1
1769786060.1252325,916.6666666666667,0.005,0.0,0.0,1.0,0.9999999999999999,0.36666666666666675,1
1769786060.12719,896.551724137931,0.005,0.0,0.0,1.0,0.9999999999999999,0.34655172413793106,1
1769786060.1289582,882.3529411764707,0.005,0.0,0.0,1.0,0.9999999999999999,0.3323529411764708,1
1769786060.1303241,871.7948717948717,0.005,0.0,0.0,1.0,0.9999999999999999,0.3217948717948717,1
1769786060.1316416,863.6363636363636,0.005,0.0,0.0,1.0,0.9999999999999999,0.31363636363636366,1
1769786060.133301,857.1428571428571,0.005,0.0,0.0,1.0,0.9999999999999999,0.3071428571428571,1
1769786060.134898,851.8518518518518,0.005,0.0,0.0,1.0,0.9999999999999999,0.30185185185185187,1
1769786060.136464,847.4576271186442,0.005,0.0,0.0,1.0,0.9999999999999999,0.29745762711864415,1
1769786060.13793,843.75,0.005,0.0,0.0,1.0,0.9999999999999999,0.29375,1
1769786060.1393473,840.5797101449276,0.005,0.0,0.0,1.0,0.9999999999999999,0.2905797101449276,1
1769786060.1410089,837.8378378378378,0.005,0.0,0.0,1.0,0.9999999999999999,0.28783783783783784,1
1769786060.1430862,835.4430379746835,0.005,0.0,0.0,1.0,0.9999999999999999,0.28544303797468357,1
1769786060.1450062,833.3333333333334,0.005,0.0,0.0,1.0,0.9999999999999999,0.2833333333333334,1
1769786060.1467032,831.4606741573034,0.005,0.0,0.0,1.0,0.9999999999999999,0.2814606741573034,1
1769786060.1484373,829.7872340425532,0.005,0.0,0.0,1.0,0.9999999999999999,0.2797872340425533,1
1769786060.150268,828.2828282828283,0.005,0.0,0.0,1.0,0.9999999999999999,0.2782828282828283,1
1769786060.1521335,826.9230769230769,0.005,0.0,0.0,1.0,0.9999999999999999,0.2769230769230769,1
1769786060.1537519,825.6880733944954,0.005,0.0,0.0,1.0,0.9999999999999999,0.27568807339449547,1
1769786060.1553013,824.561403508772,0.005,0.0,0.0,1.0,0.9999999999999999,0.27456140350877195,1
1769786060.1571844,823.529411764706,0.005,0.0,0.0,1.0,0.9999999999999999,0.27352941176470597,1
1769786060.159089,822.5806451612904,0.005,0.0,0.0,1.0,0.9999999999999999,0.2725806451612904,1
1769786060.1608307,821.7054263565891,0.005,0.0,0.0,1.0,0.9999999999999999,0.2717054263565892,1
1769786060.1624715,820.8955223880597,0.005,0.0,0.0,1.0,0.9999999999999999,0.27089552238805975,1
1769786060.1642516,820.1438848920864,0.005,0.0,0.0,1.0,0.9999999999999999,0.27014388489208635,1
1769786060.166011,819.4444444444445,0.005,0.0,0.0,1.0,0.9999999999999999,0.26944444444444443,1
1769786060.1678994,818.7919463087248,0.005,0.0,0.0,1.0,0.9999999999999999,0.2687919463087249,1
1769786060.169584,818.1818181818181,0.005,0.0,0.0,1.0,0.9999999999999999,0.26818181818181813,1
1769786060.1710503,817.6100628930818,0.005,0.0,0.0,1.0,0.9999999999999999,0.2676100628930818,1
1769786060.1728952,817.0731707317074,0.005,0.0,0.0,1.0,0.9999999999999999,0.2670731707317074,1
1769786060.1748705,816.5680473372781,0.005,0.0,0.0,1.0,0.9999999999999999,0.2665680473372782,1
1769786060.1765463,816.0919540229885,0.005,0.0,0.0,1.0,0.9999999999999999,0.2660919540229885,1
1769786060.1781108,815.6424581005587,0.005,0.0,0.0,1.0,0.9999999999999999,0.2656424581005587,1
1769786060.1796718,815.2173913043479,0.005,0.0,0.0,1.0,0.9999999999999999,0.2652173913043479,1
1769786060.181552,814.8148148148149,0.005,0.0,0.0,1.0,0.9999999999999999,0.2648148148148149,1
1769786060.1834087,814.4329896907217,0.005,0.0,0.0,1.0,0.9999999999999999,0.26443298969072176,1
1769786060.1850946,814.070351758794,0.005,0.0,0.0,1.0,0.9999999999999999,0.26407035175879406,1
1769786060.1868532,813.7254901960785,0.005,0.0,0.0,1.0,0.9999999999999999,0.26372549019607844,1
1769786060.1888976,813.3971291866029,0.005,0.0,0.0,1.0,0.9999999999999999,0.2633971291866029,1
1769786060.1907063,813.0841121495326,0.005,0.0,0.0,1.0,0.9999999999999999,0.2630841121495327,1
1769786060.192347,812.7853881278539,0.005,0.0,0.0,1.0,0.9999999999999999,0.26278538812785396,1
1769786060.1941767,812.5000000000001,0.005,0.0,0.0,1.0,0.9999999999999999,0.2625000000000001,1
1769786060.1956089,812.2270742358079,0.005,0.0,0.0,1.0,0.9999999999999999,0.2622270742358079,1
1769786060.197385,811.965811965812,0.005,0.0,0.0,1.0,0.9999999999999999,0.2619658119658121,1
1769786060.1989899,811.715481171548,0.005,0.0,0.0,1.0,0.9999999999999999,0.261715481171548,1
1769786060.2005491,811.4754098360656,0.005,0.0,0.0,1.0,0.9999999999999999,0.2614754098360657,1
1769786060.2022183,811.2449799196788,0.005,0.0,0.0,1.0,0.9999999999999999,0.2612449799196788,1
1769786060.2037015,811.0236220472441,0.005,0.0,0.0,1.0,0.9999999999999999,0.2610236220472441,1
1769786060.2054965,810.8108108108108,0.005,0.0,0.0,1.0,0.9999999999999999,0.26081081081081087,1
1769786060.207215,810.6060606060606,0.005,0.0,0.0,1.0,0.9999999999999999,0.2606060606060607,1
1769786060.2090302,810.4089219330855,0.005,0.0,0.0,1.0,0.9999999999999999,0.26040892193308546,1
1769786060.2109392,810.2189781021898,0.005,0.0,0.0,1.0,0.9999999999999999,0.2602189781021898,1
1769786060.2129626,810.0358422939069,0.005,0.0,0.0,1.0,0.9999999999999999,0.2600358422939069,1
1769786060.2148147,809.8591549295775,0.005,0.0,0.0,1.0,0.9999999999999999,0.2598591549295775,1
1769786060.2165196,809.6885813148789,0.005,0.0,0.0,1.0,0.9999999999999999,0.2596885813148789,1
1769786060.218273,809.5238095238095,0.005,0.0,0.0,1.0,0.9999999999999999,0.25952380952380955,1
1769786060.220265,809.3645484949833,0.005,0.0,0.0,1.0,0.9999999999999999,0.2593645484949833,1
1769786060.22216,809.2105263157895,0.005,0.0,0.0,1.0,0.9999999999999999,0.2592105263157895,1
1769786060.2237473,809.0614886731393,0.005,0.0,0.0,1.0,0.9999999999999999,0.25906148867313933,1
1769786060.22538,808.9171974522293,0.005,0.0,0.0,1.0,0.9999999999999999,0.25891719745222935,1
1769786060.2272565,808.7774294670846,0.005,0.0,0.0,1.0,0.9999999999999999,0.25877742946708465,1
1769786060.2291865,808.641975308642,0.005,0.0,0.0,1.0,0.9999999999999999,0.258641975308642,1
1769786060.2307887,808.5106382978723,0.005,0.0,0.0,1.0,0.9999999999999999,0.2585106382978724,1
1769786060.2321615,808.3832335329341,0.005,0.0,0.0,1.0,0.9999999999999999,0.2583832335329342,1
1769786060.234119,808.259587020649,0.005,0.0,0.0,1.0,0.9999999999999999,0.25825958702064894,1
1769786060.2362068,808.1395348837209,0.005,0.0,0.0,1.0,0.9999999999999999,0.25813953488372093,1
1769786060.2382011,808.0229226361032,0.005,0.0,0.0,1.0,0.9999999999999999,0.2580229226361032,1
1769786060.2398915,807.909604519774,0.005,0.0,0.0,1.0,0.9999999999999999,0.257909604519774,1
1769786060.241664,807.799442896936,0.005,0.0,0.0,1.0,0.9999999999999999,0.25779944289693596,1
1769786060.2432957,807.6923076923076,0.005,0.0,0.0,1.0,0.9999999999999999,0.2576923076923076,1
1769786060.2450283,807.5880758807588,0.005,0.0,0.0,1.0,0.9999999999999999,0.25758807588075877,1
1769786060.2466567,807.4866310160428,0.005,0.0,0.0,1.0,0.9999999999999999,0.2574866310160428,1
1769786060.2483528,807.3878627968338,0.005,0.0,0.0,1.0,0.9999999999999999,0.25738786279683384,1
1769786060.249928,807.2916666666667,0.005,0.0,0.0,1.0,0.9999999999999999,0.25729166666666675,1
1769786060.2515228,807.1979434447301,0.005,0.0,0.0,1.0,0.9999999999999999,0.25719794344473007,1
1769786060.2535713,807.1065989847716,0.005,0.0,0.0,1.0,0.9999999999999999,0.2571065989847717,1
1769786060.255348,807.0175438596492,0.005,0.0,0.0,1.0,0.9999999999999999,0.2570175438596492,1
1769786060.2570844,806.9306930693069,0.005,0.0,0.0,1.0,0.9999999999999999,0.256930693069307,1
1769786060.2589042,806.8459657701712,0.005,0.0,0.0,1.0,0.9999999999999999,0.2568459657701712,1
1769786060.260679,806.7632850241547,0.005,0.0,0.0,1.0,0.9999999999999999,0.25676328502415474,1
1769786060.262593,806.6825775656325,0.005,0.0,0.0,1.0,0.9999999999999999,0.25668257756563256,1
1769786060.2642298,806.6037735849056,0.005,0.0,0.0,1.0,0.9999999999999999,0.25660377358490566,1
1769786060.2659583,806.5268065268065,0.005,0.0,0.0,1.0,0.9999999999999999,0.25652680652680654,1
1769786060.2675505,806.4516129032259,0.005,0.0,0.0,1.0,0.9999999999999999,0.2564516129032259,1
1769786060.2693255,806.378132118451,0.005,0.0,0.0,1.0,0.9999999999999999,0.2563781321184511,1
1769786060.2709522,806.3063063063064,0.005,0.0,0.0,1.0,0.9999999999999999,0.2563063063063064,1
1769786060.272579,806.2360801781737,0.005,0.0,0.0,1.0,0.9999999999999999,0.25623608017817373,1
1769786060.2741582,806.1674008810572,0.005,0.0,0.0,1.0,0.9999999999999999,0.2561674008810572,1
1769786060.275669,806.1002178649238,0.005,0.0,0.0,1.0,0.9999999999999999,0.2561002178649238,1
1769786060.2775981,806.0344827586207,0.005,0.0,0.0,1.0,0.9999999999999999,0.2560344827586207,1
1769786060.2794244,805.9701492537314,0.005,0.0,0.0,1.0,0.9999999999999999,0.25597014925373146,1
1769786060.2810574,805.9071729957806,0.005,0.0,0.0,1.0,0.9999999999999999,0.25590717299578064,1
1769786060.282585,805.8455114822547,0.005,0.0,0.0,1.0,0.9999999999999999,0.2558455114822547,1
1769786060.2843597,805.7851239669421,0.005,0.0,0.0,1.0,0.9999999999999999,0.25578512396694214,1
1769786060.285915,805.7259713701432,0.005,0.0,0.0,1.0,0.9999999999999999,0.25572597137014313,1
1769786060.2873316,805.668016194332,0.005,0.0,0.0,1.0,0.9999999999999999,0.25566801619433205,1
1769786060.2887614,805.6112224448898,0.005,0.0,0.0,1.0,0.9999999999999999,0.2556112224448898,1
1769786060.2900734,805.5555555555555,0.005,0.0,0.0,1.0,0.9999999999999999,0.2555555555555556,1
1769786060.291445,805.5009823182711,0.005,0.0,0.0,1.0,0.9999999999999999,0.2555009823182712,1
1769786060.293059,805.4474708171207,0.005,0.0,0.0,1.0,0.9999999999999999,0.25544747081712077,1
1769786060.2946186,805.3949903660887,0.005,0.0,0.0,1.0,0.9999999999999999,0.25539499036608876,1
1769786060.2962039,805.3435114503817,0.005,0.0,0.0,1.0,0.9999999999999999,0.25534351145038175,1
1769786060.297632,805.2930056710775,0.005,0.0,0.0,1.0,0.9999999999999999,0.25529300567107754,1
1769786060.2989342,805.2434456928839,0.005,0.0,0.0,1.0,0.9999999999999999,0.255243445692884,1
1769786060.3004425,805.1948051948052,0.005,0.0,0.0,1.0,0.9999999999999999,0.25519480519480525,1
1769786060.3018649,805.1470588235295,0.005,0.0,0.0,1.0,0.9999999999999999,0.25514705882352956,1
1769786060.3033123,805.1001821493625,0.005,0.0,0.0,1.0,0.9999999999999999,0.25510018214936253,1
1769786060.3049893,805.0541516245487,0.005,0.0,0.0,1.0,0.9999999999999999,0.25505415162454875,1
1769786060.3065293,805.0089445438283,0.005,0.0,0.0,1.0,0.9999999999999999,0.25500894454382833,1
1769786060.308325,804.9645390070923,0.005,0.0,0.0,1.0,0.9999999999999999,0.2549645390070923,1
1769786060.3100696,804.9209138840071,0.005,0.0,0.0,1.0,0.9999999999999999,0.2549209138840071,1
1769786060.3116436,804.8780487804878,0.005,0.0,0.0,1.0,0.9999999999999999,0.25487804878048786,1
1769786060.3132954,804.8359240069085,0.005,0.0,0.0,1.0,0.9999999999999999,0.2548359240069085,1
1769786060.3148193,804.7945205479452,0.005,0.0,0.0,1.0,0.9999999999999999,0.2547945205479452,1
1769786060.3165276,804.7538200339559,0.005,0.0,0.0,1.0,0.9999999999999999,0.2547538200339559,1
1769786060.3181076,804.7138047138047,0.005,0.0,0.0,1.0,0.9999999999999999,0.2547138047138047,1
1769786060.3195512,804.6744574290484,0.005,0.0,0.0,1.0,0.9999999999999999,0.25467445742904843,1
1769786060.321092,804.635761589404,0.005,0.0,0.0,1.0,0.9999999999999999,0.254635761589404,1
1769786060.3225965,804.5977011494253,0.005,0.0,0.0,1.0,0.9999999999999999,0.2545977011494254,1
1769786060.324288,804.5602605863193,0.005,0.0,0.0,1.0,0.9999999999999999,0.25456026058631925,1
1769786060.3258655,804.5234248788369,0.005,0.0,0.0,1.0,0.9999999999999999,0.2545234248788369,1
1769786060.3273022,804.4871794871794,0.005,0.0,0.0,1.0,0.9999999999999999,0.2544871794871795,1
1769786060.3289213,804.4515103338633,0.005,0.0,0.0,1.0,0.9999999999999999,0.2544515103338633,1
1769786060.3303869,804.416403785489,0.005,0.0,0.0,1.0,0.9999999999999999,0.2544164037854891,1
1769786060.332161,804.3818466353678,0.005,0.0,0.0,1.0,0.9999999999999999,0.25438184663536784,1
1769786060.333881,804.3478260869566,0.005,0.0,0.0,1.0,0.9999999999999999,0.25434782608695666,1
1769786060.3354566,804.3143297380585,0.005,0.0,0.0,1.0,0.9999999999999999,0.2543143297380585,1
1769786060.337052,804.2813455657492,0.005,0.0,0.0,1.0,0.9999999999999999,0.2542813455657493,1
1769786060.3387568,804.2488619119879,0.005,0.0,0.0,1.0,0.9999999999999999,0.25424886191198787,1
1769786060.340456,804.2168674698795,0.005,0.0,0.0,1.0,0.9999999999999999,0.25421686746987954,1
1769786060.3419714,804.1853512705532,0.005,0.0,0.0,1.0,0.9999999999999999,0.25418535127055314,1
1769786060.3435109,804.1543026706231,0.005,0.0,0.0,1.0,0.9999999999999999,0.25415430267062317,1
1769786060.3450425,804.1237113402062,0.005,0.0,0.0,1.0,0.9999999999999999,0.2541237113402062,1
1769786060.346509,804.093567251462,0.005,0.0,0.0,1.0,0.9999999999999999,0.254093567251462,1
1769786060.348225,804.0638606676343,0.005,0.0,0.0,1.0,0.9999999999999999,0.25406386066763437,1
1769786060.3497405,804.0345821325649,0.005,0.0,0.0,1.0,0.9999999999999999,0.25403458213256486,1
1769786060.3516974,804.005722460658,0.005,0.0,0.0,1.0,0.9999999999999999,0.25400572246065806,1
1769786060.3541698,803.9772727272727,0.005,0.0,0.0,1.0,0.9999999999999999,0.25397727272727283,1
1769786060.356249,803.9492242595205,0.005,0.0,0.0,1.0,0.9999999999999999,0.25394922425952055,1
1769786060.3580203,803.921568627451,0.005,0.0,0.0,1.0,0.9999999999999999,0.25392156862745113,1
1769786060.359621,803.8942976356051,0.005,0.0,0.0,1.0,0.9999999999999999,0.25389429763560506,1
1769786060.3611672,803.867403314917,0.005,0.0,0.0,1.0,0.9999999999999999,0.25386740331491703,1
1769786060.3626025,803.840877914952,0.005,0.0,0.0,1.0,0.9999999999999999,0.25384087791495197,1
1769786060.3642364,803.8147138964578,0.005,0.0,0.0,1.0,0.9999999999999999,0.25381471389645777,1
1769786060.366042,803.7889039242219,0.005,0.0,0.0,1.0,0.9999999999999999,0.253788903924222,1
1769786060.3677387,803.7634408602152,0.005,0.0,0.0,1.0,0.9999999999999999,0.25376344086021513,1
1769786060.36956,803.7383177570093,0.005,0.0,0.0,1.0,0.9999999999999999,0.25373831775700934,1
1769786060.3712335,803.7135278514589,0.005,0.0,0.0,1.0,0.9999999999999999,0.253713527851459,1
1769786060.3730204,803.6890645586298,0.005,0.0,0.0,1.0,0.9999999999999999,0.2536890645586298,1
1769786060.3746758,803.6649214659686,0.005,0.0,0.0,1.0,0.9999999999999999,0.2536649214659687,1
1769786060.3763218,803.6410923276984,0.005,0.0,0.0,1.0,0.9999999999999999,0.25364109232769844,1
1769786060.377871,803.6175710594315,0.005,0.0,0.0,1.0,0.9999999999999999,0.25361757105943156,1
1769786060.3792472,803.594351732991,0.005,0.0,0.0,1.0,0.9999999999999999,0.253594351732991,1
1769786060.3808918,803.5714285714286,0.005,0.0,0.0,1.0,0.9999999999999999,0.2535714285714286,1
1769786060.3823304,803.5487959442332,0.005,0.0,0.0,1.0,0.9999999999999999,0.25354879594423324,1
1769786060.383674,803.5264483627204,0.005,0.0,0.0,1.0,0.9999999999999999,0.2535264483627205,1
1769786060.3850863,803.5043804755944,0.005,0.0,0.0,1.0,0.9999999999999999,0.2535043804755945,1
1769786060.3867693,803.4825870646767,0.005,0.0,0.0,1.0,0.9999999999999999,0.2534825870646768,1
1769786060.3883574,803.4610630407911,0.005,0.0,0.0,1.0,0.9999999999999999,0.25346106304079113,1
1769786060.389893,803.4398034398034,0.005,0.0,0.0,1.0,0.9999999999999999,0.2534398034398035,1
1769786060.3913162,803.4188034188035,0.005,0.0,0.0,1.0,0.9999999999999999,0.25341880341880346,1
1769786060.3928208,803.3980582524272,0.005,0.0,0.0,1.0,0.9999999999999999,0.25339805825242717,1
1769786060.394319,803.3775633293125,0.005,0.0,0.0,1.0,0.9999999999999999,0.25337756332931244,1
1769786060.3958519,803.3573141486811,0.005,0.0,0.0,1.0,0.9999999999999999,0.2533573141486812,1
1769786060.3976312,803.3373063170441,0.005,0.0,0.0,1.0,0.9999999999999999,0.25333730631704404,1
1769786060.3991766,803.3175355450237,0.005,0.0,0.0,1.0,0.9999999999999999,0.25331753554502373,1
1769786060.400775,803.2979976442874,0.005,0.0,0.0,1.0,0.9999999999999999,0.25329799764428745,1
1769786060.4022892,803.2786885245903,0.005,0.0,0.0,1.0,0.9999999999999999,0.2532786885245903,1
1769786060.404064,803.2596041909197,0.005,0.0,0.0,1.0,0.9999999999999999,0.2532596041909198,1
1769786060.4057333,803.2407407407406,0.005,0.0,0.0,1.0,0.9999999999999999,0.2532407407407407,1
1769786060.4072719,803.2220943613349,0.005,0.0,0.0,1.0,0.9999999999999999,0.25322209436133497,1
1769786060.408951,803.2036613272311,0.005,0.0,0.0,1.0,0.9999999999999999,0.2532036613272311,1
1769786060.410542,803.1854379977248,0.005,0.0,0.0,1.0,0.9999999999999999,0.2531854379977248,1
1769786060.4122753,803.1674208144797,0.005,0.0,0.0,1.0,0.9999999999999999,0.2531674208144797,1
1769786060.4138231,803.1496062992126,0.005,0.0,0.0,1.0,0.9999999999999999,0.2531496062992126,1
1769786060.415322,803.1319910514542,0.005,0.0,0.0,1.0,0.9999999999999999,0.2531319910514542,1
1769786060.4169314,803.1145717463849,0.005,0.0,0.0,1.0,0.9999999999999999,0.2531145717463849,1
1769786060.418512,803.0973451327434,0.005,0.0,0.0,1.0,0.9999999999999999,0.25309734513274346,1
1769786060.4201627,803.080308030803,0.005,0.0,0.0,1.0,0.9999999999999999,0.2530803080308031,1
1769786060.4217496,803.0634573304158,0.005,0.0,0.0,1.0,0.9999999999999999,0.25306345733041574,1
1769786060.4232757,803.0467899891187,0.005,0.0,0.0,1.0,0.9999999999999999,0.2530467899891187,1
1769786060.4248257,803.030303030303,0.005,0.0,0.0,1.0,0.9999999999999999,0.253030303030303,1
1769786060.4264164,803.0139935414425,0.005,0.0,0.0,1.0,0.9999999999999999,0.25301399354144244,1
1769786060.4281087,802.9978586723769,0.005,0.0,0.0,1.0,0.9999999999999999,0.25299785867237695,1
1769786060.4295378,802.9818956336528,0.005,0.0,0.0,1.0,0.9999999999999999,0.25298189563365286,1
1769786060.43095,802.9661016949153,0.005,0.0,0.0,1.0,0.9999999999999999,0.25296610169491535,1
1769786060.4324026,802.9504741833509,0.005,0.0,0.0,1.0,0.9999999999999999,0.252950474183351,1
1769786060.4337866,802.9350104821804,0.005,0.0,0.0,1.0,0.9999999999999999,0.2529350104821804,1
1769786060.435328,802.9197080291971,0.005,0.0,0.0,1.0,0.9999999999999999,0.2529197080291971,1
1769786060.4374144,802.9045643153527,0.005,0.0,0.0,1.0,0.9999999999999999,0.25290456431535274,1
1769786060.439049,802.889576883385,0.005,0.0,0.0,1.0,0.9999999999999999,0.25288957688338504,1
1769786060.4407287,802.8747433264887,0.005,0.0,0.0,1.0,0.9999999999999999,0.2528747433264887,1
1769786060.4422386,802.8600612870276,0.005,0.0,0.0,1.0,0.9999999999999999,0.2528600612870277,1
1769786060.4439485,802.8455284552846,0.005,0.0,0.0,1.0,0.9999999999999999,0.2528455284552846,1
1769786060.445656,802.8311425682507,0.005,0.0,0.0,1.0,0.9999999999999999,0.25283114256825073,1
1769786060.4471097,802.8169014084507,0.005,0.0,0.0,1.0,0.9999999999999999,0.25281690140845076,1
1769786060.4485655,802.8028028028028,0.005,0.0,0.0,1.0,0.9999999999999999,0.2528028028028028,1
1769786060.5049431,0.0,0.0,0.0,0.0,1.0,0.0,0.0,1
1769786060.5078328,1310.908682293174,0.0044604430339999996,0.0,0.0,1.0,0.9999999999999999,0.8148643788931742,1
1769786060.510013,1111.111111111111,0.005,0.0,0.0,1.0,0.9999999999999999,0.5611111111111111,1
1769786060.5116398,1000.0000000000001,0.005,0.0,0.0,1.0,0.9999999999999999,0.45000000000000023,1
1769786060.5132513,947.3684210526316,0.005,0.0,0.0,1.0,0.9999999999999999,0.39736842105263154,1
1769786060.5149143,916.6666666666667,0.005,0.0,0.0,1.0,0.9999999999999999,0.36666666666666675,1
1769786060.5169926,896.551724137931,0.005,0.0,0.0,1.0,0.9999999999999999,0.34655172413793106,1
1769786060.5187209,882.3529411764707,0.005,0.0,0.0,1.0,0.9999999999999999,0.3323529411764708,1
1769786060.5203187,871.7948717948717,0.005,0.0,0.0,1.0,0.9999999999999999,0.3217948717948717,1
1769786060.5219076,863.6363636363636,0.005,0.0,0.0,1.0,0.9999999999999999,0.31363636363636366,1
1769786060.5236063,857.1428571428571,0.005,0.0,0.0,1.0,0.9999999999999999,0.3071428571428571,1
1769786060.5252128,851.8518518518518,0.005,0.0,0.0,1.0,0.9999999999999999,0.30185185185185187,1
1769786060.52661,847.4576271186442,0.005,0.0,0.0,1.0,0.9999999999999999,0.29745762711864415,1
1769786060.5280106,843.75,0.005,0.0,0.0,1.0,0.9999999999999999,0.29375,1
1769786060.5294452,840.5797101449276,0.005,0.0,0.0,1.0,0.9999999999999999,0.2905797101449276,1
1769786060.5310187,837.8378378378378,0.005,0.0,0.0,1.0,0.9999999999999999,0.28783783783783784,1
1769786060.5325558,835.4430379746835,0.005,0.0,0.0,1.0,0.9999999999999999,0.28544303797468357,1
1769786060.534041,833.3333333333334,0.005,0.0,0.0,1.0,0.9999999999999999,0.2833333333333334,1
1769786060.535415,831.4606741573034,0.005,0.0,0.0,1.0,0.9999999999999999,0.2814606741573034,1
1769786060.5368633,829.7872340425532,0.005,0.0,0.0,1.0,0.9999999999999999,0.2797872340425533,1
1769786060.538273,828.2828282828283,0.005,0.0,0.0,1.0,0.9999999999999999,0.2782828282828283,1
1769786060.5399954,826.9230769230769,0.005,0.0,0.0,1.0,0.9999999999999999,0.2769230769230769,1
1769786060.5416799,825.6880733944954,0.005,0.0,0.0,1.0,0.9999999999999999,0.27568807339449547,1
1769786060.5432723,824.561403508772,0.005,0.0,0.0,1.0,0.9999999999999999,0.27456140350877195,1
1769786060.5449367,823.529411764706,0.005,0.0,0.0,1.0,0.9999999999999999,0.27352941176470597,1
1769786060.5464766,822.5806451612904,0.005,0.0,0.0,1.0,0.9999999999999999,0.2725806451612904,1
1769786060.5480735,821.7054263565891,0.005,0.0,0.0,1.0,0.9999999999999999,0.2717054263565892,1
1769786060.5496726,820.8955223880597,0.005,0.0,0.0,1.0,0.9999999999999999,0.27089552238805975,1
1769786060.5513065,820.1438848920864,0.005,0.0,0.0,1.0,0.9999999999999999,0.27014388489208635,1
1769786060.552961,819.4444444444445,0.005,0.0,0.0,1.0,0.9999999999999999,0.26944444444444443,1
1769786060.5544286,818.7919463087248,0.005,0.0,0.0,1.0,0.9999999999999999,0.2687919463087249,1
1769786060.5561168,818.1818181818181,0.005,0.0,0.0,1.0,0.9999999999999999,0.26818181818181813,1
1769786060.5575993,817.6100628930818,0.005,0.0,0.0,1.0,0.9999999999999999,0.2676100628930818,1
1769786060.5592196,817.0731707317074,0.005,0.0,0.0,1.0,0.9999999999999999,0.2670731707317074,1
1769786060.5608263,816.5680473372781,0.005,0.0,0.0,1.0,0.9999999999999999,0.2665680473372782,1
1769786060.5623174,816.0919540229885,0.005,0.0,0.0,1.0,0.9999999999999999,0.2660919540229885,1
1769786060.5642438,815.6424581005587,0.005,0.0,0.0,1.0,0.9999999999999999,0.2656424581005587,1
1769786060.565876,815.2173913043479,0.005,0.0,0.0,1.0,0.9999999999999999,0.2652173913043479,1
1769786060.5674,814.8148148148149,0.005,0.0,0.0,1.0,0.9999999999999999,0.2648148148148149,1
1769786060.5690055,814.4329896907217,0.005,0.0,0.0,1.0,0.9999999999999999,0.26443298969072176,1
1769786060.5704622,814.070351758794,0.005,0.0,0.0,1.0,0.9999999999999999,0.26407035175879406,1
1769786060.5720913,813.7254901960785,0.005,0.0,0.0,1.0,0.9999999999999999,0.26372549019607844,1
1769786060.5738902,813.3971291866029,0.005,0.0,0.0,1.0,0.9999999999999999,0.2633971291866029,1
1769786060.5755126,813.0841121495326,0.005,0.0,0.0,1.0,0.9999999999999999,0.2630841121495327,1
1769786060.5771184,812.7853881278539,0.005,0.0,0.0,1.0,0.9999999999999999,0.26278538812785396,1
1769786060.5785484,812.5000000000001,0.005,0.0,0.0,1.0,0.9999999999999999,0.2625000000000001,1
1769786060.580083,812.2270742358079,0.005,0.0,0.0,1.0,0.9999999999999999,0.2622270742358079,1
1769786060.581837,811.965811965812,0.005,0.0,0.0,1.0,0.9999999999999999,0.2619658119658121,1
1769786060.5834675,811.715481171548,0.005,0.0,0.0,1.0,0.9999999999999999,0.261715481171548,1
1769786060.5849874,811.4754098360656,0.005,0.0,0.0,1.0,0.9999999999999999,0.2614754098360657,1
1769786060.5863357,811.2449799196788,0.005,0.0,0.0,1.0,0.9999999999999999,0.2612449799196788,1
1769786060.587926,811.0236220472441,0.005,0.0,0.0,1.0,0.9999999999999999,0.2610236220472441,1
1769786060.5899131,810.8108108108108,0.005,0.0,0.0,1.0,0.9999999999999999,0.26081081081081087,1
1769786060.5917597,810.6060606060606,0.005,0.0,0.0,1.0,0.9999999999999999,0.2606060606060607,1
1769786060.5935287,810.4089219330855,0.005,0.0,0.0,1.0,0.9999999999999999,0.26040892193308546,1
1769786060.5954137,810.2189781021898,0.005,0.0,0.0,1.0,0.9999999999999999,0.2602189781021898,1
1769786060.5973547,810.0358422939069,0.005,0.0,0.0,1.0,0.9999999999999999,0.2600358422939069,1
1769786060.5989933,809.8591549295775,0.005,0.0,0.0,1.0,0.9999999999999999,0.2598591549295775,1
1769786060.6005335,809.6885813148789,0.005,0.0,0.0,1.0,0.9999999999999999,0.2596885813148789,1
1769786060.6020308,809.5238095238095,0.005,0.0,0.0,1.0,0.9999999999999999,0.25952380952380955,1
1769786060.6038575,809.3645484949833,0.005,0.0,0.0,1.0,0.9999999999999999,0.2593645484949833,1
1769786060.6056924,809.2105263157895,0.005,0.0,0.0,1.0,0.9999999999999999,0.2592105263157895,1
1769786060.6072946,809.0614886731393,0.005,0.0,0.0,1.0,0.9999999999999999,0.25906148867313933,1
1769786060.6089158,808.9171974522293,0.005,0.0,0.0,1.0,0.9999999999999999,0.25891719745222935,1
1769786060.6106572,808.7774294670846,0.005,0.0,0.0,1.0,0.9999999999999999,0.25877742946708465,1
1769786060.6126645,808.641975308642,0.005,0.0,0.0,1.0,0.9999999999999999,0.258641975308642,1
1769786060.6146533,808.5106382978723,0.005,0.0,0.0,1.0,0.9999999999999999,0.2585106382978724,1
1769786060.6164436,808.3832335329341,0.005,0.0,0.0,1.0,0.9999999999999999,0.2583832335329342,1
1769786060.618404,808.259587020649,0.005,0.0,0.0,1.0,0.9999999999999999,0.25825958702064894,1
1769786060.6200633,808.1395348837209,0.005,0.0,0.0,1.0,0.9999999999999999,0.25813953488372093,1
1769786060.6215107,808.0229226361032,0.005,0.0,0.0,1.0,0.9999999999999999,0.2580229226361032,1
1769786060.6230671,807.909604519774,0.005,0.0,0.0,1.0,0.9999999999999999,0.257909604519774,1
1769786060.6246572,807.799442896936,0.005,0.0,0.0,1.0,0.9999999999999999,0.25779944289693596,1
1769786060.6260946,807.6923076923076,0.005,0.0,0.0,1.0,0.9999999999999999,0.2576923076923076,1
1769786060.6276915,807.5880758807588,0.005,0.0,0.0,1.0,0.9999999999999999,0.25758807588075877,1
1769786060.6298487,807.4866310160428,0.005,0.0,0.0,1.0,0.9999999999999999,0.2574866310160428,1
1769786060.6316695,807.3878627968338,0.005,0.0,0.0,1.0,0.9999999999999999,0.25738786279683384,1
1769786060.6335022,807.2916666666667,0.005,0.0,0.0,1.0,0.9999999999999999,0.25729166666666675,1
1769786060.6358523,807.1979434447301,0.005,0.0,0.0,1.0,0.9999999999999999,0.25719794344473007,1
1769786060.6376138,807.1065989847716,0.005,0.0,0.0,1.0,0.9999999999999999,0.2571065989847717,1
1769786060.639106,807.0175438596492,0.005,0.0,0.0,1.0,0.9999999999999999,0.2570175438596492,1
1769786060.6405249,806.9306930693069,0.005,0.0,0.0,1.0,0.9999999999999999,0.256930693069307,1
1769786060.6421032,806.8459657701712,0.005,0.0,0.0,1.0,0.9999999999999999,0.2568459657701712,1
1769786060.6436665,806.7632850241547,0.005,0.0,0.0,1.0,0.9999999999999999,0.25676328502415474,1
1769786060.645262,806.6825775656325,0.005,0.0,0.0,1.0,0.9999999999999999,0.25668257756563256,1
1769786060.6469917,806.6037735849056,0.005,0.0,0.0,1.0,0.9999999999999999,0.25660377358490566,1
1769786060.6490245,806.5268065268065,0.005,0.0,0.0,1.0,0.9999999999999999,0.25652680652680654,1
1769786060.6505022,806.4516129032259,0.005,0.0,0.0,1.0,0.9999999999999999,0.2564516129032259,1
1769786060.6520255,806.378132118451,0.005,0.0,0.0,1.0,0.9999999999999999,0.2563781321184511,1
1769786060.6536345,806.3063063063064,0.005,0.0,0.0,1.0,0.9999999999999999,0.2563063063063064,1
1769786060.6552553,806.2360801781737,0.005,0.0,0.0,1.0,0.9999999999999999,0.25623608017817373,1
1769786060.6570055,806.1674008810572,0.005,0.0,0.0,1.0,0.9999999999999999,0.2561674008810572,1
1769786060.658866,806.1002178649238,0.005,0.0,0.0,1.0,0.9999999999999999,0.2561002178649238,1
1769786060.6608667,806.0344827586207,0.005,0.0,0.0,1.0,0.9999999999999999,0.2560344827586207,1
1769786060.6632128,805.9701492537314,0.005,0.0,0.0,1.0,0.9999999999999999,0.25597014925373146,1
1769786060.6649618,805.9071729957806,0.005,0.0,0.0,1.0,0.9999999999999999,0.25590717299578064,1
1769786060.6666179,805.8455114822547,0.005,0.0,0.0,1.0,0.9999999999999999,0.2558455114822547,1
1769786060.6683462,805.7851239669421,0.005,0.0,0.0,1.0,0.9999999999999999,0.25578512396694214,1
1769786060.6698542,805.7259713701432,0.005,0.0,0.0,1.0,0.9999999999999999,0.25572597137014313,1
1769786060.6712992,805.668016194332,0.005,0.0,0.0,1.0,0.9999999999999999,0.25566801619433205,1
1769786060.6727445,805.6112224448898,0.005,0.0,0.0,1.0,0.9999999999999999,0.2556112224448898,1
1769786060.67423,805.5555555555555,0.005,0.0,0.0,1.0,0.9999999999999999,0.2555555555555556,1
1769786060.6760604,805.5009823182711,0.005,0.0,0.0,1.0,0.9999999999999999,0.2555009823182712,1
1769786060.6778562,805.4474708171207,0.005,0.0,0.0,1.0,0.9999999999999999,0.25544747081712077,1
1769786060.6794722,805.3949903660887,0.005,0.0,0.0,1.0,0.9999999999999999,0.25539499036608876,1
1769786060.6812236,805.3435114503817,0.005,0.0,0.0,1.0,0.9999999999999999,0.25534351145038175,1
1769786060.6830306,805.2930056710775,0.005,0.0,0.0,1.0,0.9999999999999999,0.25529300567107754,1
1769786060.6849923,805.2434456928839,0.005,0.0,0.0,1.0,0.9999999999999999,0.255243445692884,1
1769786060.6867323,805.1948051948052,0.005,0.0,0.0,1.0,0.9999999999999999,0.25519480519480525,1
1769786060.6882808,805.1470588235295,0.005,0.0,0.0,1.0,0.9999999999999999,0.25514705882352956,1
1769786060.6897483,805.1001821493625,0.005,0.0,0.0,1.0,0.9999999999999999,0.25510018214936253,1
1769786060.691502,805.0541516245487,0.005,0.0,0.0,1.0,0.9999999999999999,0.25505415162454875,1
1769786060.6931581,805.0089445438283,0.005,0.0,0.0,1.0,0.9999999999999999,0.25500894454382833,1
1769786060.6945817,804.9645390070923,0.005,0.0,0.0,1.0,0.9999999999999999,0.2549645390070923,1
1769786060.6961076,804.9209138840071,0.005,0.0,0.0,1.0,0.9999999999999999,0.2549209138840071,1
1769786060.6977992,804.8780487804878,0.005,0.0,0.0,1.0,0.9999999999999999,0.25487804878048786,1
1769786060.6994696,804.8359240069085,0.005,0.0,0.0,1.0,0.9999999999999999,0.2548359240069085,1
1769786060.7011333,804.7945205479452,0.005,0.0,0.0,1.0,0.9999999999999999,0.2547945205479452,1
1769786060.7026703,804.7538200339559,0.005,0.0,0.0,1.0,0.9999999999999999,0.2547538200339559,1
1769786060.7042217,804.7138047138047,0.005,0.0,0.0,1.0,0.9999999999999999,0.2547138047138047,1
1769786060.706013,804.6744574290484,0.005,0.0,0.0,1.0,0.9999999999999999,0.25467445742904843,1
1769786060.7084374,804.635761589404,0.005,0.0,0.0,1.0,0.9999999999999999,0.254635761589404,1
1769786060.710691,804.5977011494253,0.005,0.0,0.0,1.0,0.9999999999999999,0.2545977011494254,1
1769786060.7138066,804.5602605863193,0.005,0.0,0.0,1.0,0.9999999999999999,0.25456026058631925,1
1769786060.7160153,804.5234248788369,0.005,0.0,0.0,1.0,0.9999999999999999,0.2545234248788369,1
1769786060.7183418,804.4871794871794,0.005,0.0,0.0,1.0,0.9999999999999999,0.2544871794871795,1
1769786060.720822,804.4515103338633,0.005,0.0,0.0,1.0,0.9999999999999999,0.2544515103338633,1
1769786060.7227213,804.416403785489,0.005,0.0,0.0,1.0,0.9999999999999999,0.2544164037854891,1
1769786060.7245371,804.3818466353678,0.005,0.0,0.0,1.0,0.9999999999999999,0.25438184663536784,1
1769786060.7263281,804.3478260869566,0.005,0.0,0.0,1.0,0.9999999999999999,0.25434782608695666,1
1769786060.7277484,804.3143297380585,0.005,0.0,0.0,1.0,0.9999999999999999,0.2543143297380585,1
1769786060.7293768,804.2813455657492,0.005,0.0,0.0,1.0,0.9999999999999999,0.2542813455657493,1
1769786060.7312446,804.2488619119879,0.005,0.0,0.0,1.0,0.9999999999999999,0.25424886191198787,1
1769786060.7329922,804.2168674698795,0.005,0.0,0.0,1.0,0.9999999999999999,0.25421686746987954,1
1769786060.7344866,804.1853512705532,0.005,0.0,0.0,1.0,0.9999999999999999,0.25418535127055314,1
1769786060.7360535,804.1543026706231,0.005,0.0,0.0,1.0,0.9999999999999999,0.25415430267062317,1
1769786060.7376268,804.1237113402062,0.005,0.0,0.0,1.0,0.9999999999999999,0.2541237113402062,1
1769786060.7393503,804.093567251462,0.005,0.0,0.0,1.0,0.9999999999999999,0.254093567251462,1
1769786060.741114,804.0638606676343,0.005,0.0,0.0,1.0,0.9999999999999999,0.25406386066763437,1
1769786060.7427087,804.0345821325649,0.005,0.0,0.0,1.0,0.9999999999999999,0.25403458213256486,1
1769786060.7442431,804.005722460658,0.005,0.0,0.0,1.0,0.9999999999999999,0.25400572246065806,1
1769786060.745911,803.9772727272727,0.005,0.0,0.0,1.0,0.9999999999999999,0.25397727272727283,1
1769786060.7476609,803.9492242595205,0.005,0.0,0.0,1.0,0.9999999999999999,0.25394922425952055,1
1769786060.7494464,803.921568627451,0.005,0.0,0.0,1.0,0.9999999999999999,0.25392156862745113,1
1769786060.7510104,803.8942976356051,0.005,0.0,0.0,1.0,0.9999999999999999,0.25389429763560506,1
1769786060.7526405,803.867403314917,0.005,0.0,0.0,1.0,0.9999999999999999,0.25386740331491703,1
1769786060.7541847,803.840877914952,0.005,0.0,0.0,1.0,0.9999999999999999,0.25384087791495197,1
1769786060.755856,803.8147138964578,0.005,0.0,0.0,1.0,0.9999999999999999,0.25381471389645777,1
1769786060.7575526,803.7889039242219,0.005,0.0,0.0,1.0,0.9999999999999999,0.253788903924222,1
1769786060.7590382,803.7634408602152,0.005,0.0,0.0,1.0,0.9999999999999999,0.25376344086021513,1
1769786060.7606146,803.7383177570093,0.005,0.0,0.0,1.0,0.9999999999999999,0.25373831775700934,1
1769786060.7620459,803.7135278514589,0.005,0.0,0.0,1.0,0.9999999999999999,0.253713527851459,1
1769786060.7635972,803.6890645586298,0.005,0.0,0.0,1.0,0.9999999999999999,0.2536890645586298,1
1769786060.7651067,803.6649214659686,0.005,0.0,0.0,1.0,0.9999999999999999,0.2536649214659687,1
1769786060.7667263,803.6410923276984,0.005,0.0,0.0,1.0,0.9999999999999999,0.25364109232769844,1
1769786060.7684615,803.6175710594315,0.005,0.0,0.0,1.0,0.9999999999999999,0.25361757105943156,1
1769786060.7700167,803.594351732991,0.005,0.0,0.0,1.0,0.9999999999999999,0.253594351732991,1
1769786060.7717957,803.5714285714286,0.005,0.0,0.0,1.0,0.9999999999999999,0.2535714285714286,1
1769786060.7733867,803.5487959442332,0.005,0.0,0.0,1.0,0.9999999999999999,0.25354879594423324,1
1769786060.7754266,803.5264483627204,0.005,0.0,0.0,1.0,0.9999999999999999,0.2535264483627205,1
1769786060.7774239,803.5043804755944,0.005,0.0,0.0,1.0,0.9999999999999999,0.2535043804755945,1
1769786060.7791662,803.4825870646767,0.005,0.0,0.0,1.0,0.9999999999999999,0.2534825870646768,1
1769786060.7809148,803.4610630407911,0.005,0.0,0.0,1.0,0.9999999999999999,0.25346106304079113,1
1769786060.782702,803.4398034398034,0.005,0.0,0.0,1.0,0.9999999999999999,0.2534398034398035,1
1769786060.7843187,803.4188034188035,0.005,0.0,0.0,1.0,0.9999999999999999,0.25341880341880346,1
1769786060.7859163,803.3980582524272,0.005,0.0,0.0,1.0,0.9999999999999999,0.25339805825242717,1
1769786060.7875078,803.3775633293125,0.005,0.0,0.0,1.0,0.9999999999999999,0.25337756332931244,1
1769786060.7890334,803.3573141486811,0.005,0.0,0.0,1.0,0.9999999999999999,0.2533573141486812,1
1769786060.7906847,803.3373063170441,0.005,0.0,0.0,1.0,0.9999999999999999,0.25333730631704404,1
1769786060.792241,803.3175355450237,0.005,0.0,0.0,1.0,0.9999999999999999,0.25331753554502373,1
1769786060.79394,803.2979976442874,0.005,0.0,0.0,1.0,0.9999999999999999,0.25329799764428745,1
1769786060.796005,803.2786885245903,0.005,0.0,0.0,1.0,0.9999999999999999,0.2532786885245903,1
1769786060.798111,803.2596041909197,0.005,0.0,0.0,1.0,0.9999999999999999,0.2532596041909198,1
1769786060.7998848,803.2407407407406,0.005,0.0,0.0,1.0,0.9999999999999999,0.2532407407407407,1
1769786060.8015707,803.2220943613349,0.005,0.0,0.0,1.0,0.9999999999999999,0.25322209436133497,1
1769786060.8033812,803.2036613272311,0.005,0.0,0.0,1.0,0.9999999999999999,0.2532036613272311,1
1769786060.804911,803.1854379977248,0.005,0.0,0.0,1.0,0.9999999999999999,0.2531854379977248,1
1769786060.8065019,803.1674208144797,0.005,0.0,0.0,1.0,0.9999999999999999,0.2531674208144797,1
1769786060.8081381,803.1496062992126,0.005,0.0,0.0,1.0,0.9999999999999999,0.2531496062992126,1
1769786060.809609,803.1319910514542,0.005,0.0,0.0,1.0,0.9999999999999999,0.2531319910514542,1
1769786060.8113708,803.1145717463849,0.005,0.0,0.0,1.0,0.9999999999999999,0.2531145717463849,1
1769786060.8131979,803.0973451327434,0.005,0.0,0.0,1.0,0.9999999999999999,0.25309734513274346,1
1769786060.8146641,803.080308030803,0.005,0.0,0.0,1.0,0.9999999999999999,0.2530803080308031,1
1769786060.8162854,803.0634573304158,0.005,0.0,0.0,1.0,0.9999999999999999,0.25306345733041574,1
1769786060.8178709,803.0467899891187,0.005,0.0,0.0,1.0,0.9999999999999999,0.2530467899891187,1
1769786060.8196049,803.030303030303,0.005,0.0,0.0,1.0,0.9999999999999999,0.253030303030303,1
1769786060.8212132,803.0139935414425,0.005,0.0,0.0,1.0,0.9999999999999999,0.25301399354144244,1
1769786060.822805,802.9978586723769,0.005,0.0,0.0,1.0,0.9999999999999999,0.25299785867237695,1
1769786060.8244927,802.9818956336528,0.005,0.0,0.0,1.0,0.9999999999999999,0.25298189563365286,1
1769786060.8265576,802.9661016949153,0.005,0.0,0.0,1.0,0.9999999999999999,0.25296610169491535,1
1769786060.8285813,802.9504741833509,0.005,0.0,0.0,1.0,0.9999999999999999,0.252950474183351,1
1769786060.8304875,802.9350104821804,0.005,0.0,0.0,1.0,0.9999999999999999,0.2529350104821804,1
1769786060.8323164,802.9197080291971,0.005,0.0,0.0,1.0,0.9999999999999999,0.2529197080291971,1
1769786060.8339167,802.9045643153527,0.005,0.0,0.0,1.0,0.9999999999999999,0.25290456431535274,1
1769786060.8355932,802.889576883385,0.005,0.0,0.0,1.0,0.9999999999999999,0.25288957688338504,1
1769786060.8371382,802.8747433264887,0.005,0.0,0.0,1.0,0.9999999999999999,0.2528747433264887,1
1769786060.8386164,802.8600612870276,0.005,0.0,0.0,1.0,0.9999999999999999,0.2528600612870277,1
1769786060.840781,802.8455284552846,0.005,0.0,0.0,1.0,0.9999999999999999,0.2528455284552846,1
1769786060.842867,802.8311425682507,0.005,0.0,0.0,1.0,0.9999999999999999,0.25283114256825073,1
1769786060.8447535,802.8169014084507,0.005,0.0,0.0,1.0,0.9999999999999999,0.25281690140845076,1
1769786060.846384,802.8028028028028,0.005,0.0,0.0,1.0,0.9999999999999999,0.2528028028028028,1
1769786060.901631,0.0,0.0,0.0,0.0,1.0,0.0,0.0,1
1769786060.904327,1279.7670672003749,0.004232936387,0.0,0.0,1.0,0.9999999999999999,0.8064734285003748,1
1769786060.9057362,1111.111111111111,0.005,0.0,0.0,1.0,0.9999999999999999,0.5611111111111111,1
1769786060.9074316,1000.0000000000001,0.005,0.0,0.0,1.0,0.9999999999999999,0.45000000000000023,1
1769786060.909513,947.3684210526316,0.005,0.0,0.0,1.0,0.9999999999999999,0.39736842105263154,1
1769786060.9111094,916.6666666666667,0.005,0.0,0.0,1.0,0.9999999999999999,0.36666666666666675,1
1769786060.9128485,896.551724137931,0.005,0.0,0.0,1.0,0.9999999999999999,0.34655172413793106,1
1769786060.9148767,882.3529411764707,0.005,0.0,0.0,1.0,0.9999999999999999,0.3323529411764708,1
1769786060.9170654,871.7948717948717,0.005,0.0,0.0,1.0,0.9999999999999999,0.3217948717948717,1
1769786060.918731,863.6363636363636,0.005,0.0,0.0,1.0,0.9999999999999999,0.31363636363636366,1
1769786060.920274,857.1428571428571,0.005,0.0,0.0,1.0,0.9999999999999999,0.3071428571428571,1
1769786060.9217687,851.8518518518518,0.005,0.0,0.0,1.0,0.9999999999999999,0.30185185185185187,1
1769786060.9235063,847.4576271186442,0.005,0.0,0.0,1.0,0.9999999999999999,0.29745762711864415,1
1769786060.925105,843.75,0.005,0.0,0.0,1.0,0.9999999999999999,0.29375,1
1769786060.9266899,840.5797101449276,0.005,0.0,0.0,1.0,0.9999999999999999,0.2905797101449276,1
1769786060.9284418,837.8378378378378,0.005,0.0,0.0,1.0,0.9999999999999999,0.28783783783783784,1
1769786060.9300847,835.4430379746835,0.005,0.0,0.0,1.0,0.9999999999999999,0.28544303797468357,1
1769786060.9317122,833.3333333333334,0.005,0.0,0.0,1.0,0.9999999999999999,0.2833333333333334,1
1769786060.9332314,831.4606741573034,0.005,0.0,0.0,1.0,0.9999999999999999,0.2814606741573034,1
1769786060.9347548,829.7872340425532,0.005,0.0,0.0,1.0,0.9999999999999999,0.2797872340425533,1
1769786060.9361365,828.2828282828283,0.005,0.0,0.0,1.0,0.9999999999999999,0.2782828282828283,1
1769786060.9375374,826.9230769230769,0.005,0.0,0.0,1.0,0.9999999999999999,0.2769230769230769,1
1769786060.938913,825.6880733944954,0.005,0.0,0.0,1.0,0.9999999999999999,0.27568807339449547,1
1769786060.9405599,824.561403508772,0.005,0.0,0.0,1.0,0.9999999999999999,0.27456140350877195,1
1769786060.9421222,823.529411764706,0.005,0.0,0.0,1.0,0.9999999999999999,0.27352941176470597,1
1769786060.9437852,822.5806451612904,0.005,0.0,0.0,1.0,0.9999999999999999,0.2725806451612904,1
1769786060.9454527,821.7054263565891,0.005,0.0,0.0,1.0,0.9999999999999999,0.2717054263565892,1
1769786060.947384,820.8955223880597,0.005,0.0,0.0,1.0,0.9999999999999999,0.27089552238805975,1
1769786060.9492533,820.1438848920864,0.005,0.0,0.0,1.0,0.9999999999999999,0.27014388489208635,1
1769786060.9509182,819.4444444444445,0.005,0.0,0.0,1.0,0.9999999999999999,0.26944444444444443,1
1769786060.9525042,818.7919463087248,0.005,0.0,0.0,1.0,0.9999999999999999,0.2687919463087249,1
1769786060.954048,818.1818181818181,0.005,0.0,0.0,1.0,0.9999999999999999,0.26818181818181813,1
1769786060.9557798,817.6100628930818,0.005,0.0,0.0,1.0,0.9999999999999999,0.2676100628930818,1
1769786060.9573817,817.0731707317074,0.005,0.0,0.0,1.0,0.9999999999999999,0.2670731707317074,1
1769786060.9589632,816.5680473372781,0.005,0.0,0.0,1.0,0.9999999999999999,0.2665680473372782,1
1769786060.9605765,816.0919540229885,0.005,0.0,0.0,1.0,0.9999999999999999,0.2660919540229885,1
1769786060.9622517,815.6424581005587,0.005,0.0,0.0,1.0,0.9999999999999999,0.2656424581005587,1
1769786060.9640853,815.2173913043479,0.005,0.0,0.0,1.0,0.9999999999999999,0.2652173913043479,1
1769786060.9657495,814.8148148148149,0.005,0.0,0.0,1.0,0.9999999999999999,0.2648148148148149,1
1769786060.9672863,814.4329896907217,0.005,0.0,0.0,1.0,0.9999999999999999,0.26443298969072176,1
1769786060.968854,814.070351758794,0.005,0.0,0.0,1.0,0.9999999999999999,0.26407035175879406,1
1769786060.97057,813.7254901960785,0.005,0.0,0.0,1.0,0.9999999999999999,0.26372549019607844,1
1769786060.9722486,813.3971291866029,0.005,0.0,0.0,1.0,0.9999999999999999,0.2633971291866029,1
1769786060.9738095,813.0841121495326,0.005,0.0,0.0,1.0,0.9999999999999999,0.2630841121495327,1
1769786060.975258,812.7853881278539,0.005,0.0,0.0,1.0,0.9999999999999999,0.26278538812785396,1
1769786060.9767532,812.5000000000001,0.005,0.0,0.0,1.0,0.9999999999999999,0.2625000000000001,1
1769786060.978246,812.2270742358079,0.005,0.0,0.0,1.0,0.9999999999999999,0.2622270742358079,1
1769786060.9798512,811.965811965812,0.005,0.0,0.0,1.0,0.9999999999999999,0.2619658119658121,1
1769786060.9814432,811.715481171548,0.005,0.0,0.0,1.0,0.9999999999999999,0.261715481171548,1
1769786060.9828753,811.4754098360656,0.005,0.0,0.0,1.0,0.9999999999999999,0.2614754098360657,1
1769786060.9842634,811.2449799196788,0.005,0.0,0.0,1.0,0.9999999999999999,0.2612449799196788,1
1769786060.9859476,811.0236220472441,0.005,0.0,0.0,1.0,0.9999999999999999,0.2610236220472441,1
1769786060.9878786,810.8108108108108,0.005,0.0,0.0,1.0,0.9999999999999999,0.26081081081081087,1
1769786060.9897914,810.6060606060606,0.005,0.0,0.0,1.0,0.9999999999999999,0.2606060606060607,1
1769786060.9915664,810.4089219330855,0.005,0.0,0.0,1.0,0.9999999999999999,0.26040892193308546,1
1769786060.9933531,810.2189781021898,0.005,0.0,0.0,1.0,0.9999999999999999,0.2602189781021898,1
1769786060.995039,810.0358422939069,0.005,0.0,0.0,1.0,0.9999999999999999,0.2600358422939069,1
1769786060.9966924,809.8591549295775,0.005,0.0,0.0,1.0,0.9999999999999999,0.2598591549295775,1
1769786060.9983292,809.6885813148789,0.005,0.0,0.0,1.0,0.9999999999999999,0.2596885813148789,1
1769786060.9999528,809.5238095238095,0.005,0.0,0.0,1.0,0.9999999999999999,0.25952380952380955,1
1769786061.0019293,809.3645484949833,0.005,0.0,0.0,1.0,0.9999999999999999,0.2593645484949833,1
1769786061.004023,809.2105263157895,0.005,0.0,0.0,1.0,0.9999999999999999,0.2592105263157895,1
1769786061.0058162,809.0614886731393,0.005,0.0,0.0,1.0,0.9999999999999999,0.25906148867313933,1
1769786061.00738,808.9171974522293,0.005,0.0,0.0,1.0,0.9999999999999999,0.25891719745222935,1
1769786061.009009,808.7774294670846,0.005,0.0,0.0,1.0,0.9999999999999999,0.25877742946708465,1
1769786061.0106578,808.641975308642,0.005,0.0,0.0,1.0,0.9999999999999999,0.258641975308642,1
1769786061.012215,808.5106382978723,0.005,0.0,0.0,1.0,0.9999999999999999,0.2585106382978724,1
1769786061.0138147,808.3832335329341,0.005,0.0,0.0,1.0,0.9999999999999999,0.2583832335329342,1
1769786061.0152297,808.259587020649,0.005,0.0,0.0,1.0,0.9999999999999999,0.25825958702064894,1
1769786061.0168865,808.1395348837209,0.005,0.0,0.0,1.0,0.9999999999999999,0.25813953488372093,1
1769786061.0184119,808.0229226361032,0.005,0.0,0.0,1.0,0.9999999999999999,0.2580229226361032,1
1769786061.019845,807.909604519774,0.005,0.0,0.0,1.0,0.9999999999999999,0.257909604519774,1
1769786061.0212734,807.799442896936,0.005,0.0,0.0,1.0,0.9999999999999999,0.25779944289693596,1
1769786061.0226774,807.6923076923076,0.005,0.0,0.0,1.0,0.9999999999999999,0.2576923076923076,1
1769786061.0239732,807.5880758807588,0.005,0.0,0.0,1.0,0.9999999999999999,0.25758807588075877,1
1769786061.025326,807.4866310160428,0.005,0.0,0.0,1.0,0.9999999999999999,0.2574866310160428,1
1769786061.0268466,807.3878627968338,0.005,0.0,0.0,1.0,0.9999999999999999,0.25738786279683384,1
1769786061.0283275,807.2916666666667,0.005,0.0,0.0,1.0,0.9999999999999999,0.25729166666666675,1
1769786061.0297804,807.1979434447301,0.005,0.0,0.0,1.0,0.9999999999999999,0.25719794344473007,1
1769786061.0314138,807.1065989847716,0.005,0.0,0.0,1.0,0.9999999999999999,0.2571065989847717,1
1769786061.032855,807.0175438596492,0.005,0.0,0.0,1.0,0.9999999999999999,0.2570175438596492,1
1769786061.034387,806.9306930693069,0.005,0.0,0.0,1.0,0.9999999999999999,0.256930693069307,1
1769786061.0358589,806.8459657701712,0.005,0.0,0.0,1.0,0.9999999999999999,0.2568459657701712,1
1769786061.037639,806.7632850241547,0.005,0.0,0.0,1.0,0.9999999999999999,0.25676328502415474,1
1769786061.0391946,806.6825775656325,0.005,0.0,0.0,1.0,0.9999999999999999,0.25668257756563256,1
1769786061.0406256,806.6037735849056,0.005,0.0,0.0,1.0,0.9999999999999999,0.25660377358490566,1
1769786061.0421922,806.5268065268065,0.005,0.0,0.0,1.0,0.9999999999999999,0.25652680652680654,1
1769786061.0439463,806.4516129032259,0.005,0.0,0.0,1.0,0.9999999999999999,0.2564516129032259,1
1769786061.0454712,806.378132118451,0.005,0.0,0.0,1.0,0.9999999999999999,0.2563781321184511,1
1769786061.0469995,806.3063063063064,0.005,0.0,0.0,1.0,0.9999999999999999,0.2563063063063064,1
1769786061.0484145,806.2360801781737,0.005,0.0,0.0,1.0,0.9999999999999999,0.25623608017817373,1
1769786061.0497453,806.1674008810572,0.005,0.0,0.0,1.0,0.9999999999999999,0.2561674008810572,1
1769786061.0512023,806.1002178649238,0.005,0.0,0.0,1.0,0.9999999999999999,0.2561002178649238,1
1769786061.0526226,806.0344827586207,0.005,0.0,0.0,1.0,0.9999999999999999,0.2560344827586207,1
1769786061.054077,805.9701492537314,0.005,0.0,0.0,1.0,0.9999999999999999,0.25597014925373146,1
1769786061.0556273,805.9071729957806,0.005,0.0,0.0,1.0,0.9999999999999999,0.25590717299578064,1
1769786061.0570736,805.8455114822547,0.005,0.0,0.0,1.0,0.9999999999999999,0.2558455114822547,1
1769786061.0585587,805.7851239669421,0.005,0.0,0.0,1.0,0.9999999999999999,0.25578512396694214,1
1769786061.0598962,805.7259713701432,0.005,0.0,0.0,1.0,0.9999999999999999,0.25572597137014313,1
1769786061.0615559,805.668016194332,0.005,0.0,0.0,1.0,0.9999999999999999,0.25566801619433205,1
1769786061.0633304,805.6112224448898,0.005,0.0,0.0,1.0,0.9999999999999999,0.2556112224448898,1
1769786061.0650342,805.5555555555555,0.005,0.0,0.0,1.0,0.9999999999999999,0.2555555555555556,1
1769786061.0670104,805.5009823182711,0.005,0.0,0.0,1.0,0.9999999999999999,0.2555009823182712,1
1769786061.068903,805.4474708171207,0.005,0.0,0.0,1.0,0.9999999999999999,0.25544747081712077,1
1769786061.070661,805.3949903660887,0.005,0.0,0.0,1.0,0.9999999999999999,0.25539499036608876,1
1769786061.072241,805.3435114503817,0.005,0.0,0.0,1.0,0.9999999999999999,0.25534351145038175,1
1769786061.0738473,805.2930056710775,0.005,0.0,0.0,1.0,0.9999999999999999,0.25529300567107754,1
1769786061.076487,805.2434456928839,0.005,0.0,0.0,1.0,0.9999999999999999,0.255243445692884,1
1769786061.0791433,805.1948051948052,0.005,0.0,0.0,1.0,0.9999999999999999,0.25519480519480525,1
1769786061.0810337,805.1470588235295,0.005,0.0,0.0,1.0,0.9999999999999999,0.25514705882352956,1
1769786061.08273,805.1001821493625,0.005,0.0,0.0,1.0,0.9999999999999999,0.25510018214936253,1
1769786061.084296,805.0541516245487,0.005,0.0,0.0,1.0,0.9999999999999999,0.25505415162454875,1
1769786061.0860155,805.0089445438283,0.005,0.0,0.0,1.0,0.9999999999999999,0.25500894454382833,1
1769786061.0874825,804.9645390070923,0.005,0.0,0.0,1.0,0.9999999999999999,0.2549645390070923,1
1769786061.0890844,804.9209138840071,0.005,0.0,0.0,1.0,0.9999999999999999,0.2549209138840071,1
1769786061.0911992,804.8780487804878,0.005,0.0,0.0,1.0,0.9999999999999999,0.25487804878048786,1
1769786061.0930333,804.8359240069085,0.005,0.0,0.0,1.0,0.9999999999999999,0.2548359240069085,1
1769786061.094783,804.7945205479452,0.005,0.0,0.0,1.0,0.9999999999999999,0.2547945205479452,1
1769786061.0965486,804.7538200339559,0.005,0.0,0.0,1.0,0.9999999999999999,0.2547538200339559,1
1769786061.098575,804.7138047138047,0.005,0.0,0.0,1.0,0.9999999999999999,0.2547138047138047,1
1769786061.1005664,804.6744574290484,0.005,0.0,0.0,1.0,0.9999999999999999,0.25467445742904843,1
1769786061.1023786,804.635761589404,0.005,0.0,0.0,1.0,0.9999999999999999,0.254635761589404,1
1769786061.1039329,804.5977011494253,0.005,0.0,0.0,1.0,0.9999999999999999,0.2545977011494254,1
1769786061.1057408,804.5602605863193,0.005,0.0,0.0,1.0,0.9999999999999999,0.25456026058631925,1
1769786061.107444,804.5234248788369,0.005,0.0,0.0,1.0,0.9999999999999999,0.2545234248788369,1
1769786061.1091726,804.4871794871794,0.005,0.0,0.0,1.0,0.9999999999999999,0.2544871794871795,1
1769786061.111015,804.4515103338633,0.005,0.0,0.0,1.0,0.9999999999999999,0.2544515103338633,1
1769786061.113103,804.416403785489,0.005,0.0,0.0,1.0,0.9999999999999999,0.2544164037854891,1
1769786061.1149588,804.3818466353678,0.005,0.0,0.0,1.0,0.9999999999999999,0.25438184663536784,1
1769786061.116873,804.3478260869566,0.005,0.0,0.0,1.0,0.9999999999999999,0.25434782608695666,1
1769786061.1184185,804.3143297380585,0.005,0.0,0.0,1.0,0.9999999999999999,0.2543143297380585,1
1769786061.1200411,804.2813455657492,0.005,0.0,0.0,1.0,0.9999999999999999,0.2542813455657493,1
1769786061.1217828,804.2488619119879,0.005,0.0,0.0,1.0,0.9999999999999999,0.25424886191198787,1
1769786061.1236734,804.2168674698795,0.005,0.0,0.0,1.0,0.9999999999999999,0.25421686746987954,1
1769786061.126076,804.1853512705532,0.005,0.0,0.0,1.0,0.9999999999999999,0.25418535127055314,1
1769786061.1282194,804.1543026706231,0.005,0.0,0.0,1.0,0.9999999999999999,0.25415430267062317,1
1769786061.1304553,804.1237113402062,0.005,0.0,0.0,1.0,0.9999999999999999,0.2541237113402062,1
1769786061.132148,804.093567251462,0.005,0.0,0.0,1.0,0.9999999999999999,0.254093567251462,1
1769786061.1336288,804.0638606676343,0.005,0.0,0.0,1.0,0.9999999999999999,0.25406386066763437,1
1769786061.135242,804.0345821325649,0.005,0.0,0.0,1.0,0.9999999999999999,0.25403458213256486,1
1769786061.1366966,804.005722460658,0.005,0.0,0.0,1.0,0.9999999999999999,0.25400572246065806,1
1769786061.1384366,803.9772727272727,0.005,0.0,0.0,1.0,0.9999999999999999,0.25397727272727283,1
1769786061.1400595,803.9492242595205,0.005,0.0,0.0,1.0,0.9999999999999999,0.25394922425952055,1
1769786061.1416156,803.921568627451,0.005,0.0,0.0,1.0,0.9999999999999999,0.25392156862745113,1
1769786061.1433594,803.8942976356051,0.005,0.0,0.0,1.0,0.9999999999999999,0.25389429763560506,1
1769786061.1449254,803.867403314917,0.005,0.0,0.0,1.0,0.9999999999999999,0.25386740331491703,1
1769786061.146536,803.840877914952,0.005,0.0,0.0,1.0,0.9999999999999999,0.25384087791495197,1
1769786061.1482947,803.8147138964578,0.005,0.0,0.0,1.0,0.9999999999999999,0.25381471389645777,1
1769786061.1501338,803.7889039242219,0.005,0.0,0.0,1.0,0.9999999999999999,0.253788903924222,1
1769786061.1520185,803.7634408602152,0.005,0.0,0.0,1.0,0.9999999999999999,0.25376344086021513,1
1769786061.1536946,803.7383177570093,0.005,0.0,0.0,1.0,0.9999999999999999,0.25373831775700934,1
1769786061.155538,803.7135278514589,0.005,0.0,0.0,1.0,0.9999999999999999,0.253713527851459,1
1769786061.1573148,803.6890645586298,0.005,0.0,0.0,1.0,0.9999999999999999,0.2536890645586298,1
1769786061.158835,803.6649214659686,0.005,0.0,0.0,1.0,0.9999999999999999,0.2536649214659687,1
1769786061.1604748,803.6410923276984,0.005,0.0,0.0,1.0,0.9999999999999999,0.25364109232769844,1
1769786061.1621964,803.6175710594315,0.005,0.0,0.0,1.0,0.9999999999999999,0.25361757105943156,1
1769786061.16384,803.594351732991,0.005,0.0,0.0,1.0,0.9999999999999999,0.253594351732991,1
1769786061.1656528,803.5714285714286,0.005,0.0,0.0,1.0,0.9999999999999999,0.2535714285714286,1
1769786061.1675684,803.5487959442332,0.005,0.0,0.0,1.0,0.9999999999999999,0.25354879594423324,1
1769786061.169125,803.5264483627204,0.005,0.0,0.0,1.0,0.9999999999999999,0.2535264483627205,1
1769786061.171,803.5043804755944,0.005,0.0,0.0,1.0,0.9999999999999999,0.2535043804755945,1
1769786061.1725228,803.4825870646767,0.005,0.0,0.0,1.0,0.9999999999999999,0.2534825870646768,1
1769786061.174223,803.4610630407911,0.005,0.0,0.0,1.0,0.9999999999999999,0.25346106304079113,1
1769786061.17559,803.4398034398034,0.005,0.0,0.0,1.0,0.9999999999999999,0.2534398034398035,1
1769786061.1771173,803.4188034188035,0.005,0.0,0.0,1.0,0.9999999999999999,0.25341880341880346,1
1769786061.178833,803.3980582524272,0.005,0.0,0.0,1.0,0.9999999999999999,0.25339805825242717,1
1769786061.1811845,803.3775633293125,0.005,0.0,0.0,1.0,0.9999999999999999,0.25337756332931244,1
1769786061.183262,803.3573141486811,0.005,0.0,0.0,1.0,0.9999999999999999,0.2533573141486812,1
1769786061.1854534,803.3373063170441,0.005,0.0,0.0,1.0,0.9999999999999999,0.25333730631704404,1
1769786061.187879,803.3175355450237,0.005,0.0,0.0,1.0,0.9999999999999999,0.25331753554502373,1
1769786061.189498,803.2979976442874,0.005,0.0,0.0,1.0,0.9999999999999999,0.25329799764428745,1
1769786061.1911511,803.2786885245903,0.005,0.0,0.0,1.0,0.9999999999999999,0.2532786885245903,1
1769786061.1925573,803.2596041909197,0.005,0.0,0.0,1.0,0.9999999999999999,0.2532596041909198,1
1769786061.194163,803.2407407407406,0.005,0.0,0.0,1.0,0.9999999999999999,0.2532407407407407,1
1769786061.195934,803.2220943613349,0.005,0.0,0.0,1.0,0.9999999999999999,0.25322209436133497,1
1769786061.1975431,803.2036613272311,0.005,0.0,0.0,1.0,0.9999999999999999,0.2532036613272311,1
1769786061.1995292,803.1854379977248,0.005,0.0,0.0,1.0,0.9999999999999999,0.2531854379977248,1
1769786061.2013168,803.1674208144797,0.005,0.0,0.0,1.0,0.9999999999999999,0.2531674208144797,1
1769786061.2033246,803.1496062992126,0.005,0.0,0.0,1.0,0.9999999999999999,0.2531496062992126,1
1769786061.205281,803.1319910514542,0.005,0.0,0.0,1.0,0.9999999999999999,0.2531319910514542,1
1769786061.2073386,803.1145717463849,0.005,0.0,0.0,1.0,0.9999999999999999,0.2531145717463849,1
1769786061.2094789,803.0973451327434,0.005,0.0,0.0,1.0,0.9999999999999999,0.25309734513274346,1
1769786061.2118535,803.080308030803,0.005,0.0,0.0,1.0,0.9999999999999999,0.2530803080308031,1
1769786061.213962,803.0634573304158,0.005,0.0,0.0,1.0,0.9999999999999999,0.25306345733041574,1
1769786061.2158709,803.0467899891187,0.005,0.0,0.0,1.0,0.9999999999999999,0.2530467899891187,1
1769786061.2179341,803.030303030303,0.005,0.0,0.0,1.0,0.9999999999999999,0.253030303030303,1
1769786061.2198644,803.0139935414425,0.005,0.0,0.0,1.0,0.9999999999999999,0.25301399354144244,1
1769786061.221603,802.9978586723769,0.005,0.0,0.0,1.0,0.9999999999999999,0.25299785867237695,1
1769786061.2230966,802.9818956336528,0.005,0.0,0.0,1.0,0.9999999999999999,0.25298189563365286,1
1769786061.2251256,802.9661016949153,0.005,0.0,0.0,1.0,0.9999999999999999,0.25296610169491535,1
1769786061.2269073,802.9504741833509,0.005,0.0,0.0,1.0,0.9999999999999999,0.252950474183351,1
1769786061.228395,802.9350104821804,0.005,0.0,0.0,1.0,0.9999999999999999,0.2529350104821804,1
1769786061.2299576,802.9197080291971,0.005,0.0,0.0,1.0,0.9999999999999999,0.2529197080291971,1
1769786061.2314887,802.9045643153527,0.005,0.0,0.0,1.0,0.9999999999999999,0.25290456431535274,1
1769786061.2329762,802.889576883385,0.005,0.0,0.0,1.0,0.9999999999999999,0.25288957688338504,1
1769786061.2343888,802.8747433264887,0.005,0.0,0.0,1.0,0.9999999999999999,0.2528747433264887,1
1769786061.236116,802.8600612870276,0.005,0.0,0.0,1.0,0.9999999999999999,0.2528600612870277,1
1769786061.2375672,802.8455284552846,0.005,0.0,0.0,1.0,0.9999999999999999,0.2528455284552846,1
1769786061.239192,802.8311425682507,0.005,0.0,0.0,1.0,0.9999999999999999,0.25283114256825073,1
1769786061.2408426,802.8169014084507,0.005,0.0,0.0,1.0,0.9999999999999999,0.25281690140845076,1
1769786061.2425163,802.8028028028028,0.005,0.0,0.0,1.0,0.9999999999999999,0.2528028028028028,1
1769786061.299881,0.0,0.0,0.0,0.0,1.0,0.0,0.0,1
1769786061.3031037,1216.2236537813303,0.004333936709,0.0,0.0,1.0,0.9999999999999999,0.7328299828813302,1
1769786061.305042,1111.111111111111,0.005,0.0,0.0,1.0,0.9999999999999999,0.5611111111111111,1
1769786061.3071222,1000.0000000000001,0.005,0.0,0.0,1.0,0.9999999999999999,0.45000000000000023,1
1769786061.3094497,947.3684210526316,0.005,0.0,0.0,1.0,0.9999999999999999,0.39736842105263154,1
1769786061.3110974,916.6666666666667,0.005,0.0,0.0,1.0,0.9999999999999999,0.36666666666666675,1
1769786061.312828,896.551724137931,0.005,0.0,0.0,1.0,0.9999999999999999,0.34655172413793106,1
1769786061.314955,882.3529411764707,0.005,0.0,0.0,1.0,0.9999999999999999,0.3323529411764708,1
1769786061.316447,871.7948717948717,0.005,0.0,0.0,1.0,0.9999999999999999,0.3217948717948717,1
1769786061.3179736,863.6363636363636,0.005,0.0,0.0,1.0,0.9999999999999999,0.31363636363636366,1
1769786061.3194354,857.1428571428571,0.005,0.0,0.0,1.0,0.9999999999999999,0.3071428571428571,1
1769786061.3212092,851.8518518518518,0.005,0.0,0.0,1.0,0.9999999999999999,0.30185185185185187,1
1769786061.3233075,847.4576271186442,0.005,0.0,0.0,1.0,0.9999999999999999,0.29745762711864415,1
1769786061.3250015,843.75,0.005,0.0,0.0,1.0,0.9999999999999999,0.29375,1
1769786061.326979,840.5797101449276,0.005,0.0,0.0,1.0,0.9999999999999999,0.2905797101449276,1
1769786061.328886,837.8378378378378,0.005,0.0,0.0,1.0,0.9999999999999999,0.28783783783783784,1
1769786061.331153,835.4430379746835,0.005,0.0,0.0,1.0,0.9999999999999999,0.28544303797468357,1
1769786061.3327968,833.3333333333334,0.005,0.0,0.0,1.0,0.9999999999999999,0.2833333333333334,1
1769786061.3342779,831.4606741573034,0.005,0.0,0.0,1.0,0.9999999999999999,0.2814606741573034,1
1769786061.3357453,829.7872340425532,0.005,0.0,0.0,1.0,0.9999999999999999,0.2797872340425533,1
1769786061.3374784,828.2828282828283,0.005,0.0,0.0,1.0,0.9999999999999999,0.2782828282828283,1
1769786061.3391578,826.9230769230769,0.005,0.0,0.0,1.0,0.9999999999999999,0.2769230769230769,1
1769786061.3407369,825.6880733944954,0.005,0.0,0.0,1.0,0.9999999999999999,0.27568807339449547,1
1769786061.3421912,824.561403508772,0.005,0.0,0.0,1.0,0.9999999999999999,0.27456140350877195,1
1769786061.3439271,823.529411764706,0.005,0.0,0.0,1.0,0.9999999999999999,0.27352941176470597,1
1769786061.3459978,822.5806451612904,0.005,0.0,0.0,1.0,0.9999999999999999,0.2725806451612904,1
1769786061.3477647,821.7054263565891,0.005,0.0,0.0,1.0,0.9999999999999999,0.2717054263565892,1
1769786061.3494213,820.8955223880597,0.005,0.0,0.0,1.0,0.9999999999999999,0.27089552238805975,1
1769786061.3511066,820.1438848920864,0.005,0.0,0.0,1.0,0.9999999999999999,0.27014388489208635,1
1769786061.3527274,819.4444444444445,0.005,0.0,0.0,1.0,0.9999999999999999,0.26944444444444443,1
1769786061.3544972,818.7919463087248,0.005,0.0,0.0,1.0,0.9999999999999999,0.2687919463087249,1
1769786061.3561647,818.1818181818181,0.005,0.0,0.0,1.0,0.9999999999999999,0.26818181818181813,1
1769786061.357897,817.6100628930818,0.005,0.0,0.0,1.0,0.9999999999999999,0.2676100628930818,1
1769786061.359339,817.0731707317074,0.005,0.0,0.0,1.0,0.9999999999999999,0.2670731707317074,1
1769786061.3608818,816.5680473372781,0.005,0.0,0.0,1.0,0.9999999999999999,0.2665680473372782,1
1769786061.3626058,816.0919540229885,0.005,0.0,0.0,1.0,0.9999999999999999,0.2660919540229885,1
1769786061.3642242,815.6424581005587,0.005,0.0,0.0,1.0,0.9999999999999999,0.2656424581005587,1
1769786061.3658788,815.2173913043479,0.005,0.0,0.0,1.0,0.9999999999999999,0.2652173913043479,1
1769786061.367404,814.8148148148149,0.005,0.0,0.0,1.0,0.9999999999999999,0.2648148148148149,1
1769786061.3692024,814.4329896907217,0.005,0.0,0.0,1.0,0.9999999999999999,0.26443298969072176,1
1769786061.370933,814.070351758794,0.005,0.0,0.0,1.0,0.9999999999999999,0.26407035175879406,1
1769786061.372574,813.7254901960785,0.005,0.0,0.0,1.0,0.9999999999999999,0.26372549019607844,1
1769786061.374037,813.3971291866029,0.005,0.0,0.0,1.0,0.9999999999999999,0.2633971291866029,1
1769786061.3755753,813.0841121495326,0.005,0.0,0.0,1.0,0.9999999999999999,0.2630841121495327,1
1769786061.3775504,812.7853881278539,0.005,0.0,0.0,1.0,0.9999999999999999,0.26278538812785396,1
1769786061.37923,812.5000000000001,0.005,0.0,0.0,1.0,0.9999999999999999,0.2625000000000001,1
1769786061.3808231,812.2270742358079,0.005,0.0,0.0,1.0,0.9999999999999999,0.2622270742358079,1
1769786061.3822207,811.965811965812,0.005,0.0,0.0,1.0,0.9999999999999999,0.2619658119658121,1
1769786061.3835351,811.715481171548,0.005,0.0,0.0,1.0,0.9999999999999999,0.261715481171548,1
1769786061.3849578,811.4754098360656,0.005,0.0,0.0,1.0,0.9999999999999999,0.2614754098360657,1
1769786061.3866985,811.2449799196788,0.005,0.0,0.0,1.0,0.9999999999999999,0.2612449799196788,1
1769786061.3883162,811.0236220472441,0.005,0.0,0.0,1.0,0.9999999999999999,0.2610236220472441,1
1769786061.3898916,810.8108108108108,0.005,0.0,0.0,1.0,0.9999999999999999,0.26081081081081087,1
1769786061.391443,810.6060606060606,0.005,0.0,0.0,1.0,0.9999999999999999,0.2606060606060607,1
1769786061.3930857,810.4089219330855,0.005,0.0,0.0,1.0,0.9999999999999999,0.26040892193308546,1
1769786061.3948746,810.2189781021898,0.005,0.0,0.0,1.0,0.9999999999999999,0.2602189781021898,1
1769786061.3965027,810.0358422939069,0.005,0.0,0.0,1.0,0.9999999999999999,0.2600358422939069,1
1769786061.3980837,809.8591549295775,0.005,0.0,0.0,1.0,0.9999999999999999,0.2598591549295775,1
1769786061.399484,809.6885813148789,0.005,0.0,0.0,1.0,0.9999999999999999,0.2596885813148789,1
1769786061.401323,809.5238095238095,0.005,0.0,0.0,1.0,0.9999999999999999,0.25952380952380955,1
1769786061.4031649,809.3645484949833,0.005,0.0,0.0,1.0,0.9999999999999999,0.2593645484949833,1
1769786061.4045956,809.2105263157895,0.005,0.0,0.0,1.0,0.9999999999999999,0.2592105263157895,1
1769786061.405946,809.0614886731393,0.005,0.0,0.0,1.0,0.9999999999999999,0.25906148867313933,1
1769786061.4073036,808.9171974522293,0.005,0.0,0.0,1.0,0.9999999999999999,0.25891719745222935,1
1769786061.4088793,808.7774294670846,0.005,0.0,0.0,1.0,0.9999999999999999,0.25877742946708465,1
1769786061.4106169,808.641975308642,0.005,0.0,0.0,1.0,0.9999999999999999,0.258641975308642,1
1769786061.4123216,808.5106382978723,0.005,0.0,0.0,1.0,0.9999999999999999,0.2585106382978724,1
1769786061.4139411,808.3832335329341,0.005,0.0,0.0,1.0,0.9999999999999999,0.2583832335329342,1
1769786061.4158504,808.259587020649,0.005,0.0,0.0,1.0,0.9999999999999999,0.25825958702064894,1
1769786061.4178069,808.1395348837209,0.005,0.0,0.0,1.0,0.9999999999999999,0.25813953488372093,1
1769786061.419557,808.0229226361032,0.005,0.0,0.0,1.0,0.9999999999999999,0.2580229226361032,1
1769786061.421199,807.909604519774,0.005,0.0,0.0,1.0,0.9999999999999999,0.257909604519774,1
1769786061.4226806,807.799442896936,0.005,0.0,0.0,1.0,0.9999999999999999,0.25779944289693596,1
1769786061.424116,807.6923076923076,0.005,0.0,0.0,1.0,0.9999999999999999,0.2576923076923076,1
1769786061.4256833,807.5880758807588,0.005,0.0,0.0,1.0,0.9999999999999999,0.25758807588075877,1
1769786061.4273074,807.4866310160428,0.005,0.0,0.0,1.0,0.9999999999999999,0.2574866310160428,1
1769786061.4291508,807.3878627968338,0.005,0.0,0.0,1.0,0.9999999999999999,0.25738786279683384,1
1769786061.4313128,807.2916666666667,0.005,0.0,0.0,1.0,0.9999999999999999,0.25729166666666675,1
1769786061.4335437,807.1979434447301,0.005,0.0,0.0,1.0,0.9999999999999999,0.25719794344473007,1
1769786061.436388,807.1065989847716,0.005,0.0,0.0,1.0,0.9999999999999999,0.2571065989847717,1
1769786061.4381542,807.0175438596492,0.005,0.0,0.0,1.0,0.9999999999999999,0.2570175438596492,1
1769786061.4401338,806.9306930693069,0.005,0.0,0.0,1.0,0.9999999999999999,0.256930693069307,1
1769786061.4421947,806.8459657701712,0.005,0.0,0.0,1.0,0.9999999999999999,0.2568459657701712,1
1769786061.4437315,806.7632850241547,0.005,0.0,0.0,1.0,0.9999999999999999,0.25676328502415474,1
1769786061.4452984,806.6825775656325,0.005,0.0,0.0,1.0,0.9999999999999999,0.25668257756563256,1
1769786061.4467952,806.6037735849056,0.005,0.0,0.0,1.0,0.9999999999999999,0.25660377358490566,1
1769786061.4482422,806.5268065268065,0.005,0.0,0.0,1.0,0.9999999999999999,0.25652680652680654,1
1769786061.4502366,806.4516129032259,0.005,0.0,0.0,1.0,0.9999999999999999,0.2564516129032259,1
1769786061.4519026,806.378132118451,0.005,0.0,0.0,1.0,0.9999999999999999,0.2563781321184511,1
1769786061.4534836,806.3063063063064,0.005,0.0,0.0,1.0,0.9999999999999999,0.2563063063063064,1
1769786061.4548345,806.2360801781737,0.005,0.0,0.0,1.0,0.9999999999999999,0.25623608017817373,1
1769786061.4562185,806.1674008810572,0.005,0.0,0.0,1.0,0.9999999999999999,0.2561674008810572,1
1769786061.4578667,806.1002178649238,0.005,0.0,0.0,1.0,0.9999999999999999,0.2561002178649238,1
1769786061.4596994,806.0344827586207,0.005,0.0,0.0,1.0,0.9999999999999999,0.2560344827586207,1
1769786061.4612758,805.9701492537314,0.005,0.0,0.0,1.0,0.9999999999999999,0.25597014925373146,1
1769786061.462641,805.9071729957806,0.005,0.0,0.0,1.0,0.9999999999999999,0.25590717299578064,1
1769786061.4639552,805.8455114822547,0.005,0.0,0.0,1.0,0.9999999999999999,0.2558455114822547,1
1769786061.4654899,805.7851239669421,0.005,0.0,0.0,1.0,0.9999999999999999,0.25578512396694214,1
1769786061.4671035,805.7259713701432,0.005,0.0,0.0,1.0,0.9999999999999999,0.25572597137014313,1
1769786061.4685802,805.668016194332,0.005,0.0,0.0,1.0,0.9999999999999999,0.25566801619433205,1
1769786061.4699538,805.6112224448898,0.005,0.0,0.0,1.0,0.9999999999999999,0.2556112224448898,1
1769786061.4713888,805.5555555555555,0.005,0.0,0.0,1.0,0.9999999999999999,0.2555555555555556,1
1769786061.4733605,805.5009823182711,0.005,0.0,0.0,1.0,0.9999999999999999,0.2555009823182712,1
1769786061.4749484,805.4474708171207,0.005,0.0,0.0,1.0,0.9999999999999999,0.25544747081712077,1
1769786061.476459,805.3949903660887,0.005,0.0,0.0,1.0,0.9999999999999999,0.25539499036608876,1
1769786061.477901,805.3435114503817,0.005,0.0,0.0,1.0,0.9999999999999999,0.25534351145038175,1
1769786061.4792166,805.2930056710775,0.005,0.0,0.0,1.0,0.9999999999999999,0.25529300567107754,1
1769786061.480692,805.2434456928839,0.005,0.0,0.0,1.0,0.9999999999999999,0.255243445692884,1
1769786061.482167,805.1948051948052,0.005,0.0,0.0,1.0,0.9999999999999999,0.25519480519480525,1
1769786061.4836931,805.1470588235295,0.005,0.0,0.0,1.0,0.9999999999999999,0.25514705882352956,1
1769786061.4851706,805.1001821493625,0.005,0.0,0.0,1.0,0.9999999999999999,0.25510018214936253,1
1769786061.4867766,805.0541516245487,0.005,0.0,0.0,1.0,0.9999999999999999,0.25505415162454875,1
1769786061.488295,805.0089445438283,0.005,0.0,0.0,1.0,0.9999999999999999,0.25500894454382833,1
1769786061.4900937,804.9645390070923,0.005,0.0,0.0,1.0,0.9999999999999999,0.2549645390070923,1
1769786061.491969,804.9209138840071,0.005,0.0,0.0,1.0,0.9999999999999999,0.2549209138840071,1
1769786061.4939547,804.8780487804878,0.005,0.0,0.0,1.0,0.9999999999999999,0.25487804878048786,1
1769786061.4956594,804.8359240069085,0.005,0.0,0.0,1.0,0.9999999999999999,0.2548359240069085,1
1769786061.497566,804.7945205479452,0.005,0.0,0.0,1.0,0.9999999999999999,0.2547945205479452,1
1769786061.4994457,804.7538200339559,0.005,0.0,0.0,1.0,0.9999999999999999,0.2547538200339559,1
1769786061.5011501,804.7138047138047,0.005,0.0,0.0,1.0,0.9999999999999999,0.2547138047138047,1
1769786061.5029433,804.6744574290484,0.005,0.0,0.0,1.0,0.9999999999999999,0.25467445742904843,1
1769786061.5045125,804.635761589404,0.005,0.0,0.0,1.0,0.9999999999999999,0.254635761589404,1
1769786061.5064807,804.5977011494253,0.005,0.0,0.0,1.0,0.9999999999999999,0.2545977011494254,1
1769786061.508072,804.5602605863193,0.005,0.0,0.0,1.0,0.9999999999999999,0.25456026058631925,1
1769786061.50951,804.5234248788369,0.005,0.0,0.0,1.0,0.9999999999999999,0.2545234248788369,1
1769786061.51091,804.4871794871794,0.005,0.0,0.0,1.0,0.9999999999999999,0.2544871794871795,1
1769786061.512399,804.4515103338633,0.005,0.0,0.0,1.0,0.9999999999999999,0.2544515103338633,1
1769786061.5139875,804.416403785489,0.005,0.0,0.0,1.0,0.9999999999999999,0.2544164037854891,1
1769786061.5155976,804.3818466353678,0.005,0.0,0.0,1.0,0.9999999999999999,0.25438184663536784,1
1769786061.5171936,804.3478260869566,0.005,0.0,0.0,1.0,0.9999999999999999,0.25434782608695666,1
1769786061.5187743,804.3143297380585,0.005,0.0,0.0,1.0,0.9999999999999999,0.2543143297380585,1
1769786061.5202641,804.2813455657492,0.005,0.0,0.0,1.0,0.9999999999999999,0.2542813455657493,1
1769786061.5218894,804.2488619119879,0.005,0.0,0.0,1.0,0.9999999999999999,0.25424886191198787,1
1769786061.5233335,804.2168674698795,0.005,0.0,0.0,1.0,0.9999999999999999,0.25421686746987954,1
1769786061.5247495,804.1853512705532,0.005,0.0,0.0,1.0,0.9999999999999999,0.25418535127055314,1
1769786061.5261178,804.1543026706231,0.005,0.0,0.0,1.0,0.9999999999999999,0.25415430267062317,1
1769786061.5275826,804.1237113402062,0.005,0.0,0.0,1.0,0.9999999999999999,0.2541237113402062,1
1769786061.5294127,804.093567251462,0.005,0.0,0.0,1.0,0.9999999999999999,0.254093567251462,1
1769786061.5311866,804.0638606676343,0.005,0.0,0.0,1.0,0.9999999999999999,0.25406386066763437,1
1769786061.5328877,804.0345821325649,0.005,0.0,0.0,1.0,0.9999999999999999,0.25403458213256486,1
1769786061.534622,804.005722460658,0.005,0.0,0.0,1.0,0.9999999999999999,0.25400572246065806,1
1769786061.536531,803.9772727272727,0.005,0.0,0.0,1.0,0.9999999999999999,0.25397727272727283,1
1769786061.5386665,803.9492242595205,0.005,0.0,0.0,1.0,0.9999999999999999,0.25394922425952055,1
1769786061.5404563,803.921568627451,0.005,0.0,0.0,1.0,0.9999999999999999,0.25392156862745113,1
1769786061.5420213,803.8942976356051,0.005,0.0,0.0,1.0,0.9999999999999999,0.25389429763560506,1
1769786061.54347,803.867403314917,0.005,0.0,0.0,1.0,0.9999999999999999,0.25386740331491703,1
1769786061.5451794,803.840877914952,0.005,0.0,0.0,1.0,0.9999999999999999,0.25384087791495197,1
1769786061.5468116,803.8147138964578,0.005,0.0,0.0,1.0,0.9999999999999999,0.25381471389645777,1
1769786061.5482717,803.7889039242219,0.005,0.0,0.0,1.0,0.9999999999999999,0.253788903924222,1
1769786061.5499005,803.7634408602152,0.005,0.0,0.0,1.0,0.9999999999999999,0.25376344086021513,1
1769786061.551298,803.7383177570093,0.005,0.0,0.0,1.0,0.9999999999999999,0.25373831775700934,1
1769786061.5527825,803.7135278514589,0.005,0.0,0.0,1.0,0.9999999999999999,0.253713527851459,1
1769786061.554301,803.6890645586298,0.005,0.0,0.0,1.0,0.9999999999999999,0.2536890645586298,1
1769786061.5556505,803.6649214659686,0.005,0.0,0.0,1.0,0.9999999999999999,0.2536649214659687,1
1769786061.5570593,803.6410923276984,0.005,0.0,0.0,1.0,0.9999999999999999,0.25364109232769844,1
1769786061.5584953,803.6175710594315,0.005,0.0,0.0,1.0,0.9999999999999999,0.25361757105943156,1
1769786061.5599883,803.594351732991,0.005,0.0,0.0,1.0,0.9999999999999999,0.253594351732991,1
1769786061.5614214,803.5714285714286,0.005,0.0,0.0,1.0,0.9999999999999999,0.2535714285714286,1
1769786061.5628672,803.5487959442332,0.005,0.0,0.0,1.0,0.9999999999999999,0.25354879594423324,1
1769786061.5645006,803.5264483627204,0.005,0.0,0.0,1.0,0.9999999999999999,0.2535264483627205,1
1769786061.565843,803.5043804755944,0.005,0.0,0.0,1.0,0.9999999999999999,0.2535043804755945,1
1769786061.5673277,803.4825870646767,0.005,0.0,0.0,1.0,0.9999999999999999,0.2534825870646768,1
1769786061.5688164,803.4610630407911,0.005,0.0,0.0,1.0,0.9999999999999999,0.25346106304079113,1
1769786061.570543,803.4398034398034,0.005,0.0,0.0,1.0,0.9999999999999999,0.2534398034398035,1
1769786061.5723603,803.4188034188035,0.005,0.0,0.0,1.0,0.9999999999999999,0.25341880341880346,1
1769786061.573944,803.3980582524272,0.005,0.0,0.0,1.0,0.9999999999999999,0.25339805825242717,1
1769786061.5753238,803.3775633293125,0.005,0.0,0.0,1.0,0.9999999999999999,0.25337756332931244,1
1769786061.5767267,803.3573141486811,0.005,0.0,0.0,1.0,0.9999999999999999,0.2533573141486812,1
1769786061.5783856,803.3373063170441,0.005,0.0,0.0,1.0,0.9999999999999999,0.25333730631704404,1
1769786061.5797539,803.3175355450237,0.005,0.0,0.0,1.0,0.9999999999999999,0.25331753554502373,1
1769786061.581205,803.2979976442874,0.005,0.0,0.0,1.0,0.9999999999999999,0.25329799764428745,1
1769786061.582539,803.2786885245903,0.005,0.0,0.0,1.0,0.9999999999999999,0.2532786885245903,1
1769786061.5838687,803.2596041909197,0.005,0.0,0.0,1.0,0.9999999999999999,0.2532596041909198,1
1769786061.5856154,803.2407407407406,0.005,0.0,0.0,1.0,0.9999999999999999,0.2532407407407407,1
1769786061.5872924,803.2220943613349,0.005,0.0,0.0,1.0,0.9999999999999999,0.25322209436133497,1
1769786061.5887945,803.2036613272311,0.005,0.0,0.0,1.0,0.9999999999999999,0.2532036613272311,1
1769786061.59015,803.1854379977248,0.005,0.0,0.0,1.0,0.9999999999999999,0.2531854379977248,1
1769786061.591558,803.1674208144797,0.005,0.0,0.0,1.0,0.9999999999999999,0.2531674208144797,1
1769786061.5932534,803.1496062992126,0.005,0.0,0.0,1.0,0.9999999999999999,0.2531496062992126,1
1769786061.5947056,803.1319910514542,0.005,0.0,0.0,1.0,0.9999999999999999,0.2531319910514542,1
1769786061.5961285,803.1145717463849,0.005,0.0,0.0,1.0,0.9999999999999999,0.2531145717463849,1
1769786061.5975614,803.0973451327434,0.005,0.0,0.0,1.0,0.9999999999999999,0.25309734513274346,1
1769786061.5990992,803.080308030803,0.005,0.0,0.0,1.0,0.9999999999999999,0.2530803080308031,1
1769786061.6006615,803.0634573304158,0.005,0.0,0.0,1.0,0.9999999999999999,0.25306345733041574,1
1769786061.6024065,803.0467899891187,0.005,0.0,0.0,1.0,0.9999999999999999,0.2530467899891187,1
1769786061.6038878,803.030303030303,0.005,0.0,0.0,1.0,0.9999999999999999,0.253030303030303,1
1769786061.6054268,803.0139935414425,0.005,0.0,0.0,1.0,0.9999999999999999,0.25301399354144244,1
1769786061.6069012,802.9978586723769,0.005,0.0,0.0,1.0,0.9999999999999999,0.25299785867237695,1
1769786061.608889,802.9818956336528,0.005,0.0,0.0,1.0,0.9999999999999999,0.25298189563365286,1
1769786061.6107655,802.9661016949153,0.005,0.0,0.0,1.0,0.9999999999999999,0.25296610169491535,1
1769786061.6122797,802.9504741833509,0.005,0.0,0.0,1.0,0.9999999999999999,0.252950474183351,1
1769786061.6137674,802.9350104821804,0.005,0.0,0.0,1.0,0.9999999999999999,0.2529350104821804,1
1769786061.6152873,802.9197080291971,0.005,0.0,0.0,1.0,0.9999999999999999,0.2529197080291971,1
1769786061.6172903,802.9045643153527,0.005,0.0,0.0,1.0,0.9999999999999999,0.25290456431535274,1
1769786061.6190999,802.889576883385,0.005,0.0,0.0,1.0,0.9999999999999999,0.25288957688338504,1
1769786061.620755,802.8747433264887,0.005,0.0,0.0,1.0,0.9999999999999999,0.2528747433264887,1
1769786061.6224942,802.8600612870276,0.005,0.0,0.0,1.0,0.9999999999999999,0.2528600612870277,1
1769786061.62414,802.8455284552846,0.005,0.0,0.0,1.0,0.9999999999999999,0.2528455284552846,1
1769786061.6257927,802.8311425682507,0.005,0.0,0.0,1.0,0.9999999999999999,0.25283114256825073,1
1769786061.627331,802.8169014084507,0.005,0.0,0.0,1.0,0.9999999999999999,0.25281690140845076,1
1769786061.6289895,802.8028028028028,0.005,0.0,0.0,1.0,0.9999999999999999,0.2528028028028028,1
1769786061.6847115,0.0,0.0,0.0,0.0,1.0,0.0,0.0,1
1769786061.6871736,1304.597494453447,0.004017606572,0.0,0.0,1.0,0.9999999999999999,0.8528368372534469,1
1769786061.6890864,1111.111111111111,0.005,0.0,0.0,1.0,0.9999999999999999,0.5611111111111111,1
1769786061.690928,1000.0000000000001,0.005,0.0,0.0,1.0,0.9999999999999999,0.45000000000000023,1
1769786061.692616,947.3684210526316,0.005,0.0,0.0,1.0,0.9999999999999999,0.39736842105263154,1
1769786061.6941142,916.6666666666667,0.005,0.0,0.0,1.0,0.9999999999999999,0.36666666666666675,1
1769786061.6957128,896.551724137931,0.005,0.0,0.0,1.0,0.9999999999999999,0.34655172413793106,1
1769786061.6978817,882.3529411764707,0.005,0.0,0.0,1.0,0.9999999999999999,0.3323529411764708,1
1769786061.6995585,871.7948717948717,0.005,0.0,0.0,1.0,0.9999999999999999,0.3217948717948717,1
1769786061.7010906,863.6363636363636,0.005,0.0,0.0,1.0,0.9999999999999999,0.31363636363636366,1
1769786061.7027369,857.1428571428571,0.005,0.0,0.0,1.0,0.9999999999999999,0.3071428571428571,1
1769786061.7042317,851.8518518518518,0.005,0.0,0.0,1.0,0.9999999999999999,0.30185185185185187,1
1769786061.70593,847.4576271186442,0.005,0.0,0.0,1.0,0.9999999999999999,0.29745762711864415,1
1769786061.7074878,843.75,0.005,0.0,0.0,1.0,0.9999999999999999,0.29375,1
1769786061.709141,840.5797101449276,0.005,0.0,0.0,1.0,0.9999999999999999,0.2905797101449276,1
1769786061.7109597,837.8378378378378,0.005,0.0,0.0,1.0,0.9999999999999999,0.28783783783783784,1
1769786061.7130854,835.4430379746835,0.005,0.0,0.0,1.0,0.9999999999999999,0.28544303797468357,1
1769786061.7148678,833.3333333333334,0.005,0.0,0.0,1.0,0.9999999999999999,0.2833333333333334,1
1769786061.7165484,831.4606741573034,0.005,0.0,0.0,1.0,0.9999999999999999,0.2814606741573034,1
1769786061.7181778,829.7872340425532,0.005,0.0,0.0,1.0,0.9999999999999999,0.2797872340425533,1
1769786061.719693,828.2828282828283,0.005,0.0,0.0,1.0,0.9999999999999999,0.2782828282828283,1
1769786061.7216046,826.9230769230769,0.005,0.0,0.0,1.0,0.9999999999999999,0.2769230769230769,1
1769786061.723692,825.6880733944954,0.005,0.0,0.0,1.0,0.9999999999999999,0.27568807339449547,1
1769786061.7256424,824.561403508772,0.005,0.0,0.0,1.0,0.9999999999999999,0.27456140350877195,1
1769786061.7272842,823.529411764706,0.005,0.0,0.0,1.0,0.9999999999999999,0.27352941176470597,1
1769786061.7291367,822.5806451612904,0.005,0.0,0.0,1.0,0.9999999999999999,0.2725806451612904,1
1769786061.7308338,821.7054263565891,0.005,0.0,0.0,1.0,0.9999999999999999,0.2717054263565892,1
1769786061.732539,820.8955223880597,0.005,0.0,0.0,1.0,0.9999999999999999,0.27089552238805975,1
1769786061.7343524,820.1438848920864,0.005,0.0,0.0,1.0,0.9999999999999999,0.27014388489208635,1
1769786061.73592,819.4444444444445,0.005,0.0,0.0,1.0,0.9999999999999999,0.26944444444444443,1
1769786061.737666,818.7919463087248,0.005,0.0,0.0,1.0,0.9999999999999999,0.2687919463087249,1
1769786061.7392633,818.1818181818181,0.005,0.0,0.0,1.0,0.9999999999999999,0.26818181818181813,1
1769786061.7410192,817.6100628930818,0.005,0.0,0.0,1.0,0.9999999999999999,0.2676100628930818,1
1769786061.7427485,817.0731707317074,0.005,0.0,0.0,1.0,0.9999999999999999,0.2670731707317074,1
1769786061.7442741,816.5680473372781,0.005,0.0,0.0,1.0,0.9999999999999999,0.2665680473372782,1
1769786061.7462804,816.0919540229885,0.005,0.0,0.0,1.0,0.9999999999999999,0.2660919540229885,1
1769786061.7479322,815.6424581005587,0.005,0.0,0.0,1.0,0.9999999999999999,0.2656424581005587,1
1769786061.7495263,815.2173913043479,0.005,0.0,0.0,1.0,0.9999999999999999,0.2652173913043479,1
1769786061.7510934,814.8148148148149,0.005,0.0,0.0,1.0,0.9999999999999999,0.2648148148148149,1
1769786061.7529206,814.4329896907217,0.005,0.0,0.0,1.0,0.9999999999999999,0.26443298969072176,1
1769786061.7547321,814.070351758794,0.005,0.0,0.0,1.0,0.9999999999999999,0.26407035175879406,1
1769786061.7563646,813.7254901960785,0.005,0.0,0.0,1.0,0.9999999999999999,0.26372549019607844,1
1769786061.7580822,813.3971291866029,0.005,0.0,0.0,1.0,0.9999999999999999,0.2633971291866029,1
1769786061.7595878,813.0841121495326,0.005,0.0,0.0,1.0,0.9999999999999999,0.2630841121495327,1
1769786061.7614064,812.7853881278539,0.005,0.0,0.0,1.0,0.9999999999999999,0.26278538812785396,1
1769786061.7631633,812.5000000000001,0.005,0.0,0.0,1.0,0.9999999999999999,0.2625000000000001,1
1769786061.7657688,812.2270742358079,0.005,0.0,0.0,1.0,0.9999999999999999,0.2622270742358079,1
1769786061.7675362,811.965811965812,0.005,0.0,0.0,1.0,0.9999999999999999,0.2619658119658121,1
1769786061.7695115,811.715481171548,0.005,0.0,0.0,1.0,0.9999999999999999,0.261715481171548,1
1769786061.771265,811.4754098360656,0.005,0.0,0.0,1.0,0.9999999999999999,0.2614754098360657,1
1769786061.773096,811.2449799196788,0.005,0.0,0.0,1.0,0.9999999999999999,0.2612449799196788,1
1769786061.77483,811.0236220472441,0.005,0.0,0.0,1.0,0.9999999999999999,0.2610236220472441,1
1769786061.7769141,810.8108108108108,0.005,0.0,0.0,1.0,0.9999999999999999,0.26081081081081087,1
1769786061.779015,810.6060606060606,0.005,0.0,0.0,1.0,0.9999999999999999,0.2606060606060607,1
1769786061.7808216,810.4089219330855,0.005,0.0,0.0,1.0,0.9999999999999999,0.26040892193308546,1
1769786061.7824624,810.2189781021898,0.005,0.0,0.0,1.0,0.9999999999999999,0.2602189781021898,1
1769786061.7842646,810.0358422939069,0.005,0.0,0.0,1.0,0.9999999999999999,0.2600358422939069,1
1769786061.7858458,809.8591549295775,0.005,0.0,0.0,1.0,0.9999999999999999,0.2598591549295775,1
1769786061.7872224,809.6885813148789,0.005,0.0,0.0,1.0,0.9999999999999999,0.2596885813148789,1
1769786061.788671,809.5238095238095,0.005,0.0,0.0,1.0,0.9999999999999999,0.25952380952380955,1
1769786061.790197,809.3645484949833,0.005,0.0,0.0,1.0,0.9999999999999999,0.2593645484949833,1
1769786061.7920084,809.2105263157895,0.005,0.0,0.0,1.0,0.9999999999999999,0.2592105263157895,1
1769786061.794256,809.0614886731393,0.005,0.0,0.0,1.0,0.9999999999999999,0.25906148867313933,1
1769786061.7959838,808.9171974522293,0.005,0.0,0.0,1.0,0.9999999999999999,0.25891719745222935,1
1769786061.7976074,808.7774294670846,0.005,0.0,0.0,1.0,0.9999999999999999,0.25877742946708465,1
1769786061.7994647,808.641975308642,0.005,0.0,0.0,1.0,0.9999999999999999,0.258641975308642,1
1769786061.8014374,808.5106382978723,0.005,0.0,0.0,1.0,0.9999999999999999,0.2585106382978724,1
1769786061.8031213,808.3832335329341,0.005,0.0,0.0,1.0,0.9999999999999999,0.2583832335329342,1
1769786061.8046556,808.259587020649,0.005,0.0,0.0,1.0,0.9999999999999999,0.25825958702064894,1
1769786061.8061016,808.1395348837209,0.005,0.0,0.0,1.0,0.9999999999999999,0.25813953488372093,1
1769786061.807701,808.0229226361032,0.005,0.0,0.0,1.0,0.9999999999999999,0.2580229226361032,1
1769786061.8094664,807.909604519774,0.005,0.0,0.0,1.0,0.9999999999999999,0.257909604519774,1
1769786061.8110387,807.799442896936,0.005,0.0,0.0,1.0,0.9999999999999999,0.25779944289693596,1
1769786061.8128366,807.6923076923076,0.005,0.0,0.0,1.0,0.9999999999999999,0.2576923076923076,1
1769786061.8143795,807.5880758807588,0.005,0.0,0.0,1.0,0.9999999999999999,0.25758807588075877,1
1769786061.8158658,807.4866310160428,0.005,0.0,0.0,1.0,0.9999999999999999,0.2574866310160428,1
1769786061.8177454,807.3878627968338,0.005,0.0,0.0,1.0,0.9999999999999999,0.25738786279683384,1
1769786061.8191822,807.2916666666667,0.005,0.0,0.0,1.0,0.9999999999999999,0.25729166666666675,1
1769786061.8205664,807.1979434447301,0.005,0.0,0.0,1.0,0.9999999999999999,0.25719794344473007,1
1769786061.821884,807.1065989847716,0.005,0.0,0.0,1.0,0.9999999999999999,0.2571065989847717,1
1769786061.8232353,807.0175438596492,0.005,0.0,0.0,1.0,0.9999999999999999,0.2570175438596492,1
1769786061.825296,806.9306930693069,0.005,0.0,0.0,1.0,0.9999999999999999,0.256930693069307,1
1769786061.827085,806.8459657701712,0.005,0.0,0.0,1.0,0.9999999999999999,0.2568459657701712,1
1769786061.8287358,806.7632850241547,0.005,0.0,0.0,1.0,0.9999999999999999,0.25676328502415474,1
1769786061.8303576,806.6825775656325,0.005,0.0,0.0,1.0,0.9999999999999999,0.25668257756563256,1
1769786061.8325953,806.6037735849056,0.005,0.0,0.0,1.0,0.9999999999999999,0.25660377358490566,1
1769786061.8341804,806.5268065268065,0.005,0.0,0.0,1.0,0.9999999999999999,0.25652680652680654,1
1769786061.8355272,806.4516129032259,0.005,0.0,0.0,1.0,0.9999999999999999,0.2564516129032259,1
1769786061.8369422,806.378132118451,0.005,0.0,0.0,1.0,0.9999999999999999,0.2563781321184511,1
1769786061.8382933,806.3063063063064,0.005,0.0,0.0,1.0,0.9999999999999999,0.2563063063063064,1
1769786061.8398585,806.2360801781737,0.005,0.0,0.0,1.0,0.9999999999999999,0.25623608017817373,1
1769786061.8415055,806.1674008810572,0.005,0.0,0.0,1.0,0.9999999999999999,0.2561674008810572,1
1769786061.8430412,806.1002178649238,0.005,0.0,0.0,1.0,0.9999999999999999,0.2561002178649238,1
1769786061.844823,806.0344827586207,0.005,0.0,0.0,1.0,0.9999999999999999,0.2560344827586207,1
1769786061.8464556,805.9701492537314,0.005,0.0,0.0,1.0,0.9999999999999999,0.25597014925373146,1
1769786061.848254,805.9071729957806,0.005,0.0,0.0,1.0,0.9999999999999999,0.25590717299578064,1
1769786061.8499017,805.8455114822547,0.005,0.0,0.0,1.0,0.9999999999999999,0.2558455114822547,1
1769786061.85144,805.7851239669421,0.005,0.0,0.0,1.0,0.9999999999999999,0.25578512396694214,1
1769786061.8529809,805.7259713701432,0.005,0.0,0.0,1.0,0.9999999999999999,0.25572597137014313,1
1769786061.8545873,805.668016194332,0.005,0.0,0.0,1.0,0.9999999999999999,0.25566801619433205,1
1769786061.8561716,805.6112224448898,0.005,0.0,0.0,1.0,0.9999999999999999,0.2556112224448898,1
1769786061.8578072,805.5555555555555,0.005,0.0,0.0,1.0,0.9999999999999999,0.2555555555555556,1
1769786061.8593507,805.5009823182711,0.005,0.0,0.0,1.0,0.9999999999999999,0.2555009823182712,1
1769786061.8608778,805.4474708171207,0.005,0.0,0.0,1.0,0.9999999999999999,0.25544747081712077,1
1769786061.8622615,805.3949903660887,0.005,0.0,0.0,1.0,0.9999999999999999,0.25539499036608876,1
1769786061.863835,805.3435114503817,0.005,0.0,0.0,1.0,0.9999999999999999,0.25534351145038175,1
1769786061.8653486,805.2930056710775,0.005,0.0,0.0,1.0,0.9999999999999999,0.25529300567107754,1
1769786061.8667805,805.2434456928839,0.005,0.0,0.0,1.0,0.9999999999999999,0.255243445692884,1
1769786061.8682196,805.1948051948052,0.005,0.0,0.0,1.0,0.9999999999999999,0.25519480519480525,1
1769786061.8697176,805.1470588235295,0.005,0.0,0.0,1.0,0.9999999999999999,0.25514705882352956,1
1769786061.8713067,805.1001821493625,0.005,0.0,0.0,1.0,0.9999999999999999,0.25510018214936253,1
1769786061.8729906,805.0541516245487,0.005,0.0,0.0,1.0,0.9999999999999999,0.25505415162454875,1
1769786061.8745213,805.0089445438283,0.005,0.0,0.0,1.0,0.9999999999999999,0.25500894454382833,1
1769786061.8760352,804.9645390070923,0.005,0.0,0.0,1.0,0.9999999999999999,0.2549645390070923,1
1769786061.8776205,804.9209138840071,0.005,0.0,0.0,1.0,0.9999999999999999,0.2549209138840071,1
1769786061.8791337,804.8780487804878,0.005,0.0,0.0,1.0,0.9999999999999999,0.25487804878048786,1
1769786061.880607,804.8359240069085,0.005,0.0,0.0,1.0,0.9999999999999999,0.2548359240069085,1
1769786061.8819187,804.7945205479452,0.005,0.0,0.0,1.0,0.9999999999999999,0.2547945205479452,1
1769786061.883247,804.7538200339559,0.005,0.0,0.0,1.0,0.9999999999999999,0.2547538200339559,1
1769786061.8845623,804.7138047138047,0.005,0.0,0.0,1.0,0.9999999999999999,0.2547138047138047,1
1769786061.8860528,804.6744574290484,0.005,0.0,0.0,1.0,0.9999999999999999,0.25467445742904843,1
1769786061.8878126,804.635761589404,0.005,0.0,0.0,1.0,0.9999999999999999,0.254635761589404,1
1769786061.8893957,804.5977011494253,0.005,0.0,0.0,1.0,0.9999999999999999,0.2545977011494254,1
1769786061.8908494,804.5602605863193,0.005,0.0,0.0,1.0,0.9999999999999999,0.25456026058631925,1
1769786061.8922758,804.5234248788369,0.005,0.0,0.0,1.0,0.9999999999999999,0.2545234248788369,1
1769786061.893709,804.4871794871794,0.005,0.0,0.0,1.0,0.9999999999999999,0.2544871794871795,1
1769786061.8952615,804.4515103338633,0.005,0.0,0.0,1.0,0.9999999999999999,0.2544515103338633,1
1769786061.8968647,804.416403785489,0.005,0.0,0.0,1.0,0.9999999999999999,0.2544164037854891,1
1769786061.8983114,804.3818466353678,0.005,0.0,0.0,1.0,0.9999999999999999,0.25438184663536784,1
1769786061.8998058,804.3478260869566,0.005,0.0,0.0,1.0,0.9999999999999999,0.25434782608695666,1
1769786061.9017067,804.3143297380585,0.005,0.0,0.0,1.0,0.9999999999999999,0.2543143297380585,1
1769786061.9033725,804.2813455657492,0.005,0.0,0.0,1.0,0.9999999999999999,0.2542813455657493,1
1769786061.9049091,804.2488619119879,0.005,0.0,0.0,1.0,0.9999999999999999,0.25424886191198787,1
1769786061.9062448,804.2168674698795,0.005,0.0,0.0,1.0,0.9999999999999999,0.25421686746987954,1
1769786061.9075725,804.1853512705532,0.005,0.0,0.0,1.0,0.9999999999999999,0.25418535127055314,1
1769786061.9090617,804.1543026706231,0.005,0.0,0.0,1.0,0.9999999999999999,0.25415430267062317,1
1769786061.9105866,804.1237113402062,0.005,0.0,0.0,1.0,0.9999999999999999,0.2541237113402062,1
1769786061.9120002,804.093567251462,0.005,0.0,0.0,1.0,0.9999999999999999,0.254093567251462,1
1769786061.9134781,804.0638606676343,0.005,0.0,0.0,1.0,0.9999999999999999,0.25406386066763437,1
1769786061.9147978,804.0345821325649,0.005,0.0,0.0,1.0,0.9999999999999999,0.25403458213256486,1
1769786061.9163494,804.005722460658,0.005,0.0,0.0,1.0,0.9999999999999999,0.25400572246065806,1
1769786061.9177902,803.9772727272727,0.005,0.0,0.0,1.0,0.9999999999999999,0.25397727272727283,1
1769786061.9191923,803.9492242595205,0.005,0.0,0.0,1.0,0.9999999999999999,0.25394922425952055,1
1769786061.92055,803.921568627451,0.005,0.0,0.0,1.0,0.9999999999999999,0.25392156862745113,1
1769786061.9218493,803.8942976356051,0.005,0.0,0.0,1.0,0.9999999999999999,0.25389429763560506,1
1769786061.9231513,803.867403314917,0.005,0.0,0.0,1.0,0.9999999999999999,0.25386740331491703,1
1769786061.9244661,803.840877914952,0.005,0.0,0.0,1.0,0.9999999999999999,0.25384087791495197,1
1769786061.925795,803.8147138964578,0.005,0.0,0.0,1.0,0.9999999999999999,0.25381471389645777,1
1769786061.9274125,803.7889039242219,0.005,0.0,0.0,1.0,0.9999999999999999,0.253788903924222,1
1769786061.9289165,803.7634408602152,0.005,0.0,0.0,1.0,0.9999999999999999,0.25376344086021513,1
1769786061.9303906,803.7383177570093,0.005,0.0,0.0,1.0,0.9999999999999999,0.25373831775700934,1
1769786061.931928,803.7135278514589,0.005,0.0,0.0,1.0,0.9999999999999999,0.253713527851459,1
1769786061.9334314,803.6890645586298,0.005,0.0,0.0,1.0,0.9999999999999999,0.2536890645586298,1
1769786061.9349227,803.6649214659686,0.005,0.0,0.0,1.0,0.9999999999999999,0.2536649214659687,1
1769786061.9364235,803.6410923276984,0.005,0.0,0.0,1.0,0.9999999999999999,0.25364109232769844,1
1769786061.9378138,803.6175710594315,0.005,0.0,0.0,1.0,0.9999999999999999,0.25361757105943156,1
1769786061.9392078,803.594351732991,0.005,0.0,0.0,1.0,0.9999999999999999,0.253594351732991,1
1769786061.940633,803.5714285714286,0.005,0.0,0.0,1.0,0.9999999999999999,0.2535714285714286,1
1769786061.9421494,803.5487959442332,0.005,0.0,0.0,1.0,0.9999999999999999,0.25354879594423324,1
1769786061.9436457,803.5264483627204,0.005,0.0,0.0,1.0,0.9999999999999999,0.2535264483627205,1
1769786061.9453034,803.5043804755944,0.005,0.0,0.0,1.0,0.9999999999999999,0.2535043804755945,1
1769786061.9466505,803.4825870646767,0.005,0.0,0.0,1.0,0.9999999999999999,0.2534825870646768,1
1769786061.9481044,803.4610630407911,0.005,0.0,0.0,1.0,0.9999999999999999,0.25346106304079113,1
1769786061.9495366,803.4398034398034,0.005,0.0,0.0,1.0,0.9999999999999999,0.2534398034398035,1
1769786061.9510376,803.4188034188035,0.005,0.0,0.0,1.0,0.9999999999999999,0.25341880341880346,1
1769786061.9524693,803.3980582524272,0.005,0.0,0.0,1.0,0.9999999999999999,0.25339805825242717,1
1769786061.9540467,803.3775633293125,0.005,0.0,0.0,1.0,0.9999999999999999,0.25337756332931244,1
1769786061.9553623,803.3573141486811,0.005,0.0,0.0,1.0,0.9999999999999999,0.2533573141486812,1
1769786061.9569528,803.3373063170441,0.005,0.0,0.0,1.0,0.9999999999999999,0.25333730631704404,1
1769786061.9584355,803.3175355450237,0.005,0.0,0.0,1.0,0.9999999999999999,0.25331753554502373,1
1769786061.960124,803.2979976442874,0.005,0.0,0.0,1.0,0.9999999999999999,0.25329799764428745,1
1769786061.9621665,803.2786885245903,0.005,0.0,0.0,1.0,0.9999999999999999,0.2532786885245903,1
1769786061.964274,803.2596041909197,0.005,0.0,0.0,1.0,0.9999999999999999,0.2532596041909198,1
1769786061.9661858,803.2407407407406,0.005,0.0,0.0,1.0,0.9999999999999999,0.2532407407407407,1
1769786061.9677658,803.2220943613349,0.005,0.0,0.0,1.0,0.9999999999999999,0.25322209436133497,1
1769786061.9693255,803.2036613272311,0.005,0.0,0.0,1.0,0.9999999999999999,0.2532036613272311,1
1769786061.9707282,803.1854379977248,0.005,0.0,0.0,1.0,0.9999999999999999,0.2531854379977248,1
1769786061.9721184,803.1674208144797,0.005,0.0,0.0,1.0,0.9999999999999999,0.2531674208144797,1
1769786061.973824,803.1496062992126,0.005,0.0,0.0,1.0,0.9999999999999999,0.2531496062992126,1
1769786061.9756005,803.1319910514542,0.005,0.0,0.0,1.0,0.9999999999999999,0.2531319910514542,1
1769786061.9770973,803.1145717463849,0.005,0.0,0.0,1.0,0.9999999999999999,0.2531145717463849,1
1769786061.9784844,803.0973451327434,0.005,0.0,0.0,1.0,0.9999999999999999,0.25309734513274346,1
1769786061.979777,803.080308030803,0.005,0.0,0.0,1.0,0.9999999999999999,0.2530803080308031,1
1769786061.9813268,803.0634573304158,0.005,0.0,0.0,1.0,0.9999999999999999,0.25306345733041574,1
1769786061.9833198,803.0467899891187,0.005,0.0,0.0,1.0,0.9999999999999999,0.2530467899891187,1
1769786061.9849608,803.030303030303,0.005,0.0,0.0,1.0,0.9999999999999999,0.253030303030303,1
1769786061.9864385,803.0139935414425,0.005,0.0,0.0,1.0,0.9999999999999999,0.25301399354144244,1
1769786061.9879081,802.9978586723769,0.005,0.0,0.0,1.0,0.9999999999999999,0.25299785867237695,1
1769786061.9895291,802.9818956336528,0.005,0.0,0.0,1.0,0.9999999999999999,0.25298189563365286,1
1769786061.9909594,802.9661016949153,0.005,0.0,0.0,1.0,0.9999999999999999,0.25296610169491535,1
1769786061.9923532,802.9504741833509,0.005,0.0,0.0,1.0,0.9999999999999999,0.252950474183351,1
1769786061.9937894,802.9350104821804,0.005,0.0,0.0,1.0,0.9999999999999999,0.2529350104821804,1
1769786061.9951928,802.9197080291971,0.005,0.0,0.0,1.0,0.9999999999999999,0.2529197080291971,1
1769786061.9967299,802.9045643153527,0.005,0.0,0.0,1.0,0.9999999999999999,0.25290456431535274,1
1769786061.9983716,802.889576883385,0.005,0.0,0.0,1.0,0.9999999999999999,0.25288957688338504,1
1769786062.0000563,802.8747433264887,0.005,0.0,0.0,1.0,0.9999999999999999,0.2528747433264887,1
1769786062.0019367,802.8600612870276,0.005,0.0,0.0,1.0,0.9999999999999999,0.2528600612870277,1
1769786062.0039303,802.8455284552846,0.005,0.0,0.0,1.0,0.9999999999999999,0.2528455284552846,1
1769786062.0062408,802.8311425682507,0.005,0.0,0.0,1.0,0.9999999999999999,0.25283114256825073,1
1769786062.0081675,802.8169014084507,0.005,0.0,0.0,1.0,0.9999999999999999,0.25281690140845076,1
1769786062.0103128,802.8028028028028,0.005,0.0,0.0,1.0,0.9999999999999999,0.2528028028028028,1
1769786062.0640333,0.0,0.0,0.0,0.0,1.0,0.0,0.0,1
1769786062.06633,1254.1909890229833,0.004320792407,0.0,0.0,1.0,0.9999999999999999,0.7721117483229833,1
1769786062.0680978,1111.111111111111,0.005,0.0,0.0,1.0,0.9999999999999999,0.5611111111111111,1
1769786062.069913,1000.0000000000001,0.005,0.0,0.0,1.0,0.9999999999999999,0.45000000000000023,1
1769786062.0717232,947.3684210526316,0.005,0.0,0.0,1.0,0.9999999999999999,0.39736842105263154,1
1769786062.073189,916.6666666666667,0.005,0.0,0.0,1.0,0.9999999999999999,0.36666666666666675,1
1769786062.074493,896.551724137931,0.005,0.0,0.0,1.0,0.9999999999999999,0.34655172413793106,1
1769786062.0759737,882.3529411764707,0.005,0.0,0.0,1.0,0.9999999999999999,0.3323529411764708,1
1769786062.0781212,871.7948717948717,0.005,0.0,0.0,1.0,0.9999999999999999,0.3217948717948717,1
1769786062.079717,863.6363636363636,0.005,0.0,0.0,1.0,0.9999999999999999,0.31363636363636366,1
1769786062.0811665,857.1428571428571,0.005,0.0,0.0,1.0,0.9999999999999999,0.3071428571428571,1
1769786062.08251,851.8518518518518,0.005,0.0,0.0,1.0,0.9999999999999999,0.30185185185185187,1
1769786062.0841587,847.4576271186442,0.005,0.0,0.0,1.0,0.9999999999999999,0.29745762711864415,1
1769786062.0856595,843.75,0.005,0.0,0.0,1.0,0.9999999999999999,0.29375,1
1769786062.0872786,840.5797101449276,0.005,0.0,0.0,1.0,0.9999999999999999,0.2905797101449276,1
1769786062.088775,837.8378378378378,0.005,0.0,0.0,1.0,0.9999999999999999,0.28783783783783784,1
1769786062.090165,835.4430379746835,0.005,0.0,0.0,1.0,0.9999999999999999,0.28544303797468357,1
1769786062.091802,833.3333333333334,0.005,0.0,0.0,1.0,0.9999999999999999,0.2833333333333334,1
1769786062.0936837,831.4606741573034,0.005,0.0,0.0,1.0,0.9999999999999999,0.2814606741573034,1
1769786062.0952845,829.7872340425532,0.005,0.0,0.0,1.0,0.9999999999999999,0.2797872340425533,1
1769786062.0968537,828.2828282828283,0.005,0.0,0.0,1.0,0.9999999999999999,0.2782828282828283,1
1769786062.098272,826.9230769230769,0.005,0.0,0.0,1.0,0.9999999999999999,0.2769230769230769,1
1769786062.1000047,825.6880733944954,0.005,0.0,0.0,1.0,0.9999999999999999,0.27568807339449547,1
1769786062.101689,824.561403508772,0.005,0.0,0.0,1.0,0.9999999999999999,0.27456140350877195,1
1769786062.1031892,823.529411764706,0.005,0.0,0.0,1.0,0.9999999999999999,0.27352941176470597,1
1769786062.1051214,822.5806451612904,0.005,0.0,0.0,1.0,0.9999999999999999,0.2725806451612904,1
1769786062.1069465,821.7054263565891,0.005,0.0,0.0,1.0,0.9999999999999999,0.2717054263565892,1
1769786062.1089556,820.8955223880597,0.005,0.0,0.0,1.0,0.9999999999999999,0.27089552238805975,1
1769786062.1108427,820.1438848920864,0.005,0.0,0.0,1.0,0.9999999999999999,0.27014388489208635,1
1769786062.1129134,819.4444444444445,0.005,0.0,0.0,1.0,0.9999999999999999,0.26944444444444443,1
1769786062.114808,818.7919463087248,0.005,0.0,0.0,1.0,0.9999999999999999,0.2687919463087249,1
1769786062.1166334,818.1818181818181,0.005,0.0,0.0,1.0,0.9999999999999999,0.26818181818181813,1
1769786062.1182628,817.6100628930818,0.005,0.0,0.0,1.0,0.9999999999999999,0.2676100628930818,1
1769786062.1198828,817.0731707317074,0.005,0.0,0.0,1.0,0.9999999999999999,0.2670731707317074,1
1769786062.1218243,816.5680473372781,0.005,0.0,0.0,1.0,0.9999999999999999,0.2665680473372782,1
1769786062.1237571,816.0919540229885,0.005,0.0,0.0,1.0,0.9999999999999999,0.2660919540229885,1
1769786062.125484,815.6424581005587,0.005,0.0,0.0,1.0,0.9999999999999999,0.2656424581005587,1
1769786062.126985,815.2173913043479,0.005,0.0,0.0,1.0,0.9999999999999999,0.2652173913043479,1
1769786062.1283946,814.8148148148149,0.005,0.0,0.0,1.0,0.9999999999999999,0.2648148148148149,1
1769786062.1299303,814.4329896907217,0.005,0.0,0.0,1.0,0.9999999999999999,0.26443298969072176,1
1769786062.1316245,814.070351758794,0.005,0.0,0.0,1.0,0.9999999999999999,0.26407035175879406,1
1769786062.1331978,813.7254901960785,0.005,0.0,0.0,1.0,0.9999999999999999,0.26372549019607844,1
1769786062.1348474,813.3971291866029,0.005,0.0,0.0,1.0,0.9999999999999999,0.2633971291866029,1
1769786062.1370797,813.0841121495326,0.005,0.0,0.0,1.0,0.9999999999999999,0.2630841121495327,1
1769786062.1393511,812.7853881278539,0.005,0.0,0.0,1.0,0.9999999999999999,0.26278538812785396,1
1769786062.1419308,812.5000000000001,0.005,0.0,0.0,1.0,0.9999999999999999,0.2625000000000001,1
1769786062.1438217,812.2270742358079,0.005,0.0,0.0,1.0,0.9999999999999999,0.2622270742358079,1
1769786062.1465106,811.965811965812,0.005,0.0,0.0,1.0,0.9999999999999999,0.2619658119658121,1
1769786062.1483374,811.715481171548,0.005,0.0,0.0,1.0,0.9999999999999999,0.261715481171548,1
1769786062.1502638,811.4754098360656,0.005,0.0,0.0,1.0,0.9999999999999999,0.2614754098360657,1
1769786062.1516528,811.2449799196788,0.005,0.0,0.0,1.0,0.9999999999999999,0.2612449799196788,1
1769786062.1530278,811.0236220472441,0.005,0.0,0.0,1.0,0.9999999999999999,0.2610236220472441,1
1769786062.1543567,810.8108108108108,0.005,0.0,0.0,1.0,0.9999999999999999,0.26081081081081087,1
1769786062.1558297,810.6060606060606,0.005,0.0,0.0,1.0,0.9999999999999999,0.2606060606060607,1
1769786062.157498,810.4089219330855,0.005,0.0,0.0,1.0,0.9999999999999999,0.26040892193308546,1
1769786062.1591864,810.2189781021898,0.005,0.0,0.0,1.0,0.9999999999999999,0.2602189781021898,1
1769786062.1607423,810.0358422939069,0.005,0.0,0.0,1.0,0.9999999999999999,0.2600358422939069,1
1769786062.1621873,809.8591549295775,0.005,0.0,0.0,1.0,0.9999999999999999,0.2598591549295775,1
1769786062.1641352,809.6885813148789,0.005,0.0,0.0,1.0,0.9999999999999999,0.2596885813148789,1
1769786062.1659124,809.5238095238095,0.005,0.0,0.0,1.0,0.9999999999999999,0.25952380952380955,1
1769786062.1674037,809.3645484949833,0.005,0.0,0.0,1.0,0.9999999999999999,0.2593645484949833,1
1769786062.1688337,809.2105263157895,0.005,0.0,0.0,1.0,0.9999999999999999,0.2592105263157895,1
1769786062.1701767,809.0614886731393,0.005,0.0,0.0,1.0,0.9999999999999999,0.25906148867313933,1
1769786062.1723783,808.9171974522293,0.005,0.0,0.0,1.0,0.9999999999999999,0.25891719745222935,1
1769786062.1739037,808.7774294670846,0.005,0.0,0.0,1.0,0.9999999999999999,0.25877742946708465,1
1769786062.175353,808.641975308642,0.005,0.0,0.0,1.0,0.9999999999999999,0.258641975308642,1
1769786062.1767695,808.5106382978723,0.005,0.0,0.0,1.0,0.9999999999999999,0.2585106382978724,1
1769786062.1780856,808.3832335329341,0.005,0.0,0.0,1.0,0.9999999999999999,0.2583832335329342,1
1769786062.1800222,808.259587020649,0.005,0.0,0.0,1.0,0.9999999999999999,0.25825958702064894,1
1769786062.1816049,808.1395348837209,0.005,0.0,0.0,1.0,0.9999999999999999,0.25813953488372093,1
1769786062.183166,808.0229226361032,0.005,0.0,0.0,1.0,0.9999999999999999,0.2580229226361032,1
1769786062.1845465,807.909604519774,0.005,0.0,0.0,1.0,0.9999999999999999,0.257909604519774,1
1769786062.1859384,807.799442896936,0.005,0.0,0.0,1.0,0.9999999999999999,0.25779944289693596,1
1769786062.187616,807.6923076923076,0.005,0.0,0.0,1.0,0.9999999999999999,0.2576923076923076,1
1769786062.1890154,807.5880758807588,0.005,0.0,0.0,1.0,0.9999999999999999,0.25758807588075877,1
1769786062.1905475,807.4866310160428,0.005,0.0,0.0,1.0,0.9999999999999999,0.2574866310160428,1
1769786062.191969,807.3878627968338,0.005,0.0,0.0,1.0,0.9999999999999999,0.25738786279683384,1
1769786062.1933134,807.2916666666667,0.005,0.0,0.0,1.0,0.9999999999999999,0.25729166666666675,1
1769786062.1947484,807.1979434447301,0.005,0.0,0.0,1.0,0.9999999999999999,0.25719794344473007,1
1769786062.19612,807.1065989847716,0.005,0.0,0.0,1.0,0.9999999999999999,0.2571065989847717,1
1769786062.1976087,807.0175438596492,0.005,0.0,0.0,1.0,0.9999999999999999,0.2570175438596492,1
1769786062.1989455,806.9306930693069,0.005,0.0,0.0,1.0,0.9999999999999999,0.256930693069307,1
1769786062.2003756,806.8459657701712,0.005,0.0,0.0,1.0,0.9999999999999999,0.2568459657701712,1
1769786062.201679,806.7632850241547,0.005,0.0,0.0,1.0,0.9999999999999999,0.25676328502415474,1
1769786062.2033062,806.6825775656325,0.005,0.0,0.0,1.0,0.9999999999999999,0.25668257756563256,1
1769786062.2047858,806.6037735849056,0.005,0.0,0.0,1.0,0.9999999999999999,0.25660377358490566,1
1769786062.2063336,806.5268065268065,0.005,0.0,0.0,1.0,0.9999999999999999,0.25652680652680654,1
1769786062.208101,806.4516129032259,0.005,0.0,0.0,1.0,0.9999999999999999,0.2564516129032259,1
1769786062.2097905,806.378132118451,0.005,0.0,0.0,1.0,0.9999999999999999,0.2563781321184511,1
1769786062.2116575,806.3063063063064,0.005,0.0,0.0,1.0,0.9999999999999999,0.2563063063063064,1
1769786062.2132268,806.2360801781737,0.005,0.0,0.0,1.0,0.9999999999999999,0.25623608017817373,1
1769786062.2146952,806.1674008810572,0.005,0.0,0.0,1.0,0.9999999999999999,0.2561674008810572,1
1769786062.2160227,806.1002178649238,0.005,0.0,0.0,1.0,0.9999999999999999,0.2561002178649238,1
1769786062.2174184,806.0344827586207,0.005,0.0,0.0,1.0,0.9999999999999999,0.2560344827586207,1
1769786062.21894,805.9701492537314,0.005,0.0,0.0,1.0,0.9999999999999999,0.25597014925373146,1
1769786062.220299,805.9071729957806,0.005,0.0,0.0,1.0,0.9999999999999999,0.25590717299578064,1
1769786062.2216272,805.8455114822547,0.005,0.0,0.0,1.0,0.9999999999999999,0.2558455114822547,1
1769786062.2232382,805.7851239669421,0.005,0.0,0.0,1.0,0.9999999999999999,0.25578512396694214,1
1769786062.2248926,805.7259713701432,0.005,0.0,0.0,1.0,0.9999999999999999,0.25572597137014313,1
1769786062.2265778,805.668016194332,0.005,0.0,0.0,1.0,0.9999999999999999,0.25566801619433205,1
1769786062.2281523,805.6112224448898,0.005,0.0,0.0,1.0,0.9999999999999999,0.2556112224448898,1
1769786062.229837,805.5555555555555,0.005,0.0,0.0,1.0,0.9999999999999999,0.2555555555555556,1
1769786062.2313683,805.5009823182711,0.005,0.0,0.0,1.0,0.9999999999999999,0.2555009823182712,1
1769786062.2328808,805.4474708171207,0.005,0.0,0.0,1.0,0.9999999999999999,0.25544747081712077,1
1769786062.234484,805.3949903660887,0.005,0.0,0.0,1.0,0.9999999999999999,0.25539499036608876,1
1769786062.2359562,805.3435114503817,0.005,0.0,0.0,1.0,0.9999999999999999,0.25534351145038175,1
1769786062.2375476,805.2930056710775,0.005,0.0,0.0,1.0,0.9999999999999999,0.25529300567107754,1
1769786062.239379,805.2434456928839,0.005,0.0,0.0,1.0,0.9999999999999999,0.255243445692884,1
1769786062.2412813,805.1948051948052,0.005,0.0,0.0,1.0,0.9999999999999999,0.25519480519480525,1
1769786062.2432818,805.1470588235295,0.005,0.0,0.0,1.0,0.9999999999999999,0.25514705882352956,1
1769786062.2451785,805.1001821493625,0.005,0.0,0.0,1.0,0.9999999999999999,0.25510018214936253,1
1769786062.2469385,805.0541516245487,0.005,0.0,0.0,1.0,0.9999999999999999,0.25505415162454875,1
1769786062.2484546,805.0089445438283,0.005,0.0,0.0,1.0,0.9999999999999999,0.25500894454382833,1
1769786062.2499838,804.9645390070923,0.005,0.0,0.0,1.0,0.9999999999999999,0.2549645390070923,1
1769786062.2513118,804.9209138840071,0.005,0.0,0.0,1.0,0.9999999999999999,0.2549209138840071,1
1769786062.2528064,804.8780487804878,0.005,0.0,0.0,1.0,0.9999999999999999,0.25487804878048786,1
1769786062.2542892,804.8359240069085,0.005,0.0,0.0,1.0,0.9999999999999999,0.2548359240069085,1
1769786062.255778,804.7945205479452,0.005,0.0,0.0,1.0,0.9999999999999999,0.2547945205479452,1
1769786062.2576594,804.7538200339559,0.005,0.0,0.0,1.0,0.9999999999999999,0.2547538200339559,1
1769786062.259383,804.7138047138047,0.005,0.0,0.0,1.0,0.9999999999999999,0.2547138047138047,1
1769786062.2610698,804.6744574290484,0.005,0.0,0.0,1.0,0.9999999999999999,0.25467445742904843,1
1769786062.2627888,804.635761589404,0.005,0.0,0.0,1.0,0.9999999999999999,0.254635761589404,1
1769786062.2643106,804.5977011494253,0.005,0.0,0.0,1.0,0.9999999999999999,0.2545977011494254,1
1769786062.2658236,804.5602605863193,0.005,0.0,0.0,1.0,0.9999999999999999,0.25456026058631925,1
1769786062.267289,804.5234248788369,0.005,0.0,0.0,1.0,0.9999999999999999,0.2545234248788369,1
1769786062.2687857,804.4871794871794,0.005,0.0,0.0,1.0,0.9999999999999999,0.2544871794871795,1
1769786062.2702618,804.4515103338633,0.005,0.0,0.0,1.0,0.9999999999999999,0.2544515103338633,1
1769786062.2717986,804.416403785489,0.005,0.0,0.0,1.0,0.9999999999999999,0.2544164037854891,1
1769786062.2733698,804.3818466353678,0.005,0.0,0.0,1.0,0.9999999999999999,0.25438184663536784,1
1769786062.2747552,804.3478260869566,0.005,0.0,0.0,1.0,0.9999999999999999,0.25434782608695666,1
1769786062.276065,804.3143297380585,0.005,0.0,0.0,1.0,0.9999999999999999,0.2543143297380585,1
1769786062.2775002,804.2813455657492,0.005,0.0,0.0,1.0,0.9999999999999999,0.2542813455657493,1
1769786062.2789733,804.2488619119879,0.005,0.0,0.0,1.0,0.9999999999999999,0.25424886191198787,1
1769786062.2806492,804.2168674698795,0.005,0.0,0.0,1.0,0.9999999999999999,0.25421686746987954,1
1769786062.2826731,804.1853512705532,0.005,0.0,0.0,1.0,0.9999999999999999,0.25418535127055314,1
1769786062.2844748,804.1543026706231,0.005,0.0,0.0,1.0,0.9999999999999999,0.25415430267062317,1
1769786062.2860298,804.1237113402062,0.005,0.0,0.0,1.0,0.9999999999999999,0.2541237113402062,1
1769786062.287497,804.093567251462,0.005,0.0,0.0,1.0,0.9999999999999999,0.254093567251462,1
1769786062.289155,804.0638606676343,0.005,0.0,0.0,1.0,0.9999999999999999,0.25406386066763437,1
1769786062.2905564,804.0345821325649,0.005,0.0,0.0,1.0,0.9999999999999999,0.25403458213256486,1
1769786062.2918758,804.005722460658,0.005,0.0,0.0,1.0,0.9999999999999999,0.25400572246065806,1
1769786062.293257,803.9772727272727,0.005,0.0,0.0,1.0,0.9999999999999999,0.25397727272727283,1
1769786062.294583,803.9492242595205,0.005,0.0,0.0,1.0,0.9999999999999999,0.25394922425952055,1
1769786062.2958746,803.921568627451,0.005,0.0,0.0,1.0,0.9999999999999999,0.25392156862745113,1
1769786062.2978215,803.8942976356051,0.005,0.0,0.0,1.0,0.9999999999999999,0.25389429763560506,1
1769786062.2999444,803.867403314917,0.005,0.0,0.0,1.0,0.9999999999999999,0.25386740331491703,1
1769786062.3015144,803.840877914952,0.005,0.0,0.0,1.0,0.9999999999999999,0.25384087791495197,1
1769786062.3029294,803.8147138964578,0.005,0.0,0.0,1.0,0.9999999999999999,0.25381471389645777,1
1769786062.3043714,803.7889039242219,0.005,0.0,0.0,1.0,0.9999999999999999,0.253788903924222,1
1769786062.305872,803.7634408602152,0.005,0.0,0.0,1.0,0.9999999999999999,0.25376344086021513,1
1769786062.3073025,803.7383177570093,0.005,0.0,0.0,1.0,0.9999999999999999,0.25373831775700934,1
1769786062.308679,803.7135278514589,0.005,0.0,0.0,1.0,0.9999999999999999,0.253713527851459,1
1769786062.3099933,803.6890645586298,0.005,0.0,0.0,1.0,0.9999999999999999,0.2536890645586298,1
1769786062.311368,803.6649214659686,0.005,0.0,0.0,1.0,0.9999999999999999,0.2536649214659687,1
1769786062.3129284,803.6410923276984,0.005,0.0,0.0,1.0,0.9999999999999999,0.25364109232769844,1
1769786062.314549,803.6175710594315,0.005,0.0,0.0,1.0,0.9999999999999999,0.25361757105943156,1
1769786062.3159716,803.594351732991,0.005,0.0,0.0,1.0,0.9999999999999999,0.253594351732991,1
1769786062.3173842,803.5714285714286,0.005,0.0,0.0,1.0,0.9999999999999999,0.2535714285714286,1
1769786062.3187382,803.5487959442332,0.005,0.0,0.0,1.0,0.9999999999999999,0.25354879594423324,1
1769786062.3200343,803.5264483627204,0.005,0.0,0.0,1.0,0.9999999999999999,0.2535264483627205,1
1769786062.3217764,803.5043804755944,0.005,0.0,0.0,1.0,0.9999999999999999,0.2535043804755945,1
1769786062.3231566,803.4825870646767,0.005,0.0,0.0,1.0,0.9999999999999999,0.2534825870646768,1
1769786062.3246114,803.4610630407911,0.005,0.0,0.0,1.0,0.9999999999999999,0.25346106304079113,1
1769786062.3260422,803.4398034398034,0.005,0.0,0.0,1.0,0.9999999999999999,0.2534398034398035,1
1769786062.3274298,803.4188034188035,0.005,0.0,0.0,1.0,0.9999999999999999,0.25341880341880346,1
1769786062.3293214,803.3980582524272,0.005,0.0,0.0,1.0,0.9999999999999999,0.25339805825242717,1
1769786062.3310595,803.3775633293125,0.005,0.0,0.0,1.0,0.9999999999999999,0.25337756332931244,1
1769786062.3327441,803.3573141486811,0.005,0.0,0.0,1.0,0.9999999999999999,0.2533573141486812,1
1769786062.3343267,803.3373063170441,0.005,0.0,0.0,1.0,0.9999999999999999,0.25333730631704404,1
1769786062.336326,803.3175355450237,0.005,0.0,0.0,1.0,0.9999999999999999,0.25331753554502373,1
1769786062.338026,803.2979976442874,0.005,0.0,0.0,1.0,0.9999999999999999,0.25329799764428745,1
1769786062.339707,803.2786885245903,0.005,0.0,0.0,1.0,0.9999999999999999,0.2532786885245903,1
1769786062.3413417,803.2596041909197,0.005,0.0,0.0,1.0,0.9999999999999999,0.2532596041909198,1
1769786062.3426757,803.2407407407406,0.005,0.0,0.0,1.0,0.9999999999999999,0.2532407407407407,1
1769786062.3444188,803.2220943613349,0.005,0.0,0.0,1.0,0.9999999999999999,0.25322209436133497,1
1769786062.3460138,803.2036613272311,0.005,0.0,0.0,1.0,0.9999999999999999,0.2532036613272311,1
1769786062.3474483,803.1854379977248,0.005,0.0,0.0,1.0,0.9999999999999999,0.2531854379977248,1
1769786062.348917,803.1674208144797,0.005,0.0,0.0,1.0,0.9999999999999999,0.2531674208144797,1
1769786062.3505719,803.1496062992126,0.005,0.0,0.0,1.0,0.9999999999999999,0.2531496062992126,1
1769786062.3523881,803.1319910514542,0.005,0.0,0.0,1.0,0.9999999999999999,0.2531319910514542,1
1769786062.354163,803.1145717463849,0.005,0.0,0.0,1.0,0.9999999999999999,0.2531145717463849,1
1769786062.3560004,803.0973451327434,0.005,0.0,0.0,1.0,0.9999999999999999,0.25309734513274346,1
1769786062.3578146,803.080308030803,0.005,0.0,0.0,1.0,0.9999999999999999,0.2530803080308031,1
1769786062.359489,803.0634573304158,0.005,0.0,0.0,1.0,0.9999999999999999,0.25306345733041574,1
1769786062.3614955,803.0467899891187,0.005,0.0,0.0,1.0,0.9999999999999999,0.2530467899891187,1
1769786062.3631825,803.030303030303,0.005,0.0,0.0,1.0,0.9999999999999999,0.253030303030303,1
1769786062.3647943,803.0139935414425,0.005,0.0,0.0,1.0,0.9999999999999999,0.25301399354144244,1
1769786062.3661828,802.9978586723769,0.005,0.0,0.0,1.0,0.9999999999999999,0.25299785867237695,1
1769786062.3675125,802.9818956336528,0.005,0.0,0.0,1.0,0.9999999999999999,0.25298189563365286,1
1769786062.3692842,802.9661016949153,0.005,0.0,0.0,1.0,0.9999999999999999,0.25296610169491535,1
1769786062.3708205,802.9504741833509,0.005,0.0,0.0,1.0,0.9999999999999999,0.252950474183351,1
1769786062.3722522,802.9350104821804,0.005,0.0,0.0,1.0,0.9999999999999999,0.2529350104821804,1
1769786062.3737593,802.9197080291971,0.005,0.0,0.0,1.0,0.9999999999999999,0.2529197080291971,1
1769786062.3753831,802.9045643153527,0.005,0.0,0.0,1.0,0.9999999999999999,0.25290456431535274,1
1769786062.3771164,802.889576883385,0.005,0.0,0.0,1.0,0.9999999999999999,0.25288957688338504,1
1769786062.378677,802.8747433264887,0.005,0.0,0.0,1.0,0.9999999999999999,0.2528747433264887,1
1769786062.3800323,802.8600612870276,0.005,0.0,0.0,1.0,0.9999999999999999,0.2528600612870277,1
1769786062.3813872,802.8455284552846,0.005,0.0,0.0,1.0,0.9999999999999999,0.2528455284552846,1
1769786062.3827527,802.8311425682507,0.005,0.0,0.0,1.0,0.9999999999999999,0.25283114256825073,1
1769786062.3844028,802.8169014084507,0.005,0.0,0.0,1.0,0.9999999999999999,0.25281690140845076,1
1769786062.385911,802.8028028028028,0.005,0.0,0.0,1.0,0.9999999999999999,0.2528028028028028,1
1769786062.439806,0.0,0.0,0.0,0.0,1.0,0.0,0.0,1
1769786062.442697,1429.7649030714158,0.0040701177219999995,0.0,0.0,1.0,0.9999999999999999,0.9727531308714159,1
1769786062.4443953,1111.111111111111,0.005,0.0,0.0,1.0,0.9999999999999999,0.5611111111111111,1
1769786062.445798,1000.0000000000001,0.005,0.0,0.0,1.0,0.9999999999999999,0.45000000000000023,1
1769786062.4473886,947.3684210526316,0.005,0.0,0.0,1.0,0.9999999999999999,0.39736842105263154,1
1769786062.4491594,916.6666666666667,0.005,0.0,0.0,1.0,0.9999999999999999,0.36666666666666675,1
1769786062.4508057,896.551724137931,0.005,0.0,0.0,1.0,0.9999999999999999,0.34655172413793106,1
1769786062.452666,882.3529411764707,0.005,0.0,0.0,1.0,0.9999999999999999,0.3323529411764708,1
1769786062.4544592,871.7948717948717,0.005,0.0,0.0,1.0,0.9999999999999999,0.3217948717948717,1
1769786062.4572213,863.6363636363636,0.005,0.0,0.0,1.0,0.9999999999999999,0.31363636363636366,1
1769786062.4600875,857.1428571428571,0.005,0.0,0.0,1.0,0.9999999999999999,0.3071428571428571,1
1769786062.4618933,851.8518518518518,0.005,0.0,0.0,1.0,0.9999999999999999,0.30185185185185187,1
1769786062.465128,847.4576271186442,0.005,0.0,0.0,1.0,0.9999999999999999,0.29745762711864415,1
1769786062.466748,843.75,0.005,0.0,0.0,1.0,0.9999999999999999,0.29375,1
1769786062.468358,840.5797101449276,0.005,0.0,0.0,1.0,0.9999999999999999,0.2905797101449276,1
1769786062.4699311,837.8378378378378,0.005,0.0,0.0,1.0,0.9999999999999999,0.28783783783783784,1
1769786062.4723582,835.4430379746835,0.005,0.0,0.0,1.0,0.9999999999999999,0.28544303797468357,1
1769786062.474416,833.3333333333334,0.005,0.0,0.0,1.0,0.9999999999999999,0.2833333333333334,1
1769786062.4762094,831.4606741573034,0.005,0.0,0.0,1.0,0.9999999999999999,0.2814606741573034,1
1769786062.4782434,829.7872340425532,0.005,0.0,0.0,1.0,0.9999999999999999,0.2797872340425533,1
1769786062.4801064,828.2828282828283,0.005,0.0,0.0,1.0,0.9999999999999999,0.2782828282828283,1
1769786062.4816666,826.9230769230769,0.005,0.0,0.0,1.0,0.9999999999999999,0.2769230769230769,1
1769786062.4830532,825.6880733944954,0.005,0.0,0.0,1.0,0.9999999999999999,0.27568807339449547,1
1769786062.4844956,824.561403508772,0.005,0.0,0.0,1.0,0.9999999999999999,0.27456140350877195,1
1769786062.4863617,823.529411764706,0.005,0.0,0.0,1.0,0.9999999999999999,0.27352941176470597,1
1769786062.4881096,822.5806451612904,0.005,0.0,0.0,1.0,0.9999999999999999,0.2725806451612904,1
1769786062.4896438,821.7054263565891,0.005,0.0,0.0,1.0,0.9999999999999999,0.2717054263565892,1
1769786062.4913836,820.8955223880597,0.005,0.0,0.0,1.0,0.9999999999999999,0.27089552238805975,1
1769786062.4929514,820.1438848920864,0.005,0.0,0.0,1.0,0.9999999999999999,0.27014388489208635,1
1769786062.4945898,819.4444444444445,0.005,0.0,0.0,1.0,0.9999999999999999,0.26944444444444443,1
1769786062.496041,818.7919463087248,0.005,0.0,0.0,1.0,0.9999999999999999,0.2687919463087249,1
1769786062.4974265,818.1818181818181,0.005,0.0,0.0,1.0,0.9999999999999999,0.26818181818181813,1
1769786062.498875,817.6100628930818,0.005,0.0,0.0,1.0,0.9999999999999999,0.2676100628930818,1
1769786062.5002973,817.0731707317074,0.005,0.0,0.0,1.0,0.9999999999999999,0.2670731707317074,1
1769786062.5020037,816.5680473372781,0.005,0.0,0.0,1.0,0.9999999999999999,0.2665680473372782,1
1769786062.50369,816.0919540229885,0.005,0.0,0.0,1.0,0.9999999999999999,0.2660919540229885,1
1769786062.5052977,815.6424581005587,0.005,0.0,0.0,1.0,0.9999999999999999,0.2656424581005587,1
1769786062.5067585,815.2173913043479,0.005,0.0,0.0,1.0,0.9999999999999999,0.2652173913043479,1
1769786062.5080924,814.8148148148149,0.005,0.0,0.0,1.0,0.9999999999999999,0.2648148148148149,1
1769786062.509471,814.4329896907217,0.005,0.0,0.0,1.0,0.9999999999999999,0.26443298969072176,1
1769786062.5109642,814.070351758794,0.005,0.0,0.0,1.0,0.9999999999999999,0.26407035175879406,1
1769786062.5122974,813.7254901960785,0.005,0.0,0.0,1.0,0.9999999999999999,0.26372549019607844,1
1769786062.5136716,813.3971291866029,0.005,0.0,0.0,1.0,0.9999999999999999,0.2633971291866029,1
1769786062.5149922,813.0841121495326,0.005,0.0,0.0,1.0,0.9999999999999999,0.2630841121495327,1
1769786062.5163524,812.7853881278539,0.005,0.0,0.0,1.0,0.9999999999999999,0.26278538812785396,1
1769786062.5180917,812.5000000000001,0.005,0.0,0.0,1.0,0.9999999999999999,0.2625000000000001,1
1769786062.5195825,812.2270742358079,0.005,0.0,0.0,1.0,0.9999999999999999,0.2622270742358079,1
1769786062.5210297,811.965811965812,0.005,0.0,0.0,1.0,0.9999999999999999,0.2619658119658121,1
1769786062.5223982,811.715481171548,0.005,0.0,0.0,1.0,0.9999999999999999,0.261715481171548,1
1769786062.5237594,811.4754098360656,0.005,0.0,0.0,1.0,0.9999999999999999,0.2614754098360657,1
1769786062.5252526,811.2449799196788,0.005,0.0,0.0,1.0,0.9999999999999999,0.2612449799196788,1
1769786062.5269241,811.0236220472441,0.005,0.0,0.0,1.0,0.9999999999999999,0.2610236220472441,1
1769786062.5284317,810.8108108108108,0.005,0.0,0.0,1.0,0.9999999999999999,0.26081081081081087,1
1769786062.529877,810.6060606060606,0.005,0.0,0.0,1.0,0.9999999999999999,0.2606060606060607,1
1769786062.5314329,810.4089219330855,0.005,0.0,0.0,1.0,0.9999999999999999,0.26040892193308546,1
1769786062.5330558,810.2189781021898,0.005,0.0,0.0,1.0,0.9999999999999999,0.2602189781021898,1
1769786062.5349236,810.0358422939069,0.005,0.0,0.0,1.0,0.9999999999999999,0.2600358422939069,1
1769786062.5364795,809.8591549295775,0.005,0.0,0.0,1.0,0.9999999999999999,0.2598591549295775,1
1769786062.537916,809.6885813148789,0.005,0.0,0.0,1.0,0.9999999999999999,0.2596885813148789,1
1769786062.5393856,809.5238095238095,0.005,0.0,0.0,1.0,0.9999999999999999,0.25952380952380955,1
1769786062.5409446,809.3645484949833,0.005,0.0,0.0,1.0,0.9999999999999999,0.2593645484949833,1
1769786062.5424888,809.2105263157895,0.005,0.0,0.0,1.0,0.9999999999999999,0.2592105263157895,1
1769786062.5438435,809.0614886731393,0.005,0.0,0.0,1.0,0.9999999999999999,0.25906148867313933,1
1769786062.5459034,808.9171974522293,0.005,0.0,0.0,1.0,0.9999999999999999,0.25891719745222935,1
1769786062.5472481,808.7774294670846,0.005,0.0,0.0,1.0,0.9999999999999999,0.25877742946708465,1
1769786062.5486174,808.641975308642,0.005,0.0,0.0,1.0,0.9999999999999999,0.258641975308642,1
1769786062.5501482,808.5106382978723,0.005,0.0,0.0,1.0,0.9999999999999999,0.2585106382978724,1
1769786062.5515726,808.3832335329341,0.005,0.0,0.0,1.0,0.9999999999999999,0.2583832335329342,1
1769786062.5529497,808.259587020649,0.005,0.0,0.0,1.0,0.9999999999999999,0.25825958702064894,1
1769786062.5543313,808.1395348837209,0.005,0.0,0.0,1.0,0.9999999999999999,0.25813953488372093,1
1769786062.5558283,808.0229226361032,0.005,0.0,0.0,1.0,0.9999999999999999,0.2580229226361032,1
1769786062.5578575,807.909604519774,0.005,0.0,0.0,1.0,0.9999999999999999,0.257909604519774,1
1769786062.5596097,807.799442896936,0.005,0.0,0.0,1.0,0.9999999999999999,0.25779944289693596,1
1769786062.561384,807.6923076923076,0.005,0.0,0.0,1.0,0.9999999999999999,0.2576923076923076,1
1769786062.5629687,807.5880758807588,0.005,0.0,0.0,1.0,0.9999999999999999,0.25758807588075877,1
1769786062.5649042,807.4866310160428,0.005,0.0,0.0,1.0,0.9999999999999999,0.2574866310160428,1
1769786062.566726,807.3878627968338,0.005,0.0,0.0,1.0,0.9999999999999999,0.25738786279683384,1
1769786062.568274,807.2916666666667,0.005,0.0,0.0,1.0,0.9999999999999999,0.25729166666666675,1
1769786062.5698338,807.1979434447301,0.005,0.0,0.0,1.0,0.9999999999999999,0.25719794344473007,1
1769786062.5712698,807.1065989847716,0.005,0.0,0.0,1.0,0.9999999999999999,0.2571065989847717,1
1769786062.5729709,807.0175438596492,0.005,0.0,0.0,1.0,0.9999999999999999,0.2570175438596492,1
1769786062.5746644,806.9306930693069,0.005,0.0,0.0,1.0,0.9999999999999999,0.256930693069307,1
1769786062.576085,806.8459657701712,0.005,0.0,0.0,1.0,0.9999999999999999,0.2568459657701712,1
1769786062.5774632,806.7632850241547,0.005,0.0,0.0,1.0,0.9999999999999999,0.25676328502415474,1
1769786062.5787678,806.6825775656325,0.005,0.0,0.0,1.0,0.9999999999999999,0.25668257756563256,1
1769786062.5800872,806.6037735849056,0.005,0.0,0.0,1.0,0.9999999999999999,0.25660377358490566,1
1769786062.5815046,806.5268065268065,0.005,0.0,0.0,1.0,0.9999999999999999,0.25652680652680654,1
1769786062.5830393,806.4516129032259,0.005,0.0,0.0,1.0,0.9999999999999999,0.2564516129032259,1
1769786062.5844767,806.378132118451,0.005,0.0,0.0,1.0,0.9999999999999999,0.2563781321184511,1
1769786062.5857823,806.3063063063064,0.005,0.0,0.0,1.0,0.9999999999999999,0.2563063063063064,1
1769786062.5871978,806.2360801781737,0.005,0.0,0.0,1.0,0.9999999999999999,0.25623608017817373,1
1769786062.588746,806.1674008810572,0.005,0.0,0.0,1.0,0.9999999999999999,0.2561674008810572,1
1769786062.5907166,806.1002178649238,0.005,0.0,0.0,1.0,0.9999999999999999,0.2561002178649238,1
1769786062.5928514,806.0344827586207,0.005,0.0,0.0,1.0,0.9999999999999999,0.2560344827586207,1
1769786062.5946648,805.9701492537314,0.005,0.0,0.0,1.0,0.9999999999999999,0.25597014925373146,1
1769786062.5966878,805.9071729957806,0.005,0.0,0.0,1.0,0.9999999999999999,0.25590717299578064,1
1769786062.5985675,805.8455114822547,0.005,0.0,0.0,1.0,0.9999999999999999,0.2558455114822547,1
1769786062.6001143,805.7851239669421,0.005,0.0,0.0,1.0,0.9999999999999999,0.25578512396694214,1
1769786062.6015785,805.7259713701432,0.005,0.0,0.0,1.0,0.9999999999999999,0.25572597137014313,1
1769786062.6030176,805.668016194332,0.005,0.0,0.0,1.0,0.9999999999999999,0.25566801619433205,1
1769786062.6047304,805.6112224448898,0.005,0.0,0.0,1.0,0.9999999999999999,0.2556112224448898,1
1769786062.6062713,805.5555555555555,0.005,0.0,0.0,1.0,0.9999999999999999,0.2555555555555556,1
1769786062.607689,805.5009823182711,0.005,0.0,0.0,1.0,0.9999999999999999,0.2555009823182712,1
1769786062.609241,805.4474708171207,0.005,0.0,0.0,1.0,0.9999999999999999,0.25544747081712077,1
1769786062.6107383,805.3949903660887,0.005,0.0,0.0,1.0,0.9999999999999999,0.25539499036608876,1
1769786062.6126385,805.3435114503817,0.005,0.0,0.0,1.0,0.9999999999999999,0.25534351145038175,1
1769786062.6143212,805.2930056710775,0.005,0.0,0.0,1.0,0.9999999999999999,0.25529300567107754,1
1769786062.6158984,805.2434456928839,0.005,0.0,0.0,1.0,0.9999999999999999,0.255243445692884,1
1769786062.6175332,805.1948051948052,0.005,0.0,0.0,1.0,0.9999999999999999,0.25519480519480525,1
1769786062.619419,805.1470588235295,0.005,0.0,0.0,1.0,0.9999999999999999,0.25514705882352956,1
1769786062.6212432,805.1001821493625,0.005,0.0,0.0,1.0,0.9999999999999999,0.25510018214936253,1
1769786062.6228683,805.0541516245487,0.005,0.0,0.0,1.0,0.9999999999999999,0.25505415162454875,1
1769786062.6243362,805.0089445438283,0.005,0.0,0.0,1.0,0.9999999999999999,0.25500894454382833,1
1769786062.6257505,804.9645390070923,0.005,0.0,0.0,1.0,0.9999999999999999,0.2549645390070923,1
1769786062.6270797,804.9209138840071,0.005,0.0,0.0,1.0,0.9999999999999999,0.2549209138840071,1
1769786062.6285167,804.8780487804878,0.005,0.0,0.0,1.0,0.9999999999999999,0.25487804878048786,1
1769786062.6300566,804.8359240069085,0.005,0.0,0.0,1.0,0.9999999999999999,0.2548359240069085,1
1769786062.6314888,804.7945205479452,0.005,0.0,0.0,1.0,0.9999999999999999,0.2547945205479452,1
1769786062.6330242,804.7538200339559,0.005,0.0,0.0,1.0,0.9999999999999999,0.2547538200339559,1
1769786062.634418,804.7138047138047,0.005,0.0,0.0,1.0,0.9999999999999999,0.2547138047138047,1
1769786062.6359107,804.6744574290484,0.005,0.0,0.0,1.0,0.9999999999999999,0.25467445742904843,1
1769786062.6374977,804.635761589404,0.005,0.0,0.0,1.0,0.9999999999999999,0.254635761589404,1
1769786062.6388845,804.5977011494253,0.005,0.0,0.0,1.0,0.9999999999999999,0.2545977011494254,1
1769786062.6402278,804.5602605863193,0.005,0.0,0.0,1.0,0.9999999999999999,0.25456026058631925,1
1769786062.6415744,804.5234248788369,0.005,0.0,0.0,1.0,0.9999999999999999,0.2545234248788369,1
1769786062.6429849,804.4871794871794,0.005,0.0,0.0,1.0,0.9999999999999999,0.2544871794871795,1
1769786062.644862,804.4515103338633,0.005,0.0,0.0,1.0,0.9999999999999999,0.2544515103338633,1
1769786062.646615,804.416403785489,0.005,0.0,0.0,1.0,0.9999999999999999,0.2544164037854891,1
1769786062.648559,804.3818466353678,0.005,0.0,0.0,1.0,0.9999999999999999,0.25438184663536784,1
1769786062.6503065,804.3478260869566,0.005,0.0,0.0,1.0,0.9999999999999999,0.25434782608695666,1
1769786062.6519742,804.3143297380585,0.005,0.0,0.0,1.0,0.9999999999999999,0.2543143297380585,1
1769786062.6536663,804.2813455657492,0.005,0.0,0.0,1.0,0.9999999999999999,0.2542813455657493,1
1769786062.6553617,804.2488619119879,0.005,0.0,0.0,1.0,0.9999999999999999,0.25424886191198787,1
1769786062.6569574,804.2168674698795,0.005,0.0,0.0,1.0,0.9999999999999999,0.25421686746987954,1
1769786062.6583009,804.1853512705532,0.005,0.0,0.0,1.0,0.9999999999999999,0.25418535127055314,1
1769786062.6598713,804.1543026706231,0.005,0.0,0.0,1.0,0.9999999999999999,0.25415430267062317,1
1769786062.6613612,804.1237113402062,0.005,0.0,0.0,1.0,0.9999999999999999,0.2541237113402062,1
1769786062.6627538,804.093567251462,0.005,0.0,0.0,1.0,0.9999999999999999,0.254093567251462,1
1769786062.6642582,804.0638606676343,0.005,0.0,0.0,1.0,0.9999999999999999,0.25406386066763437,1
1769786062.665866,804.0345821325649,0.005,0.0,0.0,1.0,0.9999999999999999,0.25403458213256486,1
1769786062.667709,804.005722460658,0.005,0.0,0.0,1.0,0.9999999999999999,0.25400572246065806,1
1769786062.6695426,803.9772727272727,0.005,0.0,0.0,1.0,0.9999999999999999,0.25397727272727283,1
1769786062.671199,803.9492242595205,0.005,0.0,0.0,1.0,0.9999999999999999,0.25394922425952055,1
1769786062.6727579,803.921568627451,0.005,0.0,0.0,1.0,0.9999999999999999,0.25392156862745113,1
1769786062.6741889,803.8942976356051,0.005,0.0,0.0,1.0,0.9999999999999999,0.25389429763560506,1
1769786062.6757905,803.867403314917,0.005,0.0,0.0,1.0,0.9999999999999999,0.25386740331491703,1
1769786062.6773696,803.840877914952,0.005,0.0,0.0,1.0,0.9999999999999999,0.25384087791495197,1
1769786062.6790113,803.8147138964578,0.005,0.0,0.0,1.0,0.9999999999999999,0.25381471389645777,1
1769786062.6809812,803.7889039242219,0.005,0.0,0.0,1.0,0.9999999999999999,0.253788903924222,1
1769786062.6826007,803.7634408602152,0.005,0.0,0.0,1.0,0.9999999999999999,0.25376344086021513,1
1769786062.6843493,803.7383177570093,0.005,0.0,0.0,1.0,0.9999999999999999,0.25373831775700934,1
1769786062.685908,803.7135278514589,0.005,0.0,0.0,1.0,0.9999999999999999,0.253713527851459,1
1769786062.687369,803.6890645586298,0.005,0.0,0.0,1.0,0.9999999999999999,0.2536890645586298,1
1769786062.688938,803.6649214659686,0.005,0.0,0.0,1.0,0.9999999999999999,0.2536649214659687,1
1769786062.6904285,803.6410923276984,0.005,0.0,0.0,1.0,0.9999999999999999,0.25364109232769844,1
1769786062.6922638,803.6175710594315,0.005,0.0,0.0,1.0,0.9999999999999999,0.25361757105943156,1
1769786062.6941519,803.594351732991,0.005,0.0,0.0,1.0,0.9999999999999999,0.253594351732991,1
1769786062.6957507,803.5714285714286,0.005,0.0,0.0,1.0,0.9999999999999999,0.2535714285714286,1
1769786062.6974368,803.5487959442332,0.005,0.0,0.0,1.0,0.9999999999999999,0.25354879594423324,1
1769786062.6992252,803.5264483627204,0.005,0.0,0.0,1.0,0.9999999999999999,0.2535264483627205,1
1769786062.7010567,803.5043804755944,0.005,0.0,0.0,1.0,0.9999999999999999,0.2535043804755945,1
1769786062.7026613,803.4825870646767,0.005,0.0,0.0,1.0,0.9999999999999999,0.2534825870646768,1
1769786062.7040868,803.4610630407911,0.005,0.0,0.0,1.0,0.9999999999999999,0.25346106304079113,1
1769786062.7054777,803.4398034398034,0.005,0.0,0.0,1.0,0.9999999999999999,0.2534398034398035,1
1769786062.707086,803.4188034188035,0.005,0.0,0.0,1.0,0.9999999999999999,0.25341880341880346,1
1769786062.7089546,803.3980582524272,0.005,0.0,0.0,1.0,0.9999999999999999,0.25339805825242717,1
1769786062.7105951,803.3775633293125,0.005,0.0,0.0,1.0,0.9999999999999999,0.25337756332931244,1
1769786062.7120764,803.3573141486811,0.005,0.0,0.0,1.0,0.9999999999999999,0.2533573141486812,1
1769786062.713583,803.3373063170441,0.005,0.0,0.0,1.0,0.9999999999999999,0.25333730631704404,1
1769786062.7152097,803.3175355450237,0.005,0.0,0.0,1.0,0.9999999999999999,0.25331753554502373,1
1769786062.7167025,803.2979976442874,0.005,0.0,0.0,1.0,0.9999999999999999,0.25329799764428745,1
1769786062.7182207,803.2786885245903,0.005,0.0,0.0,1.0,0.9999999999999999,0.2532786885245903,1
1769786062.7200112,803.2596041909197,0.005,0.0,0.0,1.0,0.9999999999999999,0.2532596041909198,1
1769786062.7222092,803.2407407407406,0.005,0.0,0.0,1.0,0.9999999999999999,0.2532407407407407,1
1769786062.7245796,803.2220943613349,0.005,0.0,0.0,1.0,0.9999999999999999,0.25322209436133497,1
1769786062.7266924,803.2036613272311,0.005,0.0,0.0,1.0,0.9999999999999999,0.2532036613272311,1
1769786062.7283452,803.1854379977248,0.005,0.0,0.0,1.0,0.9999999999999999,0.2531854379977248,1
1769786062.7299845,803.1674208144797,0.005,0.0,0.0,1.0,0.9999999999999999,0.2531674208144797,1
1769786062.7316287,803.1496062992126,0.005,0.0,0.0,1.0,0.9999999999999999,0.2531496062992126,1
1769786062.7334533,803.1319910514542,0.005,0.0,0.0,1.0,0.9999999999999999,0.2531319910514542,1
1769786062.7348914,803.1145717463849,0.005,0.0,0.0,1.0,0.9999999999999999,0.2531145717463849,1
1769786062.7363253,803.0973451327434,0.005,0.0,0.0,1.0,0.9999999999999999,0.25309734513274346,1
1769786062.7377424,803.080308030803,0.005,0.0,0.0,1.0,0.9999999999999999,0.2530803080308031,1
1769786062.7394,803.0634573304158,0.005,0.0,0.0,1.0,0.9999999999999999,0.25306345733041574,1
1769786062.7411313,803.0467899891187,0.005,0.0,0.0,1.0,0.9999999999999999,0.2530467899891187,1
1769786062.7432487,803.030303030303,0.005,0.0,0.0,1.0,0.9999999999999999,0.253030303030303,1
1769786062.7454948,803.0139935414425,0.005,0.0,0.0,1.0,0.9999999999999999,0.25301399354144244,1
1769786062.7475355,802.9978586723769,0.005,0.0,0.0,1.0,0.9999999999999999,0.25299785867237695,1
1769786062.7493038,802.9818956336528,0.005,0.0,0.0,1.0,0.9999999999999999,0.25298189563365286,1
1769786062.751103,802.9661016949153,0.005,0.0,0.0,1.0,0.9999999999999999,0.25296610169491535,1
1769786062.7531214,802.9504741833509,0.005,0.0,0.0,1.0,0.9999999999999999,0.252950474183351,1
1769786062.7550213,802.9350104821804,0.005,0.0,0.0,1.0,0.9999999999999999,0.2529350104821804,1
1769786062.7565684,802.9197080291971,0.005,0.0,0.0,1.0,0.9999999999999999,0.2529197080291971,1
1769786062.7582881,802.9045643153527,0.005,0.0,0.0,1.0,0.9999999999999999,0.25290456431535274,1
1769786062.7597222,802.889576883385,0.005,0.0,0.0,1.0,0.9999999999999999,0.25288957688338504,1
1769786062.761136,802.8747433264887,0.005,0.0,0.0,1.0,0.9999999999999999,0.2528747433264887,1
1769786062.7627065,802.8600612870276,0.005,0.0,0.0,1.0,0.9999999999999999,0.2528600612870277,1
1769786062.7640533,802.8455284552846,0.005,0.0,0.0,1.0,0.9999999999999999,0.2528455284552846,1
1769786062.765533,802.8311425682507,0.005,0.0,0.0,1.0,0.9999999999999999,0.25283114256825073,1
1769786062.7672067,802.8169014084507,0.005,0.0,0.0,1.0,0.9999999999999999,0.25281690140845076,1
1769786062.7687263,802.8028028028028,0.005,0.0,0.0,1.0,0.9999999999999999,0.2528028028028028,1
1769786062.8227186,0.0,0.0,0.0,0.0,1.0,0.0,0.0,1
1769786062.8258443,1304.6449780682349,0.004020954346,0.0,0.0,1.0,0.9999999999999999,0.852549543468235,1
1769786062.8287156,1111.111111111111,0.005,0.0,0.0,1.0,0.9999999999999999,0.5611111111111111,1
1769786062.8307116,1000.0000000000001,0.005,0.0,0.0,1.0,0.9999999999999999,0.45000000000000023,1
1769786062.833082,947.3684210526316,0.005,0.0,0.0,1.0,0.9999999999999999,0.39736842105263154,1
1769786062.8360336,916.6666666666667,0.005,0.0,0.0,1.0,0.9999999999999999,0.36666666666666675,1
1769786062.8376727,896.551724137931,0.005,0.0,0.0,1.0,0.9999999999999999,0.34655172413793106,1
1769786062.8392892,882.3529411764707,0.005,0.0,0.0,1.0,0.9999999999999999,0.3323529411764708,1
1769786062.8412728,871.7948717948717,0.005,0.0,0.0,1.0,0.9999999999999999,0.3217948717948717,1
1769786062.8435977,863.6363636363636,0.005,0.0,0.0,1.0,0.9999999999999999,0.31363636363636366,1
1769786062.845257,857.1428571428571,0.005,0.0,0.0,1.0,0.9999999999999999,0.3071428571428571,1
1769786062.8468666,851.8518518518518,0.005,0.0,0.0,1.0,0.9999999999999999,0.30185185185185187,1
1769786062.8484719,847.4576271186442,0.005,0.0,0.0,1.0,0.9999999999999999,0.29745762711864415,1
1769786062.8501422,843.75,0.005,0.0,0.0,1.0,0.9999999999999999,0.29375,1
1769786062.8514585,840.5797101449276,0.005,0.0,0.0,1.0,0.9999999999999999,0.2905797101449276,1
1769786062.853115,837.8378378378378,0.005,0.0,0.0,1.0,0.9999999999999999,0.28783783783783784,1
1769786062.856093,835.4430379746835,0.005,0.0,0.0,1.0,0.9999999999999999,0.28544303797468357,1
1769786062.8583522,833.3333333333334,0.005,0.0,0.0,1.0,0.9999999999999999,0.2833333333333334,1
1769786062.8605723,831.4606741573034,0.005,0.0,0.0,1.0,0.9999999999999999,0.2814606741573034,1
1769786062.8625731,829.7872340425532,0.005,0.0,0.0,1.0,0.9999999999999999,0.2797872340425533,1
1769786062.864273,828.2828282828283,0.005,0.0,0.0,1.0,0.9999999999999999,0.2782828282828283,1
1769786062.8661125,826.9230769230769,0.005,0.0,0.0,1.0,0.9999999999999999,0.2769230769230769,1
1769786062.8677247,825.6880733944954,0.005,0.0,0.0,1.0,0.9999999999999999,0.27568807339449547,1
1769786062.869352,824.561403508772,0.005,0.0,0.0,1.0,0.9999999999999999,0.27456140350877195,1
1769786062.8711245,823.529411764706,0.005,0.0,0.0,1.0,0.9999999999999999,0.27352941176470597,1
1769786062.872921,822.5806451612904,0.005,0.0,0.0,1.0,0.9999999999999999,0.2725806451612904,1
1769786062.8744416,821.7054263565891,0.005,0.0,0.0,1.0,0.9999999999999999,0.2717054263565892,1
1769786062.875874,820.8955223880597,0.005,0.0,0.0,1.0,0.9999999999999999,0.27089552238805975,1
1769786062.8772519,820.1438848920864,0.005,0.0,0.0,1.0,0.9999999999999999,0.27014388489208635,1
1769786062.8785796,819.4444444444445,0.005,0.0,0.0,1.0,0.9999999999999999,0.26944444444444443,1
1769786062.8799415,818.7919463087248,0.005,0.0,0.0,1.0,0.9999999999999999,0.2687919463087249,1
1769786062.8818636,818.1818181818181,0.005,0.0,0.0,1.0,0.9999999999999999,0.26818181818181813,1
1769786062.8833134,817.6100628930818,0.005,0.0,0.0,1.0,0.9999999999999999,0.2676100628930818,1
1769786062.8850052,817.0731707317074,0.005,0.0,0.0,1.0,0.9999999999999999,0.2670731707317074,1
1769786062.8865285,816.5680473372781,0.005,0.0,0.0,1.0,0.9999999999999999,0.2665680473372782,1
1769786062.8878412,816.0919540229885,0.005,0.0,0.0,1.0,0.9999999999999999,0.2660919540229885,1
1769786062.8894234,815.6424581005587,0.005,0.0,0.0,1.0,0.9999999999999999,0.2656424581005587,1
1769786062.8909166,815.2173913043479,0.005,0.0,0.0,1.0,0.9999999999999999,0.2652173913043479,1
1769786062.892471,814.8148148148149,0.005,0.0,0.0,1.0,0.9999999999999999,0.2648148148148149,1
1769786062.893925,814.4329896907217,0.005,0.0,0.0,1.0,0.9999999999999999,0.26443298969072176,1
1769786062.8953779,814.070351758794,0.005,0.0,0.0,1.0,0.9999999999999999,0.26407035175879406,1
1769786062.8971682,813.7254901960785,0.005,0.0,0.0,1.0,0.9999999999999999,0.26372549019607844,1
1769786062.898758,813.3971291866029,0.005,0.0,0.0,1.0,0.9999999999999999,0.2633971291866029,1
1769786062.9003637,813.0841121495326,0.005,0.0,0.0,1.0,0.9999999999999999,0.2630841121495327,1
1769786062.9020808,812.7853881278539,0.005,0.0,0.0,1.0,0.9999999999999999,0.26278538812785396,1
1769786062.9036431,812.5000000000001,0.005,0.0,0.0,1.0,0.9999999999999999,0.2625000000000001,1
1769786062.905397,812.2270742358079,0.005,0.0,0.0,1.0,0.9999999999999999,0.2622270742358079,1
1769786062.90693,811.965811965812,0.005,0.0,0.0,1.0,0.9999999999999999,0.2619658119658121,1
1769786062.9086268,811.715481171548,0.005,0.0,0.0,1.0,0.9999999999999999,0.261715481171548,1
1769786062.910121,811.4754098360656,0.005,0.0,0.0,1.0,0.9999999999999999,0.2614754098360657,1
1769786062.9118621,811.2449799196788,0.005,0.0,0.0,1.0,0.9999999999999999,0.2612449799196788,1
1769786062.9136286,811.0236220472441,0.005,0.0,0.0,1.0,0.9999999999999999,0.2610236220472441,1
1769786062.9151108,810.8108108108108,0.005,0.0,0.0,1.0,0.9999999999999999,0.26081081081081087,1
1769786062.9166393,810.6060606060606,0.005,0.0,0.0,1.0,0.9999999999999999,0.2606060606060607,1
1769786062.9181361,810.4089219330855,0.005,0.0,0.0,1.0,0.9999999999999999,0.26040892193308546,1
1769786062.919755,810.2189781021898,0.005,0.0,0.0,1.0,0.9999999999999999,0.2602189781021898,1
1769786062.9213855,810.0358422939069,0.005,0.0,0.0,1.0,0.9999999999999999,0.2600358422939069,1
1769786062.9228933,809.8591549295775,0.005,0.0,0.0,1.0,0.9999999999999999,0.2598591549295775,1
1769786062.9247313,809.6885813148789,0.005,0.0,0.0,1.0,0.9999999999999999,0.2596885813148789,1
1769786062.9264266,809.5238095238095,0.005,0.0,0.0,1.0,0.9999999999999999,0.25952380952380955,1
1769786062.928276,809.3645484949833,0.005,0.0,0.0,1.0,0.9999999999999999,0.2593645484949833,1
1769786062.930042,809.2105263157895,0.005,0.0,0.0,1.0,0.9999999999999999,0.2592105263157895,1
1769786062.9315262,809.0614886731393,0.005,0.0,0.0,1.0,0.9999999999999999,0.25906148867313933,1
1769786062.9330196,808.9171974522293,0.005,0.0,0.0,1.0,0.9999999999999999,0.25891719745222935,1
1769786062.934432,808.7774294670846,0.005,0.0,0.0,1.0,0.9999999999999999,0.25877742946708465,1
1769786062.9358864,808.641975308642,0.005,0.0,0.0,1.0,0.9999999999999999,0.258641975308642,1
1769786062.9374957,808.5106382978723,0.005,0.0,0.0,1.0,0.9999999999999999,0.2585106382978724,1
1769786062.9389093,808.3832335329341,0.005,0.0,0.0,1.0,0.9999999999999999,0.2583832335329342,1
1769786062.9402797,808.259587020649,0.005,0.0,0.0,1.0,0.9999999999999999,0.25825958702064894,1
1769786062.9416456,808.1395348837209,0.005,0.0,0.0,1.0,0.9999999999999999,0.25813953488372093,1
1769786062.9434404,808.0229226361032,0.005,0.0,0.0,1.0,0.9999999999999999,0.2580229226361032,1
1769786062.945431,807.909604519774,0.005,0.0,0.0,1.0,0.9999999999999999,0.257909604519774,1
1769786062.947306,807.799442896936,0.005,0.0,0.0,1.0,0.9999999999999999,0.25779944289693596,1
1769786062.9492803,807.6923076923076,0.005,0.0,0.0,1.0,0.9999999999999999,0.2576923076923076,1
1769786062.9509578,807.5880758807588,0.005,0.0,0.0,1.0,0.9999999999999999,0.25758807588075877,1
1769786062.9532173,807.4866310160428,0.005,0.0,0.0,1.0,0.9999999999999999,0.2574866310160428,1
1769786062.9550009,807.3878627968338,0.005,0.0,0.0,1.0,0.9999999999999999,0.25738786279683384,1
1769786062.9565823,807.2916666666667,0.005,0.0,0.0,1.0,0.9999999999999999,0.25729166666666675,1
1769786062.958404,807.1979434447301,0.005,0.0,0.0,1.0,0.9999999999999999,0.25719794344473007,1
1769786062.9600139,807.1065989847716,0.005,0.0,0.0,1.0,0.9999999999999999,0.2571065989847717,1
1769786062.9614432,807.0175438596492,0.005,0.0,0.0,1.0,0.9999999999999999,0.2570175438596492,1
1769786062.9629447,806.9306930693069,0.005,0.0,0.0,1.0,0.9999999999999999,0.256930693069307,1
1769786062.9644363,806.8459657701712,0.005,0.0,0.0,1.0,0.9999999999999999,0.2568459657701712,1
1769786062.965783,806.7632850241547,0.005,0.0,0.0,1.0,0.9999999999999999,0.25676328502415474,1
1769786062.9673429,806.6825775656325,0.005,0.0,0.0,1.0,0.9999999999999999,0.25668257756563256,1
1769786062.9689875,806.6037735849056,0.005,0.0,0.0,1.0,0.9999999999999999,0.25660377358490566,1
1769786062.9705265,806.5268065268065,0.005,0.0,0.0,1.0,0.9999999999999999,0.25652680652680654,1
1769786062.9720683,806.4516129032259,0.005,0.0,0.0,1.0,0.9999999999999999,0.2564516129032259,1
1769786062.9736514,806.378132118451,0.005,0.0,0.0,1.0,0.9999999999999999,0.2563781321184511,1
1769786062.9753575,806.3063063063064,0.005,0.0,0.0,1.0,0.9999999999999999,0.2563063063063064,1
1769786062.9771347,806.2360801781737,0.005,0.0,0.0,1.0,0.9999999999999999,0.25623608017817373,1
1769786062.9790976,806.1674008810572,0.005,0.0,0.0,1.0,0.9999999999999999,0.2561674008810572,1
1769786062.9810212,806.1002178649238,0.005,0.0,0.0,1.0,0.9999999999999999,0.2561002178649238,1
1769786062.9832227,806.0344827586207,0.005,0.0,0.0,1.0,0.9999999999999999,0.2560344827586207,1
1769786062.9850137,805.9701492537314,0.005,0.0,0.0,1.0,0.9999999999999999,0.25597014925373146,1
1769786062.9865375,805.9071729957806,0.005,0.0,0.0,1.0,0.9999999999999999,0.25590717299578064,1
1769786062.9937165,805.8455114822547,0.005,0.0,0.0,1.0,0.9999999999999999,0.2558455114822547,1
1769786062.9977043,805.7851239669421,0.005,0.0,0.0,1.0,0.9999999999999999,0.25578512396694214,1
1769786063.001679,805.7259713701432,0.005,0.0,0.0,1.0,0.9999999999999999,0.25572597137014313,1
1769786063.0039284,805.668016194332,0.005,0.0,0.0,1.0,0.9999999999999999,0.25566801619433205,1
1769786063.0059586,805.6112224448898,0.005,0.0,0.0,1.0,0.9999999999999999,0.2556112224448898,1
1769786063.007826,805.5555555555555,0.005,0.0,0.0,1.0,0.9999999999999999,0.2555555555555556,1
1769786063.0098426,805.5009823182711,0.005,0.0,0.0,1.0,0.9999999999999999,0.2555009823182712,1
1769786063.0115657,805.4474708171207,0.005,0.0,0.0,1.0,0.9999999999999999,0.25544747081712077,1
1769786063.0132654,805.3949903660887,0.005,0.0,0.0,1.0,0.9999999999999999,0.25539499036608876,1
1769786063.0150757,805.3435114503817,0.005,0.0,0.0,1.0,0.9999999999999999,0.25534351145038175,1
1769786063.0170567,805.2930056710775,0.005,0.0,0.0,1.0,0.9999999999999999,0.25529300567107754,1
1769786063.01879,805.2434456928839,0.005,0.0,0.0,1.0,0.9999999999999999,0.255243445692884,1
1769786063.020627,805.1948051948052,0.005,0.0,0.0,1.0,0.9999999999999999,0.25519480519480525,1
1769786063.0226848,805.1470588235295,0.005,0.0,0.0,1.0,0.9999999999999999,0.25514705882352956,1
1769786063.0246038,805.1001821493625,0.005,0.0,0.0,1.0,0.9999999999999999,0.25510018214936253,1
1769786063.0265448,805.0541516245487,0.005,0.0,0.0,1.0,0.9999999999999999,0.25505415162454875,1
1769786063.028363,805.0089445438283,0.005,0.0,0.0,1.0,0.9999999999999999,0.25500894454382833,1
1769786063.030799,804.9645390070923,0.005,0.0,0.0,1.0,0.9999999999999999,0.2549645390070923,1
1769786063.0329022,804.9209138840071,0.005,0.0,0.0,1.0,0.9999999999999999,0.2549209138840071,1
1769786063.0347493,804.8780487804878,0.005,0.0,0.0,1.0,0.9999999999999999,0.25487804878048786,1
1769786063.0365517,804.8359240069085,0.005,0.0,0.0,1.0,0.9999999999999999,0.2548359240069085,1
1769786063.0385537,804.7945205479452,0.005,0.0,0.0,1.0,0.9999999999999999,0.2547945205479452,1
1769786063.0406222,804.7538200339559,0.005,0.0,0.0,1.0,0.9999999999999999,0.2547538200339559,1
1769786063.0429568,804.7138047138047,0.005,0.0,0.0,1.0,0.9999999999999999,0.2547138047138047,1
1769786063.0448287,804.6744574290484,0.005,0.0,0.0,1.0,0.9999999999999999,0.25467445742904843,1
1769786063.0472343,804.635761589404,0.005,0.0,0.0,1.0,0.9999999999999999,0.254635761589404,1
1769786063.0491447,804.5977011494253,0.005,0.0,0.0,1.0,0.9999999999999999,0.2545977011494254,1
1769786063.050916,804.5602605863193,0.005,0.0,0.0,1.0,0.9999999999999999,0.25456026058631925,1
1769786063.0526183,804.5234248788369,0.005,0.0,0.0,1.0,0.9999999999999999,0.2545234248788369,1
1769786063.0546038,804.4871794871794,0.005,0.0,0.0,1.0,0.9999999999999999,0.2544871794871795,1
1769786063.0565333,804.4515103338633,0.005,0.0,0.0,1.0,0.9999999999999999,0.2544515103338633,1
1769786063.058444,804.416403785489,0.005,0.0,0.0,1.0,0.9999999999999999,0.2544164037854891,1
1769786063.0604906,804.3818466353678,0.005,0.0,0.0,1.0,0.9999999999999999,0.25438184663536784,1
1769786063.063089,804.3478260869566,0.005,0.0,0.0,1.0,0.9999999999999999,0.25434782608695666,1
1769786063.0658875,804.3143297380585,0.005,0.0,0.0,1.0,0.9999999999999999,0.2543143297380585,1
1769786063.0683892,804.2813455657492,0.005,0.0,0.0,1.0,0.9999999999999999,0.2542813455657493,1
1769786063.070996,804.2488619119879,0.005,0.0,0.0,1.0,0.9999999999999999,0.25424886191198787,1
1769786063.0729258,804.2168674698795,0.005,0.0,0.0,1.0,0.9999999999999999,0.25421686746987954,1
1769786063.074938,804.1853512705532,0.005,0.0,0.0,1.0,0.9999999999999999,0.25418535127055314,1
1769786063.077896,804.1543026706231,0.005,0.0,0.0,1.0,0.9999999999999999,0.25415430267062317,1
1769786063.0801165,804.1237113402062,0.005,0.0,0.0,1.0,0.9999999999999999,0.2541237113402062,1
1769786063.0821853,804.093567251462,0.005,0.0,0.0,1.0,0.9999999999999999,0.254093567251462,1
1769786063.0841727,804.0638606676343,0.005,0.0,0.0,1.0,0.9999999999999999,0.25406386066763437,1
1769786063.0861764,804.0345821325649,0.005,0.0,0.0,1.0,0.9999999999999999,0.25403458213256486,1
1769786063.0881407,804.005722460658,0.005,0.0,0.0,1.0,0.9999999999999999,0.25400572246065806,1
1769786063.0906854,803.9772727272727,0.005,0.0,0.0,1.0,0.9999999999999999,0.25397727272727283,1
1769786063.0929775,803.9492242595205,0.005,0.0,0.0,1.0,0.9999999999999999,0.25394922425952055,1
1769786063.0954566,803.921568627451,0.005,0.0,0.0,1.0,0.9999999999999999,0.25392156862745113,1
1769786063.097372,803.8942976356051,0.005,0.0,0.0,1.0,0.9999999999999999,0.25389429763560506,1
1769786063.0992017,803.867403314917,0.005,0.0,0.0,1.0,0.9999999999999999,0.25386740331491703,1
1769786063.1016428,803.840877914952,0.005,0.0,0.0,1.0,0.9999999999999999,0.25384087791495197,1
1769786063.1045458,803.8147138964578,0.005,0.0,0.0,1.0,0.9999999999999999,0.25381471389645777,1
1769786063.1071846,803.7889039242219,0.005,0.0,0.0,1.0,0.9999999999999999,0.253788903924222,1
1769786063.1090376,803.7634408602152,0.005,0.0,0.0,1.0,0.9999999999999999,0.25376344086021513,1
1769786063.1112013,803.7383177570093,0.005,0.0,0.0,1.0,0.9999999999999999,0.25373831775700934,1
1769786063.1136122,803.7135278514589,0.005,0.0,0.0,1.0,0.9999999999999999,0.253713527851459,1
1769786063.115603,803.6890645586298,0.005,0.0,0.0,1.0,0.9999999999999999,0.2536890645586298,1
1769786063.1175294,803.6649214659686,0.005,0.0,0.0,1.0,0.9999999999999999,0.2536649214659687,1
1769786063.1195517,803.6410923276984,0.005,0.0,0.0,1.0,0.9999999999999999,0.25364109232769844,1
1769786063.1210904,803.6175710594315,0.005,0.0,0.0,1.0,0.9999999999999999,0.25361757105943156,1
1769786063.122517,803.594351732991,0.005,0.0,0.0,1.0,0.9999999999999999,0.253594351732991,1
1769786063.124025,803.5714285714286,0.005,0.0,0.0,1.0,0.9999999999999999,0.2535714285714286,1
1769786063.1258895,803.5487959442332,0.005,0.0,0.0,1.0,0.9999999999999999,0.25354879594423324,1
1769786063.1276026,803.5264483627204,0.005,0.0,0.0,1.0,0.9999999999999999,0.2535264483627205,1
1769786063.1295948,803.5043804755944,0.005,0.0,0.0,1.0,0.9999999999999999,0.2535043804755945,1
1769786063.1311326,803.4825870646767,0.005,0.0,0.0,1.0,0.9999999999999999,0.2534825870646768,1
1769786063.1328442,803.4610630407911,0.005,0.0,0.0,1.0,0.9999999999999999,0.25346106304079113,1
1769786063.1344728,803.4398034398034,0.005,0.0,0.0,1.0,0.9999999999999999,0.2534398034398035,1
1769786063.1357956,803.4188034188035,0.005,0.0,0.0,1.0,0.9999999999999999,0.25341880341880346,1
1769786063.1372993,803.3980582524272,0.005,0.0,0.0,1.0,0.9999999999999999,0.25339805825242717,1
1769786063.1387274,803.3775633293125,0.005,0.0,0.0,1.0,0.9999999999999999,0.25337756332931244,1
1769786063.140051,803.3573141486811,0.005,0.0,0.0,1.0,0.9999999999999999,0.2533573141486812,1
1769786063.141539,803.3373063170441,0.005,0.0,0.0,1.0,0.9999999999999999,0.25333730631704404,1
1769786063.142913,803.3175355450237,0.005,0.0,0.0,1.0,0.9999999999999999,0.25331753554502373,1
1769786063.1442575,803.2979976442874,0.005,0.0,0.0,1.0,0.9999999999999999,0.25329799764428745,1
1769786063.1457086,803.2786885245903,0.005,0.0,0.0,1.0,0.9999999999999999,0.2532786885245903,1
1769786063.147591,803.2596041909197,0.005,0.0,0.0,1.0,0.9999999999999999,0.2532596041909198,1
1769786063.1494834,803.2407407407406,0.005,0.0,0.0,1.0,0.9999999999999999,0.2532407407407407,1
1769786063.1511521,803.2220943613349,0.005,0.0,0.0,1.0,0.9999999999999999,0.25322209436133497,1
1769786063.1527646,803.2036613272311,0.005,0.0,0.0,1.0,0.9999999999999999,0.2532036613272311,1
1769786063.1542578,803.1854379977248,0.005,0.0,0.0,1.0,0.9999999999999999,0.2531854379977248,1
1769786063.155797,803.1674208144797,0.005,0.0,0.0,1.0,0.9999999999999999,0.2531674208144797,1
1769786063.157572,803.1496062992126,0.005,0.0,0.0,1.0,0.9999999999999999,0.2531496062992126,1
1769786063.1591446,803.1319910514542,0.005,0.0,0.0,1.0,0.9999999999999999,0.2531319910514542,1
1769786063.1606615,803.1145717463849,0.005,0.0,0.0,1.0,0.9999999999999999,0.2531145717463849,1
1769786063.1624885,803.0973451327434,0.005,0.0,0.0,1.0,0.9999999999999999,0.25309734513274346,1
1769786063.1644325,803.080308030803,0.005,0.0,0.0,1.0,0.9999999999999999,0.2530803080308031,1
1769786063.166132,803.0634573304158,0.005,0.0,0.0,1.0,0.9999999999999999,0.25306345733041574,1
1769786063.1677084,803.0467899891187,0.005,0.0,0.0,1.0,0.9999999999999999,0.2530467899891187,1
1769786063.169329,803.030303030303,0.005,0.0,0.0,1.0,0.9999999999999999,0.253030303030303,1
1769786063.1708312,803.0139935414425,0.005,0.0,0.0,1.0,0.9999999999999999,0.25301399354144244,1
1769786063.1726923,802.9978586723769,0.005,0.0,0.0,1.0,0.9999999999999999,0.25299785867237695,1
1769786063.174244,802.9818956336528,0.005,0.0,0.0,1.0,0.9999999999999999,0.25298189563365286,1
1769786063.1760533,802.9661016949153,0.005,0.0,0.0,1.0,0.9999999999999999,0.25296610169491535,1
1769786063.178087,802.9504741833509,0.005,0.0,0.0,1.0,0.9999999999999999,0.252950474183351,1
1769786063.1804278,802.9350104821804,0.005,0.0,0.0,1.0,0.9999999999999999,0.2529350104821804,1
1769786063.1825686,802.9197080291971,0.005,0.0,0.0,1.0,0.9999999999999999,0.2529197080291971,1
1769786063.1843886,802.9045643153527,0.005,0.0,0.0,1.0,0.9999999999999999,0.25290456431535274,1
1769786063.1862316,802.889576883385,0.005,0.0,0.0,1.0,0.9999999999999999,0.25288957688338504,1
1769786063.1881204,802.8747433264887,0.005,0.0,0.0,1.0,0.9999999999999999,0.2528747433264887,1
1769786063.1896222,802.8600612870276,0.005,0.0,0.0,1.0,0.9999999999999999,0.2528600612870277,1
1769786063.1911225,802.8455284552846,0.005,0.0,0.0,1.0,0.9999999999999999,0.2528455284552846,1
1769786063.1925166,802.8311425682507,0.005,0.0,0.0,1.0,0.9999999999999999,0.25283114256825073,1
1769786063.193914,802.8169014084507,0.005,0.0,0.0,1.0,0.9999999999999999,0.25281690140845076,1
1769786063.1952045,802.8028028028028,0.005,0.0,0.0,1.0,0.9999999999999999,0.2528028028028028,1
1769786063.2492602,0.0,0.0,0.0,0.0,1.0,0.0,0.0,1
1769786063.2527452,1224.1024840092405,0.004968992329,0.0,0.0,1.0,0.9999999999999999,0.6772032511092404,1
1769786063.2545164,1111.111111111111,0.005,0.0,0.0,1.0,0.9999999999999999,0.5611111111111111,1
1769786063.255955,1000.0000000000001,0.005,0.0,0.0,1.0,0.9999999999999999,0.45000000000000023,1
1769786063.2574255,947.3684210526316,0.005,0.0,0.0,1.0,0.9999999999999999,0.39736842105263154,1
1769786063.2590115,916.6666666666667,0.005,0.0,0.0,1.0,0.9999999999999999,0.36666666666666675,1
1769786063.2611268,896.551724137931,0.005,0.0,0.0,1.0,0.9999999999999999,0.34655172413793106,1
1769786063.262679,882.3529411764707,0.005,0.0,0.0,1.0,0.9999999999999999,0.3323529411764708,1
1769786063.264484,871.7948717948717,0.005,0.0,0.0,1.0,0.9999999999999999,0.3217948717948717,1
1769786063.2660995,863.6363636363636,0.005,0.0,0.0,1.0,0.9999999999999999,0.31363636363636366,1
1769786063.2676208,857.1428571428571,0.005,0.0,0.0,1.0,0.9999999999999999,0.3071428571428571,1
1769786063.2690587,851.8518518518518,0.005,0.0,0.0,1.0,0.9999999999999999,0.30185185185185187,1
1769786063.2704365,847.4576271186442,0.005,0.0,0.0,1.0,0.9999999999999999,0.29745762711864415,1
1769786063.2718294,843.75,0.005,0.0,0.0,1.0,0.9999999999999999,0.29375,1
1769786063.2734118,840.5797101449276,0.005,0.0,0.0,1.0,0.9999999999999999,0.2905797101449276,1
1769786063.2752297,837.8378378378378,0.005,0.0,0.0,1.0,0.9999999999999999,0.28783783783783784,1
1769786063.2769134,835.4430379746835,0.005,0.0,0.0,1.0,0.9999999999999999,0.28544303797468357,1
1769786063.278406,833.3333333333334,0.005,0.0,0.0,1.0,0.9999999999999999,0.2833333333333334,1
1769786063.2800071,831.4606741573034,0.005,0.0,0.0,1.0,0.9999999999999999,0.2814606741573034,1
1769786063.281609,829.7872340425532,0.005,0.0,0.0,1.0,0.9999999999999999,0.2797872340425533,1
1769786063.283323,828.2828282828283,0.005,0.0,0.0,1.0,0.9999999999999999,0.2782828282828283,1
1769786063.2849994,826.9230769230769,0.005,0.0,0.0,1.0,0.9999999999999999,0.2769230769230769,1
1769786063.2865393,825.6880733944954,0.005,0.0,0.0,1.0,0.9999999999999999,0.27568807339449547,1
1769786063.2879817,824.561403508772,0.005,0.0,0.0,1.0,0.9999999999999999,0.27456140350877195,1
1769786063.2895484,823.529411764706,0.005,0.0,0.0,1.0,0.9999999999999999,0.27352941176470597,1
1769786063.2911925,822.5806451612904,0.005,0.0,0.0,1.0,0.9999999999999999,0.2725806451612904,1
1769786063.293184,821.7054263565891,0.005,0.0,0.0,1.0,0.9999999999999999,0.2717054263565892,1
1769786063.294968,820.8955223880597,0.005,0.0,0.0,1.0,0.9999999999999999,0.27089552238805975,1
1769786063.2966664,820.1438848920864,0.005,0.0,0.0,1.0,0.9999999999999999,0.27014388489208635,1
1769786063.298331,819.4444444444445,0.005,0.0,0.0,1.0,0.9999999999999999,0.26944444444444443,1
1769786063.3000753,818.7919463087248,0.005,0.0,0.0,1.0,0.9999999999999999,0.2687919463087249,1
1769786063.301659,818.1818181818181,0.005,0.0,0.0,1.0,0.9999999999999999,0.26818181818181813,1
1769786063.3030584,817.6100628930818,0.005,0.0,0.0,1.0,0.9999999999999999,0.2676100628930818,1
1769786063.304498,817.0731707317074,0.005,0.0,0.0,1.0,0.9999999999999999,0.2670731707317074,1
1769786063.3059702,816.5680473372781,0.005,0.0,0.0,1.0,0.9999999999999999,0.2665680473372782,1
1769786063.3077707,816.0919540229885,0.005,0.0,0.0,1.0,0.9999999999999999,0.2660919540229885,1
1769786063.3093936,815.6424581005587,0.005,0.0,0.0,1.0,0.9999999999999999,0.2656424581005587,1
1769786063.310764,815.2173913043479,0.005,0.0,0.0,1.0,0.9999999999999999,0.2652173913043479,1
1769786063.3120775,814.8148148148149,0.005,0.0,0.0,1.0,0.9999999999999999,0.2648148148148149,1
1769786063.3135,814.4329896907217,0.005,0.0,0.0,1.0,0.9999999999999999,0.26443298969072176,1
1769786063.314889,814.070351758794,0.005,0.0,0.0,1.0,0.9999999999999999,0.26407035175879406,1
1769786063.3162591,813.7254901960785,0.005,0.0,0.0,1.0,0.9999999999999999,0.26372549019607844,1
1769786063.3175673,813.3971291866029,0.005,0.0,0.0,1.0,0.9999999999999999,0.2633971291866029,1
1769786063.3188858,813.0841121495326,0.005,0.0,0.0,1.0,0.9999999999999999,0.2630841121495327,1
1769786063.3203094,812.7853881278539,0.005,0.0,0.0,1.0,0.9999999999999999,0.26278538812785396,1
1769786063.32225,812.5000000000001,0.005,0.0,0.0,1.0,0.9999999999999999,0.2625000000000001,1
1769786063.3237884,812.2270742358079,0.005,0.0,0.0,1.0,0.9999999999999999,0.2622270742358079,1
1769786063.3252494,811.965811965812,0.005,0.0,0.0,1.0,0.9999999999999999,0.2619658119658121,1
1769786063.3265963,811.715481171548,0.005,0.0,0.0,1.0,0.9999999999999999,0.261715481171548,1
1769786063.3279197,811.4754098360656,0.005,0.0,0.0,1.0,0.9999999999999999,0.2614754098360657,1
1769786063.329258,811.2449799196788,0.005,0.0,0.0,1.0,0.9999999999999999,0.2612449799196788,1
1769786063.3307927,811.0236220472441,0.005,0.0,0.0,1.0,0.9999999999999999,0.2610236220472441,1
1769786063.3324,810.8108108108108,0.005,0.0,0.0,1.0,0.9999999999999999,0.26081081081081087,1
1769786063.3338797,810.6060606060606,0.005,0.0,0.0,1.0,0.9999999999999999,0.2606060606060607,1
1769786063.3354428,810.4089219330855,0.005,0.0,0.0,1.0,0.9999999999999999,0.26040892193308546,1
1769786063.3370862,810.2189781021898,0.005,0.0,0.0,1.0,0.9999999999999999,0.2602189781021898,1
1769786063.338751,810.0358422939069,0.005,0.0,0.0,1.0,0.9999999999999999,0.2600358422939069,1
1769786063.340439,809.8591549295775,0.005,0.0,0.0,1.0,0.9999999999999999,0.2598591549295775,1
1769786063.3420355,809.6885813148789,0.005,0.0,0.0,1.0,0.9999999999999999,0.2596885813148789,1
1769786063.3435209,809.5238095238095,0.005,0.0,0.0,1.0,0.9999999999999999,0.25952380952380955,1
1769786063.3451128,809.3645484949833,0.005,0.0,0.0,1.0,0.9999999999999999,0.2593645484949833,1
1769786063.3468287,809.2105263157895,0.005,0.0,0.0,1.0,0.9999999999999999,0.2592105263157895,1
1769786063.3483424,809.0614886731393,0.005,0.0,0.0,1.0,0.9999999999999999,0.25906148867313933,1
1769786063.3499434,808.9171974522293,0.005,0.0,0.0,1.0,0.9999999999999999,0.25891719745222935,1
1769786063.351784,808.7774294670846,0.005,0.0,0.0,1.0,0.9999999999999999,0.25877742946708465,1
1769786063.353706,808.641975308642,0.005,0.0,0.0,1.0,0.9999999999999999,0.258641975308642,1
1769786063.3553686,808.5106382978723,0.005,0.0,0.0,1.0,0.9999999999999999,0.2585106382978724,1
1769786063.3569033,808.3832335329341,0.005,0.0,0.0,1.0,0.9999999999999999,0.2583832335329342,1
1769786063.358283,808.259587020649,0.005,0.0,0.0,1.0,0.9999999999999999,0.25825958702064894,1
1769786063.3595922,808.1395348837209,0.005,0.0,0.0,1.0,0.9999999999999999,0.25813953488372093,1
1769786063.3610585,808.0229226361032,0.005,0.0,0.0,1.0,0.9999999999999999,0.2580229226361032,1
1769786063.3625689,807.909604519774,0.005,0.0,0.0,1.0,0.9999999999999999,0.257909604519774,1
1769786063.3639066,807.799442896936,0.005,0.0,0.0,1.0,0.9999999999999999,0.25779944289693596,1
1769786063.365373,807.6923076923076,0.005,0.0,0.0,1.0,0.9999999999999999,0.2576923076923076,1
1769786063.3668609,807.5880758807588,0.005,0.0,0.0,1.0,0.9999999999999999,0.25758807588075877,1
1769786063.3682137,807.4866310160428,0.005,0.0,0.0,1.0,0.9999999999999999,0.2574866310160428,1
1769786063.3697324,807.3878627968338,0.005,0.0,0.0,1.0,0.9999999999999999,0.25738786279683384,1
1769786063.3710673,807.2916666666667,0.005,0.0,0.0,1.0,0.9999999999999999,0.25729166666666675,1
1769786063.3724842,807.1979434447301,0.005,0.0,0.0,1.0,0.9999999999999999,0.25719794344473007,1
1769786063.373813,807.1065989847716,0.005,0.0,0.0,1.0,0.9999999999999999,0.2571065989847717,1
1769786063.3752055,807.0175438596492,0.005,0.0,0.0,1.0,0.9999999999999999,0.2570175438596492,1
1769786063.3769076,806.9306930693069,0.005,0.0,0.0,1.0,0.9999999999999999,0.256930693069307,1
1769786063.37867,806.8459657701712,0.005,0.0,0.0,1.0,0.9999999999999999,0.2568459657701712,1
1769786063.3801355,806.7632850241547,0.005,0.0,0.0,1.0,0.9999999999999999,0.25676328502415474,1
1769786063.3815463,806.6825775656325,0.005,0.0,0.0,1.0,0.9999999999999999,0.25668257756563256,1
1769786063.3829238,806.6037735849056,0.005,0.0,0.0,1.0,0.9999999999999999,0.25660377358490566,1
1769786063.3842974,806.5268065268065,0.005,0.0,0.0,1.0,0.9999999999999999,0.25652680652680654,1
1769786063.3857017,806.4516129032259,0.005,0.0,0.0,1.0,0.9999999999999999,0.2564516129032259,1
1769786063.3870306,806.378132118451,0.005,0.0,0.0,1.0,0.9999999999999999,0.2563781321184511,1
1769786063.3884108,806.3063063063064,0.005,0.0,0.0,1.0,0.9999999999999999,0.2563063063063064,1
1769786063.3898292,806.2360801781737,0.005,0.0,0.0,1.0,0.9999999999999999,0.25623608017817373,1
1769786063.3912425,806.1674008810572,0.005,0.0,0.0,1.0,0.9999999999999999,0.2561674008810572,1
1769786063.3930748,806.1002178649238,0.005,0.0,0.0,1.0,0.9999999999999999,0.2561002178649238,1
1769786063.3949156,806.0344827586207,0.005,0.0,0.0,1.0,0.9999999999999999,0.2560344827586207,1
1769786063.396582,805.9701492537314,0.005,0.0,0.0,1.0,0.9999999999999999,0.25597014925373146,1
1769786063.3981814,805.9071729957806,0.005,0.0,0.0,1.0,0.9999999999999999,0.25590717299578064,1
1769786063.3995652,805.8455114822547,0.005,0.0,0.0,1.0,0.9999999999999999,0.2558455114822547,1
1769786063.401124,805.7851239669421,0.005,0.0,0.0,1.0,0.9999999999999999,0.25578512396694214,1
1769786063.4024813,805.7259713701432,0.005,0.0,0.0,1.0,0.9999999999999999,0.25572597137014313,1
1769786063.4038393,805.668016194332,0.005,0.0,0.0,1.0,0.9999999999999999,0.25566801619433205,1
1769786063.4052489,805.6112224448898,0.005,0.0,0.0,1.0,0.9999999999999999,0.2556112224448898,1
1769786063.4066885,805.5555555555555,0.005,0.0,0.0,1.0,0.9999999999999999,0.2555555555555556,1
1769786063.4093547,805.5009823182711,0.005,0.0,0.0,1.0,0.9999999999999999,0.2555009823182712,1
1769786063.4115944,805.4474708171207,0.005,0.0,0.0,1.0,0.9999999999999999,0.25544747081712077,1
1769786063.4134912,805.3949903660887,0.005,0.0,0.0,1.0,0.9999999999999999,0.25539499036608876,1
1769786063.4153745,805.3435114503817,0.005,0.0,0.0,1.0,0.9999999999999999,0.25534351145038175,1
1769786063.4173062,805.2930056710775,0.005,0.0,0.0,1.0,0.9999999999999999,0.25529300567107754,1
1769786063.418786,805.2434456928839,0.005,0.0,0.0,1.0,0.9999999999999999,0.255243445692884,1
1769786063.4201581,805.1948051948052,0.005,0.0,0.0,1.0,0.9999999999999999,0.25519480519480525,1
1769786063.4218338,805.1470588235295,0.005,0.0,0.0,1.0,0.9999999999999999,0.25514705882352956,1
1769786063.4234402,805.1001821493625,0.005,0.0,0.0,1.0,0.9999999999999999,0.25510018214936253,1
1769786063.4257002,805.0541516245487,0.005,0.0,0.0,1.0,0.9999999999999999,0.25505415162454875,1
1769786063.427562,805.0089445438283,0.005,0.0,0.0,1.0,0.9999999999999999,0.25500894454382833,1
1769786063.4292667,804.9645390070923,0.005,0.0,0.0,1.0,0.9999999999999999,0.2549645390070923,1
1769786063.4308114,804.9209138840071,0.005,0.0,0.0,1.0,0.9999999999999999,0.2549209138840071,1
1769786063.4325137,804.8780487804878,0.005,0.0,0.0,1.0,0.9999999999999999,0.25487804878048786,1
1769786063.4340832,804.8359240069085,0.005,0.0,0.0,1.0,0.9999999999999999,0.2548359240069085,1
1769786063.4356098,804.7945205479452,0.005,0.0,0.0,1.0,0.9999999999999999,0.2547945205479452,1
1769786063.437129,804.7538200339559,0.005,0.0,0.0,1.0,0.9999999999999999,0.2547538200339559,1
1769786063.4385672,804.7138047138047,0.005,0.0,0.0,1.0,0.9999999999999999,0.2547138047138047,1
1769786063.4398928,804.6744574290484,0.005,0.0,0.0,1.0,0.9999999999999999,0.25467445742904843,1
1769786063.441509,804.635761589404,0.005,0.0,0.0,1.0,0.9999999999999999,0.254635761589404,1
1769786063.4429557,804.5977011494253,0.005,0.0,0.0,1.0,0.9999999999999999,0.2545977011494254,1
1769786063.4444916,804.5602605863193,0.005,0.0,0.0,1.0,0.9999999999999999,0.25456026058631925,1
1769786063.4459708,804.5234248788369,0.005,0.0,0.0,1.0,0.9999999999999999,0.2545234248788369,1
1769786063.4474893,804.4871794871794,0.005,0.0,0.0,1.0,0.9999999999999999,0.2544871794871795,1
1769786063.4496095,804.4515103338633,0.005,0.0,0.0,1.0,0.9999999999999999,0.2544515103338633,1
1769786063.4513085,804.416403785489,0.005,0.0,0.0,1.0,0.9999999999999999,0.2544164037854891,1
1769786063.4531484,804.3818466353678,0.005,0.0,0.0,1.0,0.9999999999999999,0.25438184663536784,1
1769786063.4547927,804.3478260869566,0.005,0.0,0.0,1.0,0.9999999999999999,0.25434782608695666,1
1769786063.4565318,804.3143297380585,0.005,0.0,0.0,1.0,0.9999999999999999,0.2543143297380585,1
1769786063.4580042,804.2813455657492,0.005,0.0,0.0,1.0,0.9999999999999999,0.2542813455657493,1
1769786063.4594488,804.2488619119879,0.005,0.0,0.0,1.0,0.9999999999999999,0.25424886191198787,1
1769786063.4609663,804.2168674698795,0.005,0.0,0.0,1.0,0.9999999999999999,0.25421686746987954,1
1769786063.4623454,804.1853512705532,0.005,0.0,0.0,1.0,0.9999999999999999,0.25418535127055314,1
1769786063.4640946,804.1543026706231,0.005,0.0,0.0,1.0,0.9999999999999999,0.25415430267062317,1
1769786063.4657204,804.1237113402062,0.005,0.0,0.0,1.0,0.9999999999999999,0.2541237113402062,1
1769786063.4675794,804.093567251462,0.005,0.0,0.0,1.0,0.9999999999999999,0.254093567251462,1
1769786063.4691436,804.0638606676343,0.005,0.0,0.0,1.0,0.9999999999999999,0.25406386066763437,1
1769786063.4705856,804.0345821325649,0.005,0.0,0.0,1.0,0.9999999999999999,0.25403458213256486,1
1769786063.4720683,804.005722460658,0.005,0.0,0.0,1.0,0.9999999999999999,0.25400572246065806,1
1769786063.473518,803.9772727272727,0.005,0.0,0.0,1.0,0.9999999999999999,0.25397727272727283,1
1769786063.475012,803.9492242595205,0.005,0.0,0.0,1.0,0.9999999999999999,0.25394922425952055,1
1769786063.4766111,803.921568627451,0.005,0.0,0.0,1.0,0.9999999999999999,0.25392156862745113,1
1769786063.478542,803.8942976356051,0.005,0.0,0.0,1.0,0.9999999999999999,0.25389429763560506,1
1769786063.4801242,803.867403314917,0.005,0.0,0.0,1.0,0.9999999999999999,0.25386740331491703,1
1769786063.4818764,803.840877914952,0.005,0.0,0.0,1.0,0.9999999999999999,0.25384087791495197,1
1769786063.483332,803.8147138964578,0.005,0.0,0.0,1.0,0.9999999999999999,0.25381471389645777,1
1769786063.4848797,803.7889039242219,0.005,0.0,0.0,1.0,0.9999999999999999,0.253788903924222,1
1769786063.486279,803.7634408602152,0.005,0.0,0.0,1.0,0.9999999999999999,0.25376344086021513,1
1769786063.4877982,803.7383177570093,0.005,0.0,0.0,1.0,0.9999999999999999,0.25373831775700934,1
1769786063.489256,803.7135278514589,0.005,0.0,0.0,1.0,0.9999999999999999,0.253713527851459,1
1769786063.4906404,803.6890645586298,0.005,0.0,0.0,1.0,0.9999999999999999,0.2536890645586298,1
1769786063.4921002,803.6649214659686,0.005,0.0,0.0,1.0,0.9999999999999999,0.2536649214659687,1
1769786063.4937177,803.6410923276984,0.005,0.0,0.0,1.0,0.9999999999999999,0.25364109232769844,1
1769786063.4958053,803.6175710594315,0.005,0.0,0.0,1.0,0.9999999999999999,0.25361757105943156,1
1769786063.4975019,803.594351732991,0.005,0.0,0.0,1.0,0.9999999999999999,0.253594351732991,1
1769786063.4991856,803.5714285714286,0.005,0.0,0.0,1.0,0.9999999999999999,0.2535714285714286,1
1769786063.5006473,803.5487959442332,0.005,0.0,0.0,1.0,0.9999999999999999,0.25354879594423324,1
1769786063.5020149,803.5264483627204,0.005,0.0,0.0,1.0,0.9999999999999999,0.2535264483627205,1
1769786063.5035756,803.5043804755944,0.005,0.0,0.0,1.0,0.9999999999999999,0.2535043804755945,1
1769786063.505069,803.4825870646767,0.005,0.0,0.0,1.0,0.9999999999999999,0.2534825870646768,1
1769786063.506621,803.4610630407911,0.005,0.0,0.0,1.0,0.9999999999999999,0.25346106304079113,1
1769786063.5082152,803.4398034398034,0.005,0.0,0.0,1.0,0.9999999999999999,0.2534398034398035,1
1769786063.5098143,803.4188034188035,0.005,0.0,0.0,1.0,0.9999999999999999,0.25341880341880346,1
1769786063.5114958,803.3980582524272,0.005,0.0,0.0,1.0,0.9999999999999999,0.25339805825242717,1
1769786063.5131185,803.3775633293125,0.005,0.0,0.0,1.0,0.9999999999999999,0.25337756332931244,1
1769786063.5145063,803.3573141486811,0.005,0.0,0.0,1.0,0.9999999999999999,0.2533573141486812,1
1769786063.5158727,803.3373063170441,0.005,0.0,0.0,1.0,0.9999999999999999,0.25333730631704404,1
1769786063.5173314,803.3175355450237,0.005,0.0,0.0,1.0,0.9999999999999999,0.25331753554502373,1
1769786063.5187056,803.2979976442874,0.005,0.0,0.0,1.0,0.9999999999999999,0.25329799764428745,1
1769786063.5204408,803.2786885245903,0.005,0.0,0.0,1.0,0.9999999999999999,0.2532786885245903,1
1769786063.5220194,803.2596041909197,0.005,0.0,0.0,1.0,0.9999999999999999,0.2532596041909198,1
1769786063.5235386,803.2407407407406,0.005,0.0,0.0,1.0,0.9999999999999999,0.2532407407407407,1
1769786063.5252655,803.2220943613349,0.005,0.0,0.0,1.0,0.9999999999999999,0.25322209436133497,1
1769786063.527348,803.2036613272311,0.005,0.0,0.0,1.0,0.9999999999999999,0.2532036613272311,1
1769786063.5294735,803.1854379977248,0.005,0.0,0.0,1.0,0.9999999999999999,0.2531854379977248,1
1769786063.531355,803.1674208144797,0.005,0.0,0.0,1.0,0.9999999999999999,0.2531674208144797,1
1769786063.5331194,803.1496062992126,0.005,0.0,0.0,1.0,0.9999999999999999,0.2531496062992126,1
1769786063.534791,803.1319910514542,0.005,0.0,0.0,1.0,0.9999999999999999,0.2531319910514542,1
1769786063.536477,803.1145717463849,0.005,0.0,0.0,1.0,0.9999999999999999,0.2531145717463849,1
1769786063.5379727,803.0973451327434,0.005,0.0,0.0,1.0,0.9999999999999999,0.25309734513274346,1
1769786063.539325,803.080308030803,0.005,0.0,0.0,1.0,0.9999999999999999,0.2530803080308031,1
1769786063.5407991,803.0634573304158,0.005,0.0,0.0,1.0,0.9999999999999999,0.25306345733041574,1
1769786063.5422342,803.0467899891187,0.005,0.0,0.0,1.0,0.9999999999999999,0.2530467899891187,1
1769786063.5438433,803.030303030303,0.005,0.0,0.0,1.0,0.9999999999999999,0.253030303030303,1
1769786063.5456567,803.0139935414425,0.005,0.0,0.0,1.0,0.9999999999999999,0.25301399354144244,1
1769786063.54726,802.9978586723769,0.005,0.0,0.0,1.0,0.9999999999999999,0.25299785867237695,1
1769786063.548932,802.9818956336528,0.005,0.0,0.0,1.0,0.9999999999999999,0.25298189563365286,1
1769786063.5505989,802.9661016949153,0.005,0.0,0.0,1.0,0.9999999999999999,0.25296610169491535,1
1769786063.552386,802.9504741833509,0.005,0.0,0.0,1.0,0.9999999999999999,0.252950474183351,1
1769786063.5540433,802.9350104821804,0.005,0.0,0.0,1.0,0.9999999999999999,0.2529350104821804,1
1769786063.5555277,802.9197080291971,0.005,0.0,0.0,1.0,0.9999999999999999,0.2529197080291971,1
1769786063.557061,802.9045643153527,0.005,0.0,0.0,1.0,0.9999999999999999,0.25290456431535274,1
1769786063.5587113,802.889576883385,0.005,0.0,0.0,1.0,0.9999999999999999,0.25288957688338504,1
1769786063.5602603,802.8747433264887,0.005,0.0,0.0,1.0,0.9999999999999999,0.2528747433264887,1
1769786063.5617428,802.8600612870276,0.005,0.0,0.0,1.0,0.9999999999999999,0.2528600612870277,1
1769786063.5630932,802.8455284552846,0.005,0.0,0.0,1.0,0.9999999999999999,0.2528455284552846,1
1769786063.5644708,802.8311425682507,0.005,0.0,0.0,1.0,0.9999999999999999,0.25283114256825073,1
1769786063.565805,802.8169014084507,0.005,0.0,0.0,1.0,0.9999999999999999,0.25281690140845076,1
1769786063.5673456,802.8028028028028,0.005,0.0,0.0,1.0,0.9999999999999999,0.2528028028028028,1
1769786063.622409,0.0,0.0,0.0,0.0,1.0,0.0,0.0,1
1769786063.6253638,1334.6206964752255,0.004086813192,0.0,0.0,1.0,0.9999999999999999,0.8759393772752253,1
1769786063.6273575,1111.111111111111,0.005,0.0,0.0,1.0,0.9999999999999999,0.5611111111111111,1
1769786063.6291106,1000.0000000000001,0.005,0.0,0.0,1.0,0.9999999999999999,0.45000000000000023,1
1769786063.6308446,947.3684210526316,0.005,0.0,0.0,1.0,0.9999999999999999,0.39736842105263154,1
1769786063.6327538,916.6666666666667,0.005,0.0,0.0,1.0,0.9999999999999999,0.36666666666666675,1
1769786063.6342065,896.551724137931,0.005,0.0,0.0,1.0,0.9999999999999999,0.34655172413793106,1
1769786063.6355107,882.3529411764707,0.005,0.0,0.0,1.0,0.9999999999999999,0.3323529411764708,1
1769786063.63703,871.7948717948717,0.005,0.0,0.0,1.0,0.9999999999999999,0.3217948717948717,1
1769786063.639415,863.6363636363636,0.005,0.0,0.0,1.0,0.9999999999999999,0.31363636363636366,1
1769786063.6412451,857.1428571428571,0.005,0.0,0.0,1.0,0.9999999999999999,0.3071428571428571,1
1769786063.6432877,851.8518518518518,0.005,0.0,0.0,1.0,0.9999999999999999,0.30185185185185187,1
1769786063.6457052,847.4576271186442,0.005,0.0,0.0,1.0,0.9999999999999999,0.29745762711864415,1
1769786063.647707,843.75,0.005,0.0,0.0,1.0,0.9999999999999999,0.29375,1
1769786063.6494312,840.5797101449276,0.005,0.0,0.0,1.0,0.9999999999999999,0.2905797101449276,1
1769786063.6510231,837.8378378378378,0.005,0.0,0.0,1.0,0.9999999999999999,0.28783783783783784,1
1769786063.65245,835.4430379746835,0.005,0.0,0.0,1.0,0.9999999999999999,0.28544303797468357,1
1769786063.6539793,833.3333333333334,0.005,0.0,0.0,1.0,0.9999999999999999,0.2833333333333334,1
1769786063.655367,831.4606741573034,0.005,0.0,0.0,1.0,0.9999999999999999,0.2814606741573034,1
1769786063.6568947,829.7872340425532,0.005,0.0,0.0,1.0,0.9999999999999999,0.2797872340425533,1
1769786063.6584466,828.2828282828283,0.005,0.0,0.0,1.0,0.9999999999999999,0.2782828282828283,1
1769786063.6601613,826.9230769230769,0.005,0.0,0.0,1.0,0.9999999999999999,0.2769230769230769,1
1769786063.6618683,825.6880733944954,0.005,0.0,0.0,1.0,0.9999999999999999,0.27568807339449547,1
1769786063.6634376,824.561403508772,0.005,0.0,0.0,1.0,0.9999999999999999,0.27456140350877195,1
1769786063.6650052,823.529411764706,0.005,0.0,0.0,1.0,0.9999999999999999,0.27352941176470597,1
1769786063.666554,822.5806451612904,0.005,0.0,0.0,1.0,0.9999999999999999,0.2725806451612904,1
1769786063.668072,821.7054263565891,0.005,0.0,0.0,1.0,0.9999999999999999,0.2717054263565892,1
1769786063.6697838,820.8955223880597,0.005,0.0,0.0,1.0,0.9999999999999999,0.27089552238805975,1
1769786063.6722636,820.1438848920864,0.005,0.0,0.0,1.0,0.9999999999999999,0.27014388489208635,1
1769786063.6739674,819.4444444444445,0.005,0.0,0.0,1.0,0.9999999999999999,0.26944444444444443,1
1769786063.6755378,818.7919463087248,0.005,0.0,0.0,1.0,0.9999999999999999,0.2687919463087249,1
1769786063.6772025,818.1818181818181,0.005,0.0,0.0,1.0,0.9999999999999999,0.26818181818181813,1
1769786063.6786597,817.6100628930818,0.005,0.0,0.0,1.0,0.9999999999999999,0.2676100628930818,1
1769786063.6801748,817.0731707317074,0.005,0.0,0.0,1.0,0.9999999999999999,0.2670731707317074,1
1769786063.6817062,816.5680473372781,0.005,0.0,0.0,1.0,0.9999999999999999,0.2665680473372782,1
1769786063.6832755,816.0919540229885,0.005,0.0,0.0,1.0,0.9999999999999999,0.2660919540229885,1
1769786063.6850674,815.6424581005587,0.005,0.0,0.0,1.0,0.9999999999999999,0.2656424581005587,1
1769786063.6869261,815.2173913043479,0.005,0.0,0.0,1.0,0.9999999999999999,0.2652173913043479,1
1769786063.6888237,814.8148148148149,0.005,0.0,0.0,1.0,0.9999999999999999,0.2648148148148149,1
1769786063.6905165,814.4329896907217,0.005,0.0,0.0,1.0,0.9999999999999999,0.26443298969072176,1
1769786063.6923227,814.070351758794,0.005,0.0,0.0,1.0,0.9999999999999999,0.26407035175879406,1
1769786063.6941652,813.7254901960785,0.005,0.0,0.0,1.0,0.9999999999999999,0.26372549019607844,1
1769786063.6958773,813.3971291866029,0.005,0.0,0.0,1.0,0.9999999999999999,0.2633971291866029,1
1769786063.6977055,813.0841121495326,0.005,0.0,0.0,1.0,0.9999999999999999,0.2630841121495327,1
1769786063.6994176,812.7853881278539,0.005,0.0,0.0,1.0,0.9999999999999999,0.26278538812785396,1
1769786063.701356,812.5000000000001,0.005,0.0,0.0,1.0,0.9999999999999999,0.2625000000000001,1
1769786063.7031438,812.2270742358079,0.005,0.0,0.0,1.0,0.9999999999999999,0.2622270742358079,1
1769786063.704702,811.965811965812,0.005,0.0,0.0,1.0,0.9999999999999999,0.2619658119658121,1
1769786063.70616,811.715481171548,0.005,0.0,0.0,1.0,0.9999999999999999,0.261715481171548,1
1769786063.7077487,811.4754098360656,0.005,0.0,0.0,1.0,0.9999999999999999,0.2614754098360657,1
1769786063.709587,811.2449799196788,0.005,0.0,0.0,1.0,0.9999999999999999,0.2612449799196788,1
1769786063.7112522,811.0236220472441,0.005,0.0,0.0,1.0,0.9999999999999999,0.2610236220472441,1
1769786063.712933,810.8108108108108,0.005,0.0,0.0,1.0,0.9999999999999999,0.26081081081081087,1
1769786063.7147174,810.6060606060606,0.005,0.0,0.0,1.0,0.9999999999999999,0.2606060606060607,1
1769786063.7167337,810.4089219330855,0.005,0.0,0.0,1.0,0.9999999999999999,0.26040892193308546,1
1769786063.718427,810.2189781021898,0.005,0.0,0.0,1.0,0.9999999999999999,0.2602189781021898,1
1769786063.7199912,810.0358422939069,0.005,0.0,0.0,1.0,0.9999999999999999,0.2600358422939069,1
1769786063.7215397,809.8591549295775,0.005,0.0,0.0,1.0,0.9999999999999999,0.2598591549295775,1
1769786063.7230623,809.6885813148789,0.005,0.0,0.0,1.0,0.9999999999999999,0.2596885813148789,1
1769786063.7248244,809.5238095238095,0.005,0.0,0.0,1.0,0.9999999999999999,0.25952380952380955,1
1769786063.726493,809.3645484949833,0.005,0.0,0.0,1.0,0.9999999999999999,0.2593645484949833,1
1769786063.7279384,809.2105263157895,0.005,0.0,0.0,1.0,0.9999999999999999,0.2592105263157895,1
1769786063.7293096,809.0614886731393,0.005,0.0,0.0,1.0,0.9999999999999999,0.25906148867313933,1
1769786063.7309158,808.9171974522293,0.005,0.0,0.0,1.0,0.9999999999999999,0.25891719745222935,1
1769786063.7324834,808.7774294670846,0.005,0.0,0.0,1.0,0.9999999999999999,0.25877742946708465,1
1769786063.7340062,808.641975308642,0.005,0.0,0.0,1.0,0.9999999999999999,0.258641975308642,1
1769786063.7354293,808.5106382978723,0.005,0.0,0.0,1.0,0.9999999999999999,0.2585106382978724,1
1769786063.7368903,808.3832335329341,0.005,0.0,0.0,1.0,0.9999999999999999,0.2583832335329342,1
1769786063.738411,808.259587020649,0.005,0.0,0.0,1.0,0.9999999999999999,0.25825958702064894,1
1769786063.7403326,808.1395348837209,0.005,0.0,0.0,1.0,0.9999999999999999,0.25813953488372093,1
1769786063.7421257,808.0229226361032,0.005,0.0,0.0,1.0,0.9999999999999999,0.2580229226361032,1
1769786063.7437537,807.909604519774,0.005,0.0,0.0,1.0,0.9999999999999999,0.257909604519774,1
1769786063.7455196,807.799442896936,0.005,0.0,0.0,1.0,0.9999999999999999,0.25779944289693596,1
1769786063.7470133,807.6923076923076,0.005,0.0,0.0,1.0,0.9999999999999999,0.2576923076923076,1
1769786063.7489796,807.5880758807588,0.005,0.0,0.0,1.0,0.9999999999999999,0.25758807588075877,1
1769786063.7507203,807.4866310160428,0.005,0.0,0.0,1.0,0.9999999999999999,0.2574866310160428,1
1769786063.752268,807.3878627968338,0.005,0.0,0.0,1.0,0.9999999999999999,0.25738786279683384,1
1769786063.7536256,807.2916666666667,0.005,0.0,0.0,1.0,0.9999999999999999,0.25729166666666675,1
1769786063.7549548,807.1979434447301,0.005,0.0,0.0,1.0,0.9999999999999999,0.25719794344473007,1
1769786063.7564704,807.1065989847716,0.005,0.0,0.0,1.0,0.9999999999999999,0.2571065989847717,1
1769786063.7578914,807.0175438596492,0.005,0.0,0.0,1.0,0.9999999999999999,0.2570175438596492,1
1769786063.7594333,806.9306930693069,0.005,0.0,0.0,1.0,0.9999999999999999,0.256930693069307,1
1769786063.7613165,806.8459657701712,0.005,0.0,0.0,1.0,0.9999999999999999,0.2568459657701712,1
1769786063.7632334,806.7632850241547,0.005,0.0,0.0,1.0,0.9999999999999999,0.25676328502415474,1
1769786063.7654686,806.6825775656325,0.005,0.0,0.0,1.0,0.9999999999999999,0.25668257756563256,1
1769786063.7673147,806.6037735849056,0.005,0.0,0.0,1.0,0.9999999999999999,0.25660377358490566,1
1769786063.7689972,806.5268065268065,0.005,0.0,0.0,1.0,0.9999999999999999,0.25652680652680654,1
1769786063.7704775,806.4516129032259,0.005,0.0,0.0,1.0,0.9999999999999999,0.2564516129032259,1
1769786063.772026,806.378132118451,0.005,0.0,0.0,1.0,0.9999999999999999,0.2563781321184511,1
1769786063.7734962,806.3063063063064,0.005,0.0,0.0,1.0,0.9999999999999999,0.2563063063063064,1
1769786063.7749474,806.2360801781737,0.005,0.0,0.0,1.0,0.9999999999999999,0.25623608017817373,1
1769786063.7765236,806.1674008810572,0.005,0.0,0.0,1.0,0.9999999999999999,0.2561674008810572,1
1769786063.7779806,806.1002178649238,0.005,0.0,0.0,1.0,0.9999999999999999,0.2561002178649238,1
1769786063.7797575,806.0344827586207,0.005,0.0,0.0,1.0,0.9999999999999999,0.2560344827586207,1
1769786063.7813845,805.9701492537314,0.005,0.0,0.0,1.0,0.9999999999999999,0.25597014925373146,1
1769786063.7828124,805.9071729957806,0.005,0.0,0.0,1.0,0.9999999999999999,0.25590717299578064,1
1769786063.7844117,805.8455114822547,0.005,0.0,0.0,1.0,0.9999999999999999,0.2558455114822547,1
1769786063.7861006,805.7851239669421,0.005,0.0,0.0,1.0,0.9999999999999999,0.25578512396694214,1
1769786063.7878637,805.7259713701432,0.005,0.0,0.0,1.0,0.9999999999999999,0.25572597137014313,1
1769786063.790176,805.668016194332,0.005,0.0,0.0,1.0,0.9999999999999999,0.25566801619433205,1
1769786063.7918153,805.6112224448898,0.005,0.0,0.0,1.0,0.9999999999999999,0.2556112224448898,1
1769786063.7932394,805.5555555555555,0.005,0.0,0.0,1.0,0.9999999999999999,0.2555555555555556,1
1769786063.7946436,805.5009823182711,0.005,0.0,0.0,1.0,0.9999999999999999,0.2555009823182712,1
1769786063.7968192,805.4474708171207,0.005,0.0,0.0,1.0,0.9999999999999999,0.25544747081712077,1
1769786063.7982857,805.3949903660887,0.005,0.0,0.0,1.0,0.9999999999999999,0.25539499036608876,1
1769786063.7997875,805.3435114503817,0.005,0.0,0.0,1.0,0.9999999999999999,0.25534351145038175,1
1769786063.80149,805.2930056710775,0.005,0.0,0.0,1.0,0.9999999999999999,0.25529300567107754,1
1769786063.803357,805.2434456928839,0.005,0.0,0.0,1.0,0.9999999999999999,0.255243445692884,1
1769786063.8054478,805.1948051948052,0.005,0.0,0.0,1.0,0.9999999999999999,0.25519480519480525,1
1769786063.8071804,805.1470588235295,0.005,0.0,0.0,1.0,0.9999999999999999,0.25514705882352956,1
1769786063.8086057,805.1001821493625,0.005,0.0,0.0,1.0,0.9999999999999999,0.25510018214936253,1
1769786063.810156,805.0541516245487,0.005,0.0,0.0,1.0,0.9999999999999999,0.25505415162454875,1
1769786063.8115923,805.0089445438283,0.005,0.0,0.0,1.0,0.9999999999999999,0.25500894454382833,1
1769786063.8130643,804.9645390070923,0.005,0.0,0.0,1.0,0.9999999999999999,0.2549645390070923,1
1769786063.8145545,804.9209138840071,0.005,0.0,0.0,1.0,0.9999999999999999,0.2549209138840071,1
1769786063.8160367,804.8780487804878,0.005,0.0,0.0,1.0,0.9999999999999999,0.25487804878048786,1
1769786063.8175507,804.8359240069085,0.005,0.0,0.0,1.0,0.9999999999999999,0.2548359240069085,1
1769786063.8199406,804.7945205479452,0.005,0.0,0.0,1.0,0.9999999999999999,0.2547945205479452,1
1769786063.8216655,804.7538200339559,0.005,0.0,0.0,1.0,0.9999999999999999,0.2547538200339559,1
1769786063.8231523,804.7138047138047,0.005,0.0,0.0,1.0,0.9999999999999999,0.2547138047138047,1
1769786063.8245573,804.6744574290484,0.005,0.0,0.0,1.0,0.9999999999999999,0.25467445742904843,1
1769786063.8258975,804.635761589404,0.005,0.0,0.0,1.0,0.9999999999999999,0.254635761589404,1
1769786063.8275192,804.5977011494253,0.005,0.0,0.0,1.0,0.9999999999999999,0.2545977011494254,1
1769786063.829074,804.5602605863193,0.005,0.0,0.0,1.0,0.9999999999999999,0.25456026058631925,1
1769786063.8305745,804.5234248788369,0.005,0.0,0.0,1.0,0.9999999999999999,0.2545234248788369,1
1769786063.8320072,804.4871794871794,0.005,0.0,0.0,1.0,0.9999999999999999,0.2544871794871795,1
1769786063.8337533,804.4515103338633,0.005,0.0,0.0,1.0,0.9999999999999999,0.2544515103338633,1
1769786063.8353891,804.416403785489,0.005,0.0,0.0,1.0,0.9999999999999999,0.2544164037854891,1
1769786063.836894,804.3818466353678,0.005,0.0,0.0,1.0,0.9999999999999999,0.25438184663536784,1
1769786063.8382459,804.3478260869566,0.005,0.0,0.0,1.0,0.9999999999999999,0.25434782608695666,1
1769786063.8395615,804.3143297380585,0.005,0.0,0.0,1.0,0.9999999999999999,0.2543143297380585,1
1769786063.8409886,804.2813455657492,0.005,0.0,0.0,1.0,0.9999999999999999,0.2542813455657493,1
1769786063.8430057,804.2488619119879,0.005,0.0,0.0,1.0,0.9999999999999999,0.25424886191198787,1
1769786063.8448157,804.2168674698795,0.005,0.0,0.0,1.0,0.9999999999999999,0.25421686746987954,1
1769786063.8463998,804.1853512705532,0.005,0.0,0.0,1.0,0.9999999999999999,0.25418535127055314,1
1769786063.848111,804.1543026706231,0.005,0.0,0.0,1.0,0.9999999999999999,0.25415430267062317,1
1769786063.8496962,804.1237113402062,0.005,0.0,0.0,1.0,0.9999999999999999,0.2541237113402062,1
1769786063.8512666,804.093567251462,0.005,0.0,0.0,1.0,0.9999999999999999,0.254093567251462,1
1769786063.8528497,804.0638606676343,0.005,0.0,0.0,1.0,0.9999999999999999,0.25406386066763437,1
1769786063.8543594,804.0345821325649,0.005,0.0,0.0,1.0,0.9999999999999999,0.25403458213256486,1
1769786063.8558965,804.005722460658,0.005,0.0,0.0,1.0,0.9999999999999999,0.25400572246065806,1
1769786063.857423,803.9772727272727,0.005,0.0,0.0,1.0,0.9999999999999999,0.25397727272727283,1
1769786063.8590128,803.9492242595205,0.005,0.0,0.0,1.0,0.9999999999999999,0.25394922425952055,1
1769786063.860711,803.921568627451,0.005,0.0,0.0,1.0,0.9999999999999999,0.25392156862745113,1
1769786063.8623793,803.8942976356051,0.005,0.0,0.0,1.0,0.9999999999999999,0.25389429763560506,1
1769786063.8640509,803.867403314917,0.005,0.0,0.0,1.0,0.9999999999999999,0.25386740331491703,1
1769786063.8654997,803.840877914952,0.005,0.0,0.0,1.0,0.9999999999999999,0.25384087791495197,1
1769786063.8671956,803.8147138964578,0.005,0.0,0.0,1.0,0.9999999999999999,0.25381471389645777,1
1769786063.8686843,803.7889039242219,0.005,0.0,0.0,1.0,0.9999999999999999,0.253788903924222,1
1769786063.8700273,803.7634408602152,0.005,0.0,0.0,1.0,0.9999999999999999,0.25376344086021513,1
1769786063.8715086,803.7383177570093,0.005,0.0,0.0,1.0,0.9999999999999999,0.25373831775700934,1
1769786063.873239,803.7135278514589,0.005,0.0,0.0,1.0,0.9999999999999999,0.253713527851459,1
1769786063.874974,803.6890645586298,0.005,0.0,0.0,1.0,0.9999999999999999,0.2536890645586298,1
1769786063.8768122,803.6649214659686,0.005,0.0,0.0,1.0,0.9999999999999999,0.2536649214659687,1
1769786063.8791375,803.6410923276984,0.005,0.0,0.0,1.0,0.9999999999999999,0.25364109232769844,1
1769786063.8814692,803.6175710594315,0.005,0.0,0.0,1.0,0.9999999999999999,0.25361757105943156,1
1769786063.8840702,803.594351732991,0.005,0.0,0.0,1.0,0.9999999999999999,0.253594351732991,1
1769786063.886172,803.5714285714286,0.005,0.0,0.0,1.0,0.9999999999999999,0.2535714285714286,1
1769786063.8878865,803.5487959442332,0.005,0.0,0.0,1.0,0.9999999999999999,0.25354879594423324,1
1769786063.8896782,803.5264483627204,0.005,0.0,0.0,1.0,0.9999999999999999,0.2535264483627205,1
1769786063.891407,803.5043804755944,0.005,0.0,0.0,1.0,0.9999999999999999,0.2535043804755945,1
1769786063.8934243,803.4825870646767,0.005,0.0,0.0,1.0,0.9999999999999999,0.2534825870646768,1
1769786063.8950279,803.4610630407911,0.005,0.0,0.0,1.0,0.9999999999999999,0.25346106304079113,1
1769786063.8965886,803.4398034398034,0.005,0.0,0.0,1.0,0.9999999999999999,0.2534398034398035,1
1769786063.8984842,803.4188034188035,0.005,0.0,0.0,1.0,0.9999999999999999,0.25341880341880346,1
1769786063.9000866,803.3980582524272,0.005,0.0,0.0,1.0,0.9999999999999999,0.25339805825242717,1
1769786063.901592,803.3775633293125,0.005,0.0,0.0,1.0,0.9999999999999999,0.25337756332931244,1
1769786063.9032161,803.3573141486811,0.005,0.0,0.0,1.0,0.9999999999999999,0.2533573141486812,1
1769786063.9055088,803.3373063170441,0.005,0.0,0.0,1.0,0.9999999999999999,0.25333730631704404,1
1769786063.9074438,803.3175355450237,0.005,0.0,0.0,1.0,0.9999999999999999,0.25331753554502373,1
1769786063.9091747,803.2979976442874,0.005,0.0,0.0,1.0,0.9999999999999999,0.25329799764428745,1
1769786063.9110186,803.2786885245903,0.005,0.0,0.0,1.0,0.9999999999999999,0.2532786885245903,1
1769786063.912654,803.2596041909197,0.005,0.0,0.0,1.0,0.9999999999999999,0.2532596041909198,1
1769786063.914366,803.2407407407406,0.005,0.0,0.0,1.0,0.9999999999999999,0.2532407407407407,1
1769786063.9160957,803.2220943613349,0.005,0.0,0.0,1.0,0.9999999999999999,0.25322209436133497,1
1769786063.9177554,803.2036613272311,0.005,0.0,0.0,1.0,0.9999999999999999,0.2532036613272311,1
1769786063.9191935,803.1854379977248,0.005,0.0,0.0,1.0,0.9999999999999999,0.2531854379977248,1
1769786063.9207823,803.1674208144797,0.005,0.0,0.0,1.0,0.9999999999999999,0.2531674208144797,1
1769786063.9230905,803.1496062992126,0.005,0.0,0.0,1.0,0.9999999999999999,0.2531496062992126,1
1769786063.9248788,803.1319910514542,0.005,0.0,0.0,1.0,0.9999999999999999,0.2531319910514542,1
1769786063.9266036,803.1145717463849,0.005,0.0,0.0,1.0,0.9999999999999999,0.2531145717463849,1
1769786063.928824,803.0973451327434,0.005,0.0,0.0,1.0,0.9999999999999999,0.25309734513274346,1
1769786063.9305916,803.080308030803,0.005,0.0,0.0,1.0,0.9999999999999999,0.2530803080308031,1
1769786063.9322093,803.0634573304158,0.005,0.0,0.0,1.0,0.9999999999999999,0.25306345733041574,1
1769786063.9339442,803.0467899891187,0.005,0.0,0.0,1.0,0.9999999999999999,0.2530467899891187,1
1769786063.9357204,803.030303030303,0.005,0.0,0.0,1.0,0.9999999999999999,0.253030303030303,1
1769786063.9379904,803.0139935414425,0.005,0.0,0.0,1.0,0.9999999999999999,0.25301399354144244,1
1769786063.9400783,802.9978586723769,0.005,0.0,0.0,1.0,0.9999999999999999,0.25299785867237695,1
1769786063.941834,802.9818956336528,0.005,0.0,0.0,1.0,0.9999999999999999,0.25298189563365286,1
1769786063.9434664,802.9661016949153,0.005,0.0,0.0,1.0,0.9999999999999999,0.25296610169491535,1
1769786063.9452283,802.9504741833509,0.005,0.0,0.0,1.0,0.9999999999999999,0.252950474183351,1
1769786063.946839,802.9350104821804,0.005,0.0,0.0,1.0,0.9999999999999999,0.2529350104821804,1
1769786063.9482625,802.9197080291971,0.005,0.0,0.0,1.0,0.9999999999999999,0.2529197080291971,1
1769786063.949969,802.9045643153527,0.005,0.0,0.0,1.0,0.9999999999999999,0.25290456431535274,1
1769786063.9518988,802.889576883385,0.005,0.0,0.0,1.0,0.9999999999999999,0.25288957688338504,1
1769786063.9538343,802.8747433264887,0.005,0.0,0.0,1.0,0.9999999999999999,0.2528747433264887,1
1769786063.9554482,802.8600612870276,0.005,0.0,0.0,1.0,0.9999999999999999,0.2528600612870277,1
1769786063.9570177,802.8455284552846,0.005,0.0,0.0,1.0,0.9999999999999999,0.2528455284552846,1
1769786063.9585195,802.8311425682507,0.005,0.0,0.0,1.0,0.9999999999999999,0.25283114256825073,1
1769786063.9603474,802.8169014084507,0.005,0.0,0.0,1.0,0.9999999999999999,0.25281690140845076,1
1769786063.9623268,802.8028028028028,0.005,0.0,0.0,1.0,0.9999999999999999,0.2528028028028028,1
